t_s,power_w,temp_c
0.000284935999843583,20.20096,65.031
0.01620697799990012,20.123264,65.125
0.029462608999892836,20.123264,65.0
0.04250466699977551,20.00672,65.281
0.05476772699967114,19.890176,64.875
0.06800070199915353,19.890176,65.156
0.08053660199948354,19.81248,64.875
0.0928343829991718,19.851328000000002,65.281
0.10527578399978665,19.890176,65.281
0.11838446799993108,19.890176,65.687
0.13221729899942147,19.929024000000002,65.281
0.14437443599945254,19.929024000000002,65.531
0.15670191399931355,19.929024000000002,65.531
0.16880231399954937,19.890176,65.25
0.1807681499994942,19.929024000000002,65.406
0.19285421299991867,19.967872,65.281
0.20502837499952875,20.00672,65.437
0.21703750799952104,20.045568,65.718
0.22918072399988887,20.084416,65.281
0.24159527699976024,20.123264,65.562
0.2535642809998535,20.20096,65.25
0.2655038759994568,20.162112,65.468
0.2776218439994409,20.239808,65.75
0.28955244699955074,20.278655999999998,65.406
0.30156474799969146,20.278655999999998,65.593
0.31350200699944253,20.317504,65.187
0.32546573099989473,20.356351999999998,65.5
0.33750161699936143,20.278655999999998,65.281
0.3494764449997092,20.20096,65.656
0.3627691980000236,20.123264,65.312
0.3757259409994731,20.123264,65.375
0.3887094369993065,20.162112,65.281
0.40219019500000286,20.20096,65.218
0.4145432420000361,20.239808,65.281
0.4272462499993708,20.278655999999998,65.187
0.4395025899993925,20.278655999999998,65.281
0.45184449999942444,20.278655999999998,65.656
0.4640841039999941,20.317504,65.625
0.47611653299918544,20.278655999999998,65.281
0.4881110419992183,20.317504,65.468
0.5001544159995319,20.239808,65.281
0.512144955999247,20.278655999999998,65.406
0.5242150829999446,20.356351999999998,65.718
0.5365662739995969,20.356351999999998,65.281
0.5482641019998482,20.3952,65.593
0.5602455230000487,20.3952,65.281
0.5725245829999039,20.3952,65.5
0.5851270769999246,20.434047999999997,65.781
0.5972485009997399,20.434047999999997,65.531
0.6095757229995797,20.472896000000002,65.687
0.6215883439999743,20.511744,65.343
0.633619333999377,20.511744,65.281
0.64585820100001,20.511744,65.375
0.6578244529991935,20.550592,65.281
0.669763375999537,20.472896000000002,65.312
0.6818193579993022,20.434047999999997,65.593
0.6939994399999705,20.317504,65.375
0.7089692629997444,20.20096,65.093
0.7222217589996944,20.239808,65.218
0.7356530429997292,20.278655999999998,65.281
0.748857985999166,20.317504,65.656
0.760798412999975,20.317504,65.281
0.77320765299919,20.356351999999998,65.5
0.7857163199996648,20.356351999999998,65.25
0.7982394189994011,20.3952,65.468
0.8111022719995162,20.3952,65.5
0.8232837299992752,20.356351999999998,65.718
0.8352171489996181,20.3952,65.343
0.8471879769995212,20.356351999999998,65.625
0.8593887309998536,20.3952,65.343
0.8717988999997033,20.3952,65.562
0.8838915869991979,20.434047999999997,65.375
0.8962995469992165,20.472896000000002,65.5
0.9087309959995764,20.511744,65.75
0.9209931919995142,20.550592,65.437
0.9331075759992018,20.550592,65.718
0.945170309999412,20.550592,65.625
0.9577865319997727,20.58944,65.281
0.969710734999353,20.58944,65.375
0.9816296579992922,20.628288,65.656
0.9935296039993773,20.667136,65.406
1.0054636949998894,20.628288,65.593
1.0174041860000216,20.550592,65.281
1.0298040499992567,20.511744,65.593
1.0431876209995607,20.511744,65.343
1.0569174739994196,20.511744,65.562
1.070912261999183,20.550592,65.593
1.0842083429997729,20.58944,65.281
1.096472874999563,20.628288,65.437
1.1086694689993237,20.628288,65.312
1.1212147449996337,20.628288,65.5
1.1337625489995844,20.667136,65.812
1.146007463999922,20.628288,65.718
1.158049621999453,20.628288,65.343
1.1701466619997518,20.550592,65.687
1.1816087079996578,20.58944,65.343
1.1936853629995312,20.58944,65.5
1.2056202539997685,20.628288,65.906
1.217724556999201,20.628288,65.5
1.22960927099939,20.667136,65.75
1.2419033079995643,20.705984,65.468
1.254269122999176,20.744832,65.687
1.2662943839995933,20.705984,65.562
1.2785046109993345,20.667136,65.406
1.2908368889993653,20.58944,65.656
1.3028648069994233,20.628288,65.312
1.314836242999263,20.628288,65.625
1.326827262999359,20.667136,65.312
1.338879244999589,20.667136,65.625
1.3509626850000132,20.550592,65.5
1.3629541849995803,20.550592,65.656
1.3768673389995456,20.472896000000002,65.343
1.3904170910000175,20.472896000000002,65.25
1.4038021979995392,20.511744,65.375
1.4171555919992898,20.550592,65.218
1.4297949509991668,20.550592,65.156
1.4422163829995043,20.550592,65.437
1.4547766359992238,20.58944,65.75
1.4673028389997853,20.58944,65.5
1.4802892789994075,20.58944,65.625
1.492517009999574,20.58944,65.531
1.504896233999716,20.511744,65.312
1.5168937499993262,20.550592,65.5
1.528900610999699,20.58944,65.812
1.5414345269991827,20.628288,65.5
1.5536281129998315,20.628288,65.656
1.5663402099999075,20.628288,65.375
1.5783491189995402,20.628288,65.5
1.5908634499992331,20.58944,65.406
1.6034798959999534,20.58944,65.843
1.6154932529998405,20.628288,65.468
1.6276605659995766,20.667136,65.625
1.6396459549996507,20.667136,65.312
1.6516675999992003,20.667136,65.5
1.663661308999508,20.705984,65.312
1.6756770339998184,20.667136,65.437
1.6876316059997407,20.628288,65.875
1.6998238159994798,20.58944,65.562
1.7136890639994817,20.511744,65.25
1.7269720889999007,20.550592,65.343
1.740390412999659,20.550592,65.468
1.7538949789995968,20.628288,65.75
1.765557670999442,20.628288,65.281
1.777800825999293,20.58944,65.656
1.7901602089996231,20.58944,65.375
1.8026654519999283,20.628288,65.625
1.8147331149993988,20.628288,65.437
1.827127025999289,20.58944,65.5
1.839420646999315,20.550592,65.906
1.8515673519996199,20.550592,65.781
1.8635058589998152,20.58944,65.406
1.8755389929992816,20.628288,65.562
1.889471186999799,20.511744,65.281
1.9014479679999567,20.511744,65.437
1.91396940300001,20.550592,65.75
1.9264662929999758,20.58944,65.75
1.9388899979994676,20.628288,65.562
1.950881178999225,20.628288,65.718
1.9631128139999419,20.667136,65.375
1.975052568999672,20.667136,65.468
1.9871047749993522,20.705984,65.75
1.999110899999323,20.705984,65.343
2.011096031999841,20.667136,65.75
2.0231080139992628,20.628288,65.5
2.0351940129994546,20.58944,65.437
2.048934265999378,20.511744,65.406
2.06261682099921,20.550592,65.687
2.0760777069999676,20.550592,65.656
2.089631585999996,20.628288,65.281
2.101779091000026,20.667136,65.562
2.1140003259997684,20.667136,65.406
2.1263247639999463,20.667136,65.562
2.1390503969996644,20.667136,65.968
2.1512771999996403,20.667136,65.75
2.1632528599993748,20.667136,65.5
2.1752252879996377,20.58944,65.718
2.187225620999925,20.628288,65.437
2.1994369039994126,20.667136,65.625
2.211653433999345,20.667136,65.5
2.223619941999459,20.667136,65.5
2.2355570729996543,20.705984,65.812
2.2478402619999542,20.710656,65.531
2.260472259999915,20.74944,65.75
2.272383790999811,20.744832,65.562
2.28465104299994,20.74944,65.593
2.296862836999935,20.788224,65.843
2.3088964509997822,20.788224,65.75
2.3208486549992813,20.788224,65.343
2.332833851000032,20.827008000000003,65.687
2.3448694809994777,20.744832,65.437
2.3568480529993394,20.705984,65.437
2.368621211999198,20.667136,65.906
2.382202580000012,20.667136,65.375
2.3956110479994095,20.667136,65.281
2.4091407669993714,20.667136,65.625
2.422384781999426,20.710656,65.343
2.4347910789992966,20.744832,65.343
2.446998392999376,20.744832,65.562
2.459463730999232,20.744832,65.843
2.4716426609993505,20.744832,65.718
2.4864770879994467,20.628288,65.343
2.4986799859998428,20.58944,65.562
2.5108641639999405,20.550592,65.312
2.5228553130000364,20.550592,65.562
2.534844188999159,20.58944,65.906
2.547728642999573,20.628288,65.5
2.5607476279992625,20.628288,65.437
2.5732386939998833,20.58944,65.562
2.5853352209996956,20.628288,65.343
2.597983763999764,20.628288,65.531
2.61007318799966,20.628288,65.968
2.622442650999801,20.667136,65.5
2.634390949999215,20.667136,65.75
2.646428563999507,20.705984,65.406
2.65840121599922,20.705984,65.531
2.6707367259996317,20.744832,65.343
2.6827473309995185,20.628288,65.5
2.6947687199999564,20.58944,65.812
2.706940705999841,20.511744,65.687
2.7204855939999106,20.511744,65.281
2.733367422999436,20.550592,65.5
2.746321125999202,20.550592,65.437
2.759617750999496,20.628288,65.75
2.771820809000019,20.628288,65.406
2.783907991999513,20.58944,65.718
2.796654490000037,20.628288,65.406
2.809254038999825,20.628288,65.437
2.8240261289993214,20.58944,65.593
2.83641360799993,20.58944,65.937
2.848543320999852,20.511744,65.937
2.8605277489996297,20.550592,65.781
2.8725140019996616,20.58944,65.75
2.8847304679993613,20.628288,65.5
2.8971717729991724,20.628288,65.687
2.9096631919992433,20.667136,65.406
2.922389048999321,20.705984,65.531
2.934774863999337,20.744832,65.875
2.946818173999418,20.705984,65.781
2.9592848559996128,20.744832,65.406
2.9712682279996443,20.78368,65.593
2.983279664999827,20.78368,65.375
2.995719753999765,20.822528,65.437
3.0077043429992045,20.822528,65.906
3.0196775709991925,20.705984,65.593
3.0316679190000286,20.705984,65.562
3.0446125659991594,20.628288,65.562
3.058140524999544,20.628288,65.281
3.0719451319992004,20.628288,65.343
3.084886290999748,20.58944,65.343
3.097457391999342,20.58944,65.593
3.1100699969993,20.58944,65.312
3.122140059999765,20.58944,65.531
3.1346081819992833,20.628288,65.375
3.149141256999428,20.628288,65.906
3.161159190000035,20.58944,65.625
3.1733651289996487,20.628288,65.812
3.18554892299926,20.58944,65.5
3.1978970729996945,20.628288,65.687
3.2106860679996316,20.667136,65.437
3.2230505059997085,20.667136,66.031
3.235275709999769,20.667136,65.625
3.24790748399937,20.705984,65.843
3.260208688999228,20.744832,65.5
3.272763212999962,20.744832,65.843
3.2847397369996543,20.744832,65.468
3.296972587999335,20.78368,65.562
3.3089663929995368,20.78368,65.875
3.320959973999379,20.788224,65.468
3.3329573619994335,20.788224,65.687
3.344926461999421,20.78368,65.531
3.356947403999584,20.705984,65.718
3.3692068479995214,20.667136,65.625
3.3825431209997987,20.628288,65.875
3.3963714409992463,20.667136,65.718
3.410077708999779,20.667136,65.312
3.4236406449999777,20.744832,65.312
3.4362978599992857,20.744832,65.562
3.4486584269998275,20.744832,65.375
3.461190293999607,20.710656,65.5
3.4733683279991965,20.710656,65.843
3.485926787999233,20.744832,65.562
3.4980688209998334,20.705984,65.781
3.5101800369993725,20.667136,65.5
3.5221295199999076,20.705984,65.656
3.534072346999892,20.744832,65.406
3.5461375139993834,20.744832,65.906
3.5589300289993844,20.74944,65.468
3.5715938679995816,20.78368,65.718
3.5841987289995814,20.710656,65.375
3.596301752999352,20.744832,65.718
3.608557388999543,20.744832,65.562
3.620904514999893,20.744832,65.5
3.632886191999205,20.74944,65.875
3.6448469709994242,20.74944,65.75
3.6568273359998784,20.788224,65.437
3.6688153159993817,20.788224,65.656
3.6807901119991584,20.710656,65.343
3.6928757589994348,20.628288,65.5
3.705130370999541,20.58944,65.531
3.717582011999184,20.472896000000002,65.375
3.7310204010000234,20.511744,65.218
3.7440225219997956,20.511744,65.406
3.7575718250000136,20.550592,65.281
3.7700384109994047,20.58944,65.468
3.781301570999858,20.58944,65.781
3.7933035679998284,20.58944,65.468
3.8058734209998875,20.58944,65.75
3.817997180999555,20.58944,65.656
3.831216427999607,20.550592,65.437
3.8432799299998806,20.58944,65.718
3.85525478999989,20.550592,65.937
3.8677215999996406,20.58944,65.468
3.880194009999286,20.628288,65.843
3.892559536999215,20.628288,65.593
3.904707521999626,20.628288,65.5
3.9173351679992265,20.667136,65.687
3.929631156999676,20.705984,65.968
3.9424595439995755,20.705984,65.687
3.9544320359991616,20.744832,65.875
3.9665169799991418,20.744832,65.531
3.978458462999697,20.74944,65.625
3.9907802439993247,20.74944,65.375
4.002863394999622,20.788224,65.5
4.014863535999211,20.74944,66.0
4.026921439000034,20.705984,65.656
4.039085200000045,20.667136,65.5
4.052837100999568,20.628288,65.625
4.0662118079999345,20.628288,65.437
4.079524944999321,20.667136,65.812
4.092970085999696,20.705984,65.468
4.105596995999804,20.705984,65.75
4.117913561999558,20.705984,65.437
4.129506906999268,20.671872,65.468
4.142164889999549,20.671872,65.718
4.154166854999858,20.671872,66.031
4.16611284999999,20.671872,65.625
4.178361285999927,20.628288,65.875
4.190285168999253,20.667136,65.562
4.2023824640000385,20.633088,65.75
4.214454254999509,20.671872,65.5
4.2264059780000025,20.671872,65.656
4.238310147999982,20.710656,66.0
4.250873824999871,20.74944,65.562
4.263631809999424,20.74944,65.843
4.2756049739991795,20.74944,65.843
4.288334958999258,20.705984,65.343
4.3008368739992875,20.633088,65.5
4.312872791999325,20.671872,65.906
4.32485990799978,20.671872,65.531
4.336849072999939,20.710656,65.656
4.348826812999505,20.671872,65.593
4.360814184999981,20.594304,65.812
4.372849718999532,20.58944,65.562
4.38666786199974,20.511744,65.843
4.400257614999646,20.550592,65.375
4.412440192999384,20.550592,65.718
4.425183489999654,20.594304,65.656
4.437545272999159,20.633088,65.406
4.450247256999319,20.633088,65.593
4.462837685999148,20.633088,65.375
4.4753176799995344,20.633088,65.531
4.487386110999978,20.633088,65.875
4.499396779999188,20.633088,65.468
4.511724993999451,20.628288,65.437
4.524241404999884,20.58944,65.75
4.536675861999356,20.628288,65.468
4.54900570799964,20.667136,65.687
4.561541798999315,20.667136,65.906
4.573506930999429,20.667136,65.531
4.585992556999372,20.667136,65.718
4.598219615999369,20.667136,65.625
4.6107322509997175,20.667136,65.531
4.622682182999597,20.667136,65.656
4.634834871999374,20.705984,65.812
4.647030473999621,20.671872,65.437
4.659394208999402,20.710656,65.781
4.671443438999631,20.710656,65.375
4.683413594999365,20.710656,65.75
4.695524298999771,20.667136,65.656
4.707527799999298,20.628288,65.906
4.722869632999391,20.550592,65.406
4.7361936499992225,20.550592,65.343
4.7495797499996115,20.58944,65.531
4.763384451999627,20.667136,65.343
4.775187723999807,20.628288,65.531
4.787694374999774,20.628288,65.5
4.799906104999536,20.667136,65.781
4.81245765299991,20.667136,65.593
4.8268815409992385,20.667136,65.718
4.83888836999995,20.628288,65.75
4.8510128019997865,20.58944,66.0
4.863225716999295,20.628288,65.593
4.875252353999713,20.628288,65.843
4.887305168999774,20.58944,65.5
4.899855660999492,20.550592,65.75
4.912243075999868,20.550592,65.531
4.924380660999304,20.58944,65.718
4.936845421999351,20.628288,65.968
4.948970335000013,20.628288,66.0
4.961518074999731,20.667136,65.593
4.974209882999276,20.705984,65.718
4.9863525549999395,20.705984,65.406
4.99838373700004,20.705984,65.656
5.010424614999465,20.710656,66.031
5.0223962749996645,20.705984,65.593
5.034324604999711,20.628288,65.843
5.04651991999981,20.58944,65.437
5.059235311999146,20.550592,65.375
5.072935723999763,20.58944,65.468
5.086543204999543,20.58944,65.562
5.100068251999801,20.667136,65.781
5.112291886999628,20.705984,65.5
5.124405246999231,20.705984,65.75
5.136978651999925,20.705984,65.468
5.149596281999948,20.705984,65.718
5.1638890299991544,20.705984,65.718
5.175915762999466,20.667136,65.937
5.188019170999723,20.628288,65.562
5.20002359999944,20.667136,65.75
5.212050300999181,20.705984,65.656
5.22430932899988,20.705984,65.843
5.236678567999661,20.705984,65.781
5.249020382999333,20.744832,66.031
5.261128557999655,20.74944,65.625
5.2734960689995205,20.788224,65.937
5.2854555689991685,20.74944,65.656
5.298050030000013,20.788224,65.687
5.310037145999559,20.788224,65.406
5.321970020999288,20.827008000000003,65.656
5.333986258999175,20.827008000000003,65.875
5.346297927999331,20.865792000000003,65.625
5.358228242999758,20.74944,65.812
5.370155996999529,20.710656,65.531
5.383793335999144,20.667136,65.343
5.397330446999149,20.667136,65.781
5.4109006789994964,20.667136,65.343
5.424730406999515,20.671872,65.75
5.4372655379993375,20.710656,65.5
5.449608472999898,20.710656,65.687
5.461903020999671,20.710656,65.718
5.474140224999246,20.710656,65.968
5.4880819549998705,20.667136,65.5
5.500455193999187,20.58944,65.843
5.512521736999588,20.58944,65.5
5.524621528999887,20.550592,65.718
5.5365858919994935,20.58944,65.75
5.5487778779997825,20.58944,65.437
5.560749697999199,20.628288,65.656
5.572949140999299,20.628288,65.875
5.585558865999701,20.58944,65.562
5.597890503999224,20.58944,65.75
5.610526694999862,20.628288,65.562
5.622485489999235,20.628288,65.75
5.634641762999308,20.667136,66.031
5.646912246999818,20.667136,65.843
5.658903587999703,20.671872,65.781
5.671002610999494,20.671872,65.656
5.683125219999965,20.710656,65.5
5.69535039099992,20.628288,65.718
5.707394627999747,20.628288,65.906
5.7198807669992675,20.550592,65.593
5.7333183229993665,20.550592,65.687
5.746307194999645,20.550592,65.562
5.760018519999903,20.58944,65.343
5.772587667999687,20.628288,65.593
5.784837543999856,20.628288,65.718
5.797008792999804,20.628288,65.875
5.809497299999748,20.628288,65.562
5.821653092999441,20.667136,65.531
5.836627779999617,20.628288,65.781
5.848626160999629,20.628288,65.562
5.860675614999309,20.58944,65.75
5.872967251999398,20.628288,66.031
5.88525904799917,20.628288,65.593
5.897360375999597,20.667136,65.843
5.909586538999974,20.667136,65.593
5.922217192999597,20.705984,65.781
5.934210485999756,20.744832,65.531
5.946647022999969,20.78368,66.125
5.958592889999636,20.744832,65.656
5.97065843999917,20.74944,65.781
5.982913115999509,20.74944,65.5
5.994810405999488,20.788224,65.75
6.006868019999274,20.788224,65.5
6.018822335999175,20.827008000000003,65.718
6.030840524999803,20.744832,66.0
6.042893914999695,20.705984,65.406
6.055360020999615,20.667136,65.781
6.068664933999571,20.667136,65.593
6.0821584919995075,20.667136,65.312
6.0954020269991815,20.58944,65.812
6.1083501299999625,20.628288,65.406
6.120387967999704,20.667136,65.75
6.132640243999958,20.667136,65.531
6.145591866999894,20.667136,65.75
6.1597888679998505,20.667136,65.75
6.171942420999585,20.628288,66.031
6.183896224999444,20.628288,65.656
6.196033104999515,20.58944,65.906
6.207915418999619,20.628288,65.531
6.220171246999598,20.628288,65.843
6.232223100999363,20.667136,65.625
6.244180199999391,20.667136,65.718
6.2563071289996515,20.705984,66.125
6.268455272999745,20.744832,65.625
6.280813919999673,20.78368,66.031
6.292736938999951,20.744832,65.718
6.305229028999747,20.78368,65.75
6.317181839999648,20.822528,65.656
6.3291218509994,20.822528,66.0
6.341112711999813,20.788224,65.531
6.353092339999421,20.827008000000003,66.0
6.365034462999574,20.744832,65.687
6.376964553999642,20.705984,65.593
6.390485568999793,20.628288,65.625
6.403940565999619,20.628288,65.875
6.41734820199963,20.667136,65.468
6.4308730889997605,20.705984,65.843
6.443181525999535,20.744832,65.718
6.455748945999403,20.744832,65.531
6.467566361999161,20.744832,65.718
6.4800342279995675,20.744832,65.593
6.4926419049998,20.710656,65.593
6.504731776999506,20.744832,65.937
6.516711405000024,20.705984,65.75
6.529437037999742,20.667136,65.875
6.541608478999478,20.705984,65.812
6.553744015999655,20.744832,65.593
6.566378126000018,20.744832,65.781
6.579444023999713,20.744832,66.0
6.591535974999715,20.744832,65.656
6.603198698999222,20.744832,65.875
6.614805452999462,20.744832,65.593
6.626812025999243,20.705984,65.75
6.639436471999943,20.744832,66.031
6.6514610929998526,20.744832,65.625
6.663493362999361,20.78368,65.875
6.675483358999372,20.74944,65.562
6.687479243999405,20.74944,65.75
6.699291314999755,20.58944,65.5
6.711266495000018,20.550592,65.406
6.723387822999939,20.472896000000002,65.562
6.736797090999971,20.472896000000002,65.75
6.7493522229997325,20.472896000000002,65.406
6.762130784999499,20.511744,65.468
6.775277901999289,20.550592,65.625
6.787296122999578,20.550592,65.437
6.7996307049997995,20.58944,65.687
6.8121718849997706,20.58944,65.906
6.8248056429993085,20.58944,65.687
6.83686671399937,20.58944,65.843
6.848904966999726,20.550592,65.625
6.860854898999605,20.550592,65.75
6.872792317999483,20.550592,65.687
6.8849111179997635,20.58944,65.968
6.897279300999799,20.628288,65.687
6.909328242999436,20.628288,65.906
6.921664648999467,20.628288,65.593
6.934062016999633,20.667136,65.781
6.9469284529996,20.705984,65.531
6.9589240499999505,20.705984,65.843
6.971211303000018,20.744832,65.875
6.983165873999496,20.710656,65.843
6.99534790799953,20.74944,65.625
7.007692377999774,20.74944,65.718
7.020396697999786,20.788224,65.5
7.032475848999638,20.705984,65.718
7.044536119999975,20.705984,65.937
7.056955344000016,20.628288,65.562
7.070087867999973,20.628288,65.437
7.082615670999985,20.628288,65.656
7.096074733000023,20.667136,65.406
7.108247933999337,20.671872,65.656
7.120447023999986,20.710656,65.937
7.132983755999703,20.671872,65.906
7.1457689740000205,20.710656,65.593
7.158264296999732,20.710656,65.625
7.172650103999331,20.671872,65.75
7.18465242000002,20.671872,66.031
7.196711090999997,20.667136,65.75
7.208859267999287,20.633088,66.0
7.220885361000001,20.671872,65.718
7.2329670719991555,20.671872,65.812
7.244955019999907,20.671872,65.593
7.257133629999771,20.710656,65.75
7.269295566999972,20.74944,66.093
7.281658405999224,20.788224,65.75
7.29361294499995,20.705984,65.937
7.306127147999177,20.705984,65.468
7.318119576999379,20.705984,65.75
7.330070307999449,20.705984,65.656
7.342026159999477,20.744832,65.906
7.354006875999403,20.710656,65.625
7.365999015999478,20.667136,65.812
7.377966131999528,20.628288,65.531
7.3899620169995615,20.550592,65.843
7.403404628999851,20.550592,65.656
7.41695566099952,20.58944,65.812
7.430765419999261,20.58944,65.531
7.443928280999899,20.667136,65.531
7.45653992699954,20.667136,65.812
7.468723080000018,20.667136,65.593
7.481057981999584,20.633088,65.75
7.492800963999798,20.671872,66.093
7.507272468999872,20.667136,66.062
7.519311330999699,20.667136,65.687
7.5312857429998985,20.628288,65.906
7.543594979999398,20.667136,65.687
7.555828855999607,20.667136,65.843
7.568332433999785,20.705984,65.625
7.580563620999783,20.705984,65.75
7.593249220999496,20.705984,65.906
7.605420534999212,20.705984,65.687
7.616888659999859,20.705984,65.812
7.628860543999508,20.667136,65.687
7.6410474099993735,20.744832,65.75
7.6530973119997725,20.710656,66.062
7.665118765999978,20.74944,65.968
7.677168891999827,20.74944,65.593
7.689199656999335,20.788224,65.875
7.70125083899984,20.705984,65.562
7.713207363000038,20.667136,65.687
7.725630906999868,20.58944,66.093
7.739238036999268,20.58944,65.75
7.752719817999605,20.628288,65.468
7.7667045259995575,20.628288,65.593
7.7801791079991744,20.705984,65.75
7.792415031000019,20.705984,65.5
7.803778577999765,20.705984,65.75
7.816230154999175,20.705984,65.968
7.828872265999962,20.705984,65.875
7.844055534999825,20.667136,65.687
7.856052506999731,20.667136,65.875
7.868013574999168,20.628288,65.593
7.880286106999847,20.667136,65.781
7.892616336999708,20.58944,66.031
7.904962630999762,20.628288,65.906
7.917136312999901,20.58944,65.875
7.929200070999286,20.58944,65.781
7.94166764900001,20.628288,65.625
7.953813745999469,20.667136,65.812
7.965721051999935,20.667136,66.062
7.978011504999813,20.705984,65.656
7.989966555999672,20.705984,65.906
8.001985384999898,20.744832,65.593
8.01395525299995,20.710656,65.718
8.026073700999405,20.74944,65.562
8.03829455199957,20.667136,65.718
8.050279363999834,20.667136,65.937
8.063527027999953,20.550592,65.875
8.076813347999632,20.550592,65.468
8.09032671499972,20.58944,65.406
8.104050454999197,20.628288,65.656
8.117383592999431,20.667136,66.0
8.129438774999471,20.705984,65.656
8.141500900999745,20.705984,65.562
8.154010527999162,20.705984,65.906
8.16653321099966,20.705984,65.656
8.181157232999794,20.667136,65.781
8.193132764999973,20.705984,66.218
8.20512039299956,20.628288,66.031
8.217256313999314,20.667136,65.75
8.22923152599924,20.705984,65.906
8.241498009999304,20.744832,65.687
8.25361258599969,20.705984,65.843
8.265880733999438,20.744832,65.625
8.278221139999914,20.78368,65.812
8.290677772999516,20.78368,66.031
8.302653496999483,20.822528,65.718
8.314768200999424,20.822528,65.875
8.326755797999795,20.822528,65.531
8.33873948999917,20.827008000000003,65.812
8.350786575999336,20.827008000000003,66.031
8.362767195999368,20.861376,66.031
8.37478023299991,20.78368,65.75
8.386924249999538,20.744832,65.843
8.400331148999612,20.667136,65.75
8.41415559699999,20.705984,65.437
8.427607169999646,20.705984,65.656
8.441313117999925,20.78368,65.656
8.453891161999309,20.78368,65.906
8.466144333999182,20.78368,65.593
8.478399650000028,20.78368,65.906
8.491029567999249,20.78368,65.531
8.502778373999718,20.705984,65.75
8.515470661999643,20.628288,65.937
8.527447378000033,20.628288,65.75
8.539525375999801,20.58944,65.968
8.551664720999725,20.628288,65.843
8.563638748999438,20.667136,65.687
8.576712486999895,20.705984,65.875
8.59036012999968,20.705984,66.125
8.602895804999207,20.667136,65.906
8.615704287999506,20.667136,65.625
8.628582468999412,20.705984,65.906
8.640940859999318,20.705984,65.656
8.653800288999264,20.744832,65.781
8.666127349999442,20.744832,65.625
8.678399402999275,20.78368,65.906
8.690743712999392,20.78368,65.687
8.70308027899955,20.705984,65.843
8.715367755999978,20.667136,65.531
8.727732577999632,20.58944,65.531
8.742214451999644,20.58944,65.562
8.756596514999728,20.58944,65.593
8.771411868999166,20.628288,65.5
8.7858468609993,20.667136,65.781
8.799250624999331,20.667136,65.562
8.811825662000047,20.667136,66.125
8.825188975999481,20.667136,65.687
8.839337271999284,20.667136,65.75
8.852997906999917,20.628288,65.906
8.865709587999845,20.58944,65.625
8.878348433999236,20.58944,65.781
8.891194869999708,20.628288,65.875
8.903892821999762,20.667136,66.062
8.916893886999787,20.667136,65.75
8.929746466999859,20.705984,65.906
8.942162426999857,20.744832,65.812
8.955013375999442,20.744832,65.718
8.967283315999339,20.744832,65.875
8.98020725799961,20.78368,65.968
8.99250145499991,20.78368,65.75
9.00478998699964,20.788224,65.937
9.017094713000006,20.788224,65.75
9.029345195999667,20.827008000000003,65.656
9.041548414999852,20.744832,65.781
9.053918869999507,20.705984,65.812
9.068647693999992,20.628288,65.875
9.0828061659995,20.628288,65.75
9.097577551999166,20.550592,65.656
9.111985566999465,20.58944,65.437
9.124878148999414,20.628288,65.687
9.137879596999483,20.628288,66.0
9.151025689999187,20.628288,65.875
9.16425536799943,20.628288,65.906
9.180342117999317,20.628288,65.656
9.192778270999952,20.58944,65.843
9.205259224999281,20.550592,66.093
9.217506988999958,20.58944,66.0
9.229767936999451,20.628288,65.718
9.242244217999541,20.628288,65.937
9.254696691999925,20.628288,65.75
9.267335089999506,20.667136,65.875
9.279856909000046,20.710656,66.156
9.29257329399934,20.710656,66.093
9.304907043999265,20.710656,65.781
9.317224376999548,20.710656,65.812
9.329476652999801,20.74944,65.531
9.341797729999598,20.74944,65.781
9.354119543999332,20.788224,65.468
9.366373611999734,20.788224,65.781
9.378639839999778,20.671872,66.031
9.390899795999758,20.705984,65.843
9.405163935000019,20.628288,65.687
9.419309638999948,20.628288,65.437
9.433646132999456,20.667136,65.968
9.447819549999622,20.671872,65.687
9.46116155099935,20.710656,65.937
9.473942193999392,20.710656,65.875
9.486868503999176,20.710656,65.625
9.499842975999854,20.710656,65.656
9.515168456999163,20.671872,65.843
9.527772773999459,20.705984,66.062
9.540049177999208,20.705984,65.781
9.552867165999487,20.705984,65.781
9.56550197999968,20.710656,65.906
9.57799346199954,20.74944,65.75
9.592006874999242,20.74944,66.093
9.60467391399925,20.788224,65.781
9.617501597999762,20.788224,65.968
9.62941485600004,20.78368,65.75
9.641355378999833,20.78368,65.875
9.653818988999774,20.788224,65.593
9.665767703999336,20.788224,65.781
9.67766854599995,20.788224,65.937
9.689577835999444,20.827008000000003,65.75
9.701895616999536,20.74944,65.906
9.713733161999698,20.628288,65.562
9.725951323999652,20.58944,65.312
9.740130212999247,20.472896000000002,65.593
9.753742975000023,20.472896000000002,65.531
9.76736159199936,20.472896000000002,65.718
9.781396284999573,20.550592,65.75
9.794075900999815,20.550592,65.5
9.806348272999458,20.550592,65.75
9.818811530999483,20.550592,65.593
9.831314788999407,20.550592,65.718
9.842952263999905,20.550592,65.656
9.857911078999678,20.550592,65.875
9.869846064999365,20.550592,65.718
9.88203750699995,20.511744,65.906
9.89408536099927,20.511744,65.593
9.90629145999992,20.550592,65.75
9.918198669999583,20.58944,66.093
9.930250843999602,20.58944,65.781
9.942745557999842,20.628288,65.968
9.955073099999936,20.667136,65.906
9.967623847999675,20.667136,65.812
9.979525585999909,20.667136,65.812
9.991484669999409,20.705984,66.093
10.003521098999954,20.705984,65.656
10.015460149999853,20.744832,65.875
10.027465314999972,20.710656,65.562
10.039479311999457,20.744832,65.968
10.051479036999808,20.667136,65.718
10.063475976999143,20.628288,65.656
10.077239046999239,20.58944,65.562
10.090848799999549,20.58944,65.781
10.10435208599938,20.628288,65.75
10.117656326999168,20.667136,65.625
10.129712372999165,20.671872,65.75
10.141974120999294,20.705984,66.031
10.154354560999309,20.705984,65.75
10.167053504999785,20.705984,66.031
10.181449551999322,20.705984,65.968
10.193556222999177,20.667136,65.687
10.205687599999692,20.628288,65.875
10.21772044499994,20.667136,66.125
10.229698376999295,20.667136,65.75
10.24165506099962,20.671872,66.093
10.2535832629992,20.744832,65.75
10.26564247799979,20.710656,65.968
10.278190153999276,20.74944,65.812
10.29031336999924,20.788224,66.218
10.30252756399932,20.705984,65.781
10.31502058299975,20.667136,65.937
10.327116021999245,20.705984,65.687
10.339051264999398,20.705984,65.812
10.351008395999997,20.705984,65.562
10.362966744000005,20.710656,65.75
10.37489872199967,20.705984,66.125
10.386841164999169,20.628288,65.75
10.398892091999187,20.58944,65.937
10.412391697999738,20.550592,65.75
10.425951657999576,20.58944,65.406
10.439519361999373,20.58944,66.062
10.452786513999854,20.667136,65.718
10.464933729999757,20.671872,65.937
10.47712075599975,20.671872,65.687
10.489748241999223,20.671872,65.906
10.502175179000005,20.671872,65.75
10.516824448999614,20.667136,65.625
10.528796908999539,20.667136,65.75
10.540925500999947,20.58944,66.093
10.552892968999913,20.628288,65.75
10.564914837999822,20.667136,66.0
10.577032069999404,20.705984,65.843
10.589617474999613,20.705984,65.718
10.6021645109995,20.705984,65.812
10.614684761999342,20.705984,66.093
10.626903275999211,20.744832,65.75
10.639202720999492,20.667136,66.062
10.65130363299977,20.705984,65.718
10.66327417299999,20.744832,65.937
10.675295049999477,20.744832,66.156
10.687250324999695,20.744832,65.718
10.69923456199922,20.78368,66.062
10.711215245999483,20.705984,65.718
10.723168376999638,20.667136,65.906
10.735324905999732,20.58944,65.75
10.748794911000005,20.58944,65.531
10.761841448999803,20.58944,65.937
10.775497475999146,20.628288,65.593
10.788617294999312,20.667136,65.812
10.801027398999395,20.667136,65.625
10.813328283999908,20.628288,65.781
10.824939037999684,20.667136,65.625
10.837524314999428,20.667136,66.125
10.851911081999788,20.628288,65.75
10.863889525999184,20.628288,65.968
10.876021765999212,20.58944,65.718
10.888096532999953,20.58944,65.875
10.90026592599952,20.511744,65.625
10.912455511999724,20.511744,65.718
10.923582092999823,20.550592,66.062
10.935944451999603,20.550592,65.781
10.947534020999228,20.58944,66.0
10.959853017999194,20.628288,65.906
10.972305907999726,20.628288,65.718
10.984728971999175,20.58944,65.75
10.997009119999348,20.628288,66.0
11.009136463999312,20.667136,65.656
11.021150749999833,20.667136,65.968
11.033324558999993,20.667136,65.593
11.045308794999983,20.667136,66.0
11.057303783999487,20.58944,65.656
11.069326548999925,20.550592,66.031
11.083476604999305,20.472896000000002,65.625
11.096839983999416,20.511744,65.531
11.110827154999242,20.511744,65.75
11.124132131999431,20.58944,65.531
11.136355830999491,20.628288,65.718
11.149062742999376,20.628288,65.781
11.161655443999734,20.628288,66.0
11.17442322199986,20.628288,65.781
11.186421410999174,20.628288,65.906
11.198514417999831,20.628288,65.687
11.211071053999149,20.550592,65.875
11.223271871999714,20.58944,66.125
11.235599573999934,20.58944,65.781
11.247901802999877,20.628288,65.781
11.25996114499958,20.628288,66.0
11.272410738999497,20.667136,65.75
11.284365789999356,20.705984,65.875
11.296983515999273,20.744832,66.25
11.308979751999686,20.705984,65.843
11.32110709599965,20.744832,66.031
11.333194790999187,20.78368,65.75
11.345195891999538,20.78368,65.906
11.357161919999271,20.78368,65.562
11.36917690899918,20.822528,65.781
11.381147576999865,20.705984,66.156
11.393122628999663,20.705984,65.75
11.405230995999773,20.628288,65.75
11.418486051999935,20.628288,65.781
11.431835381999917,20.628288,65.687
11.445354188999772,20.667136,65.593
11.458661564999602,20.705984,65.718
11.471001043999422,20.744832,66.0
11.483061089999865,20.744832,65.687
11.494728292999753,20.744832,65.906
11.507181725999544,20.628288,65.75
11.521777234999718,20.58944,65.562
11.533772991999285,20.550592,65.75
11.546005522999621,20.511744,66.031
11.55802211199989,20.550592,65.75
11.570011275999605,20.58944,65.968
11.581983159999254,20.58944,65.75
11.59391001899985,20.628288,65.687
11.60681367199959,20.628288,65.812
11.61890664799921,20.58944,66.093
11.631244270000025,20.58944,65.75
11.643820489999598,20.58944,66.062
11.655844631000036,20.628288,65.656
11.667928965999636,20.667136,65.843
11.679926290999902,20.667136,65.562
11.692045090999272,20.667136,65.75
11.704036238999834,20.671872,66.062
11.715994202999354,20.628288,65.781
11.72791907699957,20.58944,66.031
11.73991672199918,20.511744,65.812
11.753584652999962,20.511744,65.468
11.767202021999765,20.511744,65.718
11.779789026999424,20.550592,65.656
11.793020690000048,20.58944,65.937
11.805983577000006,20.58944,65.593
11.818168458999935,20.550592,65.781
11.830961709999428,20.516736,65.843
11.843524297999465,20.55552,66.156
11.855587383999591,20.55552,65.781
11.867586212999413,20.516736,66.062
11.879894905999208,20.511744,65.781
11.89201280999987,20.511744,65.937
11.90407980099917,20.550592,65.75
11.91613133499959,20.550592,65.937
11.928064880999955,20.55552,66.25
11.940334533999703,20.594304,65.875
11.952704411999548,20.633088,66.125
11.964762410999356,20.671872,65.75
11.976297225999588,20.633088,66.062
11.988328759999604,20.671872,65.718
12.000411238999732,20.710656,66.218
12.012363569999252,20.710656,65.75
12.024400959999184,20.74944,65.968
12.036403628999324,20.74944,65.75
12.04846741899928,20.710656,65.937
12.0606442039998,20.633088,65.687
12.07271369099999,20.594304,65.75
12.086135118999664,20.58944,66.031
12.098981714999354,20.58944,65.812
12.112554794999596,20.511744,65.406
12.125962878999417,20.550592,65.812
12.1387044159992,20.58944,65.812
12.151382591999209,20.58944,66.218
12.163208166999539,20.58944,65.75
12.175548765999338,20.628288,66.0
12.187952020999546,20.628288,65.812
12.200177255999733,20.58944,65.968
12.212389306999285,20.58944,65.843
12.225415715999588,20.550592,66.25
12.237141160999272,20.550592,65.812
12.248876429999655,20.58944,66.062
12.261505995999869,20.628288,65.781
12.27385289799986,20.58944,66.093
12.285759915999733,20.628288,65.75
12.29838826699961,20.705984,65.968
12.311167052999735,20.667136,66.375
12.323393568000029,20.705984,66.062
12.33592729099928,20.744832,65.781
12.34832408299917,20.744832,65.937
12.36059501499949,20.744832,65.656
12.372886619999917,20.74944,65.875
12.385097325999595,20.705984,66.25
12.397500261999994,20.667136,65.875
12.40978850600004,20.58944,65.968
12.422243219999473,20.58944,65.875
12.435492674999296,20.628288,65.562
12.449273216999245,20.628288,65.75
12.462207846999263,20.705984,65.75
12.474534044999928,20.671872,66.093
12.486865042999852,20.710656,65.781
12.499723958999311,20.710656,66.0
12.512460279999686,20.710656,66.0
12.527727839999898,20.705984,65.75
12.540019443999881,20.705984,66.25
12.552302568999949,20.628288,65.812
12.564588284999445,20.705984,66.093
12.577293180999732,20.705984,65.781
12.589717909999308,20.744832,66.031
12.602681884999583,20.710656,65.781
12.614970353999524,20.705984,65.906
12.62699532699935,20.710656,66.125
12.638329688999875,20.744832,65.75
12.65029280499948,20.705984,66.125
12.662679451999793,20.710656,65.937
12.67472564199943,20.710656,65.687
12.686772663999363,20.74944,65.843
12.698854950999703,20.74944,66.031
12.71024928299994,20.671872,65.687
12.72232977799922,20.628288,65.937
12.734274844999163,20.550592,65.656
12.746498415999667,20.511744,65.875
12.75972303799972,20.472896000000002,65.593
12.772401981999792,20.511744,66.031
12.785753647999627,20.550592,65.718
12.79824176999955,20.58944,65.937
12.81008532999931,20.628288,65.656
12.821339977999742,20.58944,65.875
12.833607485999892,20.58944,65.687
12.845940691999203,20.58944,65.812
12.85802358699948,20.58944,66.25
12.869922348999353,20.58944,65.781
12.881855895999252,20.58944,66.125
12.893816482999682,20.550592,65.781
12.905992596999567,20.58944,65.968
12.918143396999767,20.58944,65.781
12.93048431599982,20.628288,66.25
12.942691790000026,20.628288,65.843
12.955282058999728,20.667136,66.187
12.967672385999322,20.705984,65.812
12.979746576999787,20.705984,66.093
12.991671035999389,20.705984,65.875
13.003777962999266,20.710656,65.875
13.015745142999549,20.710656,66.093
13.027707009999176,20.74944,65.875
13.039670509999269,20.74944,66.0
13.051657625999724,20.710656,65.812
13.063640805999967,20.705984,66.031
13.075631699000041,20.667136,65.875
13.089235755999653,20.58944,66.031
13.102882437999142,20.628288,65.937
13.116564960999312,20.628288,65.656
13.129593801999363,20.671872,65.906
13.142007522999847,20.710656,65.656
13.154606687999149,20.710656,65.843
13.16630086799978,20.710656,66.218
13.178947841999616,20.74944,66.218
13.190992496000035,20.710656,65.781
13.202988989000005,20.710656,66.062
13.215385427999536,20.667136,65.75
13.227505123999435,20.705984,65.937
13.23948628799917,20.710656,66.25
13.251498204999734,20.710656,65.843
13.263550474999647,20.710656,66.156
13.275801982999837,20.74944,65.843
13.28826610499982,20.788224,66.093
13.300988792999306,20.827008000000003,65.75
13.312564154000029,20.705984,65.875
13.324566534999576,20.705984,65.812
13.336909980999735,20.705984,66.031
13.348931369999264,20.710656,65.687
13.360934262999763,20.710656,65.937
13.372887521999473,20.710656,65.75
13.385004817999288,20.710656,65.843
13.397097376999227,20.667136,66.281
13.40924244999951,20.628288,65.781
13.422890379999444,20.550592,65.593
13.436550982999506,20.58944,65.781
13.450073500999679,20.58944,65.812
13.463400814999659,20.633088,65.593
13.475473948999934,20.671872,65.75
13.487723120999362,20.671872,66.0
13.499983844999406,20.671872,65.812
13.512055858999702,20.671872,66.062
13.524114754000038,20.671872,65.75
13.5362302249996,20.633088,66.0
13.548217565999948,20.594304,66.281
13.560163592999743,20.633088,65.875
13.572187509999821,20.671872,66.187
13.58452269999998,20.671872,66.093
13.59711933699964,20.671872,65.812
13.609901611999703,20.710656,65.937
13.622127645999171,20.710656,65.781
13.634812253999371,20.710656,65.843
13.64717550899968,20.671872,66.218
13.659489033999307,20.671872,65.906
13.671516598999915,20.710656,66.0
13.68349456299984,20.710656,65.968
13.695536272999561,20.74944,65.687
13.707564381999873,20.74944,65.812
13.719587499999761,20.710656,66.062
13.731530454999302,20.633088,65.843
13.743610341999556,20.58944,65.968
13.756015068999659,20.58944,65.625
13.76973836199977,20.58944,65.75
13.78284128499945,20.594304,65.75
13.796246232999692,20.671872,66.0
13.808808468999814,20.633088,65.75
13.820942788999673,20.594304,65.718
13.833513345000028,20.594304,65.937
13.846168095999928,20.633088,65.875
13.859283051999228,20.633088,65.875
13.871787045999554,20.594304,66.25
13.884188733999508,20.58944,65.875
13.89629406199947,20.58944,65.812
13.908656835999864,20.511744,66.0
13.921185279999918,20.511744,65.75
13.933528149999802,20.511744,65.937
13.945949389999441,20.550592,66.187
13.958132127999306,20.58944,65.843
13.970690907999597,20.628288,65.843
13.983508063000045,20.628288,66.031
13.995853748999252,20.628288,65.75
14.007856129999709,20.633088,65.968
14.019824781999887,20.633088,66.156
14.031802521999452,20.671872,65.75
14.043814597999699,20.671872,66.062
14.055764305999219,20.633088,65.75
14.06767538799977,20.594304,66.031
14.079691464999996,20.550592,65.75
14.09304425099981,20.511744,66.093
14.106428653999501,20.516736,65.781
14.119388468999205,20.55552,65.968
14.132828201999473,20.594304,65.906
14.145452390999708,20.633088,65.75
14.157625176999318,20.633088,65.937
14.169837674999144,20.633088,66.25
14.183023320999382,20.633088,65.937
14.195378318999246,20.633088,66.125
14.207474238999566,20.594304,66.062
14.219651855999473,20.55552,65.875
14.23208919299941,20.594304,65.968
14.244281498999953,20.594304,66.312
14.256615120999413,20.633088,66.0
14.268897924999692,20.633088,66.125
14.280448292999608,20.671872,65.843
14.292936510999425,20.710656,66.0
14.30521592399964,20.710656,65.75
14.317276001999744,20.671872,66.093
14.329388273999939,20.74944,66.25
14.341315131999181,20.74944,65.875
14.35334512999998,20.788224,66.031
14.365327445999355,20.788224,65.875
14.377302369999597,20.788224,65.75
14.389293133999672,20.710656,65.906
14.40127666599983,20.671872,66.125
14.41331309599991,20.594304,65.906
14.42668338599924,20.594304,66.0
14.440466135999486,20.633088,65.906
14.454196884999874,20.633088,65.718
14.467742795999584,20.710656,65.781
14.480155363999984,20.710656,65.843
14.492470297999716,20.710656,66.187
14.505017268999836,20.633088,65.718
14.518027741999504,20.594304,65.812
14.532429356999273,20.58944,65.906
14.544393752999895,20.58944,65.812
14.55646986299962,20.511744,65.906
14.568390001999433,20.550592,66.218
14.580409342999701,20.55552,65.843
14.592557775999921,20.594304,66.187
14.604313812999862,20.594304,65.875
14.616868016999433,20.628288,65.968
14.629108644999178,20.633088,65.906
14.641343671999493,20.633088,66.25
14.653503592999186,20.628288,66.093
14.665731099999903,20.633088,66.187
14.677699334999488,20.671872,65.843
14.689693683999394,20.671872,65.968
14.70160393399965,20.710656,65.718
14.713874385999588,20.710656,65.906
14.725797084999613,20.633088,66.156
14.737721446999785,20.628288,65.812
14.74977080499957,20.58944,66.031
14.76346174399987,20.58944,65.812
14.776812193999831,20.58944,65.625
14.789688582999588,20.628288,66.156
14.803056473999277,20.633088,65.781
14.815600629999608,20.671872,66.031
14.827721797999402,20.633088,65.812
14.840235391999158,20.671872,66.031
14.852820092999536,20.671872,65.968
14.86811078899973,20.667136,66.281
14.880079024999759,20.667136,65.875
14.892036027999893,20.628288,66.218
14.904012999999395,20.667136,65.812
14.915953394999633,20.667136,66.062
14.927880413999446,20.705984,65.781
14.940195058999961,20.667136,66.375
14.952677580999989,20.705984,65.937
14.964829789999385,20.744832,66.156
14.977089008999428,20.74944,66.0
14.989035292999688,20.744832,66.187
15.001433171999452,20.74944,65.812
15.01344038499974,20.74944,65.968
15.025411500999326,20.788224,66.281
15.037363095999353,20.788224,65.781
15.049333667999235,20.827008000000003,66.187
15.061311951999414,20.710656,65.875
15.073226937999607,20.744832,65.656
15.087229373999435,20.58944,65.812
15.100744501000008,20.628288,66.093
15.114145799999278,20.550592,65.843
15.126764517999618,20.511744,65.687
15.13978046199918,20.58944,65.875
15.15216810199945,20.58944,65.593
15.164412952999555,20.58944,65.875
15.176948596999864,20.58944,65.937
15.189447726999788,20.628288,66.25
15.204457230999651,20.58944,66.156
15.217048556000009,20.58944,65.75
15.229300766999586,20.511744,66.062
15.241429551999317,20.550592,65.843
15.253583295999306,20.58944,65.968
15.26556308399995,20.628288,66.218
15.27781958399919,20.628288,65.906
15.290113620999364,20.667136,66.125
15.302661617000012,20.705984,65.875
15.315072872999735,20.744832,65.906
15.327289627000027,20.705984,66.031
15.339428139999654,20.744832,66.187
15.35146044099929,20.710656,65.812
15.363487910000003,20.74944,66.062
15.375516627999787,20.74944,65.781
15.387488319999648,20.788224,66.093
15.39948980400004,20.705984,65.937
15.411462071999267,20.667136,65.812
15.423767564999252,20.58944,66.062
15.436783477999597,20.628288,65.937
15.45044865699947,20.628288,65.687
15.463822114999857,20.667136,65.937
15.476274971999374,20.705984,65.906
15.488780054999552,20.705984,66.218
15.501325010999608,20.671872,65.937
15.513744170999416,20.671872,66.156
15.526805044999492,20.671872,65.906
15.538908547999199,20.667136,66.125
15.550892911999654,20.667136,65.906
15.563531950999277,20.628288,66.25
15.575680382999963,20.628288,65.906
15.587854000999869,20.667136,66.25
15.60026589699919,20.633088,65.968
15.613534712999353,20.671872,66.125
15.626471966999816,20.671872,65.968
15.63909922899984,20.671872,65.718
15.651493780999772,20.667136,65.968
15.663087477999397,20.667136,66.218
15.67479631399965,20.671872,65.781
15.68699988499975,20.671872,66.031
15.699126044999502,20.710656,65.812
15.711411024999506,20.710656,65.875
15.722878478999519,20.633088,66.125
15.734881051999764,20.550592,65.656
15.746748676999232,20.511744,66.031
15.75886181199985,20.472896000000002,65.781
15.772356873999342,20.472896000000002,65.687
15.785919841999203,20.472896000000002,65.781
15.79934523799966,20.511744,65.812
15.812695143999917,20.58944,66.156
15.824334954999358,20.58944,65.843
15.836590654999782,20.550592,66.031
15.849146298999585,20.550592,65.781
15.861301354999341,20.58944,65.75
15.876133381999352,20.550592,66.0
15.888101042000017,20.58944,66.25
15.900075581999772,20.511744,65.906
15.912051401999634,20.58944,66.187
15.924027029999706,20.58944,65.906
15.935968736999712,20.628288,66.125
15.947954796999511,20.667136,65.906
15.960073308999199,20.667136,66.031
15.97238168199965,20.705984,66.25
15.984925709999516,20.744832,65.875
15.99696645899985,20.705984,65.937
16.00969301999976,20.744832,66.0
16.021776554999633,20.78368,65.781
16.0337279259993,20.78368,65.937
16.045931623999422,20.78368,66.187
16.05801755899938,20.822528,65.906
16.070172039999306,20.705984,66.187
16.082142739999654,20.667136,65.718
16.09448317799979,20.58944,65.781
16.108165956999983,20.628288,65.875
16.12207213399961,20.628288,65.781
16.136065417999816,20.667136,66.062
16.14839225599917,20.705984,65.781
16.160534287999326,20.744832,66.062
16.173077548000037,20.744832,65.843
16.18575383499956,20.744832,66.031
16.198445482999887,20.744832,65.937
16.210512248999294,20.705984,66.156
16.222479557000042,20.705984,65.906
16.235079393999513,20.667136,66.093
16.24765811099951,20.705984,65.906
16.25978951899924,20.705984,66.031
16.27218125499985,20.744832,66.343
16.28455196499999,20.744832,66.218
16.297515716999442,20.78368,65.937
16.310631343999376,20.705984,66.0
16.32325751799999,20.667136,65.906
16.335257242999432,20.667136,65.968
16.347645233999174,20.667136,66.25
16.35961935799969,20.705984,66.125
16.371637642999303,20.705984,65.843
16.38363032699999,20.744832,66.0
16.395621187999495,20.744832,65.906
16.407664080999893,20.628288,66.062
16.41967238199959,20.628288,66.25
16.43317016399942,20.550592,65.875
16.446457315999396,20.550592,65.75
16.46004268499928,20.58944,65.968
16.473251402999267,20.628288,65.718
16.48569091599984,20.667136,65.718
16.498380706999342,20.667136,65.968
16.511088323999502,20.667136,66.218
16.52372761799961,20.667136,65.906
16.53582500899938,20.667136,66.093
16.547840349999206,20.667136,65.906
16.56012475499938,20.628288,66.125
16.57182987899978,20.58944,65.812
16.584221645999605,20.628288,66.312
16.596415295999577,20.667136,65.937
16.608543119999922,20.667136,66.125
16.62144798999998,20.667136,65.843
16.634002033999423,20.705984,66.0
16.64674894699965,20.667136,65.843
16.6582411699992,20.667136,65.937
16.670188508999672,20.667136,66.25
16.68231252499936,20.667136,65.812
16.694263863999367,20.705984,66.125
16.70625299599942,20.705984,65.843
16.71822395199979,20.744832,66.0
16.73013045799962,20.744832,66.375
16.742074340999352,20.667136,66.312
16.75405992099968,20.628288,65.75
16.76747555699967,20.550592,66.062
16.780683058999784,20.550592,65.906
16.79440244699981,20.58944,65.687
16.80740338399937,20.628288,65.875
16.81978420699943,20.667136,66.25
16.831299853999553,20.667136,65.843
16.84262576799938,20.667136,66.093
16.855152450999412,20.667136,65.906
16.867929572999856,20.705984,66.062
16.880050836999544,20.667136,66.0
16.892041504999725,20.667136,66.312
16.904291636999915,20.58944,65.968
16.916337282999848,20.550592,66.031
16.927691164999487,20.511744,65.906
16.940001938000023,20.550592,66.125
16.95204537599966,20.550592,65.906
16.964011147999372,20.58944,65.968
16.976161115999275,20.628288,66.25
16.988740600999336,20.667136,66.031
17.00072842099962,20.628288,66.187
17.01314914899922,20.705984,65.875
17.025535060999573,20.705984,66.062
17.03765402099998,20.705984,66.031
17.04974408399994,20.744832,66.125
17.061731007999697,20.710656,66.0
17.073794797999653,20.667136,66.093
17.08581276299992,20.628288,65.75
17.099384466999254,20.550592,65.968
17.111816203999297,20.550592,65.843
17.12518066999928,20.58944,66.125
17.1386332029997,20.58944,65.781
17.15119863899963,20.667136,66.093
17.16325378900001,20.671872,65.843
17.17540516600002,20.671872,65.843
17.187819397999192,20.671872,66.0
17.19992763799928,20.671872,66.343
17.21361489699939,20.633088,65.968
17.225599324999166,20.671872,66.218
17.23769773999993,20.628288,66.0
17.25026717699984,20.671872,65.906
17.26269478499944,20.671872,66.0
17.275225435999346,20.710656,66.437
17.28741066999919,20.671872,66.062
17.29972105899924,20.710656,66.281
17.312086553999507,20.74944,65.968
17.32465224599946,20.74944,66.25
17.336613249000038,20.74944,65.968
17.3488734929997,20.788224,66.468
17.360836608999307,20.788224,65.937
17.372801643999992,20.827008000000003,66.156
17.384802744999433,20.827008000000003,65.906
17.396920392999164,20.788224,66.062
17.408936309999262,20.710656,65.937
17.420933697999317,20.671872,66.031
17.434404246999293,20.633088,66.25
17.44766515899937,20.671872,66.062
17.461301248999916,20.671872,65.781
17.474335273999714,20.710656,66.093
17.486772226999165,20.74944,66.0
17.499155609999434,20.710656,65.875
17.511496335999254,20.671872,65.906
17.524170510999284,20.628288,66.156
17.536288190999585,20.667136,65.937
17.548302315999535,20.628288,66.093
17.560283799999524,20.628288,65.906
17.57222525099951,20.58944,66.062
17.584598777999418,20.628288,66.375
17.597177141999964,20.628288,66.312
17.60968491299991,20.667136,66.0
17.621936419999656,20.667136,66.218
17.634816904999752,20.667136,65.875
17.6467887889994,20.667136,66.0
17.65815105599995,20.667136,65.875
17.670096090999323,20.628288,66.031
17.68253317199924,20.667136,66.187
17.694636450999496,20.667136,65.937
17.70676129899948,20.705984,66.125
17.71876396799962,20.705984,65.75
17.730778412999825,20.710656,66.062
17.742753720999644,20.667136,66.281
17.75489005700001,20.628288,66.062
17.7684730889996,20.511744,65.875
17.781855827999607,20.511744,65.75
17.79530797699954,20.511744,65.937
17.80879753499994,20.58944,65.906
17.822590940999362,20.628288,66.218
17.83490107399939,20.628288,65.875
17.847397420999187,20.58944,66.093
17.859994921999714,20.58944,65.968
17.872192379999433,20.58944,65.843
17.885955416999423,20.550592,66.093
17.898003270999652,20.550592,66.375
17.90995643399947,20.511744,65.968
17.92226208699958,20.550592,66.187
17.934516442999666,20.58944,65.937
17.946856496999317,20.58944,66.125
17.958936415999233,20.58944,65.968
17.971405592999872,20.628288,66.437
17.983938227999715,20.667136,66.0
17.99659240299934,20.667136,66.406
18.008595807999882,20.667136,65.968
18.02069204700001,20.671872,66.093
18.032664954999746,20.671872,65.812
18.04470912799934,20.710656,66.031
18.056770486999994,20.710656,66.187
18.068723073999536,20.710656,66.031
18.080855825999606,20.667136,66.25
18.092878110999663,20.628288,66.093
18.10732068699963,20.550592,65.812
18.12061795199952,20.434047999999997,65.593
18.134641540999837,20.434047999999997,65.843
18.14825113400002,20.472896000000002,66.093
18.160392397999203,20.550592,65.781
18.172623648999433,20.550592,65.906
18.185150011999212,20.550592,66.062
18.19757489999938,20.58944,65.906
18.20971165299943,20.58944,66.031
18.221686096999292,20.550592,66.281
18.23368588499943,20.550592,66.0
18.24602635499923,20.511744,66.156
18.25838890599971,20.550592,65.906
18.271361168999647,20.58944,65.906
18.283580067999537,20.628288,66.093
18.29596213900004,20.628288,66.343
18.308188045999486,20.667136,66.0
18.320545827999922,20.705984,66.187
18.332653171999482,20.705984,66.093
18.344733793999694,20.744832,66.125
18.357246748999387,20.710656,65.968
18.36940874999982,20.74944,66.281
18.38176493299943,20.74944,65.906
18.39372340799946,20.788224,66.218
18.4056864589993,20.78368,65.875
18.417612485999598,20.705984,66.062
18.429614355000012,20.667136,65.812
18.442273104999913,20.628288,65.906
18.455980877000002,20.667136,65.812
18.469520707999436,20.667136,66.187
18.482760242999575,20.710656,65.843
18.49488579499939,20.74944,66.093
18.50726709799983,20.74944,65.968
18.519803285999842,20.74944,66.375
18.532328528999642,20.74944,66.031
18.544400862999282,20.78368,66.156
18.556496238999898,20.744832,66.0
18.56869859299968,20.705984,66.156
18.580678988999352,20.705984,65.843
18.592683256999408,20.744832,66.156
18.60507208099989,20.74944,66.437
18.61722358499992,20.78368,66.062
18.6295818159997,20.788224,66.25
18.64167351099968,20.788224,66.125
18.654241954999634,20.788224,65.937
18.66642859700005,20.788224,66.187
18.677702828999827,20.788224,66.406
18.68979974099966,20.788224,66.031
18.70174522399975,20.827008000000003,66.187
18.71400757899937,20.827008000000003,65.781
18.726051208999706,20.827008000000003,66.0
18.737376898999173,20.744832,65.781
18.749176489999627,20.628288,66.0
18.761144053999487,20.628288,66.156
18.774431077999907,20.511744,66.093
18.787832600999536,20.511744,65.781
18.80133092699998,20.550592,65.937
18.81527422599993,20.58944,65.968
18.82841756599919,20.628288,66.25
18.840096352999353,20.628288,65.968
18.852340532999733,20.628288,66.25
18.864848143000017,20.628288,66.0
18.87730973699945,20.667136,65.937
18.891651797999657,20.58944,66.218
18.90364550599952,20.628288,66.406
18.915602829999443,20.58944,66.031
18.92791933099943,20.628288,66.25
18.94016456600002,20.628288,66.062
18.9521227539999,20.667136,66.25
18.96406954899976,20.705984,66.0
18.976496932999908,20.705984,66.468
18.98890956499963,20.710656,66.093
19.00139026299985,20.710656,66.406
19.013318433999302,20.710656,66.125
19.02540167999996,20.74944,66.125
19.037377435999588,20.788224,65.906
19.049356807999175,20.788224,66.031
19.061328531999607,20.827008000000003,66.281
19.073284766999677,20.827008000000003,66.093
19.085242026999367,20.710656,66.281
19.097316344999854,20.710656,65.781
19.110222846999932,20.667136,65.843
19.123763349999535,20.667136,65.937
19.137526354999864,20.633088,65.968
19.151038409999273,20.710656,66.218
19.163406431999647,20.74944,65.875
19.175964955999916,20.74944,66.187
19.18860124299954,20.74944,65.937
19.200920527999187,20.74944,66.187
19.213017150999804,20.74944,66.468
19.22500292299992,20.74944,66.312
19.237282591999247,20.710656,66.031
19.249513425999794,20.710656,66.25
19.26192592999996,20.710656,66.0
19.274184125999454,20.74944,66.156
19.286213866999788,20.74944,66.031
19.29952831599985,20.788224,66.093
19.31138982899938,20.827008000000003,66.312
19.32354555799975,20.710656,66.187
19.33605681699919,20.74944,66.031
19.348093917999904,20.74944,66.187
19.360192684999674,20.788224,65.968
19.37213324000004,20.788224,65.906
19.38411907599948,20.827008000000003,66.312
19.396141649999663,20.827008000000003,66.0
19.408095388999755,20.788224,66.25
19.42027895799947,20.74944,66.062
19.432290170999295,20.671872,66.093
19.445668845999535,20.633088,65.968
19.458988446999683,20.671872,66.156
19.472262926999974,20.671872,66.125
19.48581997399924,20.74944,65.906
19.497819954999613,20.788224,66.093
19.509990979999202,20.788224,65.906
19.522361690999787,20.788224,66.031
19.534487818999878,20.788224,66.437
19.548820471999534,20.788224,66.375
19.560784643999796,20.74944,66.031
19.57287963499948,20.710656,66.25
19.584958529999312,20.710656,66.0
19.59719362099986,20.74944,66.156
19.60941767099939,20.74944,66.406
19.621566167999845,20.788224,66.093
19.634089522999602,20.827008000000003,66.031
19.647745004999706,20.827008000000003,66.25
19.660111459999825,20.788224,65.906
19.67263775899937,20.74944,66.218
19.685111064999546,20.788224,66.437
19.69729088999975,20.788224,66.031
19.70926872599921,20.827008000000003,66.218
19.721214176999638,20.827008000000003,65.937
19.733176364999963,20.865792000000003,66.156
19.745214585999747,20.74944,66.156
19.757176773999163,20.74944,66.406
19.769257907999418,20.671872,66.0
19.78198453299956,20.671872,66.093
19.79585586199937,20.671872,65.812
19.808547700999952,20.671872,65.843
19.822179182999207,20.74944,66.093
19.83432793599968,20.788224,66.312
19.846747479999976,20.74944,66.062
19.859279794999566,20.74944,66.0
19.871901904999504,20.74944,66.343
19.887355484999716,20.710656,66.187
19.899382889999288,20.710656,66.0
19.911462808999204,20.633088,66.125
19.92325446399991,20.58944,66.25
19.934522904000005,20.55552,66.0
19.94677818799937,20.594304,66.187
19.958913051999843,20.633088,66.0
19.97060988799967,20.633088,66.218
19.98300536699935,20.671872,66.0
19.995479664999948,20.710656,66.187
20.007973450999998,20.671872,66.437
20.02020678199915,20.710656,66.093
20.032374606999838,20.74944,66.218
20.0443344589994,20.74944,65.937
20.056499851999433,20.788224,66.093
20.068447606999143,20.788224,66.5
20.080363200999273,20.710656,66.281
20.09227831499993,20.671872,66.0
20.104477980999945,20.667136,66.156
20.1181268069995,20.667136,65.843
20.130429867999737,20.633088,65.781
20.144145415999446,20.671872,66.031
20.157559131999733,20.710656,66.343
20.16959780199977,20.74944,65.968
20.18177589899915,20.74944,66.218
20.194265492999875,20.74944,66.25
20.206853009999577,20.788224,66.031
20.222160761999476,20.710656,66.5
20.234104548999312,20.710656,66.218
20.246283861999473,20.671872,66.312
20.25852224999926,20.710656,66.031
20.270825053999943,20.74944,66.281
20.28300603199932,20.74944,66.093
20.295117183999537,20.74944,66.156
20.307683259999976,20.788224,66.531
20.319963023999662,20.827008000000003,66.125
20.332536939999954,20.865792000000003,66.343
20.344532984999205,20.865792000000003,66.25
20.3566521369994,20.865792000000003,65.937
20.36862181199922,20.865792000000003,66.093
20.380610079999315,20.904576000000002,66.468
20.392648397999437,20.904576000000002,66.062
20.40462428199953,20.904576000000002,66.437
20.416586596999878,20.827008000000003,66.093
20.42860648199985,20.788224,66.125
20.441435989999263,20.710656,65.906
20.454881449999448,20.710656,66.25
20.4684168649992,20.74944,65.968
20.481685361000018,20.788224,66.25
20.493339955999545,20.827008000000003,65.906
20.505881454999326,20.788224,66.0
20.51819549299944,20.74944,66.031
20.53122049399917,20.710656,66.406
20.544194964999406,20.671872,66.062
20.556667950999326,20.633088,66.343
20.56864428299923,20.671872,65.937
20.580665831999795,20.633088,66.25
20.592979228999866,20.671872,66.25
20.605339602999265,20.671872,65.968
20.617498307999995,20.710656,66.25
20.630022878999625,20.710656,66.437
20.642305427999418,20.74944,66.062
20.654875087999244,20.74944,66.218
20.6674415159996,20.74944,65.906
20.678758342000037,20.710656,66.187
20.691216254999745,20.74944,66.406
20.70325268399938,20.74944,66.343
20.71531061799942,20.788224,66.0
20.727299142999982,20.788224,66.187
20.739277490999484,20.827008000000003,66.0
20.75125417399977,20.710656,66.156
20.76337412599969,20.710656,66.375
20.776831170999685,20.628288,66.281
20.790529375000006,20.628288,65.906
20.80416530399998,20.628288,65.843
20.817807249999532,20.633088,66.093
20.83086249199914,20.710656,65.937
20.843201745999977,20.710656,66.093
20.85561735399915,20.671872,66.25
20.86773154599996,20.671872,65.968
20.8799320119997,20.710656,66.0
20.893992144999174,20.705984,66.218
20.905987709999863,20.705984,66.0
20.917940552999426,20.667136,66.125
20.930255357999158,20.705984,66.468
20.942652149999958,20.744832,66.156
20.955004907999864,20.744832,66.343
20.967063129999588,20.710656,66.281
20.979625334000048,20.74944,66.093
20.992059022999456,20.788224,66.218
21.00447075899956,20.788224,66.625
21.01640852899982,20.788224,66.093
21.02884295399963,20.827008000000003,66.25
21.040839861999302,20.827008000000003,66.0
21.05283696299921,20.827008000000003,66.218
21.06484820699916,20.865792000000003,65.906
21.076853115999256,20.827008000000003,66.25
21.08886116099984,20.788224,66.5
21.100876757999686,20.78368,66.312
21.114331562999723,20.705984,65.968
21.127079019999655,20.628288,65.75
21.141096303999802,20.628288,65.906
21.155158965999362,20.667136,66.343
21.167714098000033,20.705984,65.968
21.17933697999979,20.705984,66.343
21.191749387999153,20.671872,66.218
21.204402665999623,20.671872,66.093
21.21672569599923,20.671872,66.218
21.229206392999913,20.667136,66.5
21.241171428999223,20.705984,66.187
21.253211346999706,20.667136,66.406
21.26562113,20.671872,66.093
21.277864509999745,20.671872,66.312
21.290205907999734,20.710656,66.25
21.30225008099933,20.710656,66.062
21.31440859399936,20.74944,66.156
21.32689047599979,20.788224,66.437
21.339594827999463,20.788224,66.218
21.351812957999755,20.788224,66.281
21.36410766699919,20.827008000000003,66.0
21.37609583899939,20.827008000000003,66.125
21.38809530799972,20.865792000000003,66.468
21.400113496999438,20.865792000000003,66.062
21.412106596999365,20.827008000000003,66.468
21.42416117099947,20.788224,66.25
21.436177216000033,20.74944,66.0
21.449648852999417,20.710656,66.093
21.463287278999815,20.710656,65.968
21.476611071999287,20.710656,66.312
21.48996452999927,20.788224,66.031
21.502200740999797,20.788224,66.156
21.51428149200001,20.788224,65.968
21.526653578999685,20.788224,66.031
21.539300392999394,20.827008000000003,66.187
21.551851396999155,20.788224,66.375
21.564270620999196,20.74944,66.062
21.57640257299954,20.710656,66.281
21.58861871999943,20.710656,66.031
21.600971157999993,20.74944,66.281
21.613313227999242,20.788224,66.156
21.625335000999257,20.788224,66.531
21.637517866999588,20.827008000000003,66.125
21.65101142399999,20.827008000000003,66.375
21.662705027999436,20.827008000000003,66.062
21.67484830899957,20.74944,66.25
21.68713386499985,20.788224,66.0
21.69961341099952,20.827008000000003,66.187
21.711606062999635,20.827008000000003,66.25
21.723534234,20.74944,66.187
21.73586926400003,20.74944,65.875
21.747933021999415,20.710656,66.218
21.759886888999972,20.594304,65.968
21.771880084999793,20.594304,65.906
21.785272264000014,20.511744,66.281
21.798652378999577,20.550592,66.218
21.812263924000035,20.550592,65.812
21.82625963999999,20.594304,65.875
21.839037209999333,20.633088,66.125
21.851356302999193,20.633088,66.406
21.863073907999933,20.594304,66.093
21.876136093999776,20.594304,66.343
21.890334726999754,20.594304,66.281
21.90268466999987,20.594304,66.0
21.91498958699958,20.55552,66.25
21.926989214999594,20.55552,66.031
21.939367413999207,20.594304,66.125
21.951442596999186,20.594304,66.375
21.963428496999768,20.633088,66.187
21.975690723999833,20.633088,66.312
21.987968184999772,20.671872,66.25
22.00043729799927,20.710656,66.093
22.01259971499985,20.710656,66.281
22.024909911999202,20.74944,66.437
22.036942628999896,20.74944,66.125
22.048979250999764,20.788224,66.25
22.06096726299984,20.788224,66.062
22.072914089999358,20.827008000000003,66.218
22.084904917999665,20.788224,66.625
22.09700358899954,20.710656,66.125
22.109019633999196,20.671872,66.062
22.122550920999856,20.633088,66.187
22.135983932999807,20.671872,65.843
22.14841342999989,20.671872,66.093
22.1616381799995,20.74944,66.0
22.17389291999916,20.74944,66.406
22.186124874999223,20.74944,66.156
22.19884209099928,20.74944,66.281
22.210851127999376,20.788224,66.218
22.22330116899957,20.74944,66.218
22.235298108999814,20.74944,66.062
22.247478509999382,20.671872,66.218
22.2594734029999,20.710656,66.437
22.271451750999404,20.74944,66.156
22.283483027999864,20.74944,66.406
22.295439966999766,20.74944,66.312
22.307539247000022,20.788224,66.125
22.319686174999333,20.827008000000003,66.062
22.33130316899951,20.74944,66.406
22.343476433999967,20.74944,66.187
22.355445277999934,20.74944,66.25
22.367821652999737,20.788224,65.968
22.38008243999957,20.788224,66.218
22.39244255899939,20.788224,66.031
22.404408713999146,20.827008000000003,66.031
22.41635064499951,20.788224,66.5
22.428329792999648,20.74944,66.218
22.440407055999458,20.710656,65.968
22.454016744999535,20.633088,66.093
22.467545535999307,20.671872,65.968
22.481099190999885,20.671872,66.281
22.494492201999492,20.74944,66.0
22.50665362699965,20.74944,66.25
22.51816047399916,20.788224,66.0
22.530744598999263,20.74944,66.218
22.54337630899954,20.788224,66.093
22.555604614999538,20.74944,66.5
22.567564594999567,20.74944,66.156
22.57947730899923,20.710656,66.375
22.59144896899943,20.710656,66.125
22.603667931000018,20.74944,66.281
22.61570576899976,20.74944,66.125
22.62774683799944,20.788224,66.281
22.64096157199947,20.827008000000003,66.531
22.653361979999318,20.827008000000003,66.093
22.66610649299946,20.865792000000003,66.187
22.67825063700002,20.788224,66.343
22.690975917999822,20.788224,66.031
22.70311087799928,20.827008000000003,66.187
22.71531665599923,20.827008000000003,66.406
22.7273048929992,20.827008000000003,66.062
22.739547247999326,20.865792000000003,66.281
22.75154943599955,20.788224,66.062
22.76350016699962,20.74944,66.25
22.775503699999717,20.671872,66.125
22.789012201999867,20.633088,66.375
22.80273904599926,20.671872,66.218
22.816221851999217,20.710656,66.031
22.829671696999867,20.74944,66.156
22.841748350999296,20.788224,65.968
22.854004146999614,20.788224,66.187
22.86650263699994,20.74944,66.531
22.878806817999248,20.74944,66.437
22.891147479999745,20.74944,66.125
22.903299752999374,20.74944,66.343
22.915729696999733,20.671872,66.125
22.92773594999926,20.628288,66.062
22.93982233299994,20.58944,66.531
22.951533600999937,20.628288,66.156
22.963940216999617,20.633088,66.375
22.976081832999625,20.633088,66.125
22.988578402999337,20.671872,66.25
23.000973946999693,20.710656,66.281
23.013110218999827,20.710656,66.718
23.025466240999776,20.74944,66.218
23.038200353999855,20.788224,66.437
23.0503708669994,20.788224,66.031
23.062830955999743,20.827008000000003,66.218
23.07527878899964,20.865792000000003,65.968
23.087397237000005,20.788224,66.281
23.09948902799988,20.74944,66.093
23.11162382799921,20.671872,66.343
23.125116265999168,20.671872,66.0
23.13854450999952,20.671872,65.968
23.152108534000035,20.710656,66.125
23.164847766999628,20.74944,65.906
23.177498132999972,20.74944,66.125
23.189812681999683,20.74944,66.062
23.20213436799986,20.788224,66.312
23.21440277199963,20.788224,66.156
23.226862028999676,20.788224,66.25
23.238806391999788,20.74944,66.093
23.250945671999943,20.710656,66.218
23.26289496299978,20.74944,66.468
23.274997986000017,20.74944,66.187
23.287024303999715,20.788224,66.406
23.299237537999943,20.788224,66.25
23.31137793799917,20.827008000000003,66.343
23.323856491999322,20.827008000000003,66.25
23.336010428999543,20.865792000000003,66.562
23.348126635999506,20.827008000000003,66.25
23.360251547999724,20.904576000000002,66.312
23.372223463999944,20.904576000000002,66.125
23.38417592299993,20.904576000000002,66.25
23.3969647899994,20.943360000000002,65.937
23.40912307799954,20.943360000000002,66.187
23.421170163999705,20.865792000000003,66.437
23.43327593899994,20.827008000000003,66.25
23.446644629999355,20.710656,66.0
23.459361429999262,20.74944,66.156
23.47261421299936,20.74944,66.062
23.48639408299914,20.788224,66.468
23.499831735000043,20.827008000000003,66.093
23.512325393999163,20.827008000000003,66.312
23.52486225299981,20.788224,66.25
23.537277860999893,20.710656,66.0
23.550030053999762,20.710656,66.218
23.563848516999315,20.671872,66.5
23.575817744999767,20.671872,66.25
23.5878874229993,20.633088,66.406
23.599908715999845,20.671872,66.375
23.611891863999517,20.671872,66.25
23.624297712000043,20.710656,66.281
23.63676868099992,20.710656,66.718
23.649993879999784,20.74944,66.25
23.66221325799961,20.788224,66.468
23.67496967599982,20.74944,66.093
23.686479497999244,20.74944,66.312
23.697888293999313,20.74944,66.187
23.70986904199981,20.74944,66.187
23.721829245999288,20.74944,66.437
23.733778792999146,20.788224,66.343
23.74618960099997,20.788224,66.156
23.758148235999215,20.710656,66.25
23.77018213699921,20.671872,66.062
23.782206149999183,20.667136,66.125
23.79459276599937,20.667136,66.406
23.8072018189996,20.633088,66.062
23.8208884379992,20.633088,66.062
23.83404697899914,20.710656,66.25
23.846385304999785,20.74944,66.031
23.858568905999164,20.74944,66.25
23.870455538999522,20.74944,66.562
23.88311300999976,20.710656,66.187
23.895250113999282,20.710656,66.406
23.907261583000036,20.710656,66.375
23.919617988999562,20.667136,66.187
23.931525166999563,20.671872,66.281
23.94350412299991,20.710656,66.093
23.955505799999628,20.74944,66.312
23.9675304529992,20.74944,66.593
23.979786375999538,20.74944,66.218
23.99213081399921,20.788224,66.312
24.004490932999943,20.827008000000003,66.187
24.016406174999247,20.827008000000003,66.343
24.028742996999426,20.827008000000003,66.593
24.04075315299997,20.865792000000003,66.25
24.052900593999766,20.865792000000003,66.343
24.06504716999916,20.865792000000003,66.312
24.07699860499997,20.904576000000002,66.062
24.08896226499928,20.827008000000003,66.25
24.10103504699964,20.788224,66.468
24.113089844999195,20.710656,66.125
24.126378212999953,20.671872,66.281
24.140024798999548,20.628288,66.125
24.152568251000048,20.594304,65.906
24.166045743999348,20.671872,66.125
24.178238081999552,20.671872,65.937
24.190826462999212,20.671872,66.468
24.203323576999537,20.710656,66.125
24.215996535999693,20.671872,66.437
24.23057553199942,20.710656,66.281
24.24251938299949,20.671872,66.031
24.25462707799943,20.633088,66.218
24.26657892899948,20.633088,66.562
24.27879235599994,20.671872,66.187
24.290781967999465,20.671872,66.437
24.302846589999717,20.710656,66.25
24.315010478999284,20.710656,66.25
24.327097085999412,20.74944,66.156
24.33970943499935,20.788224,66.218
24.35166176599978,20.74944,66.625
24.363767893999466,20.788224,66.156
24.37582502799978,20.827008000000003,66.343
24.387835504999202,20.827008000000003,66.0
24.399824828999954,20.865792000000003,66.031
24.41282829299962,20.865792000000003,66.25
24.425112633000026,20.788224,66.562
24.437160646999473,20.74944,66.031
24.450407861999338,20.671872,66.093
24.463810024999475,20.671872,66.156
24.47757767099938,20.671872,66.093
24.491684749999877,20.710656,66.531
24.504505488999712,20.74944,66.156
24.516642464999677,20.788224,66.437
24.52900581599988,20.788224,66.093
24.541530801999215,20.788224,66.312
24.555474676999438,20.788224,66.25
24.56760429299993,20.74944,66.593
24.579728884999895,20.74944,66.312
24.591663646999223,20.710656,66.5
24.603068890999566,20.74944,66.218
24.61526874899937,20.788224,66.375
24.62772880599914,20.788224,66.125
24.63987832699968,20.788224,66.343
24.651595323999572,20.827008000000003,66.687
24.664227385999766,20.827008000000003,66.468
24.676840214999174,20.827008000000003,66.156
24.688996455999586,20.827008000000003,66.343
24.701209657999243,20.788224,66.031
24.713213350999467,20.827008000000003,66.218
24.725184561999413,20.827008000000003,66.656
24.737206238999534,20.827008000000003,65.906
24.749359311999797,20.74944,66.375
24.76138038099998,20.633088,66.0
24.773349096999482,20.594304,66.218
24.785438295999484,20.516736,66.25
24.799079856999924,20.516736,66.375
24.81167092599935,20.55552,65.937
24.824481584999376,20.55552,66.312
24.837661821999973,20.633088,66.25
24.849739628999487,20.671872,66.031
24.861905853999815,20.633088,66.25
24.874180177999733,20.633088,65.968
24.88643373299965,20.633088,66.187
24.898688536999543,20.633088,66.468
24.910805992999485,20.594304,66.218
24.923081948999425,20.55552,66.437
24.93505658399954,20.594304,66.125
24.94768125399969,20.633088,66.312
24.95973144399977,20.633088,66.25
24.972110570999575,20.671872,66.593
24.98407442200005,20.671872,66.25
24.99674059699919,20.710656,66.406
25.009497654999905,20.74944,66.187
25.021699464999983,20.710656,66.375
25.034094335999725,20.788224,66.718
25.046321714999976,20.788224,66.531
25.058266653999453,20.788224,66.437
25.07017831199937,20.827008000000003,66.343
25.082089681999605,20.865792000000003,66.125
25.094035548999273,20.74944,66.25
25.106015431999367,20.710656,66.031
25.11821845799932,20.671872,66.218
25.131714031999763,20.671872,66.375
25.145139331999417,20.671872,66.25
25.158971906999795,20.710656,65.968
25.172426520000045,20.788224,66.093
25.184814734999236,20.788224,66.218
25.197223174999635,20.788224,66.531
25.209717152999474,20.788224,66.218
25.221929234999152,20.788224,66.5
25.235579277999932,20.74944,66.312
25.24769196499983,20.74944,66.25
25.25964221599952,20.710656,66.312
25.271948860999146,20.74944,66.625
25.284380950000013,20.788224,66.281
25.296889391999684,20.788224,66.468
25.308970622999368,20.788224,66.281
25.32157049199941,20.827008000000003,66.406
25.33387675299946,20.74944,66.25
25.346675506999418,20.74944,66.593
25.358638622999933,20.710656,66.25
25.37103522199959,20.74944,66.406
25.38328724099938,20.74944,66.156
25.395252372999494,20.788224,66.312
25.407259264999993,20.788224,66.031
25.41925271799937,20.827008000000003,66.312
25.431214104999526,20.710656,66.656
25.44369633899987,20.710656,66.062
25.456484372999512,20.633088,66.031
25.470020299999305,20.633088,66.187
25.483449343999382,20.633088,66.062
25.496986422999726,20.710656,66.0
25.509999391999372,20.710656,66.093
25.522314676999486,20.710656,66.531
25.53453175100003,20.710656,66.125
25.547012512999572,20.74944,66.187
25.560588792999624,20.74944,66.25
25.57276730599915,20.710656,66.156
25.585018397999193,20.710656,66.25
25.597626266999214,20.671872,66.531
25.609950000000026,20.671872,66.468
25.62196735699945,20.710656,66.218
25.634112269999605,20.74944,66.406
25.64674711599946,20.74944,66.156
25.65994844099987,20.788224,66.25
25.672527157999866,20.827008000000003,66.593
25.68435660599971,20.74944,66.25
25.696519342999636,20.710656,66.187
25.708813090999683,20.74944,66.281
25.720883408999725,20.74944,66.062
25.733176357999582,20.74944,66.25
25.745368375999533,20.788224,66.468
25.75735961999999,20.788224,66.25
25.769331023999257,20.710656,66.468
25.78131788399969,20.705984,66.281
25.796000721999917,20.628288,66.031
25.80936915699931,20.667136,66.093
25.822342795999248,20.667136,66.062
25.835540346000016,20.710656,66.343
25.84801918699941,20.710656,66.125
25.860648528999263,20.710656,66.343
25.87304384899926,20.710656,66.062
25.88557824399959,20.671872,66.25
25.89766193899959,20.671872,66.562
25.909509178999542,20.633088,66.437
25.92145299799995,20.633088,66.187
25.93378972299979,20.550592,66.312
25.947057162999954,20.550592,66.0
25.95937683199918,20.58944,66.25
25.97151252799995,20.58944,66.562
25.983586526999716,20.628288,66.375
25.99641113799953,20.667136,66.218
26.0088318979997,20.705984,66.437
26.02105793299961,20.705984,66.25
26.03305333699973,20.671872,66.343
26.045238890999826,20.710656,66.593
26.05731701699915,20.710656,66.156
26.069785330999366,20.74944,66.5
26.081807711999318,20.74944,66.062
26.093791179999243,20.74944,66.437
26.105814648999512,20.671872,66.218
26.11781168499965,20.671872,66.593
26.132013677999566,20.58944,66.156
26.14558173399928,20.594304,66.062
26.159314754999286,20.594304,66.218
26.17261099499956,20.671872,66.093
26.185238544999265,20.671872,66.062
26.197808588999578,20.671872,66.25
26.209800248999272,20.671872,66.625
26.221969321999495,20.671872,66.25
26.23396011799923,20.671872,66.5
26.245733404999555,20.671872,66.187
26.258044305999647,20.633088,66.437
26.27038061499934,20.633088,66.218
26.282753309999862,20.671872,66.281
26.295047986999634,20.671872,66.625
26.307169825999154,20.710656,66.562
26.319707165999716,20.710656,66.187
26.33213925399923,20.74944,66.375
26.344919383999695,20.788224,66.187
26.35693706099937,20.74944,66.312
26.369239993999145,20.788224,66.593
26.38137856999947,20.827008000000003,66.187
26.39334546199916,20.827008000000003,66.468
26.405404419999286,20.827008000000003,66.187
26.417358830999547,20.865792000000003,66.312
26.429293624999445,20.788224,66.062
26.441249315999812,20.74944,66.25
26.45326865699917,20.671872,66.25
26.46722571600003,20.671872,66.281
26.480838828999367,20.710656,66.187
26.495372831999703,20.710656,66.031
26.508559340999454,20.788224,66.531
26.521054502999505,20.788224,66.25
26.533494463999887,20.671872,66.468
26.545592270999805,20.671872,66.093
26.558373936999487,20.710656,66.312
26.57205124399934,20.671872,66.343
26.584094264999294,20.671872,66.718
26.59622327299985,20.594304,66.312
26.60814587599998,20.671872,66.562
26.6201155509998,20.671872,66.25
26.632177292999586,20.710656,66.406
26.644137720999424,20.710656,66.25
26.6562877209999,20.74944,66.468
26.669293744999777,20.788224,66.687
26.681231323999782,20.74944,66.25
26.693625651999355,20.671872,66.531
26.705628447999516,20.710656,66.375
26.717827505999594,20.74944,66.156
26.730161640000006,20.74944,66.25
26.742262230999586,20.74944,66.562
26.7546286529996,20.788224,66.25
26.766674138999406,20.710656,66.531
26.77872436099915,20.671872,66.187
26.790886137999223,20.667136,66.343
26.804336045999662,20.667136,66.187
26.818006888999662,20.667136,66.531
26.83158784099942,20.671872,66.437
26.844436452999616,20.710656,66.187
26.856784250999226,20.710656,66.406
26.869405208999524,20.74944,66.187
26.88193080399924,20.671872,66.281
26.894676052999785,20.710656,66.281
26.91011331199934,20.633088,66.593
26.92232837099982,20.671872,66.25
26.934292893999555,20.633088,66.218
26.946657492999293,20.671872,66.375
26.958955464999235,20.671872,66.187
26.97105836099945,20.710656,66.375
26.983198952999373,20.710656,66.687
26.996185776999482,20.74944,66.281
27.008502213999236,20.788224,66.531
27.020696216000033,20.788224,66.312
27.032785286000035,20.788224,66.25
27.0451769579995,20.827008000000003,66.25
27.05716829799985,20.827008000000003,66.531
27.069225143999574,20.865792000000003,66.218
27.08121158799986,20.865792000000003,66.468
27.093497047999335,20.865792000000003,66.25
27.105507556999328,20.788224,66.468
27.117495152999254,20.74944,66.093
27.130957061999652,20.633088,66.5
27.144357752999895,20.550592,66.0
27.157895599999392,20.58944,66.0
27.171990837999147,20.594304,66.375
27.184089764999953,20.633088,66.125
27.196488412999315,20.671872,66.25
27.20885534699937,20.671872,66.562
27.221515633999843,20.671872,66.281
27.233649953999702,20.671872,66.625
27.245679214999655,20.633088,66.343
27.257744093999463,20.633088,66.218
27.269658119999804,20.594304,66.375
27.28194089199951,20.633088,66.718
27.29428155400001,20.671872,66.375
27.306488771999284,20.671872,66.625
27.318528464999872,20.671872,66.25
27.33106682899961,20.710656,66.406
27.343333887999506,20.74944,66.218
27.35548168099922,20.788224,66.468
27.367430491999585,20.788224,66.75
27.379731824999908,20.788224,66.25
27.3911829259996,20.827008000000003,66.406
27.40347443399969,20.827008000000003,66.343
27.415495470999304,20.865792000000003,66.218
27.427461434999714,20.865792000000003,66.531
27.43951444100003,20.74944,66.718
27.451503668999976,20.74944,66.156
27.464888070999223,20.671872,66.468
27.478401821999796,20.671872,66.25
27.492233052999836,20.710656,66.0
27.505476043999806,20.74944,66.312
27.51815425099994,20.74944,66.25
27.530546017999768,20.74944,66.562
27.5427957969996,20.788224,66.187
27.555207628999597,20.788224,66.5
27.56730582,20.788224,66.25
27.57939789899956,20.788224,66.406
27.59170031999929,20.710656,66.218
27.603886225999304,20.74944,66.687
27.616446220999933,20.74944,66.312
27.628562973000044,20.74944,66.531
27.64062858699981,20.788224,66.281
27.65308109199941,20.827008000000003,66.406
27.66524661299991,20.827008000000003,66.343
27.679932172000008,20.865792000000003,66.656
27.692772911999782,20.827008000000003,66.25
27.705639475999305,20.827008000000003,66.437
27.71867346899944,20.827008000000003,66.375
27.730978193999363,20.827008000000003,66.187
27.743537421999463,20.710656,66.062
27.7558334739997,20.710656,66.562
27.76821500099959,20.671872,66.312
27.78048346899959,20.667136,66.531
27.793161099999452,20.58944,66.343
27.807667869999932,20.550592,66.218
27.82172864399945,20.58944,66.0
27.83645986800002,20.628288,66.531
27.85055408199969,20.633088,66.25
27.863923603999865,20.705984,66.156
27.876824889999625,20.667136,66.406
27.88961641199967,20.667136,66.125
27.902168439999514,20.705984,66.781
27.91784631399969,20.667136,66.281
27.929822677999255,20.667136,66.625
27.941777120999177,20.628288,66.218
27.95407733399952,20.667136,66.531
27.965797657999246,20.705984,66.25
27.97819342599996,20.710656,66.375
27.99035177799942,20.710656,66.718
28.002584756999568,20.74944,66.687
28.01503268599936,20.788224,66.312
28.027857520999532,20.788224,66.562
28.039829532999647,20.788224,66.25
28.05205969599956,20.827008000000003,66.375
28.064094684999873,20.827008000000003,66.656
28.07607658500001,20.865792000000003,66.25
28.088033811999594,20.865792000000003,66.5
28.100026079999225,20.827008000000003,66.25
28.111994603999847,20.788224,66.531
28.123978167999667,20.78368,66.343
28.137877976999334,20.705984,66.625
28.151583379999465,20.710656,66.437
28.16464466999969,20.710656,66.156
28.178150355999605,20.788224,66.406
28.190649677999318,20.788224,66.125
28.20288688099936,20.827008000000003,66.281
28.215404891999242,20.827008000000003,66.343
28.227948054999615,20.827008000000003,66.656
28.24240199199994,20.788224,66.312
28.2543542909998,20.788224,66.593
28.26628364499993,20.74944,66.25
28.278197094999996,20.788224,66.437
28.29021697999997,20.788224,66.343
28.30216339099934,20.827008000000003,66.718
28.31436888099961,20.827008000000003,66.343
28.32680420199995,20.827008000000003,66.625
28.33938749399931,20.74944,66.218
28.351067273999433,20.74944,66.375
28.363298651999685,20.74944,66.25
28.37556833599956,20.74944,66.312
28.387545403999866,20.788224,66.687
28.3995251919996,20.788224,66.187
28.411449073999393,20.827008000000003,66.375
28.42343993399936,20.827008000000003,66.093
28.435411433999434,20.788224,66.437
28.44751836099931,20.710656,66.25
28.45959376799965,20.633088,66.593
28.473367396999492,20.633088,66.156
28.48629450699991,20.671872,66.156
28.499947940999846,20.671872,66.312
28.51409374099967,20.74944,66.093
28.52651981299914,20.788224,66.718
28.538658805999148,20.788224,66.343
28.55119876899971,20.788224,66.593
28.563540710999405,20.788224,66.531
28.578046423999695,20.74944,66.218
28.590060036999603,20.788224,66.531
28.602009711999926,20.710656,66.781
28.614281923999442,20.74944,66.281
28.62653615199997,20.788224,66.656
28.63829830099985,20.788224,66.375
28.65048462300001,20.788224,66.562
28.662420953999572,20.827008000000003,66.25
28.674957780999648,20.865792000000003,66.437
28.68698726599996,20.865792000000003,66.75
28.699195379999765,20.827008000000003,66.343
28.711648844999218,20.827008000000003,66.468
28.722867555999983,20.827008000000003,66.218
28.735006067999166,20.865792000000003,66.406
28.74728189599955,20.865792000000003,66.25
28.759493753999777,20.904576000000002,66.781
28.771487717999662,20.788224,66.375
28.783477266999398,20.74944,66.406
28.79685357299968,20.633088,66.218
28.81051958399985,20.671872,66.062
28.82388696199996,20.671872,66.218
28.837865364999743,20.710656,66.218
28.851423340999645,20.74944,66.562
28.86368444799973,20.74944,66.25
28.876042645999405,20.74944,66.437
28.88760911099962,20.74944,66.218
28.90004273499926,20.710656,66.125
28.915247507999993,20.671872,66.281
28.927428069999223,20.671872,66.718
28.939447474999724,20.550592,66.25
28.95154547399943,20.550592,66.437
28.96367387399914,20.58944,66.25
28.975678525999683,20.58944,66.468
28.987787053999455,20.58944,66.437
28.999936797999908,20.628288,66.75
29.01207508599964,20.633088,66.312
29.02464090599915,20.710656,66.562
29.036835579999206,20.671872,66.312
29.049113999999463,20.710656,66.343
29.061260416999176,20.710656,66.281
29.073268268999527,20.74944,66.312
29.085278905999985,20.74944,66.531
29.09736051999971,20.788224,66.281
29.109298322999166,20.671872,66.437
29.12126329399962,20.671872,66.312
29.13447300400003,20.58944,66.187
29.148000802999377,20.628288,66.593
29.16150271299921,20.628288,66.093
29.175533437999547,20.633088,66.437
29.18860931999916,20.671872,66.406
29.20095231799951,20.710656,66.125
29.21337157399921,20.710656,66.375
29.22588295999958,20.710656,66.812
29.238116130999515,20.710656,66.625
29.252047524999398,20.710656,66.25
29.2640398249996,20.710656,66.625
29.27599922799982,20.671872,66.25
29.28812807599934,20.710656,66.5
29.300267611999516,20.710656,66.781
29.31266699599928,20.74944,66.406
29.324794787999963,20.74944,66.687
29.33708530399963,20.788224,66.343
29.349393772999974,20.827008000000003,66.5
29.361465402999784,20.827008000000003,66.406
29.373432518999834,20.827008000000003,66.468
29.385566198999186,20.865792000000003,66.718
29.397498944999825,20.865792000000003,66.281
29.409422219999215,20.865792000000003,66.593
29.421371061999707,20.904576000000002,66.468
29.433335649999208,20.865792000000003,66.25
29.445263019999402,20.788224,66.406
29.457398875999388,20.710656,66.718
29.47081406399957,20.710656,66.468
29.484658926999145,20.710656,66.125
29.498121315999924,20.74944,66.312
29.51150603899987,20.788224,66.312
29.52396679999947,20.827008000000003,66.156
29.53664763099914,20.788224,66.25
29.549100167999313,20.710656,66.531
29.561948875999406,20.710656,66.625
29.57687543299926,20.710656,66.281
29.58885397299946,20.710656,66.437
29.601252940999984,20.633088,66.25
29.613248888999806,20.671872,66.406
29.62570760199924,20.710656,66.718
29.6380641679998,20.710656,66.718
29.650202007999724,20.710656,66.375
29.66213069099922,20.74944,66.531
29.674838498999634,20.827008000000003,66.343
29.6872274819998,20.827008000000003,66.437
29.699234085999706,20.74944,66.781
29.71165631799977,20.788224,66.281
29.72372238099979,20.788224,66.5
29.73570917699999,20.788224,66.218
29.747730565999518,20.788224,66.343
29.759973816999263,20.827008000000003,66.156
29.772087303999797,20.788224,66.687
29.784302906999983,20.710656,66.25
29.79654458999994,20.671872,66.531
29.81004109099922,20.633088,66.218
29.822689345999606,20.671872,66.062
29.83616690300005,20.671872,66.25
29.849843633999626,20.74944,66.656
29.862374124999405,20.74944,66.25
29.874504636999518,20.74944,66.25
29.88700879099997,20.74944,66.593
29.899555954999414,20.710656,66.218
29.911752195999725,20.710656,66.437
29.923845650999283,20.710656,66.75
29.93615504799982,20.633088,66.375
29.948166036999282,20.671872,66.656
29.96019724999951,20.710656,66.343
29.972482166999725,20.74944,66.562
29.98453545999928,20.74944,66.5
29.997033021999414,20.788224,66.312
30.009288945999288,20.827008000000003,66.406
30.021621734999826,20.827008000000003,66.625
30.03367560499919,20.827008000000003,66.468
30.046309170999848,20.827008000000003,66.531
30.05828959899918,20.865792000000003,66.281
30.070246153999506,20.865792000000003,66.375
30.08215960399957,20.865792000000003,66.687
30.0940738219997,20.904576000000002,66.375
30.1060382809992,20.827008000000003,66.625
30.117990195999482,20.788224,66.218
30.13005456299925,20.710656,66.437
30.143312817999686,20.633088,66.187
30.156756773999405,20.667136,66.531
30.169883921999826,20.633088,66.437
30.181884381999225,20.710656,66.531
30.193971756999417,20.710656,66.468
30.206537096999455,20.710656,66.218
30.21899225799916,20.74944,66.437
30.231416729999182,20.74944,66.437
30.246640927000044,20.710656,66.718
30.258617866999884,20.710656,66.375
30.27057054999932,20.671872,66.656
30.282520064999517,20.710656,66.312
30.294989306999923,20.710656,66.5
30.307375761999538,20.74944,66.25
30.319321051999395,20.74944,66.437
30.331411178999588,20.74944,66.718
30.34366454299925,20.827008000000003,66.687
30.356065845999183,20.827008000000003,66.312
30.36815674099944,20.827008000000003,66.656
30.380402775999755,20.865792000000003,66.25
30.392584520999662,20.865792000000003,66.468
30.404720633999204,20.904576000000002,66.687
30.416742503000023,20.904576000000002,66.25
30.428792147999957,20.904576000000002,66.531
30.44078960099978,20.827008000000003,66.156
30.4528380619995,20.788224,66.343
30.465579598999284,20.710656,66.343
30.478885951999473,20.710656,66.593
30.49169724999956,20.710656,66.218
30.50535753299937,20.74944,66.218
30.51892898099959,20.788224,66.406
30.531036771999425,20.827008000000003,66.156
30.543479164999553,20.827008000000003,66.343
30.556025271999715,20.827008000000003,66.375
30.56878850599969,20.827008000000003,66.687
30.58295526599977,20.788224,66.281
30.595062384999437,20.788224,66.562
30.607020315999762,20.74944,66.312
30.619233166999948,20.788224,66.843
30.631540035999933,20.827008000000003,66.437
30.643898425999396,20.827008000000003,66.781
30.656003816999146,20.827008000000003,66.312
30.668375711999943,20.865792000000003,66.593
30.68097734099956,20.904576000000002,66.281
30.694129513000007,20.904576000000002,66.312
30.7065766099995,20.865792000000003,66.406
30.718777107999813,20.827008000000003,66.531
30.73085024199918,20.865792000000003,66.281
30.74284228599936,20.865792000000003,66.5
30.754890715999863,20.822528,66.093
30.767748543999915,20.78368,66.281
30.77989236799931,20.705984,66.625
30.79192431699994,20.667136,66.281
30.80397450700002,20.58944,66.593
30.81660461699994,20.628288,66.375
30.82988293699964,20.628288,66.062
30.84365474199967,20.667136,66.125
30.857160587999715,20.705984,66.281
30.86930261999987,20.744832,66.593
30.881503917999908,20.744832,66.25
30.89364985499924,20.78368,66.625
30.905420612999478,20.744832,66.468
30.920665642999666,20.705984,66.218
30.9326924399993,20.705984,66.5
30.94413320499916,20.667136,66.687
30.95628870999917,20.667136,66.281
30.967870085999493,20.705984,66.625
30.980035638999652,20.744832,66.375
30.992037027999686,20.744832,66.562
31.00411723399975,20.78368,66.281
31.016715854999347,20.822528,66.468
31.02878850899924,20.827008000000003,66.718
31.04075399299927,20.788224,66.5
31.052588272999856,20.827008000000003,66.593
31.064756834000036,20.827008000000003,66.468
31.076783534999777,20.865792000000003,66.218
31.088783450999472,20.865792000000003,66.281
31.100868969999283,20.865792000000003,66.718
31.11283816499963,20.822528,66.375
31.124793567999404,20.78368,66.406
31.13777140000002,20.705984,66.25
31.15124892499989,20.705984,66.062
31.164921207999214,20.705984,66.25
31.17899324499922,20.744832,66.281
31.192113832999894,20.788224,66.437
31.204237143999308,20.788224,66.281
31.216720561999864,20.788224,66.593
31.22938296099983,20.788224,66.312
31.24158893099957,20.788224,66.781
31.25528079799915,20.74944,66.437
31.26742983799977,20.74944,66.718
31.279477499999302,20.710656,66.343
31.29194878999988,20.74944,66.562
31.304121158999806,20.788224,66.375
31.316282262999266,20.788224,66.5
31.328500265999537,20.788224,66.875
31.340124395999737,20.788224,66.312
31.35179927899935,20.744832,66.531
31.364155204999406,20.74944,66.25
31.376110255999265,20.710656,66.656
31.38813497299998,20.74944,66.406
31.400160873999994,20.788224,66.718
31.412173174999225,20.788224,66.343
31.424146914999255,20.788224,66.562
31.436094509999748,20.827008000000003,66.281
31.448100153999803,20.74944,66.625
31.4601506959998,20.710656,66.156
31.47331617999953,20.667136,66.718
31.486853706999682,20.667136,66.218
31.500310431999424,20.667136,66.468
31.514191487999597,20.671872,66.531
31.527542513999833,20.710656,66.218
31.539789060999283,20.74944,66.437
31.552255519000028,20.74944,66.281
31.564913980999336,20.74944,66.312
31.577059276999535,20.74944,66.343
31.591939401999298,20.74944,66.593
31.604120666999734,20.710656,66.343
31.616159335999328,20.710656,66.5
31.628253910999774,20.74944,66.5
31.640318212999773,20.74944,66.75
31.652509302999533,20.788224,66.437
31.664943598999344,20.788224,66.625
31.677469161999397,20.827008000000003,66.312
31.68945326999983,20.904576000000002,66.531
31.70227704899935,20.827008000000003,66.343
31.714397800999905,20.822528,66.437
31.72609092499988,20.788224,66.687
31.738049111999317,20.827008000000003,66.281
31.75005606800005,20.827008000000003,66.531
31.762126898999668,20.865792000000003,66.25
31.77404847699927,20.865792000000003,66.531
31.78600586399989,20.74944,66.468
31.79803963699942,20.74944,66.593
31.811056765999638,20.667136,66.25
31.824461200999394,20.671872,66.437
31.83733115799987,20.671872,66.343
31.851014991999364,20.74944,66.156
31.863447144999554,20.74944,66.312
31.87590320199979,20.74944,66.718
31.888167444999453,20.74944,66.625
31.900444328999583,20.710656,66.281
31.912728541999968,20.74944,66.5
31.92707482699916,20.710656,66.25
31.939295580999897,20.744832,66.812
31.951787030999185,20.550592,66.312
31.96439221199944,20.58944,66.687
31.976583877999474,20.58944,66.281
31.98855822599944,20.628288,66.593
32.00058607899973,20.628288,66.343
32.01285425799961,20.667136,66.531
32.025139494999166,20.705984,66.781
32.03756959899965,20.744832,66.437
32.04951200999949,20.744832,66.718
32.06202848399971,20.78368,66.531
32.074056624999685,20.74944,66.187
32.08604153299984,20.788224,66.468
32.098028329000044,20.788224,66.781
32.10998037199988,20.827008000000003,66.5
32.12190735799959,20.710656,66.75
32.133819431999655,20.671872,66.156
32.14742886499971,20.628288,66.437
32.160816820000036,20.628288,66.375
32.17445242999929,20.628288,66.656
32.18840980799996,20.671872,66.625
32.20103994999954,20.710656,66.281
32.21349949499927,20.710656,66.593
32.22576604299957,20.710656,66.312
32.238164273999246,20.710656,66.5
32.25028400199972,20.710656,66.437
32.26333674699981,20.671872,66.718
32.275401400999726,20.671872,66.468
32.28735638799935,20.633088,66.656
32.299857309999425,20.671872,66.343
32.31190023599993,20.710656,66.562
32.32422502499958,20.710656,66.312
32.33648779699979,20.74944,66.531
32.349032559999614,20.788224,66.75
32.36151005800002,20.788224,66.687
32.37354546299957,20.788224,66.468
32.38580193099915,20.827008000000003,66.593
32.398049501999594,20.827008000000003,66.312
32.409979527999894,20.865792000000003,66.343
32.421946290999585,20.865792000000003,66.687
32.433920702999785,20.904576000000002,66.375
32.446035598999515,20.827008000000003,66.593
32.45804009099993,20.788224,66.375
32.47003891899931,20.744832,66.5
32.48358198200003,20.744832,66.25
32.49666957699992,20.710656,66.5
32.510171998999795,20.74944,66.625
32.52351767999971,20.788224,66.25
32.535770787999354,20.788224,66.625
32.54785656199965,20.710656,66.156
32.560703477999596,20.671872,66.343
32.573265009999886,20.705984,66.468
32.58831313899918,20.671872,66.687
32.60031222299949,20.705984,66.375
32.61301759899925,20.628288,66.656
32.6252414569999,20.667136,66.343
32.63731590399948,20.705984,66.937
32.649329995999324,20.710656,66.531
32.66149487699931,20.744832,66.812
32.67384622699956,20.74944,66.437
32.6868447629995,20.788224,66.625
32.70015063599931,20.788224,66.343
32.712266490999355,20.788224,66.375
32.7247202439994,20.788224,66.406
32.737001383999996,20.74944,66.718
32.74909826299972,20.788224,66.281
32.761176229999364,20.788224,66.468
32.77316651399997,20.827008000000003,66.25
32.785260896999716,20.74944,66.437
32.797263212999496,20.744832,66.75
32.80929871399985,20.667136,66.406
32.822510343999966,20.667136,66.25
32.83511354099937,20.667136,66.343
32.84762918399974,20.705984,66.187
32.86083409399998,20.710656,66.343
32.873389800999576,20.710656,66.781
32.88559145099953,20.710656,66.656
32.89796260999992,20.710656,66.281
32.91030807199968,20.710656,66.687
32.92229115600003,20.671872,66.375
32.93422988599923,20.671872,66.562
32.94664354199995,20.633088,66.312
32.95896138699936,20.633088,66.531
32.97149597399948,20.671872,66.781
32.98371740099992,20.710656,66.531
32.99596941999971,20.710656,66.687
33.00811721199989,20.74944,66.562
33.02035300699936,20.788224,66.312
33.032507103999706,20.788224,66.468
33.04455646099996,20.788224,66.781
33.05690822699944,20.827008000000003,66.375
33.068968112999755,20.827008000000003,66.687
33.080940892999934,20.827008000000003,66.312
33.09288445599941,20.865792000000003,66.5
33.105106553999576,20.865792000000003,66.875
33.11707462999948,20.788224,66.437
33.12904180899932,20.74944,66.656
33.14105052499963,20.671872,66.437
33.1542858039993,20.58944,66.125
33.16787165200003,20.58944,66.25
33.180234298999494,20.628288,66.093
33.19308482999986,20.633088,66.687
33.205360433999886,20.671872,66.25
33.21809851499984,20.671872,66.562
33.230644045999725,20.671872,66.25
33.24312944799931,20.710656,66.312
33.25827185199978,20.671872,66.468
33.270477949999986,20.671872,66.812
33.2826914719999,20.594304,66.375
33.29487856099968,20.633088,66.625
33.30723746299918,20.633088,66.625
33.31952289199944,20.671872,66.343
33.33155650499975,20.671872,66.593
33.343737705999956,20.710656,66.906
33.35611155299921,20.74944,66.562
33.3684376859992,20.788224,66.687
33.38054778199967,20.788224,66.406
33.39270782999938,20.827008000000003,66.562
33.40470454699971,20.827008000000003,66.375
33.41668222199951,20.827008000000003,66.531
33.4286407289992,20.827008000000003,66.718
33.44100929599972,20.865792000000003,66.437
33.453075806000015,20.788224,66.687
33.4650295449992,20.74944,66.406
33.477462848999494,20.671872,66.375
33.49083566799982,20.671872,66.343
33.50361755799986,20.710656,66.312
33.51713389999986,20.710656,66.562
33.530346169999575,20.788224,66.312
33.54285633999916,20.788224,66.562
33.554925537999225,20.788224,66.312
33.5671877019995,20.788224,66.5
33.57924973199988,20.788224,66.562
33.59329719299967,20.788224,66.718
33.605248947999826,20.788224,66.5
33.61729052899955,20.710656,66.625
33.631104095999945,20.74944,66.687
33.64375647799989,20.788224,66.375
33.6561873189994,20.788224,66.562
33.66860935799923,20.827008000000003,66.843
33.680795519999265,20.865792000000003,66.531
33.69403284700002,20.865792000000003,66.406
33.70770919299957,20.865792000000003,66.718
33.71937233199969,20.827008000000003,66.312
33.732056874999216,20.865792000000003,66.343
33.74404911199963,20.827008000000003,66.718
33.75685637799961,20.710656,66.593
33.76897530599945,20.671872,66.187
33.78129078299935,20.710656,66.531
33.79330087499966,20.594304,66.25
33.805286422999416,20.628288,66.312
33.81842435499948,20.511744,66.687
33.831831509999574,20.511744,66.531
33.845623763999356,20.511744,66.187
33.85936561699964,20.58944,66.218
33.87295690499923,20.594304,66.437
33.88556915799927,20.633088,66.781
33.89802300699921,20.633088,66.437
33.910222896999585,20.633088,66.687
33.922466019999774,20.594304,66.531
33.9366844619999,20.55552,66.406
33.94869503499922,20.594304,66.562
33.960704582999824,20.550592,66.843
33.97299189899968,20.58944,66.5
33.985254702999555,20.594304,66.812
33.99737999899935,20.633088,66.718
34.009504525999546,20.633088,66.375
34.02238571499947,20.671872,66.593
34.035315896999236,20.74944,66.343
34.04795887099954,20.74944,66.562
34.06027370799984,20.74944,66.437
34.072903497999505,20.788224,66.718
34.08513935699921,20.788224,66.281
34.0973989919994,20.827008000000003,66.5
34.10956086499937,20.865792000000003,66.281
34.1217214899998,20.788224,66.5
34.13396349300001,20.74944,66.75
34.14624956099942,20.671872,66.625
34.1596293549992,20.671872,66.281
34.17330730199956,20.671872,66.25
34.18704870700003,20.710656,66.437
34.2004078609998,20.74944,66.687
34.212513539999236,20.788224,66.406
34.224806647999685,20.788224,66.625
34.237337394999486,20.788224,66.625
34.25005662700005,20.827008000000003,66.531
34.26540857299915,20.74944,66.375
34.27772900999935,20.74944,66.562
34.28973506999955,20.710656,66.718
34.301771466999526,20.710656,66.468
34.313834616999884,20.74944,66.656
34.32592304799982,20.74944,66.468
34.33792309299952,20.788224,66.656
34.350114469999426,20.74944,66.781
34.36278758899971,20.74944,66.437
34.375446339999144,20.74944,66.656
34.38751009799944,20.74944,66.75
34.40001197999936,20.788224,66.343
34.412147291999645,20.788224,66.593
34.42415955999968,20.827008000000003,66.906
34.43609953899977,20.827008000000003,66.437
34.44854634799958,20.827008000000003,66.718
34.46050680699955,20.74944,66.468
34.472480353999345,20.710656,66.531
34.484698996999214,20.633088,66.5
34.49850798699936,20.671872,66.156
34.51197296800001,20.671872,66.656
34.526007532999756,20.710656,66.406
34.539189145999444,20.74944,66.593
34.551895513999625,20.74944,66.343
34.564382962999844,20.74944,66.343
34.57691748599973,20.788224,66.625
34.58898402899922,20.788224,66.843
34.601997508999375,20.74944,66.5
34.6139664479997,20.74944,66.75
34.626245923999704,20.710656,66.437
34.63815802999943,20.710656,66.656
34.65049830799944,20.74944,66.437
34.66289378700003,20.788224,66.875
34.6753925969997,20.788224,66.562
34.68719945199973,20.827008000000003,66.718
34.70061665599951,20.865792000000003,66.5
34.71388940699944,20.865792000000003,66.718
34.72616446699976,20.827008000000003,66.406
34.7376804659998,20.788224,66.437
34.74973171199963,20.827008000000003,66.75
34.76168228299957,20.827008000000003,66.5
34.773661653999625,20.865792000000003,66.343
34.78572749199975,20.865792000000003,66.718
34.797674670999186,20.74944,66.468
34.80960476199925,20.74944,66.312
34.82291504999921,20.671872,66.781
34.83652733099916,20.671872,66.437
34.85006021799927,20.710656,66.25
34.86281301899999,20.74944,66.562
34.8745861769994,20.788224,66.312
34.88626125199971,20.788224,66.531
34.89877583899943,20.788224,66.875
34.9114450219995,20.788224,66.718
34.92376443499961,20.74944,66.437
34.936808892000045,20.710656,66.687
34.94880576799915,20.633088,66.312
34.96111561299949,20.55552,66.468
34.97329002999959,20.55552,66.781
34.98564960399926,20.594304,66.468
34.99802876299964,20.633088,66.781
35.010323279999284,20.633088,66.656
35.02269568599968,20.633088,66.468
35.034830134,20.710656,66.625
35.04763266499958,20.74944,66.968
35.05959744399934,20.710656,66.656
35.072051004999594,20.74944,66.718
35.08407229799923,20.74944,66.437
35.09618552899974,20.788224,66.593
35.108143491999726,20.788224,66.281
35.120241970999814,20.827008000000003,66.531
35.132279455999196,20.710656,66.843
35.144193417999304,20.710656,66.531
35.15801604099943,20.594304,66.406
35.171330777999174,20.594304,66.25
35.185022676999324,20.633088,66.375
35.198767984999904,20.671872,66.375
35.211747320999166,20.710656,66.781
35.22427816399977,20.710656,66.375
35.23660160899999,20.74944,66.687
35.2490429139998,20.74944,66.375
35.26114756899915,20.74944,66.343
35.27520168599949,20.710656,66.468
35.28796984699966,20.671872,66.875
35.30013479199988,20.671872,66.5
35.3127377969995,20.710656,66.687
35.32497016799971,20.74944,66.468
35.33697270799985,20.74944,66.687
35.349312921999626,20.74944,66.562
35.361696496999684,20.788224,66.906
35.374370927999735,20.827008000000003,66.5
35.38628018599957,20.827008000000003,66.812
35.39867553699969,20.865792000000003,66.375
35.41079939199972,20.865792000000003,66.718
35.422804972999984,20.865792000000003,66.25
35.434771960000035,20.904576000000002,66.406
35.44684503099961,20.904576000000002,66.781
35.45883166599924,20.827008000000003,66.5
35.47080770999946,20.788224,66.718
35.48286628400001,20.710656,66.593
35.49565063799946,20.710656,66.281
35.509367689999635,20.74944,66.718
35.52319677699961,20.74944,66.406
35.53662578799958,20.827008000000003,66.718
35.54925628199999,20.788224,66.25
35.561436555,20.74944,66.531
35.57312103899949,20.710656,66.5
35.585798606000026,20.710656,66.343
35.59998840699973,20.710656,66.5
35.61224890599988,20.671872,66.75
35.62432575299954,20.667136,66.406
35.6363319409993,20.633088,66.781
35.64834497799984,20.671872,66.375
35.66028345199993,20.710656,66.687
35.67237559499972,20.710656,66.562
35.68487437299973,20.74944,66.875
35.697234811999806,20.788224,66.5
35.710124768999776,20.827008000000003,66.718
35.72224228799951,20.788224,66.531
35.7350460029993,20.788224,66.562
35.74725453299925,20.788224,66.937
35.758736930999476,20.788224,66.406
35.77084308999929,20.788224,66.75
35.78283151799951,20.827008000000003,66.718
35.79481530599969,20.788224,66.312
35.80700562699985,20.710656,66.531
35.819175564000034,20.633088,66.312
35.83279386100003,20.633088,66.656
35.84642924699983,20.633088,66.281
35.85986795499957,20.671872,66.531
35.87240580599973,20.710656,66.375
35.88447641199946,20.74944,66.593
35.8961641599999,20.74944,66.281
35.90859912799988,20.74944,66.812
35.92112347499915,20.74944,66.531
35.933338500999525,20.74944,66.687
35.94474928099953,20.671872,66.406
35.95676135799931,20.671872,66.593
35.969409643999825,20.633088,66.343
35.98180438700001,20.671872,66.562
35.99385195299965,20.671872,66.812
36.00604361799924,20.710656,66.531
36.01834229499946,20.710656,66.75
36.03075025399994,20.74944,66.656
36.04326432899961,20.788224,66.406
36.05545135399916,20.788224,66.687
36.067837584999324,20.788224,66.812
36.07984786999987,20.827008000000003,66.5
36.09180205699977,20.827008000000003,66.656
36.10414435099938,20.827008000000003,66.343
36.11619057199914,20.865792000000003,66.593
36.12833522799974,20.788224,66.437
36.14034954499948,20.74944,66.531
36.152423350999925,20.667136,66.406
36.167430294999576,20.550592,66.687
36.18042591899939,20.58944,66.437
36.19419285999993,20.58944,66.218
36.207715474,20.633088,66.406
36.220152586999575,20.633088,66.468
36.23280237699964,20.633088,66.718
36.245411621999665,20.633088,66.437
36.25794844899974,20.633088,66.656
36.269987789999504,20.633088,66.375
36.28194101699955,20.633088,66.656
36.294192780999765,20.594304,66.875
36.30612584699975,20.594304,66.468
36.318135394999445,20.633088,66.75
36.33016596899961,20.633088,66.5
36.342290751999826,20.671872,66.343
36.3545950609996,20.671872,66.625
36.36711947200001,20.710656,66.937
36.37923283099917,20.74944,66.562
36.391219018999436,20.74944,66.906
36.40347958199982,20.788224,66.5
36.415494762999515,20.788224,66.718
36.42741691699939,20.827008000000003,66.343
36.439340606999394,20.827008000000003,66.468
36.45136724399981,20.865792000000003,66.843
36.463846469999226,20.788224,66.5
36.47584888199981,20.74944,66.75
36.487889087999974,20.671872,66.593
36.50126004999947,20.671872,66.25
36.51467574899925,20.671872,66.25
36.5285856699993,20.710656,66.531
36.54193026399935,20.788224,66.625
36.554410832999565,20.788224,66.437
36.56651456099917,20.788224,66.437
36.579215488000045,20.788224,66.687
36.59165000899975,20.788224,66.406
36.603950348999206,20.74944,66.593
36.61591010399934,20.74944,66.781
36.62798112599921,20.710656,66.531
36.63991870499922,20.74944,66.718
36.65187977200003,20.74944,66.5
36.66416603199923,20.788224,66.687
36.676488837999386,20.788224,67.0
36.689134499999454,20.827008000000003,66.875
36.70147180099957,20.865792000000003,66.593
36.71481242699974,20.904576000000002,66.875
36.727305796999644,20.865792000000003,66.718
36.74145927599966,20.827008000000003,66.312
36.75357436399918,20.788224,66.468
36.76556000799974,20.827008000000003,66.656
36.777672919,20.74944,66.25
36.78993773899947,20.74944,66.593
36.801941750999504,20.671872,66.406
36.81393433899939,20.633088,66.562
36.825973103999786,20.58944,66.406
36.839640266999595,20.58944,66.781
36.853291108999656,20.58944,66.562
36.86698460799926,20.628288,66.375
36.880182476999835,20.633088,66.531
36.892330654000034,20.671872,66.312
36.90453809599967,20.671872,66.593
36.9170744109997,20.710656,66.843
36.92902142999992,20.710656,66.562
36.94081548399936,20.671872,66.687
36.95284084099967,20.633088,66.625
36.96514089399989,20.594304,66.437
36.97732580699994,20.633088,66.625
36.98974560699935,20.633088,66.843
37.00186206999933,20.671872,66.593
37.01394733300003,20.671872,66.843
37.026321628000005,20.710656,66.5
37.03880718899927,20.74944,66.718
37.05147790799947,20.788224,66.531
37.063467775999925,20.74944,67.0
37.076016731999516,20.788224,66.531
37.08812855499946,20.827008000000003,66.781
37.10015570399992,20.827008000000003,66.375
37.112253702999624,20.827008000000003,66.593
37.124585403999845,20.865792000000003,66.343
37.13654349499939,20.74944,66.5
37.1485376189994,20.74944,66.812
37.16074253299939,20.671872,66.75
37.17433785399953,20.671872,66.281
37.18793163800001,20.710656,66.5
37.20204617299987,20.710656,66.5
37.21472332399935,20.788224,66.312
37.226992783999776,20.788224,66.531
37.2393297969993,20.788224,66.781
37.25201110799935,20.788224,66.468
37.26421768599994,20.827008000000003,66.531
37.27879239399954,20.788224,66.656
37.29077845399934,20.788224,66.5
37.303197484999146,20.710656,66.593
37.31533503799983,20.74944,66.875
37.32762859399918,20.74944,66.718
37.339971976000015,20.788224,66.562
37.352267355999174,20.710656,66.593
37.36427408799955,20.710656,66.375
37.37578519099952,20.710656,66.5
37.38792562299932,20.74944,66.843
37.39995168399946,20.710656,66.593
37.41244182199989,20.74944,66.656
37.42439748099969,20.788224,66.406
37.43637858099919,20.788224,66.593
37.44848224399993,20.827008000000003,66.375
37.46044231899941,20.827008000000003,66.562
37.47234805699918,20.74944,66.718
37.48427894699944,20.710656,66.5
37.497670357999596,20.633088,66.375
37.51129255899923,20.633088,66.406
37.52484298199943,20.633088,66.343
37.53872615,20.671872,66.781
37.55136496399973,20.74944,66.406
37.56378457199935,20.74944,66.718
37.57620808399952,20.74944,66.656
37.58889166699919,20.74944,66.5
37.60116704699976,20.788224,66.593
37.61438990899933,20.74944,66.875
37.62633823999931,20.74944,66.593
37.63829239499955,20.710656,66.843
37.65044537199992,20.74944,66.5
37.66261069999928,20.74944,66.5
37.674900928999705,20.788224,66.718
37.68720258099984,20.788224,67.031
37.69939872699979,20.827008000000003,66.593
37.711995011999534,20.865792000000003,66.781
37.725039884999205,20.865792000000003,66.593
37.736913749999985,20.827008000000003,66.687
37.749042212999484,20.827008000000003,66.343
37.761137555999994,20.827008000000003,66.781
37.77316752099978,20.827008000000003,66.437
37.7852106069995,20.865792000000003,66.687
37.79740028799915,20.865792000000003,66.562
37.80940065300001,20.74944,66.718
37.82166476799921,20.74944,66.281
37.835775750999346,20.671872,66.25
37.84894187499958,20.671872,66.375
37.86158769699978,20.710656,66.687
37.875207370999306,20.74944,66.593
37.88745110199943,20.788224,66.406
37.900084858999435,20.788224,66.593
37.91279036299966,20.788224,66.468
37.925340566999694,20.788224,67.0
37.939413179999974,20.710656,66.531
37.9516851999997,20.710656,66.687
37.96321355099917,20.594304,66.406
37.97507851999944,20.550592,66.625
37.987288425999395,20.58944,66.406
37.99932395899941,20.628288,66.593
38.01180897699942,20.594304,66.781
38.023844765999456,20.667136,66.531
38.036411065999346,20.705984,66.718
38.04867738899975,20.710656,66.687
38.06134845999986,20.74944,66.531
38.07333887200002,20.710656,66.687
38.085970933999306,20.74944,66.812
38.09795683399989,20.788224,66.5
38.10994327699973,20.788224,66.718
38.121952505999616,20.788224,66.406
38.13392595699952,20.827008000000003,66.718
38.145901904999846,20.710656,66.531
38.15788274899933,20.671872,66.5
38.170487353999306,20.594304,66.437
38.18392094199953,20.633088,66.625
38.19765482599996,20.633088,66.5
38.21089368799949,20.710656,66.406
38.22318830099994,20.74944,66.531
38.23563450099937,20.74944,66.843
38.2480864299996,20.74944,66.5
38.26040334699974,20.74944,66.562
38.27536228899953,20.74944,66.718
38.28745571199943,20.710656,66.437
38.29984677499942,20.671872,66.656
38.311920292999275,20.710656,66.968
38.324412254999515,20.710656,66.562
38.33652433399948,20.74944,66.875
38.34849669799951,20.74944,66.781
38.36092507399917,20.788224,66.5
38.37340977199983,20.827008000000003,66.718
38.38550485799988,20.827008000000003,67.031
38.397704587999215,20.827008000000003,66.718
38.410047841999585,20.865792000000003,66.843
38.422081134999644,20.865792000000003,66.531
38.43410018799932,20.904576000000002,66.593
38.44618733899915,20.904576000000002,66.406
38.45813973299937,20.943360000000002,66.593
38.470085983999525,20.827008000000003,66.906
38.48246543099958,20.788224,66.718
38.494554405999224,20.710656,66.5
38.507958904999214,20.710656,66.562
38.52119805499933,20.74944,66.437
38.53460844199981,20.74944,66.281
38.54716203799944,20.827008000000003,66.531
38.558691188999546,20.74944,66.656
38.571444533999966,20.710656,66.375
38.58404264299952,20.74944,66.718
38.59680325199952,20.74944,66.781
38.60886531399956,20.710656,66.406
38.62088699099968,20.710656,66.593
38.633146402999955,20.705984,66.843
38.6450891329996,20.710656,66.531
38.65721503699933,20.710656,66.812
38.66930673199931,20.74944,66.5
38.68141660299989,20.74944,66.718
38.69382372999917,20.788224,67.031
38.70627578699987,20.827008000000003,66.625
38.718705218999276,20.865792000000003,66.843
38.73053703499954,20.827008000000003,66.812
38.74296390699965,20.788224,66.437
38.75532088899945,20.788224,66.625
38.7675875649993,20.788224,66.375
38.78005226200003,20.788224,66.5
38.79204177799966,20.827008000000003,66.718
38.804046365999966,20.788224,66.656
38.81602410599953,20.710656,66.718
38.82819449099952,20.705984,66.656
38.84196853599951,20.667136,66.312
38.85543687699919,20.705984,66.437
38.86792829499973,20.671872,66.437
38.881267255999774,20.710656,66.718
38.89365470299981,20.74944,66.468
38.906384462999995,20.788224,66.687
38.91905233399939,20.788224,66.468
38.931278559999555,20.74944,66.875
38.945242754999526,20.710656,66.562
38.95725060799941,20.671872,66.75
38.96921106699938,20.633088,66.562
38.98116435799966,20.671872,66.718
38.99345106599958,20.710656,66.531
39.005507271999704,20.710656,66.687
39.017498514999716,20.74944,66.906
39.02981959299996,20.74944,66.843
39.04227644899947,20.788224,66.593
39.05438856099954,20.827008000000003,66.812
39.066414397999324,20.827008000000003,66.625
39.07880296499934,20.827008000000003,66.687
39.090744958999494,20.865792000000003,67.031
39.102741834999506,20.865792000000003,66.593
39.114687541999956,20.904576000000002,66.718
39.12666681799965,20.904576000000002,66.5
39.13864711699989,20.827008000000003,66.656
39.150639704999776,20.788224,66.343
39.16247836899947,20.633088,66.406
39.17563831699954,20.58944,66.375
39.189105697999366,20.628288,66.625
39.202466131999245,20.594304,66.281
39.21535122499972,20.671872,66.562
39.22773975999917,20.710656,66.5
39.2404207189993,20.710656,66.875
39.252956745999654,20.710656,66.593
39.266894028000024,20.710656,66.5
39.278760211999725,20.710656,66.781
39.29068911899958,20.710656,66.5
39.30301121999946,20.633088,66.718
39.31494284599921,20.671872,66.906
39.3270475649997,20.710656,66.625
39.339115642999786,20.710656,66.875
39.35125549899931,20.74944,66.562
39.363709283999924,20.788224,66.75
39.3761261719992,20.788224,66.5
39.38819248999971,20.827008000000003,66.718
39.40042345199981,20.827008000000003,67.062
39.412745233999885,20.827008000000003,66.875
39.42470870099987,20.865792000000003,66.593
39.43668243999946,20.865792000000003,66.75
39.44868129999941,20.904576000000002,66.468
39.4610539309997,20.904576000000002,66.593
39.47305333499935,20.788224,66.937
39.48500086599961,20.74944,66.562
39.49727067799995,20.710656,66.718
39.51074970699938,20.710656,66.656
39.52379822799958,20.710656,66.281
39.537223591999464,20.74944,66.625
39.54985581299934,20.788224,66.843
39.56213042499985,20.827008000000003,66.906
39.57435255599921,20.788224,66.531
39.5869389519994,20.788224,66.75
39.599482594999245,20.827008000000003,66.593
39.611728021999625,20.788224,66.687
39.624060780000036,20.788224,66.437
39.636140601999614,20.710656,66.625
39.64816586300003,20.788224,66.906
39.660150226999576,20.788224,66.531
39.67242787899977,20.827008000000003,66.812
39.68469484199977,20.827008000000003,66.718
39.697379833000014,20.865792000000003,66.593
39.70987601899924,20.904576000000002,66.656
39.722261161999995,20.904576000000002,66.968
39.73451266899974,20.904576000000002,66.687
39.74726908699995,20.904576000000002,66.718
39.75950504100001,20.865792000000003,66.593
39.771857478999664,20.865792000000003,66.343
39.78376516899971,20.74944,66.437
39.79608774999997,20.74944,66.656
39.80810785899939,20.710656,66.5
39.82011055899966,20.633088,66.75
39.83215005999955,20.667136,66.312
39.84579043799931,20.58944,66.281
39.859150295999825,20.594304,66.437
39.87261194899929,20.594304,66.718
39.88590332499916,20.671872,66.656
39.89822049799932,20.710656,66.437
39.91052950999983,20.710656,66.718
39.92310579399964,20.710656,66.437
39.93495629899917,20.710656,66.656
39.946609836999414,20.671872,66.906
39.958726588999525,20.633088,66.437
39.970883469,20.633088,66.812
39.98285999299969,20.594304,66.593
39.99510145199929,20.633088,66.718
40.00736291099929,20.671872,66.718
40.019655250999676,20.671872,67.031
40.03180131599947,20.671872,66.593
40.04406731899962,20.710656,66.781
40.05649374299992,20.788224,66.593
40.068602909999754,20.788224,66.843
40.08062103499924,20.788224,66.531
40.09300713799985,20.827008000000003,66.687
40.104951404999156,20.827008000000003,66.875
40.11732611499974,20.827008000000003,66.562
40.12928305399964,20.865792000000003,66.718
40.14124604099925,20.827008000000003,66.593
40.15319993999947,20.74944,66.781
40.16519975999927,20.710656,66.625
40.17867069299973,20.671872,66.875
40.192202747999545,20.710656,66.718
40.20568196899967,20.710656,66.437
40.21906915599993,20.788224,66.625
40.2311166569998,20.788224,66.437
40.243455111,20.788224,66.593
40.25598944199919,20.788224,66.968
40.26811640100004,20.827008000000003,66.906
40.28045882299921,20.788224,66.5
40.291904547999366,20.788224,66.718
40.30418971999916,20.710656,66.5
40.316231428999345,20.74944,66.656
40.32819697699961,20.788224,67.031
40.34013097099978,20.827008000000003,66.656
40.352176648999375,20.788224,66.875
40.36379777000002,20.710656,66.562
40.37616966499991,20.710656,66.687
40.38861973699932,20.74944,66.468
40.40078356199956,20.74944,66.718
40.41275266100001,20.788224,66.968
40.424728000999494,20.788224,66.5
40.43669473199952,20.827008000000003,66.718
40.448723513000004,20.827008000000003,66.468
40.46074803800002,20.865792000000003,66.656
40.47276209899974,20.827008000000003,66.687
40.48473215800004,20.74944,67.0
40.496809579999535,20.710656,66.5
40.51118207399941,20.633088,66.687
40.52457162899918,20.671872,66.562
40.53854263999983,20.671872,66.531
40.55219882599977,20.74944,66.312
40.564791877999596,20.74944,66.562
40.57697109499986,20.74944,66.843
40.589328461999685,20.74944,66.562
40.601410620000024,20.74944,66.875
40.61376443399968,20.74944,66.562
40.625872609,20.74944,66.656
40.63819701399916,20.671872,66.968
40.650131392999356,20.710656,66.656
40.66207562699947,20.74944,66.843
40.67403310999998,20.74944,66.843
40.68609792400002,20.788224,66.593
40.698442777999844,20.827008000000003,66.718
40.710765455,20.827008000000003,67.062
40.72310083699995,20.865792000000003,66.718
40.735949511999934,20.865792000000003,67.062
40.74799432599957,20.865792000000003,66.593
40.76005155599978,20.827008000000003,66.718
40.772093008999946,20.827008000000003,66.406
40.78379886899984,20.827008000000003,66.656
40.796348848999514,20.827008000000003,66.531
40.80888842799959,20.788224,66.843
40.82125452999935,20.74944,66.531
40.833723578999525,20.671872,66.718
40.84697607399994,20.633088,66.562
40.86052588899929,20.671872,66.343
40.8742553889997,20.710656,66.75
40.88748660299916,20.74944,66.468
40.90027434900003,20.788224,66.718
40.912635491999936,20.788224,66.5
40.925169854999695,20.788224,66.718
40.937668024999766,20.788224,66.656
40.9501980039995,20.74944,66.843
40.96158283099976,20.710656,66.562
40.973700221999934,20.633088,66.781
40.986201591999816,20.55552,66.468
40.99882389399954,20.55552,66.718
41.01089984399914,20.55552,66.531
41.02287230299953,20.594304,66.718
41.03483260199937,20.633088,66.875
41.04719374499928,20.633088,66.625
41.05949478899947,20.710656,66.875
41.07181407400003,20.710656,66.656
41.08373737999955,20.710656,66.593
41.095903572999305,20.74944,66.687
41.10784819199944,20.788224,66.875
41.1198722679992,20.788224,66.593
41.13191375399947,20.827008000000003,66.718
41.143847747999644,20.827008000000003,66.687
41.15585364799972,20.710656,66.875
41.16789049399995,20.710656,66.375
41.18170783599999,20.633088,66.812
41.19551701799992,20.633088,66.437
41.209085873999356,20.671872,66.718
41.22178097699998,20.710656,66.718
41.23390313699929,20.74944,66.406
41.246844166999836,20.74944,66.718
41.25945936399967,20.74944,67.0
41.27176271299959,20.74944,66.75
41.28388048799934,20.788224,66.843
41.29590053299944,20.74944,66.593
41.30825194699992,20.710656,66.781
41.32015410099939,20.710656,66.718
41.33231955699921,20.74944,67.093
41.34439569999995,20.788224,66.656
41.3565473639992,20.788224,66.937
41.36923309099984,20.827008000000003,66.656
41.38170966099915,20.865792000000003,66.75
41.3939612639997,20.865792000000003,66.625
41.406033469999784,20.865792000000003,66.812
41.41841118799948,20.904576000000002,67.062
41.43035177499951,20.904576000000002,66.718
41.44228109699998,20.904576000000002,66.875
41.454231572000026,20.943360000000002,66.656
41.46647472699988,20.943360000000002,66.531
41.478427025999736,20.865792000000003,66.656
41.49041228599981,20.827008000000003,66.906
41.502476299999216,20.788224,66.593
41.51486377799938,20.788224,66.718
41.528468602999965,20.788224,66.687
41.541553124999155,20.788224,66.437
41.55407158399976,20.865792000000003,66.593
41.56627163399935,20.788224,66.875
41.57838214499952,20.74944,66.531
41.589951136999844,20.74944,66.812
41.60233467999933,20.788224,66.625
41.61720424299983,20.74944,66.562
41.62920339199991,20.74944,66.718
41.64147121899987,20.710656,66.531
41.65342671799954,20.710656,66.687
41.665557613999226,20.74944,67.0
41.67760610699952,20.788224,66.656
41.689725450999504,20.788224,66.843
41.702161826999145,20.827008000000003,66.781
41.71463036399928,20.827008000000003,66.531
41.727086964999216,20.865792000000003,66.687
41.739711826999155,20.865792000000003,67.093
41.75208964099966,20.865792000000003,66.531
41.764390653999726,20.827008000000003,66.718
41.77696076199936,20.827008000000003,66.656
41.78934852899965,20.827008000000003,66.375
41.801384157999564,20.865792000000003,66.656
41.813401931000044,20.827008000000003,66.937
41.825129199,20.74944,66.656
41.83724214199992,20.74944,66.718
41.85150138499921,20.705984,66.593
41.86490633199992,20.671872,66.375
41.878684249999424,20.710656,66.531
41.89185466199979,20.74944,66.593
41.9045282929992,20.74944,66.75
41.91683906599974,20.788224,66.468
41.92941778199929,20.788224,66.75
41.94164019999971,20.788224,66.625
41.953541713999584,20.788224,66.593
41.9657612839992,20.74944,66.968
41.97797166999953,20.710656,66.625
41.98964456899921,20.671872,66.937
42.00175629599926,20.710656,66.5
42.013714322999476,20.74944,66.531
42.026452115999746,20.74944,66.718
42.03915643599976,20.788224,67.0
42.05163262099995,20.827008000000003,66.656
42.06413143099962,20.865792000000003,66.937
42.07643737199942,20.827008000000003,66.906
42.08893896599966,20.865792000000003,66.5
42.10122506599964,20.904576000000002,66.781
42.113205812999695,20.904576000000002,67.0
42.12515270399945,20.904576000000002,66.593
42.13712493999992,20.943360000000002,66.812
42.149295707999954,20.865792000000003,66.5
42.161305928999354,20.827008000000003,66.718
42.17345736899915,20.671872,66.312
42.18637823899917,20.628288,66.812
42.20010713099964,20.667136,66.375
42.213610000999324,20.633088,66.718
42.227015235999716,20.710656,66.687
42.23936031299945,20.710656,66.5
42.25206348099982,20.710656,66.687
42.264685525999994,20.74944,67.031
42.276988202999746,20.74944,66.625
42.28935347299921,20.74944,66.937
42.30173544799982,20.74944,66.781
42.314076781999574,20.671872,66.625
42.32623106999927,20.710656,66.718
42.33829866799988,20.74944,66.562
42.35044693999953,20.74944,66.75
42.36278488199969,20.74944,66.968
42.375056901999415,20.788224,66.656
42.38743327599968,20.827008000000003,66.812
42.399754224999924,20.865792000000003,66.625
42.41138257900002,20.827008000000003,66.875
42.42366627899992,20.865792000000003,67.062
42.43575566999971,20.904576000000002,66.875
42.44789942999978,20.904576000000002,66.656
42.45988856199983,20.904576000000002,66.812
42.47185209299914,20.943360000000002,66.593
42.48383696899964,20.827008000000003,66.687
42.495805875999395,20.827008000000003,67.031
42.50784544099952,20.74944,66.625
42.51996936099931,20.74944,66.75
42.53366257199923,20.74944,66.75
42.547322917999736,20.788224,66.531
42.560478129999865,20.827008000000003,66.625
42.57286020099946,20.827008000000003,66.406
42.585089626999434,20.827008000000003,66.937
42.59787238099943,20.827008000000003,66.687
42.61023409899917,20.865792000000003,66.937
42.62504583699956,20.788224,66.843
42.63717807699959,20.827008000000003,66.718
42.649135783999554,20.74944,66.75
42.66143622099935,20.788224,67.031
42.67372888099999,20.827008000000003,66.687
42.685997028999736,20.827008000000003,66.906
42.69805185799942,20.827008000000003,66.656
42.71097637599996,20.865792000000003,66.843
42.72294925099959,20.904576000000002,66.625
42.73519218199999,20.904576000000002,67.187
42.74758817299971,20.904576000000002,66.718
42.760510290999264,20.904576000000002,66.843
42.77303940599995,20.827008000000003,66.437
42.7849093979994,20.827008000000003,66.687
42.79622382399975,20.788224,66.375
42.80856826099989,20.827008000000003,66.687
42.82056532899969,20.710656,66.906
42.83251663600004,20.710656,66.593
42.844964244999574,20.667136,66.843
42.85750430400003,20.633088,66.656
42.871029573999294,20.633088,66.406
42.88360377799927,20.671872,66.531
42.897012245999576,20.710656,66.562
42.90942138899936,20.74944,66.875
42.92155081299916,20.74944,66.593
42.93337299599989,20.74944,66.75
42.94601232199966,20.74944,66.625
42.960621237999476,20.671872,66.937
42.97289108199948,20.633088,66.687
42.98486709299959,20.633088,67.031
42.9970081649999,20.633088,66.687
43.00912264499948,20.671872,66.812
43.021302277999894,20.671872,66.531
43.033595865999814,20.671872,66.718
43.04568103299971,20.710656,67.062
43.05774898299933,20.74944,66.937
43.07027521700002,20.788224,66.968
43.08219541899962,20.788224,66.937
43.094302601999516,20.827008000000003,66.593
43.10639330499998,20.827008000000003,66.687
43.11833395599933,20.865792000000003,67.062
43.13023364499986,20.865792000000003,66.625
43.14217752799959,20.904576000000002,66.906
43.154079136999826,20.788224,66.687
43.1660026669997,20.74944,66.718
43.17914271099926,20.671872,66.562
43.19150321300003,20.671872,66.531
43.20404893599971,20.710656,66.562
43.21790074399996,20.710656,66.781
43.23130588299955,20.788224,66.75
43.243948024999554,20.788224,66.562
43.2560943769995,20.788224,66.718
43.268395836999844,20.788224,66.562
43.28083307799989,20.827008000000003,66.968
43.29536119199929,20.74944,66.718
43.30739451699992,20.74944,66.906
43.31936332799978,20.710656,66.656
43.33170738199988,20.74944,66.812
43.34404621899921,20.788224,66.625
43.35631718299919,20.827008000000003,66.75
43.3682346329997,20.710656,66.937
43.38052265299939,20.710656,66.625
43.392635531999986,20.74944,66.812
43.4052211599992,20.788224,66.812
43.417346935999376,20.74944,66.687
43.429667852999955,20.827008000000003,66.656
43.44159727099941,20.827008000000003,67.0
43.453591042999506,20.827008000000003,66.718
43.46568142599972,20.865792000000003,66.781
43.47760553199987,20.865792000000003,66.687
43.48949690099926,20.788224,66.718
43.50142500699985,20.74944,66.437
43.51478556899929,20.671872,66.875
43.52796734200001,20.671872,66.468
43.54146889999993,20.671872,66.437
43.5556841409998,20.710656,66.718
43.568977212999926,20.74944,66.468
43.58132261099945,20.74944,66.718
43.593835052999566,20.788224,66.687
43.60665972799961,20.788224,66.937
43.618677116999606,20.788224,66.593
43.63286368499939,20.74944,66.812
43.64484190499934,20.74944,66.656
43.65677714699996,20.710656,66.843
43.668842344999575,20.74944,67.062
43.680953144999876,20.788224,66.906
43.693223020000005,20.788224,66.75
43.70583501700003,20.827008000000003,66.843
43.71823561599922,20.827008000000003,66.687
43.73068930499994,20.865792000000003,66.781
43.74334770399946,20.865792000000003,67.218
43.75609061599971,20.865792000000003,67.031
43.768420941999466,20.865792000000003,66.593
43.7799488769997,20.827008000000003,66.718
43.79195452099975,20.827008000000003,66.718
43.80328888299937,20.827008000000003,66.625
43.8152693739994,20.865792000000003,67.125
43.82721482499983,20.74944,66.781
43.83921083699988,20.710656,66.718
43.85170551899955,20.633088,66.468
43.86539344999983,20.671872,66.437
43.87896473699948,20.671872,66.593
43.89237813299951,20.74944,66.437
43.905136373999994,20.74944,66.562
43.91767576099937,20.74944,66.531
43.93020074699962,20.74944,66.906
43.94244806200004,20.788224,66.656
43.9544535469995,20.788224,66.687
43.96882191199984,20.671872,66.375
43.98066265599937,20.55552,67.031
43.99270900600004,20.550592,66.656
44.00470095399942,20.58944,66.843
44.01682352899934,20.594304,66.625
44.028843925999354,20.594304,66.75
44.04117933899943,20.633088,66.593
44.05333794799935,20.671872,66.718
44.065118625999276,20.671872,67.0
44.077327091999905,20.710656,66.75
44.08930316699934,20.710656,66.968
44.101685461999296,20.74944,66.531
44.11365523299992,20.74944,66.781
44.125639629000034,20.788224,66.562
44.13757007099957,20.788224,66.656
44.149504256999535,20.827008000000003,66.937
44.16144548399916,20.710656,66.625
44.173406198999146,20.710656,66.437
44.186960109999745,20.594304,66.687
44.20036844899914,20.594304,66.656
44.21405461999984,20.633088,66.812
44.22771202199965,20.671872,66.593
44.240825600999415,20.710656,66.593
44.25306101199931,20.710656,66.781
44.265613166999174,20.74944,66.656
44.27809664899996,20.74944,66.75
44.29022306399929,20.74944,66.687
44.304118168999594,20.710656,66.906
44.31609417999971,20.710656,66.718
44.328065519999654,20.671872,66.906
44.340459910999925,20.710656,66.593
44.35252117299933,20.710656,66.781
44.364529088999916,20.74944,67.156
44.37689803899957,20.74944,66.812
44.38843118999921,20.788224,67.0
44.400727306999215,20.827008000000003,66.718
44.41302803099916,20.827008000000003,67.0
44.425011050999274,20.827008000000003,66.718
44.43759565499931,20.865792000000003,66.687
44.4495786109992,20.865792000000003,66.968
44.46149321299981,20.904576000000002,66.875
44.47340224599975,20.904576000000002,66.625
44.48546376399918,20.865792000000003,66.812
44.49755609899967,20.788224,66.625
44.50955924699974,20.74944,66.718
44.522818493999694,20.710656,66.875
44.536330227999315,20.74944,66.718
44.5499189559996,20.74944,66.593
44.56305215199973,20.827008000000003,66.75
44.57456693399945,20.710656,66.343
44.58664067599966,20.710656,66.687
44.59921065599974,20.710656,66.625
44.61173794699971,20.710656,66.906
44.62394826899981,20.710656,66.656
44.63634349199947,20.671872,66.812
44.64842929899987,20.671872,66.687
44.66037183699973,20.633088,66.781
44.67272945900004,20.671872,67.062
44.68511501800003,20.710656,66.718
44.69719602399982,20.710656,67.093
44.70930743199915,20.710656,66.968
44.72177942500002,20.74944,66.656
44.73407058099929,20.788224,66.812
44.746653776999665,20.788224,67.281
44.75852690600004,20.827008000000003,66.781
44.77063642499979,20.827008000000003,66.906
44.78215120799996,20.788224,66.625
44.79413912399923,20.788224,66.75
44.80622384199978,20.788224,66.5
44.8183665459992,20.827008000000003,66.75
44.830280731999665,20.710656,67.062
44.84218170099939,20.671872,66.625
44.85579714999949,20.628288,66.531
44.86918206499922,20.628288,66.656
44.88230713199937,20.628288,66.593
44.89637331299946,20.633088,66.531
44.90982152499964,20.710656,66.593
44.92222846099958,20.710656,67.0
44.934733158999734,20.710656,66.906
44.94754916199963,20.710656,66.687
44.95971903499958,20.710656,66.875
44.97392358799971,20.671872,66.718
44.98610299699976,20.633088,67.093
44.99808175999988,20.55552,66.718
45.01044379799987,20.594304,66.937
45.02300875399942,20.671872,66.656
45.03573819399935,20.671872,66.875
45.04816074599967,20.710656,66.781
45.06107300799977,20.74944,67.125
45.07330099399951,20.788224,66.718
45.086074915999234,20.788224,67.156
45.098382679999304,20.788224,66.718
45.11068084499948,20.827008000000003,66.843
45.12266811999962,20.827008000000003,66.437
45.134840968999924,20.865792000000003,66.718
45.14727539299929,20.865792000000003,66.968
45.159263660999386,20.788224,66.875
45.17127106599946,20.671872,66.687
45.18328797399954,20.633088,66.718
45.195874178999475,20.58944,66.468
45.20939471299971,20.58944,66.906
45.222980688999996,20.628288,66.562
45.23594075899928,20.633088,66.781
45.24841464099973,20.671872,66.562
45.26112840099995,20.671872,66.843
45.273629354999684,20.710656,66.75
45.28648190199965,20.710656,66.687
45.29922455899941,20.710656,67.031
45.31352629899993,20.671872,66.718
45.32585515199935,20.667136,66.906
45.33812893199956,20.667136,66.656
45.3506630389993,20.705984,66.843
45.36281083099948,20.671872,66.625
45.37484972399943,20.710656,66.75
45.38733979799963,20.74944,66.718
45.399838511999405,20.74944,67.031
45.41249969399996,20.788224,66.687
45.42443858399929,20.788224,66.937
45.43670913200003,20.788224,66.593
45.448915133999435,20.827008000000003,66.718
45.46092669799964,20.827008000000003,67.0
45.473011672999746,20.865792000000003,66.593
45.48503370199978,20.865792000000003,66.937
45.4971217479997,20.788224,66.656
45.50908719899962,20.74944,66.75
45.521132844999556,20.705984,66.656
45.53443260499989,20.705984,66.906
45.547888561000036,20.744832,66.5
45.56131619699954,20.710656,66.5
45.574655605999396,20.788224,66.718
45.58706769299988,20.788224,66.5
45.59925411099994,20.788224,66.812
45.61165342999993,20.827008000000003,67.062
45.62367568299942,20.827008000000003,67.0
45.63818165199973,20.788224,66.718
45.65011625399984,20.788224,66.968
45.66232132799996,20.74944,66.656
45.674761321000005,20.74944,66.781
45.68712476699966,20.788224,67.093
45.699436562999836,20.788224,67.125
45.7117258319995,20.827008000000003,66.718
45.72410854199916,20.865792000000003,66.968
45.73645349199978,20.904576000000002,66.718
45.74887466799919,20.904576000000002,66.875
45.76055252699916,20.943360000000002,67.187
45.77372185099921,20.904576000000002,66.812
45.7866355849992,20.788224,66.468
45.799372640999536,20.788224,66.812
45.8116032199996,20.788224,66.468
45.82384557499972,20.827008000000003,66.75
45.836064120999254,20.710656,67.031
45.848310923999634,20.671872,66.812
45.86235729700002,20.58944,66.531
45.876246448999154,20.628288,66.5
45.890513787999225,20.628288,66.437
45.90454742399925,20.671872,66.718
45.91936901899953,20.710656,66.687
45.933034324999426,20.710656,67.0
45.94743049899989,20.710656,66.906
45.96112502199958,20.74944,66.875
45.97872048499994,20.667136,66.718
45.991464357999575,20.667136,67.156
46.00378569099939,20.628288,66.718
46.01643410499946,20.667136,66.937
46.028989363999244,20.705984,66.687
46.04160209699967,20.744832,66.718
46.054219630999796,20.710656,66.843
46.06746092499998,20.74944,67.218
46.08017090899921,20.788224,66.781
46.09259589299927,20.788224,66.968
46.10513825599992,20.788224,66.875
46.117358977999174,20.827008000000003,66.75
46.1295653319994,20.827008000000003,66.75
46.14166061099968,20.865792000000003,66.593
46.153834099999585,20.904576000000002,66.718
46.166054917999645,20.788224,66.906
46.178170356999544,20.74944,66.656
46.19053745099973,20.671872,66.593
46.20488450399989,20.671872,66.656
46.21929834299954,20.710656,66.718
46.233274345999234,20.74944,67.0
46.24794351999935,20.788224,66.875
46.25976336699932,20.788224,66.656
46.272418244999244,20.788224,66.906
46.28516243800004,20.827008000000003,66.625
46.299451185999715,20.827008000000003,67.187
46.3116321309999,20.788224,66.781
46.32372379299977,20.74944,67.031
46.33570713299923,20.74944,66.718
46.34820015099922,20.788224,67.0
46.36025686799985,20.788224,66.656
46.37244536599974,20.74944,66.781
46.385098771999765,20.705984,66.75
46.39758679799979,20.710656,66.937
46.410121575999256,20.74944,66.718
46.42224283999985,20.788224,66.937
46.434156450000046,20.788224,66.718
46.44624398399992,20.788224,66.812
46.45817346599961,20.827008000000003,67.062
46.47013229299955,20.827008000000003,66.718
46.48206673599998,20.865792000000003,66.937
46.49404028299978,20.865792000000003,66.718
46.50603997500002,20.788224,66.906
46.518153686000005,20.74944,66.812
46.53131398599999,20.671872,67.0
46.54490018599972,20.671872,66.593
46.558311533999586,20.710656,66.593
46.57139106399973,20.74944,66.781
46.583571720999316,20.788224,66.531
46.59613878899927,20.788224,66.781
46.60864585499985,20.788224,66.687
46.62116300099933,20.788224,67.218
46.633265959999335,20.788224,66.875
46.64533704599944,20.788224,66.875
46.65757677700003,20.74944,66.687
46.669504818999485,20.74944,66.937
46.68188711399944,20.74944,66.687
46.693985463999525,20.788224,66.875
46.70608887099934,20.788224,67.093
46.718360890999975,20.827008000000003,66.718
46.7306868959995,20.827008000000003,66.968
46.74312650399952,20.865792000000003,66.75
46.75557401699916,20.865792000000003,66.812
46.767750865999915,20.865792000000003,66.718
46.78027966099944,20.865792000000003,66.968
46.79272496499925,20.865792000000003,66.625
46.804990265000015,20.827008000000003,66.937
46.816981475999455,20.865792000000003,66.593
46.82892244699997,20.827008000000003,66.843
46.84091426699979,20.74944,66.687
46.85293623199959,20.74944,67.062
46.867047213999285,20.705984,66.625
46.879998323999644,20.671872,66.75
46.89373883299959,20.671872,66.656
46.90627959599988,20.74944,66.562
46.918683042999874,20.74944,66.718
46.93123900699993,20.74944,67.031
46.944335752999905,20.74944,67.0
46.95675113699963,20.788224,66.75
46.96921804199974,20.74944,66.906
46.98165528199934,20.710656,66.656
46.993816545999834,20.710656,66.843
47.00612933499997,20.671872,67.093
47.01827712699924,20.710656,66.781
47.03039192699998,20.710656,66.968
47.042822830999285,20.74944,66.75
47.05515024399938,20.74944,66.937
47.06689370499953,20.788224,66.875
47.07917833299962,20.827008000000003,67.093
47.091313292999985,20.827008000000003,66.843
47.103514333999556,20.827008000000003,67.031
47.11611513099979,20.865792000000003,66.75
47.12810909499967,20.865792000000003,66.875
47.14031292099935,20.904576000000002,66.656
47.15229798799919,20.904576000000002,66.781
47.164340465999885,20.865792000000003,67.156
47.17632172499998,20.788224,66.718
47.18834490599966,20.74944,66.937
47.20069651199992,20.710656,66.781
47.21435772199948,20.74944,66.468
47.22747798899945,20.74944,67.093
47.24082478999935,20.827008000000003,66.687
47.25297232599951,20.827008000000003,67.0
47.26521666499957,20.827008000000003,66.718
47.277440074999504,20.827008000000003,66.906
47.28947327199967,20.865792000000003,66.718
47.30154112599939,20.827008000000003,66.843
47.31460372799938,20.827008000000003,67.187
47.32720423699993,20.788224,67.093
47.33992561299965,20.788224,66.718
47.352442182999766,20.827008000000003,67.0
47.36494857699927,20.827008000000003,66.687
47.37727944599919,20.827008000000003,66.718
47.39031183899988,20.865792000000003,66.781
47.403319878999355,20.904576000000002,67.125
47.41638446499928,20.943360000000002,66.843
47.428645955999855,20.904576000000002,67.062
47.44116527799997,20.943360000000002,66.937
47.45343800199953,20.943360000000002,66.625
47.46578541599956,20.982144,66.781
47.4781207649994,20.982144,66.968
47.49034689599921,20.982144,66.843
47.50266697999996,20.865792000000003,67.093
47.51540931699947,20.827008000000003,66.906
47.52994223099995,20.788224,66.718
47.5448080189999,20.788224,67.0
47.558984923000025,20.788224,67.031
47.573203172999456,20.865792000000003,66.843
47.58712390999972,20.904576000000002,66.656
47.60046914299983,20.865792000000003,66.875
47.61389994699948,20.904576000000002,66.843
47.62647293499958,20.904576000000002,67.093
47.641675466999914,20.865792000000003,66.718
47.65401728099914,20.788224,66.781
47.66626177999933,20.827008000000003,66.906
47.67885191999994,20.827008000000003,66.781
47.691203173999384,20.865792000000003,66.937
47.70375001699995,20.865792000000003,67.25
47.716181016999144,20.904576000000002,66.843
47.728636754000036,20.943360000000002,66.75
47.74118641299992,20.943360000000002,66.968
47.75342169599935,20.943360000000002,66.781
47.76725023899962,20.982144,66.718
47.78026650299944,20.904576000000002,66.718
47.79286371499984,20.943360000000002,66.937
47.80519397699936,20.904576000000002,66.718
47.81743418699989,20.904576000000002,66.937
47.82970518299953,20.827008000000003,66.562
47.84192612899915,20.788224,66.812
47.85468001799927,20.710656,66.718
47.86920365199967,20.710656,66.625
47.883433005999905,20.710656,66.812
47.89813514099933,20.74944,66.781
47.9122397229994,20.827008000000003,66.625
47.925952263,20.827008000000003,66.625
47.93967257799977,20.827008000000003,66.718
47.95253715799936,20.865792000000003,67.187
47.96513267499995,20.827008000000003,67.0
47.97821610899973,20.788224,66.718
47.99123768499976,20.710656,66.968
48.003603658999964,20.74944,66.687
48.016087364999294,20.788224,67.156
48.028715809999994,20.788224,66.843
48.041345087999616,20.788224,67.062
48.054185379000046,20.827008000000003,66.718
48.06728036599998,20.865792000000003,66.968
48.079893386999174,20.904576000000002,66.968
48.092387299999245,20.865792000000003,67.218
48.10508570000002,20.904576000000002,66.718
48.11738917599996,20.904576000000002,66.906
48.12956346499959,20.943360000000002,66.718
48.14175817099931,20.943360000000002,66.781
48.15394458799983,20.943360000000002,66.718
48.16612982099923,20.865792000000003,67.218
48.17836657599946,20.827008000000003,66.687
48.19192983099947,20.74944,66.937
48.20579408699996,20.74944,66.718
48.220000207999874,20.788224,66.75
48.234288794999884,20.827008000000003,66.531
48.24829798299925,20.827008000000003,67.093
48.26113555399934,20.827008000000003,66.75
48.27414532199964,20.827008000000003,67.031
48.287402168999506,20.865792000000003,67.0
48.30368367599931,20.788224,66.875
48.316414076,20.788224,67.218
48.32904127299935,20.74944,66.75
48.34160702899953,20.74944,67.031
48.35402935699949,20.788224,66.875
48.366642089999914,20.827008000000003,66.968
48.37964100999943,20.827008000000003,66.937
48.392574006999894,20.865792000000003,66.656
48.405356984999344,20.904576000000002,66.875
48.41776993699932,20.865792000000003,67.218
48.430350060999444,20.904576000000002,67.062
48.442682177999814,20.904576000000002,66.718
48.45491611699981,20.943360000000002,66.875
48.46716563999962,20.943360000000002,66.625
48.47982566999963,20.982144,66.812
48.492056535999836,20.865792000000003,67.031
48.50429786699988,20.865792000000003,66.718
48.51705485999992,20.74944,66.593
48.53167254499931,20.788224,66.593
48.546197011000004,20.788224,67.031
48.56099076399914,20.827008000000003,66.718
48.57350739799949,20.865792000000003,67.0
48.58631040899945,20.904576000000002,66.718
48.599547414999506,20.904576000000002,66.75
48.612569662999704,20.904576000000002,67.0
48.62758838299942,20.865792000000003,66.875
48.64013029799935,20.865792000000003,67.187
48.652503760999934,20.788224,66.875
48.66469145799965,20.827008000000003,66.968
48.676946100999885,20.865792000000003,66.75
48.68924893699932,20.865792000000003,66.937
48.70149855599993,20.865792000000003,66.812
48.71385585799999,20.904576000000002,67.187
48.72620784799983,20.943360000000002,66.781
48.738962664999235,20.943360000000002,67.062
48.751255997000044,20.943360000000002,66.812
48.76473524999983,20.982144,66.656
48.77802777799934,20.982144,66.75
48.79029432599964,20.982144,67.093
48.80277019099958,20.943360000000002,66.625
48.81496988799972,20.904576000000002,66.968
48.82744754599935,20.827008000000003,66.656
48.839627690999805,20.788224,66.437
48.85355962799986,20.671872,66.75
48.86833226099952,20.710656,66.718
48.882484204999855,20.710656,66.593
48.89675131999957,20.74944,66.875
48.90973993499938,20.788224,66.625
48.9229436279993,20.788224,66.625
48.936143353999796,20.788224,66.75
48.94940839299943,20.788224,66.843
48.96458001299925,20.788224,67.031
48.97734910199961,20.710656,66.656
48.99006900599943,20.671872,66.718
49.002313152999704,20.671872,66.906
49.014511889999994,20.710656,67.125
49.02677658199991,20.74944,66.875
49.03933612899982,20.74944,67.093
49.05169055099941,20.788224,66.875
49.06405009299942,20.827008000000003,67.0
49.07675089299937,20.865792000000003,67.0
49.088929117999214,20.827008000000003,66.781
49.101698942999974,20.865792000000003,66.781
49.11390542499976,20.865792000000003,67.031
49.12607091299924,20.904576000000002,66.781
49.13821700899916,20.904576000000002,66.875
49.15043309199973,20.904576000000002,66.718
49.162622996999744,20.827008000000003,66.812
49.181564800999695,20.827008000000003,66.875
49.2082597159997,20.865792000000003,66.593
49.222912184999586,20.904576000000002,66.625
49.23703619199932,20.943360000000002,66.781
49.2505953509999,20.982144,66.843
49.26386957499926,20.943360000000002,67.156
49.27684804599994,20.982144,66.75
49.28940896899985,20.982144,66.75
49.30393170699972,20.904576000000002,66.968
49.3162219349997,20.904576000000002,66.781
49.328465601999596,20.865792000000003,67.25
49.34095717999935,20.904576000000002,66.843
49.35334280200004,20.943360000000002,67.156
49.36578842699964,20.943360000000002,66.906
49.378806418999375,20.982144,67.0
49.39191318199937,20.982144,66.968
49.40514551599972,21.020928,67.187
49.41780196199943,20.982144,66.937
49.430187744999785,21.020928,67.093
49.44239112299965,21.020928,66.812
49.454644645999906,21.020928,66.937
49.466868631999205,21.020928,66.781
49.479226029999154,21.059712,67.218
49.49144268799955,20.943360000000002,66.843
49.503630096999586,20.904576000000002,67.0
49.51724458599983,20.788224,66.875
49.531331055999544,20.827008000000003,66.625
49.545862561999456,20.827008000000003,66.531
49.559925286999714,20.865792000000003,66.75
49.57245270599924,20.904576000000002,67.031
49.58579256299981,20.904576000000002,67.0
49.59935616999974,20.904576000000002,66.75
49.612843902999884,20.904576000000002,66.781
49.62843111899929,20.904576000000002,66.718
49.64104449199931,20.865792000000003,66.843
49.65339740899981,20.827008000000003,67.093
49.66556280199984,20.827008000000003,66.843
49.678194191999864,20.865792000000003,67.062
49.690576325999245,20.865792000000003,66.75
49.70318019499973,20.865792000000003,66.75
49.71591949199956,20.904576000000002,66.937
49.72888416999922,20.943360000000002,67.187
49.74144211799921,20.982144,66.875
49.75358693399994,20.943360000000002,67.125
49.76595892399928,20.982144,67.031
49.7791905539998,20.982144,66.656
49.79234042199914,20.982144,66.718
49.805029572999956,20.943360000000002,67.031
49.81776128599995,20.943360000000002,67.062
49.82989454899962,20.827008000000003,66.812
49.84204870999929,20.788224,66.718
49.85614231599993,20.710656,66.75
49.87014766299944,20.710656,67.031
49.88431864699942,20.74944,66.968
49.89829202599958,20.788224,66.687
49.911028986999554,20.827008000000003,66.937
49.92379762799919,20.827008000000003,66.875
49.936858532999395,20.827008000000003,66.718
49.949507010999696,20.827008000000003,67.187
49.96440095899925,20.788224,66.843
49.97659691299941,20.788224,67.093
49.9892227979999,20.74944,66.75
50.001682246999735,20.74944,67.062
50.01420086500002,20.788224,66.718
50.026689498999986,20.788224,67.25
50.03889297299975,20.788224,66.906
50.0515305379995,20.827008000000003,67.125
50.064280779,20.865792000000003,66.75
50.07678803699946,20.904576000000002,67.093
50.088954645999365,20.904576000000002,66.843
50.101443183999436,20.904576000000002,67.218
50.113648320999346,20.943360000000002,66.781
50.12579761699999,20.943360000000002,67.062
50.13819709699965,20.943360000000002,66.718
50.15038316199934,20.982144,67.156
50.16267338999933,20.865792000000003,66.843
50.17501478699978,20.827008000000003,66.718
