t_s,power_w,temp_c
0.00046868699973856565,20.317504,67.031
0.016483761000017694,20.239808,66.718
0.02956373300003179,20.20096,66.593
0.04325201299980108,20.084416,66.718
0.056011429999671236,19.967872,67.031
0.06879897699946014,19.967872,67.0
0.0810212890000912,20.045568,66.812
0.09354946700022992,20.084416,67.093
0.10809246200005873,20.084416,67.062
0.12188842500017927,20.123264,67.343
0.13403118299993366,20.123264,67.062
0.14608126599978277,20.123264,67.343
0.15807413099992118,20.123264,67.062
0.17036838199965132,20.084416,67.218
0.18232930999965902,20.123264,67.0
0.19432537499960745,20.20096,67.187
0.20649399000012636,20.20096,67.625
0.21853594399999565,20.239808,67.375
0.23092856599942024,20.278655999999998,67.0
0.24275601799945434,20.356351999999998,67.218
0.2548852709996936,20.356351999999998,67.062
0.2668081499996333,20.356351999999998,67.218
0.2788793210002041,20.3952,67.468
0.29086687400013034,20.434047999999997,67.031
0.30338404400026775,20.472896000000002,67.312
0.31548494399976335,20.472896000000002,66.906
0.3276578149998386,20.472896000000002,67.187
0.33954782799992245,20.356351999999998,66.937
0.35102086899951246,20.278655999999998,67.062
0.36438635400008934,20.162112,66.968
0.3779433009995046,20.20096,67.125
0.3915808579995428,20.20096,67.031
0.40503316200010886,20.239808,66.937
0.4182721469996977,20.317504,67.062
0.4312279870000566,20.317504,67.0
0.4441410090003046,20.356351999999998,67.375
0.4570113419995323,20.356351999999998,67.031
0.46876804000021366,20.3952,67.25
0.4810444340000686,20.356351999999998,67.093
0.4930033780001395,20.3952,67.218
0.5049854259996209,20.317504,67.031
0.5175097319997803,20.356351999999998,67.437
0.5301270330000989,20.356351999999998,67.406
0.5417471499995372,20.3952,67.406
0.5541852770002151,20.3952,67.093
0.5665338660000998,20.434047999999997,67.25
0.5791582709998693,20.472896000000002,67.031
0.5915563649996329,20.516736,67.25
0.603474923000249,20.477952000000002,67.562
0.6156271849995392,20.516736,67.031
0.6281494109998675,20.472896000000002,67.218
0.6401292199998352,20.472896000000002,66.906
0.6520928359996105,20.439168000000002,66.906
0.6645427389994438,20.477952000000002,67.031
0.6769974429998911,20.434047999999997,67.406
0.6892149870000139,20.3952,66.937
0.7018112320001819,20.317504,67.218
0.7145743609999045,20.356351999999998,66.875
0.727203790999738,20.356351999999998,66.875
0.7407278729997415,20.3616,67.062
0.7538225010002861,20.439168000000002,67.343
0.7662989009995727,20.477952000000002,67.343
0.7785399019994657,20.477952000000002,67.062
0.7910960489998615,20.477952000000002,67.218
0.8031200830000671,20.516736,66.968
0.815235479999501,20.477952000000002,67.218
0.8275455709999733,20.477952000000002,67.5
0.8396534160001465,20.400384,67.218
0.8520005959999253,20.439168000000002,67.343
0.8642760619995897,20.477952000000002,67.187
0.87644310900032,20.477952000000002,67.312
0.8883917479997763,20.516736,67.218
0.900646541000242,20.55552,67.593
0.913232512999457,20.594304,67.062
0.9254992750002202,20.633088,67.5
0.937448011000015,20.594304,67.187
0.9498105510001551,20.633088,67.25
0.9619887979997657,20.671872,67.062
0.974100258999897,20.671872,67.187
0.9861216049994255,20.671872,67.312
0.9985005939997791,20.710656,67.093
1.010683448999771,20.633088,67.375
1.0228441279996332,20.594304,67.093
1.0369311399999788,20.477952000000002,66.906
1.050078794000001,20.477952000000002,67.437
1.06418887899963,20.516736,67.25
1.0780916929998057,20.55552,66.968
1.0906289590002416,20.594304,67.218
1.1030881750002663,20.633088,67.031
1.1156596829996488,20.633088,67.187
1.128137075000268,20.633088,66.968
1.1404604469998958,20.633088,67.5
1.1530287859995951,20.594304,67.156
1.164966929000002,20.633088,67.406
1.1772302990002572,20.55552,67.0
1.1896264730003168,20.594304,67.25
1.2019753169997784,20.633088,67.062
1.2144074919997365,20.633088,67.187
1.2258893959997295,20.55552,67.468
1.2373140829995464,20.516736,67.031
1.249784530999932,20.55552,67.218
1.2620494049997433,20.594304,67.031
1.2741459529997883,20.594304,67.281
1.2865824800001064,20.633088,67.562
1.2986622919997899,20.633088,67.468
1.3109061730001486,20.671872,67.125
1.323593747999439,20.671872,67.218
1.3352185369994913,20.671872,66.937
1.3474733619996186,20.55552,67.125
1.359652121000181,20.516736,66.937
1.3717880619997231,20.439168000000002,67.031
1.3852773910002725,20.439168000000002,66.937
1.398839489999773,20.439168000000002,67.187
1.4125293689994578,20.477952000000002,67.218
1.4260112419997313,20.55552,66.937
1.4383956069996202,20.594304,67.093
1.450859302999561,20.594304,67.437
1.4631620660002227,20.594304,67.343
1.4761104819999673,20.594304,67.062
1.4896997179994287,20.594304,67.312
1.501707911000267,20.594304,67.125
1.5139732319994437,20.516736,67.281
1.5260923089999778,20.55552,67.625
1.5381851450001705,20.55552,67.156
1.5505188209999687,20.55552,67.437
1.5625642320001134,20.594304,67.375
1.5753625620000093,20.633088,67.093
1.5875570660000449,20.671872,67.218
1.599845908000134,20.710656,67.656
1.6119728889998441,20.671872,67.187
1.6244636259998515,20.710656,67.343
1.6365126840000812,20.710656,67.125
1.6485486550000132,20.74944,67.343
1.6605305430002772,20.74944,66.906
1.6725288159996126,20.788224,67.156
1.6845468339997751,20.671872,67.468
1.6966623259995686,20.671872,67.218
1.710947104999832,20.55552,67.25
1.7245545169998877,20.55552,66.968
1.7382110199996532,20.594304,67.031
1.7518880030002038,20.633088,67.093
1.7639615420002883,20.671872,67.406
1.7763559879995228,20.671872,67.093
1.7889922650001608,20.710656,67.375
1.801758530999905,20.710656,67.093
1.8143133659996238,20.710656,67.281
1.8260817109994605,20.55552,66.937
1.8382939109997096,20.516736,67.437
1.8506288030002906,20.477952000000002,67.156
1.863005264000094,20.477952000000002,67.281
1.8751798949997465,20.516736,67.125
1.8874371199999587,20.55552,67.312
1.8993959359995642,20.55552,67.125
1.911505379999653,20.594304,67.218
1.92387323299954,20.633088,67.562
1.935976500999459,20.671872,67.031
1.9479399570000169,20.633088,67.468
1.9604253500001505,20.671872,67.031
1.9724457679994885,20.710656,67.25
1.9844472730001144,20.710656,67.156
1.996418536999954,20.710656,67.468
2.0085509259997707,20.74944,67.156
2.020478669000113,20.671872,67.406
2.0323941870001363,20.633088,66.937
2.045133507999708,20.55552,67.156
2.0583921409997856,20.55552,67.031
2.0720897330002117,20.55552,67.312
2.0860811900001863,20.594304,67.312
2.099464979000004,20.633088,66.968
2.1122208449996833,20.671872,67.218
2.124803327999871,20.671872,67.031
2.137567929999932,20.671872,67.218
2.150050154999917,20.671872,67.218
2.1622906749998947,20.633088,67.468
2.174520411999765,20.633088,67.218
2.1869089049996546,20.594304,67.375
2.199338391999845,20.633088,67.125
2.2118054800002938,20.671872,67.25
2.224309016999541,20.671872,67.687
2.236438398000246,20.671872,67.562
2.2489319509995767,20.710656,67.218
2.261527298999681,20.74944,67.375
2.274074293999547,20.74944,67.25
2.2860879270001533,20.788224,67.218
2.298626504999447,20.788224,67.531
2.3112036769998667,20.827008000000003,67.062
2.3230848579996746,20.827008000000003,67.375
2.335181341999487,20.788224,67.218
2.347325283999453,20.74944,67.218
2.3584554009994463,20.633088,67.031
2.3703921039996203,20.633088,67.25
2.3845128769999064,20.550592,67.031
2.3982668219996413,20.516736,67.0
2.412020926999503,20.516736,67.125
2.425905531999888,20.55552,67.218
2.4386765979998017,20.55552,66.812
2.4513667330002136,20.516736,67.062
2.464107781999701,20.516736,67.468
2.476941762000024,20.516736,67.343
2.4923067660001834,20.58944,67.093
2.504413714999828,20.550592,67.281
2.5165196389998528,20.550592,67.281
2.528697245999865,20.472896000000002,67.562
2.5406460129997868,20.472896000000002,67.187
2.553012297999885,20.511744,67.468
2.564969000999554,20.511744,67.125
2.577413369000169,20.550592,67.312
2.5897155869997732,20.58944,67.125
2.6018726490001427,20.594304,67.25
2.614261142999567,20.633088,67.593
2.6262460389998523,20.594304,67.5
2.6386812539994935,20.633088,67.312
2.6506238450001547,20.671872,67.25
2.662561187999927,20.671872,67.031
2.674549925000065,20.710656,67.093
2.6865070439998817,20.710656,67.656
2.6984698280002704,20.633088,67.218
2.7104063389997464,20.594304,67.281
2.7231503960001646,20.516736,67.062
2.736650189000102,20.55552,66.937
2.750301154999761,20.55552,67.062
2.76367399999981,20.594304,67.468
2.775714577999679,20.633088,67.062
2.788235170999542,20.671872,67.125
2.8009064580000995,20.671872,67.406
2.813631154000177,20.671872,67.375
2.827966717999516,20.671872,67.093
2.8399877439997,20.633088,67.218
2.851981183999669,20.633088,67.562
2.864804155999991,20.594304,67.218
2.877285259999553,20.594304,67.437
2.889399441000023,20.633088,67.062
2.9015572709995467,20.633088,67.343
2.913982436999504,20.671872,67.062
2.926249647000077,20.710656,67.562
2.938464758999544,20.74944,67.218
2.9510944120002023,20.710656,67.656
2.9632762430001094,20.74944,67.093
2.975431320000098,20.788224,67.406
2.9874239929995383,20.788224,66.968
2.999367895999967,20.788224,67.093
3.0113628409999365,20.827008000000003,67.406
3.023550463999527,20.74944,67.093
3.0362669360001746,20.594304,67.218
3.0483402509998996,20.594304,67.156
3.0610435070002495,20.516736,66.906
3.0745779890003178,20.516736,66.968
3.088085718000002,20.55552,66.968
3.1013753609995547,20.594304,67.218
3.1136730990001524,20.633088,67.093
3.126341408999906,20.633088,67.218
3.1392408949996025,20.671872,67.218
3.1513221469995187,20.671872,67.625
3.1654899289997047,20.633088,67.218
3.177517866999551,20.633088,67.437
3.189826773999812,20.594304,67.125
3.2017954779994398,20.594304,67.312
3.2139933409998775,20.633088,67.343
3.2260796809996464,20.671872,67.656
3.2381747889994585,20.671872,67.281
3.250157925000167,20.710656,67.531
3.262776345999555,20.74944,67.218
3.2755056819996753,20.788224,67.406
3.2878455339996435,20.74944,67.25
3.300055044999681,20.788224,67.25
3.312322767000296,20.827008000000003,67.218
3.3251926840002852,20.827008000000003,67.468
3.336902818999988,20.827008000000003,67.062
3.3489493489996676,20.827008000000003,67.25
3.3609960080002566,20.74944,66.968
3.373038378000274,20.671872,67.218
3.3851738389994352,20.594304,67.437
3.398801667999578,20.55552,67.312
3.41243829799987,20.594304,66.968
3.4257063069999276,20.594304,66.937
3.4392317009996987,20.671872,67.125
3.452047599999787,20.671872,66.968
3.464481214999978,20.671872,67.218
3.4772689849996823,20.671872,67.437
3.489712296000107,20.710656,67.437
3.5041122780003207,20.671872,67.125
3.5160939739998867,20.671872,67.375
3.5280518929994287,20.633088,67.0
3.5403095659994506,20.633088,67.218
3.5523843219998525,20.633088,67.531
3.5644765810002355,20.671872,67.218
3.576678188999722,20.671872,67.406
3.5887027660000967,20.671872,67.375
3.601200799000253,20.710656,67.093
3.613619916999596,20.74944,67.312
3.625571757000216,20.671872,67.562
3.637757268000314,20.633088,67.125
3.649929017999966,20.671872,67.312
3.661892858000101,20.671872,66.968
3.6738584570002786,20.710656,67.156
3.685827385000266,20.74944,66.968
3.697782360999554,20.671872,67.312
3.70973192800011,20.633088,67.625
3.7217762499994933,20.55552,67.281
3.735316843999499,20.55552,66.968
3.749175017000198,20.55552,67.125
3.7622663490001287,20.594304,67.093
3.7758409919997575,20.633088,67.468
3.788116810000247,20.671872,67.0
3.7999127080001927,20.671872,67.343
3.8127911689998655,20.671872,67.375
3.8278002899996864,20.710656,67.156
3.8401789270001245,20.671872,67.218
3.8524713850001717,20.633088,67.218
3.864657248000185,20.594304,67.593
3.8766013429994928,20.633088,67.187
3.8885917759998847,20.671872,67.406
3.900724612999511,20.671872,67.187
3.9130622249995213,20.671872,67.312
3.925026959999741,20.710656,67.687
3.937212886999987,20.74944,67.281
3.9489615519996732,20.788224,67.656
3.9609039830002075,20.74944,67.281
3.9732856919999904,20.788224,67.312
3.985285789000045,20.827008000000003,67.062
3.9972799649995068,20.827008000000003,67.25
4.009404546000042,20.827008000000003,67.5
4.021366817999478,20.865792000000003,67.156
4.033321697000247,20.74944,67.468
4.04526867200002,20.74944,67.218
4.0588878609996755,20.633088,67.031
4.072324355999626,20.633088,66.937
4.085804692000238,20.633088,67.0
4.099760435999997,20.710656,67.093
4.113574158999654,20.710656,67.25
4.126329191999503,20.710656,67.062
4.138039552000009,20.710656,67.281
4.150716246000229,20.74944,67.25
4.166106308000053,20.710656,67.562
4.178082947999428,20.710656,67.187
4.190269578999505,20.671872,67.468
4.202237673999662,20.671872,67.187
4.214340974999686,20.671872,67.312
4.2263696479994906,20.671872,67.031
4.238548886999524,20.594304,67.562
4.250836641000205,20.594304,67.218
4.263807520999762,20.633088,67.468
4.275973447000069,20.671872,67.125
4.288662750000185,20.671872,67.406
4.300756128999637,20.671872,67.125
4.313027082999724,20.710656,67.218
4.325395191000098,20.74944,67.125
4.33793626500028,20.710656,67.406
4.350232468000286,20.710656,67.0
4.362694147000184,20.710656,67.218
4.374696932000006,20.594304,67.0
4.386661059999824,20.55552,67.343
4.400679972999569,20.439168000000002,67.031
4.414284024999688,20.439168000000002,67.312
4.426607780000268,20.477952000000002,67.187
4.440338141000211,20.516736,67.031
4.453628198999468,20.55552,67.156
4.466226522999932,20.594304,67.156
4.47937279999951,20.594304,67.531
4.49206037499971,20.594304,67.187
4.506467524999607,20.594304,67.406
4.518520519000049,20.594304,67.125
4.5304929029998675,20.594304,67.312
4.542435813999873,20.516736,67.218
4.554749873000219,20.516736,67.531
4.567238976999761,20.55552,67.218
4.57955265199962,20.55552,67.375
4.591647375999855,20.594304,67.218
4.603814741999486,20.633088,67.312
4.616354472000239,20.671872,67.156
4.628804598999523,20.671872,67.375
4.640725588999885,20.671872,67.593
4.652770806999797,20.710656,67.468
4.664755287999469,20.710656,67.093
4.676731319999817,20.710656,67.25
4.688695990999804,20.74944,67.062
4.700632373999724,20.74944,67.343
4.712664503999804,20.633088,67.593
4.724701113999799,20.633088,67.062
4.73904048500026,20.55552,67.0
4.752637528999912,20.55552,67.125
4.766180843000257,20.594304,67.125
4.779529110999647,20.633088,67.562
4.79212602699954,20.671872,67.125
4.8040523620002205,20.671872,67.375
4.816933062999851,20.671872,67.156
4.8294189349999215,20.594304,67.031
4.844313589000194,20.516736,67.218
4.8564494659995034,20.516736,67.593
4.868535740999505,20.516736,67.281
4.88047794799968,20.477952000000002,67.5
4.89317169900005,20.516736,67.406
4.90525967099984,20.516736,67.187
4.91729695199956,20.55552,67.343
4.9293224900002315,20.594304,67.093
4.940890189000129,20.633088,67.218
4.953262105999784,20.671872,67.625
4.965474400999483,20.671872,67.312
4.977427167999849,20.671872,67.531
4.989938832999542,20.710656,67.093
5.00191752199953,20.710656,67.218
5.013953362999928,20.74944,67.593
5.025950899999771,20.788224,67.156
5.037926611999865,20.710656,67.656
5.049902867999663,20.671872,67.218
5.062012215999857,20.594304,67.062
5.075511369000196,20.594304,67.156
5.0889139109995085,20.594304,67.437
5.102334917000007,20.633088,67.343
5.115443496999433,20.671872,67.125
5.127691089999644,20.710656,67.343
5.139390888999515,20.710656,67.125
5.151894202000221,20.710656,67.25
5.164231269999618,20.710656,67.312
5.177628082999945,20.710656,67.531
5.189684181999837,20.710656,67.187
5.201733207999496,20.671872,67.437
5.213926270999764,20.671872,67.187
5.22589676699954,20.710656,67.375
5.237879518999762,20.74944,67.218
5.250094117999652,20.74944,67.218
5.262573013999827,20.788224,67.562
5.275358416000017,20.788224,67.5
5.287911745999736,20.865792000000003,67.25
5.299903426999663,20.827008000000003,67.437
5.312297008000314,20.865792000000003,67.093
5.324951558000066,20.865792000000003,67.218
5.337107755000034,20.865792000000003,67.562
5.349449942999854,20.865792000000003,67.062
5.361702848000277,20.865792000000003,67.343
5.3731091009995,20.710656,67.062
5.385086221000165,20.671872,67.25
5.397258291000071,20.633088,67.125
5.411005580000165,20.594304,67.343
5.423856583999623,20.633088,67.25
5.437373849000323,20.516736,66.875
5.45130859999972,20.55552,67.125
5.464452924999932,20.594304,67.187
5.476661124000202,20.594304,67.593
5.489608290999968,20.594304,67.187
5.502401820999694,20.594304,67.5
5.5145420509998075,20.594304,67.156
5.526586948999466,20.594304,67.343
5.538947920999817,20.55552,67.25
5.5516762970000855,20.477952000000002,67.093
5.563677192999421,20.516736,67.25
5.575201851000202,20.516736,67.5
5.587158970000019,20.55552,67.218
5.599300703000154,20.55552,67.437
5.611734957999943,20.633088,67.156
5.624060152999846,20.671872,67.312
5.63652964099947,20.671872,67.718
5.6484645829996225,20.671872,67.218
5.660639085000184,20.710656,67.406
5.672613421000278,20.710656,67.093
5.684582156999568,20.74944,67.375
5.696524107999721,20.74944,66.968
5.7084686500002135,20.710656,67.343
5.720433865999439,20.671872,67.687
5.732580431000315,20.633088,67.468
5.745509645999846,20.55552,67.031
5.759378122000271,20.55552,67.218
5.7725356319997445,20.594304,67.187
5.786193701999764,20.671872,67.031
5.799110756000118,20.671872,67.468
5.811662582000281,20.671872,67.093
5.824592596000002,20.671872,67.312
5.836645047000275,20.710656,67.156
5.850691513000129,20.671872,67.343
5.862628023999605,20.671872,67.281
5.874749179999526,20.633088,67.593
5.886853695999889,20.633088,67.281
5.898876512999777,20.633088,67.468
5.910831680999763,20.671872,67.218
5.922841345999586,20.671872,67.437
5.934948582000288,20.671872,67.125
5.947133644000132,20.74944,67.312
5.959310610999637,20.74944,67.437
5.971458680000069,20.74944,67.25
5.98371244899954,20.788224,67.406
5.99577728300028,20.788224,67.187
6.00776950799991,20.827008000000003,67.218
6.019781860999501,20.827008000000003,67.062
6.032137424999746,20.74944,67.406
6.044465211999523,20.671872,67.125
6.056493725999644,20.594304,67.406
6.068532862999746,20.58944,67.093
6.082176820999848,20.550592,67.156
6.095860458999596,20.55552,67.031
6.109764456999983,20.55552,67.437
6.123103093000282,20.633088,67.375
6.135998929999914,20.633088,67.125
6.148486721999689,20.633088,67.218
6.160580581999966,20.633088,67.062
6.174562821999643,20.671872,67.687
6.186575366999932,20.633088,67.218
6.198559942999964,20.633088,67.531
6.210608200999559,20.55552,67.218
6.2229843739996795,20.594304,67.406
6.235036248000142,20.633088,67.187
6.247244479999608,20.633088,67.312
6.259572074999596,20.671872,67.656
6.271879476999857,20.710656,67.25
6.284254305000104,20.74944,67.531
6.296637102000204,20.788224,67.406
6.308589645000211,20.74944,67.218
6.3210574049999195,20.788224,67.218
6.3334581219996835,20.827008000000003,67.625
6.345537549000255,20.827008000000003,67.187
6.357143616999565,20.74944,67.375
6.369428138999865,20.74944,66.968
6.38153246299953,20.671872,67.281
6.393516815000112,20.633088,67.062
6.405663251999613,20.55552,67.562
6.419092033999732,20.55552,67.062
6.432606835000115,20.55552,67.218
6.445130277000317,20.594304,67.25
6.458546353999736,20.633088,67.062
6.47055147500032,20.671872,67.187
6.482981633999771,20.671872,67.031
6.495838781000202,20.671872,67.218
6.508165960999577,20.710656,67.593
6.520139176000157,20.671872,67.156
6.532096807000016,20.633088,67.406
6.5442100919999575,20.594304,67.187
6.55626538999968,20.55552,67.125
6.56861944999946,20.594304,67.281
6.58057848899989,20.633088,67.562
6.592519320000065,20.633088,67.218
6.604509943999801,20.671872,67.468
6.616988775999744,20.710656,67.125
6.6291388929994355,20.710656,67.25
6.641556890999709,20.633088,67.656
6.653544955000143,20.594304,67.187
6.665760193999631,20.633088,67.343
6.6777067849998275,20.671872,67.125
6.689682528999583,20.671872,67.375
6.701703777999683,20.710656,67.031
6.7137946619996,20.710656,67.312
6.72575277299984,20.594304,67.718
6.737772741999834,20.594304,67.312
6.750911018999432,20.516736,67.031
6.76369590899958,20.516736,67.218
6.777352121999684,20.55552,67.156
6.789736838999488,20.594304,67.0
6.8016708539998945,20.633088,67.187
6.814536834000137,20.671872,67.468
6.827111605000027,20.671872,67.156
6.839868621999813,20.671872,67.187
6.853628775000288,20.671872,67.406
6.865633446999709,20.671872,67.125
6.878025332000107,20.633088,67.218
6.890128279999772,20.633088,67.593
6.902083031000075,20.671872,67.218
6.913577479999731,20.671872,67.468
6.9255595269996775,20.710656,67.218
6.937858385999789,20.710656,67.312
6.950174395999966,20.74944,67.093
6.962301792999824,20.788224,67.593
6.97456596200027,20.788224,67.406
6.98685528399983,20.788224,67.468
6.9988015859998995,20.827008000000003,67.218
7.010724816999755,20.827008000000003,67.312
7.022637101999862,20.865792000000003,67.062
7.034570957000142,20.865792000000003,67.312
7.046528971999578,20.788224,67.593
7.058489066999755,20.74944,67.25
7.070491276000212,20.671872,67.406
7.082905913000104,20.671872,67.062
7.096398761999808,20.671872,66.968
7.109847896999781,20.710656,67.156
7.122295240000312,20.74944,67.437
7.134618451000279,20.788224,67.156
7.147058241000195,20.788224,67.406
7.159613011000147,20.788224,67.312
7.173331050999877,20.788224,67.218
7.185833851999632,20.788224,67.312
7.197806362999472,20.74944,67.593
7.209918622999794,20.710656,67.218
7.222210344999439,20.710656,67.5
7.234332909999466,20.633088,67.375
7.246451922000233,20.633088,67.281
7.257652473000235,20.633088,67.093
7.269657785000163,20.633088,67.593
7.281832703999498,20.710656,67.25
7.294485044999419,20.710656,67.437
7.306649018999451,20.710656,67.343
7.3189371239996035,20.74944,67.375
7.331448117000036,20.788224,67.093
7.343349457999466,20.788224,67.156
7.355674397000257,20.74944,67.468
7.368132716000218,20.74944,67.312
7.380390260999775,20.74944,67.218
7.392525113999909,20.633088,67.468
7.404706432000239,20.594304,66.906
7.4171271180002805,20.516736,67.125
7.430684480000309,20.516736,67.093
7.4440961099999186,20.55552,67.25
7.457576861999769,20.594304,67.031
7.470429592999608,20.633088,67.25
7.483381303999522,20.633088,67.218
7.496388280999781,20.671872,67.656
7.509222867999597,20.671872,67.5
7.5234060739994675,20.671872,67.218
7.535582303999945,20.633088,67.468
7.547622305999539,20.594304,67.156
7.559183284999563,20.594304,67.312
7.571199732999958,20.594304,67.125
7.5833642509996935,20.633088,67.25
7.595431390000158,20.671872,67.593
7.607421949999662,20.671872,67.218
7.620026642000084,20.710656,67.468
7.632216791999781,20.74944,67.375
7.6445059859997855,20.74944,67.25
7.656878382000286,20.74944,67.281
7.6691031580003255,20.788224,67.593
7.68112107900015,20.788224,67.156
7.693104631000097,20.788224,67.281
7.705107959000088,20.827008000000003,67.062
7.717140505000316,20.74944,67.281
7.7291134639999655,20.710656,67.625
7.741255613000249,20.633088,67.531
7.75482254399958,20.633088,67.031
7.768396994999421,20.633088,67.312
7.782339712999601,20.671872,67.218
7.79565582000032,20.710656,67.0
7.8087432789998275,20.74944,67.156
7.820564458000263,20.74944,67.593
7.833616427999914,20.710656,67.312
7.8470283139995445,20.633088,67.156
7.859255520999795,20.594304,67.281
7.871335652000198,20.55552,67.156
7.883955065000009,20.516736,67.218
7.8960343319995445,20.55552,67.656
7.908222113999727,20.55552,67.562
7.920494027000132,20.594304,67.218
7.932584174999647,20.633088,67.437
7.944645008999942,20.633088,67.125
7.957255268999688,20.671872,67.312
7.970024190000004,20.710656,67.687
7.98201938999955,20.671872,67.281
7.994191075999879,20.710656,67.468
8.00620182900002,20.74944,67.218
8.01821898199978,20.74944,67.218
8.03017891699983,20.788224,67.187
8.042491887999859,20.788224,67.687
8.054462639000121,20.710656,67.218
8.066458735000197,20.671872,67.312
8.07848888099943,20.594304,67.125
8.09213885400004,20.633088,67.187
8.104590197000107,20.633088,67.218
8.118189609000183,20.633088,67.468
8.131426928999645,20.710656,67.187
8.143440560999807,20.710656,67.343
8.156143911999607,20.710656,67.343
8.16832004600019,20.710656,67.125
8.18055512599949,20.74944,67.375
8.192855039999813,20.710656,67.718
8.204826655999568,20.710656,67.25
8.216915266999422,20.633088,67.562
8.229266638999434,20.671872,67.187
8.241348274000302,20.671872,67.468
8.253481110999928,20.710656,67.218
8.265858691000176,20.710656,67.375
8.27822612699947,20.74944,67.593
8.290881539999646,20.788224,67.531
8.303398453000227,20.827008000000003,67.312
8.31599972099957,20.827008000000003,67.531
8.328950663999422,20.865792000000003,67.125
8.34159023600023,20.865792000000003,67.031
8.354015050000271,20.904576000000002,67.218
8.366494330000023,20.865792000000003,67.375
8.378100013999756,20.865792000000003,67.218
8.390336501999627,20.74944,67.406
8.402348661999895,20.710656,67.0
8.415912745000242,20.594304,67.0
8.429291092999847,20.594304,67.093
8.4427281950002,20.594304,67.406
8.455900136999844,20.516736,67.281
8.469440890999977,20.55552,66.968
8.481839143999423,20.594304,67.156
8.494411419000244,20.594304,67.031
8.506303191999905,20.594304,67.625
8.522266615000262,20.633088,67.218
8.534304631999476,20.594304,67.5
8.54674269499992,20.55552,67.156
8.558452573999602,20.477952000000002,67.25
8.570437886000036,20.516736,67.25
8.582720006999807,20.516736,67.656
8.594747592000203,20.55552,67.343
8.606883340999957,20.55552,67.437
8.619005648999519,20.594304,67.218
8.631484513000032,20.633088,67.312
8.643618436999532,20.671872,67.218
8.655742922000172,20.633088,67.406
8.667296476000047,20.710656,67.593
8.679256986999462,20.710656,67.25
8.691318909000074,20.74944,67.406
8.703594374000204,20.74944,67.156
8.715644840000095,20.788224,67.406
8.727609542999744,20.671872,67.093
8.73957123800028,20.633088,67.281
8.751578823000273,20.594304,67.218
8.764877488999446,20.594304,67.312
8.77809896799954,20.594304,67.281
8.791696555999806,20.633088,67.093
8.804059160000179,20.671872,67.187
8.816875282000183,20.710656,67.593
8.829172667999956,20.710656,67.187
8.841638666999643,20.710656,67.125
8.855737455000053,20.710656,67.406
8.867711213999428,20.671872,67.156
8.879761424000208,20.671872,67.281
8.891865972000232,20.633088,67.718
8.903924694000125,20.671872,67.281
8.916199295000297,20.671872,67.625
8.92824592099987,20.710656,67.218
8.940641678000247,20.710656,67.25
8.953054651999992,20.74944,67.5
8.965506089999508,20.788224,67.187
8.977833300999919,20.788224,67.343
8.989757618999647,20.788224,67.718
9.002258722999613,20.827008000000003,67.156
9.014240258999962,20.827008000000003,67.406
9.026172896999924,20.827008000000003,67.156
9.038535404999493,20.74944,67.218
9.050716562999696,20.74944,67.593
9.062770677000117,20.633088,67.187
9.07471742799953,20.594304,67.531
9.086713812000198,20.516736,67.281
9.100082975999612,20.516736,66.968
9.113914843000202,20.55552,67.031
9.127549584000008,20.594304,67.125
9.14106732900018,20.633088,67.5
9.153852794999693,20.671872,67.468
9.166516303999742,20.671872,67.187
9.178648852999686,20.671872,67.25
9.191039008999724,20.671872,67.218
9.203072514999803,20.633088,67.281
9.215700118999848,20.633088,67.656
9.227829595999538,20.594304,67.218
9.239790331000222,20.594304,67.562
9.252053346999674,20.633088,67.437
9.264308587999949,20.671872,67.25
9.276597045000017,20.671872,67.312
9.28887052600021,20.710656,67.718
9.301201800999479,20.74944,67.156
9.31374556299943,20.788224,67.468
9.325735962999715,20.74944,67.25
9.338097765999919,20.788224,67.281
9.3509012479999,20.827008000000003,67.187
9.36268421800014,20.827008000000003,67.593
9.37499206800021,20.788224,67.093
9.386986116000116,20.74944,67.375
9.398731995999697,20.671872,67.125
9.410702362999473,20.633088,67.218
9.422825439000007,20.55552,67.125
9.436378448999676,20.55552,67.031
9.449414611000066,20.594304,67.062
9.462893601999895,20.594304,67.312
9.476214925000022,20.671872,67.312
9.488967236999997,20.710656,67.156
9.501348400999632,20.710656,67.281
9.513743358000283,20.710656,67.718
9.526137930999539,20.710656,67.312
9.538225933999456,20.671872,67.531
9.550158347999968,20.671872,67.187
9.562223726999946,20.594304,67.468
9.574198061999596,20.594304,67.062
9.586242927999592,20.633088,67.218
9.598376083999938,20.633088,67.718
9.610303442000259,20.671872,67.218
9.622454135000226,20.710656,67.25
9.634890532999634,20.710656,67.343
9.64768086299955,20.633088,67.093
9.659052555000017,20.594304,67.375
9.670984936999957,20.633088,67.718
9.68344968800011,20.671872,67.218
9.695422582999527,20.671872,67.437
9.707359189999806,20.710656,67.093
9.719407671000226,20.710656,67.312
9.73142191199986,20.671872,67.156
9.743418647999533,20.633088,67.343
9.755386359000113,20.55552,67.562
9.768896296000094,20.55552,67.406
9.782650463999744,20.55552,67.0
9.795442970000295,20.594304,67.031
9.80886685599944,20.633088,67.218
9.821137039999485,20.671872,67.156
9.833363447999545,20.671872,67.218
9.846026477000123,20.671872,67.562
9.858807974999763,20.671872,67.468
9.872762820999924,20.671872,67.156
9.884898473999783,20.633088,67.406
9.897419707000154,20.594304,67.187
9.909577855999487,20.633088,67.25
9.921692547999555,20.633088,67.625
9.933845448999818,20.671872,67.281
9.945852969999578,20.671872,67.468
9.957980526000028,20.710656,67.406
9.970638850999421,20.74944,67.156
9.983030192000115,20.788224,67.343
9.994934892999481,20.74944,67.687
10.007268247999491,20.788224,67.218
10.01923938300024,20.788224,67.375
10.031226711000272,20.827008000000003,67.218
10.043201911000324,20.827008000000003,67.218
10.055167061999782,20.827008000000003,67.093
10.067113940000127,20.74944,67.281
10.07905931499954,20.710656,67.0
10.092446366999866,20.633088,67.312
10.105758122000225,20.633088,67.093
10.119078963999527,20.633088,66.968
10.132851020999624,20.671872,67.187
10.146238266000182,20.710656,67.562
10.158821357000306,20.710656,67.531
10.171489153999573,20.74944,67.156
10.18429964400002,20.74944,67.468
10.196550085000126,20.74944,67.218
10.208590790000017,20.710656,67.281
10.220515043999512,20.710656,67.75
10.232768267999745,20.633088,67.281
10.24515941699974,20.594304,67.437
10.258038549000048,20.594304,67.343
10.271722474999478,20.633088,67.25
10.284085462999428,20.633088,67.406
10.29656211800011,20.671872,67.312
10.308987827999772,20.710656,67.531
10.321548742000232,20.710656,67.312
10.333722188000138,20.710656,67.531
10.346483043999797,20.74944,67.156
10.359391136999875,20.74944,67.218
10.371828239000024,20.710656,67.187
10.384493444999862,20.74944,67.406
10.397041303000151,20.710656,67.218
10.409222555999804,20.633088,67.406
10.421460900000056,20.594304,67.218
10.435315103999528,20.516736,67.031
10.449732012999448,20.516736,67.375
10.46430803200019,20.55552,67.312
10.478671371000019,20.594304,67.125
10.491248637999888,20.633088,67.312
10.504353569999694,20.633088,67.156
10.517241661999833,20.633088,67.125
10.532248542000161,20.671872,67.281
10.544673260000309,20.633088,67.468
10.556910772000265,20.633088,67.531
10.569298655999773,20.594304,67.125
10.582348897999509,20.55552,67.312
10.59488411500024,20.594304,67.218
10.607043416999659,20.633088,67.281
10.619599435000055,20.633088,67.25
10.632322209999984,20.671872,67.468
10.644778159999987,20.671872,67.218
10.657745040000009,20.74944,67.437
10.669928373999937,20.710656,67.218
10.682440997999947,20.74944,67.187
10.694609579999451,20.74944,67.5
10.706869171999642,20.788224,67.437
10.719157020999774,20.788224,67.125
10.73143398999946,20.788224,67.5
10.74367755000003,20.710656,67.156
10.755915797999478,20.671872,67.125
10.769810451000012,20.594304,67.093
10.784097468000255,20.633088,67.062
10.798327364000215,20.671872,67.218
10.812991449000037,20.710656,67.281
10.826166814999851,20.74944,67.093
10.838837331999457,20.671872,67.093
10.851188415999786,20.671872,67.437
10.864298178999888,20.633088,67.468
10.876562092000313,20.633088,67.187
10.88875979400018,20.633088,67.312
10.901388997999675,20.55552,67.093
10.91502444300022,20.594304,67.687
10.927606702000048,20.594304,67.25
10.939839700999983,20.633088,67.593
10.952439785000024,20.633088,67.218
10.965132542999527,20.671872,67.437
10.977556556999843,20.710656,67.187
10.990352517999781,20.74944,67.687
11.002546636999796,20.710656,67.312
11.015388103999612,20.74944,67.5
11.027623310999843,20.74944,67.218
11.039857814999777,20.788224,67.437
11.052093917999628,20.788224,67.093
11.064387368000098,20.827008000000003,67.312
11.076580910000303,20.710656,67.625
11.08877061200019,20.710656,67.25
11.102708338999946,20.633088,67.281
11.117200003000107,20.633088,67.0
11.131180833999679,20.633088,67.031
11.145381000999805,20.710656,67.156
11.158388936999472,20.710656,67.593
11.17095324299953,20.74944,67.562
11.183675665999544,20.74944,67.093
11.196562702999472,20.74944,67.406
11.210764724999535,20.710656,67.125
11.222950427999422,20.710656,67.718
11.235161921999861,20.671872,67.312
11.247547406999729,20.710656,67.625
11.259842423999544,20.74944,67.218
11.27229171899944,20.74944,67.5
11.284914138999738,20.74944,67.25
11.297626352999941,20.788224,67.687
11.310299079000288,20.827008000000003,67.406
11.322932858999593,20.865792000000003,67.718
11.335087808000026,20.827008000000003,67.312
11.347698835999836,20.865792000000003,67.468
11.36039824999989,20.904576000000002,67.25
11.373148833999949,20.827008000000003,67.718
11.385537774999648,20.827008000000003,67.093
11.397972701000072,20.827008000000003,67.531
11.410171939000065,20.74944,67.156
11.422335239999484,20.710656,67.031
11.43664532999992,20.594304,67.218
11.451604848999523,20.550592,66.968
11.46563044999948,20.511744,66.968
11.480340743999477,20.550592,67.375
11.493940667999595,20.55552,67.218
11.507305799000278,20.594304,67.062
11.520062720000169,20.55552,67.281
11.53330835899942,20.594304,67.312
11.547948444000212,20.594304,67.718
11.56018461199983,20.55552,67.156
11.57297465299962,20.516736,67.468
11.585628498000005,20.477952000000002,67.406
11.598484012999506,20.516736,67.218
11.6108323440003,20.516736,67.312
11.623524749999888,20.55552,67.656
11.635854424999707,20.594304,67.468
11.648755061999509,20.633088,67.281
11.661312168000222,20.671872,67.375
11.673733652999545,20.671872,67.218
11.686321160000261,20.671872,67.218
11.69886738599962,20.710656,67.656
11.711202532000243,20.74944,67.187
11.7234287149995,20.74944,67.187
11.735635345999981,20.74944,67.375
11.747828407999805,20.671872,67.156
11.760049503000118,20.633088,67.125
11.773482413000238,20.55552,67.125
11.787738453000202,20.55552,67.406
11.801669587000106,20.55552,67.281
11.81592287500007,20.594304,67.093
11.82981170399944,20.633088,67.031
11.842783606999546,20.633088,67.218
11.85579947899987,20.671872,67.625
11.868636977999813,20.671872,67.562
11.883463020999443,20.671872,67.218
11.895680595999693,20.633088,67.437
11.908096416999797,20.594304,67.406
11.921002877999854,20.594304,67.687
11.933564783999827,20.633088,67.281
11.946245158000238,20.633088,67.531
11.958728116999737,20.633088,67.25
11.971915866999552,20.671872,67.187
11.984883322000314,20.710656,67.343
11.99741197899948,20.74944,67.75
12.009626705999835,20.74944,67.343
12.022081568999965,20.74944,67.562
12.034255013999427,20.788224,67.468
12.046941531999437,20.710656,67.125
12.059191684000325,20.671872,67.187
12.071830136999779,20.671872,67.062
12.084038783000324,20.594304,67.187
12.096234437999556,20.55552,67.468
12.10940468300032,20.477952000000002,67.281
12.124082720999468,20.477952000000002,67.218
12.138074176999908,20.516736,67.0
12.153068288000213,20.55552,67.5
12.166172291999828,20.594304,67.156
12.179164483999557,20.594304,67.5
12.192159074999836,20.633088,67.343
12.20497199700003,20.633088,67.218
12.219017407000138,20.633088,67.281
12.231232805999753,20.633088,67.687
12.243861433999882,20.55552,67.593
12.256533646999742,20.55552,67.218
12.26901350299977,20.594304,67.437
12.281395594999594,20.594304,67.218
12.293807416000163,20.594304,67.468
12.306169315000261,20.633088,67.343
12.318971196999883,20.671872,67.687
12.331689491999896,20.710656,67.375
12.343861497000034,20.671872,67.593
12.357126848999542,20.74944,67.312
12.37004102299943,20.74944,67.093
12.382430282999849,20.710656,67.218
12.394911417999538,20.671872,67.5
12.407178882999688,20.710656,67.125
12.419417002000046,20.594304,67.375
12.431625712999448,20.55552,67.031
12.444759701000294,20.477952000000002,67.062
12.459164801999577,20.477952000000002,67.531
12.473283653999715,20.477952000000002,67.031
12.487756788999832,20.55552,67.062
12.501708691000204,20.55552,67.343
12.514686898000036,20.594304,67.156
12.527258115999757,20.594304,67.125
12.540123808000317,20.594304,67.375
12.55519120200006,20.594304,67.281
12.567441193999912,20.55552,67.468
12.579653904999759,20.516736,67.156
12.591834357999687,20.516736,67.406
12.604399656000169,20.55552,67.218
12.616941241999484,20.55552,67.343
12.629487371000323,20.594304,67.718
12.64168347299983,20.55552,67.468
12.654202337999777,20.55552,67.062
12.66665140799978,20.55552,67.343
12.679005531000257,20.55552,67.218
12.691213537999829,20.594304,67.343
12.703430761000163,20.633088,67.593
12.715655215999504,20.633088,67.125
12.727882326999861,20.671872,67.375
12.740106590000323,20.671872,67.468
12.752518154999962,20.633088,67.093
12.76479288399969,20.594304,67.25
12.777060444000199,20.516736,67.593
12.790778866999972,20.516736,67.437
12.804572748000282,20.516736,67.062
12.81897749699965,20.55552,67.0
12.833096252999894,20.633088,67.25
12.845874198000274,20.633088,67.093
12.858267009999508,20.633088,67.593
12.87108012399949,20.633088,67.218
12.88392667900007,20.671872,67.531
12.896733200999734,20.633088,67.093
12.909543787000075,20.633088,67.406
12.921749936999731,20.55552,67.281
12.933961431999705,20.594304,67.75
12.94615932600027,20.633088,67.218
12.95908815599978,20.633088,67.593
12.971589292000317,20.671872,67.25
12.98424556899954,20.710656,67.218
12.997002424999664,20.710656,67.343
13.009831315000156,20.74944,67.843
13.022006744999999,20.74944,67.343
13.034400773000016,20.788224,67.562
13.046606251999947,20.788224,67.156
13.058784625000044,20.788224,67.343
13.071053881999433,20.827008000000003,67.125
13.083405508999931,20.74944,67.625
13.095587818999775,20.710656,67.218
13.10803464899982,20.633088,67.562
13.121987415000149,20.633088,67.281
13.136295264999717,20.633088,67.031
13.150359747000039,20.671872,67.0
13.16474292699968,20.710656,67.187
13.177601706999667,20.74944,67.218
13.19035878700015,20.74944,67.5
13.203543143999923,20.74944,67.156
13.216067065000061,20.74944,67.406
13.228328385000168,20.710656,67.125
13.240517318999991,20.710656,67.687
13.253231677999793,20.55552,67.187
13.265519974999734,20.55552,67.531
13.278078680999897,20.55552,67.218
13.290455972999553,20.594304,67.375
13.3027636300003,20.633088,67.437
13.31622639699981,20.633088,67.656
13.328488197000297,20.671872,67.312
13.341163770000094,20.710656,67.625
13.353409313999691,20.671872,67.312
13.36623721199976,20.710656,67.406
13.37879083000007,20.710656,67.218
13.39110415199957,20.710656,67.593
13.40372602699972,20.710656,67.218
13.416067733999625,20.710656,67.562
13.428280956999515,20.594304,67.218
13.44050000399966,20.594304,66.968
13.454885103999914,20.477952000000002,67.218
13.468960401999539,20.477952000000002,67.125
13.483067477000077,20.477952000000002,67.406
13.497117621999678,20.55552,67.375
13.510544355999627,20.594304,67.156
13.523998738000046,20.594304,67.187
13.537358716999734,20.594304,67.343
13.55077735499981,20.633088,67.343
13.5650764359998,20.594304,67.593
13.577493984999819,20.516736,67.156
13.590076468000007,20.477952000000002,67.437
13.602245528999447,20.516736,67.187
13.614711944000192,20.516736,67.375
13.62695828699998,20.55552,67.406
13.639437918000112,20.55552,67.718
13.65204910600005,20.594304,67.281
13.66455830599989,20.633088,67.5
13.677308761999484,20.671872,67.218
13.689618755000083,20.671872,67.281
13.7025169919998,20.710656,67.218
13.714860330999727,20.710656,67.562
13.727729446000012,20.74944,67.25
13.740110546000324,20.74944,67.343
13.752303352000126,20.74944,67.187
13.764661923999483,20.671872,67.375
13.776922731999548,20.633088,67.281
13.7906970920003,20.55552,67.156
13.805150066999886,20.594304,67.343
13.818949931999668,20.594304,67.312
13.833431963000294,20.671872,67.062
13.846592095999767,20.594304,67.156
13.859265396999945,20.55552,67.187
13.872008141000151,20.594304,67.437
13.88592164199963,20.594304,67.218
13.898442169999726,20.594304,67.531
13.910662688999764,20.594304,67.375
13.923217843000202,20.516736,67.187
13.935630240000137,20.55552,67.375
13.947872103000009,20.55552,67.687
13.960238386999663,20.594304,67.281
13.972487195000213,20.594304,67.593
13.984820165000201,20.633088,67.218
13.997522011000001,20.710656,67.187
14.010758786999759,20.74944,67.5
14.022946600999603,20.710656,67.718
14.035566683999605,20.74944,67.25
14.047871109999505,20.74944,67.531
14.060093580999819,20.788224,67.125
14.07229528300013,20.788224,67.312
14.084498905000146,20.788224,67.468
14.096714624000015,20.710656,67.687
14.109081130999584,20.671872,67.093
14.123055402000318,20.55552,67.093
14.137369299999591,20.594304,67.281
14.151059337999868,20.594304,67.218
14.164841666999564,20.633088,67.0
14.178418069000145,20.671872,67.531
14.191932036999788,20.671872,67.156
14.204706270000315,20.671872,67.437
14.218326866000098,20.671872,67.437
14.233361714000239,20.671872,67.156
14.245618009999816,20.671872,67.718
14.25797021299968,20.594304,67.312
14.270169194999653,20.633088,67.656
14.282345200999771,20.671872,67.218
14.294711163999636,20.671872,67.437
14.307323182999426,20.671872,67.281
14.31984224000007,20.74944,67.281
14.332467475000158,20.74944,67.312
14.34510163899995,20.788224,67.718
14.357294092999837,20.788224,67.375
14.370020547999957,20.788224,67.343
14.382566868999675,20.788224,67.218
14.39478710000003,20.74944,67.25
14.40710864599987,20.788224,67.531
14.419329708999612,20.74944,67.593
14.43152677099988,20.671872,67.218
14.443862236999848,20.633088,67.25
14.457834140000159,20.516736,67.218
14.47243825500027,20.439168000000002,67.031
14.486890012999538,20.400384,67.375
14.501236359999893,20.439168000000002,67.437
14.514995871999417,20.516736,67.125
14.52785074700023,20.55552,67.312
14.54061371500029,20.55552,67.125
14.553469133999897,20.55552,67.093
14.56897788599963,20.55552,67.656
14.581614609999633,20.516736,67.187
14.593815864000135,20.477952000000002,67.5
14.60606912000003,20.439168000000002,67.218
14.618412714999977,20.477952000000002,67.312
14.630901530000301,20.516736,67.187
14.643445003000124,20.516736,67.375
14.655920090000109,20.55552,67.25
14.66913059199942,20.594304,67.562
14.681874328000049,20.633088,67.156
14.694300228999964,20.633088,67.562
14.706785555999886,20.633088,67.281
14.719021467999482,20.671872,67.687
14.731233026000154,20.710656,67.218
14.743453096999474,20.710656,67.343
14.755650862999573,20.74944,67.187
14.767858901000182,20.671872,67.343
14.780051194999942,20.633088,67.125
14.792333667999628,20.55552,67.625
14.806403558000056,20.55552,67.093
14.820890516999498,20.55552,67.031
14.83536288399955,20.594304,67.031
14.849489702999563,20.671872,67.312
14.862608747000195,20.671872,67.062
14.875251550999565,20.671872,67.281
14.888308001000041,20.710656,67.281
14.903454725000302,20.671872,67.531
14.915673003999473,20.671872,67.5
14.928178844000286,20.594304,67.125
14.941050710999662,20.633088,67.406
14.95342531499955,20.633088,67.687
14.965698123000038,20.671872,67.25
14.978086678999716,20.671872,67.562
14.990411200999915,20.710656,67.218
15.002754860000096,20.74944,67.218
15.01567773700026,20.788224,67.406
15.028049140999428,20.74944,67.781
15.041076853999584,20.788224,67.218
15.053791115999957,20.710656,67.5
15.066039635999914,20.671872,67.375
15.07826239499991,20.710656,67.0
15.090466497000307,20.710656,67.281
15.102656070999728,20.633088,67.625
15.114861324999765,20.594304,67.156
15.127182358999562,20.516736,67.093
15.141673926000294,20.55552,67.25
15.156048146000103,20.55552,67.187
15.170604930999616,20.594304,67.062
15.184069361999718,20.633088,67.656
15.197030063999591,20.671872,67.218
15.209361946999707,20.671872,67.531
15.221987693999836,20.710656,67.531
15.237085265000132,20.671872,67.218
15.249336441000196,20.671872,67.343
15.261724965000212,20.633088,67.718
15.273940459000187,20.671872,67.281
15.286202035000315,20.671872,67.625
15.298361047999606,20.710656,67.468
15.310871912000039,20.710656,67.218
15.323232914999608,20.74944,67.375
15.335714498000016,20.788224,67.687
15.348622366999734,20.788224,67.343
15.360804996000297,20.788224,67.312
15.374145325999962,20.827008000000003,67.375
15.386809667000307,20.788224,67.093
15.399370709000323,20.74944,67.281
15.411594012000023,20.710656,67.531
15.423894724999627,20.74944,67.218
15.43609463499979,20.671872,67.5
15.448279823999655,20.633088,67.312
15.46060380200015,20.55552,67.156
15.475269486999423,20.55552,67.0
15.49017223499959,20.55552,67.5
15.504655929999899,20.633088,67.187
15.51845816399964,20.671872,67.437
15.531344527999863,20.671872,67.375
15.544276173000071,20.671872,67.093
15.557122184000036,20.710656,67.187
15.571557557000233,20.671872,67.281
15.584126374999869,20.633088,67.625
15.596774202999768,20.594304,67.218
15.608942560000287,20.594304,67.437
15.621560628000225,20.594304,67.437
15.634095395999793,20.633088,67.187
15.646452654999848,20.633088,67.281
15.659000992000074,20.477952000000002,67.531
15.67205513799945,20.55552,67.562
15.684783928999423,20.594304,67.218
15.697750135000206,20.594304,67.437
15.70993382100005,20.594304,67.156
15.722816567999871,20.633088,67.312
15.734995742000137,20.633088,67.593
15.747196131999772,20.671872,67.437
15.759601808000298,20.710656,67.187
15.771849015999578,20.633088,67.375
15.78405027000008,20.594304,67.062
15.796310949999679,20.516736,67.218
15.810418889000175,20.516736,67.125
15.824382918999618,20.55552,67.312
15.838630766999813,20.55552,67.281
15.851518155000122,20.633088,67.187
15.864491592999912,20.671872,67.281
15.876925398999447,20.671872,67.156
15.889543434000188,20.671872,67.656
15.904281152999829,20.671872,67.218
15.916498280000269,20.633088,67.5
15.92872823899961,20.633088,67.5
15.941241822999473,20.594304,67.218
15.953831376999915,20.633088,67.437
15.966405987000144,20.671872,67.687
15.978937492000114,20.671872,67.281
15.991682666999623,20.671872,67.281
16.00446873999954,20.710656,67.468
16.016892177000045,20.74944,67.187
16.029469570999936,20.74944,67.5
16.04218492200016,20.788224,67.75
16.0545432050003,20.788224,67.25
16.06677178799964,20.788224,67.406
16.078943249000076,20.827008000000003,67.343
16.091139383000154,20.827008000000003,67.187
16.103368924999813,20.74944,67.25
16.115591363999556,20.710656,67.656
16.127919278000263,20.633088,67.5
16.14245027099969,20.633088,67.062
16.156813994000004,20.671872,66.968
16.171565216999625,20.710656,67.343
16.184018543999628,20.74944,67.125
16.196749030999854,20.74944,67.562
16.209430588000032,20.74944,67.218
16.222588609000013,20.74944,67.468
16.235204595999676,20.74944,67.218
16.247372760999497,20.710656,67.093
16.260422106000078,20.55552,67.218
16.272917833000065,20.516736,67.593
16.285158032000254,20.55552,67.218
16.297569628999554,20.594304,67.562
16.30994404000012,20.594304,67.25
16.322644701999707,20.633088,67.218
16.33566489399982,20.633088,67.375
16.347852259999854,20.710656,67.687
16.36036568399959,20.710656,67.406
16.372622363999653,20.710656,67.625
16.386133610999423,20.710656,67.343
16.39865503599958,20.671872,67.062
16.410878689999663,20.671872,67.281
16.423101833000146,20.671872,67.531
16.435354991999702,20.710656,67.218
16.447547990000203,20.594304,67.468
16.459701369999493,20.594304,67.218
16.4737586199999,20.511744,67.031
16.488351054000304,20.550592,67.0
16.50274924199948,20.516736,67.5
16.51753227500012,20.594304,67.187
16.53047649600012,20.633088,67.406
16.543016288999752,20.633088,67.375
16.556088258999807,20.633088,67.312
16.57206822599983,20.633088,67.218
16.584285320000163,20.594304,67.406
16.59686511400014,20.516736,67.562
16.609360585000104,20.477952000000002,67.218
16.62156692699955,20.516736,67.468
16.633783029999904,20.55552,67.187
16.645980763999432,20.594304,67.156
16.65847946699978,20.594304,67.25
16.671562476999497,20.594304,67.625
16.684415367999463,20.671872,67.218
16.696996601999672,20.671872,67.593
16.709199711999645,20.671872,67.468
16.72163428499971,20.710656,67.156
16.733823538999786,20.710656,67.218
16.746148508999795,20.710656,67.593
16.75839200399969,20.74944,67.187
16.770619306999833,20.74944,67.593
16.782910324000113,20.671872,67.218
16.795155642999816,20.633088,67.062
16.809562759000073,20.55552,67.531
16.824196507000124,20.594304,67.156
16.83855795799991,20.633088,67.218
16.85124786799952,20.594304,67.187
16.863914992999526,20.55552,67.0
16.87665412000024,20.594304,67.218
16.891675079999914,20.594304,67.281
16.905003633999513,20.594304,67.656
16.917228663999595,20.594304,67.25
16.929487520000293,20.594304,67.437
16.941661476999798,20.516736,67.437
16.95390036400022,20.55552,67.156
16.966124274999856,20.594304,67.312
16.978289687999677,20.633088,67.656
16.990809287999582,20.633088,67.343
17.002975020999656,20.671872,67.531
17.015477371999623,20.710656,67.187
17.028614879999623,20.74944,67.25
17.040800805999424,20.710656,67.468
17.053699842000242,20.74944,67.593
17.06603370799985,20.788224,67.218
17.0782794429997,20.788224,67.531
17.09054425100021,20.788224,67.156
17.10272223999982,20.827008000000003,67.312
17.114905446000193,20.710656,67.156
17.127113771999575,20.710656,67.406
17.141137708000315,20.633088,67.437
17.155332113999975,20.633088,67.062
17.169133706999673,20.671872,67.031
17.18364239499988,20.710656,67.281
17.19613092199961,20.74944,67.656
17.208584408000206,20.74944,67.25
17.2218847690001,20.74944,67.218
17.23747310699946,20.74944,67.312
17.249649143999704,20.710656,67.375
17.261825597000097,20.710656,67.187
17.27435908499956,20.671872,67.437
17.286532561999593,20.710656,67.718
17.298733399999946,20.710656,67.281
17.31123373599985,20.74944,67.562
17.323700502000065,20.74944,67.562
17.336214693999864,20.788224,67.218
17.348452716999418,20.827008000000003,67.375
17.36108678399978,20.865792000000003,67.718
17.373288101999606,20.827008000000003,67.343
17.386513421000018,20.865792000000003,67.187
17.39965326499987,20.827008000000003,67.312
17.41252177200022,20.788224,67.125
17.424929015999624,20.788224,67.218
17.437766162000116,20.827008000000003,67.718
17.449952631999622,20.710656,67.687
17.462222047999603,20.671872,67.031
17.475875764000193,20.439168000000002,67.218
17.49001067900008,20.439168000000002,67.125
17.50444378100019,20.477952000000002,67.031
17.519255229999544,20.516736,67.531
17.53168983500018,20.55552,67.125
17.54444774700005,20.594304,67.187
17.557188249999854,20.594304,67.406
17.572759530999974,20.594304,67.406
17.58495262499946,20.594304,67.718
17.597179766999943,20.516736,67.218
17.609562530999938,20.55552,67.656
17.621813771000234,20.516736,67.25
17.63416107699959,20.55552,67.468
17.64653084800011,20.55552,67.25
17.65889620300004,20.594304,67.343
17.671471005000058,20.594304,67.312
17.68439292199946,20.633088,67.687
17.696772548999434,20.671872,67.25
17.709122127999763,20.671872,67.593
17.72162339100032,20.671872,67.218
17.73398461800025,20.710656,67.375
17.74619899299978,20.710656,67.343
17.758347508999577,20.74944,67.5
17.77087027699963,20.74944,67.218
17.783046057999854,20.671872,67.406
17.795234991000143,20.633088,67.125
17.80757996200009,20.55552,67.125
17.82150792700031,20.55552,67.125
17.83573820499987,20.594304,67.0
17.850128809000125,20.633088,67.406
17.86250795700016,20.671872,67.093
17.875421968999945,20.710656,67.375
17.88813779999964,20.671872,67.312
17.901468273999853,20.710656,67.718
17.9143354050002,20.710656,67.25
17.926521970000067,20.671872,67.562
17.938667925999653,20.671872,67.406
17.951541393000298,20.633088,67.218
17.9639959670003,20.633088,67.468
17.97632228099974,20.671872,67.781
17.988951964999615,20.671872,67.375
18.001505037999777,20.671872,67.281
18.014591055999517,20.710656,67.562
18.026911033000033,20.74944,67.25
18.039318629999798,20.74944,67.531
18.05186594299994,20.74944,67.718
18.064354053999523,20.671872,67.125
18.07651175399951,20.671872,67.468
18.08881848300007,20.710656,67.437
18.101021944999957,20.710656,67.125
18.11338598800012,20.710656,67.468
18.12563620399942,20.633088,67.156
18.138172475999454,20.594304,67.562
18.15256148000026,20.55552,67.156
18.166641386000265,20.55552,67.093
18.181054134000078,20.594304,67.25
18.194257692000065,20.671872,67.093
18.206853102999958,20.671872,67.718
18.21991342399997,20.671872,67.25
18.233060659999865,20.671872,67.187
18.24833218799995,20.671872,67.562
18.260500575999686,20.633088,67.218
18.272733638999853,20.633088,67.375
18.28523438999946,20.594304,67.375
18.298045007999463,20.633088,67.656
18.31054099099947,20.671872,67.312
18.32311688000027,20.710656,67.562
18.3357703089996,20.710656,67.281
18.34823009899992,20.74944,67.468
18.360864645999754,20.788224,67.343
18.373748162000084,20.788224,67.75
18.38633182800004,20.788224,67.281
18.39928299300027,20.788224,67.5
18.411978598999667,20.74944,67.343
18.424565080999855,20.788224,67.093
18.436836961000154,20.74944,67.187
18.448995364999973,20.74944,67.718
18.461219564000203,20.671872,67.281
18.473520052999447,20.633088,67.125
18.48826948399983,20.55552,67.312
18.50279615599993,20.594304,67.187
18.517116068999712,20.594304,67.562
18.530209286999707,20.671872,67.468
18.542827737999687,20.671872,67.218
18.555863259000034,20.671872,67.437
18.57041853999999,20.671872,67.375
18.582945147999453,20.710656,67.187
18.595111679999718,20.671872,67.281
18.60762343999977,20.633088,67.593
18.619825910000145,20.55552,67.25
18.632042491999528,20.594304,67.468
18.644602028999543,20.594304,67.468
18.65681371499977,20.55552,67.156
18.669093116000113,20.55552,67.281
18.68184440299956,20.55552,67.656
18.694278400000258,20.633088,67.281
18.707159482999486,20.633088,67.531
18.71941545899972,20.633088,67.437
18.731894833000297,20.671872,67.156
18.744085174999782,20.671872,67.312
18.756337181999697,20.710656,67.656
18.76872794599967,20.710656,67.187
18.78092295999977,20.74944,67.5
18.79314446999979,20.633088,67.218
18.805352219999804,20.633088,67.0
18.819330874000116,20.516736,67.281
18.83358326599955,20.55552,67.156
18.848029294999833,20.55552,67.062
18.862353720999636,20.594304,67.375
18.8750528139999,20.633088,67.156
18.888598751000245,20.671872,67.187
18.90134386199952,20.671872,67.281
18.914729953999995,20.671872,67.343
18.92884758800028,20.671872,67.593
18.941035113999533,20.671872,67.187
18.953418453000268,20.594304,67.406
18.96616506800001,20.633088,67.218
18.978512214999682,20.633088,67.312
18.99069426799997,20.671872,67.718
19.00326446100007,20.671872,67.562
19.016054853999776,20.671872,67.312
19.02867701699961,20.710656,67.562
19.041650551999737,20.74944,67.281
19.053884861999904,20.74944,67.218
19.066723767999974,20.788224,67.312
19.078878460999476,20.788224,67.562
19.091092419000233,20.827008000000003,67.218
19.103816056999676,20.827008000000003,67.406
19.116202628999417,20.827008000000003,67.25
19.12857630399958,20.74944,67.5
19.14123488399946,20.710656,67.25
19.156322214000284,20.633088,67.187
19.170292068999515,20.633088,67.218
19.18411852600002,20.671872,67.281
19.19828995500029,20.710656,67.156
19.21099612099988,20.74944,67.281
19.22391934999996,20.74944,67.218
19.23745338200024,20.74944,67.593
19.250521031000062,20.788224,67.312
19.26306415199997,20.594304,67.125
19.27555511099945,20.594304,67.343
19.287839951000024,20.55552,67.156
19.30068794499948,20.594304,67.312
19.313110133999544,20.594304,67.562
19.325293883000086,20.633088,67.25
19.337622500999714,20.633088,67.625
19.350196117999985,20.633088,67.437
19.36322408599972,20.710656,67.187
19.37552729500021,20.74944,67.343
19.388128849000168,20.710656,67.375
19.401614815999892,20.710656,67.406
19.414231282999936,20.710656,67.156
19.426642591000018,20.710656,67.312
19.43885322099959,20.710656,67.125
19.45103437800026,20.710656,67.343
19.463314161999733,20.633088,67.5
19.47555640900009,20.594304,67.25
19.488642106999578,20.477952000000002,67.156
19.50373167699945,20.516736,67.062
19.518146120999518,20.516736,66.937
19.53291328100022,20.594304,67.187
19.546449937000034,20.594304,67.156
19.56017536699983,20.633088,67.468
19.57329124199987,20.633088,67.156
19.586687733999497,20.633088,67.25
19.601520751999487,20.633088,67.312
19.614252581999608,20.55552,67.218
19.627039359000264,20.477952000000002,67.625
19.63942820200009,20.516736,67.218
19.651870390999647,20.55552,67.375
19.664341286000308,20.55552,67.218
19.677001657999426,20.594304,67.218
19.689319651000005,20.633088,67.312
19.70207861899962,20.671872,67.625
19.7153009929998,20.710656,67.343
19.727562217000013,20.671872,67.593
19.740168506999908,20.710656,67.406
19.752352671999688,20.74944,67.093
19.764593095000237,20.74944,67.312
19.776873838999563,20.788224,67.531
19.78909663000013,20.788224,67.375
19.801497057999768,20.671872,67.625
19.813897773999997,20.671872,67.406
19.82766189299946,20.594304,67.062
19.84180871300032,20.594304,67.468
19.856285846999526,20.55552,67.0
19.870159250000142,20.516736,67.156
19.882712290999734,20.594304,67.25
19.89567692899982,20.594304,67.093
19.90870486499989,20.594304,67.062
19.922132877999502,20.633088,67.343
19.934377780999966,20.633088,67.593
19.946592154999962,20.594304,67.312
19.959061192999798,20.55552,67.5
19.971651130999817,20.55552,67.218
19.984505622000142,20.594304,67.218
19.996745691999422,20.633088,67.343
20.009264139999686,20.633088,67.656
20.021652536000147,20.633088,67.25
20.03402899499997,20.710656,67.562
20.046978080999907,20.74944,67.281
20.05917651799973,20.710656,67.531
20.071654227999716,20.74944,67.343
20.083903867999652,20.74944,67.656
20.096131938000326,20.788224,67.218
20.108332615999643,20.788224,67.406
20.120739283999683,20.827008000000003,67.281
20.13296533799985,20.710656,67.343
20.145176447999802,20.710656,67.125
20.15922422499989,20.594304,67.468
20.17359901999953,20.594304,67.437
20.187818706000144,20.594304,67.312
20.202080217000002,20.671872,67.156
20.21497166900008,20.710656,67.312
20.228464163999888,20.710656,67.218
20.241592966999633,20.710656,67.562
20.25536326299971,20.710656,67.312
20.26826377099951,20.710656,67.218
20.28050227299991,20.671872,67.5
20.2928988929998,20.633088,67.218
20.3056707249998,20.633088,67.375
20.3182173969999,20.671872,67.656
20.330388665999635,20.671872,67.281
20.34286752800017,20.671872,67.25
20.355805700999554,20.710656,67.468
20.36883811699954,20.74944,67.218
20.381603036999877,20.788224,67.406
20.39399354499983,20.788224,67.375
20.406780000999788,20.788224,67.531
20.41940968400013,20.74944,67.218
20.431667834999644,20.710656,67.343
20.44417943499957,20.74944,67.062
20.456352846999835,20.74944,67.218
20.468625399000302,20.594304,67.437
20.480848860999686,20.516736,67.062
20.493111781000152,20.439168000000002,67.125
20.50704630600012,20.439168000000002,67.031
20.521814040999743,20.439168000000002,67.218
20.53598294099993,20.477952000000002,67.187
20.550322822999988,20.55552,67.625
20.563834902999588,20.594304,67.5
20.576766098999542,20.594304,67.187
20.590269346999776,20.594304,67.218
20.606570443000237,20.594304,67.312
20.619335041999875,20.516736,67.218
20.631837586000074,20.477952000000002,67.593
20.644051799999943,20.477952000000002,67.218
20.65641603399945,20.516736,67.437
20.668755372000305,20.516736,67.218
20.681050997000057,20.55552,67.531
20.69326258699948,20.55552,67.75
20.706073395999738,20.633088,67.718
20.718389085000126,20.671872,67.343
20.730619363000187,20.633088,67.656
20.743318617000114,20.671872,67.218
20.755569215999458,20.710656,67.437
20.76792650599964,20.710656,67.687
20.780286293000245,20.74944,67.562
20.792991209999855,20.788224,67.281
20.805204784000125,20.671872,67.531
20.8174334309997,20.671872,67.062
20.829720286999873,20.594304,67.406
20.844248047000292,20.594304,67.156
20.858019078000325,20.594304,67.093
20.872662617999595,20.671872,67.468
20.886328685999615,20.710656,67.406
20.899908223999773,20.710656,67.093
20.91240369499974,20.74944,67.343
20.925287305999518,20.74944,67.375
20.94047723099993,20.74944,67.718
20.9527246939997,20.710656,67.281
20.965339145000144,20.671872,67.625
20.977592655999615,20.710656,67.531
20.99025366800015,20.710656,67.218
21.00273422600003,20.74944,67.406
21.015401734999614,20.74944,67.718
21.027675086999807,20.788224,67.312
21.041144540999994,20.827008000000003,67.218
21.053677772999436,20.865792000000003,67.437
21.06615295499978,20.710656,67.25
21.07886692899956,20.74944,67.25
21.091661352999836,20.74944,67.718
21.10422924300019,20.788224,67.625
21.11658989300031,20.788224,67.156
21.128986417000306,20.827008000000003,67.437
21.141170613999748,20.710656,67.187
21.153410748999704,20.710656,67.218
21.167302519999794,20.633088,67.187
21.18176842199955,20.633088,67.125
21.196069454999815,20.633088,67.312
21.209939208999458,20.710656,67.437
21.223405910999645,20.74944,67.125
21.236168591000023,20.74944,67.281
21.24966066900015,20.788224,67.25
21.263393139999607,20.788224,67.281
21.278376369999933,20.74944,67.562
21.29103853400011,20.74944,67.218
21.303219850999994,20.710656,67.468
21.315581236999606,20.710656,67.718
21.328034530999503,20.74944,67.375
21.340267880999818,20.788224,67.281
21.35274885600029,20.788224,67.656
21.365589776999514,20.827008000000003,67.187
21.37809446400024,20.865792000000003,67.5
21.390632464999726,20.865792000000003,67.812
21.402858999000273,20.865792000000003,67.718
21.41565803100002,20.865792000000003,67.218
21.427929558999494,20.904576000000002,67.375
21.440268704999653,20.865792000000003,67.156
21.452646955999626,20.827008000000003,67.281
21.465329024999846,20.865792000000003,67.718
21.477542661999905,20.74944,67.281
21.489724746999855,20.710656,67.125
21.503426752999985,20.633088,67.437
21.517856589000075,20.633088,67.281
21.53231020200019,20.671872,67.187
21.546392188000027,20.74944,67.656
21.55961827400006,20.74944,67.218
21.57235551299982,20.788224,67.562
21.58501502099989,20.788224,67.5
21.597843110000213,20.788224,67.5
21.612716576999446,20.74944,67.187
21.625072011000157,20.710656,67.343
21.637455573999432,20.671872,67.687
21.64963945099953,20.710656,67.343
21.66189990699968,20.633088,67.406
21.674219020000237,20.633088,67.218
21.686675609000304,20.633088,67.375
21.69921056899966,20.633088,67.343
21.712109285000224,20.671872,67.625
21.725382220999563,20.710656,67.312
21.737590161999833,20.710656,67.656
21.74993772400012,20.74944,67.312
21.76213757000005,20.74944,67.187
21.774389641000198,20.788224,67.406
21.78659422199962,20.788224,67.625
21.798788274999424,20.827008000000003,67.218
21.81098642500001,20.74944,67.531
21.82323507199999,20.710656,67.093
21.836361347000093,20.633088,67.156
21.850618569999824,20.633088,67.25
21.86493198700009,20.633088,67.125
21.87998990699998,20.710656,67.187
21.89379268399989,20.710656,67.437
21.90710328499972,20.74944,67.218
21.919908684999427,20.74944,67.187
21.93319957299991,20.74944,67.718
21.947857608999584,20.74944,67.343
21.960413562000213,20.710656,67.562
21.972768515999633,20.671872,67.25
21.984987785999692,20.671872,67.531
21.997219601000324,20.710656,67.218
22.00980451400028,20.74944,67.406
22.022301136999886,20.74944,67.375
22.035190828999475,20.788224,67.625
22.04785619299946,20.827008000000003,67.25
22.060725628,20.865792000000003,67.531
22.0729570579997,20.827008000000003,67.562
22.085632405999604,20.865792000000003,67.75
22.097880892999456,20.865792000000003,67.25
22.11007622699981,20.904576000000002,67.625
22.122342505999768,20.904576000000002,67.187
22.13454833600008,20.904576000000002,67.593
22.14675192499999,20.827008000000003,67.25
22.158990011999776,20.788224,67.187
22.173269220000293,20.710656,67.25
22.187920663000114,20.74944,67.093
22.202124765000008,20.74944,67.437
22.215946741999687,20.788224,67.375
22.228482821999933,20.827008000000003,67.125
22.24123529299959,20.827008000000003,67.312
22.254006164000202,20.788224,67.312
22.267643622999458,20.710656,67.625
22.280012178000106,20.671872,67.218
22.292303321999498,20.633088,67.375
22.304611906999526,20.633088,67.187
22.31683012099984,20.594304,67.343
22.329192723000233,20.633088,67.718
22.341583710999657,20.671872,67.656
22.3539481050002,20.671872,67.312
22.36665612700017,20.710656,67.562
22.379662973999984,20.74944,67.218
22.39205664899964,20.788224,67.406
22.404852192999897,20.74944,67.437
22.417570230999445,20.710656,67.593
22.430079046000174,20.74944,67.25
22.44227133899949,20.710656,67.343
22.454504849999466,20.710656,67.093
22.466747383999973,20.74944,67.375
22.479016415999467,20.710656,67.843
22.491230374000224,20.671872,67.625
22.503505100999973,20.594304,67.187
22.51777582900013,20.594304,67.062
22.532037244000094,20.594304,67.218
22.546549419000257,20.633088,67.281
22.561291904999962,20.671872,67.562
22.573839632999807,20.710656,67.562
22.586836431999473,20.710656,67.281
22.60043517000031,20.710656,67.25
22.61601374699967,20.671872,67.343
22.628543363000063,20.671872,67.218
22.640746567999486,20.671872,67.375
22.652925676999985,20.633088,67.312
22.66568931599977,20.671872,67.562
22.678215507999994,20.710656,67.312
22.690609311000117,20.710656,67.531
22.70318424099969,20.74944,67.437
22.716325108000092,20.788224,67.718
22.729028072999427,20.827008000000003,67.281
22.741413523999654,20.788224,67.718
22.753792382999563,20.827008000000003,67.218
22.766357616000278,20.827008000000003,67.468
22.77862136800013,20.865792000000003,67.218
22.790807483999743,20.865792000000003,67.718
22.80299705699963,20.904576000000002,67.312
22.815290441999423,20.788224,67.625
22.827446446000067,20.788224,67.218
22.841027454999676,20.671872,67.062
22.85499500500009,20.671872,67.218
22.869134016000316,20.594304,67.125
22.88327113899959,20.55552,67.437
22.89648637600021,20.633088,67.343
22.909229535000122,20.671872,67.218
22.921671148000314,20.671872,67.406
22.93451357399954,20.671872,67.437
22.950091574999533,20.671872,67.687
22.96230274899972,20.633088,67.25
22.9746771909995,20.633088,67.625
22.986826602999827,20.594304,67.25
22.99925839200023,20.633088,67.437
23.011628385999757,20.671872,67.5
23.02410779299953,20.710656,67.812
23.036651233000157,20.710656,67.343
23.049525595999512,20.74944,67.593
23.062597180999546,20.788224,67.468
23.075407636999444,20.74944,67.312
23.088064777,20.827008000000003,67.375
23.100337488999685,20.827008000000003,67.75
23.112642265999966,20.865792000000003,67.218
23.124910432999968,20.865792000000003,67.531
23.137161511999693,20.865792000000003,67.25
23.149401902000136,20.788224,67.468
23.16158657899996,20.74944,67.218
23.17502646399953,20.671872,67.218
23.189560816000267,20.671872,67.187
23.20544314699964,20.710656,67.375
23.219912823999948,20.74944,67.406
23.233242274000077,20.74944,67.187
23.24618915100018,20.788224,67.343
23.259546632999445,20.788224,67.343
23.273414051000145,20.788224,67.656
23.286199194999426,20.788224,67.25
23.29837347099965,20.74944,67.593
23.310800811999798,20.710656,67.25
23.323005680999813,20.74944,67.218
23.335235063000255,20.74944,67.406
23.347762342999886,20.788224,67.718
23.360419771000124,20.788224,67.375
23.373372248000123,20.827008000000003,67.562
23.38569769700007,20.865792000000003,67.468
23.39849020099973,20.904576000000002,67.312
23.410742783999922,20.865792000000003,67.406
23.424002183000084,20.865792000000003,67.562
23.43639880199953,20.827008000000003,67.281
23.44863602500027,20.827008000000003,67.406
23.46094774499943,20.827008000000003,67.218
23.47322925699973,20.74944,67.125
23.485484463999455,20.633088,67.281
23.49767419699947,20.594304,67.593
23.510407787000076,20.516736,67.437
23.525040605999493,20.55552,67.062
23.539334789999884,20.55552,67.062
23.553916246999506,20.594304,67.156
23.568120283999633,20.633088,67.218
23.580792175999704,20.671872,67.562
23.593566376000126,20.671872,67.281
23.606816366999738,20.710656,67.281
23.622326556999724,20.671872,67.406
23.634548899000038,20.633088,67.281
23.646730503999606,20.633088,67.718
23.658886764000272,20.594304,67.343
23.671241173999988,20.633088,67.625
23.683562110999446,20.671872,67.281
23.696064941999794,20.671872,67.562
23.708596732999467,20.710656,67.437
23.721625532999496,20.74944,67.75
23.7347531839996,20.788224,67.343
23.746924547999697,20.74944,67.75
23.759305839000262,20.788224,67.218
23.771915552999417,20.827008000000003,67.531
23.784204616999887,20.827008000000003,67.437
23.79658197200024,20.827008000000003,67.718
23.808824314999583,20.865792000000003,67.312
23.820980605999466,20.788224,67.593
23.8331456979995,20.74944,67.125
23.846720274999825,20.633088,67.125
23.861142079000274,20.671872,67.156
23.875171582999428,20.671872,67.218
23.88947975100018,20.710656,67.125
23.90316217199961,20.74944,67.468
23.91665725799976,20.74944,67.25
23.929732106999836,20.74944,67.281
23.94280532399989,20.74944,67.218
23.95791729499979,20.74944,67.375
23.970126579999487,20.74944,67.718
23.982490461999987,20.671872,67.281
23.994648130000314,20.710656,67.531
24.006821766999565,20.74944,67.281
24.01937183100017,20.788224,67.531
24.032062860000224,20.788224,67.437
24.044787138000174,20.827008000000003,67.718
24.057387123999433,20.827008000000003,67.312
24.070440724000036,20.74944,67.468
24.082743963999746,20.74944,67.25
24.095404783999584,20.74944,67.187
24.10835607700028,20.74944,67.312
24.120607220000238,20.788224,67.656
24.1328561549999,20.788224,67.218
24.14518013199995,20.827008000000003,67.531
24.157395625999925,20.710656,67.218
24.169686545999866,20.710656,67.125
24.18323827399945,20.633088,67.25
24.19725587299945,20.633088,67.218
24.210941237999577,20.633088,67.343
24.22562989800008,20.710656,67.406
24.23878324599991,20.74944,67.125
24.252184537000176,20.74944,67.312
24.26556432399957,20.74944,67.406
24.278733991999616,20.74944,67.312
24.293395900000178,20.74944,67.531
24.305937451999853,20.710656,67.218
24.31826750900018,20.671872,67.468
24.330471033999856,20.710656,67.281
24.343214769000042,20.710656,67.75
24.35584265899979,20.74944,67.343
24.36846639000032,20.74944,67.687
24.381403985999896,20.788224,67.312
24.394230666999647,20.827008000000003,67.218
24.407706040999983,20.865792000000003,67.531
24.420363500999883,20.827008000000003,67.75
24.433337034999568,20.827008000000003,67.25
24.4455789929998,20.827008000000003,67.531
24.45786623299955,20.788224,67.437
24.470077437999862,20.788224,67.125
24.482640110999455,20.827008000000003,67.437
24.49481118699987,20.74944,67.812
24.506973366999773,20.710656,67.5
24.521579657000075,20.594304,67.187
24.53608187899954,20.594304,67.062
24.55043577699962,20.633088,67.312
24.56495748799989,20.710656,67.218
24.578454847000103,20.74944,67.687
24.59091146799983,20.74944,67.187
24.603751525000007,20.74944,67.218
24.6173391909997,20.74944,67.281
24.6325569239998,20.671872,67.375
24.644695230999787,20.671872,67.187
24.65722964699944,20.633088,67.437
24.669436756000323,20.594304,67.593
24.68204403799973,20.594304,67.187
24.694529524000245,20.594304,67.25
24.706812348000312,20.633088,67.406
24.719562450999547,20.633088,67.25
24.732083842000065,20.671872,67.375
24.745219589000044,20.710656,67.718
24.757419305999974,20.671872,67.625
24.769792916999904,20.74944,67.25
24.7823388529996,20.74944,67.406
24.794550794000315,20.788224,67.187
24.806692397000006,20.788224,67.281
24.818858032999742,20.827008000000003,67.656
24.831103735999932,20.710656,67.25
24.843237146999854,20.671872,67.375
24.856769865999922,20.594304,67.375
24.870969870999943,20.594304,67.25
24.885339257999476,20.594304,67.593
24.89942354699997,20.671872,67.406
24.912946761999592,20.710656,67.187
24.925927207999848,20.710656,67.5
24.938636701000178,20.710656,67.468
24.951477398999486,20.710656,67.25
24.966457685000023,20.710656,67.718
24.97862428099961,20.710656,67.343
24.99095552200015,20.633088,67.656
25.00319565599966,20.671872,67.281
25.015468976000193,20.710656,67.5
25.027923132999604,20.74944,67.218
25.040375177999522,20.74944,67.468
25.05324266000025,20.74944,67.375
25.065767219999543,20.827008000000003,67.656
25.078228960999695,20.827008000000003,67.375
25.090386629000022,20.827008000000003,67.531
25.103300160999424,20.865792000000003,67.187
25.115944915999535,20.865792000000003,67.718
25.128190905999872,20.904576000000002,67.343
25.14043129699985,20.904576000000002,67.562
25.152615013000286,20.904576000000002,67.406
25.16490529299972,20.827008000000003,67.593
25.17713669099976,20.788224,67.093
25.19128850299967,20.710656,67.687
25.20530184600011,20.710656,67.156
25.218978025999604,20.74944,67.187
25.2330642349998,20.788224,67.375
25.245847203000267,20.827008000000003,67.437
25.258522166999683,20.827008000000003,67.218
25.27139281699965,20.74944,67.281
25.28409661400019,20.74944,67.562
25.296447087999695,20.710656,67.25
25.308671349999713,20.710656,67.5
25.320861850000256,20.710656,67.531
25.333565582999654,20.671872,67.218
25.34626173200013,20.671872,67.375
25.359112125999673,20.710656,67.781
25.371609515999808,20.74944,67.437
25.384295840999584,20.74944,67.312
25.39692277099948,20.788224,67.5
25.40977697299968,20.827008000000003,67.187
25.422347230000014,20.827008000000003,67.468
25.434711431999858,20.788224,67.687
25.446920012999726,20.827008000000003,67.218
25.459094480999738,20.788224,67.218
25.471493500999713,20.827008000000003,67.375
25.483822277999934,20.865792000000003,67.218
25.496037130999866,20.788224,67.281
25.508234064000135,20.74944,67.718
25.52050389499982,20.633088,67.531
25.53436424099982,20.633088,67.156
25.54859295099959,20.671872,67.125
25.56274917799965,20.671872,67.281
25.57642673400005,20.74944,67.093
25.589368074999584,20.788224,67.687
25.602077759999702,20.788224,67.25
25.61488296799962,20.788224,67.531
25.629983738000192,20.788224,67.5
25.642588171999705,20.710656,67.187
25.654807600999447,20.710656,67.437
25.667647626999496,20.671872,67.718
25.680090230999667,20.710656,67.718
25.69243107300008,20.710656,67.25
25.705001073999483,20.74944,67.531
25.717879212000298,20.788224,67.281
25.730682628000068,20.788224,67.218
25.743328632000157,20.827008000000003,67.406
25.755544540999836,20.827008000000003,67.718
25.76818366399948,20.827008000000003,67.312
25.780497656999614,20.865792000000003,67.562
25.79269958199984,20.865792000000003,67.187
25.80484918499951,20.904576000000002,67.406
25.81708167099987,20.904576000000002,67.718
25.829287276000287,20.827008000000003,67.281
25.84148795300007,20.788224,67.125
25.8538509709997,20.710656,67.468
25.868077664999873,20.710656,67.125
25.882036574000267,20.671872,67.0
25.89619289700022,20.633088,67.5
25.90991477500029,20.710656,67.156
25.92249751199961,20.74944,67.468
25.935319520999656,20.74944,67.468
25.94815129000017,20.74944,67.375
25.96382980599992,20.788224,67.218
25.976436607999858,20.74944,67.437
25.98864138099998,20.74944,67.718
26.00115179600016,20.671872,67.25
26.01366685099947,20.710656,67.593
26.02625941199949,20.74944,67.5
26.038746977999836,20.74944,67.25
26.05138405300022,20.788224,67.468
26.064541624999947,20.827008000000003,67.718
26.077253870000277,20.827008000000003,67.375
26.089655193999533,20.827008000000003,67.406
26.102177800999925,20.865792000000003,67.406
26.11455995599954,20.865792000000003,67.312
26.126747575999616,20.904576000000002,67.343
26.13889522699992,20.904576000000002,67.625
26.151441932000125,20.943360000000002,67.281
26.16367736200027,20.827008000000003,67.468
26.17587637499946,20.788224,67.25
26.18815273400014,20.710656,67.125
26.202335457999652,20.74944,67.625
26.216252094000083,20.74944,67.093
26.230698249999477,20.788224,67.125
26.24478519599961,20.827008000000003,67.406
26.25743219099968,20.827008000000003,67.218
26.26998555099999,20.827008000000003,67.406
26.28271123600007,20.865792000000003,67.468
26.295151120999435,20.827008000000003,67.625
26.307420887999797,20.827008000000003,67.312
26.319660029999795,20.827008000000003,67.593
26.331805760999487,20.788224,67.25
26.344491478000236,20.827008000000003,67.5
26.356879263999872,20.827008000000003,67.781
26.369385230999796,20.865792000000003,67.75
26.38207632400008,20.865792000000003,67.375
26.39502384000025,20.904576000000002,67.656
26.40767304400015,20.943360000000002,67.375
26.42080322199945,20.904576000000002,67.343
26.433291684000324,20.943360000000002,67.312
26.44556173899946,20.904576000000002,67.656
26.457742767000127,20.865792000000003,67.156
26.46990859499965,20.865792000000003,67.468
26.482190842999444,20.788224,67.031
26.494453249999424,20.74944,67.375
26.506599909000215,20.671872,67.156
26.518749224000203,20.671872,67.5
26.53228331900027,20.55552,67.125
26.54653129399958,20.594304,67.093
26.56044783299967,20.594304,67.312
26.575117260999832,20.671872,67.218
26.588692028999503,20.710656,67.718
26.601373458000126,20.710656,67.593
26.614370383999812,20.710656,67.25
26.627319692999663,20.710656,67.5
26.64148023999951,20.671872,67.437
26.65367512499961,20.671872,67.218
26.666038911000214,20.633088,67.375
26.67872600299961,20.671872,67.718
26.691085628999645,20.671872,67.312
26.70331577900015,20.710656,67.625
26.715615658999923,20.710656,67.343
26.728112537000015,20.74944,67.25
26.740936401999534,20.788224,67.437
26.75447398599954,20.827008000000003,67.781
26.766832684000292,20.788224,67.468
26.779567970000244,20.827008000000003,67.218
26.79190215499966,20.827008000000003,67.437
26.804462971000248,20.865792000000003,67.281
26.816865990000224,20.865792000000003,67.281
26.82919095899979,20.865792000000003,67.75
26.841570042000058,20.788224,67.406
26.853983588999654,20.74944,67.25
26.868281260999538,20.671872,67.125
26.88283743699958,20.710656,67.25
26.896985888000017,20.710656,67.281
26.911487213999862,20.788224,67.593
26.924447755000074,20.827008000000003,67.218
26.937490059000083,20.788224,67.25
26.94997189700007,20.827008000000003,67.5
26.96273886400013,20.827008000000003,67.312
26.975176347999877,20.788224,67.406
26.987367104999976,20.788224,67.718
26.999651336999705,20.74944,67.406
27.012144727000305,20.788224,67.343
27.024669317999724,20.788224,67.593
27.037242198999593,20.827008000000003,67.281
27.0496295060002,20.827008000000003,67.5
27.06229186099972,20.865792000000003,67.781
27.074978378000196,20.788224,67.656
27.08786630800023,20.788224,67.281
27.10035147399958,20.74944,67.593
27.113261389999934,20.788224,67.187
27.125489107999783,20.827008000000003,67.343
27.13770959300018,20.827008000000003,67.718
27.149929567000072,20.827008000000003,67.593
27.16248334299962,20.865792000000003,67.343
27.174632082000244,20.74944,67.562
27.186809205999452,20.74944,67.125
27.200971449999997,20.671872,67.218
27.21526252900003,20.671872,67.562
27.229498247000265,20.710656,67.156
27.24392929900023,20.74944,67.437
27.256427233000068,20.788224,67.437
27.26893543999995,20.788224,67.218
27.28144323000015,20.788224,67.406
27.29481869600022,20.827008000000003,67.375
27.309717314999943,20.788224,67.656
27.322349750000285,20.788224,67.343
27.334510104999936,20.710656,67.625
27.346724959000312,20.74944,67.343
27.35901770199962,20.788224,67.25
27.37135899199984,20.788224,67.468
27.38369432899981,20.788224,67.75
27.396699926999645,20.827008000000003,67.406
27.408980125999733,20.865792000000003,67.656
27.421750036999583,20.904576000000002,67.656
27.434030493000137,20.865792000000003,67.281
27.44652669900006,20.904576000000002,67.281
27.45867905399973,20.865792000000003,67.656
27.47089473899996,20.865792000000003,67.375
27.48316588200032,20.865792000000003,67.406
27.495512964000227,20.904576000000002,67.218
27.507825003999642,20.788224,67.406
27.520050289999745,20.74944,67.093
27.534323320999647,20.633088,67.625
27.54859030300031,20.633088,67.437
27.56243403999997,20.671872,67.25
27.5771511490002,20.710656,67.156
27.590311441000267,20.74944,67.125
27.60381737500029,20.74944,67.375
27.6170249959996,20.74944,67.687
27.629808347000107,20.788224,67.593
27.64446980699995,20.74944,67.25
27.656696883999757,20.710656,67.5
27.668888473000152,20.671872,67.218
27.681073756999467,20.594304,67.656
27.694014200999845,20.594304,67.281
27.70633414599979,20.633088,67.656
27.71876596600032,20.671872,67.343
27.73126098800003,20.671872,67.531
27.74463526999989,20.710656,67.468
27.757205142999737,20.74944,67.718
27.769866505999744,20.74944,67.5
27.78224434099957,20.788224,67.593
27.794816646000072,20.788224,67.218
27.80704257100024,20.827008000000003,67.437
27.81926830500015,20.827008000000003,67.093
27.831449844999952,20.827008000000003,67.312
27.84363020099954,20.74944,67.656
27.855827997999768,20.710656,67.437
27.869280681999953,20.633088,67.406
27.883750199999668,20.633088,67.125
27.897690323999996,20.633088,67.062
27.911893847999636,20.710656,67.281
27.926024315000177,20.74944,67.25
27.939057593999678,20.74944,67.562
27.951847249999446,20.74944,67.25
27.965479587999653,20.74944,67.281
27.980704425000113,20.74944,67.437
27.992870412999764,20.710656,67.781
28.00521461399967,20.671872,67.687
28.01745705200028,20.710656,67.343
28.029658849000043,20.74944,67.656
28.042169071999524,20.74944,67.343
28.05468243099949,20.788224,67.562
28.067666076000023,20.788224,67.812
28.080429683000148,20.865792000000003,67.718
28.09305626100013,20.865792000000003,67.468
28.10521146500014,20.865792000000003,67.687
28.11795494299986,20.865792000000003,67.218
28.130248710999695,20.904576000000002,67.406
28.142406058000233,20.904576000000002,67.781
28.154639567999766,20.904576000000002,67.343
28.16691899899979,20.904576000000002,67.5
28.179107547000058,20.827008000000003,67.656
28.191346945999612,20.827008000000003,67.218
28.20552854899961,20.710656,67.093
28.220027411000046,20.74944,67.187
28.234080178999648,20.788224,67.218
28.247701317000065,20.827008000000003,67.531
28.260456412000167,20.865792000000003,67.218
28.273497242999838,20.865792000000003,67.156
28.286559899000167,20.74944,67.218
28.300566808999974,20.788224,67.406
28.31354264699985,20.74944,67.687
28.32581583799947,20.74944,67.312
28.33841063899945,20.671872,67.687
28.35056190599971,20.710656,67.312
28.362717140999848,20.74944,67.468
28.37486216799971,20.788224,67.843
28.387537548000182,20.788224,67.781
28.400086363999435,20.827008000000003,67.343
28.412457381999957,20.865792000000003,67.687
28.42468241200004,20.904576000000002,67.281
28.43692552199991,20.865792000000003,67.593
28.450467552999726,20.904576000000002,67.375
28.462643269000182,20.865792000000003,67.656
28.4754628769997,20.827008000000003,67.25
28.487660705999588,20.827008000000003,67.468
28.499857509999856,20.865792000000003,67.218
28.512068234999788,20.788224,67.406
28.52425838399995,20.74944,67.125
28.536548375000166,20.671872,67.718
28.550728026999423,20.671872,67.437
28.565387245999773,20.671872,67.125
28.57976690400028,20.710656,67.093
28.59413996999956,20.74944,67.312
28.606737074999728,20.74944,67.75
28.619388422000156,20.788224,67.687
28.632167742000092,20.788224,67.343
28.64706658399973,20.74944,67.531
28.659598630999426,20.710656,67.437
28.671809259999463,20.710656,67.218
28.684018449000177,20.671872,67.437
28.696944620999602,20.710656,67.718
28.709507933000168,20.74944,67.375
28.721885287999612,20.74944,67.687
28.734391797999706,20.74944,67.593
28.746847266999794,20.788224,67.312
28.760064231999422,20.827008000000003,67.468
28.772299565999674,20.827008000000003,67.843
28.784897407000244,20.865792000000003,67.312
28.79717907899976,20.865792000000003,67.687
28.80955710499984,20.904576000000002,67.5
28.82175096500032,20.904576000000002,67.156
28.833916376999696,20.943360000000002,67.468
28.846105853000154,20.827008000000003,67.718
28.85824230399976,20.788224,67.25
28.87208258499959,20.671872,67.125
28.886247196000113,20.55552,67.218
28.900331197000014,20.55552,67.187
28.91434146699976,20.594304,67.125
28.927714788999765,20.671872,67.656
28.940717346999918,20.671872,67.218
28.95308558099987,20.671872,67.5
28.96608353099964,20.710656,67.531
28.980923588000223,20.710656,67.281
28.99311130499973,20.671872,67.437
29.00571461799973,20.671872,67.781
29.017951615999664,20.633088,67.656
29.030615890999798,20.671872,67.281
29.042930651999995,20.710656,67.593
29.055229570999472,20.710656,67.343
29.06778334699993,20.710656,67.593
29.080821138999454,20.788224,67.375
29.0936529720002,20.827008000000003,67.656
29.105881776999922,20.788224,67.5
29.11851385999944,20.827008000000003,67.562
29.130712199999834,20.865792000000003,67.312
29.142907053000272,20.865792000000003,67.406
29.155207156999495,20.865792000000003,67.718
29.167425466000168,20.904576000000002,67.406
29.179633310999634,20.788224,67.656
29.19182573099988,20.788224,67.406
29.204928612999538,20.671872,67.218
29.218841312000222,20.710656,67.125
29.232489875000283,20.710656,67.156
29.24688303699986,20.74944,67.218
29.26062321900008,20.788224,67.437
29.273240996999448,20.788224,67.281
29.2858211089997,20.788224,67.218
29.298917494000307,20.827008000000003,67.531
29.313698860999466,20.827008000000003,67.343
29.326293661999443,20.788224,67.687
29.338942160999977,20.74944,67.281
29.351295931000095,20.74944,67.562
29.363824137999472,20.788224,67.343
29.376077263999832,20.827008000000003,67.562
29.388664832999893,20.827008000000003,67.531
29.400954920000004,20.865792000000003,67.75
29.413349298999492,20.904576000000002,67.343
29.42622039700018,20.943360000000002,67.593
29.4385683419996,20.904576000000002,67.406
29.451690455999596,20.943360000000002,67.218
29.464383116000135,20.904576000000002,67.406
29.477062047999425,20.865792000000003,67.687
29.48966289799955,20.865792000000003,67.156
29.502259650999804,20.788224,67.375
29.514604267999857,20.74944,67.437
29.52685285000007,20.671872,67.156
29.53918601100031,20.594304,67.312
29.5535597170001,20.55552,67.187
29.568148692999785,20.594304,67.5
29.582078768999963,20.633088,67.437
29.596524572999442,20.710656,67.343
29.610067051999977,20.710656,67.187
29.62288186099977,20.710656,67.312
29.635755678999885,20.74944,67.687
29.648759484999573,20.710656,67.562
29.660961792999842,20.633088,67.25
29.67321658399942,20.633088,67.5
29.685559601000023,20.594304,67.281
29.69874280499971,20.633088,67.437
29.71123757100031,20.633088,67.687
29.723445094999988,20.671872,67.437
29.73562343499998,20.671872,67.281
29.748175066999465,20.710656,67.531
29.761007668000275,20.74944,67.312
29.77368282399948,20.788224,67.562
29.785881803999473,20.788224,67.781
29.79836181799965,20.827008000000003,67.312
29.8105229089997,20.827008000000003,67.187
29.823051020000094,20.827008000000003,67.468
29.83526139300011,20.865792000000003,67.156
29.847405364000224,20.827008000000003,67.406
29.859664026000246,20.74944,67.718
29.871991363000234,20.710656,67.687
29.88612525299959,20.671872,67.093
29.900270502999774,20.710656,67.156
29.91432954299944,20.710656,67.312
29.927821332999883,20.788224,67.687
29.94040442200003,20.827008000000003,67.687
29.952714861999993,20.827008000000003,67.312
29.96577079799954,20.827008000000003,67.562
29.978875630999937,20.827008000000003,67.218
29.99111531699964,20.788224,67.468
30.003278328000306,20.788224,67.5
30.01562665700021,20.74944,67.812
30.028141103999587,20.788224,67.375
30.04061839699989,20.788224,67.562
30.05290218099981,20.827008000000003,67.406
30.065166923000106,20.827008000000003,67.625
30.077834462999817,20.788224,67.406
30.09075682599996,20.74944,67.718
30.10318499799996,20.788224,67.343
30.115400298999702,20.788224,67.718
30.128072190999774,20.827008000000003,67.218
30.140273379000064,20.827008000000003,67.531
30.152476743999614,20.865792000000003,67.218
30.1648042730003,20.865792000000003,67.218
30.176961332000246,20.865792000000003,67.468
30.18927445999998,20.788224,67.718
30.201517857999534,20.74944,67.156
30.215591617999962,20.671872,67.187
30.229698500000268,20.671872,67.218
30.243698592999863,20.710656,67.187
30.25751263300026,20.788224,67.562
30.2702985119995,20.788224,67.25
30.282770750000054,20.788224,67.25
30.2960269160003,20.788224,67.406
30.308965471999727,20.788224,67.468
30.323294984000313,20.788224,67.75
30.335463307000282,20.74944,67.468
30.34764273499968,20.710656,67.687
30.35982101099944,20.74944,67.312
30.372681867999745,20.788224,67.5
30.385017780999988,20.827008000000003,67.25
30.39737167899966,20.827008000000003,67.812
30.41033685899947,20.865792000000003,67.406
30.42295105299945,20.904576000000002,67.625
30.435452282999904,20.943360000000002,67.312
30.447857285999817,20.904576000000002,67.593
30.460652638000283,20.904576000000002,67.375
30.473025671999494,20.865792000000003,67.718
30.485321551000197,20.904576000000002,67.281
30.497495251000146,20.865792000000003,67.531
30.509861307999927,20.904576000000002,67.218
30.522026079999705,20.788224,67.531
30.534264836999682,20.74944,67.218
30.548862325999835,20.633088,67.593
30.563716462999764,20.633088,67.468
30.577544359999592,20.671872,67.531
30.592024949000006,20.710656,67.187
30.605501633999666,20.74944,67.375
30.618078546000106,20.788224,67.437
30.631449788000282,20.788224,67.75
30.645484378999754,20.788224,67.656
30.65848424900014,20.710656,67.218
30.67064370800017,20.671872,67.593
30.68318961099976,20.594304,67.187
30.69539451199944,20.477952000000002,67.406
30.707834939999884,20.516736,67.718
30.720252647999587,20.55552,67.312
30.732774197999788,20.594304,67.343
30.74526352399971,20.594304,67.562
30.75762439800019,20.633088,67.218
30.770324993999566,20.710656,67.5
30.78289147400028,20.671872,67.875
30.795353919000263,20.710656,67.406
30.80756406799992,20.74944,67.406
30.81981831400026,20.74944,67.593
30.83201537399964,20.788224,67.218
30.84419054599948,20.788224,67.5
30.85639007000009,20.710656,67.75
30.868571674000123,20.671872,67.406
30.88083260900021,20.594304,67.25
30.895577557999786,20.633088,67.406
30.909481169000173,20.633088,67.281
30.924048257000322,20.671872,67.25
30.937835032000294,20.710656,67.718
30.950870806999774,20.74944,67.312
30.963727440000184,20.74944,67.656
30.976458854000157,20.74944,67.562
30.992496899999423,20.74944,67.5
31.00516981599958,20.710656,67.25
31.017857803999505,20.671872,67.437
31.030018798999663,20.710656,67.718
31.042681729999458,20.710656,67.437
31.055165967999528,20.74944,67.625
31.067620124000314,20.74944,67.593
31.07984525000029,20.788224,67.375
31.09251794099964,20.827008000000003,67.437
31.104858493999927,20.865792000000003,67.75
31.117417325999668,20.827008000000003,67.531
31.13005283199982,20.865792000000003,67.625
31.142294885999945,20.865792000000003,67.343
31.15451281100013,20.904576000000002,67.25
31.166684558999805,20.904576000000002,67.343
31.178889619000074,20.943360000000002,67.781
31.19104165399949,20.827008000000003,67.437
31.203312093000022,20.827008000000003,67.437
31.217023602000154,20.710656,67.437
31.23134581799968,20.710656,67.156
31.24521374699998,20.74944,67.625
31.259387733999574,20.788224,67.281
31.272350035000272,20.827008000000003,67.281
31.285745213000155,20.74944,67.343
31.29838753599961,20.74944,67.25
31.311835227999836,20.74944,67.281
31.324672372999885,20.74944,67.375
31.336835191999853,20.710656,67.718
31.349405543999637,20.710656,67.437
31.362282434000008,20.633088,67.593
31.374712492999606,20.671872,67.25
31.386879632999808,20.710656,67.281
31.399609125999632,20.74944,67.5
31.412387804999526,20.74944,67.75
31.42524110999966,20.788224,67.343
31.438087566999457,20.827008000000003,67.281
31.451038602999688,20.827008000000003,67.718
31.463951877999534,20.827008000000003,67.25
31.476585335999516,20.827008000000003,67.406
31.4889536339997,20.827008000000003,67.625
31.50112739799988,20.827008000000003,67.5
31.513469806999638,20.827008000000003,67.312
31.525679411000056,20.74944,67.468
31.53790930499963,20.710656,67.218
31.55017292699995,20.633088,67.406
31.56451123900024,20.633088,67.187
31.578384448999714,20.671872,67.031
31.592505122999682,20.671872,67.468
31.606838634999804,20.74944,67.437
31.619724932999816,20.788224,67.218
31.632905640999525,20.788224,67.437
31.646373749000304,20.788224,67.406
31.66202055099984,20.74944,67.687
31.67428151799959,20.671872,67.281
31.686569172999953,20.671872,67.281
31.698721335999835,20.671872,67.468
31.711056095999993,20.671872,67.843
31.723391753000215,20.710656,67.5
31.735755859000164,20.74944,67.718
31.748329954999463,20.74944,67.375
31.761296447999484,20.788224,67.375
31.773981876000107,20.827008000000003,67.562
31.786648295000305,20.788224,67.406
31.799260247999882,20.865792000000003,67.375
31.81213637000019,20.865792000000003,67.687
31.824351094999656,20.904576000000002,67.625
31.83654319499965,20.904576000000002,67.25
31.84874822399979,20.904576000000002,67.625
31.860917730999972,20.827008000000003,67.25
31.873792157000025,20.788224,67.531
31.889090019999458,20.594304,67.218
31.90311123399988,20.594304,67.093
31.91751828499946,20.633088,67.062
31.932315811999615,20.671872,67.343
31.945054840999546,20.710656,67.75
31.957760237999537,20.74944,67.687
31.97128610799973,20.74944,67.625
31.987515936999444,20.74944,67.375
31.999807815999702,20.74944,67.5
32.01209863999975,20.710656,67.281
32.02463123100006,20.671872,67.531
32.0369364219996,20.710656,67.781
32.04922698900009,20.74944,67.75
32.061886687999504,20.788224,67.468
32.0744543210003,20.788224,67.656
32.08733940299953,20.827008000000003,67.281
32.10033123999983,20.827008000000003,67.812
32.11328986099943,20.865792000000003,67.625
32.12558093999996,20.865792000000003,67.75
32.13798856700032,20.904576000000002,67.25
32.15022665299966,20.904576000000002,67.562
32.162664040999516,20.904576000000002,67.25
32.1749505759999,20.943360000000002,67.812
32.187206741999944,20.943360000000002,67.5
32.19962800099984,20.827008000000003,67.718
32.21207735799999,20.788224,67.312
32.22608042699994,20.74944,67.218
32.24049749400001,20.788224,67.093
32.25491225699989,20.788224,67.343
32.26809718899949,20.865792000000003,67.656
32.280522607999956,20.904576000000002,67.343
32.293387464999796,20.904576000000002,67.312
32.30645588100015,20.904576000000002,67.5
32.32106156200007,20.904576000000002,67.468
32.333296287999474,20.865792000000003,67.843
32.34553910900013,20.865792000000003,67.562
32.35773466499995,20.827008000000003,67.781
32.37035471499985,20.865792000000003,67.375
32.38283034399956,20.904576000000002,67.687
32.39559372599979,20.904576000000002,67.5
32.4083043390001,20.943360000000002,67.812
32.42162725900016,20.982144,67.437
32.434075207000205,21.020928,67.656
32.446473617000265,21.020928,67.468
32.45905251400018,21.020928,67.312
32.47184831300001,21.020928,67.437
32.484223522999855,20.982144,67.218
32.49660462100019,20.827008000000003,67.25
32.50898907899955,20.827008000000003,67.406
32.521535109999604,20.827008000000003,67.218
32.53373165799985,20.74944,67.468
32.54588756500016,20.710656,67.25
32.560087120999924,20.594304,67.312
32.57467843399991,20.594304,67.593
32.58933163599977,20.633088,67.5
32.60392614800003,20.671872,67.187
32.6168563199999,20.710656,67.218
32.63040430299952,20.710656,67.437
32.64359713900012,20.74944,67.312
32.65916560200003,20.74944,67.718
32.67200393100029,20.710656,67.562
32.68429952199949,20.671872,67.312
32.696685003999846,20.594304,67.468
32.70942400199965,20.633088,67.25
32.72184519700022,20.633088,67.437
32.73404676900009,20.671872,67.75
32.746451899999556,20.710656,67.75
32.758800740999504,20.710656,67.312
32.771914662999734,20.74944,67.593
32.785081801999695,20.788224,67.375
32.79729322999992,20.788224,67.843
32.80991369599997,20.788224,67.375
32.8222193040001,20.827008000000003,67.656
32.83441521199984,20.827008000000003,67.343
32.84665534499982,20.865792000000003,67.531
32.858872150000025,20.865792000000003,67.406
32.871098362999874,20.788224,67.531
32.883399778999774,20.74944,67.406
32.89741171300011,20.671872,67.562
32.9119050700001,20.710656,67.343
32.92623045399978,20.710656,67.156
32.93958956699953,20.788224,67.187
32.952705120000246,20.788224,67.375
32.96535550699991,20.788224,67.718
32.97822001199984,20.788224,67.687
32.99256850100028,20.827008000000003,67.312
33.00492633399972,20.788224,67.656
33.01715865999995,20.788224,67.343
33.029752563999864,20.710656,67.5
33.04190168700006,20.74944,67.75
33.054426597999736,20.74944,67.718
33.06664013799946,20.788224,67.468
33.07882215799964,20.788224,67.625
33.09134665300007,20.671872,67.187
33.10403447999943,20.710656,67.5
33.11665523400006,20.788224,67.468
33.129394071000206,20.74944,67.781
33.14172665600017,20.788224,67.312
33.15427937499953,20.788224,67.531
33.16654165399996,20.827008000000003,67.281
33.17871874499997,20.827008000000003,67.406
33.190897436999876,20.865792000000003,67.75
33.20305839999946,20.788224,67.281
33.215255492000324,20.74944,67.125
33.22901205800008,20.633088,67.531
33.24320921399976,20.633088,67.25
33.25796270699993,20.671872,67.25
33.27245449600014,20.710656,67.687
33.28567942900008,20.74944,67.562
33.29922987600003,20.74944,67.281
33.31274969799961,20.74944,67.562
33.32575318399995,20.788224,67.562
33.34035886499987,20.74944,67.843
33.35264168699996,20.74944,67.5
33.36505193799985,20.710656,67.75
33.37730269599979,20.74944,67.625
33.39007817399943,20.74944,67.375
33.40242503099944,20.788224,67.656
33.415079289999994,20.788224,67.343
33.42809227999987,20.827008000000003,67.718
33.44093368099948,20.865792000000003,67.437
33.45377808899957,20.904576000000002,67.75
33.466045262999614,20.865792000000003,67.437
33.479085422000026,20.865792000000003,67.468
33.49139650199959,20.827008000000003,67.343
33.503731167000296,20.865792000000003,67.75
33.516196810999645,20.865792000000003,67.312
33.52874415399947,20.865792000000003,67.687
33.54094828699999,20.788224,67.406
33.553186467999694,20.74944,67.218
33.56749319499977,20.671872,67.343
33.58173873600026,20.671872,67.218
33.596223229000316,20.710656,67.531
33.61007874200004,20.788224,67.5
33.62330034699971,20.788224,67.25
33.63588036300007,20.788224,67.531
33.648880904999714,20.788224,67.375
33.66348696899968,20.788224,67.75
33.67578064099962,20.74944,67.281
33.68823879699994,20.710656,67.312
33.70113459899949,20.594304,67.437
33.713846556000135,20.516736,67.156
33.726536240000314,20.55552,67.375
33.73908092700003,20.594304,67.781
33.751636909999434,20.633088,67.718
33.76452356000027,20.671872,67.406
33.777192859000024,20.710656,67.562
33.79020437700001,20.710656,67.312
33.80258467499971,20.710656,67.468
33.81539029899977,20.74944,67.437
33.827612127000066,20.74944,67.687
33.83989037399988,20.788224,67.375
33.85205783299989,20.788224,67.562
33.86435348800023,20.827008000000003,67.25
33.87650069099982,20.710656,67.5
33.888704279000194,20.710656,67.218
33.902811383999506,20.594304,67.625
33.91735943099957,20.594304,67.406
33.93157146700014,20.633088,67.312
33.945865810000214,20.671872,67.156
33.95815308100009,20.710656,67.406
33.971795659000236,20.710656,67.375
33.9850782579997,20.74944,67.687
34.00022949199956,20.74944,67.687
34.0124657209999,20.74944,67.281
34.02466850899964,20.710656,67.593
34.037024614000075,20.671872,67.312
34.04940670399992,20.710656,67.5
34.06179253800019,20.74944,67.781
34.07415440400018,20.74944,67.437
34.08667729799981,20.788224,67.468
34.099828788000195,20.788224,67.625
34.112968438999815,20.827008000000003,67.312
34.12560266499986,20.865792000000003,67.531
34.137793068000065,20.865792000000003,67.812
34.150077907000195,20.865792000000003,67.625
34.162250934999975,20.904576000000002,67.312
34.17447365899989,20.904576000000002,67.531
34.1867222410001,20.943360000000002,67.281
34.19906253799945,20.943360000000002,67.562
34.21130497499962,20.827008000000003,67.718
34.22363432800012,20.788224,67.562
34.23785993199999,20.74944,67.218
34.252226052999504,20.74944,67.218
34.26669473699985,20.788224,67.343
34.279803090000314,20.865792000000003,67.312
34.2924280999996,20.74944,67.5
34.305214459000126,20.74944,67.187
34.318312090999825,20.788224,67.562
34.33172275800007,20.788224,67.656
34.34399805999965,20.74944,67.281
34.35618484799943,20.74944,67.468
34.3684965679995,20.710656,67.718
34.38074959699952,20.710656,67.343
34.39296044999992,20.74944,67.656
34.405203782999706,20.788224,67.468
34.41782524100017,20.788224,67.343
34.430202978000125,20.788224,67.5
34.443104924999716,20.827008000000003,67.75
34.45585112200024,20.904576000000002,67.437
34.46896417900007,20.865792000000003,67.437
34.48235721299989,20.865792000000003,67.406
34.494680773000255,20.788224,67.25
34.50690944999951,20.827008000000003,67.343
34.519968106000306,20.827008000000003,67.656
34.5321939989999,20.865792000000003,67.718
34.544411091000256,20.74944,67.406
34.55667714500032,20.74944,67.406
34.57126586499999,20.633088,67.343
34.585539343000164,20.633088,67.218
34.60001772400028,20.633088,67.593
34.6145580579996,20.710656,67.562
34.62695938100023,20.74944,67.281
34.64030377299969,20.74944,67.5
34.65426585000023,20.74944,67.468
34.67007873700004,20.788224,67.312
34.68245324199961,20.710656,67.718
34.694651549999435,20.671872,67.406
34.706959590000224,20.633088,67.625
34.719457682999746,20.671872,67.281
34.73187164599949,20.710656,67.531
34.744498543999725,20.710656,67.531
34.75762270499945,20.710656,67.75
34.77037872700021,20.74944,67.468
34.78334390700002,20.788224,67.718
34.79652285500015,20.827008000000003,67.687
34.80884769499971,20.827008000000003,67.281
34.8213085389998,20.865792000000003,67.468
34.8335310399998,20.865792000000003,67.718
34.84613080100007,20.865792000000003,67.343
34.858359060999646,20.904576000000002,67.5
34.87058143400009,20.865792000000003,67.468
34.882805342999745,20.788224,67.281
34.89532631699967,20.671872,67.218
34.909695221999755,20.55552,67.218
34.92338922599993,20.594304,67.437
34.9378581660003,20.594304,67.406
34.95177912100007,20.671872,67.156
34.96438646600018,20.710656,67.468
34.9768570389997,20.710656,67.406
34.99017496600027,20.74944,67.781
35.004773927000315,20.74944,67.375
35.01696701899982,20.74944,67.312
35.02914740599954,20.710656,67.562
35.0415271920001,20.671872,67.281
35.05403805399965,20.710656,67.437
35.06660622999971,20.710656,67.718
35.07908675499948,20.74944,67.468
35.0916793790002,20.74944,67.406
35.10430490099952,20.788224,67.656
35.11725651300003,20.827008000000003,67.25
35.130047607999586,20.865792000000003,67.531
35.142238362999706,20.827008000000003,67.843
35.15457043599963,20.865792000000003,67.375
35.166751015000045,20.865792000000003,67.312
35.17895450699962,20.904576000000002,67.468
35.191214769,20.904576000000002,67.218
35.203443190000144,20.904576000000002,67.593
35.215677723000226,20.788224,67.812
35.2279102399998,20.788224,67.656
35.242345196000315,20.710656,67.25
35.256979452999985,20.74944,67.187
35.271660368000084,20.74944,67.437
35.28481192199979,20.827008000000003,67.437
35.29744329999994,20.865792000000003,67.718
35.310412895999434,20.827008000000003,67.343
35.32379143399976,20.865792000000003,67.406
35.33724571699986,20.865792000000003,67.687
35.349449753000044,20.827008000000003,67.281
35.36181001899968,20.788224,67.5
35.37399997400007,20.74944,67.843
35.38650613200025,20.788224,67.406
35.39900118500009,20.827008000000003,67.343
35.412185989000136,20.827008000000003,67.656
35.42476299600003,20.827008000000003,67.375
35.43738963800024,20.865792000000003,67.562
35.45039305999944,20.904576000000002,67.468
35.464070934999654,20.904576000000002,67.843
35.47707669200008,20.865792000000003,67.312
35.48972403799962,20.865792000000003,67.468
35.5019302820001,20.788224,67.25
35.514373621999766,20.74944,67.718
35.52662178799983,20.74944,67.25
35.53906058299981,20.788224,67.593
35.55129498799943,20.671872,67.281
35.56354161800027,20.633088,67.125
35.577781430999494,20.516736,67.281
35.591988313999536,20.55552,67.187
35.606015639999896,20.55552,67.218
35.62088011299966,20.633088,67.468
35.633708393000234,20.633088,67.281
35.64691828499963,20.671872,67.5
35.659781925999596,20.671872,67.437
35.67599124200024,20.671872,67.406
35.6882496799999,20.633088,67.75
35.70043115499993,20.633088,67.375
35.71283814100025,20.55552,67.687
35.72544202999961,20.594304,67.343
35.73785439299991,20.633088,67.531
35.750010140000086,20.671872,67.531
35.762637420999454,20.671872,67.718
35.774974293000014,20.671872,67.468
35.78767850500026,20.710656,67.75
35.800003856999865,20.74944,67.343
35.81283236099989,20.74944,67.406
35.82554668600005,20.788224,67.375
35.837757985999815,20.788224,67.718
35.849958470000274,20.827008000000003,67.343
35.862153481999485,20.827008000000003,67.562
35.87435095799992,20.865792000000003,67.343
35.88654843399945,20.74944,67.5
35.89869643600014,20.74944,67.437
35.91269598500003,20.671872,67.718
35.92693519000022,20.671872,67.531
35.941755724999894,20.671872,67.468
35.95603473899973,20.74944,67.187
35.969423740999446,20.788224,67.375
35.98192724299952,20.788224,67.75
35.99468822400013,20.788224,67.687
36.009747967000294,20.788224,67.406
36.021926307000285,20.74944,67.343
36.034486577999814,20.74944,67.656
36.04661349199978,20.710656,67.312
36.05879906300015,20.74944,67.437
36.07097932299985,20.74944,67.812
36.08339926899953,20.788224,67.437
36.09584801700021,20.671872,67.625
36.10850362000019,20.710656,67.562
36.120995792999565,20.710656,67.343
36.13342002799982,20.74944,67.562
36.1456975709998,20.74944,67.812
36.15820638399964,20.788224,67.437
36.170503638999435,20.788224,67.718
36.1827422690003,20.827008000000003,67.312
36.19490614299957,20.827008000000003,67.468
36.20706880200032,20.865792000000003,67.562
36.219242020999445,20.74944,67.781
36.2314093519999,20.710656,67.218
36.24537462799981,20.633088,67.218
36.259505510000054,20.633088,67.406
36.273703240999566,20.633088,67.281
36.288266743999884,20.710656,67.125
36.30134783199992,20.74944,67.625
36.314591964999636,20.74944,67.343
36.32738366800004,20.74944,67.656
36.34038507300011,20.788224,67.406
36.353120837999995,20.74944,67.312
36.365387660000124,20.74944,67.531
36.37780178199955,20.710656,67.781
36.390386662999845,20.710656,67.437
36.40277860900005,20.74944,67.718
36.41518745099984,20.788224,67.406
36.427549539999745,20.788224,67.437
36.44024581600024,20.827008000000003,67.531
36.45292026700008,20.827008000000003,67.75
36.46654207600022,20.865792000000003,67.5
36.478952421999566,20.827008000000003,67.468
36.491931683000075,20.865792000000003,67.468
36.50410605399975,20.827008000000003,67.281
36.516768569000305,20.827008000000003,67.5
36.528958363999664,20.827008000000003,67.718
36.54116396799964,20.865792000000003,67.406
36.55337043599957,20.74944,67.593
36.565614664999885,20.74944,67.468
36.57905995700003,20.633088,67.218
36.59331967399976,20.633088,67.187
36.60746207600005,20.633088,67.593
36.62185158899956,20.671872,67.281
36.63551333600026,20.74944,67.5
36.649019204999604,20.74944,67.562
36.66188143799991,20.74944,67.25
36.67492175699954,20.74944,67.843
36.69009475100029,20.74944,67.437
36.70235475699974,20.671872,67.593
36.71480542500012,20.55552,67.25
36.72733254299965,20.516736,67.281
36.739893037999536,20.55552,67.531
36.75229288799983,20.594304,67.25
36.764609759999985,20.633088,67.562
36.77720443199996,20.633088,67.781
36.789656475999436,20.671872,67.625
36.8025485979997,20.710656,67.406
36.81623021699943,20.710656,67.687
36.8287352870002,20.74944,67.281
36.840956506999646,20.74944,67.5
36.853158463,20.788224,67.656
36.86555943300027,20.788224,67.562
36.87807899899963,20.827008000000003,67.312
36.89026716300032,20.710656,67.562
36.90247254299993,20.671872,67.187
36.914796486999876,20.633088,67.718
36.92882205299975,20.633088,67.218
36.94307930600007,20.633088,67.156
36.9577601889996,20.671872,67.5
36.97016087100019,20.74944,67.218
36.98297039799945,20.74944,67.468
36.99564923300022,20.74944,67.406
37.008958743999756,20.788224,67.75
37.02151943199988,20.788224,67.437
37.033675914000014,20.710656,67.625
37.04619794399969,20.710656,67.625
37.05904635299976,20.671872,67.343
37.07141881000007,20.710656,67.531
37.08379069199964,20.710656,67.812
37.09644533400024,20.74944,67.5
37.109229931999835,20.74944,67.437
37.122085412999695,20.788224,67.625
37.13471307799955,20.827008000000003,67.343
37.146880376999434,20.827008000000003,67.656
37.15940739999951,20.827008000000003,67.781
37.171644076999655,20.865792000000003,67.5
37.18384804899961,20.865792000000003,67.593
37.196030995999536,20.904576000000002,67.468
37.20851884900003,20.904576000000002,67.218
37.22072534899962,20.827008000000003,67.437
37.23287107899978,20.788224,67.656
37.245173901999806,20.710656,67.437
37.25927899099952,20.710656,67.218
37.27317219999986,20.710656,67.406
37.287760407999485,20.788224,67.343
37.30092904999947,20.74944,67.656
37.31337347799945,20.74944,67.312
37.32577553600004,20.74944,67.625
37.341354270999545,20.74944,67.562
37.353895598000236,20.74944,67.656
37.366146546999516,20.710656,67.281
37.378639104000285,20.710656,67.531
37.39077577799981,20.671872,67.812
37.403259630999855,20.710656,67.406
37.415678522000235,20.74944,67.687
37.428568307000205,20.788224,67.468
37.440961020999566,20.788224,67.343
37.453656656999556,20.827008000000003,67.531
37.46639152500029,20.865792000000003,67.812
37.47951613500027,20.865792000000003,67.468
37.492471745999865,20.865792000000003,67.343
37.50505467399944,20.827008000000003,67.593
37.517345145000036,20.827008000000003,67.218
37.529554108999946,20.827008000000003,67.468
37.54208948299947,20.865792000000003,67.687
37.55426263800018,20.827008000000003,67.5
37.56649656299942,20.74944,67.718
37.5790864669998,20.671872,67.468
37.59280824799953,20.671872,67.343
37.60757166100029,20.671872,67.718
37.621766831999594,20.710656,67.593
37.63509195899951,20.788224,67.312
37.647665542999675,20.788224,67.656
37.660161971999514,20.788224,67.312
37.67485056700025,20.827008000000003,67.25
37.688196846999745,20.788224,67.562
37.70055752799999,20.710656,67.75
37.71293289799996,20.710656,67.75
37.725132612999914,20.671872,67.437
37.73763681899982,20.710656,67.656
37.75050423599987,20.74944,67.406
37.762968344,20.74944,67.593
37.775374658000146,20.74944,67.562
37.78815762500017,20.788224,67.75
37.80071776800014,20.827008000000003,67.406
37.8132684709999,20.827008000000003,67.75
37.82547493899983,20.865792000000003,67.343
37.83839518900004,20.904576000000002,67.593
37.85074425399944,20.904576000000002,67.718
37.862895487999594,20.904576000000002,67.718
37.875108100000034,20.943360000000002,67.437
37.887327720999565,20.865792000000003,67.625
37.89979323700027,20.710656,67.343
37.91209097199953,20.671872,67.218
37.92586110499997,20.594304,67.25
37.940052979999564,20.633088,67.218
37.95410040299976,20.671872,67.468
37.96814340899982,20.710656,67.468
37.981285971000034,20.74944,67.25
37.99378278399945,20.74944,67.437
38.006377871999575,20.74944,67.812
38.02492207799969,20.788224,67.375
38.03747841299992,20.74944,67.656
38.04968164899947,20.74944,67.437
38.06187637199946,20.710656,67.468
38.07425814199996,20.74944,67.375
38.08667127300032,20.788224,67.5
38.09923042399987,20.788224,67.468
38.11171296399971,20.788224,67.687
38.12458809399959,20.827008000000003,67.343
38.13717015800012,20.865792000000003,67.593
38.15007700000024,20.827008000000003,67.656
38.16263528699983,20.865792000000003,67.718
38.17485186700014,20.904576000000002,67.406
38.18708147199959,20.904576000000002,67.593
38.199263427000005,20.943360000000002,67.281
38.21145709499979,20.943360000000002,67.562
38.22363757800031,20.865792000000003,67.25
38.2358392139995,20.827008000000003,67.406
38.248270840999794,20.74944,67.375
38.26255507099995,20.74944,67.5
38.27679347499998,20.788224,67.468
38.29144715700022,20.827008000000003,67.25
38.3045009159996,20.865792000000003,67.218
38.31716771799984,20.865792000000003,67.437
38.33081365599992,20.904576000000002,67.687
38.343672336000054,20.904576000000002,67.593
38.35602744900007,20.904576000000002,67.343
38.36823983700015,20.865792000000003,67.562
38.38045299300029,20.865792000000003,67.437
38.392648996999924,20.827008000000003,67.5
38.40529631000027,20.827008000000003,67.781
38.417859174000114,20.865792000000003,67.437
38.43004772099994,20.865792000000003,67.718
38.44224029999987,20.904576000000002,67.593
38.45534478099944,20.943360000000002,67.406
38.46817757299959,20.943360000000002,67.5
38.48149153200029,20.943360000000002,67.593
38.49475393699959,20.943360000000002,67.625
38.50807941599942,20.943360000000002,67.312
38.52086078299999,20.827008000000003,67.156
38.53318603800017,20.827008000000003,67.281
38.545474716999706,20.865792000000003,67.718
38.5577124499996,20.827008000000003,67.437
38.56999389599969,20.74944,67.656
38.58229646299969,20.710656,67.562
38.596375885999805,20.671872,67.187
38.610430988999724,20.710656,67.187
38.6250852459998,20.710656,67.312
38.637687567000285,20.788224,67.625
38.65080462399965,20.827008000000003,67.593
38.66393588899973,20.827008000000003,67.375
38.67895902199962,20.827008000000003,67.281
38.692070031000185,20.827008000000003,67.562
38.70425515399984,20.788224,67.843
38.71674508700016,20.74944,67.406
38.72892806599975,20.710656,67.718
38.74181820400008,20.74944,67.656
38.75402208000014,20.74944,67.343
38.76654538999992,20.788224,67.593
38.779072540000016,20.788224,67.812
38.792585801000314,20.827008000000003,67.75
38.80513496799995,20.865792000000003,67.406
38.817809610999575,20.865792000000003,67.812
38.830217173000165,20.865792000000003,67.406
38.84269628899983,20.904576000000002,67.562
38.85485225999946,20.904576000000002,67.718
38.867211627999495,20.904576000000002,67.312
38.87975695499972,20.943360000000002,67.437
38.89199763200031,20.865792000000003,67.687
38.90419673999986,20.788224,67.25
38.91651533899949,20.710656,67.437
38.93106888900002,20.710656,67.312
38.94543894599974,20.74944,67.218
38.960245624999516,20.74944,67.312
38.97447775699948,20.827008000000003,67.562
38.98790061499949,20.827008000000003,67.312
39.00125371200011,20.865792000000003,67.343
39.014209355000276,20.865792000000003,67.562
39.02920381599961,20.865792000000003,67.406
39.04144058899965,20.827008000000003,67.718
39.05377541300004,20.788224,67.406
39.06596418400022,20.827008000000003,67.593
39.07816258799994,20.827008000000003,67.281
39.09034115099985,20.865792000000003,67.562
39.10276528899976,20.788224,67.718
39.11505297599979,20.74944,67.437
39.12773520300016,20.788224,67.375
39.14051509699948,20.827008000000003,67.593
39.15298099699976,20.827008000000003,67.468
39.165662039999916,20.827008000000003,67.593
39.17797667099967,20.865792000000003,67.75
39.19016195399945,20.865792000000003,67.375
39.20232022900018,20.904576000000002,67.562
39.2148661629999,20.943360000000002,67.593
39.22705570299968,20.827008000000003,67.343
39.23926130699965,20.788224,67.468
39.251690885000244,20.710656,67.75
39.2663505190003,20.74944,67.625
39.28056786700017,20.74944,67.437
39.295192650999525,20.788224,67.25
39.30785538999953,20.827008000000003,67.437
39.320399403999545,20.827008000000003,67.406
39.33313347300009,20.827008000000003,67.718
39.34616623900001,20.865792000000003,67.562
39.35883777700019,20.827008000000003,67.687
39.37104146099955,20.827008000000003,67.375
39.38340220600003,20.788224,67.718
39.39559145699968,20.788224,67.562
39.408050381000066,20.788224,67.812
39.420729278999715,20.827008000000003,67.531
39.43313380200016,20.865792000000003,67.75
39.445802139999614,20.865792000000003,67.375
39.45873298300012,20.904576000000002,67.468
39.47154439799942,20.943360000000002,67.531
39.48476219399981,20.904576000000002,67.875
39.49858941699949,20.943360000000002,67.687
39.51085499100009,20.943360000000002,67.375
39.52372666300016,20.904576000000002,67.625
39.5360595989996,20.865792000000003,67.25
39.54826849900019,20.904576000000002,67.5
39.560487030999866,20.827008000000003,67.718
39.57271401199978,20.788224,67.625
39.58574232999945,20.671872,67.312
39.60031949699987,20.710656,67.218
39.61457332499958,20.710656,67.218
39.62921363100031,20.74944,67.312
39.641613928999504,20.788224,67.75
39.65433558099994,20.827008000000003,67.437
39.66706558500027,20.827008000000003,67.343
39.68037935200027,20.827008000000003,67.625
39.692569210999864,20.827008000000003,67.281
39.704901987000085,20.788224,67.437
39.717316172999745,20.671872,67.718
39.729600339999706,20.594304,67.375
39.74189557799946,20.633088,67.656
39.75442339999972,20.671872,67.718
39.76662609199957,20.671872,67.375
39.77880091099996,20.710656,67.593
39.791109781999694,20.74944,67.812
39.80369831000007,20.74944,67.437
39.81637800799945,20.788224,67.75
39.82858677999957,20.788224,67.437
39.840972549999606,20.827008000000003,67.531
39.8531866659996,20.827008000000003,67.375
39.86551931400027,20.865792000000003,67.843
39.877745589999904,20.865792000000003,67.406
39.88991688900023,20.865792000000003,67.812
39.90207503500005,20.788224,67.437
39.91439248200004,20.74944,67.312
39.928772682999806,20.671872,67.343
39.943195572999684,20.710656,67.312
39.957736802999534,20.710656,67.687
39.971091210999475,20.788224,67.625
39.9834592520001,20.827008000000003,67.25
39.9965928849997,20.827008000000003,67.593
40.009626707999814,20.827008000000003,67.531
40.02427693299978,20.827008000000003,67.812
40.03645050399973,20.788224,67.531
40.048668939999516,20.788224,67.75
40.06090331199994,20.74944,67.375
40.0734830399997,20.788224,67.406
40.08597511700009,20.827008000000003,67.562
40.098229841999455,20.827008000000003,67.875
40.11044805399979,20.865792000000003,67.531
40.123080935999496,20.904576000000002,67.75
40.13567826399958,20.904576000000002,67.406
40.14820272599991,20.904576000000002,67.718
40.160386312999435,20.943360000000002,67.625
40.173288099000274,20.943360000000002,67.843
40.18548669400025,20.943360000000002,67.375
40.19807733400012,20.943360000000002,67.656
40.21025330500015,20.982144,67.406
40.222406490999674,20.904576000000002,67.718
40.23457970999971,20.865792000000003,67.468
40.246861827999965,20.788224,67.812
40.26118065099945,20.788224,67.687
40.27549153699965,20.827008000000003,67.25
40.28993151600025,20.827008000000003,67.25
40.30275790699943,20.827008000000003,67.312
40.31524563199946,20.788224,67.187
40.32783975999973,20.788224,67.406
40.34139878199949,20.827008000000003,67.5
40.354243093999685,20.827008000000003,67.75
40.366404344999864,20.788224,67.468
40.379274545000044,20.788224,67.625
40.39159074500003,20.710656,67.312
40.403830428999754,20.74944,67.531
40.41606432200024,20.788224,67.812
40.42859521599985,20.827008000000003,67.781
40.441180351000185,20.827008000000003,67.468
40.45374817499942,20.865792000000003,67.687
40.466639016000045,20.865792000000003,67.343
40.4797499919996,20.904576000000002,68.0
40.49209601700022,20.904576000000002,67.5
40.50531013199998,20.904576000000002,67.625
40.517566905999956,20.865792000000003,67.312
40.52992944200014,20.904576000000002,67.593
40.54213149399948,20.865792000000003,67.156
40.55432372099949,20.904576000000002,67.437
40.56654826900012,20.788224,67.5
40.578693231000216,20.74944,67.531
40.59279585500008,20.633088,67.593
40.60705416400015,20.671872,67.25
40.62141033199987,20.671872,67.125
40.63562835099947,20.74944,67.312
40.64802573699944,20.74944,67.718
40.661286669999754,20.788224,67.718
40.67457342800026,20.788224,67.656
40.69006684800024,20.788224,67.406
40.70234669399997,20.710656,67.531
40.71466673299983,20.710656,67.875
40.72697256399988,20.671872,67.5
40.739169943999514,20.671872,67.718
40.751402939999934,20.74944,67.718
40.76397140300014,20.74944,67.343
40.77629835500011,20.74944,67.687
40.788728190000256,20.788224,67.343
40.80145889799951,20.827008000000003,67.562
40.81432359399969,20.865792000000003,67.812
40.82649220500025,20.865792000000003,67.781
40.83941600700018,20.904576000000002,67.281
40.851607882999815,20.904576000000002,67.531
40.863899697000306,20.904576000000002,67.375
40.87612862900005,20.943360000000002,67.406
40.8886767719996,20.943360000000002,67.843
40.90089421599987,20.74944,67.218
40.91312868499972,20.710656,67.531
40.92607850399963,20.594304,67.5
40.940111236999655,20.633088,67.312
40.95414857899959,20.633088,67.687
40.968281987999944,20.671872,67.562
40.980702030999964,20.710656,67.25
40.99349821299984,20.74944,67.562
41.006188375999955,20.710656,67.312
41.019510398999955,20.74944,67.437
41.03256892599984,20.74944,67.531
41.04475747299966,20.710656,67.781
41.057086632999926,20.710656,67.406
41.069282188000216,20.671872,67.718
41.081670612999915,20.710656,67.406
41.09397666800032,20.74944,67.625
41.10640410299948,20.788224,67.531
41.11903487200016,20.788224,67.875
41.13234934299999,20.827008000000003,67.406
41.1453246989995,20.865792000000003,67.687
41.157533694999984,20.827008000000003,67.718
41.17008414100019,20.865792000000003,67.343
41.1822488480002,20.904576000000002,67.468
41.19448533200011,20.904576000000002,67.843
41.206622038000205,20.904576000000002,67.343
41.21883861799961,20.943360000000002,67.687
41.230982076000146,20.827008000000003,67.281
41.24311874900013,20.827008000000003,67.5
41.25638003399945,20.710656,67.406
41.27068144799978,20.710656,67.281
41.285149074999936,20.74944,67.437
41.29985530199974,20.788224,67.531
41.31220612699963,20.827008000000003,67.25
41.32481027099948,20.827008000000003,67.531
41.33755963600015,20.827008000000003,67.781
41.35239044299942,20.827008000000003,67.781
41.364766706999944,20.827008000000003,67.468
41.37693087000025,20.827008000000003,67.687
41.38955955900019,20.74944,67.656
41.402249689999735,20.788224,67.406
41.414888202999464,20.788224,67.531
41.427034252999874,20.827008000000003,67.812
41.439612187999955,20.827008000000003,67.562
41.45219338700008,20.865792000000003,67.687
41.464964672999486,20.904576000000002,67.625
41.4773647789998,20.904576000000002,67.437
41.48967710600027,20.904576000000002,67.656
41.50305132199992,20.943360000000002,67.718
41.5162284449998,20.827008000000003,67.656
41.52854240400029,20.865792000000003,67.218
41.54089982000005,20.827008000000003,67.375
41.553207891000056,20.788224,67.218
41.56556815499971,20.74944,67.437
41.577776094999535,20.671872,67.75
41.590075876999435,20.633088,67.718
41.604241158999685,20.633088,67.218
41.61855194999953,20.633088,67.187
41.63373566399969,20.671872,67.375
41.64657699899999,20.710656,67.375
41.658919214999514,20.74944,67.718
41.671886922999875,20.74944,67.468
41.684763203999864,20.788224,67.406
41.69896231100029,20.788224,67.656
41.71119258699946,20.710656,67.312
41.72374856999977,20.671872,67.5
41.736394090999966,20.633088,67.75
41.74897730700013,20.671872,67.75
41.76147530399976,20.710656,67.437
41.77396062800017,20.710656,67.718
41.78646691299946,20.74944,67.406
41.79897415799951,20.788224,67.656
41.81145202700009,20.788224,67.5
41.824487287999546,20.827008000000003,67.875
41.83706224799971,20.827008000000003,67.468
41.8494814579999,20.865792000000003,67.625
41.86168024499966,20.865792000000003,67.25
41.87398949999988,20.865792000000003,67.468
41.886536875000274,20.904576000000002,67.781
41.89871671699984,20.788224,67.718
41.91087953599981,20.74944,67.25
41.9231685019995,20.671872,67.593
41.93776499700016,20.671872,67.406
41.95199239300018,20.710656,67.312
41.96716186699996,20.74944,67.718
41.979784635000215,20.788224,67.406
41.99281234499995,20.827008000000003,67.343
42.00564849700004,20.827008000000003,67.625
42.018581098999675,20.827008000000003,67.343
42.0307405249996,20.827008000000003,67.593
42.042889422999906,20.788224,67.843
42.055036144999576,20.827008000000003,67.562
42.067981291999786,20.74944,67.406
42.08046197600015,20.788224,67.718
42.09282278499995,20.827008000000003,67.437
42.10551278799994,20.74944,67.468
42.11796956699982,20.710656,67.812
42.13066260999949,20.74944,67.656
42.14319414399961,20.788224,67.468
42.15585137800008,20.788224,67.718
42.16804920499999,20.788224,67.437
42.18063642099969,20.827008000000003,67.656
42.192830695999874,20.865792000000003,67.781
42.20509185299943,20.865792000000003,67.437
42.217428629000096,20.904576000000002,67.625
42.22960360799971,20.827008000000003,67.625
42.24180453899953,20.788224,67.312
42.254079936999915,20.710656,67.531
42.26816262400007,20.710656,67.343
42.28244493300008,20.710656,67.625
42.29699781099953,20.74944,67.656
42.3099783509997,20.788224,67.375
42.32316465799977,20.827008000000003,67.531
42.33567158299957,20.827008000000003,67.562
42.3487678700003,20.827008000000003,67.843
42.36184274900006,20.827008000000003,67.593
42.37400508799965,20.788224,67.781
42.38618633799979,20.788224,67.437
42.398323266999796,20.74944,67.656
42.410902675000216,20.788224,67.562
42.42353584400007,20.827008000000003,67.937
42.43648758299969,20.827008000000003,67.562
42.449053933999494,20.827008000000003,67.781
42.46161442900029,20.865792000000003,67.687
42.47423012499985,20.904576000000002,67.468
42.486764571000094,20.904576000000002,67.687
42.499553585000285,20.943360000000002,68.0
42.51279301300019,20.943360000000002,67.375
42.52509314799954,20.904576000000002,67.218
42.53758858399942,20.865792000000003,67.562
42.54992606399992,20.904576000000002,67.312
42.56212529899949,20.865792000000003,67.656
42.5748599110002,20.788224,67.312
42.58720030299992,20.710656,67.718
42.60122161199979,20.710656,67.281
42.615026657999806,20.710656,67.218
42.62904553499993,20.74944,67.5
42.64255332399989,20.827008000000003,67.187
42.65573828699962,20.827008000000003,67.781
42.66874359600024,20.827008000000003,67.562
42.68172429599963,20.865792000000003,67.718
42.694626081000024,20.865792000000003,67.687
42.70711255799961,20.710656,67.343
42.72014887499972,20.671872,67.5
42.73232615799952,20.633088,67.812
42.744541330000175,20.633088,67.531
42.75704774299993,20.671872,67.781
42.76960167699963,20.671872,67.718
42.78207237700008,20.710656,67.437
42.79487307099953,20.710656,67.625
42.80763091599965,20.788224,67.281
42.82016974599992,20.788224,67.5
42.83265231899986,20.788224,67.531
42.845485429999826,20.827008000000003,67.656
42.857652472000154,20.827008000000003,67.281
42.86989686099969,20.865792000000003,67.531
42.88210476899985,20.865792000000003,67.25
42.894314819999636,20.904576000000002,67.562
42.90650285499942,20.788224,67.906
42.918802572999994,20.74944,67.656
42.93285517999993,20.671872,67.281
42.94722408399957,20.710656,67.156
42.96135960399988,20.710656,67.781
42.97521575599967,20.788224,67.375
42.98754216399993,20.827008000000003,67.656
43.000261958999545,20.827008000000003,67.437
43.013050941000074,20.827008000000003,67.375
43.02797359099986,20.827008000000003,67.593
43.040160953999475,20.788224,67.406
43.05271671199989,20.788224,67.531
43.06518974800019,20.74944,67.5
43.07776301099966,20.788224,67.75
43.090236782999455,20.788224,67.437
43.10273410799982,20.827008000000003,67.718
43.11542913499943,20.827008000000003,67.343
43.128339496999615,20.865792000000003,67.875
43.141044412000156,20.904576000000002,67.562
43.15408514599949,20.904576000000002,67.843
43.16628866999963,20.904576000000002,67.562
43.17872711200016,20.943360000000002,67.625
43.19090845899973,20.943360000000002,67.406
43.203071308999824,20.943360000000002,67.75
43.21539534800013,20.982144,67.468
43.227613111999744,20.904576000000002,67.718
43.23980306700014,20.865792000000003,67.406
43.25210182599949,20.788224,67.531
43.266341861,20.74944,67.468
43.28046442199957,20.788224,67.375
43.294909455999914,20.827008000000003,67.687
43.3075572810003,20.788224,67.218
43.32061247999991,20.788224,67.562
43.333436119,20.788224,67.593
43.349562325999614,20.827008000000003,67.531
43.362095108000176,20.827008000000003,67.843
43.37434906499948,20.788224,67.468
43.386551628000234,20.788224,67.75
43.39869796599942,20.74944,67.468
43.411300861999734,20.788224,67.656
43.423891340999944,20.788224,67.656
43.436739812999804,20.827008000000003,67.906
43.44934424500025,20.827008000000003,67.656
43.461725758000284,20.865792000000003,67.718
43.474634199999855,20.904576000000002,67.687
43.4874705430002,20.865792000000003,67.593
43.50060622399997,20.904576000000002,67.593
43.51326985800006,20.904576000000002,67.812
43.525553319999744,20.865792000000003,67.343
43.53803538000011,20.827008000000003,67.281
43.55038623600012,20.865792000000003,67.625
43.56253090900009,20.827008000000003,67.375
43.57475276900004,20.74944,67.593
43.58702119000009,20.710656,67.781
43.60081014000025,20.671872,67.593
43.61561477000032,20.710656,67.593
43.62984123699971,20.710656,67.312
43.64231056100016,20.788224,67.5
43.65482596600032,20.827008000000003,67.281
43.667724967999675,20.827008000000003,67.781
43.68121086799965,20.827008000000003,67.75
43.69615675000023,20.827008000000003,67.468
43.70861752899964,20.788224,67.625
43.72118989599949,20.74944,67.406
43.733452589999615,20.710656,67.593
43.746026812999844,20.74944,67.843
43.758261152999694,20.788224,67.531
43.7704936049995,20.788224,67.718
43.78267687199968,20.827008000000003,67.75
43.79519934899963,20.865792000000003,67.375
43.80820446599955,20.865792000000003,67.593
43.8209721989997,20.904576000000002,68.0
43.833137609000005,20.904576000000002,67.812
43.84607904399945,20.904576000000002,67.437
43.85826784700021,20.904576000000002,67.656
43.87045799399948,20.943360000000002,67.312
43.882678124999984,20.943360000000002,67.625
43.89483063900025,20.904576000000002,67.437
43.90700257699973,20.74944,67.468
43.91924661400026,20.710656,67.218
43.932908359000066,20.633088,67.562
43.94728110399956,20.633088,67.343
43.96170700099992,20.633088,67.187
43.9757733360002,20.710656,67.718
43.98849658800009,20.74944,67.343
44.00104380199991,20.74944,67.718
44.014357504000145,20.74944,67.718
44.03004104199954,20.74944,67.437
44.04228302999945,20.710656,67.531
44.05469996899956,20.74944,67.625
44.06770633299948,20.671872,67.812
44.080357775000266,20.710656,67.562
44.092935454000326,20.74944,67.718
44.10518163500001,20.74944,67.468
44.117433991000325,20.788224,67.468
44.130071704999864,20.827008000000003,67.562
44.14285777399982,20.865792000000003,67.906
44.15555331299947,20.865792000000003,67.562
44.167839431000175,20.865792000000003,67.781
44.18041634200017,20.904576000000002,67.718
44.19298525300019,20.904576000000002,67.281
44.20519581699955,20.904576000000002,67.468
44.21744958199997,20.943360000000002,67.875
44.22965076899982,20.904576000000002,67.437
44.24192079000022,20.827008000000003,67.812
44.25416409099944,20.74944,67.656
44.26816459899965,20.74944,67.25
44.282363448999604,20.788224,67.781
44.2970457069996,20.788224,67.375
44.30937649799944,20.865792000000003,67.625
44.32173730700015,20.865792000000003,67.437
44.33409449899955,20.865792000000003,67.406
44.34750458799954,20.865792000000003,67.656
44.36183413100025,20.904576000000002,67.531
44.37399077200007,20.827008000000003,67.812
44.38636774099996,20.827008000000003,67.625
44.39855964799972,20.788224,67.75
44.41106439699979,20.827008000000003,67.468
44.42357935400014,20.865792000000003,67.656
44.436141959999986,20.865792000000003,67.375
44.44869659899996,20.904576000000002,67.843
44.46112060900032,20.904576000000002,67.468
44.47417692699946,20.943360000000002,67.718
44.487050552000255,20.943360000000002,67.593
44.49968608800009,20.943360000000002,67.406
44.51295204500002,20.943360000000002,67.468
44.52526872399994,20.865792000000003,67.75
44.537896804999946,20.827008000000003,67.406
44.55015015400022,20.865792000000003,67.593
44.562302315000125,20.827008000000003,67.406
44.574552367999786,20.74944,67.593
44.58680014800029,20.710656,67.343
44.60115093999957,20.633088,67.375
44.61525714700019,20.633088,67.593
44.62971194199963,20.671872,67.531
44.64390628000001,20.74944,67.343
44.656475351000154,20.788224,67.562
44.668975044000035,20.788224,67.531
44.68188985300003,20.788224,67.843
44.696430314999816,20.788224,67.75
44.70907596399957,20.74944,67.375
44.721567208000124,20.710656,67.656
44.733744490999925,20.710656,67.375
44.745925997000086,20.710656,67.593
44.758782660999714,20.74944,67.875
44.77110538800025,20.788224,67.625
44.783784413999456,20.788224,67.593
44.79666879100023,20.788224,67.718
44.809397514999546,20.865792000000003,67.468
44.82187221499953,20.865792000000003,67.718
44.83399509500032,20.865792000000003,67.937
44.84637331199974,20.865792000000003,67.562
44.85866803799945,20.904576000000002,67.406
44.8709530999995,20.904576000000002,67.687
44.883164431000296,20.904576000000002,67.375
44.89538968299985,20.904576000000002,67.718
44.90762456700031,20.827008000000003,67.968
44.91989497299983,20.788224,67.75
44.934911608999755,20.74944,67.343
44.94928451299984,20.74944,67.218
44.96338972899957,20.788224,67.468
44.97615752599995,20.827008000000003,67.437
44.989014765999855,20.865792000000003,67.781
45.002078571999846,20.865792000000003,67.468
45.01561545000004,20.865792000000003,67.468
45.02840523099985,20.865792000000003,67.687
45.04053710399967,20.827008000000003,67.406
45.05271617899962,20.827008000000003,67.656
45.06500277699979,20.788224,67.968
45.077398178000294,20.788224,67.5
45.08990439900026,20.827008000000003,67.843
45.102313079999476,20.865792000000003,67.5
45.11500989900014,20.74944,67.406
45.12743157299974,20.74944,67.593
45.13978815700011,20.788224,67.843
45.152018240999496,20.827008000000003,67.5
45.164273286000025,20.788224,67.812
45.176609197999824,20.827008000000003,67.343
45.18880203200024,20.827008000000003,67.625
45.20096923500023,20.865792000000003,67.375
45.213152917000116,20.865792000000003,67.812
45.22539839399997,20.904576000000002,67.562
45.23754917899987,20.788224,67.75
45.249701276999986,20.788224,67.281
45.26385699000002,20.671872,67.25
45.27807731299981,20.671872,67.406
45.292545035999865,20.710656,67.343
45.30725846199948,20.74944,67.75
45.31973162600025,20.788224,67.625
45.33271146199968,20.788224,67.5
45.34591322399956,20.788224,67.406
45.36121313399963,20.827008000000003,67.656
45.37384767799995,20.788224,67.875
45.38599423999949,20.74944,67.531
45.39832061499965,20.710656,67.781
45.41047690399955,20.74944,67.718
45.42265015399971,20.74944,67.468
45.43510808599967,20.788224,67.625
45.447817352999664,20.788224,67.968
45.46111492699947,20.827008000000003,67.562
45.47337579499981,20.865792000000003,67.5
45.486006915999496,20.904576000000002,67.812
45.49815760599995,20.865792000000003,67.437
45.511422601999584,20.904576000000002,67.687
45.52428752200012,20.904576000000002,67.437
45.53672788499989,20.865792000000003,67.718
45.54910549400029,20.865792000000003,67.343
45.56173024599957,20.827008000000003,67.718
45.574078413999814,20.74944,67.343
45.586239694999676,20.710656,67.093
45.600977891000184,20.594304,67.437
45.615612435,20.594304,67.375
45.63018902600015,20.594304,67.25
45.64479480099999,20.671872,67.593
45.658435520999774,20.710656,67.593
45.670925837999675,20.710656,67.25
45.68425144399953,20.710656,67.812
45.70028702499985,20.74944,67.531
45.71249656399959,20.671872,67.656
45.725179750999814,20.55552,67.562
45.73784079199959,20.516736,67.312
45.750039034999645,20.55552,67.593
45.76239933099987,20.55552,67.843
45.77465235999989,20.594304,67.562
45.78721771799974,20.594304,67.75
45.799594430999605,20.633088,67.468
45.81241387799946,20.671872,67.406
45.8250487739997,20.710656,67.687
45.837238824999986,20.710656,67.937
45.8496303539996,20.74944,67.468
45.86183704499945,20.74944,67.781
45.874092953999934,20.788224,67.468
45.88632841399976,20.788224,67.593
45.89851081699999,20.827008000000003,67.312
45.91063107299942,20.710656,67.5
45.922778209999706,20.710656,67.218
45.936674266999944,20.594304,67.375
45.95099798499996,20.594304,67.625
45.96585224899991,20.633088,67.468
45.980700111999795,20.710656,67.25
45.99303163900004,20.710656,67.718
46.006486530000075,20.710656,67.406
46.01997332500014,20.74944,67.5
46.03545909700006,20.74944,67.718
46.048011462999966,20.710656,67.343
46.06019904899949,20.710656,67.625
46.072715446000075,20.671872,67.562
46.08490021699981,20.671872,67.843
46.09744797500025,20.710656,67.5
46.1102292759997,20.710656,67.75
46.12254061099975,20.74944,67.437
46.13507966399993,20.788224,67.625
46.14742319200013,20.827008000000003,67.593
46.16009239399955,20.865792000000003,67.906
46.17228138900009,20.827008000000003,67.593
46.18462129999989,20.865792000000003,67.718
46.19674910899994,20.865792000000003,67.343
46.20912054099972,20.904576000000002,67.625
46.22139084999981,20.904576000000002,67.312
46.233543939999436,20.904576000000002,67.656
46.245727909999914,20.827008000000003,67.812
46.25794938600029,20.788224,67.718
46.27207146599994,20.74944,67.5
46.286433936999856,20.788224,67.218
46.30122960599965,20.788224,67.781
46.315241123000305,20.74944,67.25
46.32803512800001,20.74944,67.656
46.34054989299966,20.74944,67.656
46.35327452099955,20.788224,67.593
46.36840162399949,20.788224,67.375
46.38061769199976,20.74944,67.625
46.39277420500002,20.74944,67.906
46.405437806999544,20.710656,67.5
46.41766821100009,20.74944,67.718
46.42988066199996,20.74944,67.5
46.44204859999991,20.788224,67.625
46.45472138599962,20.788224,67.625
46.4674184280002,20.827008000000003,67.906
46.47976409999956,20.865792000000003,67.562
46.49256325799979,20.865792000000003,67.812
46.50473510000029,20.865792000000003,67.531
46.51785698799995,20.865792000000003,67.281
46.53058219099967,20.865792000000003,67.468
46.54334457999994,20.865792000000003,67.843
46.55598011700022,20.827008000000003,67.312
46.568387518000236,20.827008000000003,67.625
46.58053327899961,20.74944,67.718
46.592898056000195,20.710656,67.218
46.60698631000014,20.633088,67.218
46.6215106110003,20.633088,67.312
46.63569074099996,20.671872,67.281
46.649927127999945,20.74944,67.656
46.66294699700029,20.74944,67.343
46.67583646200001,20.74944,67.312
46.68849449499976,20.74944,67.562
46.70132715799991,20.788224,67.625
46.715426261000175,20.74944,67.718
46.72814160799953,20.74944,67.437
46.74070146299982,20.671872,67.718
46.75304044599943,20.710656,67.375
46.76593688699995,20.710656,67.968
46.778150778000054,20.74944,67.625
46.79077735499959,20.74944,67.812
46.80377523900006,20.788224,67.531
46.81676307499947,20.827008000000003,67.593
46.82937841900002,20.865792000000003,67.718
46.84155877299963,20.827008000000003,67.468
46.85391142099979,20.865792000000003,67.5
46.866284261000146,20.904576000000002,67.75
46.87846627899944,20.904576000000002,67.468
46.890704202999586,20.904576000000002,67.625
46.90284311599953,20.904576000000002,67.5
46.91554300699954,20.74944,67.437
46.92814254299992,20.671872,67.312
46.941782783000235,20.594304,67.656
46.955853532999754,20.594304,67.5
46.970361738000065,20.594304,67.437
46.98461819000022,20.671872,67.218
46.997321056000146,20.710656,67.468
47.01003054699959,20.710656,67.781
47.02285632999974,20.710656,67.687
47.03543909699965,20.74944,67.718
47.05069830100001,20.710656,67.437
47.06299168300029,20.710656,67.625
47.07577154399951,20.671872,67.437
47.08828198900028,20.671872,67.625
47.10085835599966,20.710656,67.812
47.11305003799953,20.74944,67.875
47.12525253700005,20.74944,67.531
47.13777546199981,20.788224,67.656
47.150604092999856,20.827008000000003,67.375
47.163358417999916,20.865792000000003,67.562
47.175557620999825,20.865792000000003,67.875
47.18805504099964,20.865792000000003,67.656
47.2002428830001,20.904576000000002,67.406
47.21247898299953,20.904576000000002,67.593
47.224726859999464,20.943360000000002,67.25
47.23692830300024,20.943360000000002,67.656
47.24914760199954,20.827008000000003,67.906
47.261404374999984,20.788224,67.75
47.27578335899943,20.710656,67.343
47.29000521800026,20.74944,67.218
47.30387023299954,20.74944,67.468
47.31808114799969,20.827008000000003,67.5
47.33081070299977,20.827008000000003,67.75
47.343963952000195,20.827008000000003,67.437
47.35762198500015,20.865792000000003,67.468
47.37030286699974,20.865792000000003,67.656
47.38263000999996,20.827008000000003,67.343
47.39478306699948,20.827008000000003,67.593
47.40738621899982,20.788224,67.812
47.41991128799964,20.827008000000003,67.437
47.432397667999794,20.827008000000003,67.531
47.44468769000014,20.865792000000003,67.75
47.45689213999958,20.865792000000003,67.531
47.46997197899964,20.904576000000002,67.593
47.482485495999754,20.943360000000002,67.875
47.49492956999984,20.943360000000002,67.687
47.507079588000124,20.943360000000002,67.375
47.520116960999985,20.865792000000003,67.593
47.532789938999485,20.865792000000003,67.25
47.545043062999866,20.865792000000003,67.562
47.55725868199988,20.827008000000003,67.718
47.56972240599953,20.865792000000003,67.468
47.58187207099945,20.74944,67.687
47.59402026399948,20.74944,67.468
47.60743297699992,20.633088,67.281
47.62148065499969,20.633088,67.781
47.636017275000086,20.671872,67.593
47.65098863000003,20.710656,67.343
47.66422453799987,20.74944,67.281
47.67784743399989,20.74944,67.625
47.69111201400028,20.788224,67.375
47.706000870000025,20.788224,67.937
47.718820381000114,20.788224,67.593
47.73099964700032,20.74944,67.718
47.74321715399947,20.710656,67.437
47.75565002799976,20.710656,67.406
47.76846064199981,20.74944,67.656
47.78114325200022,20.74944,67.968
47.7937536999998,20.788224,67.593
47.80623547199957,20.827008000000003,67.531
47.81985289600016,20.865792000000003,67.718
47.832840795000266,20.904576000000002,67.562
47.84496834800029,20.865792000000003,67.718
47.857332675999714,20.904576000000002,67.937
47.869493252999746,20.904576000000002,67.437
47.881695207999655,20.904576000000002,67.437
47.89395041300031,20.943360000000002,67.687
47.90607809299945,20.943360000000002,67.531
47.918318512999576,20.827008000000003,67.718
47.930545748999975,20.827008000000003,67.281
47.944801849000214,20.710656,67.687
47.95867307299977,20.74944,67.593
47.97303951199956,20.74944,67.281
47.987323325000034,20.827008000000003,67.625
48.00011611500031,20.827008000000003,67.531
48.01274630700027,20.827008000000003,67.781
48.025906371999554,20.865792000000003,67.5
48.03871541799981,20.865792000000003,67.875
48.05121027899986,20.827008000000003,67.687
48.06337751199953,20.827008000000003,67.437
48.07602437700007,20.74944,67.625
48.088256637000086,20.827008000000003,67.968
48.10050854600013,20.827008000000003,67.562
48.11269670799993,20.827008000000003,67.718
48.125610844999755,20.710656,67.687
48.138397075000285,20.74944,67.406
48.15106016400023,20.788224,67.656
48.163460460999886,20.827008000000003,67.375
48.17565368000032,20.788224,67.656
48.18811849099984,20.865792000000003,67.781
48.20044780999979,20.865792000000003,67.531
48.21271693499966,20.865792000000003,67.406
48.224939306000124,20.865792000000003,67.5
48.237444950999816,20.904576000000002,67.406
48.249615001000166,20.788224,67.625
48.26175916200009,20.788224,67.687
48.27576270899954,20.671872,67.625
48.289791506000256,20.671872,67.437
48.304408768999565,20.710656,67.25
48.3183809559996,20.74944,67.843
48.331872744000066,20.788224,67.406
48.34561721099999,20.788224,67.75
48.35864757699983,20.827008000000003,67.687
48.37156923400016,20.827008000000003,67.687
48.38660292700024,20.788224,67.5
48.398743758999444,20.788224,67.656
48.41095365000001,20.74944,67.843
48.42323448800016,20.788224,67.531
48.43619118599963,20.788224,67.75
48.448579930999585,20.827008000000003,67.531
48.461028998000074,20.827008000000003,67.531
48.473921885999516,20.865792000000003,67.625
48.48648196399972,20.904576000000002,67.843
48.498927446999915,20.904576000000002,67.656
48.51104722299988,20.904576000000002,67.875
48.52385655699982,20.943360000000002,67.718
48.53607665599975,20.982144,67.343
48.54847695300032,20.943360000000002,67.562
48.56070767700021,20.904576000000002,67.781
48.573256779000076,20.904576000000002,67.5
48.58542567599943,20.788224,67.718
48.5975884620002,20.74944,67.5
48.611819568999636,20.633088,67.281
48.62579194799946,20.633088,67.218
48.640145330999985,20.671872,67.687
48.65443951199995,20.710656,67.312
48.667120745999455,20.74944,67.625
48.68079340300028,20.74944,67.562
48.694560111999635,20.788224,67.375
48.707574027999726,20.788224,67.875
48.72248768499958,20.633088,67.375
48.73484167599963,20.594304,67.593
48.74719429200013,20.594304,67.468
48.75937509399955,20.55552,67.593
48.77203824699973,20.594304,67.625
48.78440302299987,20.633088,68.0
48.79701580700021,20.633088,67.531
48.81003186699945,20.671872,67.75
48.823439075999886,20.710656,67.75
48.83609474199966,20.74944,67.468
48.84859721799967,20.710656,67.718
48.860989738999706,20.788224,67.375
48.873206094000125,20.788224,67.562
48.88543464099985,20.788224,67.75
48.89765326899942,20.827008000000003,67.375
48.909879607999756,20.827008000000003,67.687
48.92201746499995,20.74944,67.687
48.93420754699946,20.710656,67.25
48.947747944000184,20.633088,67.562
48.96176742900025,20.633088,67.281
48.97595120599999,20.633088,67.218
48.990243434999684,20.710656,67.5
49.0039792309999,20.710656,67.5
49.01733757399961,20.710656,67.843
49.03018559700013,20.74944,67.531
49.04363709599966,20.74944,67.468
49.058519966999484,20.74944,67.718
49.070671329000106,20.710656,67.375
49.0831720770002,20.671872,67.718
49.095400015999985,20.710656,67.656
49.107600594999894,20.74944,67.875
49.12015350499951,20.74944,67.593
49.13267489400005,20.788224,67.781
49.1455953349996,20.788224,67.5
49.158271225000135,20.827008000000003,67.437
49.17078058199968,20.865792000000003,67.687
49.182912966,20.865792000000003,67.906
49.19539569799963,20.865792000000003,67.468
49.20757393999975,20.904576000000002,67.75
49.2198518969999,20.904576000000002,67.437
49.23212543799946,20.943360000000002,67.593
49.244308223999724,20.943360000000002,67.406
49.25651715499953,20.827008000000003,67.656
49.26878759200008,20.827008000000003,67.437
49.28271020899956,20.710656,67.562
49.2967074850003,20.74944,67.562
49.310865149000165,20.74944,67.406
49.324945978999494,20.671872,67.187
49.33749600899955,20.710656,67.375
49.35052893400007,20.710656,67.812
49.363276922000296,20.710656,67.687
49.377826023000125,20.710656,67.5
49.390077035000104,20.710656,67.656
49.402240237000115,20.710656,67.406
49.41483317999973,20.633088,67.968
49.427088864000325,20.671872,67.593
49.439474537000024,20.710656,67.781
49.451745516999836,20.74944,67.531
49.464281658999425,20.74944,67.75
49.476621601999796,20.788224,67.5
49.489304883999466,20.827008000000003,67.906
49.50230507099968,20.827008000000003,67.687
49.51473250500021,20.827008000000003,67.875
49.52760894499988,20.865792000000003,67.406
49.540560747999734,20.865792000000003,67.406
49.55321270100012,20.865792000000003,67.562
49.565696904000106,20.827008000000003,67.75
49.5781214259996,20.827008000000003,67.406
49.59027761899961,20.74944,67.656
49.60249218199988,20.710656,67.375
49.61498998600018,20.633088,67.312
49.629439532000106,20.633088,67.375
49.64377643399985,20.671872,67.312
49.658397025999875,20.710656,67.406
49.671916174000216,20.74944,67.718
49.68467017799958,20.788224,67.437
49.69723294399955,20.788224,67.687
49.70999459699942,20.788224,67.718
49.72518637400026,20.74944,67.906
49.737493611999525,20.74944,67.781
49.75012953300029,20.671872,67.468
49.76228198199988,20.671872,67.593
49.774802985999486,20.671872,67.5
49.78715985799954,20.710656,67.656
49.79954137000004,20.74944,68.062
49.81173407699953,20.788224,67.625
49.82472021600006,20.827008000000003,67.625
49.83748468500016,20.865792000000003,67.718
49.84986699699948,20.827008000000003,67.593
49.86253453399968,20.865792000000003,67.625
49.87471312799971,20.865792000000003,67.906
49.88694244399994,20.904576000000002,67.531
49.89916907099996,20.904576000000002,67.75
49.911421971999516,20.943360000000002,67.656
49.92415075899953,20.710656,67.281
49.93638176999957,20.671872,67.593
49.94882766899991,20.594304,67.343
49.96265364299961,20.594304,67.718
49.97705448299985,20.633088,67.593
49.990939178999724,20.633088,67.343
50.004828291000194,20.710656,67.562
50.01731486300014,20.74944,67.625
50.02999065699987,20.74944,67.875
50.04317776300013,20.74944,67.531
50.05798213599974,20.74944,67.531
50.07025807700029,20.710656,67.75
50.08244617499986,20.710656,67.468
50.09457407900027,20.671872,67.687
50.10721819199989,20.710656,67.937
50.12003888599975,20.74944,67.812
50.13258078800027,20.74944,67.531
50.145218403999934,20.788224,67.781
50.15818403100002,20.827008000000003,67.531
50.17172321199996,20.865792000000003,67.468
50.183946543000275,20.827008000000003,67.718
50.19630415099982,20.865792000000003,67.843
50.20854735499961,20.904576000000002,67.531
50.220811774999675,20.904576000000002,67.75
50.2329796490003,20.904576000000002,67.375
50.24516867500006,20.943360000000002,67.687
50.25736490199961,20.827008000000003,67.312
50.26955597599954,20.788224,67.718
