t_s,power_w,temp_c
0.0003091300004598452,21.41216,68.5
0.01717867400020623,21.257279999999998,68.437
0.03094153100028052,21.21856,68.093
0.04520910700011882,21.102400000000003,68.0
0.05967304200021317,21.059712,68.125
0.07314376100021036,21.06368,68.281
0.08637863399962953,21.102400000000003,68.562
0.09971590999975888,21.141119999999997,68.593
0.11595583500002249,21.17984,68.562
0.1294094340000811,21.17984,68.406
0.14312227299978986,21.17984,68.562
0.15629595999962476,21.17984,68.5
0.1691626929996346,21.17984,68.75
0.18217215000004217,21.21856,68.468
0.1949615370003812,21.257279999999998,68.562
0.20786244700047973,21.257279999999998,68.687
0.22111312800007,21.33472,68.937
0.23414981899986742,21.41216,68.812
0.24720730999979423,21.45088,68.562
0.2593554289996973,21.4896,68.875
0.27259692500047095,21.52832,68.468
0.2849505229996794,21.52832,68.625
0.2975070379998215,21.567040000000002,68.437
0.3098840599996038,21.567040000000002,68.812
0.3223187160001544,21.567040000000002,68.5
0.33452040500014846,21.52832,68.75
0.3467224449996138,21.41216,68.562
0.36143003500001214,21.45088,68.281
0.3761315769997964,21.4896,68.718
0.39013706500008993,21.52832,68.718
0.4051551610000388,21.567040000000002,68.468
0.4187642529996083,21.60576,68.718
0.43206699900019885,21.60576,68.656
0.44645009899977595,21.644479999999998,68.656
0.46225026699994487,21.60576,68.937
0.4747520609998901,21.60576,68.812
0.48830268700021406,21.567040000000002,68.531
0.5018943380000565,21.567040000000002,68.687
0.515085560999978,21.60576,68.656
0.5279908239999713,21.644479999999998,68.5
0.5409587760004797,21.6832,68.937
0.5552349609997691,21.721919999999997,68.593
0.5688060029997359,21.721919999999997,68.718
0.5820606209999823,21.644479999999998,68.781
0.5951433919999545,21.721919999999997,68.406
0.6078946979996545,21.721919999999997,68.656
0.6203928759996415,21.721919999999997,68.718
0.6327889699996376,21.60576,68.656
0.6453803350004819,21.644479999999998,68.312
0.6576653860001898,21.567040000000002,68.593
0.6699257319996832,21.567040000000002,68.375
0.6826523970003109,21.4896,68.843
0.6972080779996759,21.52832,68.687
0.712649674000204,21.567040000000002,68.312
0.7269881649999661,21.60576,68.312
0.742500676000418,21.644479999999998,68.656
0.7557487320000291,21.6832,68.562
0.7698072780003713,21.644479999999998,68.843
0.7831154969999261,21.644479999999998,68.843
0.7982360910000352,21.60576,68.843
0.8111023760002354,21.60576,68.625
0.8236373549998461,21.567040000000002,68.718
0.83672579100039,21.60576,68.5
0.8498789969999052,21.644479999999998,68.906
0.8629078789999767,21.644479999999998,68.656
0.8764477209997494,21.6832,68.593
0.8897441950002758,21.721919999999997,68.781
0.90290584900049,21.76064,68.531
0.9158247759996812,21.79936,69.062
0.9292562299997371,21.79936,68.593
0.9418661870004144,21.83808,68.75
0.9546241810003266,21.83808,68.593
0.9670839899999919,21.8768,68.562
0.9795550939998066,21.83808,68.687
0.9917682389996116,21.79936,68.468
1.004119275999983,21.721919999999997,68.625
1.0180479299997387,21.721919999999997,68.375
1.0327467839997553,21.721919999999997,68.687
1.0467616799996904,21.76064,68.593
1.0629230109998389,21.79936,68.562
1.0768709289995968,21.83808,68.937
1.0901537709996774,21.83808,68.906
1.1041454349997366,21.83808,68.812
1.1202524600003017,21.79936,68.562
1.1330145499996434,21.79936,68.75
1.145606138000403,21.76064,68.75
1.1583307230002902,21.76064,69.0
1.17141448700022,21.79936,68.656
1.1844762660002743,21.79936,68.625
1.19735250299982,21.83808,68.781
1.2105820309998307,21.8768,68.562
1.223382553999727,21.83808,68.625
1.2362484870000117,21.79936,68.656
1.2484226550004678,21.83808,68.906
1.261845949000417,21.83808,68.562
1.2740665820001595,21.8768,68.656
1.2865022300002238,21.8768,68.437
1.298969174999911,21.91552,68.468
1.3113902300001428,21.83808,68.593
1.3235435329997927,21.83808,68.812
1.3358331279996492,21.76064,68.562
1.349846393000007,21.76064,68.375
1.3642782619999707,21.76064,68.312
1.3786763699999938,21.83808,68.562
1.39447007400031,21.83808,68.5
1.4085019309995914,21.8768,68.5
1.422429528000066,21.8768,68.781
1.4359779779997552,21.8768,68.718
1.4509579289997419,21.83808,68.562
1.463950362000105,21.83808,69.125
1.47686490399974,21.76064,68.593
1.4903104710001571,21.79936,68.843
1.5039594999998371,21.79936,68.781
1.5169387169999027,21.83808,68.656
1.5299170690004757,21.83808,68.75
1.5432922339996367,21.91552,68.625
1.556813355000486,21.954240000000002,68.937
1.5696898160003911,21.954240000000002,68.656
1.5827687800001513,21.91552,68.5
1.5957461719999628,21.954240000000002,68.593
1.608445316000143,21.91552,68.468
1.621263343999999,21.91552,68.562
1.6340589709998312,21.954240000000002,68.656
1.6464403449999736,21.83808,68.906
1.658814837999671,21.83808,68.5
1.67332818199975,21.76064,68.312
1.6879638979999072,21.79936,68.343
1.702794466999876,21.79936,68.843
1.7186382199997752,21.8768,68.468
1.7323523390004993,21.8768,68.562
1.7464306929996383,21.8768,68.687
1.7606973100000687,21.91552,68.406
1.7776963940004862,21.83808,68.656
1.7907416919997559,21.83808,68.937
1.803797775000021,21.76064,68.812
1.8171575469996242,21.79936,68.468
1.8300061359996107,21.721919999999997,68.656
1.8427193600000464,21.721919999999997,68.687
1.8555431479999243,21.721919999999997,69.062
1.868970409999747,21.76064,68.656
1.8821381759998985,21.83808,68.593
1.8952414280001904,21.83808,68.906
1.9076642440004434,21.8768,68.562
1.920489727000131,21.91552,68.718
1.9335914109997248,21.91552,68.687
1.945985233999636,21.91552,68.75
1.9585454609996304,21.954240000000002,68.562
1.970697323999957,21.83808,68.718
1.9828652520000105,21.83808,68.437
1.99616156600041,21.721919999999997,68.343
2.010270065000441,21.76064,68.781
2.025164861000121,21.76064,68.375
2.040221293000286,21.83808,68.437
2.0545485829998142,21.83808,68.687
2.0677562549999493,21.83808,68.781
2.0818980350004495,21.8768,68.531
2.096825567000451,21.83808,69.0
2.1101802189996306,21.79936,68.593
2.123172075999719,21.83808,68.687
2.136096250999799,21.76064,68.781
2.149504312999852,21.79936,68.75
2.162677743000131,21.79936,69.093
2.175413431999914,21.83808,68.656
2.1885492609999346,21.83808,68.875
2.201654370000142,21.8768,68.843
2.214776470000288,21.954240000000002,68.625
2.2269214529997043,21.954240000000002,68.812
2.2398719650000203,21.99296,69.0
2.252205464999861,21.99296,68.625
2.2644474110002193,21.99296,68.5
2.276968852999744,21.99296,68.812
2.2893096179996064,21.99296,68.593
2.3015151139998125,21.954240000000002,68.75
2.3138850960003765,21.8768,68.562
2.3276341279997723,21.8768,68.812
2.3418776720000096,21.8768,68.687
2.3565988620002827,21.91552,68.687
2.372258673000033,21.954240000000002,68.468
2.386317667000185,21.954240000000002,68.468
2.4002580329997727,21.954240000000002,68.625
2.4140960599997925,21.99296,68.625
2.4298510739999983,21.83808,68.5
2.4425888109999505,21.79936,68.687
2.4553854929999943,21.76064,68.562
2.468983705000028,21.76064,68.687
2.481620350999947,21.79936,68.687
2.4947116350003853,21.79936,68.906
2.50759081599972,21.83808,68.625
2.5208454330004315,21.8768,68.531
2.5342674149997038,21.91552,68.75
2.546973694999906,21.91552,68.687
2.5592631620002066,21.954240000000002,68.968
2.5726544549997925,21.954240000000002,68.656
2.585812205000366,21.91552,68.718
2.598340432000441,21.8768,68.5
2.610842961000344,21.91552,68.562
2.6233666119996997,21.8768,68.656
2.6355348590004724,21.79936,68.937
2.64780938199965,21.721919999999997,68.593
2.661885368000185,21.76064,68.406
2.6766807040003187,21.76064,68.593
2.691181631999825,21.79936,68.593
2.7065133039996,21.83808,68.562
2.7194936730002155,21.83808,68.843
2.733183631000429,21.8768,68.875
2.746989465000297,21.8768,68.593
2.7602071210003487,21.83808,68.75
2.7728034130004744,21.83808,68.75
2.785857255999872,21.721919999999997,68.906
2.7988269679999576,21.76064,68.625
2.8120291989998805,21.76064,68.593
2.8247717360000024,21.76064,68.843
2.8372491130003255,21.79936,68.625
2.8508511970003383,21.83808,68.718
2.86373626600016,21.8768,68.687
2.8768238700004076,21.8768,69.093
2.88901487000021,21.91552,68.625
2.9019315880004797,21.954240000000002,68.781
2.9143441950000124,21.954240000000002,68.593
2.926662046999809,21.954240000000002,68.437
2.939176609000242,21.954240000000002,68.687
2.9513616889998957,21.91552,68.875
2.9635487209998246,21.8768,68.531
2.9758377400003155,21.79936,68.906
2.989538642000298,21.83808,68.562
3.0046535720002794,21.83808,68.5
3.019402154999625,21.91552,68.5
3.0341970119998223,21.79936,68.687
3.0472091569999975,21.79936,68.5
3.0605435520001265,21.79936,68.468
3.0742881039996064,21.83808,68.531
3.090010029000041,21.79936,68.656
3.102923579999697,21.76064,69.0
3.1154644779999217,21.721919999999997,68.937
3.1290619860001243,21.721919999999997,68.625
3.1424634550003248,21.76064,68.843
3.155562130999897,21.76064,68.812
3.168368286000259,21.76064,69.093
3.1815838620004797,21.83808,68.687
3.1946631450000496,21.8768,68.687
3.207579576000171,21.8768,68.968
3.2204960380004195,21.91552,68.656
3.233152044000235,21.91552,68.75
3.2455482029999985,21.954240000000002,68.687
3.258153263999702,21.954240000000002,68.968
3.2708130459996028,21.954240000000002,68.656
3.283107856999777,21.8768,68.875
3.295249863999743,21.8768,68.343
3.3085404180001206,21.79936,68.562
3.3223618359998,21.79936,68.906
3.3370577770001546,21.83808,68.562
3.3528380719999404,21.8768,68.5
3.367312278999634,21.91552,68.75
3.3796995089996926,21.91552,68.75
3.3935587200003283,21.91552,68.5
3.4064732939996247,21.91552,69.062
3.4215022380003575,21.8768,68.687
3.4343706350000502,21.83808,68.906
3.447254904000147,21.79936,68.843
3.4603778689997853,21.83808,68.593
3.4732707470002424,21.83808,68.781
3.4867400579996684,21.83808,68.718
3.5003193250004188,21.8768,69.062
3.513375344000451,21.91552,68.875
3.526584455000375,21.954240000000002,68.781
3.538742654000089,21.99296,68.75
3.552182428999913,21.99296,68.75
3.5659568700002637,21.99296,68.906
3.578766128999632,21.99296,68.531
3.591589243999806,21.954240000000002,68.75
3.604486922000433,21.8768,68.718
3.6168450630002553,21.83808,68.468
3.6291504030004944,21.721919999999997,68.562
3.6433753540004545,21.60576,68.437
3.657551311000134,21.60576,68.687
3.6719737080002233,21.644479999999998,68.406
3.6888794449996567,21.721919999999997,68.656
3.702117132999774,21.76064,68.562
3.715220064999812,21.76064,69.0
3.72869756900036,21.76064,68.906
3.744946646000244,21.76064,68.593
3.7574928889998773,21.721919999999997,68.781
3.7701463989997137,21.6832,68.687
3.782936905000497,21.60576,68.437
3.7964705390004383,21.644479999999998,69.0
3.8101409760001843,21.6832,68.656
3.823350696000489,21.6832,68.906
3.836452827999892,21.76064,68.812
3.849389355000312,21.79936,68.593
3.862309785000434,21.83808,68.875
3.874487025000235,21.83808,69.125
3.888091636000354,21.8768,68.625
3.9004428649996044,21.8768,68.593
3.912780685999678,21.91552,68.781
3.9250659919998725,21.91552,68.562
3.937302465999892,21.8768,68.687
3.9494754170000306,21.83808,69.062
3.961784756999805,21.76064,68.625
3.9754905230001896,21.79936,68.5
3.989539596999748,21.79936,68.343
4.004157936000411,21.83808,68.687
4.0194944730001225,21.8768,68.687
4.033094219999839,21.91552,68.625
4.046577996000451,21.8768,68.875
4.05957087600018,21.91552,68.906
4.07475614499981,21.8768,68.656
4.087541210999916,21.83808,68.781
4.099941272999786,21.79936,68.718
4.113419065000016,21.79936,69.0
4.126462987000195,21.83808,68.718
4.140327191000324,21.83808,68.937
4.153257638000468,21.8768,68.843
4.166436092000367,21.91552,68.593
4.179433965000499,21.954240000000002,69.156
4.192395773000499,21.954240000000002,68.843
4.205516529000306,21.99296,68.875
4.218104884999775,21.99296,68.625
4.2306907450001745,21.8768,68.625
4.243208699000206,21.8768,68.625
4.255799520000437,21.8768,69.0
4.26802085700001,21.79936,68.656
4.280158767000103,21.79936,68.812
4.293516202999854,21.6832,68.718
4.307747842000026,21.6832,68.437
4.32216060599967,21.721919999999997,68.312
4.336636316999829,21.76064,68.875
4.351944885000194,21.79936,68.562
4.364827809999952,21.79936,68.625
4.378663661000246,21.79936,68.781
4.392137068000011,21.83808,68.718
4.406786032000127,21.79936,68.593
4.419124236000243,21.79936,68.75
4.432261185999778,21.721919999999997,68.687
4.445603133000077,21.76064,68.906
4.458664015999602,21.76064,68.656
4.471928232999744,21.79936,68.656
4.484946169999603,21.79936,68.718
4.497959915999672,21.83808,69.093
4.511140577999868,21.8768,69.062
4.52382295300049,21.91552,68.718
4.536770392000108,21.91552,68.843
4.549106004999885,21.954240000000002,68.5
4.561778459999914,21.954240000000002,68.468
4.574990099000388,21.91552,68.593
4.587757885000428,21.91552,68.906
4.600333088999832,21.79936,68.593
4.612644187999649,21.76064,68.468
4.626876786999674,21.6832,68.656
4.641724733000046,21.721919999999997,68.531
4.65626265300034,21.721919999999997,68.531
4.672000065999782,21.79936,68.812
4.68511227900035,21.83808,68.812
4.697747963999973,21.83808,68.593
4.711354015999859,21.8768,68.656
4.726659032000498,21.83808,68.687
4.73914140099987,21.79936,69.031
4.752031078000073,21.76064,68.937
4.764723309000146,21.76064,68.625
4.777271984000436,21.76064,68.875
4.789828019000197,21.76064,68.625
4.802969321000091,21.76064,69.125
4.816472297000473,21.79936,68.687
4.830274865999854,21.721919999999997,68.593
4.8433968070003175,21.76064,68.781
4.856315893000101,21.76064,68.625
4.869466891000229,21.79936,68.687
4.881985580999753,21.79936,68.687
4.894413355999859,21.83808,68.906
4.907188725999731,21.83808,68.531
4.919691991000036,21.8768,69.031
4.931942801000332,21.79936,68.656
4.944205099000101,21.76064,68.562
4.958798796999872,21.721919999999997,68.843
4.973633077999693,21.76064,68.562
4.988244504999784,21.79936,68.531
5.002872699999898,21.83808,68.781
5.016360763999728,21.83808,68.75
5.029281705999892,21.8768,68.718
5.0455082870003025,21.8768,69.0
5.0586391870001535,21.83808,68.875
5.071270809000453,21.83808,68.687
5.084201607999603,21.79936,68.843
5.0976649989997895,21.79936,68.843
5.1105563720002465,21.79936,69.156
5.1233809920004205,21.83808,68.781
5.136323343000186,21.83808,69.0
5.149671946000126,21.91552,68.843
5.162833440000213,21.954240000000002,68.687
5.175793712000086,21.954240000000002,68.843
5.188336402000459,21.99296,69.125
5.20112364400029,21.99296,68.937
5.213832579999689,22.03168,68.75
5.225985338999635,22.03168,68.75
5.238360473000284,22.03168,68.656
5.2505094230000395,21.954240000000002,68.812
5.262633188999644,21.954240000000002,68.562
5.276733400000012,21.83808,68.906
5.291548287999831,21.83808,68.687
5.306002205999903,21.83808,68.75
5.32113912099976,21.91552,68.437
5.334100895999654,21.954240000000002,68.687
5.347108594000019,21.954240000000002,68.718
5.361050847000115,21.954240000000002,68.687
5.37584391099972,21.954240000000002,68.937
5.38864017800006,21.91552,68.75
5.4014576609997675,21.91552,68.906
5.413985567000054,21.83808,68.781
5.426918285999818,21.83808,68.937
5.439640534000318,21.79936,68.687
5.453027442999883,21.79936,68.687
5.466064772999744,21.83808,68.812
5.47872103500049,21.8768,68.625
5.4920652230002815,21.91552,68.781
5.504616490000444,21.91552,68.875
5.517489335000391,21.954240000000002,69.0
5.53009977199963,21.954240000000002,68.625
5.542516890000115,21.954240000000002,68.906
5.555025339999702,21.99296,68.687
5.567807141999765,21.99296,68.75
5.580631697999706,21.8768,68.656
5.592814632999762,21.83808,68.75
5.607069472999683,21.721919999999997,68.75
5.621686978999605,21.721919999999997,68.625
5.6365331970000625,21.76064,68.656
5.652035754999815,21.79936,68.468
5.6650829729996985,21.83808,68.593
5.677650016999905,21.8768,68.687
5.691231331000381,21.83808,68.687
5.706952135999927,21.83808,68.812
5.719729041999926,21.83808,68.593
5.732634271000279,21.79936,69.156
5.745469995000349,21.76064,68.781
5.758371289000024,21.79936,68.968
5.771684563000235,21.83808,68.875
5.784644323000066,21.79936,68.687
5.797930843999893,21.83808,68.781
5.811163444000158,21.8768,69.156
5.823973215000478,21.91552,69.125
5.8364783690003605,21.91552,68.812
5.849674742999923,21.954240000000002,68.812
5.862046580999959,21.99296,68.562
5.874610423999911,21.99296,68.843
5.886965204999797,21.99296,68.718
5.899305040999934,21.99296,69.093
5.911604396000257,21.91552,68.718
5.923956777000058,21.83808,68.843
5.938121054000476,21.83808,68.718
5.952618813000299,21.8768,68.656
5.967387364000388,21.8768,68.625
5.981924356000491,21.91552,68.875
5.9944729030003145,21.954240000000002,68.656
6.007826914999896,21.954240000000002,68.937
6.021229728000435,21.954240000000002,68.843
6.034227119999741,21.83808,68.468
6.04681365200031,21.76064,68.687
6.059889703000408,21.76064,68.75
6.0731174069997,21.721919999999997,68.875
6.086131760000171,21.76064,68.625
6.098983517000306,21.79936,68.812
6.111822247999953,21.79936,68.812
6.124546224999904,21.83808,69.125
6.13751833599963,21.8768,68.781
6.150674102000266,21.91552,68.843
6.162923183999737,21.91552,68.906
6.1761544070004675,21.954240000000002,68.656
6.1884766430002855,21.99296,68.718
6.200722460999714,21.99296,69.093
6.213381859000037,21.99296,68.625
6.22570031899977,21.99296,69.062
6.2378981350002505,21.91552,68.906
6.250156433000484,21.8768,68.687
6.264041628999621,21.83808,68.437
6.278906855000059,21.8768,68.875
6.293625741000142,21.91552,68.656
6.307781249000072,21.954240000000002,68.812
6.320616492999761,21.954240000000002,68.843
6.333814530999916,21.99296,68.656
6.3490035120003085,21.99296,68.718
6.361986439999782,21.954240000000002,68.75
6.374663022999812,21.954240000000002,69.0
6.387331572999756,21.8768,68.906
6.400185280999722,21.8768,68.656
6.413133039999593,21.8768,68.875
6.4262653490004595,21.91552,68.781
6.439261206000083,21.91552,69.156
6.452305255999818,21.954240000000002,68.75
6.465274424000199,21.99296,68.937
6.478354155000488,21.99296,69.062
6.490531170000395,22.03168,68.687
6.503369805999682,22.03168,68.812
6.515573638000205,22.03168,69.031
6.528008070000396,22.070400000000003,68.656
6.540527655000005,22.070400000000003,68.968
6.552868419999868,21.99296,68.843
6.5653293479999775,21.99296,68.562
6.5783210769996,21.91552,68.75
6.59269611200034,21.91552,68.593
6.607676317000369,21.8768,68.406
6.621936053000354,21.91552,68.718
6.635548985000241,21.91552,68.687
6.649188956999751,21.8768,68.375
6.6616550689996075,21.83808,68.593
6.674935285999709,21.83808,68.718
6.687645822000377,21.83808,68.906
6.700080956999955,21.79936,68.562
6.712593598999774,21.79936,68.875
6.725114273000145,21.76064,68.593
6.738239541000439,21.76064,69.062
6.751064609000423,21.79936,68.75
6.764436925000155,21.79936,69.062
6.777146532999723,21.83808,68.906
6.789951247000317,21.83808,68.656
6.803023393999865,21.8768,68.781
6.815953041000284,21.8768,68.718
6.828695737000089,21.91552,69.062
6.84124946799966,21.954240000000002,68.687
6.853732669000237,21.954240000000002,68.937
6.866341056999772,21.99296,68.531
6.879202510000141,21.99296,68.812
6.891343172000234,21.91552,68.625
6.903544220000185,21.8768,68.968
6.917802036000467,21.79936,68.812
6.9324388710001585,21.83808,68.5
6.94658615499975,21.8768,68.5
6.96140062700033,21.91552,68.468
6.975364001999878,21.954240000000002,68.781
6.987957958000152,21.954240000000002,68.937
7.003028694000022,21.954240000000002,68.843
7.016019462999793,21.91552,68.687
7.028389539999807,21.91552,68.875
7.041020233000381,21.8768,68.812
7.054124573000081,21.83808,69.156
7.0673147070001505,21.8768,68.781
7.0799888580004335,21.8768,69.0
7.0931783530004395,21.8768,68.906
7.10686741399968,21.91552,68.687
7.119821958000102,21.954240000000002,68.656
7.132847351000237,21.99296,68.875
7.145023181999932,22.03168,69.062
7.158336681000037,22.03168,68.687
7.170794153000315,22.03168,68.843
7.183307561999754,22.070400000000003,68.718
7.195778698999675,22.070400000000003,68.625
7.208094309999979,21.99296,68.75
7.220453603000351,21.954240000000002,69.062
7.232903330999761,21.83808,68.593
7.246685324000282,21.79936,68.5
7.2610778629996275,21.79936,68.343
7.276004018999629,21.83808,68.437
7.29057243599982,21.91552,68.625
7.303487170000153,21.91552,68.875
7.316808124999625,21.954240000000002,68.937
7.332229079999706,21.954240000000002,68.781
7.344950304000122,21.91552,68.593
7.357442049000383,21.8768,68.781
7.370482195000477,21.83808,69.0
7.384138072000496,21.83808,68.937
7.396762172999843,21.83808,68.687
7.409928658999888,21.83808,68.906
7.423021509999671,21.8768,68.937
7.436116410000068,21.91552,68.687
7.449174508000397,21.954240000000002,68.718
7.462276160000329,21.954240000000002,69.125
7.474449975000425,21.99296,68.937
7.487310499999694,21.99296,68.718
7.499974633999955,21.99296,68.718
7.512395112999911,21.99296,68.562
7.524892649999856,22.03168,68.687
7.537092866000421,21.954240000000002,68.968
7.549295257999802,21.91552,68.687
7.561985600999833,21.83808,68.625
7.576177558000381,21.8768,68.5
7.590927676999854,21.83808,68.656
7.605482846000086,21.8768,68.562
7.6193051279997235,21.91552,68.843
7.632544895999672,21.8768,68.781
7.645930204000251,21.8768,68.562
7.659605697000188,21.8768,68.687
7.675872886999969,21.8768,69.062
7.68880131700007,21.83808,68.781
7.701272453000456,21.79936,69.031
7.714266294000481,21.83808,68.906
7.727752116999909,21.83808,68.656
7.740959851999833,21.8768,68.843
7.753845561000162,21.8768,69.218
7.766744679000112,21.91552,69.062
7.779623123999954,21.954240000000002,68.718
7.7927460560003965,21.954240000000002,69.093
7.805528050000248,21.954240000000002,68.781
7.818375965999621,21.99296,68.687
7.830940961000124,21.99296,68.593
7.8437281710002935,21.8768,68.843
7.855970243999764,21.83808,68.562
7.86830937600007,21.79936,68.937
7.880485495000357,21.76064,68.687
7.892719919999763,21.6832,68.562
7.9068825969998215,21.6832,68.937
7.92135085100017,21.721919999999997,68.625
7.936232173000462,21.76064,68.625
7.949937716000022,21.79936,68.812
7.9632099970003765,21.83808,68.718
7.976741452999704,21.83808,68.625
7.9902847510002175,21.83808,68.781
8.00516540100034,21.79936,68.718
8.017489333000412,21.79936,68.906
8.0305897369999,21.721919999999997,68.937
8.043954564999694,21.721919999999997,68.625
8.057217212999603,21.76064,68.781
8.070095721999678,21.79936,68.843
8.083168733000093,21.79936,69.0
8.09671151800012,21.83808,68.687
8.109705486999701,21.91552,68.687
8.123545272999763,21.91552,68.968
8.136329283000123,21.954240000000002,68.625
8.14900109700011,21.954240000000002,69.062
8.161658703000285,21.954240000000002,68.687
8.173985514999913,21.954240000000002,68.843
8.186622000999705,21.99296,68.656
8.198746150000261,21.8768,68.875
8.210979167000005,21.8768,68.531
8.224346811000032,21.79936,69.0
8.238568208999823,21.79936,68.781
8.253205076000086,21.83808,68.718
8.268468938999831,21.8768,68.656
8.281498651999755,21.91552,68.781
8.294486347999737,21.91552,68.687
8.308521629000097,21.91552,68.968
8.321848790999866,21.91552,68.968
8.336700097000175,21.8768,68.718
8.349306469000112,21.83808,68.875
8.362125071999799,21.83808,68.875
8.375254436999967,21.83808,69.156
8.388671009999598,21.83808,69.093
8.402010204999897,21.8768,68.75
8.415149841999664,21.91552,69.0
8.428373898000245,21.954240000000002,68.812
8.441221654000401,21.8768,68.625
8.453638324000167,21.83808,68.781
8.466473151999708,21.8768,68.968
8.478937888000473,21.8768,68.687
8.491473377999682,21.91552,68.937
8.504097318999811,21.91552,68.75
8.516577960000177,21.91552,68.75
8.528803776000132,21.83808,68.875
8.541056537999793,21.83808,69.031
8.555577656999958,21.79936,68.843
8.569986837000215,21.79936,68.718
8.585007972000312,21.83808,68.687
8.600496449000275,21.8768,68.5
8.613442064000083,21.83808,68.937
8.626380671000334,21.83808,68.656
8.639752123000108,21.83808,68.875
8.652967730000455,21.83808,68.812
8.668355755999983,21.79936,68.593
8.681306075000066,21.76064,69.125
8.694182631999865,21.721919999999997,68.687
8.707662599000287,21.721919999999997,69.0
8.720428687999629,21.76064,68.937
8.734021139000106,21.76064,68.781
8.74711895099972,21.79936,68.687
8.760949681000056,21.8768,68.781
8.774471185000039,21.8768,69.156
8.786595399000362,21.91552,69.062
8.799874719999934,21.91552,68.687
8.812459779999699,21.91552,68.75
8.825091112999871,21.91552,68.625
8.837347745999978,21.954240000000002,68.687
8.850152109000192,21.8768,69.125
8.86229747499965,21.8768,68.875
8.87476345899995,21.79936,68.687
8.888723281000239,21.79936,68.531
8.903405365000253,21.79936,68.687
8.918193341000006,21.8768,68.625
8.931929028000013,21.8768,68.906
8.945017943000494,21.91552,68.906
8.958350802000496,21.954240000000002,68.687
8.972009623000304,21.91552,68.687
8.986881472999812,21.8768,68.781
8.999569960000372,21.8768,69.093
9.012145867000072,21.83808,69.062
9.024996823000038,21.83808,68.718
9.038208494000173,21.79936,68.843
9.051359363000302,21.79936,68.843
9.064345652000156,21.76064,68.656
9.077674926000327,21.79936,68.781
9.090637790000073,21.8768,68.843
9.10368359899985,21.8768,69.156
9.115987977999794,21.91552,68.75
9.128808372999629,21.91552,68.875
9.141307863000293,21.954240000000002,68.562
9.153889465999782,21.954240000000002,68.937
9.166431229000409,21.99296,68.656
9.178577714999847,21.91552,68.906
9.190687880000041,21.8768,68.656
9.204281579000053,21.79936,68.625
9.218524257000354,21.79936,68.937
9.233737814000051,21.83808,68.625
9.248282006000409,21.8768,68.656
9.261806423000053,21.91552,68.843
9.274489053000252,21.91552,68.875
9.288422827000431,21.91552,68.687
9.301792582999951,21.91552,69.187
9.316789909000363,21.8768,68.718
9.32990106499983,21.8768,69.062
9.342370985000343,21.79936,68.718
9.354980205000174,21.83808,68.718
9.368130177999774,21.83808,68.937
9.380892651000067,21.8768,69.187
9.393637811999724,21.91552,68.843
9.406479455999943,21.954240000000002,68.75
9.420052897999994,21.954240000000002,69.0
9.432701544000338,21.99296,68.937
9.446207783999853,21.99296,68.656
9.458563428000161,22.03168,68.75
9.47088703999998,22.03168,69.062
9.483604680000099,22.03168,68.687
9.495968612999604,22.03168,69.062
9.508181725000213,21.954240000000002,68.781
9.5204296539996,21.91552,68.593
9.534739790999993,21.8768,69.031
9.54956210399996,21.91552,68.562
9.564306334000321,21.954240000000002,68.687
9.578805725000166,21.99296,68.875
9.591869327000495,21.99296,68.812
9.605235594999613,21.954240000000002,68.593
9.618412353000167,21.954240000000002,69.125
9.632395087999612,21.8768,68.718
9.645119030999922,21.76064,68.812
9.657984227999805,21.721919999999997,68.593
9.670389378000436,21.6832,68.656
9.683497334000094,21.721919999999997,68.687
9.696664875000351,21.721919999999997,69.093
9.710261389999687,21.76064,69.125
9.723146074999931,21.76064,68.718
9.736372977999963,21.79936,68.937
9.749556712000413,21.8768,68.843
9.762365554999633,21.8768,68.75
9.775386596000317,21.91552,68.843
9.78804711399971,21.954240000000002,69.0
9.8006198209996,21.91552,68.875
9.813067692000004,21.91552,68.593
9.825807956999597,21.91552,68.843
9.837926121999772,21.83808,68.781
9.85008787300012,21.79936,69.0
9.864192467000066,21.721919999999997,68.687
9.878299781999885,21.76064,68.5
9.892699041000014,21.79936,68.75
9.907078748000458,21.83808,68.687
9.920407286999762,21.83808,68.593
9.933213696999701,21.8768,69.031
9.946540892000485,21.8768,68.718
9.959337477999725,21.8768,68.718
9.974553242000184,21.79936,68.843
9.987742801000422,21.79936,68.718
10.0006973440004,21.76064,69.093
10.013954424000076,21.76064,68.75
10.026681919999646,21.79936,69.062
10.03968497599999,21.79936,69.031
10.053081037000084,21.83808,68.75
10.06609753399971,21.8768,68.906
10.079200434000086,21.91552,69.281
10.091363047999948,21.91552,68.968
10.104071503999876,21.954240000000002,68.781
10.116403947000435,21.954240000000002,68.875
10.12906222499987,21.99296,68.687
10.141429741999673,21.99296,68.718
10.15377818700017,21.954240000000002,68.843
10.166112199000054,21.91552,68.937
10.178360959999736,21.83808,68.687
10.192759163000119,21.83808,68.812
10.207606725000005,21.8768,68.75
10.222629906999828,21.91552,68.75
10.236313977000464,21.8768,69.0
10.249503023000216,21.8768,68.937
10.262007152000479,21.83808,68.687
10.275482478999947,21.83808,68.906
10.291740868000488,21.83808,68.875
10.304195460000301,21.79936,68.687
10.317127985999832,21.76064,69.187
10.329782744000113,21.76064,68.812
10.342585794000115,21.76064,69.062
10.35556142600035,21.79936,69.062
10.368310842000028,21.79936,68.843
10.381229319999875,21.83808,68.906
10.394510369000272,21.8768,69.093
10.407815034999658,21.91552,69.187
10.419990737999797,21.954240000000002,68.812
10.433118951000324,21.954240000000002,68.906
10.445961682000416,21.99296,68.687
10.4582872459996,21.99296,68.75
10.470911475000321,21.99296,68.812
10.483100266000292,21.954240000000002,68.937
10.495270016999712,21.91552,68.687
10.507537946999946,21.83808,68.843
10.521987799999806,21.8768,68.75
10.53687213000012,21.8768,68.687
10.55161703199974,21.91552,68.968
10.565061191000495,21.954240000000002,69.031
10.578322014999685,21.954240000000002,68.718
10.592138185000294,21.954240000000002,68.687
10.6058348939996,21.91552,68.812
10.618929377999848,21.8768,68.593
10.631500037000478,21.83808,69.062
10.644302542999867,21.79936,68.75
10.657399906000137,21.79936,69.031
10.67045730100017,21.83808,68.718
10.683731469000122,21.8768,68.718
10.696776798999963,21.8768,68.843
10.71031180800037,21.91552,69.156
10.723642554000435,21.954240000000002,69.0
10.736975732999781,21.954240000000002,68.843
10.749257806999594,21.99296,69.031
10.762140347999775,22.03168,68.906
10.774591962999693,22.03168,69.187
10.786894453999594,22.03168,68.781
10.799359126000127,22.070400000000003,69.031
10.811650865000047,21.954240000000002,68.687
10.823889737000172,21.91552,68.875
10.836468172999957,21.83808,68.656
10.850509437000255,21.721919999999997,68.562
10.865172865000204,21.721919999999997,68.906
10.879679487999965,21.721919999999997,68.812
10.894203199000003,21.79936,68.625
10.907763551999778,21.83808,68.687
10.92108117800035,21.83808,68.718
10.93448034300036,21.83808,69.156
10.947531400999651,21.79936,69.093
10.960017450000123,21.79936,68.75
10.97283662799964,21.76064,68.968
10.985518043000411,21.721919999999997,68.75
10.998391910999999,21.76064,68.781
11.011149199999636,21.76064,68.843
11.024089311000353,21.79936,69.156
11.037277076999999,21.83808,69.0
11.050382504000481,21.8768,68.781
11.063548189999892,21.91552,69.031
11.075721973000327,21.91552,68.781
11.089016558000367,21.954240000000002,69.156
11.10137655499966,21.954240000000002,68.75
11.113841995000257,21.99296,68.937
11.126107363999836,21.99296,68.687
11.138270811000439,21.954240000000002,68.875
11.150410256999749,21.91552,68.687
11.162708683000346,21.83808,69.156
11.177236106999771,21.83808,68.656
11.191442655999708,21.8768,68.656
11.206066722999822,21.91552,68.843
11.219412798000121,21.954240000000002,68.75
11.232409518000168,21.954240000000002,68.687
11.245809545999691,21.954240000000002,69.156
11.259790936999707,21.954240000000002,68.781
11.272869131999869,21.91552,69.062
11.285567314999753,21.91552,68.75
11.29823298500014,21.83808,68.75
11.311751576999995,21.8768,68.906
11.324484161000328,21.8768,69.187
11.337494897999932,21.91552,69.125
11.349807532999876,21.91552,68.812
11.363342669999838,21.954240000000002,68.906
11.376664327999606,21.99296,69.0
11.38981714900001,21.99296,68.843
11.40273021899975,22.03168,68.812
11.415767323999717,22.03168,69.218
11.428180249999969,22.03168,69.031
11.440746557000239,21.99296,68.531
11.45338051500039,21.91552,68.718
11.46558687400011,21.83808,68.593
11.477740848999929,21.83808,68.75
11.489997994000078,21.76064,68.718
11.503943800000343,21.76064,68.843
11.517759008999747,21.76064,68.75
11.532078649999676,21.79936,68.687
11.5457157740002,21.83808,68.75
11.558501223999883,21.8768,68.812
11.572121995000089,21.8768,69.125
11.585795920000237,21.8768,68.937
11.598778399999901,21.8768,68.687
11.612140762999843,21.8768,68.906
11.625360723000085,21.76064,68.812
11.637710287000118,21.76064,69.0
11.650247057000342,21.76064,68.843
11.663418533999902,21.79936,68.968
11.677130861000478,21.79936,68.968
11.69118751699989,21.83808,68.937
11.704644923999695,21.8768,68.718
11.717831506000039,21.91552,68.937
11.729936165999788,21.91552,69.125
11.7432065590001,21.954240000000002,68.75
11.755548539000301,21.954240000000002,68.656
11.768114686000445,21.954240000000002,68.875
11.780968746000326,21.99296,68.656
11.7933589510003,21.91552,68.781
11.805530366000312,21.8768,69.125
11.817894810000325,21.76064,68.906
11.832307413999843,21.76064,68.812
11.846987994000301,21.79936,68.531
11.861604411999906,21.83808,69.093
11.875760623999668,21.8768,68.687
11.888894020000407,21.8768,68.75
11.902363555000193,21.91552,68.968
11.916366417999598,21.91552,68.937
11.930364800999996,21.8768,68.687
11.943183852000402,21.83808,68.843
11.95627772700027,21.79936,68.875
11.969504310000048,21.83808,69.062
11.982627977999982,21.83808,69.0
11.996042951000163,21.83808,68.781
12.00867873199968,21.8768,68.937
12.021484023000085,21.91552,69.281
12.034434885000337,21.954240000000002,69.031
12.0477255349997,21.83808,68.843
12.060015672999725,21.83808,68.937
12.073242512000434,21.8768,68.687
12.085787058000278,21.8768,68.843
12.098312179999994,21.91552,69.093
12.11056058899976,21.91552,69.062
12.122733987999709,21.83808,68.718
12.134838617000241,21.83808,68.937
12.147075376999965,21.76064,68.781
12.161475885000073,21.76064,68.625
12.17582282300009,21.76064,68.937
12.19009948599978,21.83808,68.687
12.203509754999686,21.8768,68.687
12.217680335000296,21.8768,68.968
12.231494137000482,21.8768,68.843
12.244736720000219,21.8768,68.75
12.258382388000427,21.8768,68.843
12.271477543999936,21.83808,68.875
12.284012809999695,21.79936,69.031
12.29723132900017,21.79936,68.718
12.309694304000004,21.83808,69.0
12.322702288999608,21.83808,68.968
12.33558518100017,21.83808,69.25
12.349037052000313,21.91552,68.781
12.362609693000195,21.954240000000002,68.781
12.375072189000093,21.954240000000002,69.156
12.38805313299963,21.99296,68.718
12.400858967000204,21.99296,68.937
12.413157105999744,21.99296,69.156
12.425419307000084,21.99296,69.0
12.437792327999887,22.03168,68.812
12.45022691899976,21.91552,69.062
12.462412830000176,21.91552,68.531
12.476031586000317,21.83808,68.656
12.489807273999759,21.8768,68.687
12.504558032000205,21.8768,68.656
12.518971372000124,21.954240000000002,68.937
12.532075135000014,21.954240000000002,68.968
12.545385241000076,21.954240000000002,68.687
12.558743219999997,21.954240000000002,68.937
12.57145327499984,21.954240000000002,68.875
12.586553516000095,21.91552,68.781
12.599709697000435,21.91552,69.031
12.612946137000108,21.8768,68.718
12.626151055999799,21.83808,68.687
12.639156895999804,21.8768,68.843
12.652580988999944,21.83808,69.062
12.665393895999841,21.76064,68.875
12.67897642600019,21.76064,68.687
12.692474024999683,21.79936,68.687
12.706042826999692,21.79936,69.0
12.718566475999978,21.83808,69.187
12.731671264000397,21.8768,68.875
12.74447732200042,21.8768,68.75
12.757132206999813,21.91552,68.843
12.769559917999686,21.91552,68.75
12.781722595999781,21.83808,68.968
12.793845402000443,21.83808,69.093
12.808359992000078,21.6832,69.0
12.822292069000468,21.6832,68.812
12.836989897999956,21.6832,68.531
12.85143536600026,21.721919999999997,68.562
12.866038471999673,21.76064,68.812
12.877960343000268,21.79936,68.75
12.891039817000092,21.79936,68.906
12.902806260000034,21.79936,68.718
12.915100238000377,21.76064,68.718
12.930823761999818,21.76064,68.937
12.942873156999667,21.6832,68.687
12.955398502999742,21.721919999999997,68.875
12.96862236600009,21.76064,69.156
12.981319524000355,21.76064,69.0
12.993477146999794,21.76064,68.812
13.006328966000183,21.83808,68.968
13.018734404000497,21.8768,68.718
13.03155358300046,21.8768,68.875
13.043518047000362,21.91552,69.156
13.05609872199966,21.91552,69.062
13.068159989999913,21.954240000000002,68.687
13.080224584999996,21.954240000000002,68.843
13.092263835999802,21.954240000000002,68.75
13.104244043999643,21.91552,68.781
13.116190075999839,21.8768,69.062
13.128205261999938,21.79936,68.75
13.141490406999765,21.83808,68.906
13.154497526999876,21.83808,68.843
13.168419587999779,21.8768,68.625
13.182172875000106,21.91552,69.156
13.194243199000084,21.91552,69.125
13.2055905240004,21.91552,69.062
13.21860506899975,21.954240000000002,68.718
13.231371926000065,21.954240000000002,68.937
13.246665067999857,21.83808,68.812
13.260278288000336,21.76064,69.156
13.271987736000483,21.721919999999997,68.812
13.284958086999723,21.76064,68.75
13.297526794000078,21.76064,69.0
13.310082957000304,21.79936,68.843
13.322443209000085,21.79936,68.937
13.334128720999615,21.83808,68.75
13.346852696000497,21.8768,68.937
13.359444316000008,21.8768,69.25
13.371705686000496,21.91552,69.062
13.383937997999965,21.91552,68.781
13.396300874999724,21.91552,68.812
13.408310652000182,21.954240000000002,68.656
13.42052120399967,21.954240000000002,68.843
13.4324611560005,21.8768,69.062
13.444383731000016,21.8768,68.718
13.456462342999657,21.79936,68.906
13.469932932999654,21.83808,68.843
13.483515302999876,21.83808,68.531
13.497180716000003,21.8768,69.093
13.509816785000112,21.91552,68.687
13.52241746100026,21.91552,69.062
13.535189662000448,21.91552,68.781
13.548111500000232,21.91552,68.937
13.561018393000268,21.91552,68.875
13.574485496000307,21.8768,69.281
13.587141181000334,21.83808,68.875
13.599627548999706,21.83808,69.062
13.612119901999904,21.83808,68.968
13.624957897000058,21.83808,68.687
13.636273862000053,21.83808,68.875
13.648092401000213,21.79936,69.25
13.660830552999869,21.83808,68.75
13.673357114999817,21.8768,69.093
13.686122852000153,21.8768,68.875
13.698410334000073,21.91552,69.031
13.710680311000033,21.91552,68.937
13.723322556999847,21.91552,68.687
13.735320269999647,21.954240000000002,68.718
13.74764087299991,21.954240000000002,69.093
13.759551959999953,21.8768,68.781
13.771465126000294,21.8768,68.937
13.783445783000388,21.79936,68.656
13.796827987000142,21.79936,68.718
13.809202671999628,21.83808,68.718
13.823192638000364,21.79936,68.687
13.838165963000392,21.83808,68.906
13.85095470899978,21.721919999999997,68.593
13.863655226999981,21.6832,68.593
13.876358466000056,21.6832,68.687
13.889006727999913,21.721919999999997,69.156
13.901758095999867,21.6832,68.687
13.913666047000333,21.6832,69.031
13.925762738999765,21.644479999999998,68.75
13.93859113400049,21.644479999999998,68.875
13.950865046999752,21.6832,68.687
13.962520670000231,21.6832,69.187
13.975373706000028,21.6832,68.875
13.988042703999781,21.721919999999997,69.093
14.000932732000365,21.76064,68.812
14.01339126000039,21.79936,69.093
14.025359948000187,21.83808,68.843
14.036577892999958,21.83808,68.812
14.048910464999608,21.8768,69.093
14.061086392000107,21.8768,68.968
14.07328529500046,21.8768,68.718
14.085505127000033,21.91552,69.031
14.097575994999715,21.79936,68.781
14.109696176000398,21.79936,68.843
14.123690813999929,21.721919999999997,69.093
14.135917782999968,21.76064,68.875
14.149810369999614,21.79936,68.656
14.164101786000174,21.83808,68.656
14.175893124999675,21.83808,68.875
14.188096732999838,21.8768,68.656
14.200993448999725,21.8768,68.843
14.213998649999667,21.8768,69.125
14.226515035000375,21.83808,68.968
14.242124987000352,21.83808,68.781
14.254505783999775,21.76064,68.687
14.266785265999715,21.79936,68.875
14.279381846000433,21.79936,69.187
14.292273570999896,21.83808,68.906
14.305001450000418,21.83808,69.125
14.317692528999942,21.8768,68.937
14.330203505999634,21.91552,68.781
14.342634096999973,21.91552,69.031
14.35534904799988,21.954240000000002,69.187
14.367442220000157,21.99296,68.906
14.379586946000018,21.99296,69.031
14.391664566000145,21.99296,68.687
14.403769993999958,21.99296,68.875
14.415735833999861,21.91552,68.718
14.427721451000252,21.91552,69.031
14.441846398000052,21.79936,68.75
14.454239259000133,21.76064,68.875
14.466185195000435,21.721919999999997,68.718
14.47990558499987,21.76064,68.625
14.494181129000026,21.79936,68.781
14.507088917999681,21.83808,68.718
14.519144969000081,21.83808,69.093
14.53200194100009,21.83808,68.75
14.544224780999684,21.83808,69.0
14.556341634000091,21.79936,68.718
14.567744672999652,21.79936,68.875
14.57972209699983,21.76064,69.312
14.592819812000016,21.76064,68.875
14.605041021000034,21.79936,68.843
14.61856649299989,21.79936,69.062
14.631042877000255,21.79936,68.75
14.644564285000342,21.79936,68.687
14.657635630999721,21.8768,68.812
14.670538139999735,21.83808,69.187
14.682566798000153,21.8768,68.843
14.695317206000254,21.91552,68.906
14.707769493999876,21.91552,68.875
14.719981805000316,21.954240000000002,68.687
14.732045120999828,21.954240000000002,68.843
14.744732295000176,21.8768,69.093
14.756732087999808,21.83808,68.781
14.76876266599993,21.76064,68.968
14.782132774000274,21.79936,68.812
14.79549523300011,21.79936,68.531
14.809296041999914,21.79936,69.156
14.823195349000343,21.83808,68.718
14.836306569000044,21.83808,69.062
14.848691430000144,21.83808,69.031
14.861793881000267,21.83808,68.75
14.874603043000207,21.8768,68.875
14.889844727999844,21.79936,68.875
14.902572799999689,21.79936,69.218
14.915464843999871,21.76064,68.812
14.927984429999924,21.76064,68.75
14.940854682000463,21.79936,69.031
14.953310073000466,21.79936,68.781
14.965763000000152,21.83808,68.875
14.978274521000458,21.8768,69.218
14.99081442700026,21.91552,68.843
15.002787915000226,21.91552,69.156
15.015371598999991,21.954240000000002,68.875
15.027576837999732,21.954240000000002,68.718
15.03972543600048,21.99296,68.875
15.052206108000064,21.8768,69.031
15.064534007000475,21.8768,68.687
15.076487975000418,21.79936,68.968
15.088486808000198,21.79936,68.687
15.101152381999782,21.6832,68.656
15.114458070999717,21.721919999999997,68.687
15.126974969000003,21.721919999999997,68.968
15.141149197000232,21.76064,68.968
15.153900149000037,21.79936,68.687
15.166400566000448,21.83808,68.937
15.178983193000022,21.79936,68.687
15.191773794000255,21.79936,68.875
15.204438343999755,21.79936,68.875
15.21883981100018,21.76064,69.125
15.231643373000225,21.76064,69.031
15.243972520999705,21.721919999999997,68.75
15.256942615999833,21.76064,68.968
15.269181327999831,21.79936,68.843
15.281947161000062,21.79936,68.906
15.29496189800011,21.83808,68.875
15.307857685999807,21.8768,69.062
15.320348471000216,21.91552,68.875
15.332376008999745,21.91552,69.156
15.34482391199981,21.954240000000002,68.812
15.35701059100029,21.99296,68.843
15.369167380999897,21.99296,69.156
15.38124202400013,21.99296,68.812
15.393398942000204,21.99296,69.093
15.405444496999735,21.91552,69.0
15.41749565200007,21.8768,68.75
15.431126983000468,21.83808,68.781
15.443765740000345,21.8768,68.656
15.457402256000023,21.8768,68.906
15.472765352999886,21.91552,68.906
15.484527986999638,21.954240000000002,68.75
15.496937296000397,21.954240000000002,68.875
15.510132262000297,21.954240000000002,68.718
15.522671591999824,21.954240000000002,68.906
15.535092293999696,21.91552,68.812
15.550340924000011,21.91552,69.093
15.562982049000311,21.8768,69.0
15.575411071000417,21.8768,68.843
15.58772345000034,21.91552,68.937
15.600021780000134,21.91552,69.187
15.612939970000298,21.954240000000002,68.843
15.624985460000062,21.99296,69.031
15.637703579999652,21.99296,68.968
15.650134298000012,21.954240000000002,68.843
15.662646746999599,21.8768,68.812
15.67520380499991,21.83808,69.0
15.687523960000362,21.83808,68.656
15.699662158000137,21.83808,69.0
15.711902598000052,21.83808,68.593
15.724195968999993,21.83808,68.968
15.736200370000006,21.76064,68.875
15.748170177999782,21.76064,69.093
15.761096879999968,21.6832,68.687
15.774603726999885,21.721919999999997,68.781
15.78717585800041,21.721919999999997,68.781
15.802382597999895,21.79936,68.687
15.814378390999991,21.83808,68.843
15.82658967899988,21.83808,69.25
15.839114000000336,21.83808,69.0
15.850719957000365,21.83808,68.781
15.863003374999607,21.83808,68.968
15.878385799999705,21.83808,68.968
15.89077578100023,21.76064,68.687
15.903706803000205,21.79936,68.875
15.916370744999767,21.79936,69.156
15.928778806000082,21.83808,68.812
15.941202132999933,21.83808,68.843
15.953682100000151,21.8768,68.937
15.966476958000385,21.91552,68.718
15.978958206000243,21.91552,69.0
15.990897964999931,21.954240000000002,69.25
16.003718424,21.954240000000002,68.75
16.01596897699983,21.99296,69.062
16.02822093800023,21.99296,68.937
16.040204378000453,22.03168,68.75
16.052216011999917,21.954240000000002,68.843
16.064181564000137,21.954240000000002,69.125
16.0762569110002,21.8768,68.75
16.089629066999805,21.8768,68.937
16.10334580899962,21.8768,68.875
16.116770861999612,21.91552,68.625
16.130695834000107,21.954240000000002,69.156
16.142890033000185,21.954240000000002,68.843
16.155429043000368,21.99296,69.093
16.16808511199997,21.99296,68.843
16.180738174,21.954240000000002,69.125
16.193205821000447,21.91552,68.937
16.206713501000195,21.91552,68.812
16.21911817,21.8768,68.875
16.23186185800023,21.91552,69.156
16.244238367000435,21.91552,68.875
16.2560298340004,21.83808,68.968
16.267332870000246,21.79936,68.812
16.28041852000024,21.83808,68.687
16.292875799000285,21.8768,68.843
16.305481307000264,21.91552,69.187
16.317758324999886,21.91552,68.812
16.330388377000418,21.954240000000002,68.937
16.34251063800002,21.954240000000002,68.718
16.354939052999725,21.954240000000002,68.875
16.366990815000463,21.99296,69.156
16.37894852699992,21.954240000000002,69.031
16.390931488000206,21.8768,68.781
16.402991666999696,21.79936,68.968
16.416460432999884,21.83808,68.687
16.430027923000125,21.83808,68.562
16.443969568000284,21.8768,69.156
16.458550848000414,21.91552,68.75
16.471612018000087,21.91552,68.968
16.483118099999956,21.91552,68.812
16.496081827000125,21.91552,68.968
16.50869479100038,21.91552,68.937
16.52112845299962,21.8768,69.218
16.534767273000398,21.8768,68.968
16.547120324999923,21.83808,69.125
16.559968943999593,21.8768,69.031
16.572291563000363,21.8768,68.75
16.584765067000262,21.91552,69.031
16.597306669000318,21.91552,69.312
16.609836974000245,21.954240000000002,68.937
16.622561750000386,21.99296,69.187
16.63464656999986,22.03168,69.125
16.646706300000005,21.99296,68.687
16.65909525799998,21.954240000000002,68.906
16.671293585000058,21.91552,68.656
16.683480423999754,21.954240000000002,68.75
16.695774754000013,21.954240000000002,69.093
16.70826265800042,21.8768,68.718
16.720300820000375,21.8768,68.937
16.732353190999675,21.79936,68.906
16.745735682000486,21.83808,68.656
16.759251329999643,21.83808,69.0
16.773400181000397,21.8768,68.781
16.786842899000476,21.91552,68.937
16.799332819000483,21.91552,68.75
16.81228265699974,21.91552,68.781
16.82495472699975,21.91552,69.031
16.837600492000092,21.91552,68.875
16.85677436199967,21.8768,68.812
16.871353274000285,21.76064,68.718
16.886525484999765,21.79936,68.843
16.899414456999693,21.83808,68.843
16.911071040000024,21.83808,69.281
16.922828552999817,21.83808,69.187
16.934915357000136,21.8768,69.156
16.947654309000427,21.954240000000002,68.812
16.959128677999615,21.954240000000002,69.031
16.97132006100037,21.954240000000002,68.906
16.983927584999947,21.99296,68.906
16.996173593000094,22.03168,69.156
17.00815770600002,22.03168,68.875
17.020643881999604,22.03168,68.937
17.033089192999796,22.070400000000003,69.125
17.045075801000166,21.954240000000002,68.843
17.057120811999994,21.954240000000002,68.843
17.069537577999654,21.83808,69.156
17.082994600000347,21.8768,68.906
17.096697132999907,21.8768,68.656
17.11068620399965,21.954240000000002,68.687
17.12474468399978,21.954240000000002,68.843
17.137234859999808,21.954240000000002,68.687
17.15028354900005,21.954240000000002,68.875
17.163113096000416,21.954240000000002,68.875
17.175674922000326,21.91552,69.062
17.19090396699994,21.91552,69.125
17.20301134700003,21.83808,68.812
17.215663992000373,21.8768,68.875
17.228733578000174,21.8768,69.218
17.241325709999728,21.91552,68.906
17.253666089000035,21.8768,68.812
17.26632276700002,21.954240000000002,69.031
17.278689355000097,21.954240000000002,68.781
17.291581718999623,21.954240000000002,69.093
17.303748493999592,22.03168,69.25
17.315929700000197,22.03168,68.937
17.32830800099964,22.03168,69.062
17.340605882999625,22.070400000000003,68.906
17.3530099769996,22.070400000000003,68.718
17.365036651000082,21.99296,68.906
17.377065020999908,21.954240000000002,69.125
17.389808709000135,21.8768,68.812
17.403019866999784,21.8768,68.968
17.415985513999658,21.8768,68.843
17.429810706999888,21.91552,68.75
17.443366804000107,21.954240000000002,68.687
17.45586696400005,21.954240000000002,68.718
17.467464600999847,21.83808,69.031
17.480447689000357,21.83808,68.75
17.493040907999784,21.83808,69.062
17.505427592999695,21.79936,68.937
17.518053773000247,21.79936,68.812
17.529987163999976,21.76064,69.031
17.542420986999787,21.76064,69.125
17.555271846000323,21.79936,68.875
17.568280501999652,21.79936,69.125
17.580561200000375,21.83808,69.093
17.593156146999718,21.8768,68.875
17.605535728000177,21.91552,69.0
17.618153299999904,21.91552,69.406
17.63014381300036,21.954240000000002,68.906
17.64263155699973,21.99296,69.0
17.654803162999997,21.954240000000002,68.687
17.666981393999777,21.954240000000002,68.906
17.679124518999743,21.91552,68.75
17.69146435499988,21.91552,69.187
17.703374032999818,21.83808,68.781
17.715385378000065,21.79936,69.031
17.728245102000074,21.76064,68.687
17.741661514000043,21.79936,68.593
17.75495622699964,21.79936,68.75
17.76903403600045,21.83808,69.125
17.781981954000003,21.8768,69.125
17.794512995999867,21.8768,68.812
17.807418704000156,21.8768,68.968
17.82008063000012,21.8768,68.781
17.83247691500037,21.83808,68.687
17.847026577999713,21.83808,69.031
17.858815389000483,21.79936,69.093
17.871317117000217,21.76064,68.812
17.883928608999668,21.79936,68.843
17.896771532000457,21.79936,69.062
17.908948995000173,21.79936,68.812
17.92081243099983,21.83808,68.968
17.933250062000297,21.8768,69.218
17.945985205999932,21.91552,69.0
17.95800461500039,21.91552,69.093
17.970499046999976,21.954240000000002,68.843
17.982515833000434,21.954240000000002,68.937
17.99481419499989,21.954240000000002,68.812
18.00691587900019,21.954240000000002,69.218
18.018965721999848,21.91552,68.812
18.030892456999936,21.8768,69.031
18.042943323000145,21.83808,68.781
18.054773255000327,21.83808,68.812
18.06802931099992,21.721919999999997,68.562
18.081620961000226,21.721919999999997,69.031
18.09596194599999,21.79936,68.718
18.108609822999824,21.79936,69.031
18.120784917000492,21.83808,68.968
18.13375501199971,21.83808,68.687
18.146652143999745,21.83808,68.937
18.159344951000094,21.79936,69.156
18.172153505000097,21.76064,69.125
18.18414084899996,21.721919999999997,68.875
18.197003516999757,21.721919999999997,69.093
18.209846888000357,21.76064,68.812
18.222286502000316,21.76064,69.0
18.234792551000282,21.79936,68.937
18.247918971000217,21.83808,69.125
18.260393722000117,21.8768,68.937
18.27293957999973,21.8768,69.218
18.284883242999967,21.91552,68.906
18.297445838000385,21.954240000000002,68.968
18.309834507000232,21.954240000000002,69.25
18.32194003099994,21.954240000000002,69.156
18.334008722000362,21.99296,68.875
18.346412558999873,21.91552,69.0
18.358407136000096,21.91552,68.687
18.370877856000334,21.83808,68.968
18.3841697200005,21.83808,69.125
18.39660031099993,21.83808,69.093
18.410416736000116,21.8768,68.968
18.424868316000357,21.91552,68.718
18.437341564000235,21.954240000000002,68.968
18.449752184999852,21.91552,68.718
18.46282516300016,21.91552,68.875
18.47551819399996,21.91552,68.843
18.48817599100039,21.8768,69.156
18.500012771,21.8768,68.843
18.512433920999683,21.83808,69.031
18.525106662000326,21.83808,68.781
18.537429985000017,21.8768,69.062
18.549989635999736,21.91552,69.312
18.562472548000187,21.91552,69.156
18.57525447700027,21.954240000000002,68.843
18.58778842999982,21.99296,69.0
18.599907970999993,21.99296,68.968
18.612787215000026,22.03168,68.937
18.62506372000007,22.070400000000003,69.343
18.63713189900045,22.070400000000003,69.156
18.649574969999776,22.070400000000003,68.687
18.661144030000287,22.03168,68.781
18.672285396000007,21.8768,68.937
18.68458417399961,21.76064,68.906
18.69679818199984,21.76064,69.187
18.710579470000084,21.6832,68.75
18.72311726299995,21.721919999999997,68.75
18.736549516000196,21.721919999999997,68.906
18.752122283000062,21.76064,68.937
18.764713806000145,21.79936,68.687
18.777392500000133,21.79936,68.875
18.789110108000386,21.79936,69.156
18.80162226900029,21.83808,68.937
18.813984633000473,21.79936,68.781
18.828531352000027,21.79936,68.937
18.84065751700018,21.721919999999997,68.781
18.852973832000316,21.721919999999997,68.843
18.865369924999868,21.721919999999997,69.156
18.877807843000483,21.721919999999997,69.062
18.88994850400013,21.721919999999997,68.843
18.90278704299999,21.79936,68.968
18.91528480299985,21.83808,68.812
18.927862149999783,21.83808,69.031
18.93985295099992,21.8768,69.312
18.95261814300011,21.91552,69.187
18.964684210000087,21.91552,68.812
18.97683629600033,21.91552,68.937
18.98891596300018,21.954240000000002,68.781
19.000944108999647,21.8768,68.906
19.01288716399995,21.83808,69.218
19.02486420399964,21.79936,68.843
19.038036672999624,21.79936,68.75
19.05168867700013,21.79936,68.937
19.065137698999933,21.83808,68.875
19.079110671999842,21.8768,69.156
19.09080690399969,21.91552,68.812
19.103337272999852,21.8768,69.156
19.116100193999955,21.8768,68.812
19.1283372099997,21.8768,69.0
19.14035617100035,21.83808,68.937
19.154537182999775,21.83808,68.906
19.166870746999848,21.79936,68.843
19.17941420399984,21.79936,69.187
19.191779863999727,21.83808,68.843
19.204523743999744,21.83808,68.906
19.217335754000487,21.83808,69.093
19.229928493000443,21.8768,68.843
19.242560945999685,21.91552,68.968
19.255150580999725,21.91552,69.406
19.266438352000478,21.83808,68.875
19.279195799999798,21.8768,68.812
19.29150635499991,21.83808,68.906
19.30375399500008,21.83808,68.687
19.315774589000284,21.8768,68.843
19.32772804399974,21.83808,69.25
19.339763422000033,21.79936,68.812
19.351963637000154,21.721919999999997,69.093
19.365572472000167,21.721919999999997,68.906
19.37884228799976,21.76064,68.625
19.392564822000168,21.79936,69.156
19.406822347999878,21.83808,68.812
19.419721465000293,21.8768,69.093
19.43216607100021,21.8768,69.125
19.445293226999638,21.8768,68.812
19.45792119900034,21.8768,68.968
19.471853658999862,21.83808,69.281
19.483732104999945,21.83808,69.062
19.496116901000278,21.79936,68.875
19.508742474000428,21.83808,69.156
19.521083141000418,21.83808,68.843
19.533607110000048,21.8768,69.031
19.54608522200033,21.8768,68.812
19.558451810000406,21.91552,68.968
19.57123489100013,21.954240000000002,68.875
19.583530181000242,21.954240000000002,69.25
19.596066566000445,21.99296,68.781
19.608238460999928,21.99296,69.062
19.62041429100009,22.03168,68.812
19.63282792100017,22.03168,68.843
19.645586329000253,22.070400000000003,69.156
19.657991830000356,21.954240000000002,68.812
19.6695953870003,21.8768,68.906
19.68076846599979,21.79936,68.656
19.693546907000382,21.79936,68.625
19.70771767899987,21.79936,68.687
19.721394995000082,21.83808,68.75
19.734969428000113,21.8768,68.937
19.747680634999597,21.91552,68.75
19.76037641699986,21.91552,68.75
19.773404722000123,21.91552,69.0
19.786298846000136,21.8768,69.218
19.798699515000408,21.8768,69.187
19.812025492999965,21.83808,68.906
19.824494292000054,21.83808,69.156
19.837613992000115,21.83808,68.875
19.85044225799993,21.83808,69.0
19.862384001000464,21.83808,69.406
19.873894850999932,21.6832,68.812
19.88608335400022,21.721919999999997,69.125
19.89850315900003,21.76064,69.031
19.91089099600049,21.79936,68.843
19.922849380000116,21.79936,69.031
19.935580459000448,21.83808,69.281
19.94769788800022,21.83808,68.875
19.96005925999998,21.8768,69.031
19.97212551800021,21.8768,68.75
19.984105471000476,21.83808,69.156
19.99609649499962,21.79936,68.843
20.008100095999907,21.76064,68.812
20.021594335000373,21.76064,68.843
20.035251682999842,21.76064,68.687
20.048764449999908,21.79936,68.968
20.062591466999947,21.83808,68.687
20.07509860400023,21.8768,68.937
20.087282497999695,21.8768,68.875
20.100326099000085,21.83808,69.187
20.111770163000074,21.83808,68.843
20.12399761100005,21.83808,69.156
20.137826099999984,21.79936,68.968
20.150230449000446,21.76064,69.0
20.16289144700022,21.79936,69.0
20.175427576000402,21.83808,69.281
20.188296418999926,21.83808,68.968
20.201054956000007,21.83808,69.187
20.21367675199963,21.8768,69.156
20.22646709699984,21.91552,68.812
20.238623598999766,21.91552,69.156
20.25135451799997,21.954240000000002,69.25
20.263375878999796,21.954240000000002,68.937
20.275496604000182,21.99296,69.156
20.287859703999857,21.99296,68.75
20.299974700000348,21.99296,69.062
20.31214979499964,21.91552,68.781
20.324129618999905,21.91552,69.156
20.337799734999862,21.79936,68.75
20.351323478999802,21.79936,68.687
20.36497941899961,21.83808,68.875
20.377615006999804,21.8768,68.968
20.392006809000122,21.8768,68.718
20.404714111999965,21.91552,68.937
20.416819732000477,21.91552,69.125
20.429672062999998,21.91552,68.906
20.441985722000027,21.8768,69.125
20.45416206400023,21.8768,68.812
20.465789396999753,21.76064,68.781
20.478290357999867,21.721919999999997,68.875
20.490977116000067,21.721919999999997,69.218
20.503595168000174,21.76064,68.781
20.516477963999932,21.76064,69.156
20.52920824299963,21.79936,69.093
20.541798422000284,21.83808,68.843
20.554858727000465,21.8768,69.0
20.567003709000346,21.8768,69.437
20.57956950300013,21.91552,68.937
20.59158942399972,21.954240000000002,69.125
20.603682980000485,21.954240000000002,69.031
20.616101986000103,21.954240000000002,68.687
20.628415195999878,21.99296,69.0
20.64036845999999,21.8768,69.312
20.65243065499999,21.8768,68.718
20.666426540999964,21.721919999999997,68.718
20.680000942000333,21.76064,68.906
20.69316307400004,21.721919999999997,68.625
20.706853126999704,21.76064,68.625
20.721812370999942,21.79936,69.125
20.73411719700016,21.83808,68.75
20.746878228999776,21.83808,69.156
20.759685535000244,21.83808,68.875
20.77252186500027,21.83808,68.937
20.787024070999905,21.79936,68.968
20.799762958999963,21.76064,69.343
20.81266997900002,21.76064,69.156
20.825244157999805,21.79936,68.875
20.83811856900047,21.79936,69.125
20.850596297000266,21.79936,68.843
20.863301262999812,21.83808,68.968
20.874931893000394,21.8768,69.312
20.886844130999634,21.8768,68.875
20.89891861399974,21.8768,68.906
20.911785281000448,21.91552,69.0
20.92415830200025,21.954240000000002,68.75
20.93615588600005,21.954240000000002,68.968
20.948638382000354,21.954240000000002,69.218
20.961104013000295,21.954240000000002,68.968
20.973088734000157,21.8768,69.218
20.985103119000087,21.83808,69.062
20.99873093000042,21.79936,68.718
21.012314546999733,21.79936,68.843
21.02560932400047,21.83808,68.781
21.04084956800034,21.8768,68.906
21.054425409000032,21.91552,69.093
21.06720535400018,21.76064,68.687
21.078768397000204,21.79936,68.875
21.09046846900037,21.79936,68.812
21.103118809999614,21.76064,69.25
21.118680088000474,21.76064,68.875
21.130848429999787,21.721919999999997,69.125
21.14380405999964,21.721919999999997,69.031
21.156553859999804,21.721919999999997,68.875
21.169068965000406,21.76064,69.0
21.181956624999657,21.76064,69.281
21.194515827000032,21.79936,68.968
21.20595381000021,21.83808,69.156
21.218497492000097,21.8768,68.937
21.23044518700044,21.91552,69.25
21.2429333150003,21.91552,68.937
21.25509183200029,21.954240000000002,69.281
21.267403763000402,21.954240000000002,68.937
21.279642954999872,21.954240000000002,69.125
21.29171225400023,21.954240000000002,69.031
21.30370407800001,21.8768,69.125
21.315820578999592,21.83808,68.718
21.329148603999784,21.79936,69.187
21.342930179999712,21.83808,68.781
21.35626031799984,21.83808,68.781
21.370362990999638,21.8768,68.968
21.38331679699968,21.91552,68.75
21.396163559999877,21.91552,68.781
21.408728938000422,21.91552,68.906
21.421135528000377,21.91552,69.25
21.43266087400025,21.8768,69.156
21.447657431000152,21.8768,68.937
21.45988340599979,21.83808,69.031
21.472904479000135,21.83808,68.812
21.4854112310004,21.8768,68.937
21.49834410800031,21.8768,69.0
21.511227512000005,21.91552,69.187
21.52362414900017,21.954240000000002,68.875
21.536150742000245,21.99296,69.093
21.548293324000042,21.99296,69.0
21.561209464000058,21.99296,69.062
21.573299435999616,22.03168,68.937
21.585781900000256,22.03168,69.218
21.597856510999918,22.03168,68.75
21.610029301000395,22.03168,69.031
21.621977732000232,21.954240000000002,68.875
21.633885041999747,21.91552,68.843
21.647162762000335,21.83808,68.781
21.66165367099984,21.8768,69.0
21.67523645700021,21.76064,68.843
21.68870010200044,21.76064,68.625
21.703506285000003,21.76064,68.625
21.716166385999713,21.79936,68.875
21.728884856999684,21.79936,69.187
21.741747908000434,21.79936,68.875
21.754153537999628,21.79936,69.156
21.769065164000494,21.76064,69.156
21.78152135399978,21.76064,68.937
21.79385312500017,21.721919999999997,69.0
21.806559180000477,21.76064,68.906
21.819163406999905,21.76064,69.281
21.831466216999615,21.79936,68.906
21.844076717000462,21.83808,69.093
21.856629357999736,21.83808,69.062
21.869249266000224,21.8768,68.75
21.88130029199965,21.83808,69.406
21.89267913799995,21.8768,69.156
21.904909370000496,21.8768,68.906
21.917255348999788,21.91552,69.093
21.929437003999737,21.91552,68.781
21.941923594999935,21.954240000000002,69.062
21.953869177999877,21.8768,69.343
21.965842282000267,21.83808,68.781
21.979105762000472,21.76064,69.125
21.99091738900006,21.76064,68.718
22.003152580999995,21.79936,68.718
22.016582784999628,21.79936,68.875
22.030605584000114,21.8768,68.937
22.043138416999682,21.8768,69.187
22.055728788000124,21.8768,68.843
22.068697603000146,21.8768,69.062
22.081507116000466,21.8768,69.062
22.09412299199994,21.83808,68.781
22.105989341000168,21.83808,69.062
22.11834335200001,21.79936,69.25
22.131076734999624,21.83808,68.937
22.143360601000495,21.83808,69.187
22.155536942999788,21.8768,68.937
22.16806142400037,21.91552,69.125
22.180655922999904,21.91552,69.093
22.193432123000093,21.954240000000002,69.25
22.205592240999977,21.954240000000002,69.093
22.21830434399999,22.03168,69.187
22.23053201499988,22.03168,68.906
22.24281604099997,22.03168,69.031
22.25477941600002,22.03168,68.75
22.26712529999986,21.954240000000002,69.156
22.279267881000123,21.8768,68.781
22.291290266000033,21.83808,69.031
22.303430607000337,21.76064,68.843
22.316852107999694,21.76064,68.843
22.32934007499989,21.76064,68.843
22.343018960000336,21.79936,69.156
22.35731882300024,21.8768,68.843
22.369873896999707,21.8768,68.906
22.382437131000188,21.8768,69.062
22.395021870000164,21.8768,68.781
22.40738474600039,21.8768,68.937
22.419939946999875,21.83808,68.968
22.434194688999924,21.83808,69.25
22.446588189999602,21.79936,68.875
22.458913657000267,21.83808,69.156
22.47176096400017,21.8768,69.156
22.48403714899996,21.8768,68.875
22.49654383699999,21.91552,68.968
22.509231203000127,21.91552,69.281
22.521812070000124,21.954240000000002,68.875
22.533787446000133,21.954240000000002,69.281
22.546525628999916,21.99296,68.843
22.55882280700007,21.99296,69.031
22.570810854999763,22.03168,69.031
22.583084928000062,22.03168,69.218
22.595666434999657,22.070400000000003,68.968
22.607603729999937,21.954240000000002,69.281
22.619662787999914,21.954240000000002,68.687
22.631746776,21.8768,68.968
22.64511678600047,21.8768,68.875
22.65958875100023,21.91552,68.812
22.674447671000053,21.91552,69.0
22.68813964400033,21.91552,68.968
22.700852066999687,21.8768,68.75
22.713997941999878,21.8768,68.968
22.726975364999817,21.8768,68.843
22.73829804900015,21.83808,69.25
22.753991458999735,21.83808,68.875
22.766218267000113,21.79936,69.125
22.77857736599981,21.79936,68.906
22.791131320000204,21.79936,68.843
22.803741980000268,21.83808,69.062
22.816473859000325,21.83808,69.343
22.828983907000293,21.8768,69.0
22.84167514500041,21.91552,69.218
22.854106855000282,21.954240000000002,68.968
22.866054326000267,21.91552,69.093
22.87800563699966,21.8768,68.781
22.889530215000377,21.83808,69.187
22.90192313999978,21.83808,68.812
22.914285247999942,21.83808,69.0
22.92648850200021,21.8768,68.843
22.93844807000005,21.79936,69.093
22.950408341000184,21.79936,68.687
22.963886163000097,21.6832,69.25
22.9776044729997,21.721919999999997,68.812
22.9910943269997,21.721919999999997,68.656
23.005002851000427,21.76064,68.937
23.01922901600028,21.79936,68.75
23.03180815399992,21.83808,68.75
23.044894155999827,21.83808,68.968
23.05766984500042,21.83808,69.281
23.070607841999845,21.79936,68.906
23.085575342000084,21.79936,68.906
23.097688994000237,21.721919999999997,69.062
23.11080334899998,21.76064,68.968
23.123545180000292,21.76064,69.187
23.136339204999786,21.79936,69.062
23.148304244999963,21.79936,69.187
23.160895768000046,21.83808,68.843
23.173297268999704,21.8768,69.062
23.185863863000122,21.91552,69.25
23.197856902999774,21.954240000000002,69.375
23.210535277000417,21.954240000000002,69.031
23.222891047999838,21.954240000000002,69.125
23.235116863999792,21.954240000000002,68.781
23.247472187000312,21.954240000000002,69.031
23.259841719999713,21.8768,68.843
23.271776902000056,21.8768,69.0
23.28384696900048,21.79936,68.937
23.29717265799991,21.83808,69.093
23.31081253299999,21.83808,68.937
23.324973671999942,21.8768,68.75
23.338743567000165,21.91552,68.781
23.351496246999886,21.91552,68.968
23.36436384300032,21.91552,69.25
23.377159788000426,21.91552,68.937
23.390034390999972,21.91552,69.125
23.40221844500047,21.8768,69.125
23.416390272999706,21.83808,68.906
23.42866626599971,21.83808,69.031
23.441383745000167,21.83808,68.968
23.453981124000165,21.8768,69.312
23.466788173000168,21.79936,69.093
23.481471568000416,21.79936,68.812
23.49460915600048,21.79936,68.968
23.507219047000035,21.83808,69.343
23.51936985300017,21.83808,69.093
23.53245604699987,21.8768,68.875
23.544850762999886,21.8768,69.093
23.556854331999602,21.91552,68.781
23.56925970500015,21.91552,69.0
23.581629205000354,21.91552,68.812
23.59364099800041,21.83808,69.062
23.605841565000446,21.83808,69.062
23.618835627999943,21.76064,69.062
23.631890300999657,21.76064,68.687
23.645432541000446,21.79936,68.937
23.657601042999886,21.83808,68.968
23.67206500700013,21.8768,69.093
23.685399656999834,21.83808,68.843
23.69813582400002,21.83808,68.75
23.7110196120002,21.79936,69.031
23.72377773199969,21.79936,69.0
23.738610506999976,21.79936,69.343
23.751234287000443,21.721919999999997,68.937
23.762791858000128,21.721919999999997,69.187
23.775386164999873,21.76064,68.875
23.787644461000127,21.76064,69.156
23.800483607999922,21.79936,68.875
23.812063387000308,21.83808,68.812
23.824798882999858,21.8768,69.0
23.837292289999823,21.91552,69.25
23.849301971000386,21.91552,69.0
23.862034265999682,21.91552,69.0
23.874393942000097,21.91552,68.781
23.885671791999812,21.91552,68.968
23.898441399999683,21.91552,69.218
23.910740369999985,21.91552,69.312
23.922703842000374,21.83808,69.156
23.934643024000252,21.83808,68.906
23.94834459699996,21.76064,68.718
23.96222652800043,21.76064,68.656
23.975885570999708,21.76064,69.125
23.990936721999788,21.83808,68.718
24.003557652999916,21.83808,69.125
24.015279420999832,21.8768,68.875
24.027851646999807,21.83808,69.062
24.040550661000452,21.8768,68.968
24.05295216200011,21.83808,69.281
24.068891980000444,21.721919999999997,69.125
24.081798103999972,21.6832,68.781
24.094211765999717,21.644479999999998,69.031
24.10654257599981,21.644479999999998,68.781
24.11975261400039,21.6832,68.843
24.13270709199969,21.6832,69.031
24.14522430800025,21.721919999999997,69.218
24.158075102999646,21.76064,68.937
24.170438459000252,21.83808,69.187
24.182382185999813,21.83808,69.125
24.194870281000476,21.8768,68.781
24.20697641300012,21.8768,68.968
24.21930104800049,21.8768,69.218
24.231341609999618,21.91552,68.843
24.2435688329997,21.8768,69.312
24.255521520000002,21.79936,68.843
24.267520256999887,21.76064,69.0
24.280990686999758,21.76064,68.812
24.29476832599994,21.76064,69.125
24.30806921400017,21.79936,69.125
24.323147469000105,21.83808,68.718
24.33576139300021,21.8768,69.0
24.348173581999617,21.83808,69.0
24.360757041000397,21.83808,69.281
24.37305130599998,21.83808,68.937
24.385133853000298,21.79936,68.875
24.400601528000152,21.79936,69.25
24.412951731999783,21.76064,68.906
24.425566070999594,21.79936,69.062
24.43788862600013,21.83808,69.437
24.45003024699963,21.83808,69.281
24.46261472900005,21.83808,68.968
24.474862273000326,21.8768,69.187
24.487468004999755,21.954240000000002,68.937
24.499768157999824,21.954240000000002,69.25
24.512524773999758,21.99296,68.812
24.524622777999866,21.99296,69.0
24.536846769000476,21.99296,69.187
24.54915655500008,22.03168,69.0
24.561696333000327,22.03168,68.937
24.573751807000008,21.954240000000002,69.156
24.585704621999867,21.91552,68.656
24.599136650999753,21.83808,68.875
24.612474468000073,21.83808,68.75
24.62652849999995,21.8768,68.968
24.638996050999594,21.91552,69.031
24.652868829,21.954240000000002,68.843
24.665428862000226,21.954240000000002,69.0
24.677847228000246,21.8768,69.187
24.690004336999664,21.83808,68.75
24.702831675000198,21.76064,68.75
24.718002700999932,21.721919999999997,69.093
24.730329191999772,21.721919999999997,69.062
24.74270473999968,21.6832,68.781
24.75533482300034,21.721919999999997,68.937
24.767672226000286,21.76064,69.312
24.78033034300006,21.76064,69.0
24.792813062000278,21.79936,69.156
24.805626544000006,21.83808,69.062
24.818212881999898,21.91552,68.812
24.83031325400043,21.8768,69.156
24.843120782999904,21.91552,69.187
24.855469289999746,21.954240000000002,68.937
24.867923497000447,21.954240000000002,69.156
24.880201633999604,21.954240000000002,68.968
24.892562525999892,21.99296,68.968
24.90453911700024,21.8768,69.437
24.915472573000443,21.8768,69.093
24.928935451000143,21.721919999999997,68.812
24.942579966000267,21.76064,68.656
24.9563605809999,21.76064,68.843
24.970016295999812,21.83808,68.906
24.98378327899991,21.83808,69.218
24.996378802000436,21.83808,69.0
25.009180987000036,21.8768,69.156
25.02236539200021,21.8768,69.156
25.034605640000336,21.83808,68.906
25.046997636000015,21.83808,69.031
25.059494275999896,21.76064,69.437
25.072113350999643,21.79936,68.937
25.084638248000374,21.79936,69.25
25.09681305400045,21.83808,69.156
25.10931814200012,21.83808,68.937
25.121957665999616,21.8768,69.156
25.134719145999952,21.91552,69.375
25.14716765600042,21.954240000000002,69.093
25.159180505000222,21.954240000000002,69.281
25.171777243999713,21.954240000000002,69.187
25.183909329000016,21.99296,68.875
25.196342893999827,21.99296,69.0
25.20845584200015,21.99296,68.812
25.220740572000068,21.99296,69.093
25.23289662499974,21.91552,69.343
25.24490233800043,21.83808,68.875
25.258260827999948,21.83808,68.718
25.271872670000448,21.79936,68.812
25.286406715999874,21.76064,68.812
25.299671892000333,21.79936,69.156
25.312776550000308,21.83808,68.75
25.325018397999884,21.83808,69.156
25.337683394999658,21.83808,69.093
25.35052257300049,21.83808,68.875
25.363084239000273,21.79936,69.031
25.37605673300004,21.79936,69.25
25.388205778000156,21.76064,69.281
25.401275012000042,21.76064,68.968
25.413806628999737,21.79936,69.156
25.426372005999838,21.79936,68.843
25.438941800000066,21.79936,69.0
25.451762898000197,21.83808,69.093
25.464075500000035,21.91552,69.281
25.476271778999944,21.91552,69.093
25.488203025000075,21.954240000000002,69.156
25.50051873099983,21.954240000000002,68.812
25.51257020600042,21.954240000000002,69.0
25.524985627000206,21.99296,69.375
25.53733330199975,21.99296,68.843
25.549405001000196,21.954240000000002,69.343
25.561688865999713,21.91552,69.031
25.57368293000036,21.83808,68.812
25.587184496999726,21.83808,68.968
25.60096792799959,21.83808,68.718
25.613303635000193,21.8768,69.125
25.626522440999906,21.91552,68.875
25.639319601999887,21.954240000000002,69.125
25.651768144000016,21.954240000000002,68.843
25.66471273299976,21.954240000000002,68.781
25.676787375999993,21.954240000000002,69.062
25.68919230099982,21.91552,69.281
25.703467843,21.8768,68.875
25.715376785000444,21.83808,69.156
25.727772238000398,21.79936,69.093
25.7404912840002,21.83808,68.906
25.75305285400009,21.83808,69.062
25.765695770000093,21.83808,69.406
25.778908623999996,21.8768,69.187
25.791534834999766,21.91552,68.937
25.804192599999624,21.954240000000002,69.187
25.81623149799998,21.954240000000002,68.968
25.828969809000228,21.99296,69.062
25.841004802000498,21.99296,69.343
25.853425311999672,22.03168,68.906
25.86547819400039,22.03168,69.093
25.877799947999847,21.954240000000002,69.062
25.88961989499967,21.83808,68.906
25.901709194000432,21.79936,68.843
25.913394705000428,21.721919999999997,69.156
25.92705080399992,21.76064,68.812
25.939827547999812,21.76064,68.718
25.953873708000174,21.79936,69.0
25.967171844000404,21.83808,68.75
25.97971126900029,21.83808,68.843
25.99265508999997,21.8768,68.968
26.00567772999966,21.8768,69.281
26.016946908000136,21.83808,68.937
26.02899399800026,21.83808,69.156
26.041570735999812,21.76064,68.906
26.05399751799996,21.79936,69.062
26.066274023000005,21.79936,69.031
26.07868938000047,21.83808,69.312
26.091380810000373,21.83808,69.062
26.104026861999955,21.8768,69.187
26.11701839699981,21.91552,68.968
26.129724675000034,21.954240000000002,69.156
26.141814581999824,21.99296,69.125
26.153961195000193,21.99296,69.187
26.166133409000395,21.99296,68.843
26.178356280000116,22.03168,69.156
26.190589808000368,22.03168,68.781
26.202803815000152,22.03168,69.187
26.21481999200023,21.954240000000002,68.968
26.226906058999703,21.8768,69.25
26.240482987000178,21.83808,68.812
26.254434456000126,21.8768,69.031
26.2665912450002,21.8768,68.718
26.279160047000005,21.954240000000002,69.062
26.29153501899964,21.954240000000002,69.0
26.303746562000015,21.99296,69.343
26.316913333999764,21.99296,68.906
26.32976092900026,21.99296,69.312
26.34218835000047,21.954240000000002,69.125
26.356902722000086,21.954240000000002,68.906
26.36891281899989,21.8768,69.031
26.38174194899966,21.91552,69.031
26.394529701000465,21.91552,69.312
26.407160425000257,21.954240000000002,68.968
26.41958640699977,21.954240000000002,69.281
26.430967172000237,21.99296,68.937
26.443487491999804,21.99296,69.093
26.456373103999795,21.99296,69.562
26.468554213999596,22.03168,69.0
26.480174411000007,21.954240000000002,69.093
26.491774479000014,21.91552,68.781
26.503757374999623,21.954240000000002,69.093
26.516161436000402,21.954240000000002,68.968
26.528521334999823,21.954240000000002,68.937
26.54049943100017,21.8768,69.125
26.552545689,21.83808,69.062
26.565269470999738,21.79936,68.843
26.57881478299987,21.79936,68.687
26.592440802000056,21.79936,68.875
26.605453936999766,21.8768,68.906
26.619692518000193,21.8768,69.125
26.631900029000462,21.8768,68.937
26.644861163000314,21.8768,69.156
26.657851834000212,21.91552,69.156
26.67049619000045,21.8768,69.125
26.686519114000475,21.8768,69.343
26.698166639000192,21.79936,68.968
26.709610382999927,21.76064,69.156
26.722211248999884,21.76064,68.812
26.73494172000028,21.79936,69.093
26.74785533300019,21.79936,69.0
26.760583915000097,21.83808,68.812
26.773213647000375,21.8768,69.0
26.785615372000393,21.91552,69.343
26.797600603999854,21.91552,69.031
26.810149916999762,21.91552,69.062
26.822292785999707,21.954240000000002,68.843
26.83454852199975,21.954240000000002,69.031
26.846608924000066,21.954240000000002,69.281
26.858528425999793,21.954240000000002,69.125
26.870443192000494,21.91552,69.375
26.882493609999983,21.83808,69.156
26.896049578000202,21.79936,68.812
26.908381027999894,21.79936,68.843
26.922154570999737,21.79936,68.875
26.93647187500028,21.8768,69.218
26.94868559400038,21.8768,68.812
26.961243450999973,21.8768,68.906
26.974339532999693,21.8768,69.093
26.987160630999824,21.91552,68.937
26.99976620199959,21.8768,69.406
27.014710403999743,21.83808,69.031
27.026618769999914,21.79936,69.281
27.038933068000006,21.83808,68.937
27.05138701800024,21.83808,69.156
27.063910091000253,21.8768,69.062
27.076277094000034,21.83808,69.375
27.089314806999937,21.79936,68.875
27.102006588000222,21.83808,69.156
27.114591806000135,21.8768,68.937
27.126526989000013,21.8768,69.218
27.13919230600004,21.91552,69.093
27.15113952000047,21.91552,69.281
27.16351666799983,21.954240000000002,68.875
27.175527020999652,21.954240000000002,69.125
27.18747522800004,21.91552,68.875
27.199728339999638,21.8768,69.187
27.211841127999833,21.79936,68.812
27.22544407300029,21.79936,68.75
27.239076011999714,21.79936,68.906
27.252728303000367,21.83808,68.812
27.267781597000067,21.8768,69.125
27.27941027399993,21.91552,68.968
27.291619481000453,21.91552,69.062
27.304461187000015,21.91552,69.0
27.317065285999888,21.91552,69.406
27.329433089000304,21.8768,69.0
27.3437256240004,21.8768,69.062
27.356085108000116,21.83808,69.125
27.368820026999856,21.83808,68.937
27.381257240000195,21.8768,69.125
27.393402220999633,21.8768,69.437
27.40585162699972,21.91552,69.062
27.418279944999995,21.954240000000002,69.25
27.430867658999887,21.99296,69.156
27.442977534999955,21.99296,69.031
27.455465277999792,22.03168,69.062
27.46750471999985,22.03168,69.375
27.47975373600002,22.070400000000003,68.968
27.492089891000433,22.070400000000003,69.218
27.504700358000264,22.070400000000003,68.906
27.51665720500023,21.99296,69.125
27.528597059000276,21.99296,68.875
27.542205828999613,21.8768,69.312
27.5555494070004,21.91552,68.906
27.56786799299971,21.91552,68.781
27.581012364000344,21.954240000000002,69.093
27.595747121000386,21.99296,69.093
27.608223184000053,21.99296,68.843
27.619900214000154,21.99296,69.0
27.632470808000107,21.99296,69.343
27.644641869000225,21.954240000000002,68.937
27.65681641900028,21.954240000000002,69.156
27.66928435400041,21.91552,69.125
27.68319575700025,21.76064,68.75
27.696290175000286,21.76064,68.906
27.709018149000258,21.721919999999997,69.218
27.721618952000426,21.76064,69.25
27.73416932100008,21.76064,68.937
27.746567717999824,21.83808,69.156
27.75885983900025,21.8768,68.906
27.771519234999687,21.8768,69.218
27.783746715000234,21.91552,69.375
27.795926832999612,21.91552,69.062
27.808248426999853,21.954240000000002,69.125
27.820203674000368,21.954240000000002,69.062
27.832498675000352,21.954240000000002,68.781
27.844666183999834,21.8768,69.062
27.856626615000096,21.8768,69.218
27.868767244000082,21.79936,68.937
27.88195856099992,21.83808,69.062
27.895675718000348,21.83808,68.906
27.90914259500005,21.79936,68.968
27.923456059000273,21.83808,68.781
27.93572149099964,21.8768,68.937
27.948309684999913,21.8768,69.218
27.961350501999732,21.8768,68.906
27.973895367000296,21.83808,69.218
27.986355301000003,21.83808,69.156
27.997871782000402,21.83808,69.156
28.01037037399965,21.79936,69.093
28.022923462999643,21.79936,69.406
28.035479625000335,21.83808,69.031
28.048250769000333,21.83808,69.281
28.060920982000425,21.83808,69.093
28.07349080699987,21.8768,68.906
28.086293983999894,21.954240000000002,69.062
28.098575609000363,21.954240000000002,69.531
28.11108700099976,21.99296,69.0
28.12313901899961,21.99296,69.187
28.135602282000036,21.99296,69.062
28.14796707700043,21.99296,68.718
28.160133786000188,21.99296,69.031
28.172111914000197,21.91552,69.406
28.18407512900012,21.8768,68.843
28.197225068999614,21.79936,69.156
28.210758060000444,21.83808,68.937
28.22307335000005,21.83808,68.718
28.236836140999912,21.8768,68.937
28.249980511999638,21.91552,69.218
28.261368188999768,21.91552,69.187
28.274256392999632,21.91552,68.875
28.287457630000063,21.83808,69.093
28.3003297690002,21.79936,68.843
28.315106351000395,21.79936,68.812
28.327542603999973,21.79936,69.156
28.340294196000286,21.721919999999997,69.187
28.353063739999925,21.76064,69.187
28.365586588000042,21.76064,68.968
28.377817075000166,21.79936,69.156
28.390445175000423,21.79936,68.937
28.40275179299988,21.83808,69.031
28.41547563899985,21.8768,69.281
28.42771390300004,21.8768,69.406
28.44031611399987,21.91552,68.937
28.45244250199994,21.91552,69.156
28.464709726000365,21.954240000000002,68.937
28.477139483999963,21.954240000000002,68.875
28.489243566999903,21.954240000000002,69.281
28.501202430000376,21.8768,68.968
28.513135500000317,21.8768,68.781
28.526736718000393,21.76064,69.031
28.540042694000476,21.79936,68.687
28.553498307000154,21.79936,69.125
28.567129670000213,21.83808,68.875
28.579668133999803,21.8768,69.125
28.592375019999963,21.91552,68.937
28.604720487000122,21.91552,69.062
28.6168771800003,21.91552,69.156
28.629564738000226,21.91552,69.375
28.64195369400022,21.8768,69.031
28.654640003000168,21.83808,69.312
28.666968669999733,21.83808,68.968
28.67972730099973,21.8768,68.968
28.69198569299988,21.8768,69.125
28.703774823000458,21.8768,69.5
28.716114242000003,21.83808,68.968
28.728143090999765,21.83808,69.218
28.7406289139999,21.8768,68.968
28.753390073000446,21.8768,69.281
28.76571323600001,21.91552,69.031
28.77793626699986,21.91552,68.875
28.79065438500038,21.954240000000002,69.031
28.802644129000328,21.954240000000002,69.218
28.81496639499983,21.99296,68.906
28.827118735999647,21.91552,69.093
28.839117856000485,21.8768,68.812
28.85167462499976,21.79936,69.031
28.86502930700044,21.79936,68.843
28.877249041999676,21.79936,69.062
28.89149165500021,21.83808,69.031
28.90451867899992,21.79936,68.75
28.917584327999975,21.76064,69.0
28.930363024000144,21.79936,68.875
28.943159512999955,21.79936,69.312
28.955790011999852,21.79936,69.0
28.968485473999863,21.76064,69.187
28.98104889899969,21.76064,68.937
28.99309253299998,21.721919999999997,69.156
29.005553042999964,21.76064,68.875
29.018108211999788,21.76064,69.375
29.0308854040004,21.76064,69.093
29.043176854000194,21.79936,69.25
29.05615427599969,21.83808,69.0
29.06761152299987,21.8768,69.125
29.079880731999765,21.8768,69.062
29.091817514000468,21.91552,69.062
29.10454763300004,21.954240000000002,69.312
29.116574050000054,21.954240000000002,68.937
29.128981982999903,21.954240000000002,69.218
29.14100123099979,21.99296,69.156
29.15303952100021,21.954240000000002,68.843
29.165034737000497,21.91552,69.0
29.177050657999644,21.83808,69.312
29.190448860999823,21.83808,68.812
29.202951708,21.83808,68.906
29.216454618999705,21.8768,69.062
29.2306674069996,21.91552,68.812
29.24338277300012,21.954240000000002,68.843
29.25592955800039,21.91552,68.937
29.26885667500028,21.91552,69.218
29.281404547999955,21.91552,69.031
29.29384467300042,21.8768,68.968
29.307967923000433,21.8768,69.156
29.3208184289997,21.83808,68.843
29.333701544000178,21.83808,69.406
29.34635370900014,21.8768,69.062
29.358562594999967,21.8768,69.218
29.371007968999947,21.91552,68.968
29.38374727199971,21.954240000000002,69.156
29.396384779999607,21.99296,68.937
29.408574977999706,21.99296,69.656
29.421162564000042,22.03168,69.0
29.433364731000438,22.03168,69.312
29.445626706999974,22.03168,68.968
29.45793089200015,22.070400000000003,69.031
29.470283814999675,22.070400000000003,68.937
29.48233183299999,21.91552,68.968
29.49433735399998,21.83808,69.218
29.506345722000333,21.76064,69.062
29.519675090999954,21.79936,68.781
29.533431384999858,21.79936,68.906
29.546371270000236,21.83808,69.0
29.559879141000238,21.8768,69.281
29.572354468000412,21.91552,68.968
29.58481853000012,21.91552,69.25
29.597729390000495,21.91552,69.187
29.61051999099982,21.91552,69.0
29.62465133600017,21.8768,69.093
29.637690040000052,21.83808,69.125
29.650106228999903,21.83808,69.343
29.662877661000493,21.8768,69.062
29.675380540999868,21.8768,69.25
29.688230566999664,21.8768,69.218
29.701796231000117,21.91552,68.906
29.714628081000228,21.954240000000002,69.125
29.726479771999948,21.954240000000002,69.375
29.738831990999643,21.91552,69.156
29.75064976199974,21.954240000000002,69.187
29.762752405000356,21.954240000000002,68.906
29.77492673100005,21.954240000000002,69.125
29.78734976800024,21.99296,69.0
29.799549309999747,21.99296,69.468
29.81150727699969,21.91552,69.125
29.823429691000456,21.91552,69.125
29.837169696000274,21.79936,68.812
29.850525785999707,21.79936,68.718
29.864206365999962,21.79936,68.906
29.87835032000021,21.8768,69.0
29.892474401000072,21.8768,69.156
29.904745273000117,21.8768,68.843
29.917476960000386,21.83808,69.125
29.929369133000364,21.83808,69.062
29.94203656100035,21.83808,68.968
29.95438020399979,21.79936,69.062
29.967137396,21.76064,69.312
29.97964328299986,21.76064,69.218
29.992382905999875,21.79936,68.968
30.005015230000026,21.79936,69.187
30.017825574999733,21.83808,69.031
30.030273571999714,21.8768,69.062
30.042995978999897,21.91552,69.375
30.055151647999992,21.954240000000002,69.031
30.067224338000415,21.954240000000002,69.062
30.079772947000492,21.954240000000002,69.0
30.091707360999862,21.83808,68.75
30.103332614000465,21.83808,68.906
30.115486427000178,21.8768,69.25
30.127482955000232,21.8768,69.0
30.139364118999765,21.83808,69.156
30.151286405000064,21.79936,68.812
30.16368428900023,21.721919999999997,69.062
30.176822452000124,21.721919999999997,68.968
30.190459063000162,21.76064,69.187
30.20395941300012,21.76064,69.156
30.218244298999707,21.83808,68.812
30.2308472779996,21.83808,69.156
30.24334970899963,21.8768,68.906
30.256250520999856,21.8768,69.468
30.26894998300031,21.83808,68.968
30.281438109999726,21.83808,69.25
30.295914297999843,21.76064,69.218
30.308513533000223,21.76064,68.906
30.32137245499962,21.79936,69.156
30.334063661000073,21.79936,68.875
30.346427911999854,21.83808,69.375
30.359356820000357,21.83808,69.125
30.37197772000036,21.91552,69.281
30.38434309100012,21.954240000000002,68.968
30.396382820000326,21.954240000000002,69.281
30.40894518999994,21.954240000000002,68.843
30.421350114000234,21.954240000000002,69.062
30.43335067499993,21.99296,69.343
30.445780304000436,21.99296,69.125
30.458241805999933,21.99296,69.125
30.47018930900049,21.8768,69.187
30.48218487699978,21.8768,68.843
30.496183129999736,21.79936,69.312
30.509435089000362,21.83808,68.812
30.523153461999755,21.83808,69.031
30.537141570999665,21.8768,69.031
30.549912458999643,21.91552,68.937
30.56223670899999,21.91552,69.093
30.57526427599987,21.91552,69.031
30.58806895700036,21.91552,69.437
30.600924807999945,21.8768,68.968
30.612732305999998,21.91552,69.25
30.624743938000393,21.83808,69.031
30.63714127900039,21.8768,69.156
30.649362709999878,21.8768,69.531
30.661816884000473,21.91552,69.093
30.673861764999856,21.91552,69.062
30.687159005000467,21.954240000000002,69.062
30.702314637999734,22.03168,69.187
30.715029332000086,22.03168,69.031
30.7273734219998,21.954240000000002,69.093
30.740198935999615,21.954240000000002,69.218
30.751243659000465,21.954240000000002,68.875
30.762725003000014,21.91552,69.125
30.77492883299965,21.954240000000002,68.718
30.78729446000034,21.954240000000002,69.187
30.79932961400027,21.8768,68.968
30.81152893200033,21.83808,68.906
30.82372354600011,21.76064,68.875
30.83721429599973,21.79936,69.125
30.850244774999737,21.79936,68.718
30.862612963000174,21.8768,68.937
30.87603558200044,21.8768,68.906
30.88867033800034,21.8768,69.343
30.901588718000312,21.91552,68.968
30.914514074999715,21.91552,68.968
30.927074684000218,21.8768,69.156
30.939632380999683,21.79936,68.843
30.95084462900013,21.79936,69.093
30.96324280099998,21.76064,69.437
30.97591685400039,21.76064,69.093
30.988301074000447,21.79936,69.281
31.000457926999843,21.83808,69.062
31.01304922500003,21.83808,69.0
31.02538986000036,21.8768,69.218
31.03829108700029,21.91552,69.5
31.050446500000362,21.91552,69.156
31.063005093000356,21.99296,69.312
31.074957843999982,21.99296,69.031
31.08715690600002,21.99296,69.187
31.099871727999925,21.99296,69.031
31.112118279999777,22.03168,69.468
31.124179897999966,21.91552,69.156
31.136202378000235,21.91552,69.156
31.149782442999822,21.83808,69.156
31.16347521500029,21.83808,68.781
31.175700165999842,21.83808,68.968
31.189156098999774,21.91552,69.375
31.202433305999875,21.91552,69.281
31.214919001000453,21.91552,69.0
31.22775395500048,21.954240000000002,69.187
31.240527433999887,21.954240000000002,69.0
31.252673983000022,21.91552,69.125
31.264751313000488,21.91552,68.906
31.27714004599966,21.83808,69.156
31.288307427999825,21.76064,69.25
31.301019114000155,21.76064,69.218
31.313994424000157,21.76064,68.968
31.326615867000328,21.76064,69.125
31.3389900709999,21.79936,69.031
31.351234318000024,21.83808,69.062
31.36378516700006,21.8768,69.062
31.376409233999766,21.8768,69.406
31.38875297300001,21.91552,69.0
31.4007202519997,21.91552,69.187
31.413128760999825,21.954240000000002,68.906
31.425086311000086,21.954240000000002,69.031
31.437535557000047,21.954240000000002,69.375
31.449509076999675,21.8768,68.968
31.46158544700029,21.8768,69.156
31.473983779000264,21.79936,69.156
31.48753670699989,21.79936,68.781
31.500451279000117,21.79936,69.218
31.514171636000356,21.83808,69.031
31.52811094400022,21.8768,69.156
31.540470298999935,21.91552,68.937
31.553172255999925,21.91552,68.968
31.565958344000137,21.91552,69.156
31.57863518100021,21.8768,69.437
31.590857508000227,21.8768,69.093
31.603647244999593,21.83808,69.343
31.616068489999634,21.83808,69.25
31.62903714300046,21.83808,68.937
31.641910178000217,21.83808,69.218
31.65423132399974,21.8768,69.062
31.66710147899994,21.8768,69.156
31.67932303700036,21.954240000000002,69.125
31.69211495000036,21.99296,69.312
31.70384494100017,21.99296,69.156
31.71657365200008,21.99296,69.156
31.728619045000414,21.954240000000002,68.937
31.741043457999695,21.91552,68.968
31.752808715000356,21.954240000000002,69.187
31.765228104000016,21.954240000000002,69.0
31.77725976900001,21.8768,69.156
31.78924048800036,21.8768,69.031
31.80200459200023,21.76064,68.875
31.815580847999627,21.79936,68.937
31.827883273000225,21.79936,68.843
31.84173857800033,21.83808,69.125
31.855818881999767,21.8768,69.093
31.86849325500043,21.8768,68.937
31.88092752400007,21.91552,69.062
31.893641226,21.83808,69.343
31.905986212999778,21.83808,68.937
31.918825165999806,21.76064,69.156
31.930354160000206,21.721919999999997,68.906
31.942927922000308,21.644479999999998,68.937
31.95597894599996,21.6832,69.093
31.968687687000056,21.721919999999997,69.375
31.980944447000184,21.76064,69.125
31.993085363999853,21.76064,69.406
32.006074881999666,21.79936,69.187
32.01835404299982,21.83808,68.968
32.03110909000043,21.8768,69.25
32.043138547000126,21.91552,69.562
32.05580162299975,21.91552,69.156
32.06779802300025,21.954240000000002,69.218
32.079924955000024,21.954240000000002,68.906
32.092220563999945,21.954240000000002,69.156
32.104522093000014,21.91552,68.937
32.11647602799985,21.8768,69.093
32.1285025090001,21.79936,69.031
32.141938280999966,21.83808,69.156
32.15581979400031,21.83808,69.093
32.1695218470004,21.8768,68.906
32.18396830599977,21.91552,68.875
32.19661582899971,21.91552,69.062
32.2095250250004,21.91552,69.437
32.222321514000214,21.91552,69.25
32.23547874900032,21.8768,68.937
32.24859899199964,21.8768,69.187
32.26165078400027,21.83808,68.937
32.27378114000021,21.83808,69.156
32.286390070999914,21.83808,69.062
32.298888373999944,21.8768,69.343
32.31187114000022,21.8768,69.125
32.324593641999854,21.91552,69.25
32.337544119000086,21.954240000000002,69.125
32.35006319100012,21.99296,69.031
32.36210666500028,21.99296,69.156
32.374322110999856,22.03168,69.25
32.38647179600048,22.03168,69.031
32.39854096599993,22.03168,69.187
32.41078322900012,22.03168,68.812
32.42302402099995,22.070400000000003,69.281
32.43498861199987,21.954240000000002,69.562
32.446966483000324,21.954240000000002,69.343
32.460908031000145,21.8768,68.937
32.474364059000436,21.91552,69.031
32.48753511900031,21.83808,68.906
32.50149161100035,21.79936,68.718
32.513627086999804,21.83808,68.906
32.5264606970004,21.83808,68.937
32.53971003100014,21.83808,69.156
32.55267318099959,21.83808,69.0
32.5650355759999,21.83808,68.875
32.579292876999716,21.79936,69.156
32.59151229199961,21.76064,69.343
32.6044844019998,21.79936,69.093
32.61686302100043,21.79936,69.093
32.62986981999984,21.83808,69.281
32.64249635099986,21.83808,69.0
32.65538980299971,21.8768,69.187
32.66807745599999,21.91552,69.468
32.680775572999664,21.91552,69.531
32.692939178000415,21.954240000000002,69.125
32.7064279440001,21.99296,69.156
32.719766625000375,21.99296,68.875
32.731460775000414,21.91552,69.156
32.74262348499997,21.8768,69.25
32.75445988000047,21.91552,68.937
32.76650264999989,21.83808,69.312
32.778547498999615,21.79936,69.093
32.791069290999985,21.76064,68.875
32.804898675000004,21.76064,68.968
32.81865324099999,21.79936,68.968
32.832981647999986,21.83808,69.312
32.84525738400043,21.8768,68.968
32.85747948700009,21.8768,69.0
32.87015395599974,21.8768,69.218
32.882816360000106,21.8768,69.0
32.89570581099997,21.8768,69.437
32.91147326999999,21.83808,69.125
32.92290936500012,21.76064,69.218
32.935680796999804,21.76064,69.0
32.94830057600029,21.76064,68.968
32.96068162699976,21.79936,69.156
32.97321478000049,21.79936,69.531
32.9858498550002,21.83808,69.093
32.998425153000426,21.8768,69.343
33.01095315299972,21.91552,69.125
33.022911535000276,21.91552,69.343
33.03556401900005,21.954240000000002,69.156
33.047532993999994,21.954240000000002,68.906
33.05976284099961,21.99296,69.0
33.07177383399994,21.99296,69.25
33.08376479300023,21.954240000000002,68.937
33.094867341999816,21.76064,69.156
33.10686255699966,21.76064,68.687
33.120876074999615,21.60576,68.718
33.13421267600006,21.644479999999998,68.937
33.14792672800013,21.6832,69.125
33.160574251999606,21.721919999999997,69.031
33.174623195000095,21.76064,68.843
33.18727827099974,21.76064,69.062
33.20004429399978,21.76064,69.125
33.21280798200041,21.76064,69.437
33.225019972000155,21.76064,69.062
33.237161592999655,21.76064,69.281
33.25018704800004,21.6832,69.093
33.26292516600006,21.721919999999997,69.156
33.27515491699978,21.721919999999997,69.156
33.28812299499987,21.721919999999997,69.562
33.30075250200025,21.76064,69.062
33.313485437000054,21.79936,69.375
33.32636320799975,21.83808,69.156
33.33878794100019,21.8768,69.0
33.35075669199978,21.8768,69.25
33.363472985000044,21.8768,69.343
33.375730736999685,21.91552,68.968
33.387717761000204,21.91552,69.218
33.399897622000026,21.91552,68.875
33.41215527799977,21.91552,69.343
33.42422857600013,21.83808,69.093
33.43622590399991,21.83808,69.468
33.449569065000105,21.76064,69.0
33.46325537299981,21.79936,69.187
33.47699569799988,21.79936,69.093
33.49242772300022,21.8768,69.156
33.50482928800011,21.8768,68.937
33.51732963900031,21.8768,69.093
33.53020395400017,21.8768,69.437
33.54264347099979,21.8768,69.062
33.55515975900016,21.83808,69.062
33.56982225600041,21.83808,69.218
33.582315278999886,21.79936,69.156
33.594967250999616,21.79936,69.531
33.6076951619998,21.83808,69.125
33.620238073999644,21.83808,69.375
33.6326624229996,21.83808,69.031
33.64499262499976,21.8768,69.187
33.65751755299971,21.91552,69.218
33.670195702000456,21.91552,69.062
33.68260776199986,21.954240000000002,69.093
33.69388663599966,21.83808,69.125
33.7055060319999,21.83808,68.906
33.717238680000264,21.8768,69.156
33.729992831000345,21.83808,68.781
33.7422315419999,21.79936,69.0
33.75362955499986,21.721919999999997,69.406
33.76535753099961,21.6832,68.906
33.77834426499976,21.60576,69.156
33.79178029299965,21.60576,69.0
33.80581301100028,21.644479999999998,68.75
33.819633115000215,21.6832,68.781
33.83274010900004,21.721919999999997,68.968
33.84533937499964,21.721919999999997,69.343
33.85817375199986,21.76064,69.218
33.87121988000035,21.76064,69.062
33.88381069800016,21.721919999999997,69.187
33.89811385699977,21.721919999999997,69.125
33.91052601299998,21.6832,69.531
33.92304498900012,21.6832,69.062
33.93567817599978,21.721919999999997,69.281
33.94776715500029,21.6832,69.031
33.96054473100048,21.6832,69.187
33.97296047100008,21.721919999999997,69.218
33.98555554500035,21.79936,69.562
33.998153114999695,21.83808,69.156
34.010074697000164,21.83808,69.406
34.02263258600033,21.8768,68.968
34.03492323499995,21.8768,69.156
34.046943090999775,21.8768,68.937
34.05914240899983,21.91552,69.031
34.071376992000296,21.91552,69.531
34.083364496000286,21.83808,69.375
34.09542608100037,21.79936,69.031
34.109832443000414,21.721919999999997,69.156
34.12313144299969,21.76064,68.937
34.136801333999756,21.79936,68.812
34.1499102480002,21.83808,68.968
34.16200700199988,21.83808,68.968
34.17456194700026,21.83808,69.187
34.187505511999916,21.83808,68.937
34.200834625000425,21.8768,69.187
34.21334339199984,21.83808,69.093
34.229040737000105,21.83808,69.468
34.24143378900044,21.76064,69.281
34.254362857999695,21.79936,68.968
34.26650614200025,21.83808,69.156
34.27945242700025,21.83808,68.937
34.29179802100043,21.76064,69.437
34.30490706300043,21.76064,69.0
34.316377590999764,21.76064,69.312
34.329227745000026,21.79936,69.125
34.34121047999997,21.83808,69.25
34.35373646399967,21.8768,68.968
34.3660589860001,21.8768,69.093
34.37844483699973,21.8768,69.468
34.39044408500013,21.8768,68.937
34.402408548000494,21.8768,69.406
34.41446062900013,21.79936,69.156
34.42661917799978,21.76064,68.937
34.44005290200039,21.721919999999997,69.125
34.45351366700015,21.76064,69.0
34.46674155999972,21.79936,69.187
34.481391065000025,21.83808,69.125
34.4941771849999,21.83808,69.062
34.50627669200003,21.83808,69.093
34.518929464000394,21.83808,68.968
34.53133243600041,21.83808,69.093
34.54370654400009,21.79936,69.062
34.557409811999605,21.79936,69.406
34.56955962400025,21.76064,69.031
34.58199917300044,21.79936,69.25
34.59349030999965,21.79936,69.062
34.606271853999715,21.79936,69.156
34.618533124999885,21.79936,69.406
34.631554612999935,21.8768,69.343
34.6442848910001,21.91552,69.093
34.65715341299983,21.91552,69.312
34.66944521400001,21.954240000000002,69.062
34.68163806800021,21.954240000000002,69.187
34.69389655499981,21.99296,69.375
34.705896538999696,21.99296,69.218
34.71867929899963,22.03168,69.093
34.731329991000166,21.91552,69.156
34.74355183700027,21.83808,68.906
34.75600869899972,21.79936,69.468
34.769717150999895,21.76064,68.937
34.78330716799974,21.76064,68.843
34.797663448000094,21.79936,69.125
34.812622049999845,21.83808,69.125
34.82530051899994,21.8768,68.937
34.837890153000444,21.8768,69.093
34.850811860999784,21.8768,69.375
34.863743713000076,21.8768,69.281
34.87636541200027,21.83808,69.093
34.88886992300013,21.79936,69.187
34.90010655599963,21.6832,68.906
34.91354418300034,21.6832,69.062
34.92586958500033,21.6832,69.343
34.93742558699978,21.6832,69.031
34.94927929500045,21.644479999999998,69.281
34.96222058700005,21.6832,69.187
34.975019540000176,21.76064,69.031
34.986512084000424,21.79936,69.156
34.99853936399995,21.79936,69.625
35.01112787800048,21.83808,69.031
35.02331577200039,21.83808,69.25
35.03535028500028,21.8768,69.031
35.04757536299985,21.8768,69.062
35.05972492000001,21.8768,69.093
35.07174218399996,21.79936,69.218
35.0838109059996,21.79936,69.0
35.097337881000385,21.721919999999997,69.218
35.110810006000065,21.76064,69.031
35.12439371799974,21.76064,68.812
35.140277692999916,21.83808,68.812
35.15319200900012,21.83808,69.093
35.16575517799993,21.8768,69.375
35.178869500000474,21.8768,69.343
35.19150425499993,21.8768,69.062
35.20395119600016,21.83808,68.968
35.21896893699977,21.83808,69.187
35.2311502700004,21.79936,69.437
35.24281737900037,21.79936,69.093
35.25583774700044,21.83808,69.218
35.2680034949999,21.83808,69.093
35.28098418100035,21.83808,69.218
35.29377276499963,21.91552,69.218
35.306692776999625,21.954240000000002,69.5
35.31881580499976,21.954240000000002,69.218
35.33144256000014,21.954240000000002,69.406
35.34341828699962,21.99296,69.062
35.35543667100046,21.99296,69.218
35.36777980199986,21.99296,68.906
35.37995259099989,21.99296,69.093
35.39189359700049,21.91552,69.375
35.40383287500026,21.8768,69.156
35.41711680200024,21.79936,68.968
35.430639551999775,21.79936,68.937
35.44426035400011,21.83808,69.093
35.458212012999866,21.8768,68.937
35.47253798800011,21.91552,69.312
35.485024259000056,21.91552,69.093
35.49685339000007,21.83808,69.156
35.5099194860004,21.79936,69.093
35.52253273699989,21.76064,68.937
35.5349524129997,21.721919999999997,69.125
35.547166899999866,21.76064,69.5
35.55958027199995,21.6832,69.125
35.572273013000085,21.721919999999997,69.218
35.58482859800006,21.721919999999997,69.218
35.597541564000494,21.76064,69.062
35.61029241800043,21.76064,69.156
35.62275772799967,21.79936,69.468
35.635222654000245,21.83808,69.156
35.647366355000486,21.8768,69.437
35.660093081000014,21.91552,69.218
35.67227492599977,21.91552,68.968
35.68462455200006,21.91552,69.156
35.696644536999884,21.954240000000002,69.343
35.708769036000376,21.954240000000002,69.062
35.72124906699992,21.8768,69.312
35.733703879999666,21.8768,68.968
35.748818807000134,21.721919999999997,68.843
35.76194813799975,21.721919999999997,68.781
35.77686357099992,21.721919999999997,69.187
35.79080265399989,21.79936,68.906
35.803398015999846,21.83808,69.187
35.81597862600029,21.83808,68.937
35.829198966999684,21.83808,68.937
35.842115106000165,21.83808,69.156
35.85442332399998,21.79936,69.468
35.869917590000114,21.79936,69.406
35.88215063700045,21.76064,69.125
35.894813681000414,21.76064,69.343
35.9078030390001,21.79936,69.093
35.92028076600036,21.79936,69.062
35.932466835000014,21.79936,69.156
35.94545782499972,21.79936,69.375
35.95822960900023,21.83808,69.062
35.97056816300028,21.8768,69.375
35.982524881000245,21.8768,69.156
35.99497118199997,21.91552,68.968
36.0071675879999,21.91552,69.031
36.01935157800017,21.954240000000002,69.343
36.03149905400005,21.954240000000002,69.031
36.04358726400005,21.954240000000002,69.406
36.0555167499997,21.8768,69.062
36.067437722999784,21.83808,69.156
36.07991810600015,21.79936,69.468
36.09352773899991,21.721919999999997,69.156
36.10709381800007,21.721919999999997,68.781
36.11998573300025,21.76064,69.156
36.131674219999695,21.76064,68.843
36.14391485099986,21.79936,69.093
36.156776237000486,21.79936,69.125
36.16952555500029,21.79936,69.375
36.18230149900046,21.79936,69.25
36.196393227000044,21.76064,69.0
36.2090959520001,21.721919999999997,69.25
36.22208812600002,21.721919999999997,69.0
36.23498093699982,21.721919999999997,69.5
36.24782872299966,21.76064,69.093
36.26056152900037,21.76064,69.406
36.273177596000096,21.79936,69.125
36.28470262100018,21.83808,69.218
36.29723673300032,21.91552,69.031
36.30929764699977,21.8768,69.281
36.32205109300048,21.91552,69.062
36.33442632100014,21.954240000000002,69.312
36.346481378000135,21.954240000000002,68.937
36.35894281600031,21.954240000000002,69.156
36.37153414600016,21.954240000000002,69.156
36.38345703899995,21.8768,69.281
36.395372220000354,21.8768,69.312
36.4083298329997,21.79936,69.343
36.421910953000406,21.79936,68.843
36.43566900699989,21.83808,68.968
36.450609208999595,21.91552,69.125
36.46266858600029,21.91552,68.906
36.47512848800034,21.91552,69.406
36.487835566000285,21.91552,69.031
36.500430512000094,21.91552,69.312
36.51289102099963,21.8768,68.937
36.52669374800007,21.8768,69.187
36.53867334700044,21.83808,69.25
36.5510449909998,21.83808,69.531
36.563550109999596,21.8768,69.156
36.57585707900034,21.91552,69.468
36.58827486700011,21.8768,69.125
36.60105938699962,21.954240000000002,69.218
36.61385789100041,21.954240000000002,69.25
36.62640826000006,21.99296,69.625
36.63905181500013,21.99296,69.062
36.65116924300037,21.954240000000002,69.343
36.663228620000154,21.954240000000002,68.906
36.67537347199959,21.99296,69.156
36.68735307099996,21.99296,68.937
36.69895685099982,21.8768,69.062
36.71110925500034,21.76064,69.406
36.72190443399995,21.721919999999997,69.062
36.73699571199995,21.60576,68.843
36.75040629900013,21.567040000000002,69.0
36.76362168000014,21.567040000000002,68.875
36.77784451600019,21.60576,69.281
36.79144042000007,21.644479999999998,69.218
36.80410976799976,21.6832,69.0
36.816904592000355,21.6832,69.156
36.829712953000126,21.6832,69.062
36.84243647899984,21.6832,68.968
36.856922682000004,21.644479999999998,69.093
36.869483739000316,21.60576,69.5
36.88221798500035,21.644479999999998,69.343
36.894554010999855,21.644479999999998,69.0
36.90716962999977,21.6832,69.281
36.92001495099976,21.6832,69.0
36.932839056000375,21.721919999999997,69.531
36.945103656000356,21.721919999999997,69.437
36.956600071999674,21.76064,69.437
36.968669529999715,21.76064,69.125
36.98165242400046,21.79936,69.187
36.993948929,21.79936,68.875
37.00620021600025,21.79936,69.156
37.01848667200011,21.83808,69.312
37.03078666500005,21.83808,69.093
37.042731511000056,21.76064,69.5
37.054574945999775,21.76064,68.937
37.06689727600042,21.6832,68.843
37.080586207000124,21.721919999999997,69.0
37.09377547500026,21.721919999999997,68.937
37.10749893600041,21.79936,69.281
37.120924435000234,21.79936,69.0
37.133545206000235,21.83808,69.031
37.14650237099977,21.79936,69.125
37.15808150900011,21.83808,69.0
37.17051472200001,21.79936,69.156
37.18297596800039,21.79936,69.437
37.19544134199987,21.76064,69.156
37.208026559000245,21.76064,69.25
37.22049231700021,21.79936,69.281
37.23309939200044,21.79936,69.125
37.2455594209996,21.79936,69.187
37.258024634999856,21.8768,69.468
37.27080464299979,21.91552,69.062
37.28314284499993,21.954240000000002,69.343
37.29515252500005,21.83808,69.218
37.307899090999854,21.8768,69.093
37.319310480999775,21.83808,69.062
37.33158112900037,21.8768,69.312
37.343769086000066,21.8768,68.937
37.355766861999655,21.8768,69.218
37.36768370699974,21.79936,69.062
37.37967034600024,21.79936,69.031
37.393384142000286,21.6832,69.062
37.40666717299973,21.721919999999997,69.281
37.4202171879997,21.721919999999997,68.906
37.43369369700031,21.76064,68.906
37.447377061000225,21.79936,69.156
37.459824130000015,21.79936,68.968
37.472670828000446,21.79936,69.5
37.485228683999594,21.79936,69.187
37.49751222899977,21.79936,69.375
37.51206589100002,21.76064,69.031
37.524194550000175,21.721919999999997,69.062
37.53702582300048,21.721919999999997,69.156
37.550054542,21.76064,68.937
37.56235914300032,21.76064,69.125
37.57515111900011,21.76064,69.093
37.588019961999635,21.79936,69.375
37.600597691000075,21.83808,69.062
37.61294206900038,21.8768,69.25
37.62486371399973,21.8768,69.156
37.63711391400011,21.91552,69.093
37.64923057299984,21.91552,69.281
37.6614347550003,21.954240000000002,69.0
37.673456882999744,21.954240000000002,69.156
37.68556109400015,21.954240000000002,69.062
37.69758792599987,21.8768,69.281
37.709660200000144,21.83808,69.125
37.72362770000018,21.79936,69.25
37.73728229399967,21.83808,69.093
37.75059658999999,21.79936,68.75
37.76406333799969,21.83808,68.843
37.77699224600019,21.83808,69.062
37.78962716099977,21.8768,69.468
37.80235689500023,21.8768,69.156
37.81610259599984,21.8768,69.062
37.827836299999944,21.8768,69.0
37.845430631000454,21.83808,69.343
37.857803330000024,21.79936,69.093
37.870223709999664,21.79936,69.5
37.883128522000334,21.83808,69.187
37.895929682000315,21.83808,69.375
37.90870360900044,21.721919999999997,68.937
37.9199796339999,21.76064,69.156
37.93262331799997,21.79936,68.875
37.944858763999946,21.79936,69.062
37.955677271999775,21.76064,69.5
37.96848383999986,21.83808,69.031
37.9808599629996,21.83808,69.25
37.99287604300025,21.8768,69.156
38.00537050599996,21.8768,68.843
38.017835784000454,21.8768,69.25
38.029829367000275,21.79936,69.531
38.04184528699989,21.79936,68.968
38.05514409500029,21.6832,69.187
38.068807137000476,21.721919999999997,69.093
38.08128297500025,21.721919999999997,68.968
38.09643175899964,21.79936,69.406
38.10900475299968,21.83808,69.062
38.12126240799989,21.83808,69.343
38.13414203499997,21.83808,69.093
38.14689381700009,21.83808,69.062
38.15927384400038,21.79936,69.218
38.17459204199986,21.79936,69.312
38.18658604099983,21.76064,69.562
38.19898296500014,21.76064,69.125
38.21189881600003,21.79936,69.343
38.22445804899962,21.79936,69.031
38.23691660700024,21.83808,69.281
38.24945478300015,21.8768,69.187
38.26200425499974,21.91552,69.531
38.27494701999967,21.91552,69.312
38.28723008399993,21.954240000000002,69.343
38.299433017999945,21.954240000000002,69.031
38.311877111000285,21.99296,69.156
38.32393005599988,21.99296,69.031
38.33630873899983,21.99296,69.437
38.348398678000194,21.91552,69.093
38.36033142700035,21.91552,69.218
38.37281856200025,21.83808,69.031
38.386078391999945,21.83808,68.968
38.39949205100038,21.83808,68.968
38.41334159500002,21.8768,69.437
38.4266592189997,21.91552,69.312
38.4392815580004,21.954240000000002,69.031
38.45204543700038,21.954240000000002,69.218
38.464717185000154,21.954240000000002,68.937
38.47732221099977,21.91552,69.218
38.48954965699977,21.91552,69.156
38.50194184500015,21.79936,69.375
38.514757949999876,21.721919999999997,69.062
38.527132217000144,21.76064,69.218
38.539717722000205,21.76064,69.0
38.55246342400005,21.79936,69.281
38.56484770800034,21.79936,69.125
38.57760557100028,21.83808,69.406
38.590036479000446,21.8768,69.125
38.60294381899985,21.8768,69.5
38.615259012000024,21.91552,69.062
38.62683943100001,21.954240000000002,69.187
38.63960251000026,21.954240000000002,69.125
38.651725216999694,21.954240000000002,69.406
38.66435453200029,21.99296,69.0
38.676085770999634,21.8768,69.281
38.688290881000285,21.8768,68.937
38.700573336999696,21.79936,69.156
38.713085815999875,21.83808,68.812
38.72550984500049,21.83808,69.218
38.739337435999914,21.8768,69.218
38.754737203999866,21.91552,68.906
38.76796016899971,21.8768,69.25
38.78047779999997,21.83808,68.906
38.791640766000455,21.8768,69.093
38.80433366699981,21.8768,69.562
38.81704685600016,21.83808,69.406
38.828785935999804,21.83808,69.062
38.84098694899967,21.76064,69.25
38.85255130299993,21.79936,69.031
38.865254123999875,21.79936,69.218
38.877911311999924,21.83808,69.593
38.89008605300023,21.83808,69.156
38.90312843599986,21.8768,69.468
38.91569531700043,21.91552,69.375
38.92884103200049,21.954240000000002,69.218
38.940914617999624,21.99296,69.25
38.952367896000396,21.954240000000002,69.437
38.96441284100001,21.954240000000002,69.125
38.97678499599988,21.99296,69.375
38.988818069000445,21.99296,68.968
39.00080710800012,21.954240000000002,69.406
39.01286571699984,21.91552,69.093
39.02489194200007,21.83808,69.5
39.03824636700028,21.83808,68.937
39.05176537300031,21.8768,69.218
39.065715880000425,21.8768,69.187
39.07903398400049,21.954240000000002,68.937
39.09079018400007,21.954240000000002,69.218
39.10320685199986,21.8768,68.968
39.11603991700031,21.83808,69.343
39.12862734299961,21.83808,69.093
39.141163598000276,21.83808,69.187
39.154908882999734,21.79936,69.031
39.16702995899959,21.76064,69.25
39.18007115799992,21.76064,69.187
39.19282300499981,21.79936,69.468
39.20401694700013,21.79936,69.125
39.216929727000206,21.83808,69.437
39.229751079999915,21.8768,69.156
39.24230231199999,21.91552,69.25
39.254557246999866,21.954240000000002,69.25
39.266545038000004,21.99296,69.593
39.27885386300022,21.99296,69.125
39.29076526799963,21.99296,69.312
39.30307060500036,22.03168,69.062
39.3150709090005,22.03168,69.156
39.32699108199995,21.99296,69.062
39.33893896799964,21.954240000000002,69.187
39.35105009000017,21.91552,69.437
39.364298432000396,21.8768,69.187
39.37775174000035,21.91552,68.906
39.38987960000031,21.91552,69.062
39.40534346500044,21.99296,69.062
39.418495996000274,21.99296,69.531
39.43080296500011,21.99296,69.031
39.44352223399983,22.03168,69.437
39.45582408300015,21.99296,69.343
39.46792439000001,21.954240000000002,69.062
39.481883825000295,21.954240000000002,69.218
39.49416804199973,21.91552,69.593
39.50668836099976,21.91552,69.531
39.5187148089999,21.954240000000002,69.156
39.5310892360003,21.954240000000002,69.375
39.543881564,21.99296,69.125
39.55608721800036,22.03168,69.25
39.56850350199966,22.070400000000003,69.0
39.5809522669997,22.070400000000003,69.625
39.59365092799999,22.070400000000003,69.156
39.60575529899961,22.070400000000003,69.375
39.61819737600035,22.109119999999997,69.062
39.630171759000405,22.109119999999997,69.125
39.64231616300003,22.109119999999997,69.031
39.654449141999976,22.03168,69.156
39.66638659599994,22.03168,69.312
39.67974761300047,21.91552,69.093
39.69182452699988,21.91552,68.968
39.70480818800024,21.83808,68.968
39.71725448899997,21.83808,68.968
39.73322800200003,21.8768,69.375
39.74616695900022,21.91552,69.0
39.758123452999826,21.8768,69.281
39.76954866699998,21.83808,69.0
39.78220115000022,21.79936,69.156
39.794843040999694,21.76064,69.062
39.8064901179996,21.721919999999997,69.5
39.818852735999826,21.721919999999997,69.125
39.831587749999926,21.6832,69.312
39.8431414480001,21.721919999999997,69.093
39.85608229199988,21.721919999999997,69.343
39.86816202200043,21.76064,69.062
39.88123279000047,21.79936,69.593
39.89416214599987,21.83808,69.187
39.906606303000444,21.8768,69.468
39.91866248000042,21.8768,69.187
39.9312343849997,21.91552,69.25
39.943899124999916,21.954240000000002,69.156
39.95644776500012,21.954240000000002,68.937
39.96880507199967,21.91552,69.0
39.98120052299964,21.91552,69.437
39.993213947000186,21.83808,69.187
40.005246188000456,21.79936,69.093
40.017875661999824,21.721919999999997,69.156
40.031478894999964,21.76064,68.75
40.04513185700034,21.76064,69.343
40.059318466999684,21.83808,69.0
40.071852387000035,21.83808,69.25
40.084409283999776,21.8768,68.968
40.09711936900021,21.8768,69.218
40.10979950100045,21.8768,69.156
40.122190760000194,21.83808,69.5
40.13806283000031,21.83808,69.531
40.15012892800041,21.79936,69.156
40.16262447900044,21.83808,69.281
40.17567172600047,21.83808,69.062
40.18852523999976,21.83808,69.156
40.201032310999835,21.8768,69.156
40.21372255500046,21.91552,69.437
40.22643708899977,21.954240000000002,69.093
40.23912051699972,21.954240000000002,69.5
40.251376219999656,21.99296,69.312
40.26357451399963,21.99296,69.062
40.275793480000175,22.03168,69.187
40.28798546899998,22.03168,69.343
40.300392568999996,21.99296,69.0
40.31240256900037,21.8768,69.25
40.32445077800003,21.83808,69.062
40.336459113000274,21.76064,69.093
40.34977955300019,21.76064,68.968
40.36373710099997,21.76064,69.343
40.37730490800004,21.79936,69.218
40.3915723529999,21.83808,68.937
40.402951068999755,21.8768,69.187
40.41559324799982,21.8768,68.937
40.42734173600002,21.8768,69.156
40.43981069399979,21.8768,69.5
40.45197730699965,21.83808,69.468
40.46710250599972,21.83808,69.156
40.47938928199983,21.79936,69.25
40.49220900199998,21.83808,69.312
40.50470986500022,21.83808,69.656
40.51733060399965,21.83808,69.25
40.529998191999766,21.8768,69.375
40.54236004199993,21.91552,69.156
40.554836424000314,21.954240000000002,69.125
40.567352615000345,21.954240000000002,69.375
40.5799623769999,21.99296,69.562
40.59208895699976,22.03168,69.187
40.6045309379997,22.03168,69.406
40.61691029299982,22.03168,69.093
40.62903575200016,22.070400000000003,69.312
40.6409765340004,21.954240000000002,69.062
40.65286582600038,21.954240000000002,68.812
40.66594581000027,21.8768,69.125
40.679407694000474,21.8768,69.25
40.69257190500048,21.91552,69.25
40.70576773300036,21.954240000000002,68.937
40.71890525500021,21.99296,69.125
40.73054804399999,21.99296,69.0
40.74372278299961,21.99296,69.5
40.75712450500032,22.03168,69.156
40.77013991199965,21.99296,69.343
40.782096853999974,21.954240000000002,69.031
40.79355678899992,21.954240000000002,69.25
40.80555648399968,21.8768,69.093
40.81721204099995,21.8768,69.156
40.83011282000007,21.8768,69.531
40.84284719399966,21.91552,69.531
40.85510756900021,21.91552,69.156
40.867824470000414,21.954240000000002,69.375
40.88033304500004,21.99296,69.0
40.89260026900047,22.03168,69.375
40.9051980309996,22.03168,69.5
40.91737606700008,21.8768,68.937
40.929247727000075,21.91552,69.281
40.941269791000195,21.91552,69.218
40.953495925000425,21.91552,68.843
40.966099606999705,21.91552,69.218
40.97783443000026,21.79936,69.5
40.98981086100048,21.79936,68.875
41.00175033100004,21.721919999999997,69.218
41.01491591800004,21.76064,68.906
41.02677186500023,21.76064,68.781
41.04056531100014,21.83808,69.0
41.054624141000204,21.83808,69.437
41.067085098999996,21.8768,69.375
41.079738958000235,21.8768,69.125
41.09245067499978,21.8768,69.406
41.104659305000496,21.8768,69.031
41.116812189000484,21.83808,69.156
41.12866083999961,21.79936,69.625
41.14119245500024,21.79936,69.156
41.15398961499977,21.79936,69.093
41.166889338000146,21.83808,69.406
41.179593343000306,21.83808,69.125
41.192079645000376,21.8768,69.25
41.204411959000026,21.91552,69.656
41.21692987799997,21.954240000000002,69.156
41.22900407199995,21.99296,69.218
41.24155018399961,21.99296,69.343
41.25398048399984,21.99296,69.062
41.26599953999994,21.99296,69.218
41.278432752999834,21.99296,69.5
41.290897134999796,22.03168,69.25
41.30289215799985,21.91552,69.562
41.314921645999675,21.91552,69.343
41.328440811999826,21.83808,68.968
41.34198080999977,21.83808,69.062
41.35538160499982,21.8768,69.062
41.370363406999786,21.91552,69.093
41.38323458499963,21.954240000000002,69.406
41.39575589699962,21.954240000000002,69.062
41.40879543200026,21.954240000000002,69.281
41.421530798000276,21.91552,69.156
41.433771877000254,21.91552,69.656
41.44961623400013,21.8768,69.531
41.46210551199965,21.83808,69.187
41.474703562000286,21.83808,69.468
41.48754453099991,21.8768,69.156
41.499789385999975,21.8768,69.218
41.51154180899994,21.79936,69.562
41.52297495899984,21.76064,69.093
41.53574741400007,21.83808,69.468
41.54814865800017,21.8768,69.187
41.56014396899991,21.8768,69.156
41.572822789000384,21.91552,69.187
41.5847798599998,21.91552,69.0
41.59710289299983,21.91552,69.125
41.60909417200037,21.91552,69.375
41.62107997899966,21.91552,69.218
41.63310706700031,21.8768,69.375
41.64517313200031,21.79936,69.093
41.65850736399989,21.79936,68.812
41.67183321199991,21.83808,69.0
41.68539903600049,21.83808,68.968
41.69942212099977,21.91552,69.281
41.71235691699985,21.91552,69.062
41.72471249499995,21.91552,69.281
41.737229710000065,21.91552,69.062
41.748948853,21.91552,69.531
41.76132155100004,21.8768,69.125
41.77588430099968,21.83808,69.343
41.78763045300002,21.76064,69.062
41.800499423000474,21.76064,69.031
41.812991452999995,21.79936,69.156
41.82553090900001,21.79936,69.562
41.83824563400049,21.79936,69.218
41.85120967900002,21.83808,69.531
41.8638439209999,21.91552,69.375
41.87645534800049,21.91552,69.25
41.88843136200012,21.954240000000002,69.312
41.90116957600003,21.954240000000002,69.625
41.91358320400013,21.954240000000002,69.062
41.92629680899972,21.99296,69.343
41.93836220200046,21.99296,69.0
41.950402987000416,21.954240000000002,69.375
41.96248214099978,21.8768,69.125
41.97463822500049,21.79936,69.0
41.98826859400015,21.76064,69.031
42.00159546600025,21.79936,69.0
42.01513488799992,21.79936,69.187
42.02914491699994,21.8768,69.187
42.042008862999865,21.8768,69.062
42.054189172000406,21.8768,69.187
42.066984666999815,21.8768,69.562
42.07945285700043,21.8768,69.156
42.09156718000031,21.83808,69.062
42.106609559999924,21.76064,69.218
42.11909215000014,21.644479999999998,69.156
42.13211408500047,21.6832,69.5
42.144817385999886,21.6832,69.156
42.15727248700023,21.721919999999997,69.531
42.16949439699965,21.721919999999997,69.125
42.18198847500025,21.76064,69.343
42.193399224999666,21.79936,69.062
42.205821429000025,21.83808,69.312
42.21778221099976,21.8768,69.687
42.229491433000476,21.8768,69.156
42.241982663999806,21.91552,69.375
42.25414895599988,21.91552,69.25
42.266478004999954,21.91552,69.031
42.278728555999805,21.91552,69.281
42.290691451000384,21.83808,69.593
42.30272077900008,21.76064,69.156
42.316129445000115,21.76064,68.906
42.32952348700019,21.79936,69.187
42.342856758999915,21.79936,69.218
42.35882620800021,21.8768,68.906
42.371575526000015,21.8768,69.218
42.38389619099962,21.91552,69.125
42.39690951800003,21.91552,69.406
42.409563504999824,21.8768,69.093
42.42211486500037,21.83808,69.0
42.4362366739997,21.83808,69.375
42.44849151299968,21.83808,69.593
42.46103503300037,21.83808,69.218
42.47372815699964,21.83808,69.468
42.48608335100016,21.8768,69.437
42.498971873999835,21.8768,69.093
42.51183581999976,21.91552,69.312
42.524418893000075,21.954240000000002,69.656
42.53636047399959,21.954240000000002,69.312
42.54908195200005,22.03168,69.5
42.561428408999745,21.995264,69.312
42.57341914399967,21.995264,69.093
42.585562780000146,21.995264,69.156
42.59795717599991,22.03392,69.687
42.609900741000274,21.954240000000002,69.343
42.62189605200001,21.954240000000002,69.281
42.635274350000145,21.8768,69.281
42.649096052999994,21.91552,68.906
42.663319623999996,21.91552,68.968
42.67734821300019,21.99296,69.093
42.690589771000305,21.956608,69.468
42.70296522100034,21.956608,69.031
42.714763726000456,21.8768,69.0
42.72762700000021,21.8768,69.281
42.739003636000234,21.8768,69.187
42.75537879300009,21.83808,69.656
42.76789696800006,21.721919999999997,69.125
42.779971801999636,21.76064,69.312
42.79253532199982,21.721919999999997,69.093
42.80535053099993,21.76064,69.093
42.81814996200046,21.76064,69.281
42.83065597699988,21.79936,69.656
42.84317015200031,21.83808,69.156
42.85600792100013,21.8768,69.531
42.868494383000325,21.8768,69.468
42.88098580499991,21.91552,69.125
42.89326282100046,21.91552,69.218
42.905373495000276,21.91552,69.031
42.91763102300047,21.954240000000002,69.156
42.929980457000056,21.954240000000002,69.5
42.941890357000375,21.8768,69.218
42.95395181399999,21.8768,69.25
42.96688232199995,21.76064,69.093
42.97985276700001,21.76064,68.937
42.99361405200034,21.76064,69.312
43.007251044999975,21.83808,69.031
43.02093722399968,21.83808,69.281
43.03368391799995,21.8768,69.312
43.04670294100015,21.8768,69.031
43.05976455600012,21.8768,69.25
43.07235483000022,21.83808,69.25
43.0881180639999,21.83808,69.437
43.10015091199966,21.79936,69.375
43.11319233500035,21.79936,69.187
43.126054264999766,21.79936,69.312
43.1389955249997,21.83808,69.156
43.15140496100048,21.83808,69.218
43.16409322100026,21.8768,69.156
43.176630468999974,21.91552,69.437
43.18958942500012,21.91552,69.281
43.20196039599978,21.954240000000002,69.375
43.21414940900013,21.99296,69.093
43.226508155000374,21.99296,69.156
43.238443592000294,21.99296,69.437
43.25071769599981,22.03168,69.156
43.26277966500038,21.954240000000002,69.375
43.27470495800026,21.91552,69.125
43.28670996500023,21.8768,69.062
43.299809502000244,21.8768,69.0
43.31301665800038,21.79936,69.25
43.32524052000008,21.76064,69.218
43.3408847110004,21.79936,68.968
43.353361061000214,21.83808,68.968
43.365980327000216,21.83808,69.125
43.37877332700009,21.83808,69.593
43.391397233000134,21.83808,69.218
43.40421858500031,21.79936,69.343
43.41675304900036,21.79936,69.437
43.428812778000065,21.76064,69.062
43.44144228500045,21.79936,69.312
43.45428050099963,21.79936,69.625
43.46709395000016,21.83808,69.218
43.4795165380001,21.83808,69.593
43.49086322099993,21.8768,69.156
43.50332907400025,21.91552,69.156
43.51637616199969,21.91552,69.468
43.52867893799976,21.954240000000002,69.656
43.54115298400029,21.954240000000002,69.218
43.55344478400002,21.99296,69.406
43.565587715999754,21.99296,69.062
43.57781881000028,21.99296,69.281
43.58980554499976,21.91552,69.093
43.601768855000046,21.91552,69.312
43.61384263200034,21.83808,69.25
43.62706614099989,21.8768,69.375
43.63922507300049,21.8768,69.031
43.65167143800045,21.8768,69.093
43.66598435600008,21.91552,69.281
43.678635590999875,21.954240000000002,69.031
43.69101526600025,21.954240000000002,69.25
43.704073329000494,21.954240000000002,69.5
43.71648820500013,21.954240000000002,69.406
43.730965095999636,21.91552,69.187
43.743548937000014,21.91552,69.156
43.756648794000284,21.8768,69.187
43.76923919500041,21.8768,69.593
43.78140292700027,21.8768,69.156
43.794240375999834,21.8768,69.5
43.806561168999906,21.83808,69.281
43.8191072489999,21.91552,69.156
43.83192095300001,21.954240000000002,69.25
43.84459577300004,21.954240000000002,69.781
43.85726211200017,21.99296,69.281
43.86935787400034,21.99296,69.531
43.881697996000185,22.03168,69.406
43.89372114799971,22.03168,69.093
43.905899761,22.03168,69.25
43.91785026999969,21.8768,69.468
43.92995512099969,21.83808,69.125
43.941461680999964,21.721919999999997,69.375
43.95488945099987,21.721919999999997,69.0
43.96816537799987,21.76064,68.937
43.98135384499983,21.76064,69.093
43.994970933999866,21.76064,68.937
44.006708636999974,21.79936,69.093
44.01894984400042,21.79936,69.468
44.03185673400003,21.79936,69.375
44.04451456199968,21.79936,69.156
44.05696627100042,21.79936,69.093
44.072220592999656,21.79936,69.218
44.0845207780003,21.721919999999997,69.562
44.097095019000335,21.76064,69.187
44.109739180999895,21.76064,69.375
44.12266024899964,21.76064,69.375
44.134604134000256,21.79936,69.125
44.14747697599978,21.83808,69.281
44.15901800099982,21.8768,69.593
44.171601521999946,21.8768,69.343
44.1835335349997,21.91552,69.468
44.196256133000134,21.954240000000002,69.125
44.208211058000416,21.954240000000002,69.281
44.22064862299976,21.954240000000002,69.156
44.23276643400004,21.99296,69.5
44.24489227699996,21.954240000000002,69.187
44.25683475400001,21.91552,69.312
44.26892478799982,21.83808,69.031
44.28213063200019,21.83808,69.218
44.2956132850004,21.8768,69.156
44.30885343400041,21.8768,69.468
44.323611484999674,21.954240000000002,69.437
44.336204318000455,21.954240000000002,69.156
44.348589848999836,21.954240000000002,69.375
44.361834414999976,21.954240000000002,69.281
44.37459358900014,21.954240000000002,69.062
44.38737999600016,21.91552,69.25
44.399255432000245,21.91552,69.593
44.4117862789999,21.8768,69.25
44.424717779000275,21.8768,69.468
44.437157583000044,21.91552,69.312
44.44961537299969,21.91552,69.218
44.462552439999854,21.954240000000002,69.25
44.47516335399996,21.99296,69.562
44.48776102000011,22.03168,69.187
44.499883118999605,22.03168,69.312
44.51295055799983,21.954240000000002,69.187
44.52441967699997,21.91552,69.031
44.53648219000024,21.91552,69.156
44.548590688999866,21.954240000000002,69.468
44.560840279999866,21.954240000000002,69.156
44.57285904699984,21.8768,69.343
44.584815156999866,21.8768,69.062
44.59698836200005,21.79936,69.218
44.61023980699974,21.79936,68.937
44.62217294000038,21.83808,69.437
44.63583210999968,21.83808,69.093
44.65017597299993,21.91552,69.031
44.66250927800047,21.91552,69.281
44.67495673099984,21.91552,69.031
44.68787853400045,21.91552,69.218
44.70036813200022,21.91552,69.625
44.71427476600002,21.8768,69.5
44.726198618000126,21.8768,69.187
44.73857230900012,21.83808,69.406
44.75125692100028,21.83808,69.125
44.76419766900017,21.8768,69.125
44.77708401499967,21.8768,69.25
44.79046624900002,21.83808,69.5
44.80328974500026,21.83808,69.375
44.81597019699984,21.8768,69.125
44.82880511700023,21.8768,69.468
44.84110549399975,21.91552,69.125
44.85329706700031,21.954240000000002,69.218
44.865678404999926,21.954240000000002,69.5
44.878068031999646,21.954240000000002,69.125
44.890397209000184,21.99296,69.375
44.902387783999984,21.8768,69.343
44.91442434500004,21.8768,68.906
44.92788382799972,21.76064,69.156
44.939881154999966,21.79936,69.312
44.95286206400033,21.79936,69.218
44.96669141500024,21.83808,69.062
44.9813928249996,21.83808,68.968
44.993784596000296,21.83808,69.156
45.00619988800008,21.83808,69.593
45.01926844799982,21.83808,69.218
45.03205293500014,21.83808,69.406
45.04456390999985,21.79936,69.468
45.05772651999996,21.79936,69.156
45.070053137000286,21.79936,69.093
45.08431699799985,21.79936,69.25
45.098342739000145,21.83808,69.562
45.11122687700026,21.721919999999997,69.406
45.12427287599985,21.6832,69.062
45.13752000099976,21.76064,69.25
45.15099526100039,21.79936,69.25
45.163976138999715,21.79936,69.656
45.17724684800032,21.83808,69.156
45.18989798799976,21.8768,69.125
45.20234160000018,21.8768,69.343
45.21502099600002,21.91552,69.031
45.22744796799998,21.91552,69.375
45.23982777099991,21.83808,69.75
45.25224843900014,21.76064,69.5
45.267026171,21.76064,69.343
45.28199008499996,21.79936,68.937
45.29676762500003,21.83808,69.031
45.312547274999815,21.8768,69.468
45.32537109199984,21.8768,69.218
45.338800495000214,21.8768,69.125
45.352504210000006,21.8768,69.375
45.365825736999795,21.8768,69.156
45.380943447999925,21.83808,69.156
45.39386675500009,21.79936,69.281
45.40733571100009,21.83808,69.25
45.42082623599981,21.83808,69.531
45.43395838200013,21.8768,69.375
45.446947163000004,21.8768,69.156
45.46035986100014,21.91552,69.343
45.47418444400046,21.954240000000002,69.281
45.486663609999596,21.954240000000002,69.656
45.49949929900049,21.99296,69.156
45.51225370500015,22.03168,69.343
45.52486509800019,22.03168,69.218
45.5376260969997,22.03168,68.968
45.54998439500014,22.03168,69.312
45.56231392399968,21.954240000000002,69.625
45.57461644399973,21.91552,69.187
45.588423459000296,21.8768,69.031
45.60249774499971,21.8768,69.25
45.616260118000355,21.91552,69.0
45.63238893200014,21.954240000000002,69.125
45.646921120000115,21.954240000000002,69.156
45.66055737700026,21.99296,69.437
45.67448877900006,21.954240000000002,69.406
45.68719463999969,21.954240000000002,69.062
45.700345537999965,21.91552,69.312
45.71274889400047,21.83808,69.531
45.725440737999634,21.721919999999997,69.281
45.73897737599964,21.79936,69.187
45.7525974400005,21.79936,69.187
45.76625472199976,21.79936,69.218
45.78028177499982,21.83808,69.0
45.79319692199988,21.83808,69.437
45.8058699180001,21.83808,69.125
45.81865594099963,21.83808,69.5
45.83154443100011,21.8768,69.062
45.844201394000265,21.8768,69.062
45.85686162100046,21.91552,69.218
45.86952296900017,21.91552,69.468
45.88192555600017,21.91552,69.281
45.894182347000424,21.83808,69.468
45.906435296999916,21.79936,69.312
45.920745878999696,21.76064,68.968
45.93503101999977,21.76064,69.5
45.949236798999664,21.79936,69.406
45.965797720999944,21.83808,69.343
45.97902763000002,21.8768,69.062
45.99319875099991,21.83808,69.031
46.00729322999996,21.83808,69.218
46.02111355699981,21.79936,69.593
46.03614035299961,21.79936,69.437
46.048640478999914,21.76064,69.406
46.06257940100022,21.76064,69.093
46.07611319100033,21.79936,69.281
46.08881265200034,21.79936,69.281
46.10187420300008,21.83808,69.562
46.11563100800049,21.8768,69.406
46.128964407999774,21.91552,69.187
46.141872418000276,21.91552,69.562
46.15483835099985,21.954240000000002,69.218
46.167752665999615,21.954240000000002,69.625
46.180334011000014,21.954240000000002,69.25
46.19266728399998,21.99296,69.406
46.205281366000236,21.99296,69.156
46.21750257199983,21.91552,69.437
46.22972096099966,21.8768,69.218
46.243369347000225,21.79936,68.937
46.25745972999994,21.83808,69.437
46.27229605499997,21.83808,69.343
46.28948000499986,21.91552,69.281
46.30400934499994,21.91552,69.031
46.31614539699967,21.83808,69.156
46.32929789500031,21.83808,69.156
46.34186653500001,21.83808,69.531
46.35596591000012,21.76064,69.125
46.36799587800033,21.79936,69.406
46.38001272600013,21.721919999999997,69.25
46.39264491999984,21.76064,69.093
46.40430886099966,21.79936,69.25
46.41731021899977,21.79936,69.531
46.428690278999966,21.83808,69.218
46.440627988000415,21.8768,69.468
46.45241682800042,21.91552,69.187
46.464220740999735,21.91552,69.406
46.476470075999714,21.954240000000002,69.218
46.489485609999974,21.954240000000002,69.25
46.50174956899991,21.99296,69.437
46.51428704099999,21.99296,69.156
46.52642229200046,21.99296,69.062
46.538596776000304,21.954240000000002,69.281
46.55071948299974,21.91552,69.031
46.563021234999724,21.83808,69.156
46.57496608099973,21.8768,69.375
46.58851769499961,21.8768,69.062
46.600854135999725,21.91552,69.062
46.615027914000166,21.954240000000002,69.187
46.62658679499964,21.954240000000002,69.062
46.6391502839997,21.954240000000002,69.218
46.652196283000194,21.954240000000002,69.218
46.664975009000045,21.954240000000002,69.437
46.67711634100033,21.91552,69.156
46.69174715600002,21.91552,69.343
46.7041140299998,21.8768,69.406
46.716815187000066,21.8768,69.656
46.72953669599974,21.8768,69.25
46.74212312800046,21.91552,69.468
46.75453355599984,21.91552,69.187
46.76680855500035,21.954240000000002,69.156
46.78020813300009,22.03168,69.312
46.79288800900031,21.99296,69.781
46.805613421999624,21.99296,69.468
46.81828593800037,21.99296,69.062
46.83049363900045,21.99296,69.187
46.842662426999595,21.99296,69.093
46.854614984000364,21.99296,69.281
46.867205001,21.954240000000002,69.625
46.87916491899978,21.91552,69.156
46.89123773600022,21.83808,69.468
46.904710499999965,21.83808,69.25
46.918511081999895,21.76064,68.875
46.931673373000194,21.76064,68.875
46.94748223999977,21.79936,69.062
46.95993311700022,21.83808,69.156
46.9724924129996,21.83808,69.468
46.98547348200009,21.79936,69.031
46.9982724649999,21.79936,69.406
47.01122028500049,21.76064,69.281
47.02397478700004,21.76064,69.593
47.03579249300037,21.721919999999997,69.25
47.04834298900005,21.76064,69.625
47.06108116999985,21.76064,69.156
47.0726728210002,21.79936,69.5
47.084871113999725,21.79936,69.156
47.09778059600012,21.83808,69.625
47.110549914999865,21.8768,69.25
47.12353530400014,21.8768,69.656
47.13550152599964,21.91552,69.281
47.148199289999866,21.954240000000002,69.437
47.16023818600024,21.954240000000002,69.062
47.172375965000356,21.99296,69.25
47.18438948499988,21.99296,69.531
47.19637545099977,21.91552,69.468
47.20830522400047,21.91552,69.156
47.22034712799996,21.83808,69.406
47.2334917219996,21.83808,68.937
47.24748479000027,21.83808,68.843
47.26136185500036,21.8768,69.156
47.275134084000456,21.91552,69.406
47.28759833700042,21.91552,69.375
47.30018048199963,21.954240000000002,69.187
47.31322744099998,21.954240000000002,69.375
47.326010359000065,21.954240000000002,69.312
47.338758396999765,21.91552,69.593
47.35116412099978,21.91552,69.281
47.36372031300016,21.8768,69.5
47.37645929399969,21.8768,69.156
47.38906390400007,21.91552,69.406
47.401500732000386,21.91552,69.406
47.41410342099971,21.954240000000002,69.718
47.42660754799999,21.99296,69.281
47.439248990000124,22.03168,69.468
47.451248973000475,22.03168,69.375
47.46388942399972,22.070400000000003,69.406
47.476189863999934,22.070400000000003,69.25
47.48813646899998,22.070400000000003,69.625
47.50023690299986,22.070400000000003,69.125
47.512635809999665,22.070400000000003,69.343
47.52404006300003,21.8768,68.968
47.535776102000455,21.83808,69.25
47.54792060100044,21.76064,69.125
47.56137954099995,21.79936,69.531
47.57503400600035,21.79936,69.062
47.58844980899994,21.83808,69.093
47.60345673200027,21.8768,69.406
47.61601301999963,21.8768,69.093
47.628888580999956,21.8768,69.312
47.64156903300045,21.91552,69.218
47.654335694999645,21.8768,69.562
47.667439232000106,21.83808,69.187
47.68018090100031,21.83808,69.5
47.69276173399976,21.79936,69.437
47.70561259100032,21.83808,69.156
47.71817358299995,21.83808,69.312
47.73090478799986,21.83808,69.656
47.743804990999706,21.8768,69.5
47.75670532100048,21.91552,69.187
47.769157925999934,21.954240000000002,69.406
47.78105947400036,21.99296,69.25
47.79489839300004,21.954240000000002,69.281
47.80721745699975,21.954240000000002,69.562
47.81934739600001,21.954240000000002,69.5
47.83171955099988,21.91552,69.062
47.84401922300003,21.954240000000002,69.437
47.85594675500033,21.8768,69.187
47.86792523300028,21.83808,69.156
47.881932446000064,21.721919999999997,69.156
47.89518001899978,21.76064,69.406
47.907693137000024,21.76064,69.0
47.92145202200027,21.79936,69.0
47.93560826300018,21.83808,69.187
47.94810970100025,21.83808,69.031
47.96100401500007,21.83808,69.531
47.973643569999695,21.8768,69.218
47.98584135100009,21.83808,69.375
47.99719302599988,21.79936,69.125
48.00959596499979,21.79936,69.468
48.02200783199987,21.76064,69.062
48.03489670599993,21.76064,69.281
48.0473727360004,21.79936,69.187
48.05987484599973,21.79936,69.562
48.072370875999695,21.83808,69.187
48.08522605300004,21.8768,69.312
48.09817601699979,21.91552,69.156
48.11038784599987,21.91552,69.468
48.12214676599979,21.79936,69.5
48.13340506199984,21.79936,69.093
48.14573062300042,21.79936,69.375
48.15815497099993,21.83808,69.218
48.17019034700024,21.83808,69.093
48.182119639999655,21.79936,69.218
48.194059397000274,21.76064,69.531
48.205984209000235,21.6832,69.156
48.219380266999906,21.721919999999997,69.218
48.23307566099993,21.721919999999997,69.187
48.24670929399963,21.76064,69.25
48.262160070999926,21.79936,68.968
48.27494017299978,21.79936,69.187
48.287536687000284,21.83808,69.531
48.29923675600003,21.83808,69.156
48.31171928200001,21.83808,69.125
48.32412759700037,21.79936,69.343
48.337200445000235,21.79936,69.187
48.3495926960004,21.76064,69.343
48.36116277800011,21.76064,69.625
48.372759867999775,21.79936,69.187
48.38573559300039,21.79936,69.5
48.39806345800025,21.83808,69.218
48.410574976000134,21.8768,69.156
48.42346800999985,21.91552,69.406
48.43560044500009,21.91552,69.687
48.44822169500003,21.954240000000002,69.25
48.46035352200033,21.99296,69.468
48.47270231600032,21.99296,69.156
48.484640984999714,21.99296,69.218
48.49678794800002,22.03168,69.156
48.5087414339996,21.91552,69.187
48.52069600699997,21.91552,69.031
48.5339496280003,21.83808,69.281
48.54775245000019,21.83808,69.156
48.561230078000335,21.83808,68.875
48.57499200300026,21.91552,69.187
48.58722364100049,21.91552,69.156
48.6000551369998,21.91552,69.437
48.613042093999866,21.954240000000002,69.125
48.62504959800026,21.91552,69.343
48.63773305700033,21.91552,69.156
48.65243926699986,21.91552,69.656
48.66483865400005,21.83808,69.25
48.67788045999987,21.83808,69.593
48.69025859900012,21.8768,69.468
48.70280506200015,21.8768,69.187
48.71531520500048,21.83808,69.25
48.72784218000015,21.79936,68.968
48.74029705599969,21.83808,69.25
48.753181097999914,21.8768,69.156
48.765405664000355,21.8768,69.562
48.77800697699968,21.954240000000002,69.156
48.79010869099966,21.954240000000002,69.218
48.803631503999895,21.91552,68.968
48.81538773600005,21.91552,69.093
48.827180672000395,21.8768,69.406
48.839645820999976,21.79936,69.125
48.85153290499966,21.79936,69.406
48.863602362000165,21.721919999999997,69.343
48.87567770700025,21.721919999999997,68.937
48.88929610699961,21.76064,69.125
48.902816615999654,21.76064,69.062
48.9174449989996,21.83808,69.375
48.9301017380003,21.83808,69.343
48.94262448900008,21.83808,69.156
48.95560216600006,21.83808,69.218
48.96808187500028,21.83808,69.625
48.98047559800034,21.83808,69.218
48.993880199999694,21.83808,69.25
49.00640960700002,21.721919999999997,69.343
49.01777088200015,21.76064,69.156
49.030827120999675,21.76064,69.281
49.043227948000094,21.79936,69.75
49.05587083099999,21.79936,69.5
49.06860200400024,21.83808,69.218
49.08171789300013,21.8768,69.437
49.09439818499959,21.8768,69.25
49.10670438499983,21.91552,69.343
49.11891422999997,21.954240000000002,69.656
49.131171885000185,21.954240000000002,69.125
49.14322630100014,21.954240000000002,69.156
49.155722970999705,21.99296,69.343
49.16791601600016,21.91552,69.156
49.179866845000106,21.8768,69.156
