t_s,power_w,temp_c
0.0003346660005263402,14.594304,60.937
0.017447875000470958,14.555072000000001,60.781
0.030923666000489902,14.51584,61.156
0.04461098200044944,14.476608,60.812
0.05745497800035082,14.437376,61.125
0.06932387200049561,14.398144,60.781
0.08169332600027701,14.398144,61.031
0.09425788900080079,14.398144,60.968
0.10712575700017624,14.437376,60.968
0.12258202200064261,14.398144,61.218
0.1356856090005749,14.398144,61.031
0.14777511800002685,14.437376,61.187
0.15983477100053278,14.437376,60.906
0.17185557400080143,14.476608,61.062
0.1838225199999215,14.476608,61.437
0.19583343400063313,14.51584,61.0
0.20801155400022253,14.555072000000001,61.281
0.22012954399997398,14.555072000000001,60.937
0.23211101800006873,14.633536,61.187
0.2441660310005318,14.633536,61.125
0.25622741100050916,14.672768,61.406
0.26853468700028316,14.672768,61.062
0.28056662600010895,14.633536,61.218
0.29266330400059815,14.594304,60.937
0.3058882380000796,14.633536,61.031
0.3190194740000152,14.712,61.093
0.3324287350005761,14.712,61.437
0.3456550139999308,14.751232,61.062
0.3576943450007093,14.751232,61.312
0.3697487170002205,14.751232,60.968
0.38183000200024253,14.712,61.281
0.3939211120004984,14.712,61.156
0.4091108729999178,14.712,61.531
0.421112059000734,14.751232,61.125
0.4331080620004286,14.751232,61.375
0.4451002240002708,14.751232,61.312
0.4570877460000702,14.790464,61.031
0.46907888500027184,14.829696,61.281
0.4810510460001751,14.829696,60.968
0.49301226400075393,14.829696,61.031
0.5053984220003258,14.829696,61.343
0.5173916080002527,14.829696,60.968
0.5293658500004312,14.829696,61.218
0.5413569880001887,14.790464,60.906
0.5534911390004709,14.790464,61.093
0.5672851140006969,14.790464,61.0
0.5807725530003154,14.829696,61.281
0.5940070240003479,14.868928,61.312
0.6073342660001799,14.868928,61.0
0.6194341110003734,14.868928,61.218
0.631534725000165,14.868928,60.937
0.643631945999914,14.829696,61.125
0.6556817099999535,14.829696,61.406
0.6677731400004632,14.829696,61.031
0.6798042469999928,14.868928,61.312
0.6918538190002437,14.868928,61.062
0.7038305570004013,14.868928,61.281
0.7158267190006882,14.90816,60.937
0.7278215380001711,14.90816,61.156
0.7398292840007343,14.90816,61.468
0.7518252550007674,14.947392,61.093
0.763816809000673,14.986623999999999,61.218
0.7758022830003029,14.986623999999999,60.968
0.7877940940006738,15.001344,61.281
0.799783056000706,14.947392,61.406
0.8117933310004446,14.947392,61.343
0.8252131830004146,14.947392,60.906
0.8385877220007387,14.962176,61.25
0.8508718290004254,15.001344,61.156
0.8633979590003946,15.001344,61.0
0.8761683840002661,15.001344,61.156
0.8882785340001647,15.001344,61.531
0.9004762390004544,14.962176,61.062
0.9126404060007189,14.947392,61.281
0.9265528490004726,14.986623999999999,61.281
0.9386812390002888,14.986623999999999,61.062
0.9506772100003218,14.986623999999999,61.156
0.9627382060007221,14.986623999999999,61.531
0.9747468170007778,14.962176,61.093
0.9867253470001742,15.001344,61.343
0.9987247090002711,15.001344,61.156
1.0108346990000427,15.040512000000001,61.281
1.0228399820007326,15.040512000000001,60.906
1.0348032790006982,15.040512000000001,61.156
1.0467866090002644,15.07968,61.406
1.0587634110006547,15.040512000000001,61.125
1.0707557650002855,15.040512000000001,61.125
1.0832217659999515,15.001344,61.187
1.0956093960003273,15.001344,60.875
1.1095607520001067,15.001344,61.093
1.1228666169999997,15.040512000000001,61.0
1.135620306000419,15.040512000000001,61.312
1.148476686000322,15.040512000000001,61.062
1.1608104900005856,15.001344,61.187
1.173032675000286,14.962176,61.0
1.1867546160001439,14.962176,61.562
1.1989790100005848,14.962176,61.093
1.211061126000459,15.001344,61.406
1.2231454520006082,15.001344,61.125
1.2351759510002012,15.001344,61.406
1.2472925970005235,15.001344,61.0
1.2593355450007948,15.040512000000001,61.25
1.2714292780001415,15.040512000000001,61.5
1.2834236160006185,15.040512000000001,61.125
1.295521734000431,15.07968,61.375
1.3075005200007581,15.07968,61.0
1.3195055140004115,15.040512000000001,61.187
1.3314829560004,15.040512000000001,60.937
1.3435205600007976,15.001344,61.406
1.356631667000329,15.040512000000001,61.0
1.368598837000718,15.07968,61.343
1.3819751999999426,15.118848,61.031
1.393892288000643,15.118848,61.312
1.4060770960004447,15.118848,61.0
1.4181896140007666,15.07968,61.218
1.4302287860000433,15.040512000000001,61.468
1.4422754450006323,15.040512000000001,61.406
1.4543090490005852,15.040512000000001,61.031
1.4663153880001119,15.040512000000001,61.281
1.478331487000105,15.040512000000001,61.093
1.4903019200000927,15.040512000000001,61.25
1.5022664660000373,15.07968,61.562
1.5142133150002337,15.07968,61.187
1.5261696360003043,15.07968,61.375
1.5381261170005018,15.118848,61.093
1.5500743420006984,15.118848,61.281
1.5621415790001265,15.118848,61.0
1.5740788270004487,15.158016,61.281
1.5860362050007097,15.07968,61.437
1.5980193109999163,15.118848,60.937
1.6104758070005118,15.07968,61.281
1.6237673989999166,15.07968,61.125
1.6369364610000048,15.118848,60.937
1.6505576310000833,15.118848,61.25
1.6629552130007141,15.118848,61.406
1.6749949290006043,15.118848,61.468
1.6870108040002378,15.07968,61.093
1.6991064250005365,15.001344,61.187
1.7122212120002587,14.962176,61.031
1.7244021160004195,14.962176,61.125
1.736416487000497,14.962176,61.468
1.7484305380003207,14.962176,61.125
1.7605940970006486,15.001344,61.406
1.772636532999968,15.001344,61.156
1.7846485360005317,15.040512000000001,61.218
1.7966632910001863,15.040512000000001,61.093
1.808666556999924,15.040512000000001,61.437
1.8206862080005521,15.07968,61.156
1.8326963870003965,15.118848,61.343
1.8446948540004087,15.040512000000001,61.093
1.8566686150006717,15.040512000000001,61.187
1.8686700260004727,15.001344,61.0
1.8816415770006643,15.040512000000001,61.093
1.8949900030002027,15.07968,61.031
1.9080243719999999,15.07968,61.406
1.921570788000281,15.07968,61.031
1.9337694210007612,15.07968,61.343
1.9458812030006811,15.07968,61.062
1.9579363749999175,15.040512000000001,61.125
1.9700489240003662,15.001344,61.437
1.9821646420004981,15.001344,61.468
1.9941364520000207,15.040512000000001,61.156
2.006088484999964,15.040512000000001,61.343
2.0180675589999737,15.040512000000001,60.968
2.030030376000468,15.040512000000001,61.25
2.042000202000054,15.07968,61.5
2.0540097729999616,15.07968,61.281
2.0659654860000956,15.118848,61.406
2.0779333910004425,15.118848,61.125
2.0899028010007896,15.118848,61.218
2.101883443000588,15.118848,61.031
2.113911125999948,15.07968,61.125
2.125865558999976,15.07968,61.406
2.139013755000633,15.040512000000001,61.062
2.151203108000118,15.118848,60.968
2.1646223200004897,15.118848,61.281
2.177923641000234,15.118848,61.0
2.1901061450007546,15.118848,61.156
2.2016982949999147,15.118848,61.593
2.213787804000276,15.07968,61.093
2.2259100500004934,15.040512000000001,61.375
2.2380448410003737,15.07968,61.125
2.250019658000383,15.07968,61.281
2.262025709000227,15.07968,61.093
2.2740243040007044,15.07968,61.531
2.286108981000325,15.07968,61.187
2.2980683420000787,15.040512000000001,61.375
2.3102582380006425,15.040512000000001,61.125
2.3223529630004123,15.040512000000001,61.343
2.3343283570002313,15.07968,61.031
2.3463152390004325,15.07968,61.156
2.3582679760002065,15.118848,61.437
2.37021178500072,15.07968,61.062
2.382151466000323,15.040512000000001,61.218
2.394093354000688,15.001344,61.0
2.4067499200000384,15.040512000000001,61.187
2.4199778950005566,15.07968,61.187
2.433105226999942,15.118848,61.406
2.445641309000166,15.118848,61.187
2.457736226000634,15.118848,61.406
2.4698406160005106,15.07968,61.125
2.4818307300001834,15.040512000000001,61.25
2.4939419680003994,15.040512000000001,61.031
2.5059764350007754,15.040512000000001,61.218
2.5179591250007434,15.040512000000001,61.468
2.529933335000351,15.040512000000001,61.343
2.5419249850001506,15.040512000000001,61.156
2.553887865999968,15.07968,61.375
2.5658688280000206,15.07968,61.062
2.5778344939999442,15.07968,61.281
2.589807584000482,15.118848,61.5
2.601777537000089,15.118848,61.187
2.6138418930004264,15.118848,61.343
2.6258786329999566,15.158016,61.062
2.6378261220006607,15.07968,61.281
2.649783019000097,15.118848,60.906
2.663942285000303,15.07968,61.406
2.677291768000032,15.07968,61.125
2.690686019000168,15.118848,61.281
2.704008397000507,15.118848,61.281
2.716107058000489,15.118848,61.062
2.7282072870002594,15.07968,61.218
2.74022447400057,15.040512000000001,61.468
2.75222380500054,15.040512000000001,61.156
2.7643210900005215,15.040512000000001,61.406
2.7763013800004046,15.040512000000001,61.156
2.7882888700005424,15.040512000000001,61.375
2.800303497000641,15.040512000000001,61.125
2.8123057070006325,15.07968,61.218
2.8242807810001977,15.07968,61.531
2.8362354060000143,15.07968,61.25
2.8482120799999393,15.118848,61.343
2.860267955999916,15.118848,61.062
2.872261334000541,15.118848,61.218
2.884268759999941,15.158016,61.031
2.896349597000153,15.07968,61.5
2.908762828000363,15.040512000000001,61.375
2.91989378100061,15.001344,61.375
2.9326758220004194,15.040512000000001,60.937
2.946037081000213,15.040512000000001,61.25
2.959697516000233,15.07968,61.218
2.9731712900002094,15.07968,61.468
2.9853085130007457,15.07968,61.156
2.9973976060000496,15.07968,61.343
3.0094985069999893,15.040512000000001,61.125
3.021581712000625,15.001344,61.125
3.0364288380005746,15.001344,61.25
3.0484849380000014,15.040512000000001,61.5
3.0606847550006933,15.040512000000001,61.187
3.0727318630006266,15.040512000000001,61.468
3.084809435000352,15.07968,61.125
3.0968168300005345,15.07968,61.312
3.1088529290000224,15.07968,61.156
3.1208629480006493,15.118848,61.281
3.1328411260001303,15.118848,61.531
3.1448243600007117,15.158016,61.343
3.1568225700002586,15.118848,61.125
3.1688202360001014,15.07968,61.187
3.180821775000368,15.040512000000001,60.968
3.194416416000422,15.07968,61.093
3.207810860000791,15.118848,61.125
3.2209772650003288,15.158016,61.375
3.2346401960003277,15.118848,61.125
3.246848141000555,15.118848,61.343
3.259035701000357,15.07968,61.281
3.27119593200041,15.040512000000001,60.968
3.2833487070001866,15.040512000000001,61.218
3.2963942120004504,15.040512000000001,61.437
3.3083592060002047,15.07968,61.125
3.3204393060004804,15.07968,61.406
3.3324558530002832,15.07968,61.093
3.3444530720007606,15.07968,61.25
3.3564381300002424,15.118848,61.093
3.3684195069999987,15.118848,61.156
3.380394613000135,15.118848,61.531
3.3924062000005506,15.158016,61.125
3.404367705000368,15.158016,61.375
3.416349595000611,15.118848,61.062
3.4282662989999153,15.118848,61.125
3.440334367000105,15.07968,61.093
3.4535649340004966,15.07968,61.343
3.466942033000123,15.118848,61.312
3.4804686730003596,15.158016,60.968
3.493977456000721,15.118848,61.187
3.5054663710006935,15.07968,60.937
3.5169446939999034,15.040512000000001,61.281
3.529090973000166,15.040512000000001,61.437
3.541212579000785,15.001344,61.406
3.5562125740007104,15.001344,61.062
3.568272226000772,15.001344,61.218
3.5802937650005333,15.001344,61.062
3.592297320000398,15.001344,61.375
3.6042972900004315,15.040512000000001,61.468
3.616428176000227,15.040512000000001,61.125
3.6284885640006905,15.040512000000001,61.406
3.6405288559999462,15.07968,61.125
3.652531610000551,15.07968,61.156
3.664534205000564,15.118848,61.0
3.6765407030006827,15.118848,61.25
3.688507233000564,15.07968,61.437
3.700652455000636,15.07968,61.281
3.715179380000336,15.040512000000001,60.968
3.728228758000114,15.07968,60.937
3.7401656540005206,15.118848,61.125
3.75356307400034,15.118848,61.468
3.7657312730007106,15.118848,61.187
3.777886480000234,15.118848,61.406
3.790148058000341,15.07968,61.062
3.8022541119999005,15.07968,61.343
3.8143760060002023,15.07968,61.093
3.8263830800005962,15.07968,61.25
3.8383074960001977,15.07968,61.5
3.8502674650007975,15.07968,61.187
3.8622204900002544,15.07968,61.406
3.874176556000748,15.118848,61.343
3.8861364610002056,15.118848,61.156
3.898093069999959,15.118848,61.187
3.91012558500006,15.118848,61.406
3.922114163000515,15.158016,61.093
3.934175991000302,15.158016,61.406
3.946114616000159,15.118848,61.062
3.958067225000377,15.118848,61.125
3.971868080000604,15.040512000000001,61.156
3.9851181359999828,15.07968,61.437
3.998321245000625,15.118848,61.093
4.011102487000244,15.118848,61.062
4.024279356000079,15.118848,61.312
4.036329696000394,15.118848,61.187
4.04859927400048,15.07968,61.218
4.061013497000204,15.040512000000001,61.531
4.0744248690007225,15.040512000000001,61.218
4.0865318820006,15.040512000000001,61.406
4.098509387999911,15.001344,61.062
4.110677139000472,14.962176,61.0
4.122864859000401,14.962176,61.25
4.134836221000114,15.001344,61.531
4.146770141000161,15.001344,61.281
4.158717758000421,15.001344,61.468
4.1707368650004355,15.040512000000001,61.187
4.182705346000148,15.040512000000001,61.281
4.194706629000393,15.07968,61.031
4.206766825000159,15.040512000000001,61.093
4.219362525000179,15.040512000000001,61.437
4.231521444000464,15.001344,61.375
4.24506142700011,15.001344,60.937
4.258367420000468,15.040512000000001,61.281
4.271770312000626,15.07968,61.25
4.284996495000087,15.07968,61.0
4.2971260690001145,15.07968,61.218
4.309180408999964,15.040512000000001,61.437
4.321337536000101,15.001344,61.125
4.333398212000247,15.001344,61.062
4.348260155000389,15.001344,61.343
4.360330463000537,15.001344,61.093
4.3723004490002495,15.040512000000001,61.25
4.384286659000281,15.040512000000001,61.468
4.396247300000141,15.040512000000001,61.156
4.408223462000024,15.07968,61.375
4.420206151000457,15.07968,61.093
4.432203882000067,15.07968,61.281
4.444204940000418,15.07968,61.625
4.4561855820002165,15.118848,61.218
4.468195888000082,15.07968,61.406
4.480165362000662,15.07968,61.093
4.49213832300029,15.040512000000001,61.0
4.505607297000097,15.040512000000001,61.125
4.519221843000196,15.07968,61.218
4.532506588000615,15.118848,61.437
4.545716546000222,15.118848,61.187
4.557723236000129,15.07968,61.375
4.569786183999895,15.07968,61.187
4.581810155000312,15.040512000000001,61.312
4.593881680000777,15.001344,61.218
4.608788200000163,15.040512000000001,61.5
4.620807275000516,15.040512000000001,61.187
4.632970833999934,15.040512000000001,61.375
4.645041399000547,15.040512000000001,61.093
4.6571265870006755,15.07968,61.343
4.669159967000269,15.07968,61.156
4.68119798600037,15.07968,61.343
4.693279175000498,15.118848,61.437
4.70500592100052,15.07968,61.062
4.716900160000478,15.040512000000001,61.312
4.729030213999977,15.07968,61.093
4.741081961999953,15.001344,61.312
4.753099821000433,15.040512000000001,61.062
4.767186541000228,15.001344,61.406
4.780506998000419,15.040512000000001,61.343
4.793975236000733,15.040512000000001,61.0
4.807168809000359,15.040512000000001,61.312
4.819377234000058,15.040512000000001,61.125
4.831527577000088,15.040512000000001,61.625
4.843660383000497,15.001344,61.125
4.855739395000455,14.962176,61.187
4.867323545000545,14.962176,61.375
4.878890639000019,15.001344,61.187
4.890409027000715,15.001344,61.25
4.90238365300047,15.001344,61.062
4.914347462000478,15.001344,61.218
4.926317575000212,15.040512000000001,61.468
4.938317865000499,15.040512000000001,61.468
4.950309740000193,15.07968,61.125
4.962323662000017,15.07968,61.25
4.97431035200043,15.07968,60.968
4.986297522000314,15.118848,61.25
4.998249011000553,15.040512000000001,61.5
5.010270486000081,15.040512000000001,61.093
5.023981739000192,15.001344,61.031
5.037257523000335,15.040512000000001,61.187
5.050552827000502,15.040512000000001,60.968
5.0639237180002965,15.07968,61.593
5.077048009000464,15.040512000000001,61.125
5.08917995200045,15.040512000000001,61.437
5.10128520500075,15.001344,61.062
5.113398971000606,15.001344,61.312
5.1269913400001315,15.001344,61.093
5.139221749000171,15.001344,61.187
5.151271192999957,15.001344,61.187
5.163297884000713,15.001344,61.5
5.175338687000476,15.001344,61.156
5.187372259000767,15.040512000000001,61.375
5.199514089000331,15.040512000000001,61.156
5.211652368000614,15.07968,61.187
5.223697779000759,15.07968,61.593
5.235787672000697,15.118848,61.125
5.248262952000005,15.118848,61.343
5.260298187999979,15.07968,61.125
5.2723235030007345,15.07968,61.156
5.2843875710004795,15.040512000000001,61.156
5.298025126000539,15.07968,61.437
5.311492499000451,15.040512000000001,61.375
5.324843261000751,15.040512000000001,61.0
5.3375528530004885,15.040512000000001,61.406
5.3497361240006285,15.040512000000001,61.031
5.361891139000363,15.040512000000001,61.187
5.373985832000471,15.001344,61.0
5.387583002000611,14.962176,61.437
5.399715647999983,15.001344,61.156
5.411877255000036,15.001344,61.375
5.423855081000511,15.001344,61.125
5.435868843000208,15.001344,61.343
5.447871790000136,15.040512000000001,61.125
5.459862352000528,15.040512000000001,61.25
5.471823825000683,15.040512000000001,61.406
5.48378347400012,15.07968,61.156
5.4957718600007865,15.07968,61.375
5.507745366000563,15.118848,61.062
5.519758808000006,15.07968,61.312
5.5317494020000595,15.040512000000001,61.5
5.543751069000791,15.040512000000001,61.062
5.557075974000327,15.040512000000001,60.968
5.570403951000117,15.07968,61.25
5.583745816999908,15.07968,61.312
5.596962272000383,15.07968,61.062
5.608990915000504,15.07968,61.281
5.621136200999899,15.07968,61.468
5.633213390000492,15.040512000000001,61.187
5.645349204000013,15.040512000000001,61.406
5.65966604300047,15.040512000000001,61.281
5.6717155189999175,15.040512000000001,61.062
5.683652895000705,15.040512000000001,61.281
5.695588799000689,15.040512000000001,61.531
5.7075753930002975,15.07968,61.125
5.718996850000622,15.07968,61.406
5.731153113000801,15.07968,61.156
5.743173948000731,15.118848,61.281
5.755202846999964,15.118848,61.031
5.767198945000018,15.158016,61.125
5.779254405000756,15.118848,61.406
5.791259143000389,15.07968,61.062
5.803470192000532,15.07968,61.281
5.816862811000647,15.07968,61.218
5.8300497930003985,15.118848,61.0
5.843302408000454,15.118848,61.125
5.856757493000259,15.158016,61.125
5.868908508000459,15.118848,61.343
5.881044866000593,15.118848,61.156
5.893089253000653,15.07968,61.312
5.90538206400015,15.040512000000001,61.0
5.917698940000264,15.001344,61.125
5.929693598000085,15.001344,61.5
5.941664095000306,15.025856,61.156
5.953608992000227,15.040512000000001,61.406
5.965577409000616,15.001344,61.093
5.9775042250003025,15.040512000000001,61.218
5.989391424000132,15.040512000000001,61.218
6.001310528000431,15.07968,61.25
6.0132797450005455,15.07968,61.406
6.02544458400007,15.07968,61.125
6.0374207459999525,15.118848,61.343
6.049351978000232,15.07968,61.031
6.061447343000509,15.040512000000001,60.937
6.075156292000429,15.001344,61.156
6.088338473000476,15.040512000000001,61.375
6.100598259000435,15.07968,61.406
6.11325997700078,15.07968,61.093
6.125742009000533,15.07968,61.281
6.137791293000191,15.07968,61.031
6.149784703000478,15.07968,61.187
6.161909477000336,15.040512000000001,61.531
6.173903111000072,15.001344,61.156
6.186803012000382,15.040512000000001,61.406
6.1988718480006355,15.040512000000001,61.156
6.211017295000602,15.040512000000001,61.343
6.222965999000735,15.040512000000001,61.062
6.234928944000785,15.07968,61.562
6.246882129000369,15.07968,61.218
6.259001239000099,15.07968,61.375
6.271209983000517,15.118848,61.125
6.283273603000453,15.118848,61.312
6.295230916000037,15.158016,61.031
6.3072451590005585,15.118848,61.187
6.319209000000228,15.07968,61.406
6.3311607450004885,15.07968,61.093
6.344898303000264,15.07968,61.031
6.358517265000046,15.118848,61.312
6.37176892000025,15.118848,61.0
6.384508208000625,15.158016,61.593
6.396570996000264,15.118848,61.187
6.408655641000223,15.118848,61.406
6.420744605999971,15.07968,61.156
6.432796641000095,15.040512000000001,61.406
6.446235662000618,15.07968,61.093
6.458214768000289,15.07968,61.218
6.470171633000064,15.07968,61.531
6.482094065000638,15.07968,61.218
6.494027153000388,15.118848,61.437
6.505984978000015,15.07968,61.093
6.518127416000425,15.040512000000001,61.281
6.5302118690005955,15.07968,60.968
6.542181150000033,15.07968,61.218
6.554124607000631,15.118848,61.5
6.566099200000281,15.118848,61.406
6.578031681000539,15.07968,61.031
6.589949023999907,15.07968,61.187
6.602170345000559,15.040512000000001,60.968
6.615485938000347,15.07968,61.125
6.628690168000503,15.118848,61.125
6.641993793000438,15.118848,61.406
6.653718139000375,15.118848,61.093
6.665826559999914,15.118848,61.406
6.677936838000278,15.07968,61.125
6.6899829530002535,15.040512000000001,61.187
6.702043533000506,15.040512000000001,61.156
6.716318546999901,15.040512000000001,61.468
6.728263635000076,15.040512000000001,61.187
6.740229268000803,15.040512000000001,61.406
6.752228182000181,15.040512000000001,61.156
6.764234072999898,15.07968,61.281
6.776211897999929,15.07968,61.625
6.788201404000574,15.07968,61.187
6.800205342000481,15.07968,61.406
6.812176127999919,15.118848,61.062
6.824162818000332,15.118848,61.343
6.836124514999938,15.07968,61.125
6.848073827000007,15.07968,61.406
6.861857593999957,15.001344,61.125
6.8750351030003,15.040512000000001,61.343
6.888429386000098,15.07968,61.343
6.901789780999934,15.07968,61.0
6.915068253000754,15.07968,61.25
6.927170018000652,15.07968,61.593
6.939214885000183,15.040512000000001,61.218
6.951415117000579,15.040512000000001,61.406
6.963478704999943,15.040512000000001,61.406
6.977256808000675,15.040512000000001,61.093
6.989198537000448,15.040512000000001,61.406
7.001171754000097,15.040512000000001,61.125
7.013186252000196,15.07968,61.218
7.025176110000757,15.07968,61.406
7.037152144000174,15.118848,61.156
7.049119057000098,15.118848,61.312
7.0612977840000895,15.118848,61.031
7.073280218000036,15.118848,61.187
7.085268284000449,15.158016,61.468
7.097256190000735,15.118848,61.187
7.109495878999951,15.040512000000001,61.312
7.121819379000044,15.001344,61.281
7.1353728030007915,15.040512000000001,60.906
7.148607113000253,15.040512000000001,61.062
7.1620913189999555,15.07968,61.093
7.175401920000695,15.07968,61.406
7.187586664000264,15.07968,61.062
7.199606922999919,15.040512000000001,61.343
7.2118560520002575,15.001344,61.093
7.223974234000707,15.001344,61.031
7.240023092000229,15.001344,61.562
7.252027958000326,15.001344,61.093
7.2640188400000625,15.040512000000001,61.437
7.276038523000352,15.040512000000001,61.187
7.2882554910002,15.040512000000001,61.281
7.300325767000686,15.07968,61.187
7.312501839000106,15.07968,61.25
7.324520849000692,15.07968,61.531
7.336539732000347,15.118848,61.187
7.348562167000637,15.118848,61.375
7.36064073200032,15.07968,61.125
7.372635934000755,15.07968,61.187
7.385226449000584,15.040512000000001,61.156
7.3987065589999474,15.040512000000001,61.406
7.412197773000116,15.07968,61.156
7.42440389300009,15.118848,61.125
7.437903556000492,15.07968,61.312
7.449941638999917,15.07968,61.093
7.462213329000406,15.07968,61.25
7.474305430000641,15.040512000000001,61.531
7.4863935950006635,15.001344,61.25
7.499558848000561,15.040512000000001,61.468
7.511633924000307,15.040512000000001,61.062
7.523654311000428,15.040512000000001,61.281
7.535720107000088,15.040512000000001,61.218
7.547776047000298,15.07968,61.625
7.559772272999908,15.07968,61.25
7.571801876000791,15.07968,61.406
7.583856152000408,15.118848,61.156
7.59580460000052,15.118848,61.343
7.607833979000134,15.158016,61.125
7.6198507180006345,15.118848,61.25
7.631813919000706,15.07968,61.406
7.643865347000428,15.07968,61.093
7.657309872000042,15.07968,61.406
7.66965750000054,15.118848,61.343
7.681724032000602,15.158016,61.062
7.694948774000295,15.158016,61.25
7.707010314000399,15.118848,61.468
7.719310037000469,15.07968,61.25
7.73165292900012,15.040512000000001,61.406
7.743852137000431,15.040512000000001,61.281
7.758142319000399,15.040512000000001,61.093
7.770220500000505,15.040512000000001,61.312
7.782180757000788,15.040512000000001,61.593
7.794136565000372,15.040512000000001,61.218
7.8063170530003845,15.040512000000001,61.5
7.818298686000162,15.07968,61.093
7.830306625000048,15.07968,61.375
7.842308066999976,15.118848,61.156
7.854269060000661,15.118848,61.25
7.866242245000649,15.118848,61.5
7.878272423999988,15.158016,61.25
7.890211945000374,15.07968,61.406
7.902170665000085,15.07968,61.281
7.914230733000295,15.040512000000001,61.0
7.927830014999927,15.07968,61.093
7.941185065000354,15.118848,61.187
7.954630006000116,15.158016,61.375
7.96690227199997,15.118848,61.093
7.97900797300008,15.118848,61.406
7.991095242000483,15.07968,61.093
8.003191630999936,15.040512000000001,61.25
8.015255283000442,15.040512000000001,61.718
8.027277492999929,15.040512000000001,61.25
8.039241430000402,15.040512000000001,61.437
8.051230104000751,15.040512000000001,61.156
8.063283100000262,15.07968,61.343
8.075258685000335,15.07968,61.062
8.087225726000725,15.07968,61.281
8.09919350400014,15.07968,61.656
8.111237283000264,15.118848,61.468
8.123187044000588,15.118848,61.125
8.13518995800041,15.158016,61.343
8.14718228000038,15.118848,61.125
8.159173226000348,15.07968,61.031
8.172367119000228,15.040512000000001,61.5
8.184728732000622,15.07968,61.343
8.198168072000044,15.118848,61.031
8.211707352000303,15.118848,61.312
8.224917950000417,15.118848,61.093
8.236948641000708,15.118848,61.187
8.249061190000248,15.07968,61.25
8.261313488000269,15.040512000000001,61.562
8.27343090100021,15.040512000000001,61.125
8.286877506000565,15.040512000000001,61.406
8.298883524000303,15.040512000000001,61.125
8.311013930000627,15.07968,61.343
8.323203218000344,15.07968,61.062
8.33521618100076,15.07968,61.281
8.347197078000136,15.07968,61.531
8.359166551000271,15.118848,61.375
8.371161337000558,15.118848,61.343
8.383140859000378,15.118848,61.281
8.395118108000133,15.158016,61.062
8.407096062000164,15.118848,61.156
8.419093184000303,15.118848,61.375
8.431806647000485,15.040512000000001,61.0
8.445244355000796,15.07968,61.218
8.457596560000638,15.118848,61.25
8.471167104000415,15.118848,61.062
8.484235042000364,15.118848,61.156
8.496276165000381,15.118848,61.5
8.508355114000551,15.07968,61.187
8.520563666000271,15.040512000000001,61.375
8.532683160000488,15.040512000000001,61.312
8.545984480000698,15.040512000000001,61.093
8.55797731400071,15.040512000000001,61.187
8.569959908000783,15.040512000000001,61.468
8.58196455000052,15.040512000000001,61.187
8.594631036000465,15.07968,61.437
8.60711290800009,15.118848,61.437
8.619602141000541,15.118848,61.093
8.632140878999962,15.118848,61.25
8.644527676000507,15.158016,61.5
8.656964683000297,15.158016,61.062
8.669543550000526,15.07968,61.406
8.68190516300001,15.07968,61.218
8.695298326000739,15.001344,61.0
8.709466744000565,15.07968,61.5
8.723924835000616,15.118848,61.468
8.738202120000096,15.118848,61.093
8.752839415999915,15.118848,61.125
8.766061278000052,15.118848,61.312
8.778785494000658,15.07968,61.0
8.791491341000437,15.07968,61.25
8.804202564000661,15.07968,61.187
8.816836599999988,15.07968,61.437
8.829282472000159,15.07968,61.125
8.841650709000533,15.07968,61.312
8.854034850000062,15.07968,61.062
8.866468657000041,15.118848,61.218
8.878800381000474,15.07968,61.562
8.89118100199994,15.118848,61.437
8.903553783000461,15.158016,61.156
8.916211084000679,15.158016,61.375
8.928591610000694,15.118848,61.031
8.940906533000089,15.118848,61.187
8.953258866000397,15.07968,61.125
8.967717660000744,15.118848,61.406
8.98254366600031,15.158016,61.343
8.996657650000088,15.158016,61.312
9.011112157000753,15.158016,61.031
9.023227233999933,15.158016,61.281
9.035796757000753,15.158016,61.5
9.048256772000059,15.118848,61.093
9.061384840000756,15.118848,61.218
9.07295730900023,15.118848,61.375
9.084623317000478,15.158016,61.062
9.096718458000396,15.158016,61.343
9.1081936770006,15.158016,61.562
9.120460471000115,15.158016,61.187
9.132692640000641,15.158016,61.5
9.144946697000705,15.197184,61.187
9.157251380000162,15.197184,61.25
9.169448188000388,15.197184,61.0
9.18170349400043,15.236352,61.25
9.193903918000615,15.158016,61.531
9.206172568000511,15.158016,61.406
9.218911056000252,15.118848,61.062
9.231446658000095,15.158016,61.218
9.24473149700043,15.197184,61.281
9.2581583580004,15.197184,61.531
9.270775722000508,15.197184,61.218
9.283158519000608,15.197184,61.562
9.295383520000541,15.158016,61.156
9.307456100000309,15.118848,61.312
9.32025545400029,15.118848,61.343
9.332963925000513,15.118848,61.625
9.3451226520001,15.118848,61.25
9.35718646300029,15.118848,61.468
9.369226275000074,15.118848,61.156
9.381264262000514,15.158016,61.343
9.393919867000477,15.158016,61.156
9.406081858000107,15.158016,61.312
9.418157030000657,15.197184,61.562
9.430295725000178,15.197184,61.125
9.442263758000081,15.197184,61.437
9.454233935000047,15.158016,61.093
9.466228689000673,15.158016,61.187
9.478066510000644,15.118848,61.156
9.491533627000535,15.158016,61.531
9.50482809999994,15.158016,61.156
9.51814465300049,15.197184,61.187
9.531111403000068,15.158016,61.343
9.54320459200062,15.158016,61.093
9.555215377999957,15.118848,61.312
9.567316727000616,15.07968,61.5
9.580229556000631,15.07968,61.281
9.592444317000627,15.07968,61.437
9.604479968000305,15.07968,61.187
9.616538020000007,15.07968,61.343
9.628568199000256,15.07968,61.343
9.6405880730008,15.118848,61.0
9.652593035000791,15.118848,61.312
9.664741906000017,15.118848,61.468
9.676743636000538,15.158016,61.062
9.68875023000055,15.158016,61.343
9.700747224000224,15.158016,61.062
9.712834877000205,15.118848,61.25
9.724830239000767,15.118848,61.406
9.738805275000232,15.040512000000001,61.406
9.75214352400053,15.07968,61.062
9.765389995000078,15.118848,60.937
9.778837368000495,15.118848,61.343
9.790979134000736,15.118848,61.093
9.803019841000605,15.118848,61.25
9.815137063000293,15.07968,61.5
9.827315630000157,15.07968,61.156
9.83940389000054,15.07968,61.312
9.852541910000582,15.07968,61.093
9.864553688000342,15.07968,61.281
9.876600380000127,15.07968,61.281
9.888578525000412,15.07968,61.562
9.900684258000183,15.118848,61.187
9.91269184400062,15.118848,61.437
9.924699750999935,15.118848,61.125
9.936676488000558,15.158016,61.312
9.948660298000505,15.158016,61.093
9.960743502000696,15.197184,61.218
9.97273112000039,15.158016,61.468
9.98473102600019,15.118848,61.031
9.997850037000717,15.07968,61.343
10.010392423000667,15.118848,61.25
10.023727248000796,15.118848,61.031
10.037263679000716,15.158016,61.406
10.050498374000199,15.158016,61.156
10.062615819000712,15.158016,61.406
10.074704848000692,15.118848,61.125
10.086794101000123,15.07968,61.281
10.098850584000502,15.07968,61.031
10.1124568740006,15.07968,61.25
10.124446859000273,15.118848,61.531
10.136444269000094,15.07968,61.156
10.14842507100002,15.07968,61.562
10.160504082999978,15.118848,61.406
10.172530326000015,15.158016,61.156
10.184544344000642,15.118848,61.218
10.19652268200025,15.158016,61.468
10.208557949000351,15.158016,61.156
10.220610272000158,15.197184,61.406
10.232582593000188,15.158016,61.125
10.244588420000582,15.118848,61.156
10.256662056000096,15.07968,60.937
10.26982436400067,15.118848,61.406
10.283033106000403,15.158016,61.062
10.296014417000151,15.197184,61.406
10.308477888000198,15.197184,61.187
10.32055939700058,15.158016,61.312
10.332769837000342,15.158016,61.062
10.344852529000491,15.118848,61.25
10.35754051999993,15.118848,61.218
10.371559429000627,15.118848,61.437
10.383676811000441,15.118848,61.125
10.395702125000753,15.118848,61.312
10.407711856000788,15.118848,61.093
10.41973445000076,15.158016,61.218
10.431740533000266,15.158016,61.593
10.443746391000786,15.158016,61.218
10.455745496999953,15.158016,61.406
10.467769627000052,15.197184,61.312
10.480012357000305,15.236352,61.031
10.492046248000406,15.158016,61.281
10.504013257000224,15.158016,61.437
10.51606030000039,15.118848,61.125
10.529264306000186,15.158016,61.312
10.542486392000683,15.158016,61.312
10.555982245999985,15.197184,61.031
10.569470324000577,15.197184,61.218
10.581602202000795,15.158016,61.562
10.593734847000633,15.158016,61.468
10.605930407000415,15.118848,61.156
10.617981707000581,15.118848,61.343
10.631911110000146,15.118848,61.125
10.64390698400075,15.118848,61.312
10.655958762999944,15.118848,61.625
10.667965453000761,15.118848,61.187
10.679966735000562,15.158016,61.468
10.691955057000087,15.158016,61.187
10.703954835000332,15.158016,61.406
10.716052088000652,15.158016,61.062
10.728057050000643,15.197184,61.531
10.740047066999978,15.197184,61.156
10.752028892999988,15.158016,61.531
10.76408566400005,15.158016,61.031
10.776680980000492,15.118848,61.218
10.789914906000377,15.118848,61.187
10.803228867000144,15.158016,61.062
10.816591021000022,15.158016,61.187
10.828971098000693,15.158016,61.5
10.841098624000551,15.158016,61.093
10.853180580000299,15.158016,61.281
10.865328011000202,15.118848,61.031
10.877347661000385,15.07968,61.062
10.891574225000113,15.07968,61.218
10.903567826000653,15.118848,61.468
10.915602229000797,15.118848,61.25
10.92760767100026,15.118848,61.406
10.9395819450001,15.118848,61.125
10.9515875470006,15.158016,61.375
10.963600573000804,15.158016,61.656
10.975598719000118,15.158016,61.187
10.9876176329999,15.197184,61.406
10.999588547000712,15.197184,61.125
11.011654438000733,15.158016,61.375
11.023640200000045,15.158016,61.125
11.035597161000624,15.118848,61.062
11.0489156980002,15.158016,61.125
11.062496642000042,15.158016,61.125
11.075754409000183,15.197184,61.375
11.08762519100037,15.197184,61.125
11.099816463000025,15.197184,61.312
11.11198590999993,15.158016,61.031
11.124094747000527,15.118848,61.218
11.136214048000511,15.118848,61.187
11.150274270999944,15.118848,61.406
11.162308194000616,15.118848,61.125
11.174275459000455,15.118848,61.343
11.186250052000105,15.118848,61.093
11.19820669300043,15.158016,61.281
11.21019296600025,15.158016,61.593
11.222133158999895,15.158016,61.25
11.234076743000514,15.197184,61.406
11.246041672000501,15.197184,61.093
11.257987943999979,15.236352,61.312
11.269947401000536,15.158016,61.0
11.281951883000147,15.158016,61.031
11.293934828000602,15.118848,61.437
11.307419194000431,15.158016,61.312
11.320910920000642,15.158016,61.093
11.334368437000194,15.197184,61.25
11.346391160000167,15.197184,61.156
11.358414970000013,15.197184,61.187
11.370560929000021,15.158016,61.218
11.382525505000558,15.118848,61.406
11.39468138400025,15.118848,61.187
11.40954291000071,15.118848,61.343
11.421576192999964,15.118848,61.031
11.433536098000332,15.118848,61.625
11.445511042999897,15.118848,61.25
11.457473412000581,15.158016,61.468
11.46945210100057,15.158016,61.187
11.481407526000112,15.158016,61.406
11.493396104000567,15.197184,61.093
11.505396393999945,15.197184,61.187
11.517360491000545,15.236352,61.531
11.529336651999984,15.197184,61.093
11.541311212999972,15.158016,61.281
11.55332708700007,15.118848,61.031
11.566847230000349,15.158016,61.187
11.579382704000636,15.197184,61.218
11.592065542000455,15.236352,61.5
11.605354478000663,15.236352,61.25
11.617446195000412,15.197184,61.468
11.62944136400074,15.197184,61.093
11.641486584000631,15.158016,61.25
11.653523035000035,15.118848,61.125
11.667813216000468,15.118848,61.5
11.679851107000104,15.118848,61.187
11.691827396000008,15.118848,61.468
11.703797221000059,15.118848,61.156
11.71583799200016,15.158016,61.312
11.727857611000218,15.158016,61.093
11.73980330700033,15.158016,61.281
11.751819918000365,15.197184,61.5
11.763828912000463,15.197184,61.218
11.775924404000762,15.197184,61.375
11.787930871000754,15.197184,61.062
11.799906328000361,15.158016,61.281
11.812099999000566,15.118848,61.125
11.825466409,15.158016,61.437
11.838738512999953,15.158016,61.406
11.851930486000128,15.197184,61.125
11.865510661999906,15.158016,61.281
11.877534985000239,15.158016,61.093
11.88959278099992,15.158016,61.25
11.90170859400041,15.118848,61.593
11.913781654000559,15.07968,61.156
11.92810393200034,15.07968,61.093
11.940102782000395,15.07968,61.406
11.952089856000384,15.07968,61.156
11.964079297000353,15.07968,61.343
11.976089795000007,15.118848,61.625
11.988034564000372,15.118848,61.25
11.999991268000485,15.118848,61.468
12.012035688000651,15.158016,61.218
12.024035688999902,15.158016,61.375
12.036023018999913,15.197184,61.093
12.048026157000095,15.158016,61.187
12.060062800000196,15.118848,61.5
12.072142228000303,15.07968,61.406
12.085690339999928,15.118848,61.093
12.098931274000279,15.158016,61.281
12.111738915999922,15.158016,61.25
12.125268179000159,15.158016,61.125
12.137397881000652,15.158016,61.25
12.14945526000065,15.118848,61.437
12.16161449900028,15.07968,61.125
12.173702983000112,15.07968,61.406
12.188046158000361,15.07968,61.312
12.200066705000609,15.07968,61.031
12.21211205200052,15.07968,61.25
12.224046196000018,15.07968,61.531
12.236032565000642,15.118848,61.187
12.248066552000637,15.118848,61.406
12.260026457000095,15.118848,61.218
12.271987386000546,15.158016,61.281
12.283962715000598,15.158016,61.593
12.295968317000188,15.197184,61.218
12.307933086000048,15.158016,61.468
12.319922175000102,15.118848,61.062
12.331920769000135,15.118848,61.031
12.345491377000144,15.118848,61.218
12.358723704000113,15.158016,61.281
12.372071905000666,15.158016,61.468
12.385391690000688,15.158016,61.187
12.39744996600075,15.158016,61.343
12.40991855700031,15.158016,61.125
12.422075460000087,15.07968,61.312
12.434193769000558,15.07968,61.25
12.448618675000034,15.07968,61.531
12.460704151000755,15.07968,61.281
12.472676280000087,15.07968,61.437
12.484789916999944,15.07968,61.187
12.496790271000464,15.118848,61.406
12.508763616000579,15.118848,61.156
12.520742914000039,15.118848,61.281
12.532863591000023,15.158016,61.468
12.544853545000478,15.158016,61.125
12.556839593999939,15.197184,61.406
12.568839596000544,15.158016,61.312
12.58081342100013,15.118848,60.906
12.592815055000756,15.07968,61.25
12.605248990000291,15.118848,61.406
12.618577159000779,15.158016,61.406
12.632031604000076,15.158016,61.093
12.645279418000428,15.158016,61.312
12.657369791000747,15.158016,61.187
12.669503205000183,15.118848,61.312
12.681520551000176,15.07968,61.593
12.693611723000686,15.07968,61.468
12.708458529000382,15.07968,61.156
12.72057197400045,15.07968,61.312
12.732557768000333,15.07968,61.156
12.744549321000704,15.07968,61.312
12.75655927600019,15.118848,61.562
12.7685763340005,15.118848,61.187
12.780597200000557,15.118848,61.468
12.792587954000737,15.158016,61.156
12.804565267000726,15.158016,61.375
12.816572373000781,15.197184,61.031
12.828565239000454,15.158016,61.218
12.840548984000634,15.118848,61.406
12.852599771000314,15.07968,61.406
12.864796867000223,15.118848,61.093
12.878432309000345,15.158016,61.312
12.891780607000328,15.158016,61.25
12.90501037300055,15.158016,61.562
12.917114378000406,15.158016,61.187
12.929148973000338,15.118848,61.5
12.94127304199992,15.07968,61.125
12.953454329000124,15.07968,61.0
12.968186091999996,15.07968,61.312
12.98016167700007,15.07968,61.687
12.992073804000029,15.07968,61.218
13.004047725000419,15.07968,61.5
13.016028846000154,15.118848,61.187
13.027998479000416,15.158016,61.343
13.03996952000034,15.118848,61.125
13.051945585000794,15.158016,61.312
13.064038454000183,15.158016,61.531
13.076035192000745,15.197184,61.25
13.088032473000567,15.158016,61.406
13.100011035000534,15.118848,61.093
13.112084639000386,15.07968,61.031
13.125498474000779,15.118848,61.187
13.138912469999923,15.158016,61.531
13.151167455000177,15.197184,61.468
13.164445798000088,15.197184,61.218
13.17659070100035,15.158016,61.375
13.188737811000465,15.158016,61.093
13.20080347900057,15.118848,61.25
13.212882651000655,15.118848,61.218
13.227670447000492,15.118848,61.562
13.239643344000797,15.118848,61.218
13.25163697700009,15.118848,61.468
13.263649236000674,15.118848,61.218
13.275596724000025,15.118848,61.343
13.287606870000673,15.158016,61.093
13.299595191000662,15.158016,61.25
13.311720125000647,15.158016,61.437
13.323703582000235,15.158016,61.187
13.335709568000311,15.197184,61.343
13.347697826000513,15.158016,61.093
13.359685923000143,15.118848,61.156
13.37167181299992,15.118848,61.187
13.38507940799991,15.118848,61.437
13.397111699000561,15.158016,61.093
13.410657218000779,15.197184,61.343
13.42393178600014,15.158016,61.281
13.436302230000365,15.158016,61.062
13.448454173000755,15.158016,61.218
13.460545569000715,15.118848,61.406
13.472710920000281,15.07968,61.406
13.487645760000305,15.07968,61.156
13.4996072010008,15.118848,61.343
13.511728870000297,15.118848,61.187
13.523782634000781,15.118848,61.281
13.535774923000645,15.118848,61.593
13.547768172999895,15.158016,61.312
13.559751790000519,15.158016,61.406
13.5717694570003,15.158016,61.156
13.58374014600031,15.197184,61.312
13.595732499000405,15.197184,61.031
13.607698675999927,15.158016,61.218
13.619661269000062,15.118848,61.406
13.631686135000564,15.118848,61.312
13.644977407000624,15.118848,60.968
13.657028035000621,15.158016,61.312
13.67026868100038,15.197184,61.062
13.683647859000303,15.197184,61.312
13.69573477600079,15.197184,61.531
13.707831452000391,15.158016,61.437
13.719947522000439,15.118848,61.093
13.732302254000388,15.118848,61.375
13.747544847000427,15.118848,61.312
13.759835898000347,15.118848,61.593
13.772307240999908,15.118848,61.281
13.784605876000569,15.118848,61.5
13.796882270000424,15.158016,61.093
13.80908707800063,15.158016,61.437
13.821237004000068,15.158016,61.125
13.833262350000041,15.158016,61.25
13.845254928000031,15.197184,61.625
13.857234961000358,15.197184,61.218
13.86923329900037,15.158016,61.406
13.881200052000167,15.158016,61.218
13.893697284000154,15.118848,61.062
13.90702103700005,15.118848,61.156
13.920438456000738,15.158016,61.156
13.932831302000523,15.158016,61.468
13.94620600000053,15.158016,61.25
13.958217234000585,15.158016,61.312
13.970263733000138,15.118848,61.093
13.982401498999934,15.07968,61.25
13.994504224000593,15.07968,61.218
14.007972429000802,15.07968,61.531
14.020007344000078,15.07968,61.156
14.032025874000283,15.07968,61.437
14.044022100000802,15.07968,61.187
14.056028374000562,15.118848,61.281
14.068071289000727,15.158016,61.718
14.080056730000251,15.118848,61.281
14.092057692000708,15.158016,61.468
14.104020509000293,15.158016,61.187
14.11598918100026,15.197184,61.312
14.128002976000062,15.158016,61.125
14.13999126500039,15.118848,61.218
14.152029412000047,15.07968,61.5
14.165368973000113,15.118848,61.406
14.178923197000586,15.158016,61.187
14.190841340000588,15.197184,61.375
14.204215078000743,15.197184,61.281
14.216299979000723,15.158016,61.093
14.228418032000263,15.158016,61.156
14.240547862000312,15.118848,61.5
14.252650362000168,15.118848,61.468
14.26755109000078,15.118848,61.187
14.279543123000622,15.118848,61.312
14.291520948000652,15.118848,61.062
14.303516502000093,15.118848,61.312
14.315525528000762,15.118848,61.562
14.327516057000139,15.158016,61.281
14.339494267000191,15.118848,61.406
14.351525149000736,15.158016,61.218
14.363521823000156,15.158016,61.281
14.375484959999994,15.197184,61.125
14.387425312000232,15.158016,61.25
14.399384736000684,15.118848,61.406
14.41157194400057,15.07968,61.125
14.42492894499992,15.118848,61.062
14.43824802600011,15.158016,61.281
14.451565571000174,15.158016,61.187
14.46537074600019,15.158016,61.562
14.47758525000063,15.158016,61.187
14.489706727000339,15.118848,61.406
14.501854060999904,15.07968,61.156
14.514008627000294,15.07968,61.125
14.528901611000038,15.07968,61.187
14.540920845000073,15.07968,61.593
14.553065171000526,15.07968,61.25
14.565069525000581,15.07968,61.5
14.577120664000176,15.118848,61.156
14.589095289000397,15.118848,61.406
14.601210814000297,15.118848,61.156
14.61324748900006,15.158016,61.25
14.625267492000603,15.158016,61.562
14.637251077000656,15.197184,61.156
14.649212676999923,15.158016,61.406
14.661212134999914,15.118848,61.187
14.67393049400016,15.07968,61.0
14.687314953000168,15.07968,61.125
14.700501805000386,15.118848,61.156
14.713887064000119,15.118848,61.406
14.72706236400063,15.118848,61.156
14.739360231000319,15.118848,61.406
14.751469260000704,15.07968,61.187
14.763564335999945,15.040512000000001,61.281
14.775654805000158,15.040512000000001,61.218
14.78885173800063,15.040512000000001,61.468
14.800873180000053,15.07968,61.156
14.812920095000663,15.07968,61.375
14.824921761000041,15.07968,61.125
14.836936323000373,15.07968,61.281
14.848931043999983,15.118848,61.625
14.861058506000518,15.118848,61.218
14.87305684400053,15.118848,61.5
14.885050701000182,15.158016,61.093
14.897065007000492,15.158016,61.375
14.909067729000526,15.118848,61.031
14.921146805000717,15.118848,61.187
14.93326745000013,15.07968,61.187
14.945976881000206,15.118848,61.375
14.958984976000465,15.158016,61.125
14.971631365000576,15.158016,61.343
14.985079154000232,15.158016,61.281
14.997092659999907,15.158016,61.656
15.009150583000519,15.158016,61.25
15.021242556000288,15.118848,61.5
15.033387842000593,15.07968,61.187
15.047650118000092,15.07968,61.406
15.05963267900006,15.118848,61.406
15.071631401000559,15.118848,61.093
15.083594536999954,15.07968,61.312
15.095600459000707,15.118848,61.593
15.107604653000635,15.158016,61.25
15.119581710000602,15.118848,61.406
15.131550830999913,15.158016,61.125
15.143547505000242,15.158016,61.218
15.155500273000143,15.197184,61.687
15.167506579000474,15.158016,61.218
15.179471987999932,15.118848,61.406
15.191430836000109,15.07968,61.062
15.204913250000573,15.118848,61.031
15.21851057799995,15.158016,61.25
15.231770936999965,15.158016,61.281
15.24504905699996,15.158016,61.437
15.257140517000153,15.158016,61.218
15.2692633380002,15.118848,61.375
15.281393264000144,15.07968,61.093
15.29339854600039,15.07968,61.312
15.308084066999982,15.07968,61.312
15.320053539000583,15.07968,61.562
15.332039077000445,15.07968,61.25
15.344006405000073,15.07968,61.406
15.355967846000567,15.118848,61.156
15.367978152000433,15.118848,61.406
15.37996365700019,15.118848,61.093
15.391952683000454,15.158016,61.25
15.403954605000763,15.158016,61.406
15.416024144000403,15.197184,61.25
15.428006832999927,15.158016,61.375
15.43999605099998,15.118848,61.031
15.45205394200002,15.07968,61.281
15.465638215000581,15.118848,61.156
15.478628358000606,15.158016,61.437
15.491974127000503,15.158016,61.218
15.505114130000038,15.158016,61.156
15.517390524000803,15.158016,61.281
15.52956870700018,15.118848,61.031
15.541646919000414,15.07968,61.156
15.553684234000684,15.07968,61.562
15.568122516000585,15.07968,61.437
15.580099925000468,15.07968,61.156
15.592033300000367,15.07968,61.406
15.604021110000758,15.07968,61.125
15.616027832000327,15.118848,61.312
15.628040313999918,15.118848,61.625
15.640017211000668,15.118848,61.25
15.652007323999896,15.158016,61.406
15.663992796999992,15.158016,61.093
15.675990495000406,15.197184,61.375
15.687975392000226,15.158016,61.093
15.699950529000489,15.118848,61.187
15.712071494000156,15.07968,61.468
15.72550837000017,15.118848,61.406
15.739081826000074,15.158016,61.156
15.75138100500044,15.197184,61.406
15.764086851000684,15.197184,61.156
15.7762241370001,15.158016,61.312
15.788377294999918,15.158016,61.531
15.800395025000398,15.118848,61.375
15.812561304000155,15.118848,61.187
15.826195850000659,15.118848,61.406
15.838176331000795,15.118848,61.187
15.850123947000611,15.118848,61.281
15.86212977300056,15.118848,61.625
15.87408983700061,15.118848,61.218
15.886094799000603,15.158016,61.5
15.898039087000143,15.158016,61.218
15.910031665000133,15.158016,61.312
15.92198411300069,15.197184,61.125
15.933931440999913,15.197184,61.218
15.945912114000748,15.158016,61.5
15.957854322000458,15.118848,61.218
15.969841490999897,15.118848,61.125
15.983263871000418,15.118848,61.281
15.996470660000341,15.158016,61.218
16.010089430000335,15.197184,61.531
16.023464032000447,15.197184,61.156
16.035572709000007,15.158016,61.437
16.047610951000024,15.158016,61.156
16.059750413000074,15.118848,61.343
16.07181745700018,15.07968,61.312
16.08671687200058,15.07968,61.656
16.098707209000167,15.07968,61.25
16.11074756400012,15.118848,61.562
16.12274487800005,15.118848,61.218
16.134753872000147,15.118848,61.437
16.146764658000393,15.158016,61.187
16.158754226999918,15.158016,61.312
16.170775509000123,15.158016,61.562
16.182762518000345,15.158016,61.437
16.194768344000295,15.197184,61.406
16.206751865000115,15.158016,61.406
16.21874709900021,15.118848,60.937
16.230737084000793,15.118848,61.187
16.24393548900025,15.118848,61.468
16.256020101000104,15.158016,61.156
16.269430321000073,15.158016,61.125
16.282814939000673,15.158016,61.406
16.29496464100066,15.158016,61.093
16.307084134000434,15.118848,61.343
16.319138314000156,15.07968,61.625
16.331215694000093,15.07968,61.531
16.344987395000317,15.07968,61.281
16.356982213000265,15.07968,61.406
16.36897783099994,15.07968,61.187
16.380967848000182,15.118848,61.312
16.392942313000276,15.118848,61.125
16.404937258000245,15.158016,61.343
16.416955373000746,15.118848,61.625
16.42898868700013,15.158016,61.187
16.440963472000476,15.158016,61.406
16.452954449000572,15.197184,61.125
16.464971924000565,15.158016,61.375
16.47698200600007,15.118848,61.593
16.489152156000273,15.118848,61.187
16.50228054300078,15.118848,61.125
16.51556906299993,15.158016,61.375
16.529021074999946,15.158016,61.312
16.542322330999923,15.158016,61.093
16.554510498000127,15.158016,61.281
16.566713130000608,15.158016,61.531
16.578797582000334,15.118848,61.156
16.5909449159999,15.07968,61.375
16.605035796000266,15.07968,61.281
16.61715832900063,15.118848,61.156
16.62918748300035,15.118848,61.281
16.641175069000383,15.118848,61.562
16.65314649300035,15.118848,61.187
16.665171168000597,15.158016,61.406
16.677152289000333,15.118848,61.218
16.689124226000786,15.158016,61.312
16.701105027000267,15.158016,61.093
16.71312051700079,15.197184,61.187
16.72509354200065,15.158016,61.562
16.737108199999966,15.118848,61.0
16.74916529100028,15.118848,61.031
16.762872383000285,15.118848,61.281
16.776106405000064,15.158016,61.031
16.78939742000057,15.197184,61.531
16.802707477000695,15.197184,61.156
16.81478146400059,15.158016,61.375
16.826885213000423,15.158016,61.156
16.838948576000803,15.118848,61.343
16.851382831000592,15.07968,61.281
16.866179971000747,15.118848,61.625
16.878215782000552,15.118848,61.218
16.89018720600052,15.118848,61.468
16.902334412000528,15.118848,61.25
16.914347246000034,15.118848,61.375
16.926324847000615,15.158016,61.156
16.938295184000708,15.158016,61.343
16.950477719000446,15.158016,61.468
16.962503353000102,15.158016,61.218
16.97450002700043,15.197184,61.437
16.986501084000338,15.158016,61.125
16.998499774000265,15.158016,61.218
17.0105467530002,15.118848,61.187
17.024388825000642,15.118848,61.437
17.038024683000003,15.158016,61.406
17.051339795000786,15.197184,61.093
17.06483657700028,15.158016,61.343
17.07703428000059,15.158016,61.125
17.089228271000138,15.118848,61.312
17.101393398000255,15.118848,61.218
17.11350537100043,15.07968,61.531
17.127686781000193,15.118848,61.187
17.139663198000562,15.07968,61.468
17.1516546870007,15.118848,61.156
17.16360991900001,15.118848,61.406
17.175588607999998,15.118848,61.562
17.187577761000284,15.158016,61.281
17.199535906000165,15.158016,61.5
17.2116148540008,15.158016,61.406
17.223601991000578,15.158016,61.093
17.23560378500042,15.197184,61.343
17.247568553000747,15.158016,61.125
17.25958977100072,15.158016,61.093
17.2723168980001,15.07968,61.406
17.285572297000726,15.118848,61.312
17.29894075500033,15.158016,61.156
17.312228282999968,15.158016,61.281
17.325594404000185,15.158016,61.281
17.3378240130005,15.158016,61.531
17.350083318000543,15.118848,61.218
17.362359424000715,15.07968,61.437
17.374538151000706,15.07968,61.218
17.38804955700016,15.118848,61.375
17.400103192000643,15.118848,61.125
17.41223033300048,15.118848,61.281
17.424262496000665,15.118848,61.562
17.436323779000304,15.118848,61.406
17.448297988000377,15.158016,61.25
17.460313350000433,15.158016,61.343
17.472478893000698,15.158016,61.156
17.484608082000705,15.158016,61.218
17.49667899800079,15.197184,61.5
17.50868175100004,15.158016,61.25
17.52080287700028,15.158016,61.218
17.534413774000313,15.07968,61.25
17.548006429999987,15.118848,60.906
17.56118918700031,15.158016,61.562
17.574726226000166,15.158016,61.187
17.587926711000364,15.158016,61.437
17.600088605000565,15.158016,61.187
17.612419176000003,15.118848,61.406
17.62453166100022,15.07968,61.062
17.63675189300011,15.07968,61.625
17.64999445900048,15.118848,61.25
17.662109664000127,15.118848,61.531
17.674088321000454,15.118848,61.25
17.686039905000143,15.118848,61.437
17.697998818000087,15.118848,61.093
17.7101093830006,15.118848,61.375
17.722191083000325,15.158016,61.687
17.734172940000462,15.158016,61.218
17.746159213000283,15.158016,61.406
17.758145486000103,15.197184,61.187
17.770128431000558,15.158016,61.375
17.782088271000248,15.158016,61.156
17.795884262000072,15.07968,61.531
17.809281679999913,15.118848,61.218
17.821427158000006,15.158016,61.406
17.834540057000595,15.158016,61.375
17.84797178000008,15.158016,61.062
17.860063465000167,15.158016,61.406
17.872198190000745,15.118848,61.687
17.884348915999908,15.07968,61.187
17.896404183000413,15.07968,61.187
17.909732896000605,15.07968,61.468
17.921683584000675,15.118848,61.187
17.933641856000577,15.118848,61.406
17.94560009700035,15.118848,61.156
17.95756627300034,15.118848,61.312
17.969520704999923,15.118848,61.593
17.9814804180005,15.158016,61.156
17.99344732999998,15.158016,61.406
18.00584830400021,15.158016,61.062
18.018173147000198,15.197184,61.375
18.029668173000573,15.158016,61.656
18.041877301000568,15.158016,61.125
18.055469094000728,15.07968,61.093
18.068518374000632,15.118848,61.281
18.08206642100049,15.158016,61.156
18.09429545400053,15.158016,61.343
18.10704318900025,15.197184,61.281
18.11942480200014,15.158016,61.562
18.131769678000637,15.158016,61.218
18.143289153000296,15.118848,61.406
18.155710959000317,15.118848,61.125
18.1690189990004,15.118848,61.437
18.18125222300023,15.118848,61.312
18.193470055000034,15.118848,61.625
18.205748209000376,15.118848,61.25
18.218052060000446,15.158016,61.406
18.23031136500049,15.158016,61.281
18.242539469000803,15.158016,61.406
18.254807607000657,15.197184,61.187
18.26706944000034,15.197184,61.25
18.27937130600003,15.236352,61.531
18.290803995000715,15.197184,61.25
18.30336500500016,15.197184,61.062
18.317323208000744,15.118848,61.312
18.329590610000196,15.158016,61.0
18.342432012000245,15.197184,61.562
18.35492438000074,15.236352,61.25
18.36722915900009,15.236352,61.406
18.379682358000537,15.236352,61.281
18.392034305999914,15.197184,61.375
18.40441755000029,15.158016,61.031
18.416818204000265,15.158016,61.625
18.43034938600067,15.158016,61.218
18.44259144300031,15.158016,61.5
18.4548629410001,15.158016,61.281
18.46717440700013,15.158016,61.437
18.479437489000702,15.197184,61.156
18.491606551000586,15.197184,61.281
18.50381635100075,15.197184,61.531
18.516051687000072,15.197184,61.406
18.528294800000367,15.197184,61.156
18.54057049000039,15.236352,61.406
18.552312564000204,15.197184,61.218
18.56435240600058,15.197184,61.187
18.578115852000337,15.118848,61.5
18.591308945000492,15.158016,61.406
18.60479199800011,15.197184,61.218
18.618414543000654,15.197184,61.25
18.631238153000595,15.236352,61.343
18.642957602000024,15.236352,61.218
18.655397649000406,15.197184,61.218
18.66777871800059,15.158016,61.437
18.68013962600071,15.158016,61.406
18.695240935000584,15.158016,61.187
18.70759182600068,15.158016,61.375
18.71953355400001,15.197184,61.187
18.73127422000016,15.197184,61.343
18.74357679000059,15.236352,61.5
18.75585040000078,15.236352,61.281
18.768264302000716,15.236352,61.218
18.780589177000365,15.27552,61.406
18.7928631700006,15.27552,61.125
18.805136332000075,15.27552,61.281
18.81739016500069,15.197184,61.406
18.829757185000744,15.197184,61.093
18.842498775999957,15.197184,61.312
18.855449718000273,15.236352,61.25
18.86850741500075,15.236352,61.125
18.881945090000045,15.236352,61.312
18.894534677000593,15.236352,61.593
18.906677595000474,15.197184,61.5
18.918867074000445,15.158016,61.156
18.931013096000243,15.158016,61.375
18.943149037000694,15.118848,61.187
18.955082573000254,15.158016,61.343
18.96709883099993,15.158016,61.593
18.979104624000684,15.158016,61.25
18.99110491400006,15.158016,61.5
19.003099795000708,15.197184,61.218
19.015170358999967,15.197184,61.406
19.027280860000246,15.197184,61.187
19.039272541000173,15.236352,61.281
19.051276222000524,15.236352,61.593
19.063403332000235,15.236352,61.218
19.075432229999933,15.197184,61.437
19.087508842000716,15.197184,61.218
19.100069692000034,15.158016,61.062
19.113339299000472,15.197184,61.218
19.12663425000028,15.197184,61.531
19.139554919000147,15.236352,61.437
19.152128280999932,15.197184,61.218
19.164365346000523,15.197184,61.406
19.176502246999917,15.158016,61.125
19.188735344000634,15.118848,61.218
19.202515654000308,15.118848,61.281
19.214726316999986,15.158016,61.5
19.226799889000176,15.158016,61.187
19.238761297000565,15.158016,61.437
19.250741202000427,15.158016,61.218
19.262735891000375,15.158016,61.312
19.274744533000558,15.158016,61.656
19.28672971800006,15.197184,61.25
19.298721527999987,15.197184,61.437
19.310815675999947,15.197184,61.156
19.322828318000575,15.236352,61.375
19.334848096000314,15.158016,61.125
19.346866562000287,15.158016,61.531
19.360288781000236,15.118848,61.156
19.373526707000565,15.158016,61.406
19.386860252000588,15.197184,61.406
19.400137091000033,15.197184,61.125
19.412941372000205,15.158016,61.343
19.42507235300036,15.158016,61.656
19.437250024000605,15.118848,61.281
19.449357997000334,15.118848,61.5
19.462166885999977,15.118848,61.406
19.474268363000192,15.118848,61.156
19.486223019000136,15.118848,61.312
19.498176971000248,15.118848,61.218
19.51012471500053,15.118848,61.281
19.522092971000347,15.158016,61.562
19.534044236000227,15.158016,61.218
19.54598391500076,15.158016,61.375
19.557962444000623,15.158016,61.125
19.5700327200002,15.197184,61.281
19.58233970600031,15.197184,61.593
19.59446531100002,15.158016,61.281
19.60647545700067,15.158016,61.343
19.618967377000445,15.118848,61.218
19.63175665000017,15.158016,61.093
19.64501588800067,15.158016,61.25
19.658221141000467,15.197184,61.531
19.67127848600012,15.158016,61.531
19.68341750000036,15.158016,61.281
19.695797544000015,15.118848,61.406
19.7078755320008,15.07968,61.125
19.721800230000554,15.07968,61.343
19.733894474000408,15.07968,61.125
19.74587255500046,15.07968,61.531
19.75786775600045,15.07968,61.312
19.770129109000663,15.07968,61.5
19.782087221999973,15.118848,61.25
19.794090231000155,15.118848,61.406
19.806132153999897,15.118848,61.062
19.81808889000058,15.158016,61.218
19.830016409000564,15.158016,61.5
19.841954361000717,15.197184,61.156
19.85394111400001,15.118848,61.406
19.865943131000677,15.118848,60.968
19.880080092000753,15.040512000000001,61.031
19.8935583450002,15.07968,61.218
19.90603996000027,15.118848,61.562
19.919172219000757,15.118848,61.437
19.93162855400078,15.118848,61.187
19.943967060999967,15.118848,61.375
19.956131260000802,15.07968,61.156
19.968253537000237,15.07968,61.218
19.980399206000584,15.040512000000001,61.218
19.994773486000668,15.07968,61.5
20.00676276700051,15.07968,61.25
20.018765808000353,15.07968,61.406
20.03075201699994,15.07968,61.187
20.042730610000035,15.07968,61.343
20.054729555999984,15.118848,61.718
20.066751158000443,15.118848,61.187
20.07875176700054,15.118848,61.468
20.09078172200043,15.158016,61.125
20.102767515000778,15.158016,61.343
20.114756636000493,15.118848,61.156
20.126743165000335,15.118848,61.406
20.14050097800009,15.040512000000001,61.187
20.15367275800054,15.07968,61.406
20.165626486000292,15.118848,61.156
20.17900099200051,15.118848,61.312
20.191514832000394,15.118848,61.312
20.203628053000102,15.118848,61.656
20.215724089000105,15.07968,61.187
20.227841726000406,15.040512000000001,61.437
20.239987492000182,15.040512000000001,61.218
20.25367922300029,15.07968,61.406
20.2656506480007,15.040512000000001,61.156
20.277617624000413,15.07968,61.375
20.289583321000464,15.07968,61.687
20.301552120999986,15.118848,61.562
20.313549946999956,15.118848,61.531
20.3255046029999,15.118848,61.437
20.337463931000457,15.118848,61.093
20.349390201999995,15.158016,61.281
20.361443677000352,15.197184,61.625
20.3735249930005,15.118848,61.218
20.385461153000506,15.118848,61.343
20.397391328000595,15.07968,61.093
20.410820172000058,15.07968,61.312
20.424231351000344,15.118848,61.25
20.43727445500008,15.158016,61.562
20.450574430000415,15.118848,61.156
20.46272202,15.118848,61.468
20.475020366000535,15.118848,61.468
20.487076369000533,15.07968,61.125
20.499181206000685,15.040512000000001,61.25
20.514089741000134,15.07968,61.687
20.52608596600021,15.07968,61.312
20.538024014000257,15.07968,61.531
20.549962701999902,15.07968,61.437
20.562186838000343,15.07968,61.125
20.57417003899991,15.118848,61.406
20.586152600000787,15.118848,61.687
20.59784961600053,15.158016,61.281
20.609863858000608,15.158016,61.5
20.62187525200079,15.197184,61.187
20.63391509400026,15.158016,61.406
20.645905015000608,15.118848,61.031
20.65823021000051,15.07968,61.281
20.6717146710007,15.118848,61.187
20.685003319000316,15.118848,61.531
20.698423746000117,15.158016,61.5
20.711844749000193,15.158016,61.125
20.72403714000029,15.118848,61.406
20.73612258400044,15.118848,61.125
20.74817132299995,15.07968,61.281
20.760402787000203,15.07968,61.468
20.77475281000079,15.07968,61.5
20.786735786999998,15.07968,61.218
20.798701259000154,15.07968,61.375
20.81075262200011,15.07968,61.218
20.82273796700065,15.118848,61.25
20.834719184000278,15.118848,61.656
20.846840117000283,15.118848,61.281
20.858804084999974,15.158016,61.406
20.870801590000156,15.158016,61.125
20.882762582000396,15.197184,61.375
20.895320712000284,15.158016,61.125
20.907741078000072,15.118848,61.343
20.9219067110007,15.07968,61.156
20.934929815000032,15.118848,61.25
20.947766897000292,15.158016,61.343
20.96051277600054,15.197184,61.156
20.973772590000408,15.158016,61.25
20.98606709700016,15.158016,61.656
20.99841827599994,15.118848,61.25
21.009936823000317,15.118848,61.406
21.02210643000035,15.07968,61.437
21.035273314000733,15.118848,61.187
21.047277059000407,15.118848,61.343
21.05943597700025,15.118848,61.687
21.07165598500069,15.118848,61.218
21.08365441800015,15.118848,61.531
21.095625042999927,15.158016,61.312
21.10760184300034,15.158016,61.375
21.11963067800025,15.158016,61.187
21.13162821500009,15.158016,61.25
21.143618488000357,15.197184,61.593
21.155601049000325,15.158016,61.25
21.167590777999976,15.158016,61.406
21.180773502000193,15.07968,61.312
21.19406557399998,15.118848,61.0
21.206802973000777,15.158016,61.312
21.219139272000575,15.197184,61.187
21.232673463000538,15.158016,61.437
21.244919647000643,15.158016,61.25
21.257159464000324,15.158016,61.468
21.26925879600003,15.07968,61.093
21.281264334000298,15.07968,61.312
21.294722714000272,15.07968,61.656
21.30680191800002,15.07968,61.531
21.31874082900049,15.118848,61.281
21.330740542000058,15.118848,61.468
21.342708703000426,15.118848,61.187
21.354693376000796,15.158016,61.437
21.36665216000074,15.118848,61.656
21.378585247000046,15.158016,61.281
21.39058198500061,15.158016,61.468
21.40258128200003,15.197184,61.281
21.414570499000547,15.158016,61.375
21.426539332000175,15.118848,61.031
21.438653896000687,15.07968,61.25
21.45215983000071,15.118848,61.125
21.465452285000538,15.158016,61.5
21.478910442000597,15.158016,61.156
21.491113361000316,15.158016,61.375
21.50329256800069,15.158016,61.25
21.515423837000526,15.118848,61.343
21.527482336000503,15.07968,61.218
21.539671430999988,15.07968,61.531
21.55452079600036,15.07968,61.218
21.56650242900014,15.07968,61.437
21.578541440000663,15.07968,61.406
21.590547841000443,15.118848,61.156
21.6025374740002,15.118848,61.25
21.61469159200078,15.158016,61.562
21.627015475000007,15.158016,61.187
21.639036885000678,15.158016,61.406
21.651127257000553,15.158016,61.218
21.66316946799998,15.197184,61.312
21.675154973000645,15.158016,61.718
21.687152477999916,15.118848,61.187
21.699221793000106,15.118848,61.437
21.712539144999937,15.118848,61.343
21.72586517000036,15.158016,61.156
21.73920284199994,15.158016,61.125
21.75254457900064,15.158016,61.218
21.764769195000554,15.158016,61.687
21.77685825500066,15.118848,61.218
21.78896965200056,15.07968,61.5
21.801089945000058,15.07968,61.218
21.814622503000464,15.07968,61.375
21.826699691000613,15.07968,61.218
21.838744973000757,15.07968,61.593
21.850719790000767,15.07968,61.312
21.862735184000485,15.118848,61.531
21.87470404800024,15.118848,61.187
21.88670475300023,15.118848,61.343
21.89870142700056,15.158016,61.156
21.910802807000437,15.158016,61.281
21.92277304700019,15.197184,61.656
21.934777080999993,15.158016,61.187
21.946764506000363,15.118848,61.343
21.958801499999936,15.07968,61.093
21.97227168900008,15.118848,61.0
21.985443661000318,15.158016,61.281
21.9986297129999,15.158016,61.5
22.011832214000606,15.158016,61.218
22.023974747000466,15.158016,61.25
22.036124513000686,15.118848,61.375
22.0483047430007,15.07968,61.125
22.06041892400026,15.07968,61.656
22.075383205000435,15.07968,61.281
22.08738535000066,15.118848,61.531
22.099382311000227,15.07968,61.218
22.111537069000406,15.07968,61.437
22.123522414000035,15.118848,61.218
22.13551563100009,15.118848,61.375
22.147535985000104,15.118848,61.562
22.159543859000223,15.158016,61.25
22.17156725299992,15.158016,61.437
22.183577845999935,15.197184,61.281
22.19561416900069,15.158016,61.343
22.207618041999922,15.118848,61.031
22.22002432699992,15.07968,61.531
22.233331791000637,15.118848,61.156
22.246942464000313,15.158016,61.406
22.259092006000174,15.197184,61.406
22.272811546000412,15.158016,61.187
22.28487897300056,15.158016,61.343
22.29697494500033,15.118848,61.75
22.309245482000733,15.07968,61.25
22.321426289000556,15.07968,61.531
22.335451662000196,15.118848,61.437
22.34743713500029,15.118848,61.25
22.359415472000364,15.118848,61.406
22.371406129000206,15.118848,61.718
22.383378577000258,15.118848,61.312
22.395372370000587,15.158016,61.531
22.407384404000368,15.158016,61.218
22.419374677000633,15.158016,61.406
22.431359797999903,15.197184,61.125
22.443344246999914,15.197184,61.312
22.455364761000055,15.158016,61.687
22.467351194000003,15.158016,61.156
22.479707941000015,15.118848,61.406
22.493019789000755,15.118848,61.343
22.506178545000694,15.158016,61.125
22.519534874000783,15.158016,61.25
22.53275663900058,15.158016,61.25
22.54478685000049,15.158016,61.531
22.556898886000454,15.118848,61.25
22.56899569000052,15.07968,61.375
22.58108161400014,15.07968,61.187
22.594762465000713,15.07968,61.343
22.606780195000283,15.118848,61.656
22.618944585000463,15.07968,61.343
22.630940202000602,15.118848,61.281
22.643703874000494,15.118848,61.406
22.655937002000428,15.158016,61.187
22.668312566000168,15.158016,61.406
22.6803230000005,15.158016,61.093
22.692313913000362,15.197184,61.281
22.70433298700027,15.197184,61.531
22.7163841900001,15.158016,61.312
22.728388255000027,15.158016,61.281
22.74169421500028,15.07968,61.312
22.753851565000332,15.118848,61.0
22.7660250429999,15.158016,61.218
22.779491295000298,15.158016,61.5
22.79282551200049,15.158016,61.468
22.80487633100074,15.158016,61.281
22.816969839000194,15.118848,61.375
22.828997233000337,15.07968,61.156
22.84114626200062,15.07968,61.625
22.856181744999958,15.07968,61.281
22.868205363000015,15.118848,61.531
22.880211893000705,15.118848,61.25
22.892218773999957,15.118848,61.468
22.904303994000657,15.118848,61.156
22.91633228400042,15.118848,61.406
22.92829740400066,15.158016,61.718
22.940270140999928,15.158016,61.312
22.952258717000404,15.158016,61.343
22.964270942999974,15.197184,61.281
22.976274208000177,15.158016,61.437
22.988268130000506,15.118848,61.0
23.000701744000253,15.07968,61.531
23.014049465000426,15.118848,61.187
23.027456003000225,15.158016,61.437
23.041013490000296,15.158016,61.406
23.05425448799997,15.158016,61.125
23.066376637000758,15.118848,61.281
23.07854176300043,15.118848,61.656
23.090704489000018,15.07968,61.187
23.10278932500023,15.040512000000001,61.218
23.117301912000585,15.07968,61.406
23.129291193000427,15.07968,61.187
23.141273338000246,15.07968,61.343
23.153283995000493,15.07968,61.718
23.165320670000256,15.07968,61.312
23.17729574200075,15.118848,61.656
23.189297920000172,15.118848,61.218
23.20142368500001,15.118848,61.406
23.213391141000102,15.158016,61.156
23.22534387700034,15.158016,61.312
23.23733239000012,15.118848,61.593
23.24939898499997,15.118848,61.406
23.262578189000124,15.040512000000001,61.093
23.275341637000565,15.07968,61.281
23.288766192000367,15.118848,61.125
23.300747825000144,15.158016,61.093
23.313986390000537,15.118848,61.281
23.32607394600018,15.118848,61.593
23.33813484500024,15.07968,61.156
23.35015897500034,15.040512000000001,61.468
23.362369895000484,15.040512000000001,61.343
23.376109467000788,15.040512000000001,61.125
23.388071131000288,15.040512000000001,61.343
23.400070524000512,15.07968,61.562
23.4121433600003,15.07968,61.25
23.424115840000013,15.07968,61.406
23.436211140000523,15.118848,61.218
23.448204068999985,15.118848,61.343
23.460221543000443,15.118848,61.687
23.472235881000415,15.158016,61.343
23.484361966000506,15.158016,61.5
23.496360367000307,15.118848,61.281
23.508316463000483,15.118848,61.312
23.520292528000027,15.07968,61.093
23.533775997000703,15.118848,61.031
23.547124614000495,15.118848,61.312
23.560333930000525,15.158016,61.218
23.573636018000798,15.158016,61.406
23.585674420000032,15.158016,61.281
23.597705142999985,15.118848,61.437
23.60975068100015,15.07968,61.093
23.62173625000014,15.07968,61.281
23.635753687000033,15.07968,61.531
23.64775544800068,15.07968,61.531
23.65979538600004,15.07968,61.187
23.672381645000314,15.07968,61.343
23.68443598400063,15.118848,61.187
23.696567925000636,15.158016,61.343
23.708596183000736,15.118848,61.593
23.72062904900031,15.158016,61.187
23.73265045900007,15.158016,61.406
23.74464678000004,15.197184,61.187
23.756660861000455,15.158016,61.343
23.768662367000616,15.118848,61.062
23.78065792000052,15.118848,61.437
23.79399488800027,15.118848,61.125
23.806455959000232,15.158016,61.437
23.820048103000772,15.197184,61.093
23.832016104000104,15.197184,61.406
23.84402724100073,15.197184,61.156
23.85608529199999,15.158016,61.281
23.86821729700023,15.118848,61.562
23.880292692000694,15.118848,61.5
23.895201035000355,15.118848,61.156
23.90722410900071,15.118848,61.406
23.919284464000157,15.118848,61.156
23.931293170000572,15.118848,61.406
23.943284755000604,15.118848,61.625
23.95528392400047,15.158016,61.593
23.967293141000482,15.158016,61.25
23.97928642200077,15.158016,61.406
23.99127429500004,15.158016,61.062
24.003276664000623,15.197184,61.406
24.01534716400056,15.158016,61.531
24.02732300400021,15.118848,61.218
24.03932713300037,15.118848,61.375
24.052760520999982,15.118848,61.343
24.06594986900018,15.158016,61.093
24.07915893000063,15.158016,61.312
24.092630782000015,15.158016,61.531
24.10477238800013,15.158016,61.312
24.11684880700068,15.118848,61.437
24.128858377000142,15.07968,61.375
24.141165075000572,15.07968,61.187
24.15602256800048,15.07968,61.343
24.1680220570006,15.07968,61.687
24.179986794000797,15.07968,61.468
24.191970986000342,15.07968,61.25
24.20396173900008,15.118848,61.437
24.215957996000725,15.118848,61.281
24.22793684499993,15.118848,61.406
24.23992471800011,15.158016,61.656
24.25194244800059,15.158016,61.25
24.26397435400031,15.197184,61.406
24.27598273900003,15.158016,61.156
24.28797797200059,15.118848,61.312
24.300019959000565,15.07968,61.031
24.313580358000763,15.118848,61.5
24.326852107999912,15.158016,61.281
24.339925005000623,15.158016,61.468
24.35306484800003,15.158016,61.25
24.365157428000202,15.118848,61.218
24.37734588300009,15.118848,61.375
24.38936374000059,15.07968,61.718
24.401541635000285,15.040512000000001,61.281
24.415150419000383,15.07968,61.562
24.427150293000523,15.07968,61.25
24.439126453000426,15.07968,61.468
24.45110523800031,15.07968,61.25
24.4631162149999,15.118848,61.406
24.475084792000416,15.118848,61.812
24.487036855000042,15.118848,61.281
24.49900959200022,15.158016,61.468
24.511045754000406,15.158016,61.406
24.523189215000457,15.197184,61.156
24.535161280000466,15.118848,61.343
24.547151137000583,15.118848,61.593
24.559127713000635,15.07968,61.187
24.57244519300002,15.118848,61.437
24.585917238000548,15.118848,61.406
24.599050104000526,15.158016,61.125
24.61153834400011,15.158016,61.406
24.623643884000558,15.158016,61.625
24.635757105000266,15.118848,61.25
24.64781438800037,15.07968,61.593
24.659930840000015,15.07968,61.156
24.672001851999994,15.07968,61.468
24.683988316000068,15.118848,61.156
24.695676084000297,15.118848,61.343
24.707813945000453,15.118848,61.75
24.71983983500013,15.118848,61.625
24.732008897000014,15.158016,61.312
24.74411795800006,15.118848,61.437
24.756247051000173,15.158016,61.218
24.76841684900046,15.197184,61.343
24.780402770000364,15.197184,61.656
24.79245077199994,15.158016,61.25
24.80446991000008,15.118848,61.437
24.81650616800016,15.118848,61.125
24.82917383700078,15.118848,61.406
24.84218100399994,15.158016,61.218
24.855436882000504,15.197184,61.687
24.868806907000362,15.197184,61.343
24.88090515100066,15.197184,61.562
24.893224138000733,15.158016,61.468
24.90539787200032,15.118848,61.25
24.91749515600077,15.118848,61.312
24.929852960000062,15.118848,61.093
24.941985765000027,15.118848,61.281
24.953972646000693,15.118848,61.562
24.966270160000022,15.118848,61.343
24.97834216299998,15.118848,61.437
24.99030251500062,15.158016,61.218
25.002329300999918,15.118848,61.437
25.014351383000758,15.158016,61.593
25.02629349400013,15.158016,61.218
25.038246230000368,15.197184,61.531
25.05021112600025,15.197184,61.25
25.062260025000796,15.118848,61.375
25.074238169000637,15.158016,61.281
25.08814625800005,15.118848,61.531
25.10151711600065,15.118848,61.5
25.11513498900058,15.158016,61.187
25.12851119000061,15.158016,61.437
25.140748894000353,15.118848,61.187
25.152854691000357,15.118848,61.406
25.16497245500068,15.07968,61.093
25.177079660000345,15.07968,61.562
25.18920596800035,15.07968,61.25
25.20120837000013,15.07968,61.468
25.213224275000357,15.07968,61.25
25.225279574000524,15.07968,61.406
25.2372534619999,15.07968,61.187
25.249237655000798,15.118848,61.375
25.261301210000056,15.118848,61.656
25.273349885000243,15.158016,61.281
25.285397631000706,15.158016,61.406
25.29734841500067,15.158016,61.125
25.30927315000008,15.158016,61.406
25.321272095000495,15.118848,61.093
25.333271903999957,15.118848,61.062
25.346530630000416,15.07968,61.125
25.359816748999947,15.118848,61.312
25.371859696000683,15.158016,61.187
25.38414882500001,15.197184,61.406
25.396802638000736,15.158016,61.25
25.4089319550003,15.158016,61.375
25.42105893600001,15.118848,61.562
25.433132731000114,15.07968,61.437
25.446003990000463,15.07968,61.187
25.458184187999905,15.07968,61.343
25.470129371999974,15.07968,61.218
25.482083708000573,15.07968,61.312
25.494023099000515,15.07968,61.5
25.50599721100025,15.118848,61.312
25.51797481199992,15.118848,61.5
25.52994060400033,15.118848,61.156
25.541912444000445,15.118848,61.406
25.5539001570005,15.158016,61.062
25.565884542000276,15.158016,61.343
25.57784287800041,15.118848,61.593
25.589800478000143,15.118848,61.156
25.602932256000713,15.07968,61.062
25.615653077999923,15.07968,61.343
25.628955646000577,15.118848,61.062
25.642359368000143,15.158016,61.562
25.655747954000617,15.158016,61.25
25.66785282300043,15.118848,61.437
25.679872856000657,15.118848,61.218
25.69209088000025,15.07968,61.343
25.7041353300001,15.040512000000001,61.375
25.71868276600071,15.07968,61.625
25.730903990000115,15.07968,61.312
25.742956824999965,15.07968,61.531
25.75494607300061,15.07968,61.187
25.76695033100077,15.118848,61.406
25.778958460000467,15.118848,61.187
25.7909500450005,15.118848,61.312
25.802942110000004,15.118848,61.562
25.814937983000164,15.158016,61.25
25.826928959000725,15.158016,61.468
25.838949441000295,15.118848,61.25
25.850951010000244,15.118848,60.968
25.864419503000136,15.040512000000001,61.25
25.877807640000356,15.07968,61.531
25.89096834800057,15.118848,61.437
25.904168448000746,15.158016,61.187
25.917340932000116,15.118848,61.406
25.92940048700075,15.118848,61.156
25.941481673999988,15.07968,61.406
25.953519659999984,15.07968,61.562
25.965651281000646,15.040512000000001,61.562
25.97885055000006,15.07968,61.25
25.990865015000054,15.07968,61.406
26.002850904000297,15.07968,61.156
26.014872665999974,15.07968,61.437
26.02686821900079,15.118848,61.687
26.038939902000493,15.118848,61.343
26.050916638000672,15.118848,61.531
26.062949728000603,15.118848,61.218
26.07492905700019,15.158016,61.437
26.086907489000623,15.158016,61.125
26.098909858000297,15.118848,61.375
26.110976325000593,15.118848,61.531
26.12351739800033,15.07968,61.437
26.136996227000054,15.07968,61.218
26.15031620300033,15.118848,61.125
26.163837369000248,15.158016,61.281
26.17694140200001,15.118848,61.718
26.1890649270008,15.118848,61.343
26.201238853000177,15.07968,61.531
26.213396267000462,15.040512000000001,61.312
26.225441773000057,15.040512000000001,61.25
26.239197570000215,15.040512000000001,61.375
26.251177955000458,15.040512000000001,61.218
26.26317683600064,15.07968,61.343
26.27517184499993,15.07968,61.625
26.2871597809999,15.07968,61.312
26.299140166000143,15.118848,61.406
26.311177160000625,15.118848,61.093
26.323192298000322,15.118848,61.375
26.33516858600069,15.118848,61.718
26.347182444000282,15.158016,61.312
26.35915300400029,15.118848,61.5
26.37116577300003,15.118848,61.093
26.38315707000038,15.07968,61.125
26.39665551500002,15.07968,61.218
26.41001952500028,15.118848,61.25
26.423424367000734,15.158016,61.5
26.436529105000773,15.118848,61.25
26.448695639000107,15.118848,61.406
26.460861789000774,15.118848,61.218
26.472924448000413,15.07968,61.375
26.485048804000144,15.040512000000001,61.312
26.4982411280007,15.040512000000001,61.593
26.510197223999967,15.040512000000001,61.312
26.52218452100078,15.07968,61.437
26.534136584999942,15.07968,61.281
26.546096648999992,15.07968,61.406
26.55804122400059,15.118848,61.187
26.570006824000302,15.118848,61.312
26.581998440999996,15.118848,61.656
26.593988330000684,15.158016,61.25
26.605993547000253,15.197184,61.437
26.61798596400058,15.118848,61.187
26.629990189000637,15.118848,61.312
26.641955308999968,15.07968,61.625
26.655161906000103,15.118848,61.375
26.668521659000362,15.118848,61.218
26.681895396000073,15.158016,61.156
26.695176459000322,15.118848,61.406
26.70746341300037,15.118848,61.156
26.719882498000516,15.118848,61.312
26.732340944000498,15.07968,61.593
26.74481484700027,15.07968,61.593
26.758571060000577,15.07968,61.218
26.770696601000054,15.07968,61.406
26.782716314000027,15.07968,61.187
26.79472729200006,15.07968,61.343
26.80677721400025,15.118848,61.656
26.818793888000073,15.118848,61.406
26.83077696000055,15.158016,61.531
26.84277472100075,15.158016,61.25
26.854745250000633,15.197184,61.375
26.866836389000127,15.197184,61.156
26.878867047000313,15.158016,61.25
26.890840455000216,15.118848,61.468
26.90336748000027,15.118848,61.406
26.916669215000184,15.118848,61.187
26.929826913999932,15.158016,61.406
26.94328375800069,15.158016,61.281
26.956566804999966,15.158016,61.625
26.968760092000593,15.118848,61.343
26.980855392000194,15.118848,61.562
26.992957604000367,15.07968,61.187
27.005075720000605,15.040512000000001,61.187
27.019666390000566,15.07968,61.406
27.031741241000418,15.07968,61.781
27.04370658500011,15.07968,61.312
27.05584111799999,15.07968,61.531
27.067840735000573,15.118848,61.25
27.079864641000313,15.118848,61.406
27.091893986000287,15.118848,61.187
27.103894371000024,15.118848,61.406
27.1159086130001,15.158016,61.656
27.12793427900033,15.158016,61.312
27.13991933500074,15.118848,61.531
27.151963082000293,15.118848,61.312
27.165361492000557,15.040512000000001,61.125
27.178967524000655,15.07968,61.093
27.192239883000184,15.118848,61.281
27.20585567500075,15.158016,61.281
27.219135010000173,15.118848,61.437
27.231431019999945,15.118848,61.218
27.24368517200037,15.07968,61.406
27.255849882000803,15.040512000000001,61.156
27.267861787000584,15.040512000000001,61.281
27.281465676000153,15.040512000000001,61.593
27.293398731000707,15.040512000000001,61.25
27.305353610000566,15.07968,61.468
27.317355179000515,15.07968,61.406
27.329370893000487,15.07968,61.156
27.341348044999904,15.118848,61.406
27.35332647800078,15.118848,61.625
27.36532846299997,15.118848,61.218
27.377300751000803,15.118848,61.406
27.389262639000663,15.158016,61.156
27.401252880000357,15.118848,61.343
27.413240335999944,15.118848,61.062
27.426588185000583,15.040512000000001,61.531
27.439920929000436,15.07968,61.187
27.453086725000503,15.118848,61.437
27.46639034800046,15.158016,61.312
27.479856024000583,15.118848,61.187
27.49205913500009,15.118848,61.406
27.504166403000454,15.07968,61.625
27.51623354200001,15.07968,61.281
27.5283839800004,15.040512000000001,61.468
27.541176740000083,15.07968,61.25
27.553163237000263,15.07968,61.406
27.56516154200017,15.07968,61.25
27.577144358000623,15.07968,61.312
27.589099910000186,15.118848,61.625
27.601093447000494,15.118848,61.593
27.613123337000616,15.118848,61.218
27.625223597000513,15.158016,61.406
27.637219694000123,15.158016,61.125
27.649229135000496,15.197184,61.281
27.661260273000153,15.158016,61.625
27.673253010000735,15.118848,61.25
27.685645502000625,15.07968,61.375
27.69907284100009,15.118848,61.343
27.71254779800074,15.158016,61.093
27.72578258700014,15.158016,61.312
27.739011168000616,15.158016,61.656
27.751099364000765,15.158016,61.468
27.763275562000672,15.118848,61.218
27.77572063200023,15.07968,61.468
27.787825244000487,15.07968,61.218
27.800934558000336,15.118848,61.343
27.81295158300054,15.118848,61.687
27.824957216000257,15.118848,61.375
27.83696089700061,15.118848,61.687
27.848971235000135,15.118848,61.281
27.861059558000306,15.158016,61.468
27.873052711000128,15.158016,61.281
27.885041608000392,15.158016,61.656
27.897035048999896,15.197184,61.281
27.909001673000603,15.197184,61.531
27.92102701800013,15.158016,61.281
27.933005611000226,15.158016,61.375
27.945048301000497,15.118848,61.062
27.958295347000785,15.158016,61.281
27.970705600000656,15.197184,61.281
27.98419441200076,15.197184,61.5
27.99740497700077,15.197184,61.187
28.009625432000576,15.158016,61.468
28.02170918000047,15.158016,61.187
28.033874338000714,15.118848,61.343
28.04594192500008,15.118848,61.312
28.05969282500064,15.118848,61.593
28.071680666000248,15.118848,61.312
28.083663482000702,15.118848,61.437
28.095656187000714,15.118848,61.218
28.107600186000127,15.158016,61.406
28.11958581900035,15.158016,61.812
28.1315458830004,15.158016,61.406
28.143546620000052,15.197184,61.5
28.15550966000046,15.197184,61.281
28.167481852000492,15.236352,61.406
28.17943647500033,15.197184,61.281
28.191406876000656,15.158016,61.281
28.203452061999997,15.118848,61.156
28.216908266000246,15.158016,61.437
28.23041842300063,15.158016,61.125
28.242915847000404,15.197184,61.343
28.25536338100028,15.197184,61.375
28.267430296000384,15.197184,61.125
28.279487802000403,15.158016,61.343
28.291534556999977,15.118848,61.593
28.303609088000485,15.118848,61.281
28.318349842000316,15.118848,61.125
28.330616922000445,15.118848,61.406
28.34266390100038,15.118848,61.187
28.35467516600056,15.118848,61.375
28.36667532699994,15.158016,61.562
28.37866345600014,15.158016,61.312
28.390654112000448,15.158016,61.468
28.402640928999972,15.197184,61.25
28.41463878600007,15.197184,61.375
28.426660036000612,15.236352,61.687
28.43879796100009,15.158016,61.312
28.450828843000636,15.158016,61.437
28.463081810999938,15.118848,61.406
28.476624001000346,15.158016,61.156
28.489885959000276,15.197184,61.281
28.50325902500026,15.197184,61.312
28.516456757000014,15.197184,61.593
28.528536312000142,15.197184,61.281
28.540644188000442,15.158016,61.468
28.552718272000675,15.118848,61.093
28.564848515999984,15.118848,61.156
28.579710362000696,15.118848,61.406
28.5916947780006,15.118848,61.687
28.60381254300046,15.118848,61.375
28.615831968000748,15.118848,61.562
28.627857634000065,15.118848,61.218
28.639829794000434,15.158016,61.468
28.651812482999958,15.158016,61.187
28.66384720499991,15.158016,61.375
28.67585728600079,15.158016,61.562
28.68782237400046,15.197184,61.281
28.699900745000377,15.158016,61.5
28.712044110000534,15.158016,61.062
28.724048719000166,15.118848,61.093
28.737567421000676,15.118848,61.187
28.750914213000215,15.158016,61.593
28.76403171900074,15.197184,61.5
28.77724919600041,15.158016,61.218
28.78989401600029,15.158016,61.406
28.802324109000438,15.158016,61.187
28.81453397200039,15.118848,61.375
28.826704634000635,15.07968,61.281
28.839562099999966,15.118848,61.468
28.851630519000537,15.118848,61.343
28.86366383299992,15.118848,61.437
28.875677883000208,15.118848,61.218
28.8878475850006,15.118848,61.406
28.899914563000493,15.158016,61.781
28.91230318399994,15.158016,61.281
28.924268495999968,15.158016,61.406
28.93629211300049,15.197184,61.25
28.948282801999994,15.197184,61.406
28.960252050000236,15.158016,61.187
28.972254771000735,15.158016,61.25
28.984644703000413,15.118848,61.25
28.99810337100007,15.118848,61.375
29.011563767000553,15.158016,61.468
29.025030083000274,15.197184,61.125
29.038233543000388,15.197184,61.375
29.050355884000055,15.158016,61.687
29.062637237000672,15.158016,61.281
29.07484953200037,15.118848,61.562
29.087002306000613,15.07968,61.468
29.101086208000197,15.118848,61.218
29.11308099300004,15.118848,61.343
29.125101250000625,15.118848,61.875
29.13707261000036,15.118848,61.375
29.14905593900039,15.158016,61.625
29.16108598900064,15.158016,61.343
29.173069221000333,15.158016,61.5
29.18505706199994,15.158016,61.218
29.197049893999974,15.158016,61.343
29.209085544000118,15.197184,61.687
29.221069225000065,15.158016,61.562
29.233039433000158,15.158016,61.125
29.245861954000247,15.07968,61.375
29.259228107000126,15.118848,61.25
29.27263746100016,15.158016,61.156
29.285907036000026,15.158016,61.343
29.29808637000042,15.158016,61.562
29.310192294000444,15.158016,61.281
29.322302058000787,15.158016,61.531
29.334389485999964,15.07968,61.25
29.34648776100039,15.07968,61.156
29.359854715000438,15.118848,61.375
29.37182969100013,15.07968,61.593
29.3838032270005,15.118848,61.312
29.395932480000738,15.118848,61.531
29.40794486499999,15.118848,61.25
29.419934913999896,15.158016,61.468
29.431914562000202,15.158016,61.156
29.44386976200076,15.158016,61.375
29.4558146570007,15.197184,61.625
29.467813346000185,15.197184,61.312
29.47979593800028,15.158016,61.406
29.49177638600031,15.158016,61.125
29.503838981000627,15.118848,61.0
29.517155789000753,15.118848,61.156
29.53027188700071,15.158016,61.593
29.543651255999976,15.158016,61.468
29.557095556000604,15.158016,61.218
29.569450031000088,15.158016,61.406
29.581522930000574,15.158016,61.218
29.59377532200051,15.118848,61.375
29.60576796300029,15.07968,61.343
29.61945239800025,15.118848,61.625
29.63141969300068,15.118848,61.218
29.643395118000626,15.118848,61.468
29.655388974000743,15.118848,61.218
29.667386959000396,15.158016,61.406
29.679349903000002,15.158016,61.75
29.691357808000248,15.158016,61.312
29.703352465000535,15.158016,61.468
29.715369362000274,15.197184,61.218
29.727495863000513,15.197184,61.406
29.7395678339999,15.158016,61.187
29.751583547000337,15.158016,61.281
29.763664957999936,15.118848,61.562
29.777089705000435,15.158016,61.406
29.790237900000648,15.158016,61.125
29.803723512000033,15.197184,61.25
29.816806553000788,15.197184,61.375
29.829185061000317,15.197184,61.781
29.841340203000073,15.158016,61.281
29.8535292330007,15.118848,61.437
29.865600948000065,15.118848,61.468
29.880515755000488,15.118848,61.25
29.892507371000647,15.118848,61.406
29.904474667000613,15.118848,61.718
29.916491564000353,15.118848,61.343
29.92869653100024,15.158016,61.562
29.940713013000277,15.158016,61.281
29.9527081490005,15.158016,61.406
29.964752408000095,15.197184,61.156
29.97674556000038,15.197184,61.375
29.988769146000777,15.236352,61.75
30.000777563000156,15.197184,61.312
30.012785148000148,15.158016,61.406
30.0256077009999,15.118848,61.343
30.03897939000035,15.118848,61.093
30.051478862000295,15.158016,61.093
30.065113439000015,15.197184,61.343
30.07832515500013,15.158016,61.625
30.09039741400011,15.158016,61.25
30.102507018000324,15.158016,61.437
30.114536940000107,15.118848,61.187
30.12656683000023,15.07968,61.218
30.140045146000375,15.07968,61.375
30.152006522000192,15.07968,61.562
30.164007418999972,15.118848,61.281
30.175996603000385,15.118848,61.468
30.188007261000166,15.118848,61.25
30.200043103000098,15.158016,61.406
30.21216150700002,15.158016,61.843
30.224187429000267,15.158016,61.343
30.23622083800001,15.197184,61.531
30.2482535120007,15.197184,61.312
30.260243049000564,15.158016,61.437
30.2722497700006,15.158016,61.093
30.284300172000258,15.118848,61.062
30.29789964400061,15.118848,61.281
30.30989231700005,15.158016,61.5
30.323251718000392,15.197184,61.25
30.335809175000577,15.197184,61.468
30.34790249100024,15.197184,61.281
30.35997417300041,15.158016,61.156
30.372121091000736,15.118848,61.343
30.384212358000696,15.118848,61.593
30.39905468300003,15.118848,61.343
30.411087549000513,15.118848,61.562
30.42308303700065,15.118848,61.406
30.43510115100071,15.118848,61.125
30.447076031000506,15.158016,61.312
30.459101312000712,15.158016,61.687
30.471104641000238,15.158016,61.343
30.48307820900027,15.197184,61.531
30.495069154000703,15.197184,61.156
30.50717626200003,15.236352,61.375
30.519164199000443,15.158016,61.125
30.53112707800028,15.158016,61.218
30.54319476100045,15.118848,61.531
30.556724119000137,15.158016,61.375
30.570025693999924,15.197184,61.218
30.58347066600072,15.197184,61.343
30.596727023000312,15.197184,61.343
30.608924246000242,15.197184,61.625
30.620997465000073,15.158016,61.281
30.633085309000307,15.118848,61.468
30.645196065000164,15.118848,61.468
30.659693195000727,15.118848,61.281
30.67172698900049,15.118848,61.375
30.683740622000187,15.118848,61.75
30.69580776100065,15.118848,61.343
30.707983223000156,15.158016,61.562
30.720334178000485,15.158016,61.343
30.732406533000358,15.158016,61.406
30.74447981600042,15.197184,61.187
30.756519754000692,15.197184,61.281
30.76869393600009,15.236352,61.562
30.780742354000722,15.197184,61.281
30.792907320000268,15.158016,61.406
30.80552145100046,15.118848,61.343
30.819055897,15.118848,61.093
30.832592743000532,15.158016,61.656
30.84497742700023,15.197184,61.343
30.85821749600018,15.197184,61.531
30.870267898000748,15.158016,61.312
30.88234050900064,15.158016,61.437
30.894695848000083,15.118848,61.218
30.90698353800053,15.07968,61.812
30.92053331200077,15.07968,61.343
30.932569825999963,15.07968,61.656
30.9445882910004,15.118848,61.25
30.956661222000548,15.118848,61.437
30.96866675900037,15.118848,61.187
30.980717450000157,15.158016,61.437
30.992759372000364,15.158016,61.781
31.00482999900032,15.158016,61.343
31.016872561000127,15.197184,61.437
31.028917203000674,15.197184,61.281
31.040972981000778,15.158016,61.406
31.052981845999966,15.118848,61.093
31.065415940000094,15.07968,61.656
31.078856687000552,15.118848,61.25
31.09219544700045,15.158016,61.437
31.10440963000019,15.197184,61.406
31.11762870700022,15.158016,61.125
31.129821929000173,15.158016,61.343
31.141943470000115,15.118848,61.718
31.154001167999922,15.07968,61.312
31.16610094800035,15.07968,61.312
31.180253395999898,15.07968,61.531
31.192342840000492,15.07968,61.218
31.204322424000566,15.118848,61.375
31.216289720000532,15.118848,61.218
31.22825455200018,15.118848,61.375
31.240249047999896,15.158016,61.656
31.252226776000498,15.158016,61.312
31.26425871400079,15.158016,61.5
31.276231226000164,15.158016,61.156
31.288279484000668,15.197184,61.406
31.300313310000092,15.158016,61.718
31.312495012,15.158016,61.281
31.32448816500073,15.118848,61.5
31.337915824000447,15.118848,61.375
31.351277209000727,15.158016,61.125
31.364561087000766,15.158016,61.156
31.378022027000043,15.158016,61.343
31.390113294000002,15.158016,61.593
31.402184977000616,15.118848,61.281
31.41427323700009,15.07968,61.468
31.42653993300064,15.07968,61.437
31.440156014000422,15.07968,61.187
31.45213454200075,15.118848,61.375
31.46415419100049,15.07968,61.718
31.476144208000733,15.118848,61.25
31.488163249000536,15.118848,61.5
31.500122449000628,15.158016,61.312
31.512150803000623,15.118848,61.468
31.524177364000025,15.158016,61.218
31.536239671000658,15.158016,61.312
31.548235383000247,15.197184,61.656
31.560243160000027,15.158016,61.218
31.572283643000446,15.118848,61.343
31.584359102000235,15.118848,61.187
31.59762758800025,15.118848,61.062
31.61035893799999,15.158016,61.343
31.62365532900003,15.197184,61.656
31.63587245600047,15.197184,61.343
31.648045198000545,15.158016,61.5
31.660211635999985,15.158016,61.218
31.67235039300067,15.118848,61.375
31.684512638000342,15.118848,61.343
31.69923310300055,15.118848,61.656
31.711420917000396,15.118848,61.343
31.723398805000215,15.118848,61.562
31.73542210300002,15.118848,61.375
31.747454424000352,15.158016,61.375
31.759423768000488,15.158016,61.375
31.771402456000033,15.158016,61.625
31.783432666000408,15.158016,61.218
31.795386873000098,15.197184,61.406
31.807353721000254,15.197184,61.187
31.819368858000416,15.158016,61.375
31.831383196000388,15.118848,61.031
31.84336162799991,15.118848,61.312
31.85661334500037,15.158016,61.437
31.869673441000486,15.158016,61.5
31.883061610999903,15.197184,61.156
31.896546679000494,15.197184,61.406
31.908670908000204,15.197184,61.187
31.920802976000232,15.158016,61.687
31.93303047200061,15.118848,61.281
31.945074378000754,15.07968,61.468
31.959598261000792,15.07968,61.343
31.971594485000423,15.118848,61.468
31.98376498700054,15.118848,61.406
31.995767420000448,15.118848,61.75
32.00785913500022,15.118848,61.343
32.019828319000226,15.158016,61.625
32.032064295000055,15.118848,61.312
32.04403389500021,15.158016,61.5
32.055997959000706,15.158016,61.218
32.068106731000626,15.197184,61.312
32.0800986990007,15.158016,61.718
32.092070955000054,15.118848,61.187
32.10406420400068,15.118848,61.437
32.11734673800038,15.118848,61.406
32.130800574000205,15.158016,61.187
32.14393696000025,15.197184,61.312
32.156249226,15.158016,61.687
32.16850075399998,15.158016,61.312
32.18070264800008,15.158016,61.593
32.19280399600029,15.118848,61.406
32.204918080000425,15.07968,61.218
32.21895593299996,15.118848,61.406
32.23100835100013,15.118848,61.781
32.24312739600009,15.118848,61.281
32.255109988000186,15.118848,61.593
32.26712749300077,15.158016,61.218
32.27912650200051,15.158016,61.468
32.29112071000054,15.158016,61.25
32.30311936700036,15.158016,61.375
32.315117352000016,15.197184,61.343
32.32713680899997,15.236352,61.531
32.33919492400037,15.158016,61.25
32.35121902100036,15.158016,61.312
32.363202253000054,15.118848,61.125
32.37547631000052,15.158016,61.343
32.388839135000126,15.197184,61.593
32.40197244899991,15.197184,61.625
32.41539895599999,15.197184,61.281
32.42753480100055,15.197184,61.406
32.43964405299994,15.197184,61.187
32.45179945000018,15.118848,61.375
32.46395017500072,15.118848,61.281
32.479109501000494,15.118848,61.656
32.491094044999954,15.118848,61.281
32.50308258900077,15.118848,61.406
32.51510236700051,15.118848,61.25
32.52711878400078,15.158016,61.437
32.53908188800051,15.158016,61.218
32.55119427600039,15.158016,61.375
32.5632131250004,15.158016,61.593
32.57517629300037,15.197184,61.468
32.58714090000012,15.236352,61.156
32.599107908000406,15.158016,61.343
32.61107386000003,15.158016,61.156
32.623201801000505,15.118848,61.312
32.636498286999995,15.158016,61.5
32.650020637000125,15.158016,61.375
32.66343149500062,15.197184,61.218
32.676931796000645,15.197184,61.437
32.689124538000215,15.158016,61.406
32.701237470000706,15.158016,61.687
32.713360323000416,15.118848,61.312
32.725461894000546,15.07968,61.5
32.74005176300034,15.07968,61.312
32.752046868000434,15.07968,61.5
32.76426031500068,15.118848,61.343
32.77632914900005,15.118848,61.718
32.788647368000056,15.158016,61.312
32.80067450500064,15.158016,61.625
32.81272458700005,15.158016,61.312
32.82478801400066,15.158016,61.343
32.8370514140006,15.197184,61.156
32.84908543200072,15.197184,61.437
32.86111301700021,15.158016,61.718
32.87320281300072,15.158016,61.375
32.88850089400057,15.118848,61.156
32.902143311000145,15.158016,61.187
32.91556239400052,15.158016,61.375
32.928214574000776,15.197184,61.781
32.9412433410007,15.158016,61.312
32.95336427300026,15.158016,61.656
32.96548907700071,15.118848,61.468
32.977726333000646,15.07968,61.187
32.989775839000686,15.07968,61.375
33.0030346930007,15.118848,61.125
33.01533399800064,15.118848,61.406
33.027456243000415,15.118848,61.593
33.03952363700046,15.118848,61.343
33.051572887000475,15.158016,61.5
33.063598137000554,15.118848,61.312
33.075599065999995,15.158016,61.375
33.08759679400009,15.158016,61.312
33.0995764420004,15.197184,61.562
33.11163897300048,15.197184,61.343
33.1236175009999,15.158016,61.406
33.13572169700001,15.158016,61.062
33.14925207900069,15.118848,61.343
33.1618960020005,15.158016,61.25
33.17544622400055,15.158016,61.562
33.18899699100075,15.197184,61.281
33.20161541000016,15.197184,61.531
33.213756822000505,15.158016,61.406
33.22581381700002,15.118848,61.187
33.23797980600011,15.118848,61.375
33.25088818600034,15.07968,61.687
33.26306480000039,15.07968,61.343
33.275021151000146,15.07968,61.531
33.28699849500026,15.118848,61.343
33.29897859100038,15.118848,61.468
33.310966656000346,15.118848,61.156
33.32294144000025,15.118848,61.406
33.334952737000094,15.158016,61.687
33.34699430700039,15.158016,61.281
33.3589779870008,15.158016,61.468
33.371133000000555,15.197184,61.437
33.38325809200069,15.158016,61.125
33.39529140600007,15.118848,61.187
33.409233512000355,15.07968,61.531
33.42130698700021,15.118848,61.125
33.43434289000015,15.118848,61.25
33.447967802000676,15.158016,61.343
33.46114662200034,15.158016,61.218
33.473211552000066,15.158016,61.312
33.485273762999896,15.118848,61.531
33.49739792700075,15.07968,61.531
33.509579405000295,15.07968,61.25
33.52336697900046,15.07968,61.406
33.53537533200051,15.07968,61.218
33.547347683000226,15.07968,61.375
33.559523305000766,15.07968,61.718
33.571582732000024,15.118848,61.281
33.583570700000564,15.118848,61.625
33.595642351000606,15.118848,61.281
33.6076276950007,15.118848,61.406
33.61960948700016,15.158016,61.343
33.631562799000676,15.158016,61.75
33.64353364700037,15.118848,61.281
33.65550740600065,15.118848,61.437
33.66868440200051,15.040512000000001,61.125
33.682213631000195,15.07968,61.093
33.6955010620004,15.118848,61.312
33.70818623500054,15.118848,61.656
33.72180561100049,15.118848,61.312
33.73384862100011,15.118848,61.312
33.74600149000071,15.07968,61.437
33.75815144700027,15.07968,61.187
33.77034278100018,15.07968,61.343
33.78380224900047,15.07968,61.687
33.79578685700017,15.07968,61.281
33.807761736999964,15.07968,61.625
33.81975069700002,15.07968,61.25
33.83175303400003,15.118848,61.406
33.8437369380008,15.118848,61.25
33.85572436200073,15.118848,61.406
33.867722411000614,15.158016,61.687
33.87969265100037,15.158016,61.5
33.8916329700005,15.197184,61.218
33.90380606300005,15.158016,61.468
33.9161135610002,15.118848,61.156
33.92943891300001,15.07968,61.312
33.9417415780008,15.118848,61.156
33.95505841800059,15.158016,61.531
33.967266808000204,15.158016,61.25
33.980558175000624,15.158016,61.5
33.99263337800039,15.158016,61.25
34.00470160400073,15.118848,61.437
34.016811208000036,15.07968,61.687
34.0289205880008,15.07968,61.562
34.043343796000045,15.07968,61.281
34.05534069300029,15.118848,61.5
34.0673505499999,15.118848,61.25
34.079390903000785,15.118848,61.406
34.091359383000054,15.118848,61.25
34.10335036000015,15.158016,61.343
34.11536850500033,15.158016,61.625
34.12737481000022,15.158016,61.218
34.139339929000016,15.158016,61.5
34.15132562500003,15.197184,61.187
34.16336447499998,15.158016,61.375
34.17535199500071,15.118848,61.187
34.18739782100056,15.118848,61.5
34.20073162100016,15.118848,61.125
34.21423653000056,15.158016,61.218
34.227259345000675,15.197184,61.406
34.23972761500045,15.197184,61.281
34.25193549400046,15.158016,61.343
34.26409719500043,15.158016,61.625
34.276251409,15.118848,61.218
34.288424758000474,15.07968,61.156
34.30320717700033,15.07968,61.437
34.31519092100007,15.118848,61.187
34.32720081000025,15.118848,61.406
34.33919172200058,15.118848,61.718
34.35119834700072,15.118848,61.343
34.36338443300065,15.158016,61.656
34.3754313469999,15.158016,61.375
34.38753480700052,15.158016,61.468
34.39954751200003,15.158016,61.218
34.41166124400024,15.197184,61.562
34.423636475999956,15.158016,61.343
34.43569724600002,15.158016,61.406
34.44775516900063,15.118848,61.187
34.46082422500058,15.118848,61.312
34.473945026000365,15.158016,61.343
34.4871673990001,15.197184,61.687
34.5004645580002,15.158016,61.281
34.512635059000786,15.158016,61.531
34.5247189669999,15.158016,61.187
34.53679276100047,15.118848,61.406
34.54891244600003,15.07968,61.281
34.563032028000634,15.07968,61.656
34.575004220000665,15.07968,61.343
34.58695289100069,15.118848,61.562
34.59893276399998,15.118848,61.25
34.61091206000037,15.118848,61.562
34.62299916700067,15.158016,61.218
34.63495523000074,15.158016,61.406
34.64691449400016,15.158016,61.687
34.6588857250008,15.197184,61.281
34.670957664000525,15.197184,61.5
34.682939232000535,15.158016,61.218
34.69490144000065,15.158016,61.375
34.706908959999964,15.118848,61.25
34.72026810500029,15.118848,61.531
34.7336563380004,15.158016,61.187
34.74596169200049,15.197184,61.25
34.75932576500054,15.158016,61.468
34.77136627800064,15.158016,61.187
34.78344727300009,15.158016,61.406
34.79560151900023,15.07968,61.718
34.8076835060001,15.07968,61.625
34.82264135300011,15.07968,61.312
34.83465300200078,15.07968,61.468
34.846663691000686,15.07968,61.281
34.85868433199994,15.118848,61.406
34.87067156400008,15.118848,61.843
34.882685037000556,15.158016,61.406
34.89501195899993,15.118848,61.687
34.9070181040006,15.158016,61.312
34.91904594600055,15.158016,61.468
34.931593162000354,15.197184,61.187
34.94379604900041,15.158016,61.687
34.9559691430004,15.118848,61.281
34.96881262400075,15.07968,61.5
34.98210501500034,15.118848,61.156
34.9942806680001,15.158016,61.187
35.00759926800038,15.158016,61.375
35.02113784100038,15.158016,61.156
35.03327141400041,15.158016,61.343
35.0454050820008,15.118848,61.625
35.05751894200057,15.07968,61.312
35.06958726500034,15.07968,61.281
35.083207921000394,15.118848,61.406
35.09519128100055,15.118848,61.218
35.10717441700035,15.118848,61.312
35.11937733600007,15.118848,61.687
35.13162217600075,15.118848,61.281
35.14366332999998,15.158016,61.5
35.15567478699995,15.158016,61.218
35.167656195000745,15.158016,61.375
35.179618210000626,15.197184,61.812
35.19159040200066,15.197184,61.281
35.20354678500007,15.158016,61.656
35.21555245000036,15.158016,61.156
35.227623013000084,15.118848,61.125
35.240943916000106,15.158016,61.343
35.254018668000754,15.158016,61.312
35.26715633399999,15.197184,61.718
35.28058696900007,15.197184,61.281
35.292726014000436,15.197184,61.5
35.30484534600055,15.158016,61.25
35.31698157400024,15.118848,61.375
35.329051497000364,15.07968,61.343
35.343009058999996,15.118848,61.718
35.355009924000115,15.118848,61.343
35.36707459800073,15.118848,61.562
35.379068359000485,15.118848,61.281
35.39120765900043,15.158016,61.437
35.40317831500033,15.158016,61.281
35.4151802360002,15.158016,61.406
35.42720462100078,15.158016,61.625
35.43921124600001,15.197184,61.281
35.451226127000155,15.197184,61.468
35.46333592300016,15.158016,61.218
35.475335699000425,15.158016,61.312
35.48742901500009,15.118848,61.25
35.50074150199998,15.158016,61.593
35.514170568000736,15.158016,61.5
35.52739697300058,15.197184,61.218
35.54016147600032,15.197184,61.406
35.552310025000224,15.197184,61.281
35.56443930900059,15.158016,61.406
35.57658120199994,15.118848,61.656
35.588747032000356,15.07968,61.531
35.60341952700037,15.118848,61.343
35.615569964000315,15.07968,61.5
35.62758510100048,15.118848,61.281
35.63956254100049,15.118848,61.406
35.65155450900056,15.118848,61.687
35.663587631000155,15.158016,61.406
35.67558123100025,15.158016,61.625
35.68759176000003,15.158016,61.312
35.699610577000385,15.158016,61.406
35.71177295000052,15.197184,61.218
35.72377317500013,15.158016,61.343
35.73578152800019,15.158016,61.593
35.747895611000786,15.118848,61.5
35.76006899300046,15.158016,61.218
35.77267067499997,15.197184,61.375
35.78594386500026,15.197184,61.156
35.799034586000744,15.197184,61.75
35.81129267400047,15.158016,61.343
35.823344612000255,15.158016,61.562
35.83542503100034,15.118848,61.281
35.8474816730004,15.118848,61.531
35.862008884000716,15.07968,61.187
35.87397211500047,15.07968,61.406
35.88595979599995,15.118848,61.375
35.897971156000494,15.118848,61.625
35.90993163600069,15.118848,61.343
35.922122362000664,15.158016,61.531
35.934140699000636,15.158016,61.187
35.94614722799997,15.158016,61.375
35.95791714200004,15.197184,61.718
35.9699600870008,15.197184,61.312
35.98198335300003,15.158016,61.5
35.99397740099994,15.158016,61.218
36.00595976900058,15.118848,61.375
36.01939386000049,15.118848,61.281
36.032954482000605,15.158016,61.656
36.046255225000095,15.158016,61.312
36.05871984700025,15.158016,61.625
36.07077223300075,15.158016,61.406
36.08313618000011,15.158016,61.25
36.09519983100017,15.118848,61.406
36.10725596100019,15.07968,61.281
36.12195271300061,15.07968,61.406
36.13394253700062,15.07968,61.687
36.145945610000126,15.07968,61.5
36.15795991400046,15.118848,61.281
36.16994673099998,15.118848,61.437
36.181906761999926,15.158016,61.312
36.19387658600044,15.158016,61.343
36.205876490000264,15.158016,61.593
36.217870571000276,15.158016,61.281
36.22983773800024,15.197184,61.437
36.24178477700025,15.158016,61.218
36.25372237600004,15.118848,61.281
36.26566608700068,15.07968,61.687
36.27904705600031,15.118848,61.25
36.2910227680004,15.158016,61.218
36.30447141900004,15.158016,61.5
36.31790096500026,15.158016,61.25
36.329991143999905,15.158016,61.406
36.34206509900014,15.118848,61.156
36.35415230200033,15.07968,61.312
36.36623995300033,15.07968,61.312
36.38099603499995,15.07968,61.562
36.39301386000079,15.118848,61.312
36.40500947600049,15.07968,61.406
36.41701654900044,15.07968,61.281
36.42901917400013,15.118848,61.406
36.44104752700059,15.118848,61.656
36.45306858399999,15.118848,61.281
36.46510065000075,15.158016,61.5
36.477093962000254,15.158016,61.406
36.48907313000018,15.197184,61.218
36.5010337370004,15.158016,61.343
36.5131366530004,15.118848,61.562
36.525168847000714,15.118848,61.25
36.537321204000364,15.118848,61.375
36.55075215800025,15.158016,61.468
36.564005859000645,15.197184,61.187
36.57734618700033,15.197184,61.375
36.58951633700053,15.158016,61.656
36.60156712300068,15.158016,61.375
36.61362680500042,15.118848,61.593
36.625725401000636,15.118848,61.406
36.63998559600077,15.118848,61.187
36.65198114800023,15.118848,61.312
36.663974908000455,15.118848,61.625
36.67597478100015,15.118848,61.343
36.687967677000415,15.118848,61.562
36.69997353400049,15.158016,61.281
36.71205920100056,15.118848,61.406
36.72404931300025,15.158016,61.156
36.7360157130006,15.197184,61.343
36.7480084810004,15.197184,61.625
36.7600102410006,15.158016,61.312
36.77197395300027,15.118848,61.5
36.784170503000496,15.118848,61.406
36.79729524100003,15.118848,61.093
36.81054017400038,15.158016,61.343
36.823861141000634,15.197184,61.218
36.83709362600075,15.197184,61.562
36.84920111700012,15.158016,61.25
36.86130579300061,15.158016,61.437
36.87337021100029,15.118848,61.25
36.8854003890001,15.07968,61.343
36.89753031300006,15.07968,61.687
36.90953722600079,15.07968,61.312
36.92151447300057,15.118848,61.468
36.93347728900062,15.118848,61.25
36.945405415000096,15.118848,61.437
36.95736528599991,15.158016,61.281
36.96932970200032,15.118848,61.406
36.98162836700067,15.158016,61.343
36.99384322200058,15.197184,61.562
37.00587439100036,15.197184,61.156
37.017927193000105,15.197184,61.437
37.03007286200045,15.118848,61.125
37.04202287699991,15.158016,61.281
37.05443527400075,15.118848,61.625
37.06761770899993,15.158016,61.468
37.080819121000786,15.197184,61.156
37.09416690500075,15.197184,61.406
37.10643244900075,15.197184,61.156
37.118535845000224,15.158016,61.406
37.13066151300063,15.118848,61.625
37.1429084650008,15.118848,61.593
37.155109751000055,15.118848,61.25
37.16714488800062,15.118848,61.437
37.17916111300019,15.118848,61.25
37.19116572200073,15.158016,61.406
37.20314908199998,15.158016,61.718
37.21514207400014,15.158016,61.343
37.227115930000764,15.158016,61.562
37.23909170600018,15.197184,61.218
37.251069018000635,15.197184,61.406
37.26317894100066,15.197184,61.187
37.27514134100056,15.236352,61.406
37.28712422100034,15.158016,61.75
37.2990798360006,15.158016,61.156
37.311380581000776,15.118848,61.5
37.3248156640002,15.158016,61.375
37.33825023500049,15.197184,61.156
37.35149167899999,15.197184,61.687
37.36445039600039,15.197184,61.25
37.37653775900071,15.158016,61.625
37.388684388,15.158016,61.281
37.400800328000514,15.118848,61.406
37.412979374000315,15.118848,61.375
37.42720507100057,15.118848,61.218
37.439185999000074,15.118848,61.312
37.451199504000215,15.118848,61.593
37.463290995000534,15.118848,61.281
37.475271891000375,15.118848,61.406
37.487248627000554,15.118848,61.281
37.49919182600024,15.158016,61.406
37.51120728300066,15.158016,61.718
37.52320165099991,15.158016,61.343
37.53516430700074,15.197184,61.531
37.54712974600079,15.158016,61.218
37.559096530000716,15.118848,61.312
37.572910887000035,15.07968,61.281
37.58606781800063,15.118848,61.593
37.5991025050007,15.118848,61.187
37.612338350000755,15.158016,61.25
37.625392685000406,15.158016,61.406
37.63740743800008,15.118848,61.218
37.64939198200045,15.118848,61.406
37.66146468900024,15.07968,61.218
37.67370898400077,15.07968,61.687
37.68777349300035,15.07968,61.281
37.69978235800045,15.07968,61.593
37.71191295400058,15.07968,61.343
37.72399158100052,15.07968,61.437
37.735998782000024,15.118848,61.25
37.74805830400055,15.118848,61.406
37.760034912000265,15.118848,61.593
37.77209309000045,15.158016,61.25
37.78404288100046,15.158016,61.5
37.796013248000236,15.158016,61.25
37.808014593000735,15.118848,61.406
37.820078307000585,15.118848,61.187
37.83443984900077,15.040512000000001,61.562
37.84642704900034,15.07968,61.187
37.8596099639999,15.118848,61.25
37.8727853270002,15.158016,61.406
37.88593406500058,15.118848,61.187
37.89815484000064,15.118848,61.343
37.91018751299998,15.118848,61.687
37.922285149000345,15.07968,61.281
37.93434627100032,15.040512000000001,61.437
37.947160951000114,15.07968,61.5
37.95920402499996,15.07968,61.25
37.97119407300033,15.07968,61.406
37.983179993000704,15.07968,61.75
37.99521554700004,15.118848,61.312
38.00706287100002,15.118848,61.593
38.01919897100015,15.118848,61.312
38.03135984000073,15.158016,61.406
38.04336348900051,15.158016,61.218
38.05534659300065,15.197184,61.375
38.06736416200056,15.158016,61.687
38.07933097700061,15.118848,61.25
38.091680268000346,15.07968,61.406
38.104983378000725,15.118848,61.343
38.11746073700033,15.158016,61.187
38.13053388900062,15.197184,61.312
38.143830343000445,15.197184,61.656
38.15606113500053,15.158016,61.593
38.168193907000386,15.158016,61.187
38.18036184800076,15.118848,61.375
38.19250770899998,15.07968,61.343
38.20757067900013,15.118848,61.781
38.219623801000125,15.118848,61.281
38.23159432900047,15.118848,61.656
38.24355692000063,15.118848,61.281
38.25555023200013,15.118848,61.406
38.26754696900025,15.158016,61.312
38.27954728900022,15.158016,61.375
38.291532152999935,15.158016,61.781
38.303548186000626,15.197184,61.343
38.315543898000215,15.197184,61.5
38.327587516000676,15.158016,61.187
38.33960566099995,15.158016,61.343
38.351955624000766,15.118848,61.312
38.36568021900075,15.158016,61.625
38.37920381599997,15.158016,61.312
38.391806682000606,15.197184,61.25
38.4051629150008,15.197184,61.468
38.4172594620004,15.197184,61.312
38.4293914660002,15.158016,61.406
38.44145684400064,15.118848,61.781
38.45355412800018,15.118848,61.312
38.46639348100052,15.158016,61.656
38.47834800800047,15.118848,61.343
38.490552174000186,15.158016,61.468
38.50255310300054,15.158016,61.343
38.51467400300044,15.158016,61.75
38.52674373300033,15.197184,61.406
38.538768310000705,15.158016,61.562
38.55075039000076,15.197184,61.312
38.562970909000796,15.197184,61.437
38.57499494200056,15.236352,61.187
38.58698540700061,15.197184,61.437
38.598953694000556,15.158016,61.593
38.61095043000023,15.118848,61.343
38.62305852999998,15.158016,61.437
38.63659412800007,15.197184,61.437
38.650236448000214,15.197184,61.156
38.66348195699993,15.197184,61.406
38.67558477700004,15.197184,61.75
38.687762638000095,15.158016,61.625
38.69997205300024,15.118848,61.281
38.71225318100005,15.07968,61.593
38.72568916,15.118848,61.187
38.737685928000246,15.118848,61.406
38.749648359000275,15.118848,61.781
38.76165853600014,15.118848,61.375
38.77362439100034,15.158016,61.562
38.78559735100043,15.158016,61.312
38.79758525500074,15.158016,61.406
38.809524038000745,15.197184,61.25
38.82147629300016,15.197184,61.312
38.83340176300044,15.236352,61.687
38.84534176100078,15.158016,61.281
38.857305569000346,15.158016,61.531
38.86934435400053,15.118848,61.531
38.882798029000696,15.158016,61.156
38.8959067020005,15.158016,61.343
38.908091508000325,15.197184,61.375
38.921525630999895,15.197184,61.656
38.933628322000004,15.197184,61.281
38.9457977990005,15.158016,61.5
38.95786081000006,15.118848,61.312
38.96987853800056,15.118848,61.187
38.98449957600042,15.118848,61.375
38.996518489000664,15.118848,61.656
39.00856005800051,15.118848,61.312
39.020707455000775,15.118848,61.531
39.033173613000145,15.158016,61.312
39.0452118230005,15.158016,61.437
39.057205871000406,15.158016,61.25
39.06923819200074,15.197184,61.343
39.08123096000054,15.197184,61.625
39.09323812900038,15.236352,61.343
39.105261938000694,15.197184,61.5
39.117250801999944,15.158016,61.156
