t_s,power_w,temp_c
0.0003549309994923533,13.832192,59.937
0.017434460000004037,13.7536,59.781
0.03068497899948852,13.714304,59.656
0.044334239999443525,13.675008,59.843
0.05756488599945442,13.635712,60.125
0.07025988599980337,13.596416,59.812
0.08272108099936304,13.596416,60.031
0.09396828999979334,13.596416,59.843
0.10605333700004849,13.596416,60.0
0.1187708349998502,13.596416,59.937
0.1316898149998451,13.596416,60.312
0.14478150899958564,13.596416,59.968
0.15685394799947971,13.557120000000001,60.218
0.1688608459999159,13.596416,59.906
0.1808742089997395,13.596416,60.156
0.19307900599960703,13.635712,60.468
0.20507179099968198,13.635712,60.406
0.2171023699993384,13.675008,60.0
0.22907585899974947,13.714304,60.25
0.24116279299960297,13.7536,60.0
0.25316088999989006,13.792896,60.187
0.2651470189994143,13.832192,59.968
0.27712530799999513,13.871488,59.968
0.2890992439997717,13.910784,60.375
0.30111554999984946,13.95008,60.093
0.3130964949996269,13.95008,60.343
0.32507980699938344,13.910784,59.875
0.3383899129994461,13.871488,59.875
0.35168564899959165,13.871488,60.031
0.3649146620000465,13.871488,60.281
0.3780457819993899,13.910784,59.937
0.3899063359995125,13.910784,60.25
0.4020549689994368,13.910784,60.218
0.4141743209993365,13.910784,59.937
0.42633140399993863,13.910784,60.093
0.4384057289998964,13.871488,60.406
0.45328840099955414,13.871488,60.343
0.4652768019996074,13.871488,60.062
0.4772548659993845,13.871488,60.25
0.4892458269996496,13.871488,59.937
0.5012322120001045,13.871488,60.156
0.5132030119993942,13.910784,60.437
0.525165074999677,13.95008,60.125
0.5371087699995769,13.95008,60.343
0.5491213959994639,13.989376,60.062
0.5610883879999164,14.028672,60.218
0.5730726929996308,14.067968,59.968
0.5850549169999795,14.107263999999999,60.156
0.597029972999735,14.123520000000001,60.437
0.6090919459993529,14.123520000000001,60.187
0.6211607679997542,14.067968,60.187
0.6325027329994555,14.028672,59.875
0.6462684479993186,14.028672,59.937
0.6596293399998103,14.028672,60.0
0.672903794999911,14.028672,60.343
0.6860490909994041,14.067968,60.343
0.6990588599992407,14.067968,59.968
0.7112512079993394,14.067968,60.218
0.7233427510000183,14.028672,59.906
0.7354011719999107,14.028672,60.156
0.7475085549995129,13.989376,60.062
0.7608274929998515,13.989376,60.312
0.7728180059993974,13.989376,60.093
0.7848476569997729,13.989376,60.312
0.7968320579993815,13.989376,59.937
0.8087959779995799,13.989376,60.218
0.8213648579994697,14.028672,60.531
0.8335277010000937,14.067968,60.156
0.8456082349994176,14.067968,60.343
0.8576095319995147,14.107263999999999,60.093
0.8696220949996132,14.14656,60.281
0.8815983029999188,14.185856,60.062
0.893642066999746,14.201984,60.156
0.9056137629995646,14.201984,60.468
0.9175707059994238,14.241216,60.218
0.929509503999725,14.162752000000001,60.281
0.941526034999697,14.162752000000001,60.25
0.9546835559995088,14.162752000000001,60.0
0.9679074159994343,14.162752000000001,60.156
0.981019398999706,14.162752000000001,60.0
0.9945385399996667,14.162752000000001,60.375
1.007092219999322,14.162752000000001,59.937
1.0195682949997718,14.185856,60.218
1.0317015999999057,14.14656,59.937
1.0439621759996953,14.107263999999999,60.437
1.058267247999538,14.107263999999999,60.125
1.07031821199962,14.067968,60.406
1.082275474999733,14.107263999999999,60.0
1.094262083999638,14.107263999999999,60.343
1.1062260999997306,14.107263999999999,60.0
1.118173378999927,14.107263999999999,60.187
1.1300879509999504,14.107263999999999,60.5
1.142013756999404,14.14656,60.156
1.1539724919994114,14.14656,60.375
1.1659552289993371,14.162752000000001,60.062
1.1779190199995355,14.201984,60.281
1.1898582339999848,14.201984,60.031
1.201793479999651,14.241216,60.156
1.2137017479999486,14.280448,60.437
1.2251873679997516,14.201984,60.187
1.2373841640001046,14.162752000000001,60.281
1.2494063899994217,14.185856,60.312
1.2626095449995773,14.14656,59.968
1.276142957999582,14.185856,60.437
1.289407427999322,14.162752000000001,60.156
1.3019274729995232,14.162752000000001,60.437
1.3142390269995303,14.162752000000001,60.0
1.326470672999676,14.162752000000001,60.281
1.3385030439994807,14.185856,60.031
1.350559991999944,14.14656,60.218
1.3625826659999802,14.14656,60.531
1.3749305419996745,14.107263999999999,60.343
1.401101350999852,14.201984,60.343
1.4151527439998972,14.241216,60.218
1.4281691679998403,14.280448,60.031
1.4402169959994353,14.280448,60.25
1.452186931000142,14.31968,60.437
1.4641701149994333,14.31968,60.156
1.4761272179994194,14.358912,60.312
1.4881249299996853,14.358912,60.093
1.500138452000101,14.398144,60.187
1.5121183080000264,14.437376,60.531
1.5240402729996276,14.437376,60.156
1.535984094000014,14.358912,60.406
1.547979502999624,14.358912,60.281
1.5611139180000464,14.31968,60.0
1.5742480769995382,14.31968,60.187
1.5873589069997251,14.31968,59.937
1.5991934429994217,14.31968,60.093
1.6108063020001282,14.31968,60.437
1.6229010759998346,14.31968,60.125
1.6351183529995978,14.280448,60.281
1.6472858029992494,14.241216,60.156
1.659437092999724,14.241216,59.937
1.6715146819997244,14.201984,60.187
1.6835110179999901,14.201984,60.437
1.6955229719997078,14.201984,60.125
1.7075096119997397,14.201984,60.218
1.7194662029996834,14.201984,60.125
1.7315611690000878,14.201984,60.25
1.743951862999893,14.241216,60.625
1.755984169999465,14.241216,60.25
1.7679994199997964,14.280448,60.437
1.7799815799999124,14.280448,60.093
1.7921058909996646,14.31968,60.281
1.8041088840000157,14.358912,60.031
1.8160897640000258,14.358912,60.156
1.8276660779993108,14.358912,60.5
1.8395878189994619,14.280448,60.125
1.8519289099995149,14.280448,60.031
1.8654663869992874,14.241216,60.218
1.878712392000125,14.241216,59.937
1.8912662319999072,14.241216,60.218
1.9033019620001141,14.241216,60.156
1.9164188409995404,14.241216,60.437
1.9285016139992877,14.241216,60.125
1.9405761309999434,14.201984,60.343
1.9526320549994125,14.201984,59.968
1.966373542999463,14.162752000000001,60.187
1.9786000039994178,14.123520000000001,60.531
1.99054270599936,14.123520000000001,60.531
2.0025252179993913,14.123520000000001,60.156
2.0144536789994163,14.123520000000001,60.406
2.0265308839998397,14.123520000000001,60.125
2.0384698739999294,14.162752000000001,60.25
2.050419487999534,14.162752000000001,60.031
2.062371277999773,14.201984,60.187
2.0743430379998244,14.201984,60.437
2.0863342539996665,14.241216,60.031
2.098316765999698,14.280448,60.375
2.1102956300001097,14.280448,59.968
2.1222829419994014,14.31968,60.218
2.1342562699992413,14.31968,60.656
2.1462560619993383,14.280448,60.125
2.1582475349996457,14.280448,60.343
2.1714613459998873,14.241216,60.281
2.1849016339992886,14.241216,59.968
2.1979723649992593,14.241216,60.218
2.2112914290000845,14.241216,60.156
2.2233978509993904,14.241216,60.437
2.2355198259992903,14.241216,60.093
2.247628168999654,14.201984,60.312
2.2596520580000288,14.162752000000001,60.25
2.2742482479998216,14.123520000000001,60.187
2.2862130309995337,14.123520000000001,60.156
2.298197493999396,14.123520000000001,60.437
2.3101692849995743,14.123520000000001,60.093
2.3221062579996214,14.123520000000001,60.437
2.3340435179998167,14.123520000000001,60.062
2.3460024449996126,14.162752000000001,60.312
2.3579472900000837,14.162752000000001,60.031
2.369947434000096,14.201984,60.281
2.381877429999804,14.241216,60.437
2.3939418979998663,14.241216,60.125
2.405889560000105,14.280448,60.281
2.4178952719994413,14.31968,60.0
2.4295113640000636,14.280448,60.156
2.4409123709992855,14.241216,60.562
2.4531598249996023,14.201984,60.031
2.466592302999743,14.162752000000001,60.031
2.4800466709994,14.162752000000001,60.218
2.4927938639993954,14.162752000000001,59.937
2.5058936529994753,14.201984,59.937
2.519147561999489,14.201984,60.093
2.5313237479995223,14.162752000000001,60.468
2.543593602999863,14.162752000000001,60.062
2.55568117599978,14.123520000000001,60.281
2.567743978999715,14.084288,60.25
2.581882417000088,14.084288,59.968
2.5939325800000006,14.084288,60.281
2.6058832809994783,14.084288,60.5
2.61779151599967,14.084288,60.125
2.629742217999592,14.084288,60.406
2.6417170169997917,14.084288,60.093
2.6536965519999285,14.123520000000001,60.312
2.6656517339997663,14.123520000000001,60.031
2.6775915869993696,14.162752000000001,60.25
2.6895924350001224,14.162752000000001,60.468
2.7015862109992668,14.201984,60.187
2.7135811389998707,14.241216,60.25
2.7255527059996894,14.280448,60.0
2.7375075669997386,14.31968,60.343
2.7494793899995784,14.241216,59.968
2.7614672780000546,14.241216,60.437
2.774951663000138,14.201984,60.093
2.7882777999993777,14.201984,60.343
2.8013349619996006,14.201984,60.187
2.8143867479993787,14.201984,60.0
2.8264679209996757,14.201984,60.125
2.838570021999658,14.201984,60.531
2.8506616919994485,14.162752000000001,60.062
2.862787250999645,14.162752000000001,60.375
2.8753335049996167,14.123520000000001,60.187
2.887588670999321,14.123520000000001,60.312
2.899570157999733,14.123520000000001,60.031
2.9115732149994074,14.123520000000001,60.281
2.9235595979998834,14.123520000000001,60.5
2.9355575989993667,14.123520000000001,60.187
2.947560462999718,14.123520000000001,60.406
2.9595271009993667,14.162752000000001,60.0
2.9714931959997557,14.162752000000001,60.25
2.9834574339993196,14.201984,60.031
2.99548317999961,14.201984,60.437
3.0074630669996623,14.241216,60.125
3.019567504999941,14.280448,60.343
3.031369941999401,14.241216,59.968
3.0435104779999165,14.241216,60.343
3.0554939819994615,14.201984,60.0
3.067504622999877,14.201984,60.062
3.081103253999572,14.162752000000001,60.093
3.094545109000137,14.162752000000001,60.375
3.107847820999268,14.162752000000001,59.937
3.1212077840000347,14.162752000000001,60.187
3.1333944979996886,14.162752000000001,60.187
3.1456016299998737,14.162752000000001,60.5
3.1576875709997694,14.123520000000001,60.156
3.169824265999523,14.123520000000001,60.343
3.1819005749994176,14.084288,60.125
3.1934793519994855,14.045056,60.281
3.205444548999367,14.045056,60.031
3.2174484369998027,14.045056,60.218
3.2294552690000273,14.084288,60.468
3.2414227069994013,14.084288,60.156
3.2534573799994178,14.084288,60.437
3.2654491399998733,14.123520000000001,60.062
3.277439298999525,14.123520000000001,60.281
3.2894132329993226,14.162752000000001,60.031
3.3014309780000985,14.201984,60.156
3.31341483199958,14.241216,60.437
3.3253919989992937,14.241216,60.187
3.337377228999685,14.280448,60.343
3.3493707809993793,14.280448,60.187
3.3613806209996255,14.241216,60.187
3.3737888189998557,14.201984,60.218
3.3859273379994193,14.201984,60.5
3.3990752239997164,14.201984,60.062
3.412437809999574,14.201984,60.312
3.4253768210001,14.241216,60.187
3.4375192449997485,14.201984,60.0
3.4496896059999926,14.201984,60.125
3.4618345569997473,14.162752000000001,60.468
3.4739359219993275,14.162752000000001,60.437
3.488947621999614,14.123520000000001,60.031
3.50096421499984,14.084288,60.281
3.512973894999959,14.084288,60.093
3.524942612999439,14.084288,60.187
3.536939652000001,14.123520000000001,60.5
3.5489625169993815,14.123520000000001,60.281
3.5609536679994562,14.123520000000001,60.437
3.572939058999509,14.162752000000001,60.125
3.5849186259993076,14.162752000000001,60.343
3.596920561999468,14.201984,59.968
3.6089038399995843,14.241216,60.125
3.620883534999848,14.280448,60.375
3.632901662999757,14.241216,60.031
3.645011572999465,14.241216,60.312
3.657041157999629,14.201984,60.187
3.669028661000084,14.162752000000001,59.875
3.6822597840000526,14.162752000000001,60.125
3.69556892699984,14.123520000000001,60.406
3.708854004999921,14.123520000000001,60.343
3.721887100999993,14.162752000000001,60.093
3.7348791069998697,14.162752000000001,60.25
3.7471083189993806,14.123520000000001,59.937
3.7594121590000213,14.123520000000001,60.187
3.771497396000086,14.084288,60.437
3.783539396999913,14.084288,60.437
3.797812752999562,14.045056,60.093
3.809741916999883,14.045056,60.343
3.8216770009994434,14.045056,60.031
3.8336238299998513,14.045056,60.187
3.8456015080000725,14.045056,60.468
3.8575636019995727,14.045056,60.25
3.8695196149992626,14.084288,60.437
3.881450314999711,14.123520000000001,60.125
3.8932658399999127,14.162752000000001,60.281
3.905311041999994,14.162752000000001,60.062
3.9172907689999192,14.201984,60.25
3.9292913609997413,14.241216,60.468
3.9412746389998574,14.280448,60.406
3.953335297999729,14.280448,60.375
3.965285326999947,14.241216,60.312
3.9772912629996426,14.241216,59.968
3.990466670999922,14.201984,60.218
4.003577595000024,14.201984,60.093
4.016735497999434,14.201984,60.343
4.030020415999388,14.201984,59.937
4.042099827999664,14.201984,60.25
4.054244650999863,14.201984,60.062
4.066324830999292,14.162752000000001,60.187
4.0783689129993945,14.162752000000001,60.562
4.090461381999376,14.123520000000001,60.156
4.1024544849997255,14.084288,60.437
4.11441737899986,14.084288,60.156
4.126352782999675,14.084288,60.281
4.13831305199983,14.084288,60.125
4.150304748000053,14.123520000000001,60.531
4.16226869699949,14.123520000000001,60.25
4.174219141999856,14.162752000000001,60.406
4.186145138000029,14.162752000000001,60.125
4.198095965999528,14.201984,60.343
4.210019368999383,14.201984,60.0
4.221974708999369,14.241216,60.156
4.233729079000113,14.201984,60.437
4.245708644999468,14.201984,60.093
4.257708340000136,14.241216,60.468
4.269686945000103,14.201984,60.031
4.2817997349993675,14.201984,60.187
4.296021790999475,14.162752000000001,60.156
4.309266289999869,14.162752000000001,60.5
4.322511972999564,14.162752000000001,60.437
4.33573810300004,14.162752000000001,60.062
4.348365832000127,14.162752000000001,60.375
4.360457211999346,14.162752000000001,60.0
4.37261425899942,14.162752000000001,60.187
4.384644099999605,14.123520000000001,60.5
4.396713462999287,14.084288,60.187
4.408715941999617,14.084288,60.437
4.420687762999478,14.084288,60.093
4.432627966999462,14.084288,60.312
4.444606572999874,14.084288,60.125
4.456553176999478,14.084288,60.218
4.46846838700003,14.084288,60.687
4.480399245999251,14.123520000000001,60.156
4.492386044999876,14.123520000000001,60.5
4.5043728109994845,14.162752000000001,60.093
4.5164231969993125,14.201984,60.281
4.528432811999664,14.241216,60.093
4.54043039499993,14.241216,60.593
4.552425513999879,14.280448,60.125
4.564532317999692,14.280448,60.406
4.5764615459993365,14.241216,59.968
4.5884042130001035,14.201984,60.25
4.601635687999988,14.201984,60.125
4.6149049559999185,14.201984,60.156
4.62677126699964,14.201984,60.062
4.640207456999633,14.201984,60.343
4.652422459999798,14.201984,60.093
4.664558193999255,14.201984,60.218
4.6766803279997475,14.162752000000001,60.062
4.68874018599945,14.162752000000001,60.0
4.703057318999527,14.123520000000001,60.218
4.7150825519993305,14.123520000000001,60.406
4.72705616499934,14.123520000000001,60.125
4.738982959999703,14.123520000000001,60.312
4.750951324999733,14.123520000000001,60.125
4.762927402999594,14.123520000000001,60.312
4.774873078999917,14.123520000000001,60.531
4.786810530999901,14.162752000000001,60.187
4.798916982999799,14.162752000000001,60.437
4.810892068999237,14.201984,60.218
4.822841200999392,14.241216,60.218
4.83523688599962,14.201984,60.0
4.847543444999246,14.201984,60.218
4.859542915999555,14.241216,60.5
4.8715301309994175,14.241216,60.406
4.883510624999872,14.201984,60.031
4.896730577999733,14.162752000000001,60.187
4.909925025999655,14.162752000000001,60.062
4.923026700999799,14.162752000000001,60.0
4.935862889999953,14.162752000000001,60.125
4.9490989079995416,14.201984,60.406
4.961280404999343,14.162752000000001,60.062
4.97339556299994,14.162752000000001,60.312
4.985536416999821,14.123520000000001,60.0
4.9976524389994665,14.123520000000001,60.0
5.011630512999545,14.084288,60.187
5.023605726999449,14.084288,60.437
5.03557527599969,14.084288,60.218
5.047578075999809,14.084288,60.375
5.059572713999842,14.084288,60.125
5.0715803459997915,14.084288,60.343
5.083560966999357,14.123520000000001,60.562
5.0955979439995644,14.123520000000001,60.218
5.107584966999639,14.162752000000001,60.437
5.119564085000093,14.201984,60.187
5.131549250999342,14.241216,60.343
5.143643030999556,14.241216,60.343
5.155632132999926,14.280448,59.968
5.167625619999853,14.31968,60.187
5.17961324999942,14.241216,60.437
5.1916208169996025,14.241216,60.062
5.205013162999421,14.241216,60.343
5.218038865999915,14.201984,60.281
5.231167805999576,14.241216,59.937
5.243444378999811,14.241216,60.25
5.2559306919993105,14.241216,60.375
5.268223361999844,14.241216,60.125
5.2804099149998365,14.241216,60.312
5.292618548000064,14.201984,60.062
5.3051359989995035,14.162752000000001,59.937
5.317283284999576,14.162752000000001,60.187
5.329292611999335,14.123520000000001,60.5
5.341287121999812,14.162752000000001,60.156
5.353286527999444,14.123520000000001,60.343
5.36528260599971,14.162752000000001,60.187
5.377269147999868,14.162752000000001,60.343
5.389323724999485,14.162752000000001,60.031
5.401344668999627,14.201984,60.218
5.413341386999491,14.201984,60.437
5.425343736999821,14.241216,60.125
5.436781384999449,14.201984,60.312
5.448408739000115,14.201984,60.031
5.460465716999352,14.241216,60.156
5.472457697999744,14.280448,60.562
5.484469584999715,14.201984,60.156
5.496451422999598,14.241216,60.062
5.5107016719994135,14.201984,60.312
5.523824946999412,14.162752000000001,60.093
5.537132456999643,14.201984,59.937
5.550812274999771,14.201984,60.125
5.562450925000121,14.201984,60.468
5.574589058999663,14.201984,60.187
5.586643700999957,14.201984,60.343
5.598925937999411,14.162752000000001,60.0
5.61209824099933,14.123520000000001,60.218
5.624203380999461,14.123520000000001,60.031
5.636185729999852,14.123520000000001,60.531
5.648198480999781,14.123520000000001,60.218
5.660181309999643,14.123520000000001,60.437
5.672188812999593,14.123520000000001,60.0
5.684169881999878,14.123520000000001,60.281
5.696174408999468,14.162752000000001,60.062
5.708166071000051,14.162752000000001,60.281
5.720148163999511,14.201984,60.468
5.732140049999543,14.201984,60.125
5.744280423999953,14.241216,60.312
5.756252053000026,14.280448,60.093
5.768197599999439,14.31968,60.312
5.780212527000003,14.280448,60.718
5.792223325999657,14.241216,60.093
5.804888400999516,14.241216,60.093
5.818183525999302,14.201984,60.281
5.831478299000082,14.201984,60.0
5.84481992199926,14.241216,59.968
5.858066756999506,14.241216,60.156
5.870141430999865,14.201984,60.437
5.88224116299989,14.201984,60.093
5.8943879369999195,14.162752000000001,60.437
5.906417488999978,14.162752000000001,60.312
5.920645272999536,14.123520000000001,60.031
5.932618469999397,14.123520000000001,60.25
5.944599890999598,14.123520000000001,60.593
5.9566732529992805,14.123520000000001,60.125
5.968726486999913,14.123520000000001,60.343
5.980769959000099,14.123520000000001,60.156
5.992825048999293,14.162752000000001,60.312
6.004803429999811,14.201984,60.031
6.016781266999715,14.201984,60.25
6.028713788999994,14.201984,60.437
6.040729516999818,14.201984,60.093
6.05291296499945,14.241216,60.312
6.064998903999367,14.241216,60.031
6.077020648000143,14.280448,60.25
6.089157340999918,14.241216,60.125
6.101194318000125,14.241216,60.312
6.114973468999779,14.201984,60.031
6.128347637999468,14.162752000000001,59.968
6.141493090999575,14.162752000000001,60.25
6.154928863999885,14.162752000000001,60.0
6.168264182999337,14.162752000000001,60.562
6.180390411999724,14.162752000000001,60.125
6.192515521000132,14.162752000000001,60.406
6.204651573999399,14.123520000000001,60.093
6.216726311999992,14.084288,60.281
6.229816240999753,14.107263999999999,60.0
6.241927076000138,14.107263999999999,60.281
6.253939922999962,14.107263999999999,60.531
6.266123817999869,14.084288,60.125
6.2781040869995195,14.084288,60.437
6.290031104999798,14.084288,60.093
6.30205969599956,14.123520000000001,60.375
6.3140251799995895,14.123520000000001,60.312
6.326020136999432,14.162752000000001,60.562
6.337973843999862,14.162752000000001,60.156
6.349994210999284,14.201984,60.437
6.3619651989993145,14.241216,60.125
6.374015135999798,14.280448,60.312
6.385977770999489,14.280448,60.125
6.397938102999433,14.241216,60.156
6.4099291559996345,14.201984,60.5
6.423440163999658,14.241216,60.156
6.436061620000146,14.241216,60.093
6.44901518899951,14.241216,60.312
6.4612545119998686,14.280448,59.968
6.473458056999334,14.241216,60.187
6.485640959999728,14.241216,60.531
6.497854073999406,14.241216,60.156
6.509940235999238,14.201984,60.343
6.522072864999245,14.162752000000001,60.156
6.534011050999652,14.123520000000001,60.375
6.545974550999745,14.123520000000001,60.093
6.557897919999959,14.123520000000001,60.312
6.56979040799979,14.123520000000001,60.468
6.581719473999328,14.162752000000001,60.156
6.5937915239992435,14.162752000000001,60.406
6.605716492999818,14.162752000000001,60.093
6.61765400799959,14.201984,60.375
6.629619010999704,14.201984,60.156
6.641957858999376,14.162752000000001,60.437
6.654132634999769,14.201984,60.187
6.666103335000116,14.241216,60.406
6.678043568999783,14.280448,60.093
6.689986203999979,14.280448,60.406
6.701977353000075,14.241216,60.0
6.7140002159994765,14.201984,60.125
6.726433021000048,14.201984,60.5
6.739609610999651,14.201984,60.343
6.7528902059993925,14.201984,60.062
6.766101965999951,14.201984,60.25
6.778420429000107,14.201984,60.0
6.790475197999513,14.201984,60.156
6.802519693999784,14.162752000000001,60.437
6.814680419999604,14.123520000000001,60.343
6.826675761999468,14.123520000000001,60.125
6.838675134999903,14.084288,60.281
6.850602184999843,14.084288,60.093
6.86261016699973,14.084288,60.312
6.874525023999922,14.084288,60.562
6.886445737999566,14.084288,60.218
6.898371282999506,14.123520000000001,60.437
6.910321085999385,14.123520000000001,60.125
6.92228464999971,14.162752000000001,60.312
6.9342936559996815,14.162752000000001,60.062
6.946289220999461,14.201984,60.218
6.958266545999322,14.241216,60.437
6.970593232999818,14.280448,60.156
6.982580477999363,14.31968,60.406
6.994554570999753,14.280448,60.156
7.006489684999906,14.241216,60.281
7.018453695999597,14.241216,59.906
7.031560873999297,14.201984,60.5
7.044817436999438,14.201984,60.062
7.058031371999277,14.241216,60.343
7.07124895600009,14.241216,60.281
7.083464693999304,14.201984,59.968
7.095559976999539,14.201984,60.218
7.1076968299994405,14.201984,60.562
7.119727244999922,14.162752000000001,60.375
7.134448078999412,14.123520000000001,60.062
7.146428539999761,14.123520000000001,60.343
7.158372229999259,14.123520000000001,60.031
7.1703339380001125,14.123520000000001,60.281
7.182302397999592,14.123520000000001,60.625
7.194335084999693,14.123520000000001,60.218
7.206339769999431,14.162752000000001,60.437
7.218299876999481,14.162752000000001,60.062
7.230288752999513,14.162752000000001,60.281
7.242783256999246,14.162752000000001,59.968
7.254768293999405,14.162752000000001,60.156
7.26669086199945,14.201984,60.468
7.278683771000033,14.241216,60.156
7.290799245999551,14.280448,60.375
7.302739671999916,14.241216,60.187
7.31471830800001,14.201984,59.937
7.327976341999602,14.162752000000001,60.187
7.341104735999579,14.162752000000001,60.468
7.354451157999392,14.162752000000001,60.375
7.3677539619993695,14.201984,60.0
7.380889301000025,14.201984,60.375
7.393056426999465,14.162752000000001,60.0
7.405219968999518,14.162752000000001,60.218
7.41731723599969,14.123520000000001,60.562
7.429561326000112,14.084288,60.406
7.443787251999311,14.084288,60.093
7.455802817999938,14.084288,60.25
7.467791053999463,14.045056,60.062
7.479780922999453,14.084288,60.218
7.4917645509995054,14.084288,60.562
7.503812694999397,14.084288,60.25
7.515781953999976,14.123520000000001,60.437
7.527760877999754,14.123520000000001,60.156
7.539748665999468,14.123520000000001,60.375
7.551779976999569,14.162752000000001,60.218
7.563752981000107,14.201984,60.593
7.575734944999567,14.241216,60.187
7.587825586999315,14.280448,60.375
7.599973192000107,14.280448,60.187
7.611947506999968,14.241216,60.281
7.623993250999774,14.201984,60.031
7.637147759000072,14.201984,60.25
7.650364925999384,14.201984,60.125
7.663515017999998,14.201984,60.375
7.676752601999397,14.201984,60.031
7.688912879999407,14.201984,60.312
7.701041251999413,14.201984,60.093
7.713231194999935,14.162752000000001,60.156
7.7253458059994955,14.123520000000001,60.187
7.737442752999414,14.123520000000001,60.5
7.7495186739997735,14.084288,60.125
7.7615969309999855,14.084288,60.312
7.773578638999425,14.084288,60.093
7.7855553869994765,14.084288,60.281
7.797540198999741,14.084288,60.687
7.809515635000025,14.123520000000001,60.218
7.821499614999993,14.123520000000001,60.437
7.833799099999851,14.123520000000001,60.125
7.846259298999939,14.084288,60.281
7.858302386000105,14.123520000000001,60.031
7.8702949109992915,14.162752000000001,60.25
7.882370192000053,14.201984,60.562
7.894515300999956,14.241216,60.406
7.9065498119998665,14.241216,60.593
7.9184936940000625,14.162752000000001,60.218
7.930429606999496,14.162752000000001,59.968
7.944061100999534,14.162752000000001,60.281
7.957144788999358,14.162752000000001,60.156
7.970695829999386,14.162752000000001,60.437
7.983722971000134,14.162752000000001,60.062
7.996228515999974,14.162752000000001,60.25
8.008331317999364,14.162752000000001,60.093
8.020433097000023,14.123520000000001,60.218
8.032465175999278,14.084288,60.156
8.046966029000032,14.084288,60.468
8.058982330999243,14.084288,60.031
8.070971238999846,14.084288,60.375
8.082956115999878,14.084288,60.031
8.09493299099995,14.084288,60.312
8.106897449999451,14.045056,60.031
8.118856756999776,14.084288,60.218
8.130785725999885,14.084288,60.5
8.142820620999373,14.123520000000001,60.093
8.154800152999996,14.123520000000001,60.312
8.166744131000087,14.162752000000001,60.312
8.178681644999415,14.201984,60.031
8.190647703999275,14.241216,60.281
8.202593216999958,14.280448,60.5
8.214514409000003,14.201984,60.218
8.226455987000008,14.201984,60.218
8.23936436799977,14.201984,60.093
8.252613216999634,14.162752000000001,59.937
8.265875441999924,14.201984,60.125
8.27930362799998,14.201984,60.468
8.291462336999757,14.201984,60.156
8.30375289299991,14.201984,60.312
8.315793291999398,14.162752000000001,60.031
8.327881212999273,14.162752000000001,60.25
8.340016432000084,14.123520000000001,60.156
8.352950640000017,14.084288,60.468
8.364909369999623,14.084288,60.125
8.376923046999764,14.084288,60.375
8.388978070000121,14.084288,60.062
8.400988642999437,14.084288,60.281
8.413049586999477,14.123520000000001,60.093
8.425085120999938,14.123520000000001,60.218
8.437168209999982,14.107263999999999,60.406
8.449496368999462,14.107263999999999,60.0
8.461555263999799,14.084288,60.343
8.473592174999794,14.123520000000001,60.0
8.485591066999405,14.162752000000001,60.25
8.497646985999381,14.201984,60.625
8.509690488999695,14.241216,60.562
8.521686596999643,14.162752000000001,60.156
8.533651087999715,14.162752000000001,60.25
8.547390298999744,14.123520000000001,60.062
8.5596786469996,14.123520000000001,60.187
8.572829089999686,14.162752000000001,60.187
8.586128436999388,14.162752000000001,60.406
8.598929740999665,14.162752000000001,60.093
8.610981756000001,14.123520000000001,60.375
8.623138832999757,14.123520000000001,60.093
8.635256900000059,14.084288,60.218
8.647387926999727,14.084288,60.218
8.66110537699933,14.045056,60.5
8.673091500999362,14.045056,60.187
8.685086136999416,14.045056,60.406
8.697083332999682,14.045056,60.156
8.70909054599997,14.045056,60.375
8.721062876999895,14.045056,60.125
8.733054472999356,14.084288,60.125
8.74505070899977,14.084288,60.531
8.757026751999547,14.123520000000001,60.093
8.768970473000081,14.123520000000001,60.375
8.780980021999312,14.162752000000001,60.093
8.793050213999777,14.201984,60.281
8.805002799999784,14.241216,60.0
8.816965979000088,14.201984,60.5
8.829004168999745,14.162752000000001,60.031
8.841037622999465,14.162752000000001,60.375
8.854043897999873,14.162752000000001,60.031
8.867140865999318,14.162752000000001,60.0
8.88065424099932,14.162752000000001,60.093
8.893743240999356,14.162752000000001,60.437
8.905794903999777,14.162752000000001,60.093
8.917871719999312,14.162752000000001,60.343
8.929863763999492,14.123520000000001,60.031
8.941982534999624,14.084288,60.0
8.956719879999582,14.084288,60.281
8.968694642999253,14.045056,60.593
8.980643324999619,14.045056,60.156
8.992728526000064,14.045056,60.406
9.004693881000094,14.045056,60.156
9.016475032999551,14.045056,60.375
9.028634285999942,14.084288,59.968
9.03992837199985,14.067968,60.093
9.052950743999645,14.067968,60.437
9.065376892000131,14.084288,60.437
9.077750363999257,14.123520000000001,60.031
9.090106044000095,14.123520000000001,60.25
9.102425594000124,14.162752000000001,60.031
9.114712822000001,14.201984,60.156
9.127071062000141,14.123520000000001,60.437
9.139400084000044,14.162752000000001,60.312
9.153838980999353,14.123520000000001,60.375
9.168218290999903,14.123520000000001,60.093
9.182248045999586,14.162752000000001,60.0
9.196400077999897,14.162752000000001,60.156
9.20965827100008,14.162752000000001,60.437
9.222057855999992,14.162752000000001,60.093
9.234555942999577,14.123520000000001,60.406
9.246209215999443,14.123520000000001,60.343
9.258624705999864,14.123520000000001,60.062
9.271044133000032,14.084288,60.25
9.283281244999671,14.084288,60.531
9.294749740000043,14.084288,60.187
9.306196890000138,14.084288,60.406
9.318417329999647,14.084288,60.125
9.330612935999852,14.123520000000001,60.25
9.342930308999712,14.123520000000001,59.968
9.354409747999853,14.162752000000001,60.25
9.366722992999712,14.162752000000001,60.531
9.378981674999523,14.201984,60.156
9.391249028999482,14.201984,60.375
9.403552321999996,14.241216,60.062
9.415787674000057,14.280448,60.218
9.428047603999403,14.201984,60.187
9.44030324599953,14.201984,60.437
9.453532859999541,14.201984,60.062
9.466134632999456,14.162752000000001,60.312
9.478689937999661,14.201984,60.312
9.491743638999651,14.201984,60.062
9.504087637999874,14.241216,60.25
9.516253355000117,14.201984,60.437
9.528480450999268,14.201984,60.156
9.540489646999958,14.162752000000001,60.312
9.552532828999574,14.123520000000001,60.156
9.565429786000095,14.123520000000001,60.281
9.577396644000146,14.123520000000001,60.062
9.589505332999579,14.084288,60.5
9.60149657599959,14.084288,60.156
9.613489003999348,14.084288,60.406
9.625650495999253,14.084288,60.156
9.637739120999868,14.084288,60.218
9.6491951349999,14.045056,60.0
9.661204682999596,14.084288,60.218
9.67318274199988,14.084288,60.468
9.685138974999973,14.123520000000001,60.093
9.69713370699992,14.162752000000001,60.437
9.709119221999572,14.162752000000001,60.0
9.721107808999477,14.201984,60.187
9.733125773999745,14.162752000000001,60.031
9.745091287999458,14.162752000000001,60.093
9.75723249099974,14.123520000000001,60.468
9.770389973999954,14.123520000000001,60.281
9.783574497999325,14.123520000000001,60.0
9.796798607999335,14.123520000000001,60.218
9.809712972999478,14.162752000000001,60.031
9.821867488999487,14.123520000000001,60.156
9.833876205999331,14.123520000000001,60.437
9.845918875999814,14.084288,60.406
9.857938408999871,14.084288,60.093
9.871238362999975,14.045056,60.375
9.883356108999578,14.067968,60.0
9.89538709899989,14.067968,60.25
9.90735939699971,14.067968,60.531
9.919359761000123,14.067968,60.218
9.931293177000043,14.067968,60.437
9.943372136999642,14.067968,60.062
9.955331985999692,14.084288,60.312
9.967279962999783,14.084288,60.093
9.979278950999287,14.123520000000001,60.187
9.991242832999887,14.162752000000001,60.468
10.003179128999363,14.162752000000001,60.031
10.015222727000037,14.201984,60.312
10.02716868799962,14.201984,60.375
10.038884747999873,14.162752000000001,60.25
10.050997117999941,14.162752000000001,60.093
10.064592448999974,14.162752000000001,60.437
10.077851888999248,14.162752000000001,60.406
10.091354669999419,14.162752000000001,60.0
10.104529209999782,14.162752000000001,60.281
10.116771538999274,14.162752000000001,60.0
10.128870051999911,14.123520000000001,60.156
10.140982357999746,14.123520000000001,60.437
10.153120553000008,14.084288,60.312
10.165245498999866,14.084288,60.125
10.177273192999564,14.067968,60.343
10.189263507999385,14.067968,60.062
10.201278911999907,14.067968,60.187
10.21327303399994,14.067968,60.531
10.225241843999356,14.067968,60.187
10.237266847999308,14.028672,60.281
10.24902063799982,13.989376,60.031
10.261053546999392,14.028672,60.25
10.273070550999364,14.005824,60.0
10.285068258000138,14.045056,60.25
10.297128879999946,14.084288,60.437
10.309167198000068,14.084288,60.093
10.321134726999844,14.123520000000001,60.375
10.333097744000042,14.162752000000001,60.187
10.345196160999876,14.084288,60.281
10.357178506999844,14.084288,60.093
10.370548479999343,14.084288,60.5
10.383807440000055,14.084288,60.093
10.39709996900001,14.084288,60.031
10.410359919999792,14.084288,60.25
10.422612104999644,14.084288,59.875
10.434663254999577,14.084288,60.125
10.446676930999274,14.045056,60.437
10.458745713999633,14.005824,60.062
10.470864514999448,14.028672,60.437
10.482827499999985,13.989376,60.031
10.494806773999699,13.989376,60.343
10.506744989999788,13.989376,60.0
10.51895550900008,13.989376,60.218
10.531093350999981,13.989376,60.437
10.54315573399981,13.966592,60.093
10.555166817999634,14.005824,60.375
10.567190893999395,14.005824,60.281
10.579201593999642,14.045056,60.031
10.591190211999674,14.045056,60.25
10.603147564999745,14.084288,60.437
10.615121718999944,14.084288,60.062
10.627149891000045,14.123520000000001,60.375
10.639154415000121,14.084288,60.156
10.651155161999668,14.084288,60.218
10.665063820999421,14.045056,60.156
10.678465508000045,14.045056,60.437
10.69172027500008,14.045056,60.031
10.703768704999675,14.084288,60.312
10.717161462999684,14.084288,60.281
10.729231045999768,14.084288,59.968
10.741405754999505,14.084288,60.25
10.753526828999384,14.067968,60.468
10.765629276999789,14.028672,60.125
10.779112696999618,14.028672,60.468
10.791141861999677,14.028672,60.125
10.80310337499941,14.028672,60.25
10.81521980799971,14.028672,60.25
10.827245836999282,13.989376,60.562
10.839275128999361,13.95008,60.062
10.851631896000072,13.95008,60.343
10.863715206999586,13.95008,60.062
10.875728754999727,13.989376,60.218
10.887750174999383,13.989376,60.0
10.89973629799988,14.028672,60.187
10.911761141999705,14.067968,60.468
10.923908232999565,14.045056,60.093
10.935915989000023,14.084288,60.312
10.947902910999801,14.067968,60.062
10.959933099999944,14.045056,60.218
10.971916213999975,14.005824,60.187
10.985175845999947,14.028672,60.437
10.99843560499994,14.005824,60.093
11.011624640999798,14.045056,60.031
11.024646850999488,14.045056,60.281
11.036715601999276,14.045056,60.031
11.048846500999389,14.045056,60.218
11.06093454799975,14.028672,60.531
11.073267441999633,14.028672,60.125
11.086865266999666,13.989376,60.437
11.098872542999743,13.989376,60.062
11.110803109999324,13.989376,60.375
11.122727564999877,13.989376,60.187
11.134670036999523,13.989376,60.562
11.146654047999618,13.989376,60.156
11.158569797999917,13.989376,60.375
11.170515757999965,14.028672,60.156
11.182467190999887,14.028672,60.343
11.194497602999945,14.045056,60.093
11.20642413799942,14.084288,60.125
11.218367824999405,14.084288,60.5
11.23030011999981,14.123520000000001,60.156
11.242253343999437,14.123520000000001,60.437
11.254223528999319,14.084288,60.031
11.266192784999475,14.045056,60.218
11.279538468999817,14.045056,60.187
11.29293474699989,14.045056,60.468
11.306182921000072,14.045056,60.062
11.319444920000024,14.084288,60.406
11.331838168000104,14.045056,60.25
11.343979945999308,14.045056,60.0
11.356003670000064,14.045056,60.125
11.368018208999274,14.028672,60.531
11.380235255000116,14.028672,60.156
11.392205631999786,13.989376,60.343
11.404187049999564,13.989376,60.062
11.416152337999847,13.989376,60.343
11.428123418999348,13.989376,60.093
11.440146726999956,13.95008,60.093
11.45240067099985,13.910784,60.593
11.464373351999711,13.95008,60.125
11.47637710699928,13.95008,60.312
11.488345115999437,13.95008,60.093
11.50036819899924,13.989376,60.218
11.512426516999767,14.028672,59.968
11.524407517999862,14.028672,60.218
11.536411112999303,14.045056,60.437
11.54837304099965,14.067968,60.437
11.560362426999745,14.028672,59.968
11.57235853399925,14.028672,60.218
11.585526094999295,14.028672,60.031
11.598933702000068,14.028672,60.437
11.612105008000071,14.028672,60.062
11.625226038999244,14.028672,60.343
11.637565459999678,14.028672,60.0
11.649688356999832,14.028672,60.281
11.661794549999286,14.028672,59.968
11.673873828000069,13.989376,60.218
11.685978772999988,13.989376,60.531
11.697916539999824,13.95008,60.156
11.709864866999851,13.95008,60.437
11.721784937999473,13.95008,60.343
11.733715215999837,13.95008,60.0
11.74575366099998,13.95008,60.25
11.757735749999483,13.95008,60.468
11.769678861999637,13.95008,60.093
11.781707225999526,13.989376,60.375
11.79379124099978,13.989376,60.156
11.805730991999553,14.028672,60.25
11.817726777999269,14.005824,59.968
11.82967968199955,14.045056,60.125
11.841631049999705,14.084288,60.468
11.853692343999683,14.045056,60.156
11.865634879000027,14.045056,60.218
11.879495438000049,14.028672,60.25
11.892695449999337,14.028672,59.906
11.90599639499942,14.028672,60.218
11.919063566999284,14.028672,60.125
11.932279803999336,14.045056,60.375
11.944428429999789,14.028672,60.031
11.956544446999942,14.028672,60.312
11.968598603999453,13.989376,59.968
11.980647577999662,13.989376,59.937
11.994270747999508,13.989376,60.093
12.006221476000064,13.95008,60.437
12.018150089999835,13.95008,60.156
12.030077872999755,13.95008,60.281
12.042021175999253,13.910784,60.0
12.05449125999985,13.910784,60.125
12.06586035700002,13.910784,60.5
12.07785326299927,13.910784,60.093
12.089633132999552,13.95008,60.343
12.101661080999293,13.95008,60.062
12.113658115999897,13.989376,60.281
12.125643372999548,14.028672,60.031
12.137645719999455,14.005824,60.156
12.149609344000055,14.045056,60.468
12.161622347999582,14.028672,60.125
12.173549841999375,14.028672,59.906
12.187348861999453,13.989376,60.25
12.200676815999941,13.989376,59.937
12.213847256999543,13.989376,59.937
12.227197835999505,13.989376,60.125
12.240605281999706,14.028672,60.375
12.252708113999688,13.989376,59.968
12.264681241999824,13.989376,60.343
12.276737190999484,13.989376,59.937
12.288842934000058,13.95008,60.093
12.3021216369998,13.95008,60.25
12.314158288999351,13.95008,60.437
12.326141753999764,13.95008,60.062
12.338133315999585,13.95008,60.312
12.350139438000042,13.95008,60.062
12.362077299999328,13.95008,60.25
12.374001241999395,13.95008,59.937
12.385987490999469,13.989376,60.187
12.397986764999587,13.989376,60.468
12.409962613000062,13.989376,60.031
12.421948479000093,14.028672,60.343
12.433891748999486,14.045056,60.0
12.44585796499996,14.045056,60.187
12.457821684999544,14.084288,60.531
12.469757275999655,14.028672,60.156
12.481745188999412,14.028672,60.031
12.495252863999667,14.028672,60.312
12.508021171999644,14.067968,60.031
12.521212317999925,14.067968,59.937
12.534481900999708,14.067968,60.093
12.54660028499984,14.067968,60.375
12.558699531999991,14.045056,60.062
12.570738775999416,14.028672,60.343
12.582821414000136,14.028672,60.0
12.595089054999335,13.989376,60.218
12.607100328999877,13.95008,60.0
12.619071056999928,13.95008,60.156
12.631080795999878,13.95008,60.437
12.643160554000133,13.910784,59.968
12.655309243999909,13.910784,60.281
12.667310949999774,13.871488,59.937
12.679266989000098,13.910784,60.156
12.691262806999475,13.910784,60.5
12.703231230999336,13.910784,60.406
12.715218503999495,13.95008,60.031
12.727182031999291,13.989376,60.312
12.739133974999277,13.989376,59.968
12.751111135999963,14.028672,60.156
12.76308083999993,14.045056,59.937
12.775088465999943,13.989376,60.125
12.787080283999785,13.989376,60.343
12.800585078999575,13.989376,60.0
12.813787329999286,13.989376,60.0
12.82683021199955,13.989376,60.156
12.840089297999839,14.028672,59.937
12.852715293999609,14.028672,60.093
12.864804684999399,14.028672,60.375
12.876841753000008,13.989376,60.25
12.888893604999794,13.95008,60.0
12.900979603999986,13.95008,60.312
12.912698413999351,13.95008,59.937
12.924655765999887,13.910784,60.218
12.936605980999957,13.95008,60.437
12.948700203999579,13.910784,60.093
12.960647442999289,13.910784,60.343
12.972677853999812,13.95008,60.062
12.984643205999419,13.95008,60.218
12.996626735000063,13.95008,60.062
13.00859435899929,13.989376,60.156
13.020548350999888,13.989376,60.437
13.03246265999951,14.028672,60.031
13.044526928999403,14.067968,60.25
13.056449014999998,14.045056,59.937
13.06841081499988,14.067968,60.187
13.0803981199997,14.028672,60.406
13.09272611599954,14.028672,60.406
13.105902668999988,14.028672,60.031
13.118864362999375,14.028672,60.218
13.132108215999324,14.028672,60.187
13.14531219499986,14.067968,59.906
13.157386512999437,14.067968,60.125
13.169471999999587,14.067968,60.375
13.181557645999419,14.028672,60.062
13.193837191000057,13.989376,60.0
13.208679753999604,13.989376,60.312
13.22067749100006,13.95008,60.031
13.232681307999883,13.95008,60.062
13.244746216999374,13.910784,60.406
13.256979615000091,13.910784,60.031
13.269048107999879,13.871488,60.25
13.28112172100009,13.910784,59.968
13.293200133999562,13.910784,60.218
13.305176365999614,13.910784,59.937
13.317152757999793,13.95008,60.093
13.329183872999238,13.95008,60.406
13.341178377999313,13.989376,60.062
13.353304505999404,14.028672,60.25
13.365270272999624,14.067968,60.0
13.377246088999527,14.028672,60.25
13.389220944999579,13.989376,60.0
13.403250983999897,13.95008,60.343
13.415194862000135,13.95008,60.031
13.428387287999612,13.95008,59.968
13.44162502800009,13.989376,60.156
13.454884624999977,13.989376,59.937
13.467013985999984,13.989376,60.093
13.4792749369999,13.989376,60.343
13.491505486999813,13.95008,60.281
13.503683905999424,13.95008,59.968
13.517379909999363,13.95008,60.312
13.529448690999743,13.910784,59.937
13.541565090999939,13.910784,60.093
13.553576364999572,13.910784,60.437
13.56556123700011,13.910784,60.062
13.577520219999315,13.871488,60.343
13.58964461999949,13.910784,59.937
13.601617331999478,13.910784,60.187
13.613586266999846,13.95008,59.937
13.625569668000026,13.95008,60.437
13.637580716999764,13.989376,60.093
13.649565333999817,14.005824,60.312
13.661533628999678,14.005824,59.968
13.67356170399944,14.045056,60.281
13.685537647999809,13.989376,59.937
13.697582427999805,13.989376,60.0
13.71075488399947,13.989376,60.437
13.723966511000071,13.989376,60.343
13.737199322999913,13.989376,59.937
13.750324992999595,14.005824,60.156
13.76251585999944,14.028672,59.906
13.774620098999549,14.005824,60.125
13.786669070999778,13.989376,60.375
13.798721082999691,13.95008,60.125
13.810798761000115,13.95008,60.375
13.82276990399987,13.910784,60.281
13.834706646000086,13.910784,59.937
13.846937611999238,13.871488,60.093
13.858947253999759,13.832192,60.406
13.870927901999494,13.832192,60.062
13.88303617299971,13.832192,60.281
13.895137210999565,13.832192,59.968
13.907121348000146,13.871488,60.187
13.919324503999633,13.871488,59.937
13.93132684899956,13.910784,60.062
13.9434006219999,13.910784,60.406
13.95535314099925,13.95008,60.031
13.967317019999427,13.95008,60.218
13.97927849899952,13.966592,60.0
13.991279692999342,13.95008,60.218
14.003261012999246,13.95008,59.937
14.015455624999959,13.95008,60.437
14.028924928999913,13.95008,60.062
14.04234840799927,13.95008,60.312
14.055639078999775,13.989376,60.218
14.06837311199979,13.989376,59.906
14.080461797999305,13.966592,60.125
14.092672826000125,13.95008,60.437
14.104967026999475,13.95008,60.062
14.118048694999743,13.910784,60.343
14.130127428999913,13.910784,60.281
14.142716909999763,13.910784,60.0
14.154772857999887,13.871488,60.187
14.166752866000024,13.871488,60.5
14.17874532299993,13.871488,60.093
14.190680111999427,13.910784,60.406
14.202692824999758,13.910784,60.031
14.214701634999983,13.910784,60.187
14.226696394999635,13.95008,60.0
14.238688338999964,13.989376,60.031
14.250724412999261,13.989376,60.437
14.262675234999733,14.028672,60.0
14.274622440999337,14.005824,60.281
14.286551373999828,13.989376,60.031
14.298528149000049,13.989376,59.843
14.312393858999712,13.95008,60.031
14.325873466999838,13.95008,60.375
14.338935228999617,13.95008,60.312
14.352052098000058,13.989376,60.0
14.365133604999755,13.989376,60.281
14.377290454000104,13.989376,59.968
14.389350370000102,13.989376,60.187
14.401539157000116,13.95008,60.5
14.413656132000142,13.910784,60.406
14.42716649399972,13.95008,60.093
14.439180102999671,13.910784,60.281
14.450846301999263,13.871488,59.968
14.462859302999277,13.832192,60.187
14.474639011999898,13.832192,60.437
14.486572392999733,13.832192,60.125
14.498528494999846,13.871488,60.343
14.510539959999733,13.871488,60.031
14.522483740999633,13.871488,60.218
14.534405473999868,13.910784,59.937
14.546377544999814,13.95008,60.125
14.558340782999949,13.95008,60.437
14.570286004999616,13.989376,60.0
14.582231675000003,14.028672,60.281
14.594333704999372,13.95008,60.0
14.606304399999317,13.95008,59.781
14.620352486999764,13.910784,60.062
14.632553114000075,13.910784,60.437
14.645829223999499,13.95008,60.375
14.659015952999653,13.95008,59.968
14.67207160199996,13.989376,60.187
14.684185248999711,13.95008,59.937
14.69627675099946,13.95008,60.156
14.708345050999924,13.95008,60.5
14.72043972099982,13.910784,60.406
14.73468871499972,13.910784,60.062
14.74667841900009,13.871488,60.312
14.758623832000012,13.871488,59.937
14.770542715999909,13.871488,60.218
14.782688780999706,13.871488,59.968
14.794792922999477,13.871488,60.125
14.806791332000103,13.871488,60.437
14.818739145000109,13.910784,60.0
14.830795668999599,13.910784,60.187
14.842741946999922,13.95008,59.968
14.854711713999677,13.95008,60.156
14.866664903999663,13.989376,60.406
14.878605068999605,14.028672,60.031
14.89054507399942,14.028672,60.406
14.902481174999593,13.989376,59.937
14.914489537000009,13.95008,59.937
14.927563330999874,13.95008,60.093
14.940841392999573,13.95008,60.437
14.95409766099965,13.989376,60.406
14.96697333299926,13.989376,60.0
14.979283757999838,13.989376,60.281
14.991413277999527,13.989376,59.906
15.00354311799947,13.95008,60.218
15.015601752999828,13.95008,59.937
15.02799912699993,13.910784,60.125
15.040096036999785,13.910784,60.375
15.051577489999545,13.871488,60.031
15.063597018999644,13.832192,60.218
15.075696840999626,13.832192,59.937
15.0876531039994,13.832192,60.187
15.099627767000129,13.832192,60.437
15.11156540399952,13.832192,60.406
15.123553379999976,13.871488,59.968
15.135503945999517,13.871488,60.281
15.147523186999933,13.910784,59.937
15.159403893999297,13.95008,60.156
15.17148739499953,13.95008,60.593
15.18357560000004,13.989376,60.062
15.195600760999696,13.989376,60.375
15.207677893999971,13.95008,60.093
15.219761073999507,13.95008,60.156
15.232257781000044,13.95008,59.937
15.245270419000008,13.95008,59.937
15.258301682999445,13.989376,60.156
15.271017250000114,13.989376,60.312
15.28331068099942,14.028672,60.0
15.29570053399948,13.989376,60.25
15.308037103999595,13.989376,59.968
15.320299910999893,13.95008,59.937
15.334369694000088,13.95008,60.125
15.346534766999866,13.95008,60.375
15.358502580999811,13.910784,60.125
15.370549535999999,13.910784,60.281
15.382514341999922,13.910784,60.0
15.394610674999967,13.910784,60.218
15.406588569999258,13.910784,60.531
15.418524317999982,13.910784,60.093
15.430636107999817,13.95008,60.312
15.442600305999804,13.95008,60.312
15.454563895999854,13.95008,59.968
15.466526174000137,13.989376,60.093
15.478473858999678,14.028672,59.843
15.490406534999238,14.028672,60.062
15.502386669999396,14.028672,60.343
15.514356564999616,13.989376,59.906
15.527751304000049,13.95008,60.156
15.54131801999938,13.95008,60.125
15.554882688999896,13.95008,59.875
15.568118763999337,13.989376,60.406
15.581518430999495,13.989376,60.031
15.593704752999656,13.989376,60.281
15.605889954999839,13.989376,59.937
15.617980623999756,13.95008,60.281
15.629994007999812,13.95008,60.125
15.644938974999604,13.910784,60.437
15.656811808999919,13.871488,60.0
15.668150916999366,13.832192,60.375
15.68012913199982,13.832192,59.968
15.692109105999407,13.832192,60.218
15.704253537999648,13.832192,59.937
15.716205318999528,13.832192,60.125
15.728181806000066,13.871488,60.437
15.740164628999992,13.871488,60.062
15.75213023499964,13.871488,60.375
15.764099809999607,13.910784,59.937
15.776047814999401,13.95008,60.187
15.788017612999283,13.95008,59.937
15.79997115399965,13.989376,60.093
15.81197320999945,13.95008,60.406
15.82398611499957,13.95008,60.156
15.83746079499997,13.910784,59.937
15.850550364999435,13.910784,60.218
15.863751653999316,13.910784,60.125
15.876964015999874,13.95008,60.437
15.890000591999524,13.95008,60.0
15.902076219999799,13.95008,60.281
15.914091267999538,13.95008,60.0
15.92612676599947,13.910784,60.125
15.938241275999644,13.910784,60.25
15.951640272000077,13.871488,60.468
15.963615381999261,13.871488,60.093
15.97555961099988,13.871488,60.312
15.987545154000145,13.871488,60.031
15.99959524499991,13.871488,60.218
16.011547987000085,13.871488,60.0
16.02352856899961,13.871488,60.156
16.03551347299981,13.871488,60.437
16.047515432999717,13.910784,60.031
16.059470189999956,13.910784,60.312
16.07144158799929,13.95008,59.968
16.083435707999342,13.989376,60.187
16.095454596999843,13.989376,59.906
16.107555601999593,14.028672,60.156
16.119541209999625,13.95008,60.468
16.1315638749993,13.95008,60.25
16.144725032999304,13.95008,60.031
16.158049592999305,13.95008,60.25
16.171317764999912,13.95008,60.156
16.184226110000054,13.989376,60.437
16.196858503999465,13.989376,60.0
16.20896037300008,13.989376,60.312
16.22107120199962,13.95008,60.0
16.233143436999853,13.95008,60.25
16.24521282399928,13.910784,59.937
16.2575139999999,13.832192,60.093
16.269496502000038,13.832192,60.468
16.281505789999756,13.792896,60.093
16.293666605999533,13.792896,60.312
16.305597104999833,13.792896,60.0
16.31701653699929,13.792896,60.25
16.329024224999557,13.832192,59.968
16.340982789999543,13.832192,60.5
16.35314987899983,13.871488,60.125
16.365199457000017,13.871488,60.312
16.377184551000028,13.910784,59.968
16.389224783999452,13.95008,60.218
16.401203671000076,13.95008,59.937
16.413203965999855,13.989376,60.156
16.425280648999433,13.910784,60.437
16.43741704799959,13.910784,59.968
16.450725893999333,13.910784,59.906
16.464046612999482,13.910784,60.218
16.477439814999343,13.95008,59.875
16.4905310489994,13.95008,60.062
16.502718875000028,13.95008,60.406
16.51486871399993,13.95008,60.343
16.526889841999946,13.95008,60.0
16.53905709099945,13.910784,60.25
16.55120340999929,13.910784,60.062
16.563175448000038,13.871488,60.156
16.57516524699986,13.871488,60.437
16.587109762999717,13.871488,60.125
16.599129098999583,13.871488,60.312
16.611126193999553,13.871488,60.031
16.62311180100005,13.871488,60.281
16.635108959999343,13.871488,59.937
16.647131912999612,13.910784,60.156
16.659141008000006,13.910784,60.375
16.671162552999704,13.95008,60.0
16.683141918999354,13.95008,60.281
16.695248907999485,13.989376,59.937
16.707213585999853,13.989376,60.187
16.71915560599973,13.95008,60.062
16.73112066700014,13.95008,60.312
16.744870816999537,13.95008,60.031
16.75818667099975,13.910784,59.937
16.771414520999315,13.95008,60.187
16.784847820999858,13.95008,59.875
16.798001010999542,13.989376,60.156
16.810130113000014,13.95008,60.437
16.822222124999826,13.95008,60.312
16.83429845699993,13.95008,60.0
16.8464205829996,13.910784,60.281
16.86077466899951,13.871488,59.968
16.87277803699999,13.832192,60.093
16.884730520999256,13.832192,60.437
16.896887336999498,13.832192,60.312
16.908940562999305,13.792896,60.031
16.920954042999256,13.792896,60.312
16.93293283299954,13.832192,59.906
16.944931560999976,13.832192,60.156
16.95688468499975,13.832192,60.437
16.96885947499959,13.871488,60.093
16.980878939999457,13.910784,60.343
16.992921060999834,13.910784,59.937
17.004883978999715,13.95008,60.281
17.01683486299953,13.95008,59.937
17.028789203999622,13.910784,60.093
17.040729911999733,13.910784,60.375
17.052716254999723,13.910784,60.031
17.065860067999893,13.910784,59.937
17.079049258999476,13.910784,60.218
17.09219761699933,13.95008,59.937
17.105325908999475,13.95008,60.125
17.117390368000088,13.95008,60.437
17.12944122599947,13.95008,60.375
17.141461169999275,13.910784,59.968
17.15356803099985,13.910784,60.281
17.166436756999246,13.871488,60.0
17.17852720099927,13.871488,60.218
17.19048038999972,13.871488,60.437
17.202557744999467,13.871488,60.187
17.21478333199957,13.871488,60.437
17.226754856999833,13.832192,60.031
17.238704589000008,13.871488,60.281
17.25071816399941,13.871488,60.0
17.26272812299976,13.910784,60.156
17.27470288099994,13.910784,60.437
17.28663821200007,13.95008,60.062
17.298580486999526,13.989376,60.25
17.310536427999978,13.989376,59.968
17.322490991999985,13.989376,60.25
17.33441611499984,13.95008,60.031
17.34650748599961,13.95008,60.406
17.3598361079994,13.95008,60.125
17.372997393999867,13.95008,60.375
17.386227834999772,13.95008,60.281
17.399474372999975,13.989376,59.968
17.411755225999514,13.989376,60.093
17.424061297999287,13.989376,60.468
17.43624716999966,13.95008,60.031
17.448486389999744,13.95008,60.343
17.462436773999798,13.871488,60.187
17.47445063699979,13.871488,59.937
17.486438962999273,13.832192,60.187
17.498425432999284,13.832192,59.937
17.51036159599971,13.832192,60.125
17.522359458999745,13.832192,60.312
17.534425101000124,13.832192,60.031
17.546395153999583,13.832192,60.218
17.558359766999274,13.871488,59.937
17.57031961099983,13.871488,60.125
17.582287487999565,13.871488,60.468
17.594454127999597,13.910784,60.156
17.606490712999403,13.95008,60.281
17.618481182999858,13.95008,60.187
17.63048202199934,13.95008,60.062
17.64243341800011,13.910784,60.031
17.654388846000074,13.910784,60.468
17.66789383000014,13.910784,60.031
17.680986886999563,13.95008,59.937
17.69426353899962,13.95008,60.25
17.707669444999738,13.95008,59.906
17.719901495999693,13.95008,60.125
17.731983138999567,13.95008,59.937
17.744211606000135,13.910784,60.031
17.75625529499939,13.910784,60.125
17.771012922999944,13.871488,60.343
17.783006912999554,13.871488,59.937
17.79518235299929,13.871488,60.218
17.80713122099951,13.871488,59.937
17.81914703699931,13.832192,60.093
17.83109347199934,13.832192,60.406
17.843057540999325,13.871488,60.281
17.855091309999807,13.871488,60.031
17.867177400999935,13.871488,60.312
17.87913599700005,13.910784,59.906
17.891119138999784,13.910784,60.093
17.903127657999903,13.95008,60.343
17.915093710999827,13.95008,59.875
17.927065875999688,13.989376,60.25
17.939070522999828,13.95008,59.937
17.95118826399994,13.95008,60.031
17.963446652999664,13.910784,59.875
17.975189750000027,13.910784,60.031
17.988547813999503,13.95008,59.937
18.00182660900009,13.95008,60.281
18.014925778999896,13.95008,59.906
18.026975228999618,13.95008,60.187
18.039169293999294,13.95008,59.937
18.05123919200014,13.910784,60.406
18.06566601799932,13.832192,60.0
18.07790482099972,13.832192,60.25
18.089865657999326,13.832192,59.968
18.101785660000132,13.792896,60.187
18.11372070299967,13.792896,59.937
18.125678691999383,13.792896,60.062
18.137635271999898,13.792896,60.406
18.14961882999978,13.832192,60.093
18.161604467999496,13.832192,60.281
18.173595641999782,13.832192,60.0
18.18553798099947,13.871488,60.125
18.19756838899957,13.871488,59.937
18.209525864999705,13.910784,60.437
18.22148103699965,13.910784,60.0
18.233917097999438,13.95008,60.281
18.24639316199955,13.910784,59.906
18.258518294999703,13.910784,60.062
18.271754526999757,13.910784,60.156
18.284769211999446,13.910784,60.343
18.297070994000023,13.95008,60.093
18.31033957999989,13.95008,60.281
18.322189657999843,13.95008,60.0
18.334328391999406,13.95008,60.187
18.346496438999566,13.95008,59.937
18.358570528999735,13.910784,60.062
18.370572486999663,13.910784,60.437
18.382663441999284,13.910784,60.312
18.39481836899995,13.871488,60.281
18.406762212000103,13.871488,60.187
18.418726247999984,13.871488,59.968
18.430815986999733,13.871488,60.031
18.44289506899986,13.871488,60.437
18.454947461999836,13.871488,60.031
18.466959947999385,13.871488,60.312
18.47894580999946,13.871488,59.937
18.490948119999302,13.910784,60.062
18.502950621999844,13.910784,59.875
18.514955235999878,13.95008,60.062
18.52696497099987,13.95008,60.281
18.53894763199969,13.95008,60.0
18.550971542999832,13.910784,60.187
18.563510362999295,13.910784,60.093
18.577141879999544,13.871488,59.875
18.590484998999273,13.910784,60.062
18.603209715999583,13.910784,60.0
18.616330805999496,13.95008,60.281
18.628408128000046,13.95008,59.937
18.64055121399997,13.95008,60.187
18.652611382999567,13.910784,59.906
18.66524303999995,13.832192,60.062
18.67637720699986,13.832192,60.437
18.68845152099948,13.792896,60.062
18.700512425999477,13.792896,60.375
18.712656791999507,13.792896,60.031
18.72464671799935,13.792896,60.187
18.736669508999512,13.792896,59.937
18.74866689099963,13.792896,60.062
18.76065953699981,13.792896,60.343
18.77267432699955,13.792896,59.906
18.78464994799924,13.832192,60.25
18.79670739699941,13.832192,60.187
18.80868685799942,13.832192,60.187
18.820664910999767,13.871488,60.031
18.83269995899991,13.910784,60.312
18.84479913799987,13.871488,60.031
18.856789511999523,13.832192,60.187
18.868744171999424,13.832192,59.875
18.88171309399968,13.832192,60.062
18.89486897000006,13.871488,59.968
18.907030680999924,13.871488,60.375
18.920262016999914,13.871488,59.937
18.932443760999377,13.871488,60.218
18.94458937499985,13.871488,59.937
18.95668349799962,13.871488,60.187
18.968690799999422,13.832192,59.937
18.980812476999745,13.832192,60.125
18.99293421799939,13.832192,60.531
19.00494465599968,13.832192,60.062
19.016975351999463,13.792896,60.25
19.028978845999518,13.792896,59.875
19.041010309999365,13.792896,60.156
19.053022444999442,13.792896,60.031
19.065017969999644,13.792896,60.343
19.07700732000012,13.792896,59.968
19.08902227099952,13.792896,60.25
19.101012579999406,13.832192,59.937
19.11300372200003,13.832192,60.093
19.12499723199926,13.832192,59.843
19.136980276999566,13.871488,60.062
19.149033917999986,13.832192,60.312
19.16104883599928,13.832192,59.875
19.174471222999273,13.832192,59.937
19.187815908999255,13.792896,60.125
19.200886691999585,13.832192,59.875
19.214118443999723,13.871488,60.375
19.22745727399979,13.871488,59.906
19.239632935999907,13.871488,60.25
19.252059364999695,13.832192,59.937
19.26444076699954,13.792896,60.156
19.275878821999868,13.7536,59.937
19.28913300699969,13.792896,60.156
19.301151540999854,13.7536,60.5
19.31315756299955,13.7536,60.312
19.325166144999457,13.7536,59.937
19.337159557999257,13.714304,60.218
19.349151978999544,13.714304,59.906
19.361209810999753,13.714304,60.125
19.373365409000144,13.7536,60.375
19.38560075499936,13.7536,60.0
19.397688252999615,13.7536,60.25
19.409726180999314,13.792896,59.812
19.421700969000085,13.792896,60.062
19.43381566900007,13.832192,59.781
19.445876156999475,13.832192,60.031
19.45791418099998,13.792896,60.312
19.469873703999838,13.792896,60.218
19.483984190999763,13.792896,59.937
19.497269576999315,13.792896,60.218
19.510569301000032,13.832192,60.062
19.524258708999696,13.832192,60.437
19.536867738999717,13.832192,60.031
19.549011944000085,13.832192,60.281
19.561068816999978,13.832192,59.968
19.57311320899953,13.792896,60.156
19.585254149999855,13.792896,60.125
19.596993884999392,13.792896,60.437
19.609003458999723,13.7536,60.062
19.621010760999525,13.7536,60.343
19.63303073499992,13.7536,59.968
19.64513541799988,13.7536,60.125
19.6571167029997,13.7536,59.937
19.66911168399929,13.7536,60.156
19.68110692099981,13.7536,60.343
19.69310823900014,13.7536,60.125
19.705137749999267,13.792896,60.187
19.71712079400004,13.792896,59.906
19.729138207999313,13.832192,60.156
19.74110944399945,13.832192,59.875
19.75322635199973,13.792896,60.031
19.765227189999678,13.792896,60.312
19.778075145000003,13.7536,60.25
19.791265677999945,13.7536,59.968
19.804556696999498,13.792896,60.093
19.81787210099992,13.792896,60.093
19.83108337199974,13.832192,60.343
19.843306716999905,13.832192,60.0
19.855555279999862,13.792896,60.312
19.868443396999282,13.7536,59.906
19.88067787899945,13.714304,59.968
19.894170028999724,13.714304,60.156
19.90614331300003,13.714304,60.5
19.918076338999526,13.714304,60.062
19.930013076999785,13.714304,60.281
19.942005273999712,13.675008,59.968
19.95398841399947,13.675008,60.156
19.96593721699992,13.675008,59.875
19.977864673999647,13.675008,60.062
19.989793123999334,13.675008,60.343
20.001738789999763,13.675008,60.0
20.01370042599956,13.714304,60.218
20.025660556999355,13.714304,59.875
20.037623055999575,13.7536,60.093
20.04960078899967,13.7536,59.812
20.06161244299983,13.714304,60.062
20.073566621999817,13.714304,59.843
20.087400837999667,13.714304,60.312
20.100721361999604,13.714304,60.187
20.11386229299933,13.714304,59.906
20.1270572429994,13.7536,60.062
20.140194685000097,13.7536,60.437
20.152269414999864,13.7536,60.031
20.164448949999496,13.7536,60.343
20.176499837999472,13.714304,60.25
20.18862490599986,13.714304,60.0
20.20199154399961,13.714304,60.218
20.213965435999853,13.714304,59.937
20.225936510999418,13.675008,60.031
20.237890336999953,13.675008,60.375
20.249851203999242,13.675008,59.906
20.261789092999607,13.635712,60.312
20.273872685999777,13.675008,59.937
20.286194500999954,13.675008,60.125
20.29824820399972,13.675008,60.468
20.31035080699985,13.714304,60.281
20.322427807999702,13.714304,59.875
20.334379009999793,13.714304,60.187
20.346380486999806,13.7536,59.843
20.358362025999668,13.7536,60.125
20.370348333999573,13.714304,60.343
20.38233889899948,13.714304,59.968
20.39579046899962,13.714304,60.312
20.409030988999803,13.714304,60.218
20.42223169799945,13.7536,59.875
20.43525566199969,13.7536,60.031
20.447447421000106,13.7536,59.875
20.459622442999716,13.714304,60.156
20.47194080099962,13.714304,59.937
20.484259543000007,13.714304,60.218
20.49641229200006,13.714304,59.906
20.508418344999882,13.675008,60.156
20.520445999999538,13.675008,59.906
20.53242872299961,13.635712,60.062
20.544727112000146,13.635712,60.312
20.55667216999973,13.635712,59.937
20.568705072999364,13.635712,60.218
20.58066862799933,13.635712,59.906
20.59268261699981,13.635712,60.062
20.604668956999376,13.635712,60.437
20.616639967999618,13.635712,60.0
20.628630980999333,13.675008,60.25
20.640620424999724,13.675008,59.906
20.65258397999969,13.714304,60.187
20.66456132699932,13.714304,59.937
20.676518673999453,13.635712,60.0
20.6886187479995,13.675008,59.968
20.70168709799964,13.675008,60.343
20.71474911199948,13.675008,60.187
20.728266797999822,13.714304,59.937
20.741493652999452,13.714304,60.125
20.75371587799964,13.714304,59.812
20.765791598999385,13.7536,60.062
20.77778136300003,13.714304,60.375
20.790003971999795,13.714304,60.031
20.802239572999497,13.714304,60.281
20.814365408999947,13.675008,60.0
20.826318082999933,13.675008,60.093
20.838267172999622,13.675008,59.812
20.850245513000118,13.635712,60.343
20.86221626799943,13.635712,59.968
20.87429618099941,13.635712,60.187
20.886262231999353,13.635712,59.875
20.89826767699924,13.635712,60.093
20.910226239999247,13.635712,59.937
20.922219011999914,13.635712,59.968
20.934184998999626,13.635712,60.281
20.94610842399925,13.675008,59.781
20.958051816999614,13.714304,60.093
20.970037548999244,13.635712,59.812
20.982010512999295,13.635712,59.937
20.996047746999466,13.635712,60.0
21.00935255799959,13.635712,60.218
21.022740892999536,13.635712,60.25
21.0359761969994,13.675008,59.906
21.047945704000085,13.714304,60.125
21.06006398699992,13.675008,59.812
21.072576498999297,13.675008,60.0
21.08467718099928,13.635712,60.312
21.096824489999563,13.635712,59.937
21.110213881999698,13.635712,60.312
21.12214754699926,13.635712,60.187
21.1341713289994,13.635712,60.187
21.1461098259997,13.596416,60.0
21.15804544399998,13.596416,60.312
21.169943746999706,13.596416,59.937
21.18186429099933,13.596416,60.125
21.1938763929993,13.596416,59.906
21.20578599199962,13.596416,60.0
21.21770090299924,13.596416,59.812
21.229657928999586,13.596416,59.937
21.241614730999572,13.635712,60.312
21.253563468999346,13.635712,59.781
21.26552526299929,13.675008,60.125
21.277523699000085,13.596416,59.843
21.289565656999912,13.596416,59.906
21.303726129000097,13.596416,59.937
21.31701634699948,13.596416,60.281
21.330342341999312,13.635712,60.156
21.343610573999285,13.675008,59.906
21.35724688999926,13.675008,60.093
21.369289104999552,13.675008,59.812
21.381423803999496,13.675008,60.0
21.393633996000062,13.675008,60.406
21.405798873000094,13.635712,60.281
21.41932942299991,13.635712,59.937
21.431551454999862,13.635712,60.156
21.443632552000054,13.635712,59.937
21.455740977999994,13.596416,60.093
21.467763222999565,13.596416,60.375
21.479850879999503,13.596416,60.0
21.491848835999917,13.596416,60.281
21.50383082299959,13.596416,59.812
21.515824970999347,13.596416,60.031
21.52784311999949,13.596416,59.781
21.540040830999715,13.635712,60.312
21.552123110999673,13.635712,59.875
21.564121804000024,13.675008,60.187
21.57611326299957,13.635712,59.937
21.588043887999447,13.635712,60.0
21.60003573099948,13.635712,59.843
21.613031373000013,13.635712,59.968
21.62634328799959,13.635712,59.937
21.639797929999986,13.675008,60.187
21.65282614899934,13.675008,59.812
21.664928334999786,13.635712,60.125
21.677177696999934,13.635712,59.781
21.68931745200007,13.635712,60.093
21.70139829299933,13.596416,59.968
21.715668146999633,13.596416,60.281
21.72768936800003,13.596416,59.968
21.73967481099953,13.596416,60.187
21.75165708699933,13.596416,59.812
21.76361897700008,13.557120000000001,59.937
21.775560514000063,13.557120000000001,60.343
21.787546692999967,13.557120000000001,60.0
21.79951815200002,13.557120000000001,60.218
21.811503210999945,13.557120000000001,59.875
21.823498734999703,13.557120000000001,60.093
21.835481393999544,13.557120000000001,59.812
21.847474870000042,13.596416,60.312
21.859432343999288,13.596416,59.937
21.871452892999514,13.635712,60.218
21.883573864000027,13.596416,59.843
21.895625614999517,13.596416,59.968
21.908844085000055,13.557120000000001,59.781
21.92214310199961,13.557120000000001,60.406
21.935652019999907,13.596416,59.937
21.948449922999316,13.635712,60.218
21.96173316399927,13.635712,60.156
21.97379409899986,13.635712,59.906
21.985786999000084,13.635712,60.125
21.997939554999903,13.635712,59.937
22.009962376999283,13.635712,60.062
22.02391359000012,13.635712,60.406
22.0358932729996,13.596416,59.937
22.047929726999428,13.596416,60.218
22.05991036999967,13.596416,59.875
22.071862658999635,13.596416,60.062
22.083795044,13.557120000000001,60.437
22.09580429699963,13.596416,60.312
22.107770666999386,13.596416,59.937
22.119712140000047,13.596416,60.156
22.131702895999297,13.596416,59.781
22.14388463799969,13.635712,60.062
22.15582156599976,13.635712,60.343
22.167770207999638,13.635712,59.906
22.179784197000117,13.675008,60.312
22.191778024000087,13.635712,59.875
22.203758986999674,13.635712,60.0
22.216092703999493,13.635712,59.906
22.229401833999873,13.675008,59.843
22.24260740599948,13.675008,60.0
22.255985755999973,13.714304,60.218
22.267792596999243,13.635712,59.875
22.278895976000058,13.635712,60.187
22.291024370999367,13.635712,59.875
22.303258402999745,13.635712,60.062
22.3162073529993,13.635712,60.093
22.32847761099947,13.635712,60.343
22.340459821999502,13.596416,60.0
22.35244158399928,13.596416,60.218
22.364408433999415,13.596416,59.843
22.37639051699989,13.596416,60.062
22.388370102999943,13.557120000000001,60.437
22.400335065000036,13.596416,59.937
22.412312218999432,13.596416,60.187
22.424431044999437,13.557120000000001,59.875
22.43657982500008,13.596416,60.125
22.44881273699957,13.596416,59.812
22.460832708999988,13.635712,59.968
22.472850473999642,13.635712,60.312
22.484814122999524,13.675008,59.906
22.496846800999265,13.596416,60.187
22.508881557999302,13.635712,59.781
22.521446647999255,13.635712,59.843
22.534665309000047,13.635712,60.031
22.547800476999328,13.635712,60.406
22.560947133999434,13.675008,60.25
22.573526080999727,13.675008,59.781
22.58565713200005,13.714304,60.187
22.59779432599953,13.714304,59.843
22.609871197999382,13.675008,60.187
22.62333383999976,13.675008,60.437
22.63545554599932,13.675008,60.0
22.64756918799958,13.635712,60.375
22.65969473399946,13.635712,60.156
22.671689456999957,13.635712,59.906
22.68368626099982,13.596416,60.093
22.69568738399994,13.596416,59.812
22.707693179999296,13.596416,59.906
22.71962978800002,13.596416,60.312
22.731574108999666,13.596416,59.906
22.743545630999506,13.635712,60.187
22.75555683499988,13.635712,59.843
22.767552197999976,13.635712,60.0
22.77953261699986,13.675008,60.343
22.791557677999663,13.635712,60.062
22.803594386999976,13.635712,60.125
22.816735603999405,13.596416,60.156
22.829892245999872,13.596416,59.75
22.842104100000142,13.635712,60.093
22.85529619999943,13.675008,59.968
22.868468617999497,13.635712,60.281
22.880722299999434,13.635712,59.875
22.892821796000135,13.635712,60.156
22.904890316000092,13.635712,59.906
22.916998836999483,13.635712,60.062
22.93192693399942,13.635712,60.125
22.943972891999692,13.596416,60.281
22.95592754900008,13.596416,60.031
22.96790729499935,13.596416,60.218
22.979839870999967,13.557120000000001,59.937
22.99179462399934,13.557120000000001,60.031
23.003770689999328,13.557120000000001,59.875
23.01576333399953,13.557120000000001,59.937
23.027723366999453,13.557120000000001,60.312
23.039683175999926,13.557120000000001,59.875
23.051699949000067,13.596416,60.156
23.0636763349994,13.596416,59.812
23.075599950999276,13.596416,60.031
23.087567183999454,13.635712,59.781
23.09955336299936,13.596416,59.968
23.111549813999773,13.596416,60.218
23.12481081399983,13.557120000000001,60.187
23.136973289999332,13.596416,59.843
23.150128042999313,13.596416,60.062
23.163366320999558,13.635712,59.812
23.175892208999358,13.675008,60.343
23.187996281999403,13.675008,60.0
23.20010589100002,13.675008,60.25
23.212210410999432,13.675008,59.906
23.22445897199941,13.635712,59.937
23.239225074999922,13.635712,60.062
23.251194867999402,13.635712,60.375
23.26313182800004,13.635712,60.0
23.275095476999923,13.596416,60.25
23.28709544799949,13.596416,59.937
23.299070360999394,13.596416,60.093
23.311054554999828,13.596416,59.781
23.323054269999375,13.596416,59.937
23.335014942999805,13.596416,60.312
23.347488314999282,13.596416,59.843
23.359230479999496,13.635712,60.125
23.371500833999562,13.635712,59.875
23.383731216999877,13.635712,60.062
23.395967585000108,13.675008,59.781
23.408266546999585,13.635712,60.281
23.42056563799997,13.596416,59.937
23.43413487699945,13.635712,60.156
23.446339914999953,13.635712,59.906
23.458754435999253,13.675008,60.125
23.471748092999405,13.635712,59.937
23.484042254999622,13.635712,60.343
23.496224091999466,13.675008,59.937
23.50827580999976,13.675008,60.218
23.520471630999964,13.635712,59.937
23.53252434099977,13.635712,60.125
23.54473344300004,13.635712,59.875
23.556832810999367,13.596416,60.093
23.569159807999313,13.596416,60.312
23.581218565999734,13.596416,59.937
23.593259786999624,13.557120000000001,60.218
23.605245676999402,13.557120000000001,60.093
23.617232846999286,13.557120000000001,60.0
23.62921704099972,13.557120000000001,59.906
23.641190258999814,13.557120000000001,60.25
23.65316926899959,13.596416,59.875
23.66514955799994,13.596416,60.156
23.677156473999275,13.635712,59.906
23.689172093999332,13.635712,60.031
23.701224866999837,13.635712,59.75
23.713224549999723,13.596416,60.062
23.72520954399988,13.596416,60.218
23.73855739499959,13.596416,60.218
23.751708404000055,13.635712,59.843
23.765055678999488,13.635712,60.031
23.778151900999546,13.675008,59.906
23.79036429899952,13.675008,59.968
23.802393328000107,13.714304,60.343
23.81443554099951,13.675008,60.25
23.8264983629997,13.675008,59.937
23.838612388,13.675008,60.187
23.85061965499972,13.635712,59.937
23.86256691899962,13.635712,60.093
23.874523367999245,13.635712,60.375
23.886481257000014,13.635712,59.875
23.898460362999685,13.596416,60.187
23.910411658999692,13.596416,59.906
23.922343465999802,13.596416,60.062
23.934308107000106,13.596416,59.781
23.946291276999546,13.596416,60.031
23.958256750000146,13.635712,60.218
23.970221934999245,13.635712,59.875
23.982162063000033,13.635712,60.093
23.994207923999966,13.675008,59.75
24.00615272399955,13.635712,60.093
24.018280925999534,13.635712,59.75
24.031409180999617,13.596416,60.218
24.044643714999438,13.635712,59.906
24.057742015999793,13.635712,60.156
24.070508203999452,13.596416,60.0
24.08371291200001,13.635712,59.75
24.096203692999552,13.635712,60.031
24.10834475899992,13.635712,60.343
24.1203411460001,13.635712,60.0
24.132494788999793,13.635712,59.937
24.147537802999977,13.635712,60.218
24.15954715099997,13.596416,59.875
24.171549585999855,13.596416,60.125
24.18357061400002,13.596416,60.343
24.19560210599957,13.557120000000001,59.937
24.207580442999642,13.557120000000001,60.25
24.219607422999616,13.557120000000001,59.937
24.23161600200001,13.557120000000001,60.093
24.24360681899998,13.557120000000001,59.781
24.255598884999927,13.557120000000001,60.375
24.267575525999746,13.596416,60.281
24.27953226199952,13.596416,60.125
24.29152554399934,13.596416,59.812
24.303552716000013,13.635712,60.031
24.315556558000026,13.596416,59.843
24.327548175999254,13.596416,59.875
24.34098902400001,13.596416,60.312
24.35424608499943,13.596416,60.093
24.367381027999727,13.635712,59.843
24.380881303000024,13.635712,60.125
24.393938769999295,13.675008,60.093
24.406015287999253,13.675008,60.312
24.418122527999913,13.675008,59.937
24.430269673999646,13.675008,60.218
24.442434869999488,13.635712,59.937
24.455863139999565,13.635712,60.187
24.467816547999973,13.635712,59.937
24.479752898999322,13.596416,60.031
24.491727107999395,13.596416,60.375
24.503743846999896,13.596416,59.937
24.51577655499932,13.596416,60.156
24.527804014999674,13.596416,60.125
24.53992479199951,13.596416,59.812
24.551908409000134,13.596416,59.968
24.563899770999342,13.596416,60.281
24.57583973799956,13.635712,59.937
24.587893918999725,13.635712,60.187
24.599863039999946,13.675008,59.781
24.611844320999808,13.635712,60.093
24.623787327999707,13.596416,59.75
24.635809796000103,13.596416,59.937
24.649038663999818,13.635712,59.875
24.662195527999756,13.635712,60.187
24.675780255000063,13.596416,59.937
24.688977985999372,13.635712,60.156
24.701203887999327,13.635712,60.062
24.713291286999265,13.635712,59.875
24.725355292999666,13.635712,59.937
24.737579050999557,13.635712,60.281
24.7523554899999,13.596416,60.281
24.764377413999682,13.596416,59.906
24.776490605999243,13.596416,60.125
24.788449773999673,13.596416,59.781
24.80043975999979,13.557120000000001,60.0
24.81242235299942,13.557120000000001,60.312
24.82440603499981,13.557120000000001,59.843
24.8364436389993,13.557120000000001,60.156
24.848429623999436,13.557120000000001,59.781
24.86047529299958,13.557120000000001,60.0
24.87246873499953,13.596416,59.718
24.884428671000023,13.596416,59.906
24.89644589099953,13.596416,60.187
24.908449380999627,13.635712,59.843
24.920464647999324,13.596416,60.218
24.932425607999903,13.596416,59.718
24.945683309999367,13.557120000000001,59.781
24.95910959699995,13.596416,59.875
24.972287453999343,13.596416,59.843
24.985383450999507,13.635712,60.093
24.998407508000128,13.635712,59.843
25.010532220999266,13.675008,60.125
25.022551680000106,13.675008,59.812
25.034535105999566,13.635712,59.968
25.04663543300012,13.635712,59.968
25.06156685699989,13.635712,60.187
25.073529288999453,13.596416,59.843
25.085488200999862,13.596416,60.031
25.09746548199928,13.596416,59.812
25.109429995000028,13.557120000000001,59.937
25.121414795999954,13.557120000000001,60.25
25.133584662999965,13.596416,59.875
25.145589945999745,13.596416,60.093
25.15753823399973,13.557120000000001,59.75
25.16949176899925,13.596416,60.0
25.18144383299932,13.635712,59.718
25.193526046999978,13.635712,59.968
25.205492735000007,13.635712,60.187
25.21745007899972,13.675008,60.218
25.22943212700011,13.635712,59.75
25.241531845999816,13.596416,60.031
25.2548954089998,13.635712,59.687
25.268099826999787,13.596416,60.187
25.28155497899934,13.596416,59.937
25.293640552999932,13.596416,60.281
25.306013245999566,13.635712,59.812
25.318340721999448,13.635712,60.093
25.3305818559993,13.635712,59.875
25.342562848999478,13.635712,60.062
25.354836432999946,13.596416,60.343
25.366796240999975,13.596416,60.0
25.3787155659993,13.596416,60.218
25.390683021999394,13.596416,60.218
25.40258119400005,13.596416,60.031
25.41463777499939,13.557120000000001,59.968
25.42687769299937,13.557120000000001,60.281
25.43886630199995,13.557120000000001,59.875
25.45082332599941,13.557120000000001,60.125
25.46285651299968,13.557120000000001,59.843
25.474826976999793,13.596416,60.0
25.48678489699978,13.596416,59.812
25.49876166499962,13.635712,59.937
25.51073468999948,13.635712,60.187
25.522730594999302,13.635712,59.937
25.53492977499991,13.596416,60.125
25.546963443000095,13.596416,59.75
25.559439949999614,13.596416,59.781
25.572816856999452,13.635712,59.937
25.586309130999325,13.675008,60.312
25.59963297899958,13.675008,60.187
25.611990119999973,13.675008,59.875
25.624030059999313,13.714304,60.062
25.636086864999925,13.675008,59.812
25.648137972999393,13.675008,60.031
25.661064967999664,13.675008,60.343
25.673258675999932,13.675008,59.968
25.685213682999347,13.635712,60.218
25.697208244999274,13.635712,59.812
25.709210838999752,13.635712,60.125
25.72120143199936,13.596416,59.843
25.733172535999984,13.596416,59.937
25.745322337999824,13.596416,60.281
25.757338723999965,13.596416,60.187
25.7693308529997,13.596416,59.906
25.781323110999438,13.635712,60.031
25.79330247100006,13.635712,59.75
25.805298856999798,13.635712,59.937
25.81725376799932,13.675008,60.156
25.829216807999728,13.635712,59.906
25.841203209000014,13.635712,60.093
25.854538737999974,13.596416,59.812
25.86789218800004,13.596416,59.718
25.882011695000074,13.557120000000001,60.25
25.895855090999248,13.596416,59.812
25.909132088999286,13.635712,60.218
25.921275394000077,13.635712,59.843
25.933429547999367,13.635712,60.125
25.94562405599936,13.635712,59.812
25.95910560899938,13.635712,60.375
25.97079589799978,13.635712,60.062
25.982744088999425,13.596416,60.312
25.994807709999805,13.596416,59.937
26.006766909999897,13.596416,60.125
26.01870434800003,13.557120000000001,59.843
26.030680541000038,13.557120000000001,60.062
26.042642267999327,13.557120000000001,60.343
26.054595675999735,13.557120000000001,59.906
26.066508889000033,13.557120000000001,60.125
26.078450199000144,13.596416,59.812
26.090573214999495,13.596416,60.0
26.10253382299925,13.596416,59.75
26.114472924999973,13.635712,59.875
26.126418779999767,13.635712,60.25
26.138472513000124,13.596416,59.906
26.150421183999242,13.596416,60.0
26.162776595999276,13.596416,60.125
26.175985270999263,13.596416,59.75
26.18908603499949,13.635712,60.0
26.20156347000011,13.675008,60.437
26.214592741999695,13.675008,60.187
26.226655370000117,13.714304,59.843
26.23881624399928,13.714304,60.156
26.25090178499977,13.675008,59.875
26.26297711799998,13.675008,60.125
26.277859000999342,13.635712,60.0
26.289838808999775,13.635712,60.281
26.301785527999527,13.635712,59.937
26.313748150999345,13.596416,60.093
26.32579240999985,13.596416,59.75
26.337760536999667,13.596416,60.0
26.349737656999423,13.596416,60.343
26.361734553999668,13.596416,59.937
26.37373461900006,13.596416,60.218
26.38570610699935,13.635712,59.781
26.397712539999702,13.635712,60.031
26.409658169999602,13.635712,59.75
26.42225321099977,13.675008,59.937
26.43436992199986,13.675008,60.343
26.4464321989999,13.635712,59.937
26.458409510999445,13.635712,59.812
26.47159827899941,13.596416,60.0
26.48416134999934,13.596416,59.781
26.497301635999975,13.596416,60.031
26.510259736999615,13.635712,60.031
26.5224675569998,13.635712,60.187
26.534529096999904,13.635712,59.843
26.546949952999967,13.675008,60.031
26.55919409499984,13.635712,59.843
26.571301813999526,13.635712,60.031
26.583328279999478,13.596416,60.437
26.59547164899959,13.596416,60.031
26.607413662999534,13.596416,60.218
26.619398654999713,13.557120000000001,59.937
26.631343196999296,13.557120000000001,60.093
26.64333014099975,13.557120000000001,59.75
26.655391106000025,13.557120000000001,60.062
26.667359072999716,13.557120000000001,60.312
26.67933817699941,13.557120000000001,59.937
26.691346274999887,13.596416,60.156
26.70336243699967,13.596416,60.093
26.71535702899928,13.635712,59.718
26.727349861999755,13.635712,59.968
26.73933178199968,13.635712,60.406
26.75134900000012,13.596416,59.843
26.763354920999518,13.596416,60.156
26.77684133799994,13.596416,59.843
26.79026519099989,13.596416,59.875
26.80242600099973,13.635712,59.968
26.81597251599942,13.675008,60.312
26.828144238999812,13.675008,59.937
26.840219123999304,13.675008,60.25
26.85234773999946,13.675008,59.937
26.864491459999954,13.635712,60.156
26.87666849499965,13.635712,60.125
26.888645390999955,13.635712,59.843
26.90084255399961,13.635712,59.968
26.912868476999392,13.635712,60.25
26.924910367999473,13.596416,59.875
26.937031654999373,13.596416,60.093
26.94901063099951,13.596416,59.75
26.960989542999414,13.596416,59.968
26.972991528999955,13.596416,60.312
26.98496621599952,13.596416,59.906
26.996959848999722,13.596416,60.218
27.008928999999625,13.635712,59.843
27.02095409100002,13.635712,60.125
27.032927881999967,13.675008,59.718
27.045023888999822,13.635712,60.031
27.056979662999765,13.596416,59.843
27.071080480999626,13.557120000000001,60.062
27.084675254999638,13.557120000000001,59.875
27.097087181999996,13.557120000000001,60.031
27.109351324999807,13.596416,59.875
27.122427735999736,13.635712,59.781
27.134789451999495,13.635712,59.875
27.146944916999928,13.635712,60.218
27.159134048999476,13.635712,59.937
27.171326539999427,13.635712,59.937
27.185096010999587,13.635712,60.093
27.19713409399992,13.596416,59.906
27.20916094399945,13.596416,59.968
27.221134286999586,13.557120000000001,60.25
27.233181873999456,13.557120000000001,59.843
27.245244405999983,13.557120000000001,60.093
27.257229748999634,13.557120000000001,59.781
27.269203443999686,13.557120000000001,59.937
27.28120075700008,13.557120000000001,60.312
27.293151441999726,13.557120000000001,60.0
27.3051324019998,13.557120000000001,60.156
27.317097776000082,13.596416,59.781
27.329082799999924,13.596416,60.0
27.341046606999953,13.635712,59.718
27.353051342999606,13.557120000000001,60.0
27.365015085999403,13.596416,60.281
27.37717176699971,13.596416,60.156
27.390294002999326,13.596416,59.875
27.403559575000145,13.596416,60.0
27.41686303699953,13.635712,59.937
27.43015859499974,13.635712,59.75
27.44222483900012,13.675008,59.968
27.45495588599988,13.675008,60.218
27.467310528999406,13.635712,59.875
27.479412742999557,13.635712,59.937
27.49244886299948,13.635712,60.187
27.504444223000064,13.635712,59.906
27.516402940999797,13.596416,60.0
27.528434207999453,13.596416,60.281
27.540479841999513,13.596416,59.937
27.552476898999885,13.557120000000001,60.125
27.564672109999265,13.596416,59.843
27.577024993000123,13.596416,60.031
27.58932974599975,13.596416,59.812
27.601630946000114,13.596416,59.781
27.613949747999868,13.635712,59.843
27.626147549999587,13.635712,60.125
27.638386763999733,13.675008,59.781
27.650708572999974,13.635712,60.031
27.662979403999998,13.596416,59.718
27.676718536999942,13.557120000000001,60.187
27.690177495999706,13.557120000000001,59.906
27.703224079999927,13.596416,60.156
27.716530293999313,13.596416,60.062
27.72892263599988,13.635712,59.75
27.741086805000123,13.635712,60.062
27.753299424999568,13.675008,60.343
27.76545175299998,13.635712,59.968
27.777492107999933,13.635712,59.937
27.79191223699945,13.635712,60.218
27.8039047809998,13.596416,59.843
27.815898062000088,13.596416,60.0
27.827877196999907,13.596416,60.343
27.83982698699947,13.557120000000001,59.906
27.851771912000004,13.557120000000001,60.218
27.863767240000016,13.557120000000001,59.843
27.875754247999794,13.557120000000001,60.0
27.88772487099959,13.557120000000001,59.718
27.899744775999352,13.557120000000001,59.937
27.91174151299947,13.596416,60.281
27.92373981699984,13.596416,59.906
27.935702439000124,13.635712,60.156
27.947689702999924,13.635712,59.718
27.959693191999577,13.596416,60.0
27.971877489999315,13.596416,59.843
27.984959243999583,13.596416,60.281
27.998332885999844,13.596416,59.875
28.011494452999614,13.635712,59.906
28.024808186999508,13.675008,60.093
28.037993146999725,13.675008,59.843
28.050098240999432,13.675008,59.968
28.062154147999536,13.675008,60.406
28.074191271000018,13.635712,59.937
28.08625569099968,13.635712,60.0
28.099414952999723,13.635712,60.187
28.111512685999514,13.596416,59.906
28.123504333999335,13.596416,60.062
28.135456363999765,13.596416,60.437
28.14756091399977,13.596416,59.875
28.159619317999386,13.596416,60.218
28.17157349199988,13.596416,59.906
28.183544530999825,13.596416,60.062
28.195570995999333,13.596416,59.781
28.20756107499983,13.596416,59.937
28.219544210000095,13.635712,60.281
28.231544593999388,13.635712,59.937
28.24356017899936,13.675008,60.187
28.25556421100009,13.635712,59.875
28.267536401000143,13.596416,59.937
28.279348358999414,13.557120000000001,59.937
28.29212097599975,13.557120000000001,60.343
28.305412564999642,13.557120000000001,59.875
28.318477196999993,13.596416,59.906
28.331822772999658,13.635712,60.031
28.34439051499976,13.635712,59.812
28.35643022899967,13.635712,59.968
28.368449046000023,13.635712,60.437
28.380472342999383,13.635712,59.937
28.392468277999797,13.635712,60.312
28.404459125999892,13.635712,59.937
28.416426963999584,13.596416,60.187
28.42837579299976,13.596416,59.875
28.44039361799969,13.596416,59.968
28.45236718399974,13.557120000000001,60.312
28.464373327999965,13.557120000000001,59.937
28.4768369049998,13.557120000000001,60.125
28.489093845999378,13.557120000000001,59.968
28.50112834399988,13.557120000000001,59.781
28.513131480000084,13.596416,59.968
28.525116183000137,13.596416,60.218
28.537112150999747,13.635712,59.875
28.54911755899957,13.635712,60.187
28.561102773999664,13.635712,59.875
28.5730962130001,13.596416,59.937
28.58511455000007,13.596416,59.718
28.598690825999256,13.596416,60.343
28.61205569899994,13.635712,59.875
28.62548790299934,13.635712,60.187
28.63905780999994,13.675008,60.156
28.651334432999647,13.675008,59.843
28.663514473999385,13.675008,60.0
28.675552619999507,13.675008,60.375
28.687608206999357,13.635712,60.0
28.699696979999317,13.635712,60.312
28.71169749099954,13.635712,59.937
28.723805912999524,13.635712,60.187
28.73574747800012,13.596416,59.875
28.747744596999837,13.596416,60.0
28.75970609900014,13.596416,60.375
28.771735412999988,13.596416,59.843
28.783719795999787,13.596416,60.156
28.795824376999917,13.596416,59.781
28.807768725999267,13.596416,60.0
28.81972993999989,13.596416,59.75
28.831718546999582,13.635712,60.281
28.84370312200008,13.635712,59.937
28.855697520999456,13.635712,60.187
28.86768830499932,13.596416,59.812
28.879877049999777,13.557120000000001,59.906
28.89242466399992,13.517824000000001,59.656
28.90569151499949,13.517824000000001,59.937
28.918949085999884,13.557120000000001,59.875
28.932292196999697,13.557120000000001,60.125
28.945521734999602,13.596416,59.812
28.95778658099971,13.596416,60.093
28.969869656999435,13.635712,59.937
28.98181848599961,13.596416,59.843
28.993989694999982,13.596416,60.0
29.008623370999885,13.596416,60.281
29.020631466999475,13.557120000000001,59.937
29.032621450999613,13.557120000000001,60.156
29.044742704999408,13.557120000000001,60.062
29.056726320000053,13.557120000000001,59.843
29.068662635999317,13.517824000000001,59.968
29.0806377709996,13.557120000000001,60.25
29.09260986499976,13.557120000000001,59.812
29.104759376999937,13.557120000000001,60.093
29.11672132700005,13.557120000000001,59.781
29.128663754999252,13.596416,59.968
29.14062743299928,13.596416,59.718
29.152672427999278,13.596416,59.875
29.16465421799967,13.635712,60.187
29.176626440999826,13.596416,59.843
29.18857981399924,13.596416,59.937
29.202479785999458,13.557120000000001,59.937
29.214512266999918,13.596416,59.75
29.227891571999862,13.635712,60.031
29.24114744599956,13.675008,59.906
29.254012931000034,13.675008,60.156
29.26603203600007,13.675008,59.906
29.278152680999483,13.675008,60.031
29.29020148299969,13.675008,59.843
29.302747366999938,13.635712,60.0
29.314822155,13.635712,60.312
29.32676471099967,13.635712,59.937
29.338690657999905,13.596416,60.062
29.35062114899938,13.596416,59.875
29.362561209999512,13.596416,59.937
29.374641757000063,13.596416,59.781
29.38663980399997,13.596416,59.937
29.398577527999805,13.596416,60.156
29.41049701099928,13.596416,59.875
29.422592182999324,13.596416,60.093
29.434598486999676,13.635712,59.75
29.446546770999703,13.635712,60.062
29.458465357999557,13.635712,59.843
29.470614484999714,13.635712,60.156
29.48202987700006,13.557120000000001,60.062
29.493887532999906,13.557120000000001,59.968
29.508841352999298,13.557120000000001,59.968
29.52230837499974,13.557120000000001,59.781
29.53560303499944,13.596416,59.937
29.54896701100006,13.596416,59.843
29.561622661,13.635712,60.125
29.573787596999864,13.635712,59.937
29.585797324999476,13.635712,60.031
29.597785258999465,13.635712,59.781
29.609866990999762,13.635712,59.968
29.623745234000125,13.635712,60.281
29.63573153699963,13.596416,60.187
29.647747152999727,13.596416,59.875
29.659749519999423,13.596416,60.125
29.671742734999498,13.557120000000001,59.781
29.6837388619997,13.557120000000001,59.937
29.695831025999723,13.557120000000001,60.281
29.707777997999983,13.557120000000001,59.843
29.71978737399968,13.596416,60.187
29.73175418699975,13.596416,59.75
29.74373741799991,13.596416,60.0
29.7557330009995,13.635712,59.656
29.767739335999977,13.635712,59.843
29.7797508879994,13.596416,60.343
29.79175648799992,13.596416,59.781
29.80503661900002,13.596416,59.812
29.81855551499939,13.596416,60.0
29.831716439999582,13.596416,59.937
29.84494184899995,13.635712,60.312
29.858243836999463,13.635712,59.875
29.87029695899946,13.675008,60.25
29.88235216099929,13.675008,59.937
29.894512328999554,13.635712,60.125
29.9065540269994,13.635712,60.062
29.919817772999522,13.635712,60.437
29.931922193999526,13.635712,59.968
29.944201759999487,13.635712,60.187
29.956185246000132,13.596416,59.906
29.968162459999803,13.596416,60.062
29.980134265999368,13.596416,59.781
29.99212738499955,13.596416,59.937
30.004091605999747,13.596416,60.25
30.016043474999606,13.596416,59.937
30.0279848149994,13.596416,60.187
30.04008171499936,13.635712,59.781
30.052174422999997,13.635712,60.031
30.064175830999375,13.675008,59.75
30.076148051999553,13.635712,59.781
30.087958152999818,13.557120000000001,60.218
30.099350791999314,13.557120000000001,59.812
30.112922042999344,13.517824000000001,59.781
30.12613874699946,13.517824000000001,60.031
30.139439552000113,13.557120000000001,60.031
30.152676480999617,13.596416,60.312
30.165987045999827,13.596416,59.875
30.17802551099976,13.596416,60.156
30.190157580999767,13.635712,59.906
30.20224724899981,13.596416,60.062
30.214315346999683,13.596416,60.031
30.22911517400007,13.596416,60.343
30.241102467999553,13.557120000000001,60.031
30.253171110999574,13.557120000000001,60.25
30.265163876999395,13.557120000000001,59.906
30.277157122999597,13.517824000000001,60.093
30.289139136999438,13.517824000000001,59.812
30.301128318999872,13.557120000000001,59.968
30.313094074999754,13.517824000000001,60.312
30.325071320999996,13.517824000000001,59.937
30.33703304499977,13.557120000000001,60.187
30.34902885199972,13.557120000000001,59.781
30.36104344299929,13.596416,59.968
30.373019951999595,13.596416,59.937
30.385018094999396,13.635712,60.312
30.39702711799964,13.557120000000001,59.875
30.409027788999992,13.557120000000001,60.125
30.42126431199995,13.596416,59.906
30.43458559699957,13.596416,60.093
30.447764217999975,13.635712,59.968
30.46101349899982,13.635712,60.375
30.473564375000024,13.675008,59.968
30.48562911299996,13.675008,60.187
30.497704892,13.675008,59.937
30.509887715999866,13.635712,60.031
30.522351546999744,13.635712,59.875
30.53440534099991,13.635712,60.062
30.5464737909997,13.635712,59.937
30.55844949999937,13.635712,60.218
30.570408792999842,13.596416,59.937
30.58236760499949,13.596416,60.031
30.59442043799936,13.596416,59.843
30.60636805000013,13.596416,59.937
30.618323566999607,13.596416,60.281
30.63027210600012,13.596416,59.875
30.642280168999605,13.596416,60.125
30.65428439199968,13.635712,59.781
30.666237603999434,13.635712,59.937
30.67824182699951,13.635712,59.687
30.69040452199988,13.596416,59.937
30.702367975000016,13.557120000000001,60.218
30.71435370099971,13.517824000000001,59.812
30.72757920499953,13.557120000000001,59.843
30.740695390999463,13.557120000000001,60.062
30.753918462,13.596416,59.968
30.767395371999555,13.635712,59.75
30.77971151499969,13.635712,59.937
30.792002600999695,13.635712,60.218
30.804083340000034,13.635712,59.906
30.816234642999916,13.596416,60.093
30.828365975999986,13.596416,59.875
30.84036623099928,13.596416,60.031
30.852349363999565,13.596416,60.437
30.864326033999532,13.557120000000001,59.906
30.876341328999843,13.557120000000001,60.187
30.88831121399926,13.557120000000001,59.937
30.900252905999878,13.557120000000001,60.0
30.912210085999504,13.557120000000001,59.75
30.924189091999324,13.557120000000001,59.937
30.936152831999607,13.557120000000001,60.312
30.948144829999364,13.557120000000001,59.781
30.96010738699988,13.596416,60.125
30.972037206000095,13.596416,60.062
30.98400411500006,13.635712,59.656
30.995990607999374,13.596416,59.937
31.00795015699987,13.596416,60.281
31.02134744599971,13.557120000000001,59.812
31.033668741999463,13.596416,60.218
31.047355005999634,13.596416,60.031
31.059422624000035,13.635712,59.843
31.072733283999696,13.675008,59.968
31.08481907999976,13.675008,60.343
31.09698884699992,13.675008,59.937
31.109081906999563,13.675008,60.218
31.121187830999588,13.635712,60.062
31.136099472999376,13.635712,59.906
31.14815307399931,13.635712,60.093
31.160149839999576,13.596416,59.718
31.172156878999886,13.596416,59.937
31.184142989000065,13.596416,60.25
31.196112425999672,13.557120000000001,59.906
31.208023106999462,13.557120000000001,60.031
31.22001318399998,13.557120000000001,59.812
31.231984764999652,13.557120000000001,59.937
31.244087487999423,13.596416,59.843
31.256111807999332,13.596416,60.187
31.268098364999787,13.635712,59.75
31.280123707999337,13.596416,60.031
31.292363974999716,13.596416,59.656
31.30359679599951,13.557120000000001,59.937
31.315579928999796,13.557120000000001,60.25
31.329586754000047,13.517824000000001,60.187
31.342866371999662,13.517824000000001,59.75
31.355388766000033,13.557120000000001,60.062
31.36726574899967,13.596416,59.75
31.380420112000138,13.635712,60.062
31.3924550239999,13.635712,59.781
31.404500112999813,13.635712,59.968
31.41658385899973,13.635712,60.218
31.428604337999786,13.635712,60.156
31.442929068000012,13.596416,59.843
31.454941577999307,13.596416,60.062
31.466935815999932,13.596416,59.781
31.478898179999305,13.557120000000001,59.937
31.490860255999905,13.557120000000001,60.218
31.50281941999947,13.557120000000001,59.875
31.51478315999975,13.557120000000001,60.062
31.526734674999716,13.557120000000001,59.75
31.539179720999527,13.557120000000001,60.031
31.551390673999776,13.596416,60.25
31.563296266999714,13.596416,60.218
31.57534173899967,13.635712,59.812
31.58736516299996,13.635712,60.062
31.599336262999714,13.635712,59.843
31.611301506999553,13.596416,59.906
31.623300864999692,13.596416,59.781
31.635664177999388,13.596416,59.937
31.649036408999564,13.635712,59.906
31.662330203999772,13.635712,60.125
31.67566560099931,13.675008,59.812
31.688110582999798,13.675008,60.031
31.700162935999288,13.675008,59.718
31.712234521000028,13.675008,59.937
31.724330076000115,13.675008,60.281
31.73643644799995,13.635712,59.906
31.74844783899971,13.635712,60.187
31.760424250999677,13.635712,60.062
31.77239887199994,13.596416,59.812
31.784353555999587,13.596416,59.937
31.7963637619996,13.596416,60.25
31.808338382999864,13.596416,59.906
31.820306026999788,13.596416,60.062
31.83224608599994,13.596416,59.718
31.84432164000009,13.596416,59.937
31.856271298999673,13.596416,59.75
31.868202748999465,13.635712,59.781
31.880206107999584,13.635712,60.062
31.89256062000004,13.596416,59.75
31.903687676000118,13.596416,60.031
31.915664024999387,13.557120000000001,59.718
31.92760865999935,13.557120000000001,59.812
31.940311798999574,13.557120000000001,60.25
31.952497950999714,13.596416,60.125
31.965670330999274,13.596416,59.875
31.978965501999483,13.635712,60.125
31.99186634799935,13.635712,59.718
32.0040168179994,13.635712,60.0
32.01615951199983,13.635712,60.343
32.02821692099951,13.635712,60.281
32.04182356399997,13.635712,59.937
32.05390446199999,13.596416,60.062
32.06584938499964,13.596416,59.875
32.077745153999786,13.596416,60.0
32.08973350299948,13.596416,59.687
32.1017137559993,13.557120000000001,59.937
32.113652758999706,13.557120000000001,60.187
32.12562037099997,13.557120000000001,59.812
32.137558893999994,13.557120000000001,60.031
32.149522121999325,13.557120000000001,59.812
32.16148406999946,13.596416,59.937
32.17345027400006,13.596416,60.281
32.1854307829999,13.635712,59.906
32.19742882799983,13.635712,60.0
32.20941442499952,13.635712,59.875
32.221380563999446,13.596416,59.937
32.23340283499965,13.596416,59.937
32.246652178999284,13.596416,60.312
32.25984420699933,13.635712,59.843
32.27193838599942,13.635712,59.937
32.28508836399942,13.675008,60.093
32.29718423899976,13.675008,59.843
32.30921591799961,13.675008,59.937
32.321267373999945,13.675008,59.75
32.33333495899933,13.675008,60.281
32.348356683999555,13.675008,59.937
32.360340393000115,13.635712,60.187
32.37236739999935,13.635712,59.812
32.3843261789998,13.635712,60.031
32.39633558500009,13.596416,59.781
32.40833676599959,13.596416,59.906
32.42031288999988,13.596416,60.187
32.432262644999355,13.596416,59.781
32.44440098599989,13.596416,60.062
32.45641819999946,13.596416,59.687
32.46841896499973,13.635712,59.937
32.48039630599942,13.596416,60.218
32.492964652999945,13.596416,59.781
32.50397998999961,13.635712,60.187
32.516025109999646,13.596416,59.718
32.5279934579994,13.557120000000001,59.937
32.54050708199975,13.557120000000001,59.968
32.55392686699997,13.557120000000001,59.75
32.56673177099947,13.596416,59.875
32.580181829999674,13.635712,59.843
32.59316146299989,13.675008,60.156
32.60532226899977,13.675008,59.781
32.61752442099987,13.675008,60.062
32.62960931899943,13.675008,59.812
32.641755691999606,13.635712,60.343
32.65616381699965,13.635712,59.906
32.66814157399949,13.635712,60.218
32.68012355399969,13.635712,59.812
32.69217737799954,13.596416,60.0
32.70420243299941,13.596416,59.781
32.71616914900005,13.557120000000001,59.937
32.72814178399949,13.596416,60.25
32.7401620390001,13.596416,59.812
32.75215272399964,13.596416,60.125
32.76412023899957,13.596416,59.718
32.77603991199976,13.596416,59.968
32.78796771399993,13.635712,59.718
32.80018637899957,13.635712,59.781
32.81225399599953,13.675008,60.156
32.82420080599968,13.596416,59.843
32.83620979599982,13.596416,59.718
32.84948726999937,13.596416,59.968
32.86250725699938,13.635712,59.687
32.87564987499991,13.635712,60.25
32.88886900899979,13.675008,59.812
32.90098798899999,13.675008,60.125
32.91309237599944,13.675008,59.875
32.925150680000115,13.675008,59.968
32.93717263100007,13.675008,59.781
32.94922882299943,13.675008,60.0
32.96125899799972,13.635712,60.281
32.97325509099937,13.635712,59.968
32.985244335999596,13.635712,60.187
32.99724138900001,13.596416,59.781
33.00922048999928,13.596416,60.0
33.021249384999464,13.596416,59.781
33.03325149400007,13.596416,60.187
33.04534135199992,13.596416,59.875
33.05733482100004,13.596416,60.031
33.06934096299938,13.596416,59.656
33.08134841699939,13.596416,59.906
33.09354807299951,13.557120000000001,59.656
33.104793021999285,13.596416,59.75
33.116873855999984,13.596416,60.187
33.128873788999954,13.557120000000001,59.843
33.14098860800004,13.557120000000001,59.968
33.155607433000114,13.557120000000001,60.0
33.16885821699998,13.557120000000001,59.718
33.181181111000114,13.596416,59.937
33.19451401100014,13.635712,59.843
33.20705166799962,13.635712,60.156
33.21910961999947,13.675008,59.781
33.23137772700011,13.635712,60.031
33.24359872700006,13.635712,59.781
33.25704251299976,13.635712,59.937
33.26915573199949,13.635712,60.312
33.281115373999455,13.596416,59.937
33.293097129999296,13.596416,60.125
33.305070692999834,13.596416,59.843
33.317043297000055,13.557120000000001,59.937
33.32914045100006,13.557120000000001,59.906
33.34111494199988,13.557120000000001,60.281
33.35310204199959,13.557120000000001,59.843
33.365067252999324,13.596416,60.093
33.377072241999485,13.596416,59.718
33.38904801299941,13.596416,59.937
33.401009352000074,13.635712,59.781
33.412999555999704,13.635712,59.781
33.42500678599936,13.635712,60.281
33.43698681299975,13.596416,59.687
33.44990282699928,13.596416,60.0
33.46336827699997,13.596416,59.968
33.475581724999756,13.596416,59.718
33.48867617999986,13.635712,59.906
33.501788075999684,13.675008,60.218
33.51402549299928,13.675008,60.093
33.5260772369993,13.675008,59.843
33.53819989599924,13.675008,60.093
33.550247254999704,13.635712,59.812
33.56511341999976,13.635712,60.062
33.57719322899993,13.635712,60.281
33.58929534299932,13.635712,60.187
33.60154479299945,13.596416,59.906
33.61354824599948,13.596416,60.062
33.62551992099998,13.557120000000001,59.843
33.63750462099961,13.596416,59.875
33.649500649999936,13.596416,60.25
33.66146150899931,13.557120000000001,59.906
33.673443935999785,13.596416,60.062
33.68547535899961,13.557120000000001,59.718
33.696901692999745,13.557120000000001,59.937
33.70907805099978,13.557120000000001,59.75
33.72112294599992,13.596416,59.875
33.7331073259993,13.557120000000001,60.25
33.745225280999875,13.557120000000001,60.0
33.75921027899949,13.517824000000001,59.718
33.7712552389994,13.517824000000001,59.968
33.783850690999316,13.557120000000001,59.687
33.79719696699976,13.596416,60.281
33.810817433999546,13.596416,59.781
33.822893818999546,13.635712,60.156
33.835045822999746,13.635712,59.937
33.84723539799961,13.596416,60.031
33.85930048599948,13.596416,59.843
33.872825811999974,13.596416,60.0
33.88483134499984,13.596416,59.937
33.8968361419993,13.596416,60.218
33.90880141699927,13.557120000000001,59.781
33.9207841970001,13.557120000000001,60.0
33.93270962999941,13.517824000000001,59.781
33.94479062299979,13.557120000000001,59.968
33.95678217099976,13.557120000000001,60.25
33.968678993999674,13.557120000000001,59.843
33.98064900600002,13.557120000000001,60.093
33.99260864799999,13.596416,59.75
34.00456237099934,13.596416,60.031
34.01652130899947,13.596416,59.687
34.02844901399931,13.635712,59.781
34.040426353999464,13.596416,60.25
34.05243799899927,13.557120000000001,59.781
34.06550617999983,13.596416,60.093
34.077598117999514,13.596416,60.062
34.090664634999484,13.635712,59.718
34.103819380999994,13.635712,59.937
34.11556041999938,13.675008,60.312
34.127752874999715,13.675008,59.812
34.13981255499948,13.675008,60.156
34.15191818999938,13.635712,59.75
34.16436070599957,13.635712,60.093
34.17647261299953,13.635712,60.062
34.18841206199977,13.596416,60.281
34.200408537999465,13.596416,59.843
34.21239547699952,13.596416,60.187
34.224507928000094,13.557120000000001,59.875
34.236613368999315,13.596416,60.062
34.248716442999466,13.596416,59.75
34.26082146899989,13.596416,59.937
34.27281039199988,13.596416,60.25
34.2847868989993,13.557120000000001,59.781
34.2970939199995,13.557120000000001,60.093
34.30917577599939,13.596416,59.718
34.321192220999365,13.596416,59.968
34.333373986999504,13.635712,59.75
34.34560196299935,13.596416,59.875
34.35767578699961,13.596416,59.781
34.370937738000066,13.557120000000001,60.031
34.38419127299949,13.596416,60.031
34.397460776000116,13.635712,59.718
34.410940370999924,13.635712,59.906
34.42354523099948,13.675008,60.343
34.4356244949995,13.675008,59.875
34.447796724999534,13.675008,60.187
34.45982049799932,13.635712,59.937
34.4719013619997,13.635712,60.125
34.48380973799976,13.635712,60.062
34.4958316229995,13.635712,60.375
34.50780179399953,13.596416,59.937
34.519778428999416,13.596416,60.156
34.531755127,13.596416,59.843
34.54372081800011,13.596416,60.093
34.555734350999955,13.596416,59.718
34.56774593099999,13.596416,59.937
34.57972448599958,13.596416,60.25
34.5917573480001,13.596416,59.812
34.60373519899986,13.635712,60.031
34.616101870999955,13.635712,59.75
34.62817041499966,13.675008,59.906
34.64017169099952,13.635712,59.906
34.65216563899958,13.596416,59.906
34.66480269299973,13.596416,59.812
34.67810285399992,13.596416,60.062
34.69143943299969,13.635712,60.0
34.7048355349998,13.635712,59.75
34.71779401399999,13.675008,60.062
34.7299062080001,13.675008,60.343
34.7419423020001,13.675008,59.937
34.75404230299955,13.675008,60.218
34.766068285000074,13.635712,60.062
34.78091905600013,13.635712,59.812
34.792960046999724,13.635712,60.0
34.80499060399961,13.596416,59.75
34.81703140299942,13.596416,59.906
34.82903901499958,13.596416,60.156
34.84101392199955,13.596416,59.812
34.85302268699979,13.596416,60.0
34.86500655399959,13.596416,59.687
34.877008725999985,13.596416,59.968
34.88917788299932,13.557120000000001,60.218
34.90100202999929,13.557120000000001,59.781
34.91301703499994,13.557120000000001,60.0
34.92502029499974,13.596416,59.718
34.93703661199925,13.596416,60.0
34.94904777699958,13.557120000000001,59.906
34.961029531999884,13.557120000000001,59.5
34.974762195999574,13.517824000000001,59.812
34.98813263299962,13.517824000000001,59.812
35.001211117999446,13.557120000000001,60.031
35.01431779699942,13.596416,59.718
35.02754832299979,13.596416,59.968
35.03958726499968,13.596416,59.906
35.05170649899992,13.596416,60.218
35.063811684999564,13.596416,59.843
35.07592064699929,13.596416,60.093
35.08853824400012,13.596416,59.875
35.10053055999924,13.596416,60.031
35.11247228100001,13.596416,59.718
35.12440798499938,13.557120000000001,59.937
35.13637105199996,13.557120000000001,60.156
35.148367430999315,13.517824000000001,59.812
35.160380163999434,13.557120000000001,60.031
35.1723447989998,13.557120000000001,59.687
35.18433135399937,13.557120000000001,59.937
35.19633918999989,13.557120000000001,59.687
35.2083805960001,13.596416,59.843
35.22037364700009,13.596416,60.156
35.23234368900012,13.596416,59.687
35.244435656999485,13.635712,59.75
35.25660980599969,13.596416,59.937
35.26865124399956,13.557120000000001,59.687
35.2818501189995,13.596416,59.875
35.29492031500013,13.596416,59.843
35.30807755599926,13.635712,60.093
35.3210918449995,13.635712,59.75
35.333546328999546,13.675008,59.906
35.3456942039993,13.675008,59.718
35.35778437999943,13.675008,59.937
35.369806584999424,13.635712,60.218
35.381838102000074,13.635712,59.906
35.39383412999996,13.635712,60.093
35.40533963500002,13.596416,59.843
35.41728193099971,13.596416,60.0
35.42925651799942,13.596416,59.75
35.4412269759996,13.596416,59.937
35.45319327299967,13.596416,60.187
35.46518453199951,13.596416,60.093
35.47713614099939,13.596416,59.718
35.48916541899962,13.557120000000001,59.968
35.5015099759994,13.557120000000001,59.656
35.51366393199987,13.557120000000001,59.812
35.525680503999865,13.596416,60.062
35.53766958699998,13.596416,59.718
35.54965844599974,13.596416,60.093
35.56165028099986,13.557120000000001,59.687
35.57367651799996,13.557120000000001,59.812
35.58686918500007,13.557120000000001,59.937
35.600124094999956,13.596416,60.25
35.61364903499998,13.596416,59.781
35.62673596900004,13.635712,59.781
35.63919326799987,13.635712,60.093
35.651558114999716,13.635712,59.843
35.663684932999786,13.635712,59.937
35.67584237699975,13.635712,60.218
35.68789712799935,13.635712,59.906
35.70000628099933,13.596416,60.187
35.711996835999344,13.596416,59.781
35.723948476999794,13.596416,60.0
35.735930103999635,13.557120000000001,59.781
35.74792113900003,13.557120000000001,59.937
35.76010325599964,13.557120000000001,60.187
35.772078930000134,13.557120000000001,59.843
35.78400672999942,13.557120000000001,60.0
35.7961257399993,13.596416,59.812
35.80810141399979,13.596416,59.937
35.82006460699995,13.596416,59.906
35.83202050499949,13.635712,60.187
35.84398529800001,13.635712,59.781
35.85597626899926,13.635712,60.031
35.86807217399928,13.596416,59.593
35.88146625899935,13.596416,59.937
35.89402109999992,13.596416,59.875
35.90725088899944,13.596416,60.125
35.92046134900011,13.635712,59.781
35.93340433799949,13.675008,60.125
35.94562837800004,13.675008,59.781
35.957745435000106,13.675008,60.0
35.9697918009997,13.635712,59.937
35.98185144799936,13.635712,60.25
35.996656071999496,13.635712,59.875
36.00879873099984,13.596416,60.125
36.020757027999935,13.596416,59.906
36.03269013999943,13.596416,59.968
36.04473346599934,13.557120000000001,59.906
36.05667947499933,13.557120000000001,60.25
36.06868785499955,13.557120000000001,59.875
36.0806817699995,13.557120000000001,60.062
36.092694469999515,13.517824000000001,59.75
36.10412745999929,13.517824000000001,59.937
36.116136543999346,13.557120000000001,59.562
36.12815221999972,13.557120000000001,59.843
36.140113237999685,13.596416,60.218
36.152116784999635,13.596416,60.062
36.16694726700007,13.557120000000001,59.781
36.1791066629994,13.557120000000001,59.937
36.194145826999375,13.557120000000001,59.937
36.20747129999927,13.557120000000001,60.312
36.22022096699948,13.596416,59.812
36.23331049099943,13.635712,59.812
36.246012603000054,13.635712,60.062
36.25791918499999,13.635712,59.781
36.27008914099952,13.635712,59.968
36.282220950999545,13.635712,60.281
36.29522295100014,13.635712,59.906
36.307297798000036,13.635712,60.218
36.31933833899984,13.596416,59.875
36.331349662999855,13.596416,60.0
36.34332789600012,13.596416,59.75
36.35533483600011,13.557120000000001,59.937
36.367318669999804,13.557120000000001,60.281
36.37929504699969,13.557120000000001,59.812
36.39127798499976,13.557120000000001,60.125
36.40325369099992,13.557120000000001,60.062
36.41522433999944,13.557120000000001,59.718
36.427219790999516,13.596416,59.812
36.439290381999854,13.596416,60.218
36.451422256000114,13.635712,59.812
36.46344785199926,13.596416,60.156
36.47540746100003,13.596416,59.687
36.488536346999354,13.557120000000001,59.937
36.50178716099981,13.557120000000001,59.937
36.51497211399965,13.596416,60.281
36.528077383999516,13.596416,59.875
36.54111368899976,13.635712,60.125
36.5531806959998,13.635712,60.031
36.565303640999446,13.635712,59.75
36.57736504700006,13.635712,60.031
36.58940088399959,13.635712,59.781
36.60432516199944,13.635712,60.25
36.6163354929995,13.596416,59.875
36.62832246400012,13.596416,60.125
36.640323867000006,13.596416,59.75
36.65231298099934,13.557120000000001,59.968
36.664081571999304,13.557120000000001,59.781
36.67613241699928,13.557120000000001,59.843
36.68814390099942,13.557120000000001,60.093
36.70024460500008,13.517824000000001,59.718
36.712420544999986,13.517824000000001,60.0
36.72439727499932,13.517824000000001,59.687
36.73639147799986,13.557120000000001,59.812
36.74838046399964,13.557120000000001,60.25
36.76053950699952,13.596416,59.812
36.772520876999806,13.557120000000001,60.156
36.78463902299973,13.517824000000001,59.937
36.79860430499957,13.517824000000001,59.718
36.81195637199926,13.517824000000001,59.906
36.82519185599995,13.517824000000001,59.875
36.83830864599986,13.557120000000001,60.156
36.851492799999505,13.596416,59.812
36.86357411099925,13.596416,60.125
36.87561817200003,13.596416,59.812
36.88776079899981,13.596416,60.031
36.899817084999995,13.557120000000001,59.937
36.914181909000035,13.557120000000001,60.281
36.92618667199986,13.557120000000001,59.843
36.93813322400001,13.557120000000001,60.093
36.95010329699926,13.557120000000001,59.812
36.96204991400009,13.517824000000001,60.031
36.97400616199957,13.517824000000001,59.75
36.98598173999926,13.517824000000001,59.906
36.99797274199955,13.517824000000001,60.218
37.009930270999575,13.517824000000001,59.812
37.02186751099998,13.517824000000001,60.031
37.03380756599927,13.557120000000001,59.906
37.04581319399949,13.557120000000001,59.968
37.05775254499986,13.596416,59.781
37.069700312999885,13.596416,60.25
37.08164619299987,13.557120000000001,59.75
37.09378440399996,13.557120000000001,60.0
37.1059115729995,13.557120000000001,59.812
37.11920568499954,13.596416,59.968
37.132569527999294,13.596416,59.875
37.14573617699989,13.635712,60.187
37.15791704499952,13.635712,59.812
37.17002955799944,13.675008,60.125
37.182142166999256,13.635712,59.812
37.19427512799939,13.635712,59.968
37.20708898999965,13.635712,59.968
37.219279137999365,13.596416,60.312
37.23138803399979,13.596416,59.937
37.24340639699949,13.596416,60.156
37.255406455999946,13.557120000000001,59.812
37.26736395199987,13.557120000000001,60.0
37.279333096999835,13.557120000000001,59.656
37.29137389300013,13.557120000000001,59.781
37.30375198699949,13.517824000000001,60.187
37.316058525999324,13.517824000000001,59.812
37.32803090299967,13.517824000000001,60.0
37.33998577500006,13.557120000000001,59.781
37.35198711299927,13.557120000000001,59.875
37.36397382699943,13.596416,59.625
37.375961308000115,13.596416,59.906
37.38791115599997,13.557120000000001,60.093
37.39995070399982,13.517824000000001,60.031
37.41321668599994,13.557120000000001,59.781
37.426351780000005,13.557120000000001,60.0
37.43955855799959,13.596416,59.937
37.452736374999404,13.635712,60.25
37.46504710499994,13.635712,59.75
37.47714710499986,13.635712,60.187
37.489181373000065,13.635712,59.812
37.50125221899998,13.596416,60.031
37.51343836699925,13.596416,59.781
37.52543285699994,13.596416,59.906
37.537382608999906,13.557120000000001,60.281
37.54935236199981,13.557120000000001,59.843
37.56136128499929,13.557120000000001,60.0
37.573337437999726,13.557120000000001,59.718
37.58530728599999,13.557120000000001,60.0
37.597348306999265,13.557120000000001,59.656
37.60931575599989,13.557120000000001,60.25
37.62126397099928,13.557120000000001,60.218
37.6332222989995,13.557120000000001,60.062
37.64530050599933,13.596416,59.656
37.65728718699938,13.596416,59.875
37.66924356299933,13.635712,59.562
37.681385197000054,13.596416,59.843
37.69363442099984,13.596416,60.093
37.70774537499983,13.557120000000001,60.062
37.72076407899931,13.557120000000001,59.75
37.7339098299999,13.596416,59.937
37.747193219999644,13.596416,59.968
37.76033017000009,13.635712,60.218
37.77249494099942,13.635712,59.812
37.78465180799958,13.635712,60.125
37.7968738619993,13.635712,59.781
37.809039560999736,13.635712,59.812
37.82285539499935,13.635712,60.0
37.834825371999614,13.596416,60.312
37.846814869999434,13.596416,59.875
37.85875927699999,13.596416,60.156
37.87071434099926,13.557120000000001,59.843
37.88268230199992,13.557120000000001,60.031
37.895271862999834,13.517824000000001,59.656
37.90817324899945,13.517824000000001,59.812
37.92049018799935,13.517824000000001,60.187
37.93271880299926,13.517824000000001,60.062
37.945103392999954,13.557120000000001,59.718
37.957353128999785,13.557120000000001,59.937
37.96960062400012,13.557120000000001,59.593
37.981897785999536,13.596416,59.843
37.99429472999964,13.557120000000001,60.25
38.00651489599932,13.517824000000001,59.781
38.018668241999876,13.557120000000001,59.812
38.031963153000106,13.557120000000001,60.031
38.04534184399927,13.596416,59.718
38.05850001199997,13.635712,59.937
38.070612075999634,13.635712,59.875
38.08265456799927,13.635712,60.218
38.09491864099982,13.635712,59.843
38.10706734699943,13.635712,60.093
38.11906234899925,13.635712,59.812
38.13114813999982,13.635712,59.937
38.14312867699937,13.596416,59.781
38.155139935999614,13.596416,59.906
38.16712434599958,13.596416,60.218
38.17914587699943,13.557120000000001,59.875
38.19112110199967,13.557120000000001,60.093
38.20313184799943,13.557120000000001,59.656
38.21512464099942,13.557120000000001,59.937
38.22710280999945,13.596416,60.281
38.239147989999765,13.596416,59.812
38.2511599519994,13.596416,60.031
38.263138728999365,13.635712,59.812
38.27514825899925,13.635712,59.937
38.28714687699994,13.635712,59.812
38.29914517499947,13.596416,60.218
38.3116858049998,13.596416,59.812
38.325108145999366,13.596416,60.093
38.338278536999496,13.596416,59.968
38.35136108400002,13.635712,59.718
38.36420502599958,13.675008,59.906
38.37636973299959,13.675008,59.687
38.38843232199997,13.675008,59.843
38.400586691999706,13.675008,60.187
38.412694370999816,13.635712,60.125
38.427449517999776,13.635712,59.812
38.439551916999335,13.596416,60.0
38.45159344900003,13.596416,59.75
38.46358589099964,13.596416,59.875
38.47564783999951,13.596416,60.218
38.48762447199988,13.557120000000001,59.812
38.49935712399929,13.517824000000001,59.937
38.510434508999424,13.517824000000001,59.656
38.52236352299951,13.517824000000001,59.906
38.534323417999985,13.517824000000001,60.312
38.54643724200014,13.517824000000001,59.812
38.55840081799943,13.557120000000001,60.093
38.570337831999495,13.557120000000001,59.656
38.58230243199978,13.596416,59.937
38.59442559999934,13.557120000000001,59.781
38.60635672599983,13.557120000000001,59.75
38.61904587599929,13.517824000000001,59.875
38.63233860999935,13.517824000000001,60.093
38.64579189699998,13.557120000000001,60.0
38.65908095099985,13.596416,59.718
38.672402358,13.596416,60.0
38.684655708999344,13.635712,59.656
38.69682943999942,13.635712,60.187
38.709391479999795,13.596416,59.875
38.72153311300008,13.596416,60.125
38.736030037999626,13.596416,59.875
38.74803774499924,13.596416,60.031
38.76008785299928,13.557120000000001,59.75
38.77206160500009,13.557120000000001,60.218
38.78401564499927,13.557120000000001,59.781
38.7962570589998,13.517824000000001,60.093
38.80837795499974,13.557120000000001,59.781
38.82040313400012,13.557120000000001,59.843
38.832483419999335,13.557120000000001,59.75
38.84448466199956,13.557120000000001,59.843
38.85644183699969,13.557120000000001,60.156
38.8684253499996,13.596416,59.843
38.88044364899997,13.596416,60.0
38.892415992999304,13.596416,59.781
38.90440619399942,13.557120000000001,59.968
38.91638017100013,13.557120000000001,59.593
38.929602532999525,13.596416,60.25
38.9427853090001,13.596416,59.906
38.95598581400009,13.596416,60.062
38.96929122099937,13.635712,60.031
38.98171773299964,13.635712,59.656
38.993889831999695,13.635712,59.937
39.006006791999425,13.635712,60.281
39.01821021999967,13.635712,59.843
39.03041326499988,13.635712,60.093
39.042367271999865,13.596416,59.906
39.05433395199998,13.596416,59.968
39.06630952799969,13.596416,59.781
39.07827969699974,13.557120000000001,59.968
39.090267241999754,13.557120000000001,60.218
39.10208786599924,13.478528,59.843
39.11411211699942,13.517824000000001,60.031
39.12629003999973,13.517824000000001,59.718
39.1385346549996,13.517824000000001,59.906
39.15062460499939,13.517824000000001,59.781
39.16265077599928,13.557120000000001,60.281
39.17462888099999,13.557120000000001,59.843
39.18662516199947,13.596416,60.031
39.19868051799949,13.596416,59.718
39.21062953299952,13.517824000000001,59.937
39.22271004199956,13.517824000000001,59.687
39.23624873999961,13.517824000000001,60.218
39.25000588199964,13.517824000000001,59.75
39.26341225399938,13.557120000000001,60.0
39.27542479099975,13.596416,59.781
39.28800132699962,13.635712,59.937
39.300071595999725,13.635712,59.937
39.31216436199975,13.635712,60.343
39.32425306299956,13.596416,59.75
39.33689110599971,13.596416,60.187
39.3491137989995,13.596416,59.812
39.36109228699934,13.557120000000001,60.093
39.373233087999324,13.557120000000001,59.718
39.38545049999993,13.557120000000001,59.906
39.39751110499947,13.557120000000001,60.281
39.409506457000134,13.557120000000001,59.875
39.42164239399972,13.557120000000001,60.125
39.43373215199972,13.557120000000001,59.781
39.44599497499985,13.557120000000001,59.906
39.457977046999986,13.596416,59.75
39.469908907999525,13.596416,60.218
39.48183737799991,13.635712,59.781
39.493993442999454,13.675008,60.0
39.50598409199938,13.635712,59.75
39.51808364199951,13.596416,59.875
39.531726889999845,13.596416,59.875
39.54509972300002,13.596416,60.187
39.55836074299987,13.596416,59.843
39.570244793999336,13.635712,60.093
39.583453810999345,13.675008,59.781
39.59488644599969,13.714304,59.937
39.60703009499957,13.714304,59.812
39.61918507199971,13.675008,59.937
39.63131691199942,13.675008,59.968
39.64598590999958,13.675008,60.281
39.65797076599938,13.635712,59.906
39.66992464499981,13.635712,60.0
39.6819021729998,13.635712,59.718
39.69385403599972,13.596416,59.937
39.705300558999625,13.517824000000001,60.125
39.71734570699937,13.517824000000001,59.812
39.729433800999686,13.517824000000001,60.0
39.741731665999396,13.557120000000001,59.937
39.75379409400011,13.557120000000001,59.656
39.765827624999474,13.557120000000001,59.843
39.778825558999415,13.596416,60.25
39.79129802499938,13.596416,59.875
39.80373068099925,13.635712,60.125
39.81625294100013,13.557120000000001,60.0
39.828652410999894,13.596416,59.625
39.84248750899951,13.557120000000001,59.656
39.85697163399982,13.596416,59.843
39.87100248599927,13.635712,59.75
39.885101181999744,13.675008,60.031
39.89858867699968,13.675008,59.812
39.91124336099983,13.675008,59.718
39.923984512999596,13.675008,60.031
39.93663986899992,13.675008,60.281
39.9516847269997,13.675008,60.218
39.96401433699975,13.635712,59.812
39.97604639600013,13.635712,60.031
39.98802654799965,13.635712,59.781
40.0000068599993,13.596416,59.906
40.011998564999885,13.596416,60.312
40.02399084499939,13.596416,59.812
40.03598174999934,13.596416,60.093
40.048007921000135,13.596416,59.718
40.06001319400002,13.596416,59.968
40.072030211999845,13.635712,59.718
40.08404358200005,13.635712,59.875
40.09611625099933,13.635712,60.187
40.10808849800014,13.675008,60.156
40.12012500499986,13.635712,59.656
40.13235019399963,13.596416,59.968
40.14571800399972,13.635712,59.687
40.15896827100005,13.635712,59.718
40.172731492999446,13.675008,59.843
40.18456258100014,13.675008,60.187
40.196818202999566,13.714304,59.812
40.208969115999935,13.714304,60.031
40.221030519000124,13.714304,59.843
40.233192023999436,13.675008,60.0
40.24565165700005,13.675008,60.312
40.25747432799926,13.675008,59.937
40.2694530079998,13.635712,60.156
40.28144560799956,13.635712,59.75
40.29346604900002,13.635712,59.781
40.305556190999596,13.557120000000001,59.875
40.317788226999255,13.517824000000001,60.281
40.32975596199958,13.557120000000001,59.843
40.34176443499928,13.557120000000001,60.062
40.35384353599966,13.557120000000001,59.687
40.36579987799996,13.557120000000001,59.937
40.3778019829997,13.557120000000001,59.656
40.38980152699969,13.596416,59.906
40.40174858899991,13.596416,60.156
40.413788903999375,13.635712,59.843
40.42571100399982,13.557120000000001,60.031
40.437685266999324,13.557120000000001,59.687
40.45111791099953,13.557120000000001,59.687
40.46454745099982,13.596416,59.937
40.477333372999965,13.596416,60.25
40.490479921999395,13.635712,60.156
40.50293728299948,13.635712,59.75
40.51529114999994,13.675008,60.062
40.52744065399929,13.635712,59.75
40.53952634699999,13.635712,59.937
40.551984316000016,13.635712,60.343
40.564131195999835,13.596416,59.906
40.576134709000144,13.596416,60.125
40.58814999799961,13.596416,59.75
40.60013811799945,13.596416,60.062
40.61212850999982,13.557120000000001,59.718
40.62411883799996,13.557120000000001,59.937
40.63615140799993,13.557120000000001,60.218
40.64819533899936,13.557120000000001,60.156
40.66024006999942,13.596416,59.781
40.672227869999915,13.596416,59.968
40.68420901299942,13.596416,59.625
40.69630197100014,13.635712,59.875
40.70824141599951,13.635712,60.281
40.720206366999264,13.635712,59.875
40.732172244999674,13.596416,59.968
40.74527568799931,13.557120000000001,59.625
40.75855488399975,13.596416,59.687
40.77194490199963,13.596416,59.937
40.785307461999764,13.635712,59.843
40.79845049100004,13.675008,60.156
40.810562488999494,13.675008,59.812
40.82287097799963,13.675008,60.062
40.83527111999956,13.675008,59.781
40.84755333499925,13.635712,60.031
40.860906902999886,13.675008,59.843
40.87289873499958,13.635712,60.25
40.884977899999285,13.635712,59.875
40.89715393299957,13.596416,59.937
40.90945125399958,13.517824000000001,59.812
40.921516626000084,13.517824000000001,59.906
40.93352058599976,13.517824000000001,59.656
40.94560426299995,13.517824000000001,59.875
40.957644065999375,13.517824000000001,60.031
40.969621049000125,13.517824000000001,59.656
40.981573198999286,13.557120000000001,60.031
40.99372001499978,13.557120000000001,59.687
41.00569978299973,13.596416,59.875
41.01768182199976,13.596416,59.625
41.02965736599981,13.557120000000001,59.812
41.04165031799948,13.557120000000001,59.656
41.05555857099989,13.557120000000001,59.937
41.068951596999796,13.557120000000001,59.937
41.08222858499994,13.596416,59.718
41.09571172699998,13.635712,59.843
41.10899393099953,13.635712,60.187
41.12110791399937,13.635712,60.031
41.13330990099985,13.635712,59.75
41.14556782699947,13.635712,60.0
41.15960383099991,13.635712,59.718
41.171753526999964,13.596416,60.0
41.1837348629997,13.596416,60.25
41.19592808099969,13.596416,60.125
41.208027533999484,13.596416,59.781
41.22004039100011,13.557120000000001,60.0
41.232019709999804,13.557120000000001,59.781
41.24401093300003,13.557120000000001,59.906
41.25605214299958,13.557120000000001,60.187
41.268019557000116,13.557120000000001,59.843
41.27998252299949,13.596416,60.031
41.292236704999596,13.596416,59.75
41.30436127899975,13.635712,59.937
41.31643721099954,13.635712,59.562
41.328455316000145,13.596416,59.937
41.34046049199969,13.596416,60.156
41.35405451999941,13.596416,60.031
41.36737269300011,13.596416,59.718
41.379416687999765,13.596416,59.906
41.39281492899954,13.635712,60.0
41.40614836699933,13.675008,60.218
41.41829409499951,13.675008,59.843
41.430385419999766,13.675008,60.187
41.4425102819996,13.635712,59.843
41.454657737999696,13.635712,59.781
41.46888056699936,13.635712,59.937
41.480870733999836,13.635712,59.718
41.49283021199972,13.635712,59.875
41.5044257339996,13.557120000000001,60.125
41.516582374999416,13.557120000000001,59.687
41.5286216329996,13.517824000000001,59.968
41.54066569099996,13.517824000000001,59.687
41.55267118699976,13.517824000000001,59.875
41.5646759149995,13.517824000000001,60.218
41.576654210000015,13.557120000000001,59.906
41.588659449999795,13.557120000000001,59.968
41.60068462699928,13.557120000000001,59.781
41.612664905999736,13.596416,59.937
41.624623423999765,13.596416,59.656
41.636645720999695,13.557120000000001,59.906
41.64872379699955,13.557120000000001,59.718
41.66277077699942,13.517824000000001,60.062
41.67590004399972,13.557120000000001,59.687
41.68798951299959,13.557120000000001,59.687
41.7013620889993,13.596416,59.937
41.71351895299995,13.635712,59.625
41.7256304069997,13.635712,59.937
41.73770877100014,13.635712,60.218
41.749787294999805,13.635712,59.812
41.76184066599944,13.635712,59.781
41.77624939299949,13.596416,60.031
41.78880218199993,13.596416,59.75
41.801032618000136,13.596416,59.937
41.81319751399951,13.557120000000001,60.031
41.8252714299997,13.557120000000001,59.812
41.83734364999964,13.557120000000001,60.031
41.84942486199998,13.557120000000001,59.718
41.861425205999694,13.557120000000001,59.875
41.87342529399939,13.557120000000001,60.281
41.885500041999876,13.596416,59.781
41.89750124999955,13.596416,60.031
41.90946395899937,13.596416,59.968
41.92144609399929,13.635712,59.593
41.933452198999476,13.635712,59.968
41.945520450000004,13.596416,59.562
41.95750184899953,13.557120000000001,59.718
41.97119783400012,13.596416,60.062
41.98434931099928,13.596416,60.0
41.997602585000095,13.635712,59.687
42.010887347999414,13.635712,59.937
42.023089110999535,13.675008,59.718
42.03515038599926,13.675008,59.843
42.04734545999963,13.675008,60.281
42.05940049499986,13.635712,60.062
42.07181602899982,13.635712,59.781
42.08391596199999,13.635712,59.968
42.095982036999885,13.635712,59.656
42.10738548599966,13.557120000000001,59.781
42.11953338999956,13.557120000000001,60.156
42.13096611999936,13.517824000000001,59.75
42.14296438299971,13.517824000000001,60.0
42.15495106299932,13.517824000000001,59.718
42.166929901,13.517824000000001,59.937
42.17887606699969,13.517824000000001,59.656
42.19080072599991,13.557120000000001,59.75
42.20275425099953,13.557120000000001,60.062
42.21467833399947,13.596416,59.718
42.22660437000013,13.596416,59.937
42.23853008500009,13.635712,59.687
42.25053394899987,13.596416,59.906
42.26251669099929,13.557120000000001,60.187
42.27582945599988,13.557120000000001,60.125
42.28909780199956,13.596416,59.812
42.30242083799931,13.596416,60.031
42.315614045000075,13.635712,59.937
42.32780460599952,13.635712,59.625
42.33996239799944,13.635712,59.843
42.35202178399959,13.635712,60.125
42.36411243600014,13.635712,59.812
42.37620852799955,13.635712,60.031
42.38820375099931,13.596416,59.812
42.400306980000096,13.596416,59.968
42.41228684199996,13.596416,59.718
42.42425031999937,13.557120000000001,59.843
42.436187139999674,13.557120000000001,60.187
42.448251806999906,13.557120000000001,59.781
42.46022949300004,13.557120000000001,59.968
42.47219524199954,13.557120000000001,59.625
42.48415564700008,13.596416,59.937
42.49629010999979,13.596416,60.218
42.50825381100003,13.596416,59.718
42.52022535299966,13.635712,60.031
42.53217129299992,13.635712,60.0
42.544125489999715,13.596416,60.062
42.556087047999426,13.596416,59.781
42.56945735099998,13.557120000000001,60.281
42.58274704199994,13.596416,60.125
42.59629655499975,13.596416,59.781
42.610135810999964,13.635712,59.812
42.62341228599962,13.675008,59.937
42.63576317499974,13.675008,59.656
42.647884356999384,13.675008,59.937
42.659970624999914,13.635712,60.218
42.67205266899964,13.635712,60.125
42.68641540799945,13.635712,59.812
42.69841373500003,13.635712,59.937
42.70978738999929,13.557120000000001,59.656
42.72174939499928,13.517824000000001,59.843
42.73379774099976,13.517824000000001,60.093
42.745891624999786,13.517824000000001,59.687
42.75779525899998,13.517824000000001,59.937
42.76971540699924,13.517824000000001,59.656
42.78170077300001,13.517824000000001,59.937
42.79367618699962,13.517824000000001,59.718
42.806112328999916,13.557120000000001,59.812
42.8181473300001,13.557120000000001,60.093
42.83010319099958,13.596416,59.718
42.84204785199927,13.596416,59.937
42.85406915599924,13.557120000000001,59.781
42.866015064999374,13.557120000000001,59.781
42.877974669999276,13.557120000000001,59.906
42.891311083999426,13.557120000000001,60.187
42.904512385999624,13.596416,59.718
42.917873184999735,13.596416,59.812
42.93099883600007,13.635712,59.937
42.94315694699981,13.635712,59.625
42.955160331000116,13.635712,59.906
42.967349003999516,13.635712,60.25
42.979576783000084,13.596416,59.875
42.9931228079995,13.635712,60.125
43.0051101579993,13.596416,59.843
43.01707933199941,13.596416,59.937
43.02905020199978,13.596416,59.843
43.04102392000004,13.557120000000001,60.187
43.05302077499982,13.557120000000001,59.843
43.06499017299939,13.557120000000001,60.125
43.076998675999675,13.557120000000001,59.781
43.08899297099924,13.557120000000001,59.937
43.10099901099966,13.596416,59.625
43.112978520999604,13.596416,59.718
43.12494638299995,13.596416,60.187
43.136932101999264,13.635712,59.687
43.148960669999724,13.635712,60.031
43.16095122099978,13.596416,59.656
43.1729201069993,13.557120000000001,59.843
43.18611417699958,13.596416,59.843
43.19950224100012,13.596416,60.125
43.21269934999964,13.635712,59.812
43.22604065899941,13.675008,59.75
43.23811585399926,13.675008,60.0
43.25021047399969,13.675008,59.718
43.26230170100007,13.675008,59.968
43.2742683460001,13.635712,60.218
43.2862932019998,13.635712,59.906
43.2983193379996,13.635712,60.125
43.309846279999874,13.557120000000001,59.781
43.32209396399958,13.517824000000001,59.968
43.33409846699942,13.517824000000001,59.718
43.34615452499929,13.517824000000001,59.875
43.35809067199989,13.517824000000001,60.218
43.37004601999979,13.517824000000001,59.781
43.382278950999535,13.517824000000001,60.0
43.394427141999586,13.517824000000001,59.687
43.40644326099937,13.557120000000001,59.937
43.418436179999844,13.557120000000001,59.562
43.43040567299977,13.596416,59.812
43.442519748999985,13.596416,60.156
43.454535484999724,13.596416,60.093
43.46648974499931,13.557120000000001,59.968
43.478502472999935,13.557120000000001,59.875
43.49171919899982,13.557120000000001,59.687
43.50495560699983,13.596416,60.281
43.51840367399927,13.596416,59.75
43.531661010999414,13.635712,60.031
43.54383486699953,13.635712,59.75
43.55590542099981,13.635712,60.031
43.5680102489996,13.635712,59.687
43.580093988000044,13.635712,59.875
43.59263432699936,13.635712,59.906
43.60485826599961,13.596416,60.093
43.6168104139997,13.596416,59.843
43.62877955499971,13.557120000000001,60.0
43.64072453500012,13.557120000000001,59.687
43.652684939999745,13.557120000000001,59.843
43.66465968099965,13.557120000000001,60.25
43.676607124999464,13.557120000000001,59.781
43.688549417000104,13.557120000000001,60.125
43.700546654999926,13.557120000000001,59.718
43.71247291399959,13.596416,59.843
43.72441744599928,13.596416,59.593
43.736365593999835,13.635712,59.75
43.74844133199986,13.635712,60.062
43.760425897999994,13.596416,59.75
43.77240035199975,13.596416,59.937
43.78574857300009,13.557120000000001,59.843
43.79914511700008,13.596416,59.625
43.81251621999945,13.596416,60.187
43.82574757199927,13.635712,59.843
43.83863452100013,13.675008,60.062
43.85072497999954,13.675008,59.718
43.86279332699996,13.675008,59.968
43.87487063399931,13.635712,59.75
43.886962853000114,13.635712,60.312
43.90041328799998,13.635712,59.906
43.912102733999745,13.557120000000001,60.062
43.924183336999704,13.557120000000001,59.812
43.936322726999606,13.557120000000001,59.937
43.94834505499966,13.517824000000001,59.75
43.96033822999925,13.517824000000001,59.812
43.972319851000066,13.517824000000001,60.218
43.9843056969994,13.517824000000001,59.781
43.996294070999284,13.517824000000001,59.937
44.00825431599969,13.557120000000001,59.718
44.02019727999959,13.557120000000001,59.937
44.03219602199988,13.557120000000001,59.562
44.0441657399997,13.596416,59.812
44.05613225699926,13.596416,60.156
44.068127478999486,13.557120000000001,59.781
44.08015495899963,13.557120000000001,59.937
44.09352330999991,13.517824000000001,59.937
44.10675910899954,13.517824000000001,59.531
44.12005846400007,13.557120000000001,60.25
44.1332659109994,13.596416,59.75
44.146614483999656,13.596416,60.125
44.15866014099993,13.596416,59.718
44.17073450399948,13.596416,60.031
44.18281171499984,13.596416,59.687
44.1950276839998,13.596416,59.781
44.2094203759998,13.596416,59.937
44.221518994999315,13.557120000000001,60.125
44.23361684700012,13.557120000000001,59.812
44.245718153999405,13.557120000000001,59.937
44.25767171000007,13.557120000000001,59.75
44.269637233999674,13.517824000000001,59.906
44.281789648000085,13.517824000000001,60.187
44.29372982699988,13.517824000000001,59.75
44.305702071999804,13.557120000000001,60.062
44.317658252,13.557120000000001,60.0
44.32967187399936,13.557120000000001,59.687
44.34165067899994,13.596416,59.875
44.35363159699955,13.596416,60.218
44.36559452899928,13.596416,59.843
44.37759794299927,13.557120000000001,59.968
44.38959537299979,13.557120000000001,59.687
44.40270594899994,13.596416,59.937
44.41592718799984,13.596416,59.906
44.42901353899924,13.635712,59.625
44.442381088999355,13.635712,59.906
44.454829293999865,13.635712,60.062
44.46682019599939,13.675008,59.687
44.478922591999435,13.635712,59.937
44.49097397599962,13.635712,59.75
44.50309963699965,13.635712,59.937
44.51472146299966,13.557120000000001,60.312
44.52665632999924,13.557120000000001,60.062
44.53859762899992,13.517824000000001,59.718
44.5505777139997,13.517824000000001,60.031
44.56257610400007,13.517824000000001,59.781
44.57450783500008,13.517824000000001,59.875
44.58644417300002,13.517824000000001,60.25
44.59839312099939,13.517824000000001,59.812
44.61046581899973,13.517824000000001,60.031
44.622366476000025,13.517824000000001,59.687
44.634300509999775,13.557120000000001,59.875
44.646400730000096,13.557120000000001,59.593
44.658404527999664,13.596416,59.906
44.67034787499961,13.596416,60.156
44.68230447099995,13.557120000000001,59.718
44.69425556299939,13.557120000000001,60.0
44.706294562999574,13.557120000000001,59.687
44.71987799599992,13.557120000000001,59.656
44.73314285200013,13.596416,59.906
44.746660169999814,13.635712,60.281
44.75898260899976,13.635712,60.125
44.7710996299993,13.635712,59.906
44.78361423899969,13.635712,60.031
44.79591728499963,13.635712,59.656
44.80801311999949,13.635712,59.968
44.81999768500009,13.596416,60.406
44.83199719499953,13.596416,59.781
44.84403277099955,13.596416,60.125
44.856460783999864,13.596416,59.781
44.86856106699997,13.557120000000001,59.937
44.88057427399963,13.557120000000001,59.656
44.89278057899992,13.557120000000001,59.906
44.90486118099943,13.557120000000001,60.218
44.91693176699937,13.596416,60.062
44.92890551599976,13.596416,59.718
44.941000454999994,13.596416,59.937
44.95321152799988,13.635712,59.656
44.96523612799956,13.635712,59.812
44.97722610099936,13.596416,60.187
44.98920922599973,13.596416,59.718
45.00328321300003,13.557120000000001,60.031
45.01545345199975,13.596416,59.906
45.02886737300014,13.596416,59.625
45.04184286999953,13.635712,59.875
45.05483187199934,13.675008,59.843
45.06687426499957,13.675008,60.093
45.07909170599942,13.675008,59.781
45.09114382699954,13.635712,60.062
45.103297424999255,13.635712,59.593
45.11743474299965,13.596416,59.937
45.12950997000007,13.557120000000001,59.656
45.141507143000126,13.557120000000001,60.156
45.153529950999655,13.517824000000001,59.718
45.16551457999958,13.517824000000001,60.062
45.177485000999695,13.517824000000001,59.687
45.18948508699941,13.517824000000001,59.906
45.20145403399965,13.517824000000001,59.562
45.21343229499962,13.517824000000001,59.843
45.225409882999884,13.517824000000001,60.187
45.237401231999684,13.557120000000001,59.75
45.2493999419994,13.557120000000001,59.906
45.26141049199941,13.596416,59.687
45.27340161699976,13.596416,59.812
45.285389381999266,13.557120000000001,59.656
45.29736348200004,13.557120000000001,59.687
45.31117755099967,13.517824000000001,59.718
45.32448541699978,13.517824000000001,59.968
45.337754657000005,13.557120000000001,59.937
45.35109871699933,13.596416,59.656
45.3643837339996,13.635712,59.875
45.37647271999958,13.635712,60.187
45.388499846999366,13.635712,59.781
45.400538557999425,13.596416,59.937
45.412639512999704,13.596416,59.968
45.42633984799977,13.596416,59.781
45.43837657499989,13.596416,59.937
45.45040334999976,13.596416,60.25
45.46241594799994,13.557120000000001,59.843
45.47434530999999,13.557120000000001,60.093
45.48630177799987,13.557120000000001,59.687
45.4983103429995,13.557120000000001,59.968
45.51026626699968,13.557120000000001,59.656
45.52225230299973,13.557120000000001,59.843
45.53421126699959,13.557120000000001,60.125
45.54631618999974,13.596416,59.75
45.558280241999455,13.596416,59.937
45.57024374899993,13.635712,59.656
45.5822030319996,13.635712,59.937
45.594121929999346,13.596416,59.625
45.60611775899997,13.557120000000001,59.593
