t_s,power_w,temp_c
0.00034170599974459037,21.41216,68.625
0.017866178000076616,21.296,68.718
0.031366717999844695,21.21856,68.593
0.044925467999746616,21.13728,68.718
0.05768352199993387,21.059712,68.375
0.06978661099947203,21.098496,68.781
0.08200269699955243,21.102400000000003,68.656
0.094577608999316,21.141119999999997,68.875
0.10722266699940519,21.17984,69.25
0.12320366699987062,21.21856,68.906
0.1366709579997405,21.21856,69.218
0.14869059000011475,21.17984,68.843
0.16098469299959106,21.17984,69.031
0.17385414199998195,21.17984,68.968
0.1868718199993964,21.21856,69.343
0.1990766729995812,21.257279999999998,68.968
0.211675328999263,21.296,69.218
0.2245339299997795,21.33472,69.156
0.23732577699956892,21.41216,68.843
0.2497630529996968,21.45088,69.187
0.2617671629996039,21.45088,69.468
0.2741998629999216,21.4896,68.906
0.2863831469994693,21.52832,69.125
0.2987114279994785,21.567040000000002,68.843
0.3106614250000348,21.567040000000002,68.937
0.3226362549994519,21.567040000000002,69.062
0.3345922039998186,21.52832,69.187
0.3465847620000204,21.41216,69.031
0.3600357969999095,21.45088,69.156
0.37424522299988894,21.45088,68.937
0.3878339259999848,21.4896,68.781
0.4024473969993778,21.567040000000002,68.781
0.4150328369996714,21.60576,68.937
0.428267448999577,21.60576,69.187
0.44027616799940006,21.60576,68.906
0.45305681399986497,21.60576,68.968
0.46714428499944916,21.60576,69.062
0.47930926399931195,21.567040000000002,68.937
0.4920040199995128,21.567040000000002,69.062
0.5046502619998137,21.60576,69.281
0.5169560139993337,21.60576,69.375
0.5294296429992755,21.644479999999998,68.937
0.5422597629994925,21.6832,69.25
0.5550373050000417,21.721919999999997,69.0
0.5672941269995135,21.76064,69.093
0.579254268999648,21.76064,69.5
0.5917552579994663,21.79936,69.281
0.6040722110001298,21.83808,68.875
0.6161904689997755,21.83808,69.062
0.6284640589992705,21.721919999999997,68.718
0.6404131599992979,21.721919999999997,68.937
0.6524036709997745,21.644479999999998,69.312
0.6643494749996535,21.644479999999998,68.843
0.6772660299993731,21.567040000000002,68.812
0.691177814999719,21.60576,68.937
0.7037980079994668,21.567040000000002,68.687
0.7169315289993392,21.52832,68.718
0.7310602489997109,21.60576,68.875
0.7437039309997999,21.644479999999998,69.218
0.7564478399999643,21.644479999999998,68.875
0.7685831549997602,21.644479999999998,69.156
0.7810409429994252,21.6832,69.125
0.795472583999981,21.644479999999998,68.843
0.8084477960001095,21.644479999999998,69.437
0.8207865730000776,21.60576,68.906
0.833892924999418,21.60576,69.281
0.8464943339995443,21.644479999999998,68.968
0.8594278169994141,21.6832,69.031
0.8722847539993381,21.721919999999997,69.187
0.884635082999921,21.76064,69.406
0.8973789920000854,21.76064,69.0
0.910083411999949,21.76064,69.406
0.9226329789998999,21.79936,69.156
0.934857768999791,21.83808,68.968
0.947208705999401,21.83808,69.062
0.9595828120000078,21.83808,69.281
0.9719839259996661,21.8768,69.062
0.9839349149997361,21.79936,69.312
0.9958321109997996,21.79936,68.812
1.0090293779994681,21.6832,68.875
1.0225192939997214,21.721919999999997,68.968
1.0349933389998114,21.721919999999997,69.187
1.04914621899934,21.76064,69.218
1.0621215909995954,21.79936,68.843
1.0757323429997996,21.83808,68.968
1.0889141529996778,21.83808,69.093
1.1018548359998022,21.83808,69.0
1.1140493849998165,21.83808,69.312
1.12871834499947,21.79936,69.093
1.140948221999679,21.76064,69.281
1.153714852000121,21.76064,68.937
1.1661719369994898,21.79936,69.125
1.1782563699998718,21.79936,69.062
1.1911020099996676,21.79936,69.5
1.2039012810000713,21.83808,69.031
1.2165017939996687,21.8768,69.187
1.2285883389995433,21.76064,68.937
1.2403848589992776,21.76064,69.187
1.252954394999506,21.79936,68.906
1.2649943789992903,21.83808,69.031
1.2772499529992274,21.83808,69.031
1.2899378920001254,21.8768,69.156
1.3011984599997959,21.8768,69.156
1.3125823919999675,21.79936,68.906
1.3239197299999432,21.79936,69.093
1.336491697999918,21.721919999999997,68.968
1.3500411679997342,21.76064,69.281
1.3636883689996466,21.76064,69.062
1.3774793180000415,21.79936,68.906
1.3912738189992524,21.83808,69.093
1.4042636879994461,21.83808,69.093
1.4175552619999507,21.8768,68.906
1.4308613959992726,21.83808,69.0
1.444448786999601,21.83808,68.968
1.4563163489992803,21.83808,69.25
1.4683289399999921,21.76064,69.0
1.481185588999324,21.76064,69.125
1.4936063199993441,21.79936,69.125
1.5061880479997853,21.79936,69.437
1.51899775199945,21.83808,69.062
1.5319611229997463,21.83808,69.218
1.544838701000117,21.91552,68.937
1.5573301219992572,21.91552,69.156
1.5694961569997758,21.954240000000002,69.187
1.581818261999615,21.954240000000002,69.375
1.5939451280000867,21.99296,68.906
1.6060994189992925,21.99296,69.218
1.6182390539997868,21.99296,68.875
1.6304728669992983,21.99296,69.25
1.6423931989993434,21.91552,69.0
1.6543727009993745,21.91552,69.437
1.6681071679995512,21.83808,68.906
1.6820423459994345,21.8768,68.843
1.6967326499998308,21.8768,68.781
1.7134046159999343,21.8768,68.968
1.7260898029999225,21.91552,69.0
1.7389444989994445,21.8768,69.375
1.7511723289999281,21.91552,68.968
1.763931245999629,21.91552,69.25
1.775347690999297,21.8768,68.937
1.7879503159992964,21.8768,69.156
1.7993808410001293,21.79936,68.937
1.812631484999656,21.79936,69.062
1.8255738319994634,21.721919999999997,68.937
1.838369486999909,21.6832,69.25
1.8510513459996218,21.721919999999997,68.937
1.863966748999701,21.721919999999997,69.156
1.876767299999301,21.76064,69.093
1.8890430339997692,21.83808,69.531
1.9014130440000372,21.76064,69.062
1.9142234829996596,21.83808,69.156
1.9265597639996486,21.83808,68.906
1.9386789499994848,21.83808,69.125
1.9514014500000485,21.8768,69.0
1.9639174809999531,21.8768,69.531
1.975840180999512,21.79936,69.156
1.9878830119996564,21.79936,69.125
2.000758892999329,21.721919999999997,68.906
2.0142364569992424,21.721919999999997,69.031
2.026623746999576,21.76064,68.937
2.0396379369994975,21.79936,69.312
2.052369620999343,21.79936,69.0
2.0652806719999717,21.83808,68.968
2.0785905819993786,21.83808,69.156
2.0927634629997556,21.8768,69.0
2.106744945999708,21.83808,68.968
2.118629788999897,21.83808,69.156
2.1312342049996005,21.76064,69.406
2.143731098999524,21.79936,69.031
2.156111604999751,21.79936,69.281
2.1684587019999526,21.83808,69.218
2.1809701239999413,21.83808,69.031
2.1936293909993765,21.8768,69.093
2.2060865710000144,21.91552,69.406
2.219172537999839,21.954240000000002,69.187
2.231350477999513,21.99296,69.156
2.2439613910000844,21.99296,69.25
2.2562292220000018,22.03168,68.906
2.2683942009998646,22.03168,69.093
2.280742129999453,22.03168,69.406
2.292756224999721,21.954240000000002,69.0
2.304743118999795,21.954240000000002,69.281
2.3167709419994935,21.8768,69.187
2.330394141999932,21.8768,68.812
2.3440666239994243,21.8768,68.75
2.3580676909996328,21.91552,68.968
2.3712623020001047,21.954240000000002,69.25
2.3835149319993434,21.954240000000002,68.968
2.3964118699996106,21.954240000000002,68.968
2.409576303999529,21.954240000000002,69.093
2.423648989999492,21.8768,68.843
2.434830962999513,21.79936,68.937
2.447148618999563,21.79936,69.281
2.459251068999947,21.721919999999997,69.218
2.471921599999405,21.76064,68.968
2.4845748819998335,21.76064,69.156
2.4973610649994953,21.79936,69.0
2.509768994999831,21.79936,69.125
2.5224367739992886,21.83808,69.375
2.5351918189999196,21.8768,69.281
2.5477215139999316,21.8768,69.218
2.5601307569995697,21.91552,69.218
2.5723211129998163,21.954240000000002,68.937
2.584553357999539,21.954240000000002,68.968
2.596505466999588,21.954240000000002,69.218
2.608811090999552,21.954240000000002,68.968
2.6207483190000858,21.91552,69.156
2.6327781909994883,21.8768,68.937
2.6448114859995258,21.79936,68.906
2.6581214919997365,21.83808,68.937
2.6718414950000806,21.83808,68.843
2.686043624999911,21.8768,69.156
2.7007038159999865,21.91552,69.187
2.7132086779993188,21.91552,68.875
2.7252777819994662,21.8768,69.0
2.737711185999615,21.83808,68.843
2.7505192569997234,21.8768,69.062
2.7626132899995355,21.83808,69.281
2.7754948669999067,21.83808,69.25
2.7876542149997476,21.76064,68.968
2.800804535999305,21.76064,69.093
2.813744802999281,21.79936,68.937
2.82614514999932,21.83808,69.093
2.8384794139992664,21.83808,69.031
2.8508781929995166,21.8768,69.281
2.863398574999337,21.91552,69.062
2.876175764999971,21.91552,69.343
2.888539405999836,21.954240000000002,68.906
2.9008068209996054,21.99296,69.125
2.9121231339995575,21.954240000000002,69.281
2.924554041999727,21.954240000000002,68.906
2.936636714999622,21.954240000000002,69.093
2.948714010999538,21.91552,69.156
2.9607327779995103,21.8768,68.843
2.9728528279993043,21.79936,68.968
2.986259797999992,21.79936,69.187
2.9998821969993514,21.83808,69.125
3.014002820999849,21.83808,69.062
3.0285287359993163,21.76064,68.687
3.041349830999934,21.76064,68.937
3.053748321999592,21.79936,69.343
3.0664704060000076,21.79936,68.968
3.0782608459994663,21.79936,69.031
3.0926503089995094,21.76064,69.187
3.104945948999557,21.76064,68.937
3.1177878769995004,21.721919999999997,68.906
3.130396357999416,21.76064,69.0
3.143047208000098,21.76064,69.312
3.1553965449993484,21.79936,69.062
3.167878333999397,21.79936,69.281
3.18042818899994,21.83808,68.968
3.193009916999472,21.8768,68.937
3.2057203529993785,21.8768,69.187
3.218069305999961,21.954240000000002,69.343
3.2304541959993003,21.954240000000002,69.062
3.2427124910000202,21.954240000000002,69.093
3.254650614999264,21.99296,68.906
3.2669813269994847,21.99296,69.125
3.278966396999749,21.91552,68.937
3.290948522999315,21.8768,69.062
3.302948088999983,21.83808,68.906
3.3163068009998824,21.83808,69.093
3.3296394639992286,21.83808,69.0
3.3439066199998706,21.8768,68.812
3.3574521849996017,21.91552,68.968
3.3701686379999956,21.91552,69.062
3.3829315869998027,21.91552,69.312
3.3959994739998365,21.91552,68.937
3.4077045989997714,21.91552,69.187
3.41973210299966,21.8768,68.937
3.4321235849993172,21.8768,69.156
3.444384374999572,21.83808,69.437
3.457085434999499,21.8768,69.343
3.4697824629993193,21.8768,69.031
3.4821404079993954,21.91552,69.281
3.49470447099975,21.91552,69.0
3.507187827999587,21.954240000000002,69.156
3.5197497479994126,21.99296,69.468
3.531919142999868,21.99296,69.468
3.5448048489997745,22.03168,68.968
3.5571606180001254,22.03168,69.156
3.5691812729992307,22.03168,68.968
3.581690709999748,22.03168,69.062
3.593985294000049,22.070400000000003,69.437
3.6060141089992612,21.99296,69.125
3.6180231469998034,21.954240000000002,69.0
3.6306213879997813,21.83808,69.093
3.643319918999623,21.79936,68.812
3.6571392529995137,21.83808,68.687
3.6709348419999515,21.8768,68.968
3.6839347269997234,21.91552,69.25
3.6961176589993556,21.91552,69.187
3.7097881559993766,21.91552,68.906
3.7222808890001033,21.8768,68.906
3.7373400689994014,21.83808,69.062
3.749637019999682,21.79936,69.375
3.762305311000091,21.79936,69.093
3.7749297919999663,21.76064,69.281
3.7878430829996432,21.76064,69.156
3.800700275000054,21.79936,69.0
3.8131133259994385,21.79936,69.187
3.8257130699994377,21.83808,69.437
3.8386832579999464,21.8768,69.062
3.8511989359994914,21.91552,69.312
3.863198119000117,21.91552,69.406
3.8758198799996535,21.954240000000002,68.968
3.888146880000022,21.954240000000002,69.093
3.9003325639996547,21.99296,68.812
3.9120543299995916,21.954240000000002,68.937
3.923282864999237,21.954240000000002,69.312
3.935337247999996,21.83808,69.031
3.947279308999896,21.83808,69.031
3.961008367999966,21.76064,69.0
3.9741698580000957,21.76064,68.75
3.987925445999281,21.76064,68.843
4.000120761999824,21.83808,69.156
4.01254552499995,21.83808,69.156
4.024860012999852,21.8768,68.937
4.038052416000028,21.8768,69.093
4.049931881999328,21.8768,68.937
4.064343297999585,21.8768,69.437
4.076590423999733,21.83808,69.0
4.089245369999844,21.79936,69.375
4.1016832219993375,21.79936,68.937
4.114256340999418,21.79936,69.187
4.126840309999352,21.83808,69.125
4.1398425620000125,21.83808,69.562
4.151524455000072,21.8768,69.093
4.164324461999968,21.91552,69.312
4.176736775999416,21.954240000000002,68.937
4.188778775999708,21.954240000000002,69.312
4.201426777999586,21.99296,68.937
4.213815283999793,21.99296,69.343
4.225858851999874,21.91552,69.187
4.237044792999768,21.8768,68.812
4.2494530439998925,21.8768,68.906
4.261855598999318,21.83808,69.125
4.273826715999348,21.79936,68.812
4.28592234899952,21.721919999999997,69.125
4.29931299799955,21.76064,69.187
4.311166735999905,21.76064,69.125
4.324901010999383,21.79936,68.875
4.339473743999406,21.83808,69.062
4.351946795999538,21.8768,69.062
4.363614064000103,21.8768,68.937
4.3768851569993785,21.91552,69.125
4.390828238999347,21.8768,69.312
4.402915392000068,21.83808,69.25
4.415289433999533,21.83808,69.0
4.428048318999572,21.83808,69.156
4.4407939239999905,21.83808,68.968
4.453575081999588,21.83808,69.125
4.466087431999767,21.8768,69.125
4.479148118999547,21.8768,69.281
4.49196361399936,21.91552,69.031
4.5044255619995965,21.954240000000002,69.187
4.51647239399972,21.954240000000002,69.156
4.529057993999231,21.99296,69.375
4.541371009999239,21.99296,68.937
4.55338667199976,22.03168,69.25
4.565746729999773,22.03168,68.906
4.578244294999422,22.03168,69.218
4.590206163999937,21.954240000000002,69.031
4.602192737999758,21.91552,68.875
4.614226097000028,21.8768,69.343
4.627914642999713,21.8768,69.125
4.641267113999675,21.8768,68.75
4.655305302999295,21.954240000000002,68.812
4.668214176999754,21.954240000000002,69.0
4.68083638600001,21.99296,69.437
4.694214266000017,21.99296,69.281
4.707287592999819,21.99296,68.968
4.720518396999978,21.954240000000002,69.156
4.734137787999316,21.8768,69.093
4.746794046999639,21.83808,68.875
4.760735079999904,21.83808,69.406
4.774013661000026,21.83808,69.0
4.787083499999426,21.83808,69.312
4.800672266999754,21.8768,69.218
4.814063906999763,21.91552,68.906
4.827275126000131,21.954240000000002,68.906
4.8409598640000695,21.8768,69.062
4.853496758999427,21.83808,69.312
4.866939440999886,21.8768,68.843
4.879580658999657,21.8768,68.781
4.892160946999866,21.91552,69.0
4.904653135999979,21.91552,68.875
4.917145196999627,21.83808,69.0
4.929717676999644,21.76064,69.312
4.9421411599996645,21.6832,69.156
4.956679266999345,21.721919999999997,68.75
4.970710351999514,21.721919999999997,68.781
4.985561876999782,21.76064,68.781
5.001432504999684,21.79936,69.25
5.014465575000031,21.83808,68.937
5.02838040000006,21.83808,69.156
5.04152598499968,21.83808,69.187
5.057391268999709,21.79936,69.125
5.070299822999914,21.79936,69.562
5.082504162999612,21.76064,69.031
5.095410092999373,21.79936,69.281
5.108114160999321,21.79936,69.218
5.12130925099973,21.83808,69.062
5.134571287999279,21.83808,69.156
5.147506147000058,21.91552,69.093
5.160702069999388,21.954240000000002,69.375
5.174076941999374,21.954240000000002,69.156
5.186942069999532,21.99296,68.906
5.1995029979998435,21.99296,69.062
5.212325468999552,21.99296,68.906
5.2247560879995945,22.03168,69.0
5.237194196000019,22.03168,69.5
5.249419112999931,21.954240000000002,69.093
5.26177574599933,21.91552,68.875
5.276440704999914,21.8768,68.812
5.290603345999443,21.8768,68.875
5.304985640999803,21.91552,68.968
5.320930254999439,21.954240000000002,68.937
5.335109055999965,21.954240000000002,69.218
5.348420213999816,21.954240000000002,69.218
5.362316253999779,21.99296,69.156
5.378421450000133,21.954240000000002,69.531
5.391227215999606,21.954240000000002,69.125
5.403828048999458,21.8768,69.031
5.416830205999759,21.91552,69.281
5.430120018999332,21.79936,68.906
5.442851671999961,21.79936,68.875
5.455998505000025,21.79936,69.125
5.469113752999874,21.83808,69.468
5.482479313000113,21.8768,69.218
5.495605793999857,21.91552,69.093
5.507910072999948,21.91552,69.187
5.521143148999727,21.954240000000002,68.968
5.533739084999979,21.954240000000002,69.437
5.546330764999766,21.954240000000002,68.875
5.559069425999951,21.99296,69.187
5.571293990999948,21.91552,68.968
5.583582909999677,21.8768,69.062
5.597155131999898,21.79936,69.0
5.611043267999776,21.79936,68.906
5.626102190999518,21.83808,69.125
5.641007381999771,21.8768,69.125
5.655949854000028,21.91552,69.218
5.6689107610000065,21.91552,68.906
5.682588874999965,21.91552,69.031
5.695460210999954,21.91552,69.093
5.710777638999389,21.91552,68.968
5.724730416000057,21.8768,69.218
5.738296941999579,21.79936,69.125
5.751177206999273,21.79936,68.937
5.7646182579992455,21.79936,69.093
5.777105197999845,21.83808,69.406
5.790026104999924,21.83808,69.218
5.803362031999313,21.8768,69.031
5.816819113999372,21.91552,69.125
5.829674929999783,21.91552,69.218
5.842838212000061,21.954240000000002,69.437
5.855478149999726,21.99296,69.0
5.8679563539999435,21.99296,69.218
5.8805118739992395,21.99296,68.875
5.892858681999314,21.99296,69.0
5.905066478999288,21.91552,69.156
5.917364037999505,21.83808,68.812
5.9315896559992325,21.76064,69.218
5.946088273999521,21.79936,69.0
5.960603916999389,21.79936,69.062
5.976937024000108,21.8768,68.843
5.990636993999942,21.8768,68.843
6.004340387999946,21.91552,69.093
6.017620857000111,21.91552,69.343
6.031651364999561,21.76064,69.062
6.044535405999341,21.721919999999997,68.937
6.057523802000105,21.721919999999997,69.156
6.070158619999347,21.6832,69.125
6.083375823000097,21.721919999999997,69.468
6.0970042389999435,21.721919999999997,69.281
6.110816851999516,21.76064,69.093
6.12461372100006,21.79936,68.968
6.138026515000092,21.83808,69.093
6.15118256400001,21.8768,69.0
6.163462170999992,21.91552,69.406
6.177014903999407,21.91552,69.093
6.191107845999795,21.91552,69.093
6.203676357999939,21.954240000000002,69.093
6.216204035999908,21.954240000000002,68.906
6.2283963760000915,21.8768,69.093
6.2405719469998076,21.8768,69.25
6.25335892899966,21.79936,69.0
6.2673716769995735,21.79936,68.875
6.282204833999458,21.83808,68.75
6.29666748299951,21.8768,68.75
6.311524576000011,21.91552,69.031
6.324070398999538,21.91552,69.312
6.337630396999884,21.91552,69.312
6.35112549599944,21.91552,69.0
6.365324841999609,21.8768,69.156
6.377866983999411,21.8768,69.187
6.390058203999615,21.83808,69.468
6.402883811999345,21.83808,69.0
6.416196537999895,21.8768,68.968
6.429352778999601,21.8768,69.25
6.442627679999532,21.91552,68.968
6.455239008999342,21.954240000000002,69.125
6.468630041999859,21.99296,69.031
6.481486306000079,21.99296,69.5
6.494406987999355,22.03168,68.937
6.5069549549998555,22.03168,69.156
6.519326787999489,22.03168,69.156
6.531930532999468,22.070400000000003,68.812
6.544810381999923,22.03392,69.156
6.55718867899941,21.954240000000002,69.437
6.569411515999491,21.954240000000002,69.25
6.583221152999613,21.8768,68.875
6.597429170999931,21.91552,68.812
6.61171386299975,21.91552,68.843
6.628416644000026,21.8768,68.843
6.641336333999789,21.83808,68.968
6.654584513999907,21.8768,69.093
6.6687046249999185,21.8768,69.125
6.6852012879999165,21.8768,69.125
6.697825608999665,21.83808,69.437
6.711113854999894,21.79936,69.031
6.723819490000096,21.76064,68.937
6.737518403999275,21.76064,69.156
6.750466446999781,21.721919999999997,68.875
6.7632316689996514,21.76064,69.125
6.776040474999718,21.76064,69.031
6.789115913999922,21.83808,69.343
6.802638823000052,21.8768,69.312
6.815401068000028,21.8768,69.062
6.828276628999447,21.91552,69.156
6.84082120399944,21.91552,68.843
6.853356818000066,21.91552,69.093
6.8657719489992814,21.954240000000002,69.218
6.878365676999238,21.954240000000002,69.406
6.890584673999911,21.8768,69.062
6.902847800000018,21.83808,69.093
6.917244366999512,21.721919999999997,68.906
6.931599716999699,21.76064,68.906
6.946068958000069,21.79936,68.843
6.962441169999693,21.83808,69.093
6.975201494999965,21.83808,68.875
6.988604111999848,21.83808,68.875
7.002542489000007,21.8768,69.125
7.015940145999593,21.83808,69.0
7.029071425999973,21.83808,69.312
7.041826054999547,21.76064,69.0
7.054623373999675,21.79936,69.187
7.06775385399942,21.79936,69.25
7.08106977999978,21.83808,68.937
7.093864122999548,21.83808,69.406
7.107153775999905,21.8768,69.031
7.120162812999297,21.91552,69.281
7.132977411999491,21.954240000000002,69.031
7.145128438000029,21.954240000000002,69.187
7.158201221000127,21.99296,69.156
7.170615103999808,21.99296,69.312
7.182983609000075,22.03168,68.906
7.195269999999255,22.03168,69.25
7.2075982159994965,21.954240000000002,68.968
7.22051678599928,21.954240000000002,69.125
7.233126387000084,21.79936,68.937
7.247413222999967,21.79936,68.906
7.262030212999889,21.79936,69.031
7.276737572999991,21.83808,69.062
7.292130458999964,21.8768,69.093
7.3052107619996605,21.8768,68.875
7.318993709999631,21.91552,69.406
7.332582188999368,21.91552,69.312
7.347677112999918,21.8768,68.968
7.3604105899994465,21.83808,69.218
7.372954651999862,21.79936,68.937
7.385806115999912,21.83808,68.875
7.399281983999572,21.83808,69.125
7.412355949999437,21.8768,69.5
7.425546656999359,21.91552,69.218
7.438679664999654,21.954240000000002,68.937
7.45191520499975,21.99296,69.156
7.465135288000056,21.99296,69.156
7.477967999999237,21.99296,69.343
7.490554879999763,22.03168,69.031
7.503124830999695,22.03168,69.25
7.515701470999375,22.03168,69.125
7.528545606999614,22.03168,69.093
7.540809916999933,21.954240000000002,69.156
7.553214358999867,21.954240000000002,69.25
7.567408039999464,21.8768,69.156
7.582493811999484,21.8768,69.0
7.596730534000017,21.91552,69.093
7.613026807000097,21.954240000000002,68.875
7.626473040999372,21.99296,69.468
7.640217844999825,21.99296,69.0
7.653522825999971,21.99296,69.031
7.669329291999929,21.99296,69.218
7.682402426999943,21.954240000000002,69.25
7.694752819999849,21.91552,69.0
7.708218926999507,21.91552,69.156
7.721402080999724,21.954240000000002,69.062
7.734880891999637,21.8768,69.218
7.747953737999524,21.8768,69.156
7.761436069999945,21.8768,68.875
7.774501171999873,21.91552,69.093
7.787407293999422,21.91552,69.5
7.799656563000099,21.954240000000002,69.281
7.812596349999694,21.99296,69.062
7.824805010000091,21.99296,69.093
7.837206796999453,21.99296,68.875
7.84974813899953,21.8768,68.968
7.862225959999705,21.8768,69.406
7.874444091999976,21.79936,69.125
7.886756691999835,21.76064,68.937
7.901345808999395,21.721919999999997,68.718
7.916202069999599,21.721919999999997,68.968
7.93024630599939,21.721919999999997,68.937
7.946552851999513,21.76064,68.843
7.960360985000079,21.79936,69.25
7.9731374699995285,21.79936,69.156
7.986965635999695,21.79936,69.0
7.999912334999863,21.79936,69.062
8.012526063999758,21.79936,69.031
8.025267635999626,21.721919999999997,69.343
8.038516392999554,21.721919999999997,69.0
8.051228011999228,21.76064,69.125
8.064207767999505,21.76064,69.156
8.077740052999616,21.79936,68.875
8.091006856999229,21.83808,69.5
8.104388289999406,21.8768,69.062
8.117213672999242,21.8768,69.437
8.129391963999296,21.954240000000002,69.093
8.142392552999809,21.954240000000002,69.156
8.155018441999346,21.954240000000002,69.031
8.167354305999652,21.954240000000002,68.812
8.179959489999419,21.954240000000002,69.031
8.19263722100004,21.8768,69.25
8.204793943999903,21.8768,68.937
8.21709700700012,21.79936,68.843
8.231473670000014,21.83808,68.906
8.24574581699926,21.83808,68.937
8.259298645999479,21.8768,69.187
8.272151101999953,21.91552,68.906
8.284747871000036,21.91552,68.937
8.29758349399981,21.954240000000002,69.187
8.310661492999316,21.954240000000002,68.937
8.323105935999592,21.91552,69.031
8.336150269999962,21.91552,69.406
8.348479861999294,21.83808,69.375
8.361463618000016,21.83808,69.031
8.373170406999634,21.8768,69.218
8.38581815299949,21.91552,68.906
8.398589646999426,21.91552,69.125
8.410381717999371,21.954240000000002,69.468
8.422185565999825,21.99296,69.031
8.434285583000019,21.954240000000002,68.968
8.447355102000074,21.91552,69.25
8.459030209999582,21.91552,68.843
8.471279479999794,21.91552,69.093
8.48370171499937,21.954240000000002,69.343
8.495681567999782,21.954240000000002,68.875
8.508105178999358,21.954240000000002,69.218
8.520426097999916,21.8768,68.875
8.532449665000058,21.8768,69.093
8.545082945999638,21.79936,69.031
8.558269139999538,21.79936,69.25
8.57214617199952,21.83808,69.062
8.586132421999537,21.8768,68.843
8.600580094999714,21.91552,68.843
8.613179134999882,21.91552,69.062
8.626073415999599,21.91552,68.906
8.638959664999675,21.91552,69.125
8.651258727999448,21.91552,69.375
8.663481756999317,21.8768,69.25
8.675992857999518,21.83808,69.0
8.688325393999548,21.83808,69.156
8.701068694999776,21.83808,68.906
8.713674454999818,21.8768,69.531
8.726802791999944,21.8768,69.031
8.74021094499949,21.8768,69.281
8.753304399999251,21.8768,68.875
8.766102421999676,21.91552,68.906
8.77815450199978,21.8768,69.156
8.791056910999941,21.91552,68.781
8.803277252000044,21.91552,69.031
8.815440118999504,21.954240000000002,69.312
8.827963860999262,21.954240000000002,68.968
8.840432816999964,21.954240000000002,69.156
8.85245942399979,21.8768,68.968
8.864498350999384,21.8768,68.843
8.876892904999295,21.79936,69.0
8.89062055499926,21.79936,68.812
8.904807611999786,21.83808,69.062
8.919069006999962,21.8768,68.843
8.931587019999824,21.8768,68.968
8.9436505879994,21.83808,68.968
8.956480931999977,21.8768,69.343
8.969285513999239,21.8768,69.031
8.981591904999732,21.83808,69.218
8.996587882999847,21.83808,69.156
9.008885761999409,21.76064,69.0
9.02124437800012,21.79936,69.093
9.033857722999528,21.721919999999997,68.968
9.046725378999326,21.721919999999997,69.218
9.05812124699969,21.6832,68.906
9.071117354999842,21.721919999999997,69.125
9.084098839000035,21.76064,68.937
9.096706583999548,21.79936,69.093
9.10867430899998,21.79936,69.156
9.121108415999515,21.83808,69.25
9.133492760999616,21.8768,68.906
9.145508904000053,21.8768,69.156
9.157839999999851,21.8768,68.843
9.170157878999817,21.91552,69.156
9.1821397169997,21.79936,69.5
9.194205492999572,21.79936,68.812
9.207693679999466,21.721919999999997,68.781
9.22121335599968,21.76064,69.062
9.234014162999301,21.76064,68.937
9.248265988999265,21.83808,68.75
9.261401685999772,21.8768,69.0
9.273605289999978,21.8768,69.312
9.286447281999244,21.8768,69.218
9.299244343999817,21.8768,69.0
9.311742548999973,21.83808,68.937
9.327204139999594,21.83808,69.156
9.339121783999872,21.79936,69.375
9.351516145999994,21.79936,68.968
9.36452399799964,21.83808,69.281
9.376922841000123,21.83808,69.281
9.3892965619998,21.8768,69.062
9.401832847999685,21.91552,69.125
9.414791194999452,21.954240000000002,69.468
9.427195221999682,21.954240000000002,69.156
9.439886072999798,21.99296,69.281
9.452153487000032,21.99296,69.187
9.464575688999503,22.03168,68.906
9.476608791999752,22.03168,69.062
9.488761834999423,22.03168,68.812
9.500748247999582,21.954240000000002,69.125
9.51269120500001,21.954240000000002,69.156
9.526119774000108,21.83808,69.156
9.53967999499946,21.8768,68.687
9.553079444000105,21.8768,68.906
9.566262757999539,21.91552,69.0
9.580127788999562,21.954240000000002,69.312
9.592645417999847,21.954240000000002,68.937
9.605491313999664,21.954240000000002,69.031
9.618265590999727,21.954240000000002,69.187
9.630601038999885,21.91552,68.812
9.643168238999351,21.83808,69.0
9.655533031999767,21.79936,69.343
9.667884127999969,21.721919999999997,69.031
9.680381436999596,21.76064,69.0
9.692564465000032,21.79936,69.218
9.705131279999478,21.79936,68.937
9.71759175599982,21.79936,69.062
9.73043739500008,21.83808,69.375
9.742480514999443,21.83808,68.968
9.754930301999593,21.83808,69.25
9.767024527000103,21.83808,69.156
9.779517739999392,21.83808,68.843
9.791538905999914,21.8768,69.0
9.803944115999911,21.8768,69.312
9.815953154999988,21.91552,68.906
9.827932591999343,21.8768,69.281
9.839868379999643,21.83808,69.031
9.851919179000106,21.76064,69.156
9.863933368999824,21.76064,68.718
9.875947367999288,21.76064,69.156
9.88958151099996,21.79936,68.875
9.902609556999778,21.83808,69.156
9.915742340999714,21.8768,68.843
9.927832917999694,21.8768,69.156
9.940492151999933,21.8768,68.875
9.95253434299957,21.8768,69.031
9.964305325999703,21.83808,69.0
9.980110415000127,21.83808,69.031
9.992743408999559,21.76064,69.218
10.005682778999471,21.76064,68.843
10.018440415999976,21.76064,69.125
10.03124480599945,21.79936,69.062
10.043765251999503,21.79936,69.375
10.056397413000013,21.83808,69.0
10.06867391600008,21.91552,69.218
10.08169524099958,21.91552,69.031
10.093718166999679,21.954240000000002,68.906
10.106535997999345,21.99296,69.125
10.118507210999269,21.99296,69.25
10.130734943999414,22.03168,68.937
10.142867281999315,22.03168,69.218
10.154914144999566,21.954240000000002,68.937
10.166862220999974,21.954240000000002,69.125
10.17891778899957,21.8768,68.843
10.190792646999398,21.8768,69.0
10.204262913999628,21.8768,69.156
10.216289647999474,21.91552,69.125
10.231767016000049,21.954240000000002,68.843
10.243153346999861,21.8768,68.906
10.255792868999379,21.83808,69.0
10.268915861000096,21.83808,69.312
10.281989602999602,21.83808,68.968
10.294909356999597,21.83808,68.875
10.309313155999916,21.79936,69.156
10.321631483999226,21.76064,68.968
10.333646665999368,21.79936,69.125
10.346114758000112,21.79936,69.437
10.358470142999977,21.83808,69.406
10.370617744999436,21.83808,69.093
10.383499417999701,21.8768,69.218
10.396078681999825,21.91552,68.968
10.409007747999567,21.954240000000002,69.281
10.420956207999552,21.99296,69.031
10.433277864000047,21.99296,69.375
10.445636480999383,21.99296,68.968
10.45775624199996,22.03168,69.125
10.470003559999896,22.03168,68.968
10.482110360999286,21.954240000000002,69.125
10.494085989999803,21.91552,68.906
10.506120276999354,21.8768,69.0
10.519413833999351,21.8768,68.781
10.533254191999731,21.8768,69.156
10.546980881999843,21.91552,69.125
10.560907610999493,21.954240000000002,68.843
10.573456664999867,21.954240000000002,69.062
10.586322049000046,21.99296,69.281
10.598969218999628,21.99296,69.312
10.61182439499953,21.954240000000002,68.937
10.624613968999256,21.91552,69.156
10.637238385999808,21.91552,68.968
10.649849681999513,21.8768,68.968
10.662855453999327,21.91552,69.062
10.675405564999892,21.91552,69.343
10.688514028999634,21.91552,69.093
10.70126494499982,21.954240000000002,68.968
10.71419167499971,21.99296,69.156
10.726576436999494,22.03168,68.968
10.738591330999952,22.03168,69.187
10.751611951999621,22.070400000000003,69.25
10.764064971999687,22.070400000000003,68.906
10.7758882119997,22.03168,69.125
10.788079815999481,21.99296,68.937
10.800175351999314,21.99296,68.968
10.812136804999682,21.91552,69.156
10.824135634999948,21.8768,69.125
10.838116636999985,21.76064,69.156
10.851496948999738,21.76064,68.687
10.864159926999491,21.6832,68.875
10.876906075000079,21.6832,68.875
10.8912502889998,21.76064,69.281
10.903504293999504,21.76064,68.875
10.91575666799963,21.76064,69.156
10.928517952999755,21.76064,68.937
10.940973883999504,21.76064,69.156
10.953318740999748,21.721919999999997,69.0
10.965822610000032,21.721919999999997,69.312
10.977121609999813,21.644479999999998,69.0
10.990012498999931,21.644479999999998,69.281
11.002382347999628,21.6832,69.0
11.014501021999422,21.6832,69.187
11.026840501999686,21.6832,68.937
11.039860578999651,21.721919999999997,69.093
11.052334078999593,21.79936,69.062
11.064895741999862,21.79936,69.468
11.07688461899943,21.83808,69.062
11.08950945200013,21.83808,69.156
11.101472376999482,21.8768,68.843
11.113813360999302,21.8768,68.937
11.125801245999355,21.8768,69.25
11.137762314999236,21.8768,69.093
11.149742648000029,21.79936,69.375
11.16174730199964,21.76064,69.093
11.174978776999524,21.76064,68.718
11.18832561599993,21.76064,68.906
11.20051059599973,21.79936,68.875
11.216085213999577,21.83808,69.187
11.229139499999292,21.8768,68.875
11.241278718000103,21.8768,68.906
11.254185959999631,21.8768,69.062
11.266561600999921,21.8768,68.968
11.278652433999923,21.83808,69.375
11.29329444799987,21.83808,69.031
11.305924720999428,21.76064,69.187
11.318690389999574,21.79936,68.843
11.331359064000026,21.83808,69.125
11.343509226999231,21.83808,69.156
11.35610016999999,21.8768,69.406
11.368561125999804,21.91552,69.062
11.381240744999559,21.954240000000002,69.281
11.393614401999912,21.954240000000002,69.187
11.406090909999875,21.99296,69.218
11.418311954999808,21.99296,69.125
11.430694923999908,22.03168,69.468
11.443236426999647,21.91552,68.812
11.455830346999392,21.8768,69.156
11.46789749799973,21.79936,68.843
11.479830437999226,21.79936,69.093
11.491871860999709,21.721919999999997,68.843
11.505268173999866,21.76064,68.906
11.517326108999441,21.76064,68.906
11.53094761200009,21.79936,68.843
11.545536664999418,21.83808,69.125
11.55812309599969,21.8768,68.906
11.570676438999726,21.8768,69.125
11.583856840999943,21.8768,69.125
11.596683664000011,21.8768,69.375
11.611144775999492,21.83808,69.25
11.623740967999765,21.79936,68.968
11.636067999999796,21.79936,69.156
11.648738433999824,21.83808,68.968
11.661525543999232,21.83808,69.156
11.67417044099966,21.8768,69.468
11.686906029000056,21.8768,69.375
11.699864343999252,21.954240000000002,68.906
11.712407639000048,21.954240000000002,69.25
11.72434470600001,21.99296,69.062
11.736777821000032,21.99296,69.0
11.749895724999988,21.99296,69.031
11.761751925999306,21.99296,69.218
11.773997452000003,21.954240000000002,68.843
11.786588042999938,21.954240000000002,69.031
11.797504599999229,21.83808,68.968
11.809524421999413,21.83808,68.937
11.822645909999665,21.76064,69.343
11.835908586999722,21.76064,69.093
11.848363717999746,21.76064,68.781
11.860787936999259,21.79936,69.156
11.875783305999903,21.83808,69.031
11.888051775999884,21.8768,68.843
11.900619454999287,21.8768,69.031
11.91328908899959,21.8768,69.343
11.926142313000128,21.8768,69.0
11.938239129000067,21.83808,68.968
11.951615568999841,21.79936,69.125
11.962874695999744,21.79936,69.156
11.97419040099976,21.79936,69.062
11.986737022999478,21.79936,69.343
11.999318590999792,21.83808,69.031
12.011796154999502,21.83808,69.25
12.024280535999424,21.8768,68.968
12.03677922099996,21.91552,69.125
12.04905313099971,21.83808,68.968
12.060687596999742,21.83808,69.281
12.073425200999736,21.83808,68.937
12.085414238999874,21.8768,69.093
12.097964540999783,21.8768,68.875
12.1100044599998,21.8768,69.031
12.121985816999768,21.8768,69.031
12.134080809999432,21.79936,69.062
12.146396544999334,21.76064,69.25
12.160015967999243,21.76064,69.062
12.173191441999734,21.76064,68.812
12.186588169999595,21.79936,68.781
12.20085158099937,21.83808,68.937
12.212495583999953,21.8768,69.312
12.224748756999361,21.8768,68.968
12.237872292999782,21.8768,69.25
12.250366209999811,21.8768,69.218
12.2625557020001,21.83808,68.906
12.27747487599936,21.83808,69.156
12.289857301999291,21.76064,69.062
12.302367730999322,21.79936,69.312
12.314371264999863,21.83808,69.031
12.32666639099989,21.83808,69.281
12.338459519000025,21.8768,69.0
12.35096866799995,21.91552,69.125
12.36351820299933,21.954240000000002,69.468
12.376096601999961,21.954240000000002,69.468
12.388406448999376,21.99296,69.0
12.400574723999853,21.99296,69.218
12.412924027999907,21.99296,68.937
12.424922601999242,21.99296,69.093
12.437350116999369,22.03168,68.843
12.449342833999253,21.91552,69.031
12.461274909999702,21.91552,69.218
12.474098116999812,21.83808,69.125
12.487193427999955,21.83808,68.75
12.501257025000086,21.83808,68.75
12.515324140999837,21.8768,68.937
12.529333335999581,21.91552,69.187
12.541878678000103,21.954240000000002,69.25
12.55473075000009,21.954240000000002,68.906
12.567679432999284,21.91552,69.156
12.58012406799935,21.91552,68.937
12.592199123999308,21.8768,69.125
12.604670991999228,21.83808,69.062
12.617480277999675,21.83808,69.312
12.62969668200003,21.8768,69.0
12.642107587999817,21.83808,69.0
12.654577407999568,21.76064,68.812
12.666836245999548,21.76064,69.031
12.679205006999837,21.79936,69.312
12.69146470799933,21.83808,69.25
12.704411118999815,21.83808,69.156
12.716697348999332,21.8768,69.125
12.72890626499975,21.91552,68.968
12.741234352999527,21.91552,68.968
12.753083001999585,21.91552,69.218
12.766027684999244,21.91552,68.968
12.77773840899954,21.83808,69.25
12.788743672999772,21.76064,69.062
12.799789704999966,21.76064,68.906
12.81338269599928,21.644479999999998,68.906
12.827104938000048,21.6832,68.687
12.840921710999282,21.6832,69.125
12.854619247999835,21.76064,68.906
12.86729828999978,21.76064,69.093
12.879521926999587,21.79936,68.843
12.892482865999227,21.79936,68.906
12.905500062000101,21.79936,69.062
12.918114430999594,21.76064,68.968
12.933955585999684,21.76064,69.25
12.946301881999716,21.721919999999997,69.0
12.958806838999408,21.721919999999997,69.156
12.970805412000118,21.721919999999997,68.812
12.98330969699964,21.721919999999997,69.031
12.994579928999883,21.721919999999997,69.062
13.007528578999882,21.76064,69.25
13.020197157999974,21.79936,69.0
13.032714146999751,21.83808,69.343
13.044682991999252,21.8768,68.937
13.056931301000077,21.91552,69.0
13.069221114999891,21.91552,69.281
13.081545746999836,21.91552,68.937
13.093794567999794,21.91552,69.031
13.10620867399939,21.8768,69.093
13.118174606999673,21.83808,68.906
13.130211805999352,21.76064,69.062
13.143616053999722,21.79936,68.906
13.157371512999816,21.79936,69.156
13.171917716999815,21.83808,69.156
13.186190407999675,21.8768,68.781
13.198854665999534,21.8768,69.031
13.211428936999255,21.8768,69.093
13.224227150999468,21.8768,69.437
13.237054709999938,21.8768,68.937
13.249856796000131,21.721919999999997,69.093
13.261722661000022,21.721919999999997,68.843
13.273841205999815,21.6832,69.156
13.28628753799967,21.6832,69.0
13.298828015999788,21.721919999999997,69.375
13.311755065999932,21.721919999999997,69.031
13.323942732999967,21.76064,69.312
13.335488396999608,21.79936,69.0
13.348032715000045,21.83808,69.125
13.359824658999969,21.8768,69.093
13.37173996599995,21.8768,69.156
13.384440672999517,21.91552,69.218
13.396550481999839,21.91552,68.875
13.408991628999502,21.954240000000002,69.187
13.421035611999287,21.954240000000002,69.156
13.433152620999863,21.91552,68.812
13.445113208999828,21.8768,69.031
13.457184488999701,21.79936,69.312
13.470726245999685,21.83808,69.125
13.484864564999953,21.83808,68.875
13.498933376999958,21.8768,68.812
13.512224117999722,21.91552,68.937
13.525069149999581,21.91552,68.843
13.537696190000133,21.91552,69.0
13.550769260999914,21.91552,69.0
13.56352747299934,21.91552,69.156
13.576317463000123,21.8768,68.937
13.588968023999769,21.8768,69.093
13.601552887999787,21.83808,69.062
13.614538210999854,21.83808,69.343
13.627185156999985,21.8768,69.031
13.638558558999648,21.8768,69.343
13.651390437999908,21.8768,68.968
13.66404995999983,21.91552,69.156
13.677024530999915,21.954240000000002,69.125
13.689048096999613,21.954240000000002,69.562
13.701761796999563,21.99296,69.0
13.714059995999378,21.99296,69.187
13.726059880999856,21.99296,68.875
13.738410880999254,22.03168,69.125
13.752317192999726,22.03168,69.156
13.765021195999907,21.91552,69.5
13.778686220000054,21.8768,69.125
13.793127523999829,21.721919999999997,68.937
13.80766566300008,21.76064,68.781
13.822853197999393,21.79936,68.968
13.840960501999689,21.83808,69.25
13.854412879999472,21.76064,69.156
13.86754867199943,21.76064,68.843
13.881287745999543,21.76064,68.875
13.894720859999325,21.76064,69.093
13.910419225999249,21.721919999999997,69.031
13.922176159999253,21.721919999999997,69.375
13.933512888999758,21.6832,69.0
13.946290814999884,21.721919999999997,69.281
13.959011938000003,21.76064,68.937
13.971198133999678,21.76064,69.156
13.982867353000074,21.721919999999997,68.906
13.99456930999986,21.76064,69.031
14.00782104099926,21.79936,69.312
14.019931681999878,21.79936,69.312
14.032480449000104,21.8768,68.968
14.04400460799934,21.8768,69.187
14.056550622000032,21.8768,68.906
14.068829139999252,21.91552,68.968
14.081606808999823,21.91552,69.25
14.093728042999828,21.83808,68.968
14.105869211999561,21.83808,68.75
14.120110605999798,21.721919999999997,69.093
14.133793039000011,21.76064,68.75
14.145828093999626,21.76064,69.218
14.159539231999588,21.83808,68.843
14.173342435999984,21.83808,68.875
14.18592342699958,21.83808,69.187
14.198565796999901,21.8768,68.875
14.211299304000022,21.8768,69.156
14.223537116999978,21.83808,68.906
14.235673422999753,21.83808,69.0
14.2485414949997,21.76064,69.0
14.26129650799976,21.79936,69.218
14.273702197999228,21.79936,69.0
14.28673459499987,21.83808,69.156
14.299265855999693,21.83808,69.156
14.312078150999696,21.8768,69.468
14.32497009599956,21.91552,69.0
14.33737316099996,21.954240000000002,69.375
14.349361590999251,21.954240000000002,69.125
14.36162599599993,21.99296,69.031
14.373734108999997,21.99296,68.843
14.385973265999382,21.99296,69.031
14.398227078999298,22.03168,69.156
14.410340984999493,22.03168,69.281
14.422371687000123,21.91552,69.0
14.434573595000074,21.8768,69.125
14.44764368899996,21.76064,68.75
14.461063425999782,21.721919999999997,69.156
14.475745664999522,21.721919999999997,69.093
14.489645896999718,21.79936,68.781
14.502474318999703,21.79936,69.062
14.514989548999438,21.79936,68.781
14.528014296999572,21.83808,68.875
14.541019973999937,21.83808,69.062
14.55368375099988,21.79936,69.281
14.567960665999635,21.79936,69.218
14.579993929000011,21.76064,69.0
14.592875952999748,21.76064,69.156
14.605575603999569,21.76064,68.937
14.618160979000095,21.79936,69.093
14.630463497999699,21.79936,69.312
14.643084747000103,21.83808,69.187
14.65450800599956,21.8768,68.968
14.666957409999668,21.91552,69.25
14.67890487799923,21.954240000000002,68.968
14.691514637999717,21.954240000000002,68.968
14.703496314999938,21.99296,69.281
14.715990198999862,21.99296,68.968
14.728107271999761,21.99296,69.093
14.740096917999836,21.954240000000002,69.062
14.75212246799947,21.91552,69.218
14.7647895099999,21.8768,69.0
14.777982135999991,21.79936,69.187
14.791026564999811,21.76064,69.031
14.804676324999491,21.76064,68.718
14.818650702000014,21.83808,69.031
14.830320594000113,21.83808,68.718
14.842949490999672,21.83808,69.031
14.855729687999883,21.8768,69.031
14.868716770999526,21.8768,69.281
14.881477703999735,21.83808,69.125
14.89597507399958,21.79936,69.0
14.907966254999337,21.76064,69.156
14.920290533999832,21.79936,68.968
14.933153741999377,21.79936,69.0
14.945444420999593,21.83808,69.343
14.957583317999706,21.83808,69.187
14.970547904999876,21.8768,68.875
14.983226114999525,21.8768,69.093
14.99614542099971,21.8768,69.031
15.00817612299943,21.91552,69.125
15.020896510999592,21.91552,69.25
15.032916940999712,21.954240000000002,69.125
15.045229763999487,21.954240000000002,68.812
15.057415478999246,21.83808,68.875
15.068591019999985,21.83808,68.937
15.080627129999812,21.76064,69.125
15.092557414000112,21.76064,69.062
15.106420107999838,21.644479999999998,69.0
15.12006919599935,21.644479999999998,68.687
15.132457284999873,21.6832,68.843
15.145956319999641,21.721919999999997,68.75
15.159181138999884,21.76064,69.312
15.171764337999775,21.76064,68.937
15.18458924099923,21.79936,69.218
15.197555107999506,21.79936,68.968
15.209830713999509,21.76064,69.156
15.222341431000132,21.76064,69.156
15.234981207999226,21.6832,69.5
15.247713243999897,21.721919999999997,68.937
15.25991345500006,21.721919999999997,69.187
15.272432652999669,21.76064,69.187
15.285284403999867,21.76064,68.906
15.297843986999396,21.79936,69.125
15.310794461000114,21.83808,68.875
15.32324069599963,21.8768,69.125
15.335194820999277,21.8768,69.437
15.347648031999597,21.91552,68.875
15.359948566999265,21.91552,69.093
15.372049255000093,21.954240000000002,69.093
15.384197688999848,21.954240000000002,68.718
15.396396909000032,21.954240000000002,69.156
15.40846969299946,21.8768,69.375
15.420539660000031,21.8768,68.843
15.43462194499989,21.79936,68.812
15.448176821999368,21.79936,68.906
15.461836726000001,21.83808,68.937
15.474910563999401,21.8768,69.281
15.487985970999944,21.8768,68.937
15.500452653999673,21.91552,69.156
15.513317109999662,21.8768,69.156
15.525960310999835,21.91552,68.875
15.538332495999384,21.8768,69.031
15.553302104000068,21.83808,69.125
15.565407016999416,21.79936,69.218
15.577802241999962,21.79936,68.937
15.5904917809994,21.83808,69.218
15.603047746999437,21.83808,68.937
15.615507453999271,21.83808,69.156
15.627770707999844,21.8768,69.0
15.6402404319997,21.91552,69.312
15.652650441999867,21.83808,68.906
15.663840829999572,21.83808,69.218
15.67640178900001,21.83808,68.812
15.688708179999594,21.8768,69.125
15.70079302799968,21.8768,69.5
15.713001111999802,21.91552,68.906
15.725128584999766,21.91552,69.343
15.737159286999486,21.83808,69.062
15.74902880099944,21.79936,69.0
15.763029898999775,21.76064,68.968
15.777657160999297,21.76064,68.906
15.791343625999616,21.76064,69.093
15.805487799999355,21.79936,69.031
15.818038583000089,21.79936,68.812
15.830377581999528,21.79936,69.062
15.84345343699988,21.79936,68.812
15.856222080999942,21.83808,69.406
15.868882146999567,21.79936,69.0
15.882879468999818,21.76064,69.218
15.894927196000026,21.721919999999997,68.968
15.90788845499992,21.76064,68.937
15.920547656000053,21.76064,69.062
15.932866975999787,21.79936,69.468
15.945389948999946,21.79936,69.093
15.9585411019998,21.83808,69.343
15.971036169999934,21.91552,69.281
15.983601512999485,21.91552,69.062
15.995508274999338,21.91552,69.093
16.00801233599941,21.91552,68.843
16.020094111999242,21.91552,68.968
16.032485113999428,21.954240000000002,69.187
16.0444961029998,21.954240000000002,68.875
16.05645665999964,21.954240000000002,69.312
16.068382142999326,21.8768,68.906
16.08047294300013,21.83808,68.875
16.094049931999507,21.83808,68.937
16.107670218999374,21.83808,68.75
16.121203942999273,21.8768,69.062
16.134839302999353,21.91552,68.875
16.147628203999375,21.954240000000002,69.093
16.160124648999954,21.954240000000002,69.093
16.173059443000056,21.954240000000002,69.375
16.18592335499943,21.954240000000002,68.906
16.200738781999462,21.91552,68.968
16.213427871999556,21.8768,69.218
16.226001886999256,21.8768,68.875
16.238925320999442,21.91552,68.875
16.252333216999432,21.83808,68.968
16.26488191899989,21.79936,69.312
16.277725381999517,21.79936,68.906
16.290024797000115,21.83808,69.0
16.302564186999916,21.91552,69.125
16.31389128399951,21.91552,69.0
16.326611798999693,21.954240000000002,69.0
16.33876711299945,21.954240000000002,69.343
16.351044639000065,21.99296,68.906
16.363060716999826,21.99296,69.093
16.37535203599964,21.99296,68.906
16.38727463899977,21.91552,69.125
16.399218681999628,21.91552,69.187
16.412320968999666,21.79936,69.187
16.42582003699954,21.83808,68.75
16.439889040999333,21.83808,68.625
16.45304438599942,21.8768,69.031
16.466476282999793,21.91552,68.781
16.4783764849999,21.91552,69.0
16.490218701999765,21.91552,69.312
16.50229186999968,21.91552,69.25
16.515337834999627,21.91552,68.937
16.5279283939999,21.8768,69.125
16.54082299499987,21.8768,68.906
16.552192236999872,21.83808,69.093
16.565006195000024,21.8768,69.375
16.577689269000075,21.8768,69.312
16.590274389000115,21.8768,69.031
16.602390020999337,21.91552,69.187
16.61498707699957,21.954240000000002,69.0
16.627564739999798,21.99296,69.062
16.639727413999935,21.99296,69.5
16.65262556699963,22.03168,69.218
16.664891508999972,22.03168,68.937
16.67720535599983,22.03168,69.187
16.689554627999314,22.03168,68.781
16.70193634899988,22.070400000000003,69.156
16.713917320999826,21.954240000000002,69.531
16.725897845999498,21.954240000000002,68.843
16.73936830399998,21.8768,68.875
16.752903660999436,21.91552,68.968
16.765128897000068,21.91552,68.937
16.779989156999363,21.99296,68.718
16.792640613999538,21.91552,68.875
16.805296583999734,21.954240000000002,69.156
16.818010346999472,21.91552,69.156
16.83134406499994,21.91552,68.968
16.844160454999837,21.91552,69.062
16.85687114599932,21.8768,68.906
16.868125664999752,21.76064,68.906
16.880505049999556,21.644479999999998,69.218
16.892992693999986,21.6832,69.125
16.90547515399976,21.721919999999997,68.937
16.918331257999853,21.721919999999997,69.062
16.930760211999768,21.76064,68.937
16.94354319299964,21.79936,69.0
16.956139033,21.83808,69.0
16.968878781000058,21.83808,69.406
16.981375224999283,21.8768,68.968
16.993662831999245,21.8768,69.093
17.00576662399999,21.8768,68.875
17.017976819999603,21.8768,68.906
17.03009728500001,21.91552,69.312
17.042471869999645,21.83808,69.0
17.054373607999878,21.79936,69.218
17.066443607999645,21.76064,69.156
17.078367970999352,21.76064,68.718
17.091662967999582,21.76064,68.875
17.105199827999968,21.79936,68.937
17.119498086999556,21.83808,69.156
17.13230042899977,21.8768,68.906
17.14465488499991,21.8768,68.937
17.157589966999694,21.8768,69.093
17.17037457999959,21.8768,68.843
17.18425097099953,21.83808,68.968
17.196194471000126,21.83808,69.375
17.20859193599972,21.79936,69.187
17.22132416399927,21.83808,68.968
17.233656954999788,21.83808,69.156
17.246200089000013,21.8768,68.937
17.25861304299997,21.8768,69.125
17.271363318999647,21.954240000000002,69.0
17.283931861999918,21.99296,69.187
17.296181546999833,21.954240000000002,69.0
17.30904920299963,21.99296,69.156
17.3214931980001,22.03168,68.843
17.333533596000052,22.03168,69.031
17.346090938999623,22.03168,69.25
17.35838520099969,22.03168,69.312
17.37029676399925,21.954240000000002,69.125
17.38237530799961,21.954240000000002,68.968
17.39572438599953,21.8768,68.875
17.409439684000063,21.8768,69.156
17.42167919199983,21.91552,68.812
17.436317493999923,21.954240000000002,68.812
17.450038647999463,21.954240000000002,69.0
17.462051845999667,21.8768,68.781
17.474679846000072,21.8768,69.0
17.487692754999443,21.8768,69.312
17.500402261999625,21.83808,69.312
17.516234679999798,21.83808,69.218
17.528412617999493,21.79936,68.937
17.541276498000116,21.79936,69.093
17.55429001399989,21.83808,68.843
17.56705238699942,21.83808,69.406
17.579123537999294,21.8768,69.031
17.592705071999262,21.8768,69.218
17.60519559599925,21.954240000000002,68.906
17.617611973999374,21.954240000000002,69.25
17.629610994999894,21.99296,69.062
17.64227362099973,21.99296,69.437
17.654230976999315,21.99296,68.937
17.666563991999283,22.03168,69.156
17.678542244999335,22.03168,68.875
17.690501840999787,21.99296,69.187
17.702439035999305,21.91552,68.906
17.714424264999252,21.8768,69.031
17.726274673999797,21.83808,69.281
17.73916280999947,21.8768,69.093
17.752872123999623,21.8768,68.812
17.767883908999465,21.954240000000002,68.781
17.781094358999326,21.99296,69.0
17.793432847000076,21.91552,68.781
17.806120720999388,21.91552,68.843
17.81880424299925,21.91552,69.281
17.831444787999317,21.8768,69.187
17.845827434000057,21.8768,68.968
17.857973978999325,21.83808,69.093
17.870682301999295,21.83808,69.093
17.88355990999935,21.83808,69.406
17.896218887999567,21.83808,69.093
17.90847817299982,21.8768,69.25
17.921006937999664,21.91552,69.156
17.933803103999708,21.954240000000002,68.906
17.946665863999442,21.954240000000002,69.187
17.95867880500009,21.99296,69.406
17.971336726999652,21.99296,69.031
17.98340250199999,21.99296,69.125
17.99584288099959,21.99296,68.812
18.007532164999247,21.99296,68.968
18.01959694800007,21.954240000000002,69.031
18.03169853199961,21.91552,69.093
18.043750930999522,21.83808,68.875
18.05659189800008,21.76064,69.0
18.069031028999234,21.721919999999997,68.718
18.083087168999555,21.76064,68.718
18.096403733999978,21.83808,68.906
18.108707052999307,21.83808,69.25
18.12059666299956,21.83808,68.875
18.132334267999795,21.83808,69.156
18.144878585999322,21.83808,68.968
18.156591166999533,21.83808,68.968
18.170748173999527,21.79936,69.125
18.18332234799982,21.76064,69.343
18.194997327999772,21.76064,68.875
18.206818775999636,21.79936,69.343
18.219878724999944,21.79936,69.0
18.23247517299933,21.79936,69.156
18.24434695799937,21.83808,68.968
18.256058130999918,21.8768,69.093
18.268807190999723,21.91552,69.125
18.281370804999824,21.954240000000002,69.437
18.294015733999913,21.954240000000002,68.937
18.3063283649999,21.954240000000002,69.156
18.31837429999996,21.99296,68.937
18.33079080599964,21.99296,69.0
18.343180078999467,21.99296,69.375
18.355173083999944,21.91552,69.031
18.367161416999807,21.8768,69.062
18.3790452989997,21.83808,69.031
18.39265483300005,21.83808,68.781
18.40630222499931,21.83808,68.75
18.42051910600003,21.91552,68.906
18.43360625599962,21.954240000000002,69.156
18.446149069999592,21.954240000000002,69.156
18.458875344999797,21.954240000000002,68.875
18.471562835999976,21.954240000000002,69.187
18.48460531299952,21.91552,69.0
18.50064906499938,21.8768,69.406
18.51265807099935,21.83808,69.375
18.525060848000066,21.8768,68.968
18.53782488499928,21.8768,69.218
18.5501686839998,21.91552,69.031
18.56245292999938,21.91552,69.125
18.575014240999735,21.954240000000002,69.5
18.587914632999855,21.99296,69.343
18.600532424999983,21.99296,69.093
18.613347342999987,22.03168,69.156
18.625584323999647,22.070400000000003,68.937
18.637958108999555,22.070400000000003,69.062
18.65002609199928,22.070400000000003,69.25
18.661617228999603,21.954240000000002,68.906
18.67366133899941,21.91552,69.281
18.685688072999255,21.8768,68.968
18.697699830999227,21.79936,68.937
18.711309460999473,21.79936,68.906
18.7236226039995,21.83808,68.656
18.73707530199954,21.83808,69.281
18.75166889799948,21.8768,68.843
18.764390917000128,21.91552,69.093
18.77732433499932,21.91552,69.062
18.79023538399997,21.91552,68.906
18.802342855999996,21.8768,68.968
18.81460351699934,21.83808,68.906
18.830119221999666,21.76064,69.187
18.842028127999583,21.721919999999997,68.968
18.85458274999928,21.76064,69.156
18.866437062999466,21.76064,68.843
18.87914272999933,21.79936,69.125
18.891136086999722,21.79936,69.125
18.904237381999337,21.83808,69.343
18.916696416999912,21.8768,69.0
18.92982043199936,21.8768,69.25
18.941856222999377,21.91552,69.0
18.95432252199953,21.91552,69.062
18.966326312000092,21.91552,69.312
18.978371958000025,21.954240000000002,69.218
18.990368226999635,21.954240000000002,69.062
19.001948131999598,21.8768,69.062
19.013958800999717,21.83808,68.968
19.025961822999307,21.76064,69.125
19.039169521000076,21.76064,69.25
19.05292046699924,21.76064,69.187
19.066313130999333,21.79936,68.906
19.080595677999554,21.83808,69.0
19.092124092999256,21.8768,69.031
19.104475796999395,21.8768,68.843
19.117537889999767,21.8768,69.031
19.13013129799947,21.8768,69.343
19.142412823000086,21.83808,69.218
19.15678318099981,21.83808,69.062
19.16910003599969,21.79936,69.093
19.182044782000048,21.79936,68.875
19.194495144999564,21.83808,69.5
19.20759448699937,21.83808,69.062
19.22038946900011,21.83808,69.25
19.23290485799953,21.8768,68.937
19.24543151099988,21.91552,69.156
19.257903026999884,21.83808,68.937
19.268924770000012,21.83808,69.093
19.281753928999933,21.8768,69.0
19.29379029499978,21.8768,69.156
19.306132527000045,21.91552,68.937
19.318117660000098,21.91552,69.156
19.33036276799976,21.8768,68.875
19.34230972399928,21.83808,69.093
19.354435596999792,21.76064,69.406
19.368003818000034,21.76064,69.062
19.38037888300005,21.79936,68.75
19.394073347999438,21.79936,69.031
19.407973642999423,21.8768,69.0
19.420308578000004,21.8768,68.906
19.432845727999847,21.8768,69.031
19.44558538000001,21.8768,69.281
19.457803510999838,21.8768,69.0
19.469850213999962,21.83808,68.937
19.484544453000126,21.83808,69.187
19.49692524599959,21.79936,68.875
19.509656033999818,21.79936,69.312
19.522777808999308,21.83808,69.062
19.53497437199985,21.83808,69.281
19.547596611999325,21.83808,69.0
19.559974748999593,21.8768,69.156
19.572817923999537,21.91552,68.968
19.584998742999232,21.91552,69.593
19.59758942999997,21.954240000000002,68.968
19.60969997399934,21.954240000000002,69.218
19.62213116899966,21.954240000000002,68.906
19.63425163299962,21.99296,68.968
19.64637328199933,21.99296,68.843
19.658291340999313,21.91552,69.0
19.670231831999445,21.8768,69.281
19.68392898499951,21.79936,69.156
19.69755826399978,21.79936,68.812
19.711301657999684,21.83808,68.687
19.72508770999957,21.8768,69.0
19.738579801000014,21.8768,68.968
19.75134006099961,21.91552,69.312
19.763868729999558,21.91552,68.968
19.776586780999423,21.91552,69.156
19.788475942999867,21.91552,68.937
19.803339722999226,21.8768,68.875
19.815785605999736,21.79936,69.0
19.8286858069996,21.79936,69.187
19.840120330999525,21.79936,68.937
19.852558052999484,21.79936,69.25
19.86387442999967,21.721919999999997,68.812
19.876385497999763,21.721919999999997,68.781
19.889225184999304,21.721919999999997,68.937
19.901839840999855,21.79936,69.312
19.914513091000117,21.79936,69.125
19.92643146899991,21.83808,69.312
19.93897409100009,21.8768,68.875
19.950935318999655,21.8768,69.093
19.963041703999806,21.91552,68.781
19.97500955599935,21.91552,68.968
19.98701884899947,21.8768,69.406
19.99911902599979,21.83808,69.093
20.011065949000113,21.76064,68.781
20.024201324999922,21.76064,68.968
20.037579619999633,21.76064,68.875
20.051216738999756,21.79936,69.187
20.06603638999968,21.8768,69.093
20.078670502999557,21.8768,68.875
20.09104905499953,21.91552,69.125
20.10401757799991,21.8768,68.875
20.116459940999448,21.8768,69.062
20.128972673000135,21.83808,69.093
20.142373304999637,21.83808,69.343
20.154708272999414,21.79936,69.0
20.167324912999902,21.83808,69.218
20.179621382999358,21.83808,69.125
20.192334889999984,21.83808,68.937
20.204854918999445,21.8768,69.031
20.217429573000118,21.91552,69.312
20.230317485999876,21.954240000000002,68.968
20.242459870999483,21.954240000000002,69.343
20.255245123999885,21.99296,69.031
20.267365716999848,21.99296,68.843
20.27945117299987,21.99296,69.093
20.291795612999522,21.99296,69.281
20.304090515000098,22.03168,69.062
20.316083488000004,21.91552,69.281
20.32814027099994,21.91552,68.718
20.341162042999713,21.83808,68.781
20.35461758800011,21.8768,68.875
20.367933865999476,21.8768,69.187
20.38200862999929,21.91552,69.156
20.395762936999745,21.954240000000002,68.906
20.407839015999343,21.954240000000002,69.156
20.420481256999665,21.954240000000002,69.125
20.433142697999756,21.954240000000002,69.5
20.445518018999792,21.91552,69.375
20.4612242889998,21.76064,68.781
20.473969444999966,21.721919999999997,69.093
20.48667975099943,21.721919999999997,68.812
20.49831056899984,21.721919999999997,69.093
20.510903112999586,21.76064,69.031
20.52386286699948,21.76064,69.343
20.535639704999994,21.79936,69.0
20.548189366999395,21.83808,69.25
20.560360840999238,21.91552,69.031
20.572352533999947,21.91552,69.218
20.584931956999753,21.91552,68.906
20.597272012999383,21.954240000000002,68.968
20.609372252999492,21.954240000000002,69.375
20.621912218000034,21.954240000000002,69.062
20.634261266000067,21.99296,69.093
20.646277119999468,21.8768,69.25
20.658316877999823,21.8768,68.781
20.671905835999496,21.79936,68.875
20.68397452299996,21.83808,69.187
20.697141130999626,21.83808,69.093
20.710203768999236,21.8768,68.812
20.722336681999877,21.91552,68.968
20.734850023000035,21.91552,68.812
20.74796478999997,21.91552,68.968
20.75941185800002,21.91552,69.343
20.771661959000085,21.8768,69.218
20.786208224999427,21.8768,68.937
20.797941605999767,21.83808,69.218
20.810554757999853,21.83808,68.781
20.822112773999834,21.79936,69.312
20.83455859300011,21.76064,69.093
20.847013531999437,21.79936,69.25
20.859742334999282,21.79936,68.906
20.87226802799978,21.83808,69.093
20.885168196999985,21.8768,68.937
20.897407128999475,21.8768,69.062
20.910116795999784,21.954240000000002,69.0
20.922232651999366,21.954240000000002,69.312
20.934754056999736,21.954240000000002,68.937
20.94686072999957,21.954240000000002,69.0
20.959014219999517,21.99296,68.843
20.97096914299982,21.91552,69.093
20.982972932999473,21.8768,69.312
20.996365915999377,21.76064,69.156
21.010057180999866,21.79936,68.781
21.024120905000018,21.76064,68.781
21.03807915299967,21.79936,68.968
21.05094434500006,21.83808,68.75
21.062660348999998,21.721919999999997,68.875
21.074392513999555,21.721919999999997,69.187
21.087083555999925,21.721919999999997,69.062
21.099831399999857,21.721919999999997,68.875
21.112612620999244,21.721919999999997,69.0
21.125365744999726,21.721919999999997,68.906
21.137401694999426,21.644479999999998,69.0
21.149887098999898,21.6832,69.031
21.162392151999484,21.721919999999997,69.281
21.174721327000043,21.721919999999997,69.0
21.18673263599976,21.721919999999997,69.218
21.199339995999253,21.76064,68.843
21.211885113999415,21.79936,69.0
21.224463767999623,21.83808,69.531
21.236464390000037,21.8768,69.312
21.249055460999443,21.8768,69.0
21.26102043299943,21.91552,69.062
21.27314070600005,21.91552,68.812
21.28516353499981,21.91552,69.156
21.297160379999696,21.8768,69.343
21.309135337000043,21.83808,68.937
21.321239032999983,21.79936,69.218
21.33448958000008,21.79936,68.843
21.346785505999833,21.79936,68.781
21.360419328999342,21.83808,68.75
21.375367463999282,21.8768,68.937
21.38752949799982,21.91552,69.25
21.400209884000105,21.91552,68.906
21.4127678979994,21.91552,69.156
21.42516680299923,21.91552,69.156
21.439916403999632,21.8768,68.875
21.452655063999373,21.83808,69.468
21.46523118999994,21.83808,69.031
21.478114558000016,21.8768,69.281
21.490372626999488,21.8768,68.968
21.502708266999434,21.8768,69.156
21.515272777000064,21.91552,69.0
21.52819771399936,21.954240000000002,69.468
21.540694317999623,21.99296,69.125
21.552376113999344,21.99296,69.375
21.564944527999614,22.03168,68.906
21.577294056000028,21.995264,69.031
21.589280915999552,22.03392,68.937
21.601683309999316,22.03392,68.968
21.61406637499931,22.03392,69.5
21.62605285099926,21.99296,69.093
21.638085376999697,21.954240000000002,69.0
21.652084970999567,21.8768,69.031
21.664671785999417,21.79936,68.875
21.678330889999415,21.79936,69.156
21.69217006300005,21.8768,68.875
21.705462754999644,21.8768,68.875
21.718123523999566,21.8768,69.187
21.731064589999733,21.8768,68.937
21.743895732000055,21.8768,69.031
21.75618810600008,21.8768,69.062
21.770197331999952,21.83808,69.343
21.782554635999986,21.79936,68.968
21.7961406179993,21.79936,68.968
21.809972877999826,21.79936,69.031
21.822673168999245,21.79936,68.906
21.83489392499996,21.76064,69.0
21.847659721000127,21.76064,69.0
21.860685525000008,21.83808,69.218
21.87290916099937,21.8768,69.031
21.884955735999938,21.8768,69.25
21.897510388999763,21.91552,68.875
21.90985198099952,21.91552,69.093
21.921957884999756,21.954240000000002,69.375
21.934444088999953,21.954240000000002,69.156
21.946888179999405,21.954240000000002,69.093
21.958904544999314,21.8768,69.218
21.970958095999777,21.8768,68.843
21.984244451999984,21.79936,69.281
21.9977970559994,21.83808,68.812
22.011773225999605,21.83808,68.812
22.02666516699992,21.83808,69.062
22.039641816999392,21.83808,68.843
22.052198134999344,21.8768,68.968
22.064793302999533,21.8768,69.0
22.077763072999915,21.8768,69.375
22.09039811399998,21.83808,69.218
22.105686386999878,21.79936,68.937
22.117642014000012,21.76064,69.156
22.130243197999334,21.79936,68.875
22.14296627299973,21.79936,69.437
22.155930122999962,21.83808,69.093
22.168681934999768,21.83808,69.312
22.181009509999967,21.91552,68.968
22.19415733400001,21.91552,68.937
22.206437259999802,21.954240000000002,69.25
22.219142957999793,21.954240000000002,69.437
22.231544550999388,21.99296,69.062
22.243921695999234,21.99296,69.312
22.256350394000037,21.99296,68.937
22.26929181200012,21.8768,68.781
22.281558808999762,21.83808,69.062
22.29352522099998,21.79936,68.75
22.30556981099926,21.721919999999997,68.968
22.319094286999643,21.76064,69.093
22.332674923999548,21.76064,68.968
22.34649239999999,21.79936,68.875
22.359519420999277,21.83808,68.968
22.37199099999998,21.8768,69.062
22.384632216999307,21.83808,69.312
22.39744108600007,21.8768,69.0
22.40987551299986,21.83808,69.218
22.422416853999493,21.79936,69.156
22.437324923999768,21.79936,68.906
22.449933850999514,21.79936,69.5
22.462908069999685,21.79936,69.062
22.475667241999872,21.83808,69.312
22.488102852999873,21.83808,69.062
22.50060460899931,21.8768,69.25
22.513389957999607,21.91552,69.156
22.525519606999296,21.954240000000002,69.0
22.537577252999654,21.954240000000002,69.187
22.550089538000066,21.99296,69.25
22.562417528999504,21.99296,68.937
22.574063930999728,22.03168,69.187
22.58661842499987,22.03168,68.843
22.59909013200013,22.03168,69.156
22.611110913999255,21.954240000000002,69.5
22.623162736999802,21.954240000000002,68.812
22.635566313999334,21.8768,68.906
22.648834332999286,21.8768,69.0
22.662728035999862,21.91552,68.937
22.676253887999337,21.954240000000002,68.812
22.68888207999953,21.954240000000002,68.968
22.70127605699963,21.99296,69.343
22.71431190899966,21.99296,69.218
22.72690096399947,21.99296,69.031
22.739460545999464,21.954240000000002,68.906
22.755220288999226,21.954240000000002,69.125
22.7673835709993,21.8768,69.531
22.779913487999693,21.91552,68.968
22.792692564999925,21.91552,69.062
22.805752129999746,21.954240000000002,69.218
22.81912572100009,21.954240000000002,68.937
22.83285852299923,21.954240000000002,68.843
22.845849125999848,21.99296,69.0
22.85951379800008,21.91552,69.406
22.872143461999258,21.83808,69.156
22.885180913999648,21.83808,68.75
22.89761540499967,21.83808,68.937
22.910251500999948,21.8768,68.875
22.922966864000045,21.8768,69.343
22.9357791249995,21.83808,68.906
22.9480754669994,21.79936,69.187
22.96047709300001,21.721919999999997,68.843
22.974653876000048,21.76064,68.687
22.989502454999638,21.76064,68.687
23.004301785999814,21.79936,69.156
23.019710413999746,21.79936,68.875
23.032730745999288,21.83808,68.906
23.04646930799936,21.83808,69.125
23.05885275699984,21.83808,68.937
23.070648668000103,21.83808,69.062
23.082170265999594,21.79936,69.343
23.093594837999262,21.83808,69.031
23.10624955899948,21.79936,69.156
23.1178176859994,21.79936,69.0
23.130099627999698,21.83808,69.156
23.142545286999848,21.83808,68.968
23.15525213699948,21.8768,69.062
23.16750380599933,21.91552,69.25
23.180316834999758,21.954240000000002,69.25
23.192755325999315,21.954240000000002,69.062
23.205264954000086,21.99296,69.156
23.217343497999536,21.99296,68.875
23.229569276999428,21.99296,69.031
23.242376290999346,22.03168,69.312
23.254796348999662,22.03168,69.343
23.266751015999944,21.954240000000002,69.093
23.27866709099999,21.954240000000002,68.906
23.292679900999246,21.83808,68.812
23.305543555999975,21.8768,69.25
23.318416331999288,21.8768,68.875
23.332508249000057,21.91552,68.812
23.345984466000118,21.954240000000002,69.156
23.35836721099986,21.954240000000002,68.906
23.371280372,21.954240000000002,69.093
23.384426403999896,21.954240000000002,69.156
23.396906526999373,21.91552,69.343
23.411927655999534,21.91552,69.031
23.423925045000033,21.8768,69.0
23.436873790999925,21.8768,69.125
23.44958336199943,21.8768,68.937
23.462048188999688,21.8768,68.937
23.47355817099924,21.79936,69.312
23.48576353399949,21.79936,68.968
23.49868767099997,21.83808,69.0
23.51122091599973,21.8768,69.125
23.52327712299939,21.8768,69.031
23.536377808999532,21.91552,69.0
23.548707687999922,21.954240000000002,69.375
23.56076821499937,21.954240000000002,68.968
23.573260242999822,21.954240000000002,69.156
23.58559831399998,21.954240000000002,68.843
23.59720241099967,21.8768,69.125
23.60924591299954,21.8768,68.906
23.621237446000123,21.79936,69.375
23.63331026099968,21.83808,68.875
23.646716940999795,21.83808,69.0
23.66067205299987,21.8768,68.968
23.673761987000034,21.91552,68.843
23.686278367999876,21.91552,69.0
23.699077284999476,21.91552,69.375
23.711769734999507,21.91552,69.406
23.724034587999995,21.91552,69.031
23.736861473999852,21.8768,69.218
23.749384703000032,21.83808,68.937
23.76232900099967,21.83808,68.875
23.77513639799963,21.8768,69.0
23.787741262000054,21.8768,69.468
23.80008176499996,21.8768,69.0
23.813774244999877,21.91552,69.25
23.825623117999385,21.91552,68.875
23.837133291999635,21.91552,69.125
23.849563269999635,21.8768,69.0
23.861577874999966,21.91552,69.312
23.87377350999941,21.91552,68.968
23.886205279999558,21.91552,69.156
23.898277262999727,21.954240000000002,68.843
23.91063498299991,21.954240000000002,69.0
23.922581490000084,21.8768,68.812
23.934481595999387,21.8768,68.968
23.947728782999548,21.76064,68.875
23.96104461199957,21.79936,69.125
23.974863303999882,21.79936,68.968
23.98885736200009,21.83808,68.781
24.001703416000055,21.8768,68.968
24.014162130999466,21.8768,69.375
24.026828725000087,21.8768,69.25
24.03916049199961,21.83808,68.968
24.051833388999512,21.83808,69.062
24.066511882999293,21.721919999999997,68.968
24.079344881999532,21.6832,68.875
24.092107829999804,21.60576,68.906
24.104704692999803,21.644479999999998,69.218
24.116847622000023,21.6832,69.25
24.1296215149996,21.6832,68.968
24.142364077999446,21.721919999999997,69.156
24.154626370999722,21.76064,68.843
24.16732122099984,21.79936,69.125
24.179484374999447,21.79936,69.562
24.192238714999803,21.83808,68.968
24.204337578999912,21.8768,68.906
24.216622496000127,21.8768,69.125
24.228715343999284,21.8768,68.843
24.240926243000104,21.91552,69.031
24.25288270300007,21.83808,69.406
24.264825977999863,21.83808,68.812
24.278377397999975,21.721919999999997,68.906
24.29158659999939,21.76064,68.968
24.305260231999455,21.76064,68.718
24.319051562999448,21.79936,69.25
24.333308764999856,21.83808,68.968
24.345787031999862,21.83808,68.968
24.358509114999833,21.8768,69.156
24.37151427899971,21.8768,69.0
24.384071780999875,21.83808,69.031
24.39661110599991,21.83808,69.468
24.40882578199944,21.76064,69.343
24.421801535999293,21.76064,68.968
24.434842892999768,21.79936,69.156
24.447373065999273,21.79936,68.968
24.46035093199953,21.83808,68.937
24.472924818999672,21.8768,69.031
24.485643733999495,21.91552,69.375
24.498038542999893,21.954240000000002,69.031
24.51003945100001,21.954240000000002,69.281
24.523165546999735,21.954240000000002,68.875
24.535223545000008,21.99296,69.0
24.5475663849993,21.99296,68.906
24.559670272999938,21.99296,69.281
24.57166734099974,21.99296,69.031
24.58378015800008,21.91552,69.218
24.59580842699961,21.8768,68.937
24.609289700999398,21.8768,68.75
24.624896255999374,21.8768,69.218
24.638847016,21.91552,68.906
24.65222847899986,21.954240000000002,69.156
24.66513005499928,21.91552,69.062
24.677606209999794,21.8768,69.062
24.689009948999228,21.8768,68.968
24.70185833999949,21.8768,69.468
24.71496785799991,21.83808,68.937
24.72848206099934,21.83808,69.062
24.74187558899939,21.76064,69.25
24.75484343900007,21.79936,68.906
24.767918491999808,21.79936,68.968
24.781481752999753,21.83808,69.125
24.79436630500004,21.8768,69.375
24.807842137999614,21.91552,69.281
24.821746016999896,21.954240000000002,68.968
24.834535525999854,21.8768,69.0
24.847368427999754,21.91552,68.968
24.859827655000117,21.91552,69.468
24.872661933000018,21.91552,69.0
24.885078566999255,21.91552,69.093
24.897505984999952,21.954240000000002,68.968
24.90975192499991,21.83808,69.187
24.92197738499999,21.83808,68.875
24.936466432999623,21.721919999999997,68.906
24.95100389899926,21.721919999999997,69.093
24.965134088999548,21.76064,69.031
24.980915624999398,21.83808,69.062
24.99512143299944,21.83808,68.812
25.00765608599977,21.83808,68.968
25.02139327199984,21.83808,68.968
25.03437004999978,21.79936,69.218
25.047038658999554,21.76064,69.156
25.06333221099976,21.76064,69.156
25.076076821999777,21.721919999999997,68.875
25.089350345999264,21.76064,69.062
25.101119535999715,21.76064,69.468
25.11287749299936,21.76064,69.093
25.125585687999774,21.79936,69.312
25.138371707999795,21.83808,69.156
25.15165751999939,21.8768,68.968
25.16400973599957,21.8768,69.218
25.17636307199973,21.954240000000002,69.406
25.188596659999348,21.954240000000002,69.062
25.20091389799927,21.954240000000002,69.343
25.213319554999543,21.954240000000002,69.093
25.225563160000092,21.99296,69.0
25.237562147999597,21.8768,69.156
25.249617874999785,21.8768,69.25
25.262730881999232,21.79936,68.906
25.274971477999316,21.721919999999997,69.0
25.28829812299955,21.721919999999997,68.812
25.30198017099974,21.721919999999997,68.75
25.315483717999996,21.79936,68.968
25.327983713999856,21.79936,68.968
25.34048358199925,21.79936,69.312
25.353216288999647,21.79936,68.968
25.365644090999922,21.79936,69.187
25.380300823999278,21.76064,69.093
25.392758738999873,21.76064,68.906
25.40557420099958,21.721919999999997,69.062
25.418155030999515,21.721919999999997,69.062
25.431016029999228,21.76064,69.281
25.443727232999663,21.76064,68.968
25.45609695299936,21.79936,69.187
25.468590196999685,21.83808,68.937
25.481160594999892,21.8768,69.062
25.493147935999332,21.8768,69.156
25.50578380799925,21.91552,69.218
25.51811413499945,21.954240000000002,68.906
25.530098307000117,21.954240000000002,69.156
25.542533916999673,21.954240000000002,68.843
25.554967062999822,21.954240000000002,69.156
25.566935426999407,21.8768,69.5
25.57892497499961,21.83808,69.312
25.592509611999958,21.79936,68.968
25.604418678000002,21.79936,69.0
25.61781761399925,21.83808,69.0
25.63203756599978,21.8768,68.781
25.645180236999295,21.91552,69.031
25.657988914999805,21.91552,69.218
25.67071339799986,21.91552,69.187
25.68347557800007,21.91552,69.062
25.69589102699956,21.8768,68.906
25.710852698000053,21.8768,69.093
25.72286807099954,21.83808,69.468
25.736057432000052,21.83808,69.031
25.74873157699949,21.8768,69.0
25.761603713000113,21.8768,69.281
25.773916310999994,21.8768,69.0
25.786482900999545,21.91552,69.125
25.799203543999283,21.954240000000002,69.375
25.812116799999785,21.954240000000002,69.406
25.82499424799971,22.03168,69.0
25.83703906199935,21.99296,69.187
25.84947044799992,21.91552,68.75
25.861069232999398,21.954240000000002,69.031
25.873501577999377,21.91552,69.156
25.884748735999892,21.79936,68.875
25.89640566699927,21.721919999999997,69.187
25.908435599999393,21.721919999999997,68.781
25.921908137999708,21.644479999999998,68.718
25.93545770199944,21.644479999999998,68.843
25.949223367999366,21.6832,68.843
25.96335214999999,21.721919999999997,69.156
25.976388737999514,21.76064,68.843
25.988837148999664,21.79936,69.125
26.00156915199932,21.79936,69.062
26.0143286120001,21.79936,68.937
26.026565143999505,21.76064,69.062
26.039370492999296,21.721919999999997,69.25
26.052192450999428,21.6832,69.0
26.064528154000072,21.6832,68.937
26.077354431999993,21.721919999999997,69.156
26.089877755999623,21.76064,68.843
26.1026938899995,21.76064,69.125
26.115528327999527,21.79936,69.062
26.128480817999844,21.83808,69.25
26.14105803199982,21.91552,69.093
26.153183552999508,21.91552,69.281
26.165621530999488,21.954240000000002,68.875
26.177767883999877,21.954240000000002,69.062
26.190114084000015,21.954240000000002,69.375
26.2021184489995,21.99296,68.906
26.21437501299988,21.99296,69.281
26.226372561999597,21.91552,69.156
26.238424735999615,21.83808,68.906
26.251913657999467,21.83808,69.0
26.265545401000054,21.83808,68.875
26.279249784999593,21.8768,68.906
26.294481831999292,21.91552,69.125
26.306309615999453,21.954240000000002,68.937
26.31825797900001,21.954240000000002,69.062
26.330868346999523,21.954240000000002,68.968
26.34309335799935,21.954240000000002,69.031
26.355360130999543,21.8768,69.0
26.368639319000067,21.8768,69.375
26.38075447099982,21.83808,68.968
26.39304722899942,21.8768,69.187
26.405241935999584,21.91552,68.968
26.417775468999935,21.91552,69.125
26.4301948859993,21.91552,69.375
26.44240101699961,21.954240000000002,68.968
26.45473793600013,21.99296,69.031
26.467531764999876,21.954240000000002,69.125
26.47861104599997,21.91552,69.125
26.49001676899934,21.8768,69.343
26.502373591999458,21.91552,69.187
26.514377316999344,21.91552,68.875
26.526822847999938,21.91552,69.093
26.539192983999783,21.954240000000002,69.093
26.55114848299945,21.83808,69.218
26.563112015000115,21.83808,69.0
26.577382399999806,21.76064,69.218
26.590848345999802,21.79936,68.843
26.60471935899932,21.79936,68.843
26.61849052999969,21.83808,69.031
26.63155169499987,21.8768,69.031
26.644456598999568,21.8768,69.312
26.657279132999975,21.8768,69.062
26.669348171999445,21.8768,69.281
26.68198762799966,21.83808,68.875
26.699916941000083,21.83808,69.156
26.712613007000073,21.79936,68.843
26.72530683199966,21.79936,69.031
26.73681127799955,21.79936,69.343
26.74896716799958,21.83808,69.062
26.761730178999642,21.83808,69.312
26.77412521199949,21.8768,69.156
26.786838046999947,21.91552,68.937
26.79899959999966,21.91552,69.25
26.811744723999254,21.954240000000002,69.468
26.824142572999335,21.99296,69.031
26.83623138799976,21.91552,69.156
26.84899974399923,21.91552,68.781
26.86007969699949,21.91552,69.0
26.87223059400003,21.8768,68.968
26.88431540900001,21.79936,69.125
26.896366271999796,21.76064,69.0
26.90849182399961,21.721919999999997,69.156
26.9225644119997,21.76064,68.75
26.935010901999703,21.79936,68.812
26.950089280999237,21.83808,68.937
26.962730657000066,21.8768,69.312
26.974897458999294,21.8768,69.312
26.987879324999994,21.8768,68.968
27.0004919969997,21.8768,69.156
27.012836371999583,21.83808,69.156
27.027624596999885,21.83808,69.031
27.039200692999657,21.76064,69.031
27.05169848100013,21.76064,69.281
27.064288879999367,21.79936,69.093
27.07570426699931,21.721919999999997,69.093
27.088579954000124,21.6832,68.875
27.10112158299944,21.721919999999997,68.875
27.114087960999314,21.79936,69.031
27.1265778449997,21.83808,69.468
27.13866761999998,21.83808,69.093
27.15085819899923,21.8768,69.156
27.163038472999688,21.8768,68.875
27.175206810999953,21.8768,69.125
27.187341483999262,21.91552,68.812
27.19951014199978,21.8768,69.156
27.211514666999392,21.83808,69.437
27.223571513000024,21.79936,69.187
27.236585380999713,21.76064,68.875
27.25020281899924,21.76064,68.781
27.263769598999716,21.79936,69.0
27.278424315999473,21.83808,69.218
27.290368230999775,21.83808,69.156
27.3025012399994,21.8768,68.968
27.315069557999777,21.8768,69.156
27.327859899000032,21.8768,69.031
27.340115790999334,21.83808,69.5
27.355949040999803,21.83808,69.156
27.368163459999778,21.76064,69.312
27.380799491999824,21.79936,69.187
27.393487878000087,21.79936,69.0
27.406138565999754,21.83808,69.156
27.418671138999343,21.83808,68.937
27.431285410999408,21.8768,69.093
27.44444152199958,21.91552,69.062
27.456584451999333,21.91552,69.468
27.469389896999928,21.99296,68.937
27.481541241999366,21.99296,69.156
27.493736333000015,21.99296,68.937
27.50648590399942,21.99296,68.968
27.518754308999632,22.03168,69.281
27.530733648999558,21.91552,69.062
27.542680827999902,21.91552,68.781
27.554816300999846,21.8768,69.062
27.567552783999417,21.8768,68.75
27.581031145999987,21.91552,69.125
27.595032403000005,21.954240000000002,68.937
27.608192003000113,21.954240000000002,69.156
27.620917765999366,21.99296,69.125
27.63354288499977,21.99296,68.875
27.646367690999796,21.954240000000002,69.156
27.657583487999545,21.954240000000002,69.468
27.66986654899938,21.91552,68.937
27.68146405399966,21.79936,69.125
27.69393915299952,21.721919999999997,68.906
27.706548527999985,21.76064,69.031
27.719251217999954,21.76064,69.093
27.732330975999503,21.76064,69.562
27.74466565399962,21.79936,69.093
27.757091407999724,21.83808,69.375
27.769825138999295,21.8768,69.0
27.782610966999528,21.8768,69.281
27.79488212399974,21.91552,69.062
27.807071135000115,21.91552,69.531
27.819700446999377,21.954240000000002,68.937
27.831724075999773,21.954240000000002,69.125
27.844119396999304,21.954240000000002,68.906
27.855855592999433,21.8768,69.125
27.867846901999656,21.76064,68.968
27.878832611999314,21.721919999999997,68.812
27.891714411000066,21.6832,69.281
27.905194404999747,21.6832,69.093
27.918455768000058,21.721919999999997,68.781
27.932423872000072,21.76064,69.031
27.94480091999958,21.79936,68.937
27.95703780399981,21.79936,68.812
27.9700772719998,21.79936,68.968
27.982950816000084,21.79936,69.406
27.99541903499994,21.76064,69.156
28.01072333999946,21.76064,69.0
28.022833115999674,21.721919999999997,69.187
28.035399289999987,21.76064,69.031
28.047985911999604,21.76064,69.406
28.05929307199949,21.721919999999997,69.0
28.072275513999557,21.76064,69.281
28.085233987999345,21.76064,68.906
28.097791937999318,21.83808,69.125
28.110518883999248,21.83808,69.312
28.1224853599997,21.8768,69.562
28.135287221,21.8768,69.062
28.14727084900005,21.91552,69.187
28.159553750999294,21.91552,68.875
28.171555138999793,21.91552,69.093
28.183618897999622,21.91552,69.0
28.195656031999533,21.83808,69.125
28.207715405999807,21.79936,69.437
28.221036866999384,21.79936,69.156
28.23466246499993,21.79936,68.781
28.248307487999227,21.83808,68.843
28.263069407999865,21.8768,69.031
28.276166349999585,21.79936,69.281
28.287747853999463,21.76064,69.218
28.300322219999543,21.79936,68.843
28.313306039000054,21.79936,69.156
28.327965845000108,21.721919999999997,69.093
28.33965461599928,21.76064,69.0
28.351773255999433,21.6832,69.062
28.36464785499993,21.721919999999997,69.406
28.377137866999874,21.76064,69.0
28.38979012299933,21.76064,69.343
28.4019257559994,21.76064,69.25
28.41442824799924,21.79936,68.937
28.42684884999926,21.83808,69.031
28.43975749799938,21.83808,69.531
28.451741861999835,21.8768,69.156
28.46423622599923,21.91552,69.281
28.47654220000004,21.91552,68.781
28.48868423299973,21.954240000000002,69.062
28.500885914999344,21.954240000000002,69.062
28.513342517999263,21.8768,69.375
28.525268671999584,21.8768,68.968
28.537292749999324,21.79936,69.218
28.550519712000096,21.79936,68.781
28.563724560999617,21.79936,68.75
28.57755531699968,21.83808,69.031
28.590974828999606,21.8768,69.343
28.603510089999872,21.91552,69.218
28.61623969199991,21.91552,68.968
28.629006352000033,21.91552,69.156
28.641605967000032,21.8768,69.0
28.656437138,21.83808,68.843
28.669102770999416,21.79936,69.062
28.681607503000123,21.79936,69.093
28.694339056999524,21.83808,69.375
28.707006225999976,21.83808,69.031
28.71923312599938,21.8768,69.156
28.731887877999725,21.91552,68.875
28.744583783999587,21.954240000000002,69.406
28.757399596999676,21.99296,69.125
28.76939324199975,21.99296,69.375
28.781986615999813,22.03168,68.937
28.794161578000057,22.03168,69.125
28.8062671939997,22.03168,68.906
28.818298440000035,22.03168,69.0
28.830836740999985,22.070400000000003,69.437
28.84258512999986,21.954240000000002,69.062
28.85473167500004,21.91552,68.75
28.86844025099981,21.79936,69.031
28.882191452999905,21.76064,68.781
28.894844925999678,21.644479999999998,69.156
28.907974027999444,21.644479999999998,69.093
28.923186394999902,21.721919999999997,68.812
28.935735223999473,21.721919999999997,69.125
28.94780650299981,21.721919999999997,68.906
28.960855538999567,21.721919999999997,69.062
28.973325197999657,21.721919999999997,69.062
28.988767202999952,21.721919999999997,69.375
29.00118050799938,21.6832,69.312
29.013322892999895,21.6832,68.968
29.025882570999784,21.721919999999997,69.156
29.038446472999567,21.721919999999997,68.906
29.050423412999407,21.76064,69.125
29.06332092499997,21.6832,69.406
29.07583253699977,21.721919999999997,69.25
29.088309715999458,21.79936,68.937
29.10080459099936,21.79936,69.281
29.1133799499994,21.83808,68.937
29.125461916999484,21.83808,69.093
29.137901110999337,21.8768,69.312
29.14997530099936,21.8768,68.875
29.162165591999837,21.8768,69.156
29.174040096999306,21.79936,68.937
29.186024044999613,21.79936,68.687
29.199351169999318,21.721919999999997,69.031
29.21289513299962,21.721919999999997,68.812
29.22633070899974,21.76064,69.031
29.24051213199982,21.79936,69.093
29.25490706599976,21.83808,68.781
29.26745861499967,21.83808,69.093
29.280418848999943,21.83808,69.062
29.293299303999447,21.83808,69.406
29.305670591999842,21.83808,68.968
29.318121049999718,21.79936,69.218
29.330462033000003,21.76064,68.968
29.342960908999885,21.76064,69.156
29.35504860399942,21.76064,69.125
29.367774239000028,21.79936,69.5
29.38047107300008,21.79936,69.031
29.393254020999848,21.83808,69.343
29.406119979999858,21.8768,69.0
29.418549637999604,21.91552,69.25
29.4305123690001,21.954240000000002,69.218
29.44300689299962,21.954240000000002,69.406
29.454927222999686,21.99296,69.0
29.467290830999445,21.99296,69.25
29.479363773999467,21.8768,68.75
29.49167233999924,21.8768,69.0
29.503637791000074,21.76064,68.875
29.515618155000084,21.76064,68.843
29.52947134399983,21.644479999999998,69.0
29.542700609999883,21.6832,69.062
29.55520207799964,21.6832,69.0
29.56931815400003,21.76064,68.812
29.58363980499962,21.76064,69.0
29.59626655699958,21.79936,69.0
29.608976222999445,21.79936,69.25
29.62167635300011,21.79936,68.968
29.63391429300009,21.76064,69.156
29.646004483999604,21.76064,68.875
29.658491358999527,21.721919999999997,69.187
29.671188480999263,21.721919999999997,69.125
29.683740797999235,21.721919999999997,69.406
29.696502817999317,21.721919999999997,69.0
29.709455788000014,21.76064,69.218
29.72194295099962,21.79936,69.218
29.734789997000007,21.83808,68.906
29.749069630999657,21.8768,69.156
29.761259056999734,21.8768,69.156
29.7742518999994,21.8768,69.25
29.786630451999372,21.91552,68.906
29.799160176999976,21.91552,69.093
29.811806768999304,21.91552,68.812
29.824702457000058,21.8768,69.437
29.83701003099941,21.8768,69.0
29.849541674999273,21.76064,69.25
29.864298539999254,21.721919999999997,68.937
29.879188943999907,21.721919999999997,68.906
29.893698568999753,21.721919999999997,68.968
29.90982155399979,21.79936,69.281
29.922678520999398,21.79936,69.25
29.9365667510001,21.79936,68.906
29.950291359999937,21.79936,68.968
29.96319568799936,21.79936,68.937
29.97949240699927,21.76064,69.125
29.99229388399999,21.76064,69.437
30.006434760999582,21.76064,69.281
30.0195872889999,21.79936,68.937
30.033581601999686,21.79936,68.937
30.046878965999895,21.79936,69.156
30.060121735999928,21.83808,69.406
30.07330712899966,21.8768,69.281
30.086854675999348,21.76064,68.968
30.09913943399988,21.79936,69.156
30.11173047200009,21.79936,68.843
30.124060926999846,21.83808,68.875
30.136491159999423,21.83808,68.906
30.14911599199968,21.8768,69.312
30.161323114999504,21.79936,69.0
30.173537661999944,21.76064,69.062
30.186460421999982,21.6832,68.968
30.20086658799937,21.721919999999997,68.781
30.215045258999453,21.721919999999997,69.187
30.22949449799944,21.79936,69.156
30.245004504999997,21.83808,69.25
30.25899212999957,21.83808,68.937
30.273293395999644,21.83808,69.156
30.286209885000062,21.83808,69.031
30.29906285099969,21.79936,69.031
30.313947590999305,21.79936,69.375
30.326951506000114,21.76064,69.0
30.340749396999854,21.79936,68.968
30.354014183999425,21.83808,69.156
30.367250106999563,21.83808,68.937
30.3805932639998,21.83808,69.375
30.39396499799932,21.91552,68.968
30.407267161999698,21.954240000000002,69.25
30.419466700999692,21.954240000000002,69.218
30.43274374399971,21.954240000000002,68.906
30.445730507000007,21.99296,69.062
30.45838266699957,21.99296,69.312
30.470808645000034,21.99296,69.25
30.483175163999476,21.954240000000002,68.937
30.495374383000126,21.91552,69.125
30.5077983759993,21.83808,68.937
30.52190581299965,21.8768,69.25
30.5366769809998,21.8768,69.093
30.55170306999935,21.91552,69.218
30.567049135999696,21.954240000000002,68.906
30.58095298199987,21.954240000000002,68.906
30.594927391000056,21.954240000000002,69.125
30.608865221999622,21.954240000000002,69.031
30.621562280000035,21.91552,69.031
30.637328069999967,21.91552,69.375
30.65000637599951,21.83808,69.031
30.663311643999805,21.8768,68.968
30.676855830999557,21.83808,68.968
30.690000197999325,21.76064,69.25
30.702936175000104,21.76064,69.187
30.71618665799997,21.83808,69.0
30.729072393000024,21.8768,69.187
30.74162253399936,21.8768,69.0
30.75463214499996,21.91552,69.375
30.767171469999994,21.91552,69.062
30.779840174999663,21.91552,69.312
30.792316521999965,21.954240000000002,68.906
30.805164783999317,21.954240000000002,69.093
30.817393540000012,21.8768,69.0
30.829629686999397,21.83808,68.781
30.843554269999913,21.79936,69.218
30.858521604999623,21.76064,68.781
30.873067230999368,21.721919999999997,68.718
30.887404401999447,21.79936,68.75
30.90292186499937,21.79936,69.0
30.916586855999412,21.83808,68.875
30.930278343999817,21.83808,69.281
30.943576828000005,21.83808,69.218
30.956328543999916,21.79936,68.968
30.969499119999455,21.79936,69.187
30.98278621099962,21.76064,69.093
30.99579450999954,21.79936,69.406
31.00898787099959,21.79936,69.031
31.02190355899984,21.83808,69.375
31.034872913000072,21.83808,69.218
31.04874190999999,21.8768,69.031
31.06169695999961,21.91552,69.062
31.074421953999263,21.91552,69.156
31.086579507999886,21.954240000000002,69.25
31.09884688799957,21.954240000000002,68.906
31.110907958999633,21.954240000000002,69.156
31.123280909999266,21.954240000000002,68.875
31.135758280999653,21.99296,69.156
31.14772322099998,21.8768,69.625
31.159751393999613,21.8768,69.281
31.173435041999255,21.79936,68.906
31.187270341999465,21.83808,68.968
31.200639996000064,21.83808,68.875
31.21472026399988,21.8768,69.0
31.2286556629997,21.91552,69.281
31.24152485400009,21.91552,69.0
31.25419656699978,21.91552,69.312
31.266772340999523,21.91552,69.0
31.279008647999945,21.83808,68.843
31.293613443999675,21.76064,68.968
31.306272195999554,21.6832,69.0
31.31921553399934,21.721919999999997,69.281
31.331786474999717,21.721919999999997,68.937
31.34450999799992,21.76064,69.25
31.356822819999252,21.76064,68.968
31.369711562999328,21.79936,68.906
31.382425581999996,21.83808,69.093
31.394782244999988,21.8768,69.468
31.406765456999892,21.91552,69.093
31.419498803999886,21.91552,69.156
31.431562113999462,21.954240000000002,68.875
31.444148831999883,21.954240000000002,69.125
31.45657276199927,21.954240000000002,69.062
31.468950001999474,21.91552,69.312
31.481067457999416,21.8768,68.906
31.493247571999746,21.79936,69.156
31.505958742000075,21.83808,69.0
31.52036077899993,21.83808,68.75
31.534487831999286,21.8768,69.25
31.54958441799954,21.91552,68.843
31.562321413000063,21.91552,69.281
31.575157386999308,21.91552,69.156
31.58797537600003,21.91552,68.968
31.600750867999523,21.91552,69.093
31.613971173999744,21.8768,69.093
31.626636773999962,21.83808,69.406
31.63897801299936,21.83808,68.937
31.651668894000068,21.83808,69.281
31.664269436999348,21.8768,69.0
31.67702422399998,21.8768,69.218
31.689455065999937,21.91552,69.125
31.702050903999407,21.954240000000002,69.375
31.714510642999812,21.99296,69.156
31.726457565999226,21.99296,69.437
31.739047611999922,22.03168,68.937
31.75133598499997,22.03168,69.093
31.76337379100005,22.03168,68.906
31.775848857999335,22.03168,69.218
31.78836382999998,22.03168,69.156
31.80055491999974,21.954240000000002,69.312
31.812663127999258,21.954240000000002,68.906
31.82581786299943,21.8768,69.0
31.839221149999503,21.91552,68.812
31.853856058999554,21.91552,68.812
31.870487539999885,21.91552,68.812
31.88268288600011,21.83808,68.875
31.894551181999304,21.76064,68.812
31.907331665999664,21.76064,69.0
31.920378879000054,21.79936,68.812
31.93560545299988,21.76064,69.25
31.947284271999706,21.76064,68.968
31.959699977000128,21.6832,69.187
31.97207084799993,21.721919999999997,69.125
31.98481053099931,21.721919999999997,68.937
31.997405665999395,21.76064,69.062
32.01038529199923,21.76064,69.5
32.02298391499971,21.79936,69.031
32.03583886499928,21.83808,68.968
32.048431022999466,21.8768,69.218
32.06078221400003,21.83808,68.968
32.073281665999275,21.8768,69.062
32.08562584899937,21.91552,69.375
32.09764493399962,21.91552,69.093
32.110086048000085,21.91552,69.062
32.12254181799926,21.954240000000002,69.312
32.134538437999254,21.83808,69.0
32.146580627999356,21.83808,68.937
32.16030040499936,21.76064,69.281
32.17410898399976,21.79936,69.156
32.18773560599948,21.79936,68.875
32.20152427999983,21.8768,68.843
32.21495303999927,21.8768,69.156
32.22710163299962,21.91552,68.968
32.24003204199926,21.91552,69.0
32.25157946499985,21.91552,69.406
32.26419552799962,21.8768,69.281
32.278923430999384,21.8768,69.0
32.290846352999324,21.79936,69.187
32.303279531000044,21.83808,69.093
32.31641503299943,21.83808,69.531
32.32898293499966,21.8768,69.0
32.34150497900009,21.8768,69.312
32.35414763500012,21.91552,69.0
32.36702072999924,21.99296,69.156
32.3788651219993,21.954240000000002,69.218
32.39129593100006,21.99296,69.437
32.40372475699951,22.03168,69.062
32.416167022999616,22.03168,69.25
32.42856458299957,22.03168,68.906
32.440898461999495,22.070400000000003,69.125
32.45300711799973,21.954240000000002,68.875
32.46497432899923,21.954240000000002,69.218
32.47828452499925,21.8768,68.875
32.49073082299947,21.721919999999997,69.0
32.50466766199952,21.76064,68.968
32.517287564999606,21.76064,68.781
32.532425944999886,21.79936,68.687
32.54515554799946,21.83808,69.0
32.557230794000134,21.83808,69.25
32.569878186000096,21.83808,68.968
32.582364740999765,21.83808,69.156
32.59475090899923,21.79936,68.875
32.607111412999984,21.79936,69.125
32.61918291499933,21.76064,69.125
32.6317235839997,21.76064,69.406
32.64470304999941,21.79936,69.0
32.65759105699999,21.79936,69.281
32.67002621899974,21.79936,69.156
32.68266970700006,21.8768,68.937
32.69550174399956,21.91552,69.156
32.70807380599945,21.91552,69.562
32.72037942799943,21.954240000000002,69.0
32.73271122599999,21.954240000000002,69.25
32.74500123100006,21.99296,68.906
32.75698725899929,21.99296,68.843
32.76938894799969,21.99296,69.125
32.7814688669996,21.91552,69.437
32.79341671699967,21.91552,68.875
32.80639650400008,21.83808,69.187
32.81851242299945,21.83808,68.781
32.83083663799971,21.83808,68.75
32.8451485279993,21.8768,68.937
32.85962343199935,21.954240000000002,68.968
32.87288210599945,21.91552,69.187
32.885976839999785,21.91552,68.843
32.89859491900006,21.8768,69.093
32.9110412809996,21.8768,69.031
32.92407790099969,21.83808,68.906
32.93669236400001,21.83808,69.093
32.94901296199987,21.79936,69.312
32.96180003799964,21.83808,69.281
32.97411612399992,21.83808,69.0
32.986726618999455,21.8768,69.125
32.99951507100013,21.8768,69.0
33.012384773999656,21.91552,69.156
33.02527422099956,21.954240000000002,69.062
33.037331930999244,21.954240000000002,69.468
33.049897816999874,21.99296,69.031
33.06241099699946,21.99296,69.156
33.0747161700001,21.954240000000002,68.875
33.086862842999835,21.91552,69.0
33.09953663599936,21.8768,69.187
33.11133334599981,21.76064,68.968
33.12333879899961,21.721919999999997,69.218
33.135357339999246,21.6832,68.812
33.14711507299944,21.6832,68.718
33.160871778,21.6832,68.843
33.174452382999334,21.721919999999997,68.843
33.18871304000004,21.76064,69.187
33.20001927099929,21.79936,68.937
33.2125702759995,21.79936,69.125
33.225637328999255,21.79936,69.093
33.23819079799978,21.79936,68.875
33.250491330999466,21.76064,68.906
33.26492063399928,21.76064,69.406
33.27729512099995,21.721919999999997,69.25
33.28974996299985,21.721919999999997,68.968
33.3023215129997,21.76064,69.156
33.31523752099929,21.79936,68.968
33.32790952199957,21.79936,69.062
33.340445838999585,21.83808,69.0
33.353252339999926,21.91552,69.187
33.36540525300006,21.91552,69.062
33.37788345499939,21.954240000000002,69.062
33.389923404999536,21.954240000000002,68.906
33.40239056700011,21.954240000000002,69.062
33.414391955999236,21.954240000000002,69.218
33.42650534799941,21.956608,68.906
33.438467887000115,21.8768,69.187
33.45037202399999,21.8768,68.906
33.46353347999957,21.76064,68.875
33.475275531999614,21.79936,68.906
33.48807352099993,21.79936,69.125
33.50207253799999,21.83808,69.156
33.51474812299966,21.8768,68.812
33.527191188999495,21.8768,69.093
33.53988834199936,21.8768,68.875
33.551914498999395,21.91552,69.062
33.564869451999584,21.8768,69.0
33.5781022379997,21.8768,69.281
33.590025255999535,21.83808,69.031
33.602361726999334,21.79936,69.25
33.614924763999625,21.83808,68.968
33.62722001699967,21.83808,69.156
33.63940880299924,21.8768,69.437
33.65203670699975,21.91552,69.343
33.664493532999586,21.91552,68.968
33.67726623999988,21.99296,69.187
33.68949937999969,21.83808,68.937
33.70058541199978,21.8768,69.062
33.71334963999925,21.91552,69.343
33.72547413599932,21.91552,68.968
33.73792485000013,21.954240000000002,69.156
33.75004256200009,21.954240000000002,68.875
33.762079886999345,21.91552,69.156
33.77403397799935,21.8768,69.0
33.78604026299945,21.79936,69.437
33.7994057879996,21.83808,68.875
33.81322675199954,21.83808,68.812
33.82670002499981,21.8768,68.812
33.84279763399991,21.91552,69.062
33.85498389099939,21.954240000000002,68.812
33.86774063099983,21.954240000000002,68.906
33.879298070000004,21.91552,69.218
33.891982135000035,21.8768,69.218
33.90559163599937,21.83808,69.0
33.917917545999444,21.83808,69.187
33.93033085099978,21.79936,68.875
33.943677847999425,21.79936,69.406
33.95666534599968,21.79936,69.0
33.96969940599956,21.83808,69.437
33.98295369599964,21.8768,69.218
33.9961391529996,21.91552,68.968
34.009342304999336,21.954240000000002,69.093
34.021928094999566,21.954240000000002,69.187
34.03517041699979,21.99296,69.312
34.04780577699967,21.99296,69.031
34.060425487999964,21.99296,69.187
34.07357366299948,21.954240000000002,68.937
34.08637139599978,21.99296,69.093
34.09864741599995,21.8768,69.125
34.11094762999983,21.8768,69.156
34.12543299799927,21.79936,69.156
34.139852890999464,21.83808,69.125
34.15429793800013,21.83808,69.062
34.17072253199967,21.91552,68.968
34.184444996999446,21.91552,69.312
34.19808390699927,21.91552,69.25
34.21193200699963,21.91552,68.968
34.224856847999945,21.8768,69.125
34.23842705199968,21.8768,68.937
34.251012746000015,21.83808,69.468
34.26395153900012,21.83808,69.031
34.276626226999724,21.8768,69.343
34.28934168499927,21.76064,68.875
34.301907858999584,21.76064,68.906
34.31429809099973,21.79936,69.093
34.32696036299967,21.83808,69.406
34.339657933000126,21.8768,69.031
34.35186758399959,21.91552,69.468
34.36439081199933,21.954240000000002,68.968
34.37696300099924,21.954240000000002,69.156
34.38906458499969,21.954240000000002,69.093
34.401293051999346,21.99296,68.812
34.41359556899988,21.99296,69.125
34.425722817999485,21.91552,69.437
34.437777870999525,21.8768,68.843
34.45120160699935,21.83808,68.781
34.46454898799948,21.83808,68.843
34.47669198099993,21.8768,68.75
34.49075839199941,21.91552,69.218
34.50373600199964,21.954240000000002,68.937
34.51600306199998,21.954240000000002,69.218
34.52756274100011,21.954240000000002,68.937
34.54022930099927,21.954240000000002,69.187
34.55274932900011,21.91552,68.937
34.56779112999993,21.91552,69.437
34.57977664600003,21.8768,69.125
34.59260791499946,21.8768,69.281
34.605298443999345,21.91552,69.218
34.61816405099944,21.91552,69.0
34.630749040999945,21.954240000000002,69.156
34.64327319699987,21.954240000000002,69.437
34.655920620999495,21.99296,68.968
34.668748145999416,22.03168,69.437
34.68115111499992,22.070400000000003,69.187
34.69349456100008,22.070400000000003,68.968
34.70584939999935,22.070400000000003,69.125
34.7178482599993,22.070400000000003,69.343
34.730201147000116,22.070400000000003,69.0
34.742197863999536,21.99296,69.218
34.75414142599948,21.99296,68.875
34.766302562999954,21.91552,68.875
34.77968044099998,21.91552,68.937
34.79195668600005,21.954240000000002,69.312
34.80615436500011,21.954240000000002,69.218
34.81890697600011,21.99296,68.843
34.83184592899943,21.99296,69.093
34.84470910299933,22.03168,68.906
34.85781948499971,22.03168,68.968
34.87244197699965,21.99296,68.968
34.88515989899952,21.91552,69.187
34.89683462099947,21.83808,68.75
34.90892353199979,21.721919999999997,69.062
34.92101292299958,21.721919999999997,69.031
34.93275891099984,21.76064,68.843
34.94557421199988,21.76064,69.062
34.95839463399989,21.76064,69.406
34.97105248999924,21.79936,69.031
34.98414920699997,21.8768,69.031
34.99669886799984,21.91552,69.218
35.00879149100001,21.91552,69.0
35.0209952539999,21.91552,68.937
35.03358401999958,21.954240000000002,69.281
35.04567251499975,21.954240000000002,68.968
35.05792904699956,21.954240000000002,69.125
35.06949528599944,21.954240000000002,69.031
35.08102709200011,21.83808,69.125
35.09317075599938,21.79936,68.906
35.10668527799953,21.76064,69.312
35.12160406699968,21.76064,69.125
35.13524646499991,21.79936,69.125
35.150433997999244,21.83808,68.812
35.16325457899984,21.8768,69.031
35.17574388599951,21.8768,68.843
35.18872824899972,21.8768,69.406
35.20136415199977,21.8768,69.0
35.213613068000086,21.83808,69.031
35.22881576899999,21.83808,69.281
35.24119691299984,21.79936,68.875
35.25384516899976,21.79936,69.031
35.26632026799962,21.83808,69.437
35.27917313799935,21.8768,69.375
35.29209711399926,21.8768,68.968
35.30441470400001,21.91552,69.25
35.31723874099953,21.954240000000002,68.968
35.329602155999964,21.954240000000002,69.218
35.34219018599924,21.99296,69.375
35.35425682499954,21.99296,69.031
35.36651527699996,22.03168,69.0
35.37905997799953,22.03168,69.062
35.39178500399976,22.070400000000003,68.937
35.40372926999953,21.954240000000002,69.125
35.415725089999796,21.954240000000002,69.281
35.42909231199974,21.83808,68.937
35.44125645699933,21.8768,68.812
35.455102349999834,21.8768,68.968
35.46871757899953,21.91552,69.062
35.4811404839993,21.954240000000002,68.843
35.49350076299925,21.8768,68.843
35.50624889399933,21.8768,69.156
35.518628949999766,21.83808,68.937
35.53102833399953,21.83808,69.187
35.54313801299941,21.83808,68.906
35.555376880999574,21.83808,69.125
35.567350235999584,21.76064,69.093
35.57969429100012,21.79936,69.343
35.59254200899977,21.79936,69.0
35.6055487069998,21.83808,69.25
35.617945531999794,21.83808,69.187
35.63062917999923,21.8768,68.937
35.642982194999604,21.91552,69.156
35.65586914599953,21.954240000000002,69.593
35.66806996499963,21.99296,69.093
35.68026195099992,21.99296,69.25
35.692638133999935,21.99296,68.781
35.704570240000066,21.99296,69.093
35.716842836999604,21.99296,68.875
35.728856705,21.91552,69.468
35.74086382199948,21.91552,69.343
35.75284674499926,21.83808,69.25
35.76608561099965,21.8768,68.75
35.779841996999494,21.8768,68.718
35.794102652999754,21.91552,68.937
35.807609622999735,21.954240000000002,68.875
35.81998555099926,21.954240000000002,69.25
35.83146001099976,21.99296,68.968
35.84433147399977,21.99296,69.187
35.85720683999989,21.954240000000002,68.906
35.870934360999854,21.91552,68.843
35.88452866099942,21.8768,69.0
35.89699524799926,21.79936,69.312
35.9095580610001,21.79936,68.906
35.92209402499975,21.83808,69.0
35.935063602999435,21.83808,69.156
35.947811510000065,21.8768,68.937
35.960516374999315,21.91552,69.031
35.97314437499972,21.954240000000002,69.0
35.98557691199949,21.954240000000002,69.375
35.99809921199994,21.99296,68.937
36.01031398299983,21.99296,69.156
36.02292418899924,21.99296,68.875
36.03489920899938,21.99296,68.906
36.047019671999806,22.03168,69.343
36.05896493099954,21.91552,68.937
36.07090663700001,21.91552,69.156
36.083095390999915,21.79936,68.812
36.094836964000024,21.79936,68.937
36.10648106099961,21.721919999999997,68.75
36.11984392999966,21.6832,69.031
36.13216423999984,21.76064,68.812
36.14429830500012,21.76064,69.031
36.15681042799952,21.79936,68.906
36.16961126499973,21.79936,69.062
36.18243104599969,21.79936,69.062
36.19470760999957,21.79936,69.343
36.20847801199943,21.76064,69.0
36.220891668999684,21.721919999999997,69.312
36.23373484300009,21.721919999999997,69.187
36.24637234599959,21.76064,69.031
36.25904127499962,21.79936,69.125
36.27191193699946,21.79936,69.437
36.284450845999345,21.83808,69.343
36.29713817499942,21.8768,68.937
36.3097284129999,21.91552,69.281
36.32167181499972,21.91552,69.0
36.33415254600004,21.91552,68.968
36.346130092999374,21.954240000000002,69.375
36.358446626999466,21.954240000000002,69.031
36.37060638799994,21.954240000000002,69.156
36.38290186499944,21.954240000000002,69.093
36.39489096499983,21.8768,69.343
36.40690412999993,21.83808,69.156
36.4203489219999,21.79936,68.812
36.43405106599948,21.83808,69.156
36.44727361100013,21.83808,68.812
36.46117400099956,21.91552,69.156
36.47288718799973,21.91552,68.906
36.48567778399956,21.954240000000002,68.843
36.49868032299946,21.91552,69.062
36.51121318300011,21.91552,69.437
36.52353976499944,21.8768,69.312
36.53777334899951,21.8768,69.062
36.550142235999374,21.83808,69.156
36.56282543699945,21.8768,68.968
36.57496010900013,21.91552,69.156
36.58740445500007,21.91552,69.5
36.60014816900002,21.91552,69.187
36.61275143199964,21.99296,69.031
36.62580427600005,22.03168,69.281
36.63793897999949,22.03168,69.031
36.65046431999963,22.070400000000003,69.031
36.66241719499976,22.070400000000003,69.406
36.67462377299944,22.070400000000003,69.062
36.68685825600005,22.109119999999997,69.187
36.698441487999844,22.03168,69.156
36.71047833299963,21.91552,69.218
36.72201669900005,21.8768,68.968
36.73421902099926,21.83808,69.281
36.74758323500009,21.83808,68.875
36.76003961300012,21.83808,69.156
36.77214714799993,21.8768,69.062
36.78792471499946,21.91552,68.843
36.800570282999615,21.954240000000002,69.125
36.81312186299965,21.954240000000002,69.031
36.826224180999816,21.954240000000002,69.343
36.8391272279996,21.91552,69.0
36.852586676999636,21.91552,68.937
36.865827974999775,21.8768,69.218
36.87812729199959,21.83808,68.906
36.89068524100003,21.83808,68.968
36.90225109599942,21.83808,69.312
36.91425683599937,21.83808,69.0
36.926874690999284,21.83808,69.0
36.93962109399945,21.8768,69.156
36.95229619800011,21.91552,68.906
36.9648196499993,21.954240000000002,69.281
36.97680986999967,21.99296,69.468
36.98906048199933,21.99296,68.937
37.00114766399929,21.99296,69.187
37.0134506939994,22.03168,68.843
37.02554520499962,22.03168,69.031
37.03771885399965,21.954240000000002,69.062
37.04976721899948,21.91552,69.406
37.061799456999324,21.83808,68.968
37.07523621600012,21.83808,69.156
37.08915577500011,21.83808,69.0
37.10256936599944,21.83808,68.781
37.11672867499965,21.8768,68.812
37.12901051999961,21.91552,68.937
37.14151086699985,21.91552,69.25
37.15424104499925,21.91552,68.937
37.16660295600013,21.91552,69.156
37.17879599799926,21.83808,69.125
37.19354198199926,21.8768,68.906
37.20609394699932,21.79936,69.093
37.21758866299933,21.83808,69.312
37.229785257,21.83808,68.968
37.24236211900006,21.8768,69.062
37.25469247699948,21.8768,69.156
37.26712498199959,21.954240000000002,68.937
37.279417770999316,21.99296,69.093
37.29221111999959,21.954240000000002,69.312
37.30409195999982,21.8768,68.937
37.3153168129993,21.83808,69.093
37.3274566049995,21.8768,68.937
37.33951137099939,21.8768,69.062
37.35194710799988,21.8768,68.718
37.36445996800012,21.91552,69.093
37.37646481199954,21.79936,69.343
37.388508280999304,21.79936,69.093
37.4010039879995,21.721919999999997,68.781
37.41419549300008,21.76064,69.0
37.42642552799953,21.76064,68.687
37.438290271999904,21.83808,68.906
37.451522577000105,21.83808,68.843
37.46417566499986,21.8768,69.218
37.47712722599954,21.83808,68.937
37.49006182699941,21.8768,69.156
37.502280308999616,21.83808,68.875
37.51448768799946,21.83808,69.468
37.526855102999434,21.79936,69.031
37.53915630799929,21.79936,69.218
37.55171704099939,21.79936,68.968
37.56427294199966,21.83808,69.156
37.577085010999326,21.83808,69.093
37.58976165100012,21.8768,69.468
37.60254466300012,21.91552,69.0
37.61506462699981,21.954240000000002,69.312
37.62703481399967,21.954240000000002,69.156
37.639290481999524,21.99296,69.093
37.65150451599948,21.99296,68.906
37.66356107399952,21.99296,69.093
37.67578480499924,22.03168,69.187
37.68792587699954,22.03168,69.375
37.69982802999948,21.954240000000002,69.312
37.7117237829998,21.91552,69.156
37.725833587000125,21.83808,68.812
37.739323275999595,21.8768,68.718
37.751675778999925,21.8768,68.906
37.76645152299989,21.954240000000002,68.937
37.77968299699933,21.954240000000002,69.156
37.791865029999826,21.954240000000002,68.875
37.80484830399928,21.954240000000002,69.093
37.817539601000135,21.954240000000002,68.875
37.82973129899983,21.91552,69.312
37.8443905919994,21.91552,69.093
37.85690447499928,21.8768,69.0
37.8697632329995,21.8768,69.187
37.88331023599949,21.91552,68.875
37.8952733189999,21.8768,68.906
37.90791770299984,21.76064,69.281
37.920363935999376,21.76064,69.218
37.93339041099989,21.83808,68.906
37.94523144300001,21.8768,69.218
37.95737049899981,21.8768,68.968
37.96912464699926,21.91552,69.0
37.98175315899971,21.91552,69.437
37.99406223599999,21.91552,68.968
38.006512405999274,21.954240000000002,69.093
38.01795323299939,21.954240000000002,69.031
38.03018419599994,21.8768,69.156
38.04240370199932,21.83808,69.031
38.056422175999614,21.76064,69.343
38.069824341999265,21.79936,69.125
38.083206859999336,21.79936,69.031
38.098720994999894,21.79936,68.75
38.11189809899952,21.83808,69.062
38.12417066299986,21.83808,68.843
38.137252724000064,21.83808,69.406
38.1501110979998,21.83808,69.031
38.162550706999355,21.79936,69.281
38.17649541799983,21.79936,69.187
38.18855418399926,21.76064,69.0
38.200850108999475,21.79936,69.093
38.21349935699982,21.79936,69.437
38.22637533099987,21.79936,69.062
38.238627318999534,21.79936,69.312
38.2513209839999,21.8768,69.187
38.2640160889996,21.91552,68.937
38.27561852100007,21.91552,69.281
38.287675654999475,21.954240000000002,69.437
38.30038804099968,21.954240000000002,69.062
38.31281683399993,21.954240000000002,69.156
38.324978611000006,21.99296,68.937
38.33715888400002,21.99296,69.125
38.3495821409997,21.91552,68.937
38.36155200799931,21.91552,69.437
38.37375189799968,21.83808,69.062
38.38711713599969,21.83808,69.156
38.39899452000009,21.8768,68.781
38.41231268399952,21.8768,68.812
38.42687834199933,21.91552,69.0
38.4395199089995,21.954240000000002,68.906
38.451951261999966,21.954240000000002,69.343
38.464863782000066,21.954240000000002,69.062
38.477297694999834,21.954240000000002,69.25
38.489744600999984,21.8768,69.0
38.504913156999464,21.79936,68.937
38.5161698819993,21.721919999999997,69.062
38.52905228899999,21.76064,69.25
38.5418711100001,21.76064,69.031
38.55480926199925,21.79936,69.25
38.56632004399944,21.79936,68.937
38.57844252299947,21.83808,68.906
38.59107897099966,21.91552,69.093
38.60408512499998,21.91552,69.5
38.61610868999924,21.954240000000002,69.031
38.628731152999535,21.954240000000002,69.281
38.64075654099997,21.99296,68.843
38.65285911599949,21.99296,69.062
38.66489112899944,21.99296,68.875
38.676904389999436,21.954240000000002,69.031
38.688858607999464,21.91552,69.5
38.70101238499956,21.83808,69.187
38.714236146000076,21.83808,68.843
38.726296991999334,21.8768,68.968
38.739049922999584,21.8768,68.968
38.753827683000054,21.954240000000002,69.281
38.76602536500013,21.954240000000002,68.968
38.77843918100007,21.954240000000002,69.281
38.79135272499934,21.954240000000002,69.218
38.80361677699966,21.954240000000002,68.968
38.81569573499928,21.91552,69.125
38.83080028899985,21.91552,69.125
38.843624389999604,21.83808,69.281
38.85652666999977,21.8768,69.0
38.86891382900012,21.8768,69.187
38.88138879999951,21.91552,69.031
38.893885274999775,21.91552,69.093
38.90565833599976,21.954240000000002,68.968
38.91716678099965,21.91552,69.343
38.92954609999924,21.91552,69.375
38.9410948349996,21.91552,69.312
38.95403388299928,21.954240000000002,68.906
38.96657807199972,21.954240000000002,69.062
38.97921627899996,21.99296,68.843
38.99137092000001,21.99296,68.937
39.00376886399954,21.954240000000002,69.406
39.01575783499993,21.91552,69.031
39.027884250999705,21.83808,68.906
39.04100100100004,21.83808,68.906
39.05314517699935,21.83808,68.781
39.06664091499988,21.8768,69.343
39.08136801699948,21.91552,68.906
39.09416248499929,21.91552,69.156
39.10675022699979,21.79936,68.968
39.11965042599968,21.79936,68.812
39.1325354569999,21.79936,69.031
39.146600587999274,21.79936,68.937
39.15946843399979,21.76064,69.25
39.171536672,21.721919999999997,68.906
39.184107324999786,21.76064,69.187
39.19697651599927,21.76064,69.156
39.20930082599989,21.79936,68.968
39.22153118099959,21.79936,69.125
39.234748988999854,21.83808,69.406
39.24725986499925,21.8768,69.0
39.259850327000095,21.91552,69.312
39.27182937799989,21.954240000000002,69.156
39.28439535899997,21.954240000000002,68.937
39.29640685999948,21.954240000000002,68.937
39.30855126000006,21.99296,69.218
39.320553255999585,21.99296,69.0
39.33266101499976,21.954240000000002,69.156
39.3446108499993,21.91552,68.937
39.356599693000135,21.83808,69.0
39.370046276999346,21.83808,68.875
39.384039757999744,21.83808,69.156
39.39763536999999,21.8768,69.187
39.4113384100001,21.91552,68.906
39.42384214899994,21.954240000000002,69.156
39.43676225299987,21.954240000000002,68.906
39.44977343099981,21.954240000000002,69.468
39.4625837399999,21.91552,69.031
39.47625080999933,21.91552,69.281
39.488974939999935,21.8768,69.25
39.50165455699971,21.83808,68.968
39.514401982999516,21.83808,69.125
39.52699535699958,21.8768,68.968
39.53951055299967,21.8768,69.468
39.55237379099981,21.91552,69.031
39.56491650699991,21.954240000000002,69.156
39.577454967999984,21.99296,69.031
39.58950154099966,21.99296,69.281
39.60202979299993,21.99296,68.906
39.61439589600013,22.03168,69.031
39.62647434199971,22.03168,69.375
39.63888870299979,22.03168,69.093
39.651198259999546,22.03168,69.125
39.66317887900004,21.954240000000002,69.187
39.675172554999335,21.954240000000002,68.781
39.68911928199941,21.8768,69.156
39.70224895999945,21.79936,68.812
39.716088035999746,21.76064,68.968
39.7293019079998,21.79936,69.0
39.742550949999895,21.83808,68.75
39.75497193499996,21.8768,68.968
39.76797104899924,21.8768,69.343
39.780888657000105,21.8768,69.375
39.7931798769996,21.83808,68.875
39.806943654999486,21.83808,69.156
39.8192777889999,21.76064,69.125
39.83233242499955,21.79936,68.906
39.84456549999959,21.79936,69.093
39.85708683999928,21.83808,69.437
39.870060608999665,21.83808,69.031
39.88293114299995,21.8768,69.0
39.89613506399928,21.91552,69.156
39.90831562499989,21.954240000000002,68.875
39.91946322700005,21.91552,69.156
39.93213586699949,21.91552,69.218
39.94459682099932,21.91552,68.875
39.957010477999575,21.91552,69.218
39.96962596399953,21.91552,68.843
39.981895936,21.954240000000002,69.031
39.99398097499943,21.8768,69.125
40.00603378799951,21.83808,69.218
40.01791472500008,21.79936,68.906
40.0320846579998,21.79936,69.031
40.04460682999979,21.83808,68.937
40.057356592999895,21.8768,68.781
40.0718460879998,21.8768,69.312
40.08442992599976,21.91552,68.968
40.09740571099974,21.91552,69.218
40.11012337699958,21.91552,68.968
40.122457798999676,21.83808,68.843
40.138115873999595,21.83808,69.093
40.15047045599931,21.76064,69.5
40.163146840999616,21.79936,69.375
40.176024798999606,21.79936,69.062
40.18751381999937,21.83808,69.25
40.199978998000006,21.83808,69.0
40.212937151000006,21.8768,69.156
40.225108431999615,21.91552,68.937
40.237697421999655,21.954240000000002,69.093
40.24968188099956,21.954240000000002,69.093
40.26236655399953,21.99296,69.25
40.274315747999935,21.99296,68.875
40.28667433099963,21.99296,69.062
40.29863677399953,21.954240000000002,68.718
40.31105939000008,21.91552,69.0
40.32301348100009,21.79936,69.343
40.335051029999704,21.79936,68.812
40.3482806789998,21.721919999999997,68.781
40.36183184199945,21.76064,68.906
40.37545449499976,21.76064,68.968
40.38988866099953,21.83808,69.25
40.40221348299929,21.83808,68.875
40.41442319699945,21.8768,69.25
40.427409031000025,21.8768,69.125
40.44048753900006,21.8768,69.031
40.45306488099959,21.83808,68.875
40.46878375699998,21.79936,69.093
40.481209734000004,21.76064,69.406
40.4937359380001,21.79936,69.25
40.506233148999854,21.79936,68.968
40.51909046699984,21.83808,69.187
40.53176973099926,21.83808,69.0
40.54451286999938,21.8768,69.406
40.55749233499955,21.91552,69.031
40.56983795799988,21.91552,69.343
40.58268762699936,21.954240000000002,68.906
40.59471963999931,21.99296,69.125
40.606758532999265,21.99296,68.906
40.6188297789995,21.99296,68.906
40.631008355999256,21.99296,69.25
40.642962062999686,21.91552,68.968
40.654883479999626,21.91552,69.156
40.66811376899932,21.79936,69.093
40.681678308999835,21.83808,68.687
40.69521923100001,21.83808,69.156
40.70919104699988,21.8768,68.906
40.721902727999804,21.8768,69.156
40.73459261700009,21.91552,69.062
40.74744747099976,21.91552,68.875
40.76049324199994,21.91552,69.187
40.77268180400006,21.91552,69.468
40.78486348499973,21.8768,69.0
40.79733938299978,21.83808,69.343
40.80966132499998,21.83808,69.25
40.82237390299997,21.8768,68.937
40.83505809500002,21.8768,69.187
40.847477927999535,21.8768,69.468
40.86015514399969,21.91552,69.375
40.87285479299953,21.99296,69.062
40.88537878899933,22.03168,69.281
40.897840126999654,22.03168,69.062
40.90997252699981,22.03168,69.0
40.92124637199959,21.91552,68.781
40.93369199799963,21.8768,68.843
40.94575549899946,21.91552,69.156
40.958231429999614,21.91552,68.937
40.97089424599926,21.83808,69.187
40.982926994999616,21.83808,68.937
40.994983839999804,21.76064,68.906
41.00848642499932,21.76064,68.875
41.02074980499947,21.79936,69.031
41.03347054299957,21.79936,69.125
41.04801027999929,21.8768,68.906
41.06071952899947,21.8768,69.125
41.07346954799959,21.8768,69.0
41.086206125999524,21.8768,69.343
41.09893054399981,21.8768,69.0
41.11213695999959,21.83808,69.156
41.12472460599929,21.79936,69.218
41.13709566899979,21.76064,68.937
41.14989672899992,21.76064,69.031
41.16148917699957,21.79936,69.468
41.17409381499965,21.79936,69.062
41.18650414300009,21.83808,69.218
41.19883978100006,21.8768,69.062
41.2113283839999,21.91552,68.937
41.22394009399977,21.91552,69.25
41.23626398799934,21.954240000000002,69.468
41.24842826099939,21.954240000000002,69.062
41.260678583999834,21.954240000000002,69.156
41.2726479389994,21.954240000000002,68.968
41.284955991999595,21.99296,69.125
41.2969404509995,21.91552,68.906
41.308914413999446,21.8768,69.125
41.32093292299942,21.83808,69.0
41.33437153799969,21.83808,69.125
41.34818277299928,21.83808,69.031
41.362194909999744,21.8768,68.843
41.37514515899966,21.91552,68.968
41.38759033599945,21.954240000000002,68.875
41.4003321299997,21.954240000000002,69.343
41.413183304000086,21.91552,69.031
41.42601319699952,21.91552,69.187
41.439661419000004,21.8768,69.125
41.452214023000124,21.83808,68.968
41.46441666499959,21.83808,69.125
41.47674657500011,21.8768,69.375
41.489344652999534,21.8768,69.031
41.50206561499999,21.79936,69.156
41.51457658599975,21.76064,68.906
41.5269327369997,21.79936,68.875
41.53965254600007,21.83808,69.093
41.55135187699943,21.83808,69.562
41.563764220999474,21.8768,69.093
41.57594660699942,21.91552,69.25
41.588156032999905,21.91552,68.937
41.600217933999375,21.954240000000002,69.062
41.61259635799979,21.954240000000002,68.937
41.624738806000096,21.8768,69.0
41.63669529599974,21.8768,69.281
41.64947939600006,21.76064,69.218
41.66276248599934,21.79936,68.843
41.67649503099983,21.79936,68.718
41.69032396199964,21.83808,68.906
41.7038305469996,21.8768,69.281
41.71632756599956,21.8768,69.25
41.72919086799993,21.8768,68.968
41.742178974000126,21.8768,69.187
41.75473295399934,21.8768,68.968
41.76693012399937,21.83808,69.093
41.7793691249999,21.79936,69.125
41.791864447999615,21.79936,69.375
41.804668291999405,21.83808,69.0
41.817177502999584,21.83808,69.25
41.82859509799982,21.83808,69.031
41.841318074999435,21.8768,69.156
41.854063486000086,21.91552,69.156
41.86666559599962,21.954240000000002,69.406
41.87858538099954,21.954240000000002,69.093
41.891278277999845,21.99296,69.25
41.90326574499977,21.99296,68.906
41.91582087799998,21.954240000000002,69.031
41.92808777799928,21.91552,68.687
41.940399670999795,21.91552,69.25
41.95266845900005,21.83808,68.968
41.96460395699978,21.83808,69.093
41.97663075299988,21.76064,68.875
41.98994184499952,21.76064,68.968
42.004063073,21.79936,68.875
42.01776031999998,21.83808,68.906
42.03290135499992,21.8768,69.312
42.04562500499924,21.8768,69.0
42.058727225999974,21.8768,68.937
42.07169990700004,21.8768,69.156
42.0839636390001,21.8768,68.937
42.09704685199995,21.83808,69.0
42.10982791099923,21.721919999999997,68.843
42.1223242899996,21.644479999999998,69.156
42.13507965299959,21.6832,68.937
42.14763462499923,21.721919999999997,69.093
42.160564712999985,21.721919999999997,68.906
42.173340747999646,21.76064,69.343
42.185833734999505,21.79936,69.062
42.19873799800007,21.83808,69.156
42.21085794999999,21.83808,69.093
42.22346197999923,21.91552,69.156
42.23552640999969,21.91552,68.937
42.24772821899933,21.91552,69.375
42.26022677399942,21.91552,68.843
42.272464040999694,21.91552,69.218
42.284423955999955,21.83808,69.031
42.296340092999344,21.83808,69.0
42.310067164999964,21.721919999999997,68.968
42.32345761899978,21.721919999999997,69.187
42.336805287999596,21.76064,68.781
42.34933533200001,21.79936,69.156
42.362478577999354,21.83808,69.156
42.37519083499956,21.83808,68.937
42.387624299999516,21.8768,69.031
42.40065330299967,21.8768,69.593
42.41315614599989,21.83808,69.343
42.42545255099958,21.83808,69.0
42.43776025199986,21.79936,69.187
42.4502529829997,21.79936,68.937
42.46277989099963,21.79936,69.187
42.475069735000034,21.79936,69.0
42.487465150999924,21.83808,69.093
42.50029920399993,21.83808,69.031
42.51301651799986,21.8768,69.25
42.52572810299989,21.91552,68.968
42.53774680300012,21.954240000000002,69.343
42.5502108289993,21.99296,68.906
42.56248963300004,21.99296,69.062
42.5745337419994,21.99296,69.312
42.58705213799931,22.03168,69.156
42.59939580799983,22.03168,69.093
42.611448332999316,21.91552,69.187
42.62350687499929,21.91552,68.875
42.63687137599936,21.83808,69.218
42.65066708999984,21.8768,68.875
42.66444133099958,21.8768,68.843
42.68006529299964,21.954240000000002,69.062
42.69325919699986,21.954240000000002,69.125
42.70532247399933,21.8768,69.0
42.71718248199977,21.8768,68.875
42.730175643999246,21.8768,69.281
42.74280684199948,21.83808,69.0
42.75654812299945,21.79936,68.968
42.7687762380001,21.76064,69.125
42.78202377499929,21.79936,68.875
42.79471635199934,21.79936,69.093
42.80688443300005,21.79936,69.375
42.8193346019998,21.83808,69.375
42.83206794799935,21.83808,69.0
42.84457898299934,21.8768,69.156
42.85749867100003,21.91552,69.031
42.86948776999998,21.954240000000002,69.187
42.882325470999604,21.954240000000002,69.312
42.89432653899985,21.954240000000002,69.156
42.907269874999656,21.954240000000002,68.906
42.91924818999996,21.954240000000002,68.968
42.93188966099933,21.91552,69.0
42.94299652599966,21.83808,69.062
42.954617741999755,21.79936,69.125
42.96814810399974,21.6832,69.093
42.981796166000095,21.6832,68.718
42.99574730899985,21.721919999999997,68.937
43.00832717799949,21.79936,68.937
43.02139752599942,21.79936,69.25
43.03414504899956,21.79936,68.968
43.0467146459996,21.79936,69.25
43.05882374900011,21.83808,69.031
43.0702524469998,21.79936,69.125
43.08291923099932,21.79936,68.968
43.09528085399961,21.76064,68.906
43.1077511200001,21.76064,69.125
43.12127149799926,21.76064,69.25
43.134248530999685,21.721919999999997,69.031
43.146221917999355,21.76064,69.031
43.15922784799932,21.79936,69.125
43.1724779139995,21.83808,69.0
43.18563773599999,21.8768,69.062
43.19790156399995,21.91552,69.093
43.21065286299927,21.91552,69.156
43.22304082199935,21.954240000000002,68.937
43.23578431199985,21.954240000000002,69.156
43.248267379000026,21.99296,68.781
43.26110024799982,21.954240000000002,69.281
43.27331873000003,21.91552,68.968
43.28569123299985,21.83808,69.187
43.29961303099935,21.83808,68.906
43.314456297000106,21.721919999999997,68.781
43.328854876999685,21.76064,68.906
43.34565212199959,21.79936,69.218
43.35909342600007,21.83808,69.218
43.372017209999285,21.83808,68.906
43.38561647000006,21.83808,69.156
43.398716386999695,21.83808,69.031
43.41506488199957,21.79936,69.0
43.42669819499952,21.76064,69.312
43.438733087999935,21.76064,69.031
43.451296764999825,21.79936,69.187
43.46285001099932,21.83808,68.937
43.474765443999786,21.83808,69.156
43.48668404499949,21.8768,69.468
43.49961202099985,21.91552,69.093
43.512373335999655,21.954240000000002,69.281
43.5242787520001,21.91552,69.062
43.536819324000135,21.954240000000002,68.812
43.54917829099941,21.954240000000002,69.062
43.56114690999948,21.954240000000002,68.968
43.57386764700004,21.99296,68.937
43.586272950999955,21.99296,69.343
43.598241985999266,21.91552,69.031
43.61024215799989,21.8768,69.0
43.623276344999795,21.79936,69.031
43.636644301999695,21.83808,68.781
43.65034078099961,21.83808,69.187
43.66392944800009,21.8768,68.875
43.67575278299955,21.91552,69.125
43.68837758099926,21.91552,68.875
43.70099994799966,21.91552,69.156
43.71350186299969,21.91552,68.937
43.72606963599992,21.8768,69.343
43.74177449599938,21.8768,69.406
43.75381633199959,21.79936,69.031
43.7662223719999,21.83808,69.187
43.778712927000015,21.83808,68.968
43.79167376799978,21.8768,69.187
43.8039223629994,21.8768,69.468
43.8167384949993,21.91552,69.406
43.82940777499971,21.954240000000002,69.062
43.842087710999294,21.954240000000002,69.406
43.85436693199972,21.99296,69.062
43.8665126119995,22.03168,69.062
43.87919389199942,22.03168,69.312
43.89144933499938,22.03168,69.25
43.90384311899925,22.03168,68.875
43.91556830599984,21.91552,68.906
43.92681203899974,21.79936,69.031
43.93791115899967,21.76064,68.781
43.9518074839998,21.644479999999998,69.281
43.96520507399964,21.6832,69.062
43.97894337899925,21.6832,68.75
43.99271179599964,21.721919999999997,69.031
44.00587088299926,21.76064,69.0
44.01835894099986,21.76064,68.875
44.03118915399955,21.76064,68.937
44.04422487699958,21.79936,69.406
44.05653468999935,21.76064,68.968
44.06882088599923,21.76064,69.0
44.08148430999972,21.721919999999997,69.218
44.09446924799977,21.721919999999997,68.875
44.10698885900001,21.76064,69.062
44.119803710999804,21.76064,69.125
44.13236111599963,21.721919999999997,69.156
44.14420889899975,21.76064,68.906
44.157086728999275,21.79936,69.156
44.1696905029994,21.83808,68.906
44.18184485599977,21.83808,69.156
44.19436913899972,21.8768,69.281
44.20660128599957,21.8768,68.968
44.21852737500012,21.91552,69.281
44.23077484999976,21.91552,69.093
44.24310613599937,21.91552,69.0
44.255041089999395,21.83808,69.156
44.26700295599949,21.79936,69.187
44.279153499999666,21.76064,68.875
44.292608308000126,21.76064,69.062
44.305001867999636,21.76064,68.75
44.31686977899972,21.83808,68.843
44.33118928499971,21.83808,68.968
44.343690431999676,21.83808,69.406
44.356477123999866,21.8768,69.312
44.36902771199948,21.8768,69.062
44.381286451999586,21.83808,69.156
44.39337097799944,21.83808,68.875
44.405650037999294,21.76064,69.125
44.417915497999275,21.79936,69.468
44.43068500499976,21.79936,69.062
44.443708374999915,21.79936,69.125
44.4564174319994,21.83808,69.156
44.46889819499938,21.83808,68.937
44.481884572000126,21.91552,69.125
44.494299827999384,21.91552,68.875
44.50632579299963,21.83808,69.281
44.519175557999915,21.83808,68.812
44.531313781999415,21.83808,69.156
44.54368468499979,21.8768,68.875
44.55602723499942,21.8768,68.968
44.568150129999594,21.91552,68.843
44.58012841299933,21.79936,69.0
44.59206890299993,21.79936,69.218
44.60545225199985,21.721919999999997,69.093
44.618594153999766,21.721919999999997,68.75
44.63250065600005,21.76064,68.687
44.646639995999976,21.79936,68.937
44.65910853399964,21.83808,69.281
44.671643121999296,21.83808,69.156
44.6846426839993,21.83808,68.937
44.69761600499987,21.83808,69.156
44.709900504999496,21.83808,68.875
44.72200365599929,21.83808,69.031
44.734187448999364,21.76064,69.406
44.74662027299928,21.79936,69.375
44.75932977899993,21.79936,68.937
44.77162602299995,21.83808,69.281
44.78402819099938,21.83808,68.968
44.79564838299939,21.8768,69.156
44.80848739599969,21.91552,69.5
44.820942908999314,21.954240000000002,69.062
44.83291114399981,21.954240000000002,69.5
44.84536092899998,21.99296,69.156
44.85770895099995,21.99296,68.875
44.86973312400005,21.99296,69.062
44.882246366999425,22.03168,69.406
44.89463739799976,22.03168,69.125
44.906590623999364,21.954240000000002,69.406
44.918151711000064,21.91552,68.812
44.93140769599995,21.83808,68.812
44.94505604599999,21.83808,68.906
44.95823039700008,21.79936,68.812
44.97252798199952,21.83808,69.156
44.98655282299933,21.8768,69.156
44.999275352999575,21.8768,68.906
45.01225756999975,21.8768,69.093
45.02520877799998,21.8768,68.843
45.03689463599949,21.8768,69.0
45.048429865999424,21.83808,69.281
45.06131252799969,21.79936,69.031
45.07290964799995,21.79936,69.281
45.08515923499999,21.83808,69.156
45.098180717000105,21.8768,68.937
45.111079155999505,21.83808,69.156
45.12314771399997,21.76064,69.281
45.13541797400012,21.76064,68.906
45.14833580499999,21.79936,68.937
45.16129763799927,21.83808,69.218
45.17356578599993,21.8768,68.937
45.18565075999959,21.8768,69.093
45.197982781000064,21.91552,69.312
45.20998461699946,21.91552,68.875
45.22244816300008,21.91552,69.218
45.23489186799998,21.83808,68.968
45.24687517499933,21.83808,69.062
45.25935676900008,21.76064,69.0
45.27304323199951,21.76064,69.156
45.28706768899974,21.79936,69.031
45.300908012000036,21.83808,68.875
45.3139504869996,21.8768,69.093
45.3263125579997,21.8768,69.031
45.339267765999466,21.8768,68.875
45.35246704600013,21.8768,69.062
45.36483622099968,21.8768,69.25
45.3770073099995,21.83808,69.187
45.389590154999496,21.79936,69.0
45.401977153999724,21.79936,69.156
45.41458921599951,21.79936,69.0
45.427115548000074,21.83808,69.062
45.4396014619997,21.83808,69.343
45.45214126599967,21.8768,69.343
45.46484273899932,21.91552,69.031
45.477403279999635,21.954240000000002,69.25
45.48942489199999,21.99296,69.062
45.50164292599948,21.99296,69.093
45.5140327729996,22.03168,69.375
45.526072433999616,22.03168,68.937
45.53811526299978,22.03168,69.125
45.55038430700006,22.03168,69.062
45.5624371519998,21.954240000000002,69.125
45.574458283999775,21.954240000000002,69.062
45.58840699399934,21.8768,69.281
45.60202817499976,21.91552,69.062
45.613903382999524,21.91552,68.875
45.627976608999234,21.954240000000002,69.031
45.640388088999316,21.99296,68.812
45.65289736399973,21.956608,68.843
45.66590972599988,21.956608,69.093
45.678586845999234,21.99296,69.343
45.691000565999275,21.954240000000002,69.156
45.70587916099976,21.91552,68.812
45.71754466599941,21.721919999999997,68.968
45.73103093099962,21.721919999999997,68.812
45.74328336599956,21.76064,68.968
45.75570598299964,21.76064,69.031
45.76826649099985,21.76064,69.312
45.781194018999486,21.79936,68.937
45.79409271299937,21.83808,69.156
45.80653651400007,21.91552,69.031
45.8184318829999,21.91552,69.156
45.830912677000015,21.954240000000002,68.937
45.843073813000046,21.954240000000002,69.156
45.855354984999394,21.99296,68.843
45.8673244040001,21.99296,69.0
45.87924143700002,21.954240000000002,69.0
45.89122714399946,21.91552,69.125
45.90321099499943,21.8768,69.343
45.916321471999254,21.83808,69.031
45.93030608799927,21.83808,68.718
45.94406717699985,21.79936,68.906
45.956889164999666,21.83808,68.937
45.96905231799974,21.83808,69.281
45.98181081599978,21.83808,68.937
45.99466218099951,21.83808,69.218
46.00736467799925,21.8768,68.968
46.019651097999486,21.83808,68.843
46.03555314799996,21.79936,69.062
46.04769700399993,21.76064,69.031
46.06067272499968,21.76064,69.312
46.07309892600006,21.79936,69.0
46.08569085899944,21.79936,69.218
46.09838810800011,21.79936,69.218
46.11125854599959,21.83808,68.968
46.12485476499933,21.8768,69.437
46.1382746599993,21.8768,69.125
46.15050671099925,21.8768,69.312
46.163146068999595,21.91552,68.968
46.175328487000115,21.91552,69.062
46.187756798999544,21.954240000000002,68.843
46.19984647699948,21.954240000000002,69.0
46.21217001900004,21.91552,69.437
46.224363379999886,21.8768,69.0
46.23671978599941,21.79936,68.937
46.24901043099999,21.83808,69.031
46.26214740499927,21.83808,68.75
46.274384638999436,21.8768,68.75
46.2897198239998,21.91552,68.937
46.30224660299973,21.91552,69.187
46.3139405259999,21.79936,68.781
46.32642771999963,21.76064,68.968
46.3393863199999,21.76064,69.093
46.3540131639993,21.76064,69.031
46.36678356599987,21.721919999999997,69.343
46.378728183999556,21.6832,69.093
46.39137874399967,21.721919999999997,69.187
46.40381399999933,21.721919999999997,68.968
46.41627306600003,21.76064,69.093
46.42839772099978,21.76064,68.906
46.44148570099969,21.79936,69.375
46.453932927000096,21.83808,69.0
46.46671939399948,21.8768,69.312
46.47866900400004,21.91552,69.0
46.49134237999988,21.91552,69.156
46.503475163000076,21.91552,68.812
46.51554250499976,21.954240000000002,68.968
46.527536851999685,21.954240000000002,69.25
46.539526910999484,21.91552,69.031
46.55170769599954,21.8768,69.218
46.56369433100008,21.79936,69.062
46.57603211300011,21.83808,68.75
46.58975275299963,21.83808,68.875
46.60329226699923,21.8768,68.875
46.61823620699943,21.91552,69.187
46.63122271299926,21.91552,69.125
46.64419209700009,21.91552,68.906
46.65723162799986,21.91552,69.093
46.670092497999576,21.91552,69.0
46.682495689999996,21.8768,69.312
46.69426855799975,21.8768,68.968
46.7066237479994,21.83808,69.25
46.71926102699945,21.8768,68.906
46.73175196600005,21.8768,69.093
46.743323611999585,21.8768,68.937
46.75584408699979,21.91552,69.093
46.768290160000106,21.954240000000002,68.937
46.78135561199997,21.99296,69.281
46.79347316299936,21.99296,69.093
46.805984325999816,22.03168,69.156
46.81812312599959,22.03168,68.968
46.83028006999939,22.03168,69.031
46.84255861800011,22.070400000000003,69.156
46.85508590900008,22.070400000000003,68.906
46.86702716699983,21.99296,69.281
46.879009513999335,21.954240000000002,69.031
46.892426783999326,21.8768,68.781
46.90467953899952,21.91552,69.156
46.91931006199957,21.79936,68.687
46.93480490000002,21.79936,68.687
46.94859248499961,21.79936,68.906
46.96159617499961,21.83808,68.968
46.97456453599989,21.83808,68.843
46.98771296599989,21.83808,69.031
47.00062881299982,21.79936,68.968
47.01404016400011,21.76064,69.156
47.026768516999255,21.721919999999997,69.0
47.03915554800005,21.76064,69.062
47.05198505699991,21.76064,69.031
47.06467219299975,21.79936,69.375
47.0771264899995,21.76064,69.0
47.089697142999285,21.83808,69.25
47.10272320199965,21.8768,68.906
47.1152655019996,21.91552,69.125
47.12722861599923,21.91552,69.031
47.13919921899924,21.91552,69.343
47.15196619699964,21.91552,68.968
47.164123941999605,21.91552,69.25
47.17650345199945,21.91552,68.843
47.18880993699986,21.954240000000002,69.187
47.200798748000125,21.83808,68.937
47.21278362299927,21.83808,68.812
47.22623449499952,21.76064,68.906
47.23853979499927,21.79936,69.093
47.252313813,21.79936,69.031
47.26640528000007,21.8768,68.781
47.279284933999406,21.8768,68.968
47.29157237799973,21.8768,69.406
47.30440351800007,21.8768,69.312
47.31713676799973,21.8768,69.031
47.3296024579995,21.8768,69.156
47.342223799999374,21.83808,68.812
47.35439184799998,21.79936,69.156
47.367251885999394,21.79936,68.843
47.37961616499979,21.83808,69.343
47.3921528639994,21.83808,69.031
47.405216780000046,21.83808,69.281
47.41823483799999,21.8768,68.937
47.43069108799955,21.91552,69.156
47.442949250999845,21.954240000000002,69.156
47.45486122799957,21.954240000000002,69.5
47.46723949099942,21.99296,68.968
47.47955067899966,21.99296,69.156
47.49199047999991,21.99296,68.812
47.50408262199926,22.03168,69.062
47.516096073999506,21.91552,68.843
47.52783105399976,21.79936,69.0
47.53974517400002,21.79936,69.031
47.55361922700013,21.721919999999997,69.062
47.5673622989998,21.721919999999997,68.968
47.58130214499943,21.76064,68.718
47.595271559999674,21.79936,68.718
47.60935620999953,21.83808,68.968
47.62174084199978,21.83808,69.187
47.63482350999948,21.83808,68.906
47.64771621999989,21.83808,68.843
47.660188565999306,21.79936,69.093
47.67603934999988,21.79936,69.156
47.68824144700011,21.76064,69.406
47.700908998999694,21.76064,68.937
47.71346445099971,21.79936,69.25
47.72667768299925,21.79936,69.25
47.73934715499945,21.83808,68.906
47.75173898599951,21.8768,69.093
47.76444311499927,21.91552,69.406
47.776781728999595,21.91552,69.156
47.78952669099999,21.954240000000002,68.968
47.80174382899986,21.954240000000002,69.187
47.81419041399931,21.99296,68.937
47.826185369000086,21.99296,68.906
47.838390697999785,21.99296,69.343
47.850319123999725,21.91552,69.062
47.862269021999964,21.91552,69.062
47.875875961999554,21.79936,69.093
47.88932177700008,21.83808,68.718
47.902994286999274,21.83808,68.875
47.91519612799948,21.8768,68.843
47.93015469300008,21.91552,69.156
47.94207073399957,21.8768,68.843
47.95475354999962,21.83808,68.843
47.96783253800004,21.83808,69.093
47.9796114869996,21.79936,68.812
47.991776111000036,21.76064,69.062
48.00427168999977,21.76064,69.343
48.0163351909996,21.721919999999997,69.0
48.02868852499978,21.76064,69.187
48.041330795999784,21.76064,68.968
48.05319841999972,21.79936,69.093
48.06557152999994,21.79936,69.093
48.078212168999926,21.83808,69.312
48.09086019999995,21.8768,68.968
48.103706060999684,21.8768,69.281
48.11615293399973,21.79936,68.968
48.128753283999686,21.76064,68.687
48.14133724899966,21.76064,68.906
48.153412461999324,21.76064,69.25
48.16587581599924,21.76064,68.75
48.17803247199936,21.79936,69.218
48.19010390999938,21.721919999999997,68.937
48.20223454899951,21.6832,68.875
48.21462311599953,21.644479999999998,68.906
48.22789078200003,21.644479999999998,69.187
48.240144944999884,21.6832,68.781
48.2521555809999,21.721919999999997,69.062
48.26597260699964,21.76064,68.812
48.27778496499923,21.76064,68.843
48.29081979199964,21.76064,69.031
48.30372463000003,21.76064,69.312
48.31603031499981,21.76064,68.968
48.32852730099967,21.721919999999997,69.187
48.34098428699963,21.6832,69.187
48.35363260599934,21.6832,68.968
48.36638572799984,21.721919999999997,69.125
48.37894578799933,21.76064,69.437
48.39175142399927,21.76064,68.968
48.4044028469998,21.79936,69.031
48.417137184999774,21.83808,69.187
48.429523320000044,21.8768,69.0
48.441509954999674,21.91552,69.125
48.45367278699996,21.91552,69.406
48.46584205199997,21.954240000000002,68.937
48.478232634999586,21.954240000000002,69.218
48.4904841739999,21.954240000000002,68.843
48.502713983999456,21.954240000000002,69.187
48.514657961999546,21.8768,69.0
48.526659444999495,21.83808,68.843
48.54017559899967,21.79936,68.906
48.55391185499957,21.83808,68.781
48.566241124000044,21.83808,69.031
48.580440433999684,21.8768,68.781
48.593303446999926,21.91552,68.968
48.605644364999534,21.91552,68.968
48.61860098099987,21.91552,69.312
48.63127554099992,21.91552,69.0
48.64354663299946,21.8768,69.031
48.65775903099984,21.8768,69.156
48.66989478999949,21.83808,68.906
48.682596390999606,21.83808,68.968
48.695407978999356,21.83808,69.437
48.70794320599998,21.8768,69.343
48.71984830299971,21.79936,69.0
48.73324893299923,21.79936,69.093
48.7458960999993,21.83808,69.0
48.75946137399933,21.83808,69.031
48.771777426999506,21.8768,69.0
48.78477446099987,21.8768,69.312
48.79741337099949,21.91552,68.906
48.80985256399981,21.91552,69.062
48.82246641799975,21.954240000000002,69.031
48.83475837399965,21.8768,68.875
48.84695986399947,21.83808,68.843
48.86030429999937,21.76064,68.843
48.87442882300002,21.76064,69.0
48.889021872999365,21.79936,68.937
48.90429606399994,21.83808,68.906
48.91923869199945,21.8768,69.343
48.932588472000134,21.8768,69.25
48.94727605299977,21.8768,69.125
48.96090100999936,21.83808,68.843
48.97395228499954,21.76064,68.843
48.990713528000015,21.76064,69.062
49.00355343699994,21.721919999999997,69.375
49.01533347399982,21.76064,69.0
49.02695760200004,21.79936,69.187
49.03881661699961,21.79936,69.281
49.05138298099973,21.83808,68.906
49.062933219000115,21.8768,69.125
49.0757462470001,21.91552,69.437
49.08781614799955,21.91552,69.156
49.099968739999895,21.954240000000002,69.281
49.11216206999961,21.954240000000002,68.937
49.124298820999684,21.954240000000002,69.0
49.13660207399971,21.99296,68.812
49.14883377199931,21.99296,68.937
49.1601898279996,21.91552,69.343
49.17214926199995,21.83808,69.093
49.18555446799928,21.76064,68.562
