t_s,power_w,temp_c
0.00032122500033437973,14.672768,61.5
0.017435051000575186,14.594304,61.781
0.03058450200023799,14.633536,61.906
0.04349775300033798,14.555072000000001,61.843
0.05668675700053427,14.51584,61.593
0.06954522300020471,14.476608,61.781
0.08189192900044873,14.476608,61.562
0.09407466300035594,14.476608,61.75
0.10643810600049619,14.476608,61.812
0.1205612170006134,14.476608,62.031
0.13353603900031885,14.437376,61.687
0.1457245640003748,14.437376,61.875
0.15782111899989104,14.437376,61.718
0.16983991200049786,14.476608,61.843
0.18181847899995773,14.476608,62.187
0.19382018299984338,14.51584,62.093
0.20595878699987225,14.555072000000001,61.781
0.21791514600045048,14.594304,62.031
0.22989509000035468,14.594304,61.718
0.2418981700002405,14.633536,61.906
0.25389789000018936,14.672768,62.281
0.2659131939999497,14.712,61.843
0.27790388999983406,14.672768,62.093
0.289860697000222,14.633536,61.656
0.3034125590002077,14.633536,61.656
0.3171034340002734,14.672768,61.875
0.3308646149998822,14.712,61.875
0.3444741110006362,14.751232,62.093
0.3567449749998559,14.712,61.781
0.3688036410003406,14.751232,62.031
0.3808960360001947,14.712,61.812
0.39300103900040995,14.712,61.937
0.4065598779998254,14.712,61.875
0.41875138000068546,14.751232,62.187
0.43075167599999986,14.751232,61.812
0.4427299230001154,14.751232,62.031
0.45472442700065585,14.790464,61.812
0.4667492360003962,14.829696,62.031
0.47882719800054474,14.829696,62.312
0.49083661399981793,14.844672000000001,61.875
0.5028636950000873,14.844672000000001,62.125
0.5148733989999528,14.88384,61.843
0.5268861439999455,14.923008,62.031
0.538848615000461,14.844672000000001,61.781
0.5511768570004278,14.88384,62.25
0.566077688000405,14.844672000000001,61.781
0.5784878519998529,14.88384,62.0
0.591462801000489,14.923008,62.062
0.6038623089998509,14.962176,61.75
0.6161847910007054,14.962176,61.875
0.6283555879999767,14.923008,62.375
0.6405027050004719,14.923008,61.843
0.6526298520002456,14.88384,62.187
0.6648291620003874,14.88384,61.937
0.6770155439999144,14.88384,62.062
0.6892118780006058,14.923008,61.843
0.7013281130002724,14.923008,62.0
0.7133444099999906,14.923008,62.281
0.7253632990004917,14.962176,61.937
0.7373653230006312,14.962176,61.875
0.7496699160001299,14.88384,62.062
0.7616783399998894,14.923008,61.718
0.7736487789998137,14.923008,61.937
0.7856728520000615,14.962176,62.343
0.7976366670000061,14.923008,61.906
0.8096514270000625,14.923008,62.062
0.8217419020002126,14.88384,61.718
0.8350932150005974,14.923008,61.687
0.8484581920001801,14.962176,61.906
0.8619528050003282,15.001344,62.312
0.8739511809999385,15.001344,61.875
0.8860347110003204,15.001344,62.187
0.8981084810002358,15.001344,61.812
0.9102795980006704,14.962176,62.062
0.922349817000395,14.923008,61.875
0.9345656710002004,14.923008,62.062
0.946557039000254,14.962176,61.875
0.9585951919998479,14.962176,62.218
0.9705757110004924,14.962176,61.937
0.9826358810005331,15.001344,62.062
0.9946452020003562,15.001344,61.843
1.0066290490003666,15.001344,62.0
1.0186492500006352,15.040512000000001,62.312
1.0308505760003754,15.040512000000001,62.0
1.0428686000004745,15.07968,62.156
1.054936610000368,15.07968,61.875
1.0669512430004033,15.040512000000001,62.062
1.0789769800003342,15.040512000000001,61.718
1.092502088999936,15.040512000000001,62.25
1.10588233100043,15.040512000000001,61.843
1.1192970370002513,15.07968,61.875
1.1327865940002084,15.118848,62.062
1.1450308650000807,15.07968,61.875
1.1572225910003908,15.07968,62.093
1.1693775470002947,15.040512000000001,61.75
1.1814828070000658,15.001344,61.875
1.1935594249998758,15.001344,62.25
1.205598122000083,15.001344,61.906
1.2176814280001054,15.040512000000001,62.156
1.2296684120001373,15.040512000000001,61.875
1.2416670120001072,15.040512000000001,62.062
1.2536808439999731,15.07968,62.312
1.2656901640002616,15.07968,62.25
1.2776832280005692,15.07968,61.937
1.2896880680000322,15.118848,62.125
1.3016891639999812,15.118848,61.812
1.3136612990001595,15.158016,62.0
1.3256535629998325,15.07968,62.312
1.337648034999802,15.040512000000001,61.75
1.3513345569999728,14.962176,61.812
1.3649336850003237,14.962176,62.0
1.3783538320003572,15.001344,61.75
1.3915741320006418,15.040512000000001,61.75
1.4048788520003654,15.040512000000001,61.875
1.4171558920006646,15.001344,62.312
1.4292217580004944,15.001344,61.875
1.4413382170005207,14.962176,62.093
1.4534721489999356,14.962176,61.875
1.4665826219998053,15.001344,62.093
1.4786159750001389,15.001344,61.968
1.4906110230003833,15.001344,62.312
1.5026558640001895,15.001344,61.937
1.5146784970002045,15.040512000000001,62.125
1.5267076260006434,15.040512000000001,61.906
1.5387143540001489,15.040512000000001,62.093
1.5510101469999427,15.07968,61.781
1.5630118190001667,15.07968,62.0
1.575066164999953,15.118848,62.25
1.587323524000567,15.07968,61.843
1.599535602999822,15.07968,61.625
1.6130177350005397,15.001344,61.875
1.6256253130004552,15.040512000000001,61.687
1.6382425880001392,15.07968,61.968
1.6516416770000433,15.118848,61.875
1.6650513600006889,15.07968,62.156
1.6771632750005665,15.07968,61.906
1.6892811430006986,15.07968,62.0
1.7014951090004615,15.040512000000001,61.875
1.7138158940006178,15.040512000000001,62.0
1.726701401000355,15.040512000000001,62.375
1.7387100810001357,15.040512000000001,62.218
1.7508154040006048,15.040512000000001,61.937
1.7629754489998959,15.040512000000001,62.125
1.774969281000267,15.07968,61.875
1.7869512719998966,15.07968,62.031
1.798936784000034,15.118848,62.312
1.8110102660002667,15.158016,61.906
1.8226534949999404,15.158016,62.187
1.8346486710006502,15.197184,61.875
1.8466607750006006,15.158016,62.062
1.858687536000616,15.158016,61.593
1.8706891120000364,15.118848,61.875
1.8842482710006152,15.158016,61.843
1.8975446060003378,15.158016,62.218
1.9111294929998621,15.197184,62.125
1.9249128830006157,15.197184,61.875
1.937048607000179,15.158016,61.937
1.9489925810003115,15.07968,62.312
1.9610884319999968,15.040512000000001,61.812
1.9732249560001947,15.040512000000001,62.187
1.9867948350001825,15.040512000000001,61.843
1.9988155150003877,15.040512000000001,62.031
2.0108166750005694,15.040512000000001,61.968
2.0228039789999457,15.040512000000001,61.843
2.0348125310001706,15.07968,62.0
2.046816795000268,15.07968,62.218
2.0588417320004737,15.07968,61.906
2.0708673730005103,15.118848,62.125
2.08286149200012,15.118848,61.843
2.0948435480004264,15.158016,61.906
2.106826691000606,15.158016,62.343
2.1187986660006572,15.07968,61.906
2.1308265150000807,15.118848,62.125
2.1440959689998635,15.07968,62.031
2.15751102700051,15.118848,61.75
2.1709052530004556,15.158016,61.937
2.1845820469998216,15.158016,61.968
2.1968553110000357,15.158016,62.093
2.208912889000203,15.118848,61.937
2.2210472370006755,15.07968,62.125
2.233092430000397,15.07968,61.906
2.2452286660000027,15.07968,62.062
2.2572613150005054,15.07968,61.875
2.269223434000196,15.07968,61.968
2.281240465999872,15.07968,62.312
2.2932066809999014,15.118848,61.906
2.305204097000569,15.118848,62.062
2.317188584000178,15.118848,61.875
2.329178800000591,15.158016,62.031
2.3411827119998634,15.158016,62.312
2.353179806999833,15.158016,61.906
2.3651468859998204,15.197184,62.218
2.377144013999896,15.118848,62.062
2.3891254930003925,15.118848,61.718
2.402758893999817,15.07968,61.906
2.4161532160005663,15.118848,62.187
2.428098854000382,15.158016,62.25
2.4415761860000202,15.197184,61.968
2.454379513999811,15.158016,62.125
2.46664397800032,15.158016,61.781
2.4787769180002215,15.118848,62.0
2.490840448000199,15.118848,61.812
2.503407449000406,15.118848,62.281
2.5156877529998383,15.118848,61.906
2.5277085940006145,15.118848,62.156
2.539662615999987,15.118848,61.812
2.5525017850004588,15.040512000000001,62.062
2.5645880680003756,15.040512000000001,61.843
2.5766108600000734,15.07968,61.937
2.5885895549999987,15.07968,62.312
2.6006575330002306,15.07968,61.937
2.6144912919999115,15.118848,61.812
2.6266353040000467,15.158016,62.0
2.63876715600054,15.118848,61.843
2.65089273600006,15.07968,61.875
2.6644209500000215,15.040512000000001,61.843
2.67816645000039,15.07968,62.031
2.691462017000049,15.118848,62.031
2.704844050000247,15.118848,61.75
2.716987390000213,15.118848,61.968
2.7290998810003657,15.118848,62.343
2.741484861000572,15.118848,61.875
2.753715180000654,15.07968,62.062
2.7658826800006864,15.07968,61.875
2.778742041999976,15.07968,62.031
2.7907245780006633,15.118848,61.812
2.802748873999917,15.118848,62.312
2.814758962000269,15.118848,61.968
2.8267886990006446,15.118848,62.125
2.8387915550001708,15.158016,61.875
2.8509184470003675,15.118848,62.093
2.8629045020006743,15.158016,61.843
2.8749035820001154,15.158016,61.968
2.8869340230003218,15.197184,62.281
2.8989252299998043,15.158016,61.843
2.9109450790001574,15.118848,62.0
2.9229577910000444,15.07968,61.843
2.9363343519999034,15.118848,61.687
2.9497894120004275,15.158016,61.968
2.9632353189999776,15.158016,62.312
2.9752244150004117,15.158016,61.875
2.9873925239999153,15.158016,62.281
2.9994477650006957,15.158016,61.843
3.011731814000086,15.118848,61.75
3.023906643000373,15.07968,61.968
3.0383445480001683,15.118848,62.375
3.0505856190002305,15.118848,61.906
3.062624860000142,15.118848,62.218
3.074610274999941,15.118848,61.875
3.086588555000162,15.118848,62.062
3.0985674100002143,15.158016,62.031
3.1105951939998704,15.158016,62.375
3.1226307550005004,15.158016,61.875
3.134636523000154,15.197184,62.093
3.146041153000624,15.118848,61.75
3.157997768000314,15.118848,62.031
3.170027953000499,15.07968,61.781
3.1820153839998966,15.07968,61.906
3.196304355999928,15.040512000000001,61.843
3.209516881000127,15.07968,62.062
3.222932450999906,15.07968,61.781
3.2361942890001956,15.07968,61.812
3.2487749219999387,15.07968,62.031
3.260843732000467,15.07968,61.843
3.272994848000053,15.040512000000001,61.875
3.285071338000307,15.001344,62.187
3.2976908199998434,15.001344,61.875
3.3099369159999696,15.001344,62.093
3.321977149000304,15.001344,61.875
3.3339261790006276,15.040512000000001,62.031
3.3458941540002343,15.040512000000001,62.343
3.3579422270004216,15.07968,61.968
3.3698883130000468,15.07968,62.218
3.381897377000314,15.07968,61.875
3.393901449000623,15.118848,62.062
3.4058833130002313,15.118848,61.937
3.4178631280001355,15.158016,61.843
3.429878687999917,15.07968,61.906
3.4418738320000557,15.07968,62.125
3.4552290800002083,15.040512000000001,61.781
3.4674740549999115,15.07968,61.968
3.4807772700005444,15.118848,62.031
3.492920321999918,15.158016,61.75
3.5058430460003365,15.158016,61.906
3.5180049780001355,15.118848,62.218
3.530075388000114,15.118848,61.875
3.542246953000358,15.07968,62.125
3.554377045000365,15.07968,61.843
3.567292759999873,15.07968,62.031
3.5792271340005755,15.07968,62.375
3.5911857649998637,15.07968,62.343
3.6031985409999834,15.07968,61.906
3.6151676999998017,15.118848,62.093
3.6271560270006376,15.118848,61.875
3.63919757199983,15.158016,62.062
3.651328496000133,15.158016,61.781
3.6633297839998704,15.158016,61.875
3.675343616000646,15.197184,62.25
3.6872780540006715,15.158016,61.875
3.6992609409999204,15.118848,61.937
3.713078124000276,15.07968,61.937
3.726266231000409,15.118848,61.718
3.739438882000286,15.158016,61.875
3.7527058720006607,15.07968,61.843
3.7653602350001165,15.07968,62.031
3.777516248000211,15.07968,61.812
3.7896500200004084,15.040512000000001,62.0
3.8018339050004215,15.001344,61.781
3.813926108000487,15.001344,61.937
3.827232491000359,15.001344,62.281
3.8392356340000333,15.001344,62.187
3.8513714540004003,15.040512000000001,61.875
3.8633353330005775,15.040512000000001,62.156
3.8752791790002448,15.040512000000001,61.875
3.887237042000379,15.07968,61.968
3.8991855920003218,15.040512000000001,62.312
3.911191040000631,15.07968,61.906
3.9231791749998592,15.118848,62.062
3.9351438220001,15.118848,61.75
3.947165111000686,15.118848,62.093
3.9591517420003584,15.040512000000001,61.687
3.971273801999814,15.040512000000001,61.875
3.9834324060002473,15.040512000000001,62.156
3.996833447999961,15.07968,62.093
4.0103601900000285,15.118848,61.875
4.023651180000343,15.118848,62.062
4.036137697999948,15.07968,61.937
4.048391762000392,15.07968,62.25
4.060616480000135,15.040512000000001,61.875
4.072850862999985,15.040512000000001,62.125
4.084928953000599,15.040512000000001,61.875
4.096964962000129,15.040512000000001,62.062
4.108963753999888,15.040512000000001,61.875
4.1209953790003055,15.040512000000001,62.0
4.132971642000484,15.07968,62.281
4.145105925999815,15.07968,61.875
4.1571998240006,15.07968,62.156
4.16920712800038,15.118848,61.843
4.181225471999824,15.118848,61.937
4.1932259280001745,15.118848,61.75
4.205359764000605,15.158016,61.968
4.217390301000705,15.07968,62.281
4.229420933000256,15.118848,62.093
4.243886039000245,15.07968,61.718
4.257402060000459,15.07968,61.687
4.270679866000137,15.118848,61.906
4.284219120000671,15.118848,62.218
4.296583715000452,15.118848,62.187
4.308768720000444,15.118848,61.843
4.3208388100001685,15.07968,62.031
4.332995270000538,15.040512000000001,61.781
4.345174451000275,15.001344,61.906
4.357833327000662,15.001344,62.281
4.369123969000611,15.001344,61.875
4.381167626000206,15.001344,62.156
4.393220691999886,15.001344,61.875
4.405372608000107,15.001344,62.062
4.417440042000635,15.040512000000001,61.875
4.429470482000397,15.040512000000001,62.0
4.44155759700061,15.07968,62.312
4.453562181000052,15.07968,61.906
4.465547372000401,15.118848,62.093
4.477491409999857,15.07968,61.812
4.489454169000055,15.040512000000001,61.968
4.501440512000045,15.001344,61.875
4.514769647999856,15.040512000000001,62.156
4.528330086000096,15.07968,61.875
4.540456370000356,15.118848,61.875
4.553793089999999,15.118848,62.093
4.56586836400038,15.07968,61.812
4.577912116999869,15.07968,61.906
4.590001855000082,15.040512000000001,62.312
4.60210164199998,15.040512000000001,62.25
4.616984232000505,15.040512000000001,62.0
4.6290943869998955,15.040512000000001,62.062
4.641051929000241,15.040512000000001,61.875
4.653100291000555,15.040512000000001,62.031
4.665507223000532,15.07968,62.406
4.6776164180000706,15.118848,61.937
4.689858673000344,15.118848,62.187
4.701907577999918,15.118848,61.843
4.713927394000166,15.158016,62.125
4.725962954999886,15.158016,61.781
4.737930066000445,15.118848,61.906
4.749922681000498,15.118848,62.156
4.7618923200006975,15.07968,62.187
4.775278193000304,15.07968,61.781
4.788826504000099,15.118848,62.0
4.801293341000019,15.158016,62.093
4.813392615999874,15.158016,61.843
4.825484082000003,15.158016,61.906
4.837608286000432,15.158016,62.218
4.849653703000513,15.07968,61.906
4.86187074100053,15.07968,61.875
4.876419177000571,15.07968,62.0
4.888455954000165,15.118848,61.843
4.900579870000001,15.118848,61.968
4.912577445000352,15.118848,62.218
4.924575021000237,15.118848,61.906
4.93655458000012,15.158016,62.156
4.948825731999932,15.07968,61.906
4.961144789000173,15.07968,61.906
4.972145439000087,15.07968,61.718
4.984160998999869,15.118848,61.875
4.996160175000114,15.118848,62.218
5.008177110999895,15.07968,61.875
5.020176031000119,15.07968,61.843
5.032981215000291,15.040512000000001,61.875
5.046351312000297,15.07968,61.718
5.059962504000396,15.118848,61.875
5.072028082000543,15.158016,62.187
5.085126458000559,15.118848,62.125
5.09726922200025,15.118848,61.875
5.109345808000398,15.07968,62.031
5.121528125000623,15.07968,61.781
5.1336130320005395,15.07968,62.0
5.146806835000461,15.07968,62.218
5.1589123499998095,15.07968,61.875
5.170933830000649,15.07968,62.125
5.182924558000195,15.07968,61.875
5.194924565000292,15.118848,61.968
5.206944414000645,15.118848,61.968
5.219009671000094,15.118848,62.25
5.23099835100038,15.118848,61.875
5.2429781660002845,15.158016,62.062
5.254991966000489,15.158016,61.843
5.266966916999991,15.118848,62.031
5.278956300000573,15.118848,61.593
5.292967760000465,15.040512000000001,61.875
5.3049129179999,15.118848,61.875
5.318190660000255,15.118848,62.125
5.331303820999892,15.158016,61.843
5.3444118940005865,15.158016,62.062
5.3565462420001495,15.118848,61.75
5.368716110000605,15.118848,62.281
5.380906972000048,15.07968,61.875
5.393153003000407,15.07968,62.156
5.406557500999952,15.07968,61.875
5.418549347999942,15.07968,62.093
5.43055818799985,15.07968,61.843
5.442561012000624,15.07968,62.031
5.4545804760000465,15.118848,62.375
5.466595524000695,15.118848,61.968
5.478599275999841,15.118848,62.156
5.490604692000488,15.118848,61.875
5.502623131999826,15.158016,62.031
5.514626500000304,15.158016,61.968
5.526636972000233,15.158016,62.312
5.5386079230002,15.118848,62.062
5.550174125000012,15.040512000000001,61.968
5.562462910000249,15.040512000000001,61.75
5.575037334000626,15.07968,61.906
5.588362053999845,15.07968,61.906
5.601753687000382,15.118848,62.343
5.613889443000517,15.07968,61.875
5.625933547999921,15.07968,62.187
5.637943540000379,15.040512000000001,61.812
5.650106017000326,15.001344,61.937
5.662154186000407,15.001344,61.812
5.674133585000163,15.001344,61.968
5.686052246000145,15.040512000000001,62.312
5.6982368990002215,15.040512000000001,61.875
5.710409776000233,15.07968,62.125
5.722424632000184,15.07968,61.875
5.734471169000244,15.07968,62.156
5.746665710999878,15.118848,61.781
5.758756248999816,15.118848,62.25
5.770761185000083,15.158016,61.843
5.782770537000033,15.158016,62.156
5.794784817000618,15.118848,61.843
5.806800569000188,15.118848,61.875
5.820538069000577,15.040512000000001,61.812
5.834040266000557,15.07968,62.156
5.847471996000422,15.118848,61.875
5.859487620000436,15.118848,62.125
5.872919031000492,15.118848,61.937
5.885142309000003,15.118848,61.875
5.8971793740001885,15.07968,61.968
5.909294232999855,15.040512000000001,62.281
5.92131331300061,15.040512000000001,61.937
5.934741204000602,15.040512000000001,62.187
5.94672933899983,15.040512000000001,61.906
5.9587370590006685,15.040512000000001,62.031
5.970812749000288,15.07968,61.812
5.982816053000533,15.07968,61.906
5.994868094000594,15.07968,62.312
6.006877222000185,15.118848,61.875
6.018859980999878,15.118848,62.062
6.030893430000106,15.118848,61.968
6.042910174000099,15.158016,61.781
6.0548868209998545,15.118848,61.968
6.0668948290003755,15.118848,62.156
6.080304991000048,15.040512000000001,61.781
6.093976473000112,15.07968,61.687
6.107071201000508,15.118848,62.0
6.120351278999806,15.118848,62.0
6.133664510000017,15.118848,61.781
6.145824105999964,15.118848,61.843
6.1575974510005835,15.040512000000001,62.093
6.168916478000028,15.001344,61.812
6.181055946000015,15.001344,62.031
6.195072590000564,15.001344,61.843
6.20707682200009,15.001344,62.031
6.21904831700067,15.001344,62.25
6.231032900000173,15.001344,61.875
6.243001995000668,15.040512000000001,62.156
6.254999442000553,15.07968,61.843
6.266969561000224,15.040512000000001,62.125
6.278954368000086,15.07968,61.875
6.290921030999925,15.118848,61.937
6.30291595000017,15.118848,61.875
6.314904116999969,15.118848,62.156
6.326883452000402,15.07968,61.75
6.338881284000308,15.07968,61.937
6.352955817999828,15.040512000000001,61.937
6.366258712000672,15.07968,61.656
6.379613896000592,15.118848,61.875
6.393002937999881,15.118848,62.125
6.405173830000422,15.07968,62.125
6.417292273999919,15.07968,61.843
6.429396444000304,15.040512000000001,61.937
6.441505479000625,15.040512000000001,61.687
6.453610802000185,15.001344,61.968
6.465661883000394,15.040512000000001,62.218
6.477649090000341,15.040512000000001,61.843
6.489659658000164,15.040512000000001,62.125
6.501682322999841,15.040512000000001,61.875
6.513659289000316,15.07968,61.906
6.525640993000707,15.07968,61.843
6.537609255000461,15.07968,61.906
6.549730482000086,15.118848,62.156
6.5617006970005605,15.118848,61.843
6.573634111000501,15.158016,62.093
6.585612582000067,15.07968,61.781
6.597557516000052,15.07968,61.656
6.610633588000383,15.040512000000001,61.843
6.624118632000318,15.07968,62.062
6.6372378410005695,15.118848,62.031
6.6507438779999575,15.118848,61.812
6.663062263000029,15.118848,61.968
6.675170786000308,15.118848,61.843
6.687301805000061,15.07968,61.937
6.699469273999966,15.040512000000001,62.25
6.711481794000065,15.07968,61.875
6.7236388299998,15.07968,62.0
6.73571455199999,15.07968,61.781
6.7477798410000105,15.040512000000001,61.875
6.759647237000536,15.001344,61.718
6.771652621000612,15.001344,61.875
6.783608018999985,15.040512000000001,62.125
6.795559160999801,15.001344,62.062
6.807536928000445,15.040512000000001,61.812
6.819468806000259,15.07968,61.937
6.831416492000244,15.07968,61.781
6.84341806700013,15.07968,61.875
6.855377242000031,15.040512000000001,62.0
6.867453028000455,15.040512000000001,61.75
6.879381513000226,15.040512000000001,61.968
6.892620502000682,15.07968,61.875
6.906106762000491,15.118848,61.687
6.919381208000232,15.118848,61.843
6.9317754670000795,15.118848,62.187
6.94389877499998,15.07968,61.843
6.955887294000604,15.07968,62.062
6.967960040000435,15.07968,61.843
6.980143349000173,15.07968,62.0
6.992163036999955,15.07968,61.718
7.004153668000072,15.07968,61.812
7.016107082999952,15.07968,62.218
7.0280202399999325,15.07968,62.062
7.03994773300019,15.118848,61.843
7.051883451000322,15.118848,62.0
7.063806176000071,15.118848,61.75
7.075771366000481,15.158016,61.937
7.087732941000468,15.158016,62.093
7.0998228389998985,15.197184,61.906
7.111791197999992,15.118848,61.968
7.1237652210002125,15.118848,61.625
7.136829804000627,15.07968,61.875
7.149247104000096,15.118848,62.25
7.1624197549999735,15.158016,62.093
7.1746643460001,15.197184,61.906
7.186615296000127,15.158016,62.062
7.198785356000371,15.158016,61.843
7.211340356000619,15.158016,62.031
7.223599540000578,15.158016,61.718
7.2386430630003815,15.158016,62.312
7.250933510999857,15.158016,61.906
7.262901677000627,15.158016,62.031
7.274871220000023,15.158016,61.875
7.286860123000224,15.197184,62.031
7.298849058000087,15.197184,61.656
7.310836778000521,15.197184,61.968
7.322856370000409,15.236352,62.125
7.33484594499987,15.236352,61.812
7.346846464000009,15.27552,62.093
7.358343961000173,15.236352,61.75
7.36964452400025,15.197184,61.937
7.3816427070005375,15.158016,62.218
7.39378070300063,15.118848,62.125
7.4071133580000605,15.158016,61.687
7.42029704900051,15.158016,62.031
7.432810160000372,15.197184,61.75
7.444762869999977,15.236352,62.062
7.456887650000681,15.197184,61.75
7.468931082000381,15.197184,61.937
7.4810444049999205,15.158016,62.187
7.493042205000165,15.118848,62.031
7.505220106000706,15.118848,61.843
7.517221777000486,15.118848,62.0
7.5292400250000355,15.118848,61.718
7.541229633000512,15.118848,61.968
7.553192135000245,15.158016,62.25
7.56519886300066,15.158016,61.812
7.577197526000418,15.158016,62.156
7.58950448700034,15.197184,61.843
7.601623890000155,15.197184,61.937
7.613659194999855,15.197184,62.281
7.625620225000603,15.236352,61.968
7.637606152000444,15.158016,62.125
7.649680561999958,15.158016,62.062
7.664056929000253,15.118848,61.75
7.677169129000504,15.158016,61.875
7.690594620000411,15.158016,61.843
7.704165298000589,15.158016,62.25
7.716510723999818,15.158016,61.781
7.728713745999812,15.158016,62.093
7.741223017000266,15.118848,61.906
7.753484599999865,15.07968,61.75
7.765752936000354,15.07968,61.875
7.777896723000595,15.07968,62.218
7.789859578000687,15.07968,61.875
7.801871522000511,15.07968,62.156
7.813859785000204,15.118848,61.812
7.825994389000698,15.118848,62.031
7.8379747160006445,15.118848,61.75
7.849946721999913,15.158016,61.875
7.861876296000446,15.158016,62.25
7.873865295000542,15.197184,61.812
7.885847862000446,15.197184,62.125
7.89782994899997,15.118848,61.875
7.909829860000173,15.158016,61.875
7.922849130000031,15.118848,61.875
7.936310269999922,15.158016,62.156
7.949298211000496,15.158016,61.75
7.961935934000394,15.118848,62.0
7.973829665999801,15.118848,61.937
7.98587252300058,15.07968,61.781
7.997926099999859,15.07968,61.937
8.00999212500028,15.040512000000001,62.218
8.023488690000704,15.040512000000001,61.906
8.035555675000069,15.040512000000001,62.062
8.047506048999821,15.040512000000001,61.843
8.059608812000079,15.040512000000001,62.0
8.07154955399983,15.040512000000001,61.843
8.083486743000321,15.07968,61.968
8.095410845000515,15.07968,62.218
8.107522824000625,15.07968,61.812
8.119496174000233,15.118848,62.093
8.13147147700056,15.118848,61.75
8.143424730999868,15.158016,61.687
8.155472772000394,15.118848,61.843
8.167417546000252,15.07968,62.093
8.179385456000091,15.07968,61.812
8.19151970800067,15.07968,62.0
8.20519694900031,15.118848,61.687
8.218332094999823,15.118848,61.718
8.23166513400065,15.118848,61.906
8.243778809000105,15.118848,62.156
8.255842434999977,15.118848,61.875
8.267838794000454,15.07968,62.031
8.279917108000518,15.040512000000001,61.812
8.291960061000282,15.040512000000001,61.937
8.303931491000185,15.040512000000001,61.718
8.315880873000424,15.040512000000001,62.0
8.327832783000304,15.07968,62.312
8.339836150999872,15.07968,61.843
8.351847263000309,15.118848,62.062
8.363789187999828,15.118848,61.875
8.375756778999857,15.118848,61.875
8.387712337000266,15.118848,61.875
8.3997102000003,15.158016,62.187
8.41169724700012,15.158016,61.875
8.423673734000658,15.118848,62.0
8.435788593000325,15.118848,61.593
8.449028093999914,15.07968,61.875
8.462224648999836,15.118848,61.781
8.47566447600002,15.158016,62.25
8.489079533000222,15.158016,61.875
8.501594276000105,15.118848,62.125
8.513710318999983,15.118848,62.031
8.52575631200034,15.118848,61.75
8.537889956000072,15.07968,61.875
8.550394362000588,15.07968,62.093
8.562047094999798,15.001344,61.75
8.574097472000176,15.001344,62.0
8.586106536000443,15.001344,61.75
8.598089967000305,15.001344,62.0
8.610088213999916,15.040512000000001,61.781
8.622079325999948,15.040512000000001,61.937
8.634047491999809,15.040512000000001,62.281
8.64599188200009,15.07968,61.812
8.657987440999932,15.07968,62.093
8.669956792000448,15.118848,61.718
8.681907038000645,15.07968,61.968
8.693863012000293,15.040512000000001,61.75
8.705911181000374,15.040512000000001,62.156
8.71907957500025,15.040512000000001,61.812
8.732346628999949,15.07968,62.031
8.74562414600041,15.118848,61.937
8.75924385000053,15.118848,61.718
8.771604733000459,15.118848,61.937
8.783693223000228,15.07968,62.312
8.795848275000026,15.040512000000001,61.843
8.807807001000583,15.040512000000001,62.031
8.822033219000332,15.040512000000001,62.031
8.834040587000345,15.07968,61.75
8.846036978000484,15.07968,62.0
8.858032537999861,15.07968,62.312
8.870017057000041,15.07968,61.875
8.882085002000167,15.118848,62.25
8.894093330000032,15.07968,61.843
8.906223357000272,15.118848,62.0
8.918191108000428,15.158016,61.75
8.930206796000675,15.158016,61.875
8.942246292000164,15.118848,62.25
8.954396832000384,15.07968,61.812
8.966400232000524,15.07968,61.687
8.979637589000049,15.118848,61.906
8.992667835000248,15.118848,61.656
9.005912616000387,15.158016,61.656
9.019415579999986,15.158016,61.906
9.031421284000317,15.158016,62.125
9.04350942200017,15.118848,61.781
9.055609527999877,15.07968,61.937
9.067730339000263,15.07968,61.968
9.081993647000672,15.07968,61.75
9.09410351400038,15.07968,61.875
9.106095457000265,15.07968,62.218
9.118075942999894,15.07968,61.812
9.130065422999905,15.118848,62.093
9.142033877000358,15.118848,61.875
9.154036476999863,15.07968,61.906
9.166086309000093,15.040512000000001,62.218
9.177981834000093,15.07968,61.718
9.1900661640002,15.07968,62.062
9.202087067999855,15.118848,61.812
9.214075650999803,15.040512000000001,62.0
9.226084714000535,15.040512000000001,61.875
9.239451866999843,15.001344,61.625
9.253055537999899,15.040512000000001,61.75
9.266280638000353,15.07968,61.781
9.279662287000065,15.118848,62.0
9.292256168000677,15.07968,61.718
9.30439304399988,15.07968,62.0
9.316542143999868,15.07968,61.75
9.328748013000222,15.040512000000001,61.843
9.341155136999987,15.040512000000001,62.156
9.353221450000092,15.040512000000001,61.781
9.36523419400055,15.040512000000001,62.062
9.377204024000093,15.040512000000001,61.937
9.389183838999998,15.040512000000001,61.812
9.401271753000401,15.07968,61.875
9.413214863000576,15.07968,62.281
9.425192598000649,15.07968,61.781
9.437150044000191,15.118848,61.968
9.449143779000224,15.118848,61.656
9.461156619000576,15.118848,61.937
9.473147026000333,15.07968,61.718
9.48519417100033,15.07968,61.718
9.499228542999845,15.001344,61.656
9.51240893800059,15.040512000000001,61.937
9.52588342099989,15.07968,61.906
9.539174956000352,15.118848,61.687
9.552229843000532,15.07968,61.875
9.564589540999805,15.07968,62.25
9.576678671000082,15.040512000000001,61.781
9.588794586000404,15.040512000000001,62.062
9.602065478999975,15.040512000000001,62.0
9.61415569700057,15.040512000000001,61.75
9.626218747000166,15.040512000000001,61.906
9.638143040000614,15.07968,62.25
9.650240458000553,15.07968,61.843
9.662213073000203,15.07968,62.093
9.674130549000438,15.07968,61.875
9.686073083000338,15.118848,61.968
9.698031969000112,15.118848,61.75
9.710016072000144,15.118848,61.875
9.722011792000558,15.158016,62.187
9.733984726000017,15.118848,61.875
9.746159811000325,15.07968,61.937
9.759302700000262,15.001344,61.875
9.772022953000487,15.001344,61.593
9.785473468000419,15.040512000000001,62.218
9.799063987000409,15.07968,61.781
9.81267661899983,15.07968,62.062
9.82482965500003,15.07968,61.75
9.836911617000624,15.040512000000001,61.968
9.849064044999977,15.001344,61.687
9.861209209000663,15.001344,61.781
9.874921235000329,15.001344,61.875
9.886918619000426,15.001344,62.125
9.898897953000414,15.001344,61.843
9.910893225000109,15.040512000000001,61.968
9.922860366999885,15.040512000000001,61.781
9.934846230000403,15.07968,61.937
9.946841245000542,15.040512000000001,62.25
9.958832228000574,15.07968,61.812
9.97083300400027,15.118848,62.093
9.98303125700022,15.118848,61.781
9.995026816000063,15.07968,61.968
10.007002758999988,15.07968,61.687
10.019000526000127,15.040512000000001,62.218
10.032329534000382,15.07968,61.812
10.045647148000171,15.07968,62.031
10.059018749000643,15.118848,62.031
10.072304395000174,15.118848,61.687
10.084355668000171,15.118848,61.937
10.096485566999945,15.07968,61.75
10.108613129999867,15.040512000000001,61.812
10.12066661100016,15.040512000000001,62.125
10.134848476000116,15.040512000000001,62.031
10.146857444000489,15.040512000000001,61.718
10.158852874999866,15.040512000000001,61.875
10.170833840999876,15.040512000000001,61.781
10.182808088000456,15.07968,61.875
10.194758782000463,15.07968,62.125
10.206729796000218,15.07968,61.75
10.218695083000057,15.118848,62.031
10.230693810000048,15.118848,61.781
10.242691161000039,15.158016,61.875
10.254704705000222,15.118848,62.281
10.266678119000062,15.07968,61.781
10.278773426000043,15.07968,61.812
10.292350088000603,15.07968,61.906
10.305577940000148,15.118848,61.687
10.318822145000013,15.118848,61.656
10.331997930999933,15.118848,61.875
10.344164472000557,15.118848,62.25
10.35621516900028,15.07968,61.812
10.367856317000587,15.001344,61.968
10.380109548000291,14.962176,61.718
10.39237020300061,14.962176,61.968
10.404412932000014,14.962176,61.718
10.416479917000288,15.001344,61.843
10.428502069000388,15.001344,62.156
10.440510684999936,15.001344,61.812
10.452515779999885,15.040512000000001,62.031
10.464529964000576,15.040512000000001,61.843
10.476504179000585,15.040512000000001,61.906
10.488496474000385,15.07968,62.25
10.500569699000152,15.07968,62.093
10.512600428000042,15.118848,61.875
10.52458661000037,15.07968,62.093
10.536575449000338,15.040512000000001,61.562
10.54953049300002,15.001344,61.875
10.561711594000371,15.040512000000001,61.593
10.575074362000123,15.07968,62.125
10.588216611999997,15.118848,61.718
10.601602548999836,15.118848,62.062
10.613695903000007,15.07968,61.812
10.625807432999864,15.07968,61.875
10.637932565000483,15.040512000000001,61.718
10.6500144620004,15.040512000000001,62.25
10.663436272000581,15.040512000000001,61.875
10.675414551000358,15.07968,62.093
10.68736332500066,15.07968,61.843
10.699555466000675,15.07968,62.031
10.711540401000093,15.07968,61.75
10.723488790000374,15.118848,62.031
10.735433851999915,15.118848,62.218
10.747422979000476,15.118848,61.812
10.759400842000105,15.118848,62.0
10.771333263000088,15.158016,61.687
10.783227699000236,15.118848,61.937
10.7951480239999,15.118848,61.562
10.806919161000224,15.07968,61.843
10.818990434000625,15.118848,61.781
10.832314353000584,15.158016,62.031
10.845205299000554,15.197184,61.75
10.858740073000263,15.158016,61.968
10.870926261000022,15.158016,61.843
10.883207269000195,15.158016,62.218
10.895379186000355,15.118848,61.843
10.907530590000533,15.07968,61.781
10.922463325000535,15.07968,62.0
10.934661258000233,15.07968,61.781
10.946703954999975,15.07968,61.906
10.958735162999801,15.07968,62.187
10.97092900000007,15.040512000000001,61.875
10.98304235500018,15.07968,62.062
10.995018264999999,15.07968,61.875
11.007062210000186,15.07968,61.968
11.019114507000268,15.118848,61.687
11.03110638599992,15.118848,61.875
11.043071191999843,15.118848,62.281
11.0550928319999,15.07968,61.812
11.067249356000502,15.07968,61.625
11.081432212999971,15.040512000000001,61.906
11.09492672900069,15.07968,61.875
11.10818754200045,15.118848,62.156
11.121535302000666,15.118848,61.843
11.13368235300004,15.118848,62.093
11.145850366000559,15.118848,61.781
11.157934599000328,15.07968,61.968
11.169989775999966,15.040512000000001,61.718
11.182132316000207,15.040512000000001,62.25
11.194140675000199,15.07968,61.843
11.206155147000572,15.07968,62.156
11.21813070600001,15.07968,61.812
11.230278685000485,15.07968,62.031
11.242464330000075,15.118848,61.843
11.254526546999841,15.07968,62.0
11.266543290999834,15.118848,62.281
11.278537730000608,15.118848,61.843
11.290542186000494,15.158016,61.968
11.30267944500065,15.158016,61.843
11.31467129200064,15.118848,61.937
11.326685284000632,15.118848,61.875
11.340207064000424,15.07968,62.156
11.353537607999897,15.118848,61.812
11.366934009000033,15.118848,61.75
11.380180101000406,15.158016,62.0
11.39253781500065,15.118848,61.75
11.404718532000516,15.118848,61.968
11.416778925000472,15.07968,62.281
11.42885058200045,15.040512000000001,61.875
11.441252010000426,15.040512000000001,62.187
11.452961288000552,15.07968,61.75
11.464922285999819,15.07968,62.031
11.476872371999889,15.07968,61.718
11.488947838000058,15.07968,61.937
11.50110321000011,15.118848,62.218
11.513185363000048,15.118848,62.156
11.525187515000653,15.118848,61.75
11.537186690000453,15.118848,62.0
11.549267563000285,15.158016,61.656
11.561269075000382,15.158016,61.812
11.573639748999994,15.07968,62.187
11.585670125000433,15.040512000000001,61.656
11.59766072399998,15.001344,61.968
11.609716317000675,15.040512000000001,61.656
11.623014603000229,15.07968,61.718
11.636395292000088,15.118848,61.906
11.648463237000215,15.118848,62.281
11.66053998300049,15.07968,61.875
11.672685242000625,15.07968,62.156
11.684945898000478,15.040512000000001,61.718
11.697132950000196,15.040512000000001,61.781
11.7120650450006,15.040512000000001,61.906
11.72410287799994,15.040512000000001,61.75
11.736130598000273,15.040512000000001,61.875
11.748059051000382,15.040512000000001,62.125
11.760008209000262,15.07968,61.781
11.7719118290006,15.07968,61.968
11.783843545999844,15.07968,61.781
11.795963557000505,15.118848,61.906
11.807968140999947,15.118848,62.25
11.820069590999992,15.158016,61.75
11.831779894000647,15.118848,62.156
11.843832894000116,15.07968,61.687
11.85586192700066,15.07968,61.656
11.869385818999945,15.07968,61.875
11.882990963000339,15.118848,61.843
11.896248288000606,15.118848,62.031
11.909548942000583,15.118848,61.812
11.921662745000503,15.118848,62.062
11.933749570000145,15.07968,61.75
11.945944048000456,15.040512000000001,61.906
11.957966775000386,15.040512000000001,61.843
11.972146816000532,15.040512000000001,62.187
11.984334317000503,15.040512000000001,61.843
11.996343348000664,15.040512000000001,62.093
12.008492064000166,15.040512000000001,61.75
12.020555369000249,15.07968,61.875
12.032544432000577,15.118848,61.75
12.044556152000041,15.07968,61.875
12.056586432000586,15.118848,62.187
12.068580486999963,15.118848,61.75
12.08058449500004,15.158016,61.906
12.092572629000642,15.118848,61.968
12.104563548000442,15.07968,61.843
12.116557827000179,15.07968,61.812
12.129785103000359,15.07968,61.968
12.143302404000679,15.118848,62.031
12.156659027999922,15.158016,61.656
12.169639063999966,15.07968,61.937
12.181900487000348,15.040512000000001,61.687
12.193957168000452,15.040512000000001,61.937
12.206025626000155,15.001344,62.093
12.218179653000334,15.001344,62.062
12.233134052999958,14.962176,61.781
12.24519803000021,15.001344,61.968
12.257206998000584,15.001344,61.718
12.26919990100032,15.001344,61.937
12.28118384300069,15.001344,62.156
12.29317729000013,15.040512000000001,61.843
12.3052014900004,15.040512000000001,62.062
12.31717826500062,15.07968,61.781
12.329159007000271,15.07968,61.906
12.341162630999861,15.118848,61.812
12.353204398999878,15.118848,62.281
12.36520405400006,15.07968,61.781
12.377186876999986,15.07968,61.906
12.390558605000479,15.040512000000001,61.625
12.40404768100052,15.07968,61.656
12.417572086000291,15.118848,61.75
12.430887108000206,15.118848,62.156
12.443288311999822,15.118848,62.093
12.455385314000523,15.07968,61.75
12.467542222000702,15.07968,61.968
12.479535765000037,15.040512000000001,61.75
12.492171311000675,15.040512000000001,61.875
12.504264249000698,15.040512000000001,62.25
12.516216830999838,15.040512000000001,61.875
12.528192069000397,15.040512000000001,62.156
12.540130954000233,15.040512000000001,61.812
12.552092048000304,15.07968,62.0
12.564015988999927,15.07968,61.875
12.575947354000164,15.07968,61.843
12.587910273000489,15.118848,62.156
12.599955497000337,15.118848,61.812
12.611903951000386,15.118848,62.031
12.623829492000368,15.07968,61.781
12.635815803000696,15.07968,61.531
12.649725371000386,15.040512000000001,61.812
12.663305744999889,15.040512000000001,61.656
12.676618880000206,15.07968,62.093
12.690037905999816,15.118848,61.718
12.703044055000646,15.07968,61.937
12.715183362000062,15.07968,61.687
12.727225483000439,15.040512000000001,61.75
12.739325333000124,15.001344,61.843
12.75156656299987,15.001344,62.093
12.765894000000117,14.962176,61.718
12.777078079000603,14.962176,61.968
12.78905751000002,14.962176,61.687
12.801238834000287,14.962176,61.968
12.813219609000043,14.962176,61.687
12.825221984000564,15.001344,61.875
12.837216743000681,15.001344,62.125
12.849379762999888,15.040512000000001,61.906
12.86178211800052,15.040512000000001,61.75
12.873883408999973,15.07968,61.875
12.886019196000234,15.040512000000001,61.656
12.89801942700069,15.001344,61.718
12.910063371999968,15.001344,62.125
12.923431772000185,15.001344,61.875
12.936764490999849,15.040512000000001,61.75
12.948942103000263,15.07968,61.843
12.962393929999962,15.07968,61.687
12.974582839000504,15.07968,61.875
12.986679393000486,15.040512000000001,62.125
12.9988403010002,15.040512000000001,61.781
13.010986328999934,15.001344,61.75
13.025432297000407,15.001344,61.906
13.03743838399987,15.001344,61.718
13.049475257000267,15.040512000000001,61.875
13.061493952000092,15.040512000000001,62.218
13.073454022000078,15.040512000000001,61.812
13.08548548700037,15.07968,62.031
13.09744290100025,15.07968,61.75
13.109430651000366,15.07968,61.906
13.121446435000507,15.118848,61.843
13.133507563999956,15.118848,62.25
13.145512435000455,15.07968,61.843
13.157586172000265,15.07968,61.906
13.169647525000073,15.040512000000001,61.718
13.183090360000278,15.07968,61.812
13.19649031300014,15.118848,61.812
13.20997785200052,15.118848,62.187
13.223065252000197,15.118848,61.781
13.235256625000147,15.118848,62.093
13.24730194499989,15.07968,61.968
13.259364194000227,15.040512000000001,61.656
13.271437068000523,15.040512000000001,61.875
13.286264264000238,15.040512000000001,62.218
13.29828910300057,15.040512000000001,61.781
13.31029432700052,15.040512000000001,62.125
13.32231705400045,15.040512000000001,62.031
13.33432733400059,15.07968,61.781
13.346350126000289,15.118848,61.937
13.358338261000426,15.07968,62.25
13.37008875599986,15.040512000000001,61.781
13.38221423899995,15.040512000000001,62.031
13.394264616000328,15.07968,61.625
13.406319632000304,15.07968,61.937
13.418527998000172,15.001344,61.625
13.430557702000442,15.040512000000001,61.718
13.444950677000634,15.001344,61.718
13.458331109000028,15.040512000000001,61.968
13.471280617000048,15.07968,61.968
13.484619608000685,15.07968,61.781
13.496842150000703,15.040512000000001,61.875
13.508993776999887,15.040512000000001,61.687
13.521089627000038,15.001344,61.812
13.53318208500059,15.001344,62.093
13.54529198399996,15.001344,61.843
13.557027535000088,15.001344,62.0
13.569041718000335,15.001344,61.687
13.581019997000112,15.001344,61.906
13.592995491000693,15.040512000000001,62.218
13.60500727500039,15.040512000000001,61.843
13.61700555400057,15.040512000000001,62.125
13.629047290000017,15.07968,61.812
13.641060034000475,15.07968,61.937
13.653156524000224,15.118848,61.656
13.665178420000302,15.118848,62.375
13.677186875000189,15.07968,61.812
13.68917942600001,15.07968,61.937
13.702815898000154,15.001344,61.656
13.716214475000015,15.040512000000001,61.625
13.729755039999873,15.07968,61.843
13.743007404999844,15.118848,61.843
13.75600545799989,15.07968,62.156
13.768181438000283,15.07968,61.781
13.780240583000705,15.040512000000001,61.937
13.792316816000493,15.001344,61.687
13.804385274000197,15.040512000000001,62.0
13.818185271000402,15.040512000000001,61.687
13.830161116999989,15.040512000000001,61.812
13.842219942000156,15.040512000000001,62.218
13.854243406000023,15.040512000000001,61.875
13.866226388000541,15.07968,61.781
13.878980049999882,15.07968,61.968
13.891415750000306,15.118848,61.656
13.903731766999954,15.118848,61.843
13.916022503000022,15.118848,62.093
13.92833336700005,15.158016,61.812
13.940738314000555,15.07968,61.906
13.952921398999933,15.07968,61.781
13.967380072000196,15.040512000000001,61.75
13.980944830000226,15.001344,62.062
13.994476051000674,15.040512000000001,61.718
14.00803831200028,15.07968,61.75
14.020556094999847,15.040512000000001,62.0
14.032707243000004,15.040512000000001,61.718
14.044783924000512,15.001344,61.812
14.056900223000412,15.001344,62.156
14.0690491940004,15.001344,61.812
14.080631173000256,15.001344,62.062
14.09274481600005,15.001344,61.718
14.104716150000058,15.001344,62.031
14.116708444999858,15.040512000000001,61.812
14.128778150000471,15.040512000000001,61.875
14.14078026900006,15.07968,62.25
14.1527766600002,15.07968,61.875
14.164757018000273,15.07968,62.062
14.176758113000687,15.118848,61.687
14.18877917700047,15.118848,61.875
14.200853650000681,15.07968,61.687
14.212804888000392,15.07968,61.687
14.225484434999998,15.040512000000001,61.75
14.238815810000233,15.07968,61.937
14.251993132999814,15.07968,61.875
14.265530082000623,15.118848,61.656
14.278969460000553,15.118848,61.906
14.291122911000457,15.118848,62.156
14.303238090000377,15.07968,61.781
14.31538376500066,15.040512000000001,62.0
14.327445118000469,15.040512000000001,61.968
14.342335996000656,15.040512000000001,61.656
14.3544538619999,15.07968,61.937
14.36649809500068,15.07968,61.656
14.378527863000272,15.07968,62.218
14.390555423000478,15.07968,61.875
14.402691754000443,15.07968,62.093
14.414693905000604,15.118848,61.75
14.426670327000465,15.118848,61.875
14.438635037000495,15.118848,61.593
14.450809001999914,15.158016,61.843
14.462840146000417,15.118848,62.125
14.474877850000667,15.118848,61.687
14.488811707000423,15.040512000000001,61.656
14.502141034000488,15.07968,61.843
14.515601244000209,15.118848,61.781
14.528932139000062,15.118848,62.093
14.542109621000236,15.118848,61.781
14.554141309000443,15.118848,62.125
14.566216167000675,15.07968,61.687
14.57865164299983,15.001344,61.875
14.590769925000131,15.001344,61.812
14.60423525599981,15.001344,62.156
14.616213055000117,15.001344,61.843
14.628190053000253,15.001344,62.0
14.640207277000627,15.001344,61.75
14.652213908000704,15.040512000000001,61.968
14.664162105999822,15.040512000000001,61.75
14.67614739200053,15.040512000000001,61.875
14.6883111799998,15.07968,62.156
14.700400661999993,15.118848,61.875
14.712406333000217,15.118848,61.968
14.724393092000355,15.07968,61.625
14.736408458999904,15.07968,61.781
14.748408850000487,15.040512000000001,61.781
14.761670558999867,15.07968,62.093
14.774840105000294,15.07968,61.718
14.788118967000628,15.118848,61.718
14.801696909000384,15.118848,61.906
14.813735573000486,15.118848,61.687
14.825874560000557,15.07968,61.843
14.837971945999925,15.040512000000001,62.187
14.850101589000587,15.040512000000001,62.093
14.86503294800059,15.040512000000001,61.75
14.877046331000201,15.07968,62.0
14.889024290000634,15.07968,61.687
14.901811808000275,15.07968,61.875
14.913936971000112,15.07968,62.218
14.925967251000657,15.118848,61.875
14.937989531000312,15.118848,62.062
14.949985314000514,15.118848,61.906
14.96203322600013,15.158016,61.687
14.97404005000044,15.158016,61.812
14.9860670019998,15.118848,62.343
14.998075169000003,15.118848,61.687
15.010178954999901,15.07968,62.0
15.023549723000542,15.118848,61.875
15.037172403000113,15.158016,61.75
15.050706056000308,15.158016,61.812
15.064133145000596,15.158016,61.687
15.076158241000485,15.158016,62.093
15.088224394000463,15.118848,61.687
15.1005876119998,15.07968,61.968
15.112729447000675,15.07968,61.75
15.127176599999984,15.07968,61.875
15.139126621000287,15.118848,61.687
15.151169061000473,15.07968,62.218
15.163143020000462,15.118848,62.156
15.174501119000524,15.040512000000001,61.75
15.186559495999973,15.040512000000001,61.968
15.198578448000262,15.040512000000001,61.937
15.21060315900013,15.07968,61.75
15.222612446999847,15.07968,61.875
15.234613638000155,15.118848,62.062
15.246620429000359,15.118848,61.781
15.258599987000707,15.040512000000001,61.875
15.27060425000036,15.07968,61.656
15.284829732000617,15.040512000000001,61.531
15.298332024000047,15.07968,61.718
15.311479777000386,15.07968,62.062
15.324886578000587,15.07968,61.937
15.337079007000284,15.07968,61.718
15.349217226000292,15.07968,61.875
15.361300372000187,15.040512000000001,61.625
15.373362205000376,15.040512000000001,61.906
15.385492903999875,15.040512000000001,62.187
15.397482733999823,15.040512000000001,61.843
15.409463029000108,15.040512000000001,62.031
15.421462076000353,15.040512000000001,61.75
15.433439746000658,15.040512000000001,61.875
15.445447048999995,15.07968,61.718
15.457478193000497,15.07968,61.937
15.46946389599998,15.118848,62.125
15.481474879000416,15.118848,61.718
15.493473350000386,15.118848,61.968
15.505462412999805,15.158016,61.656
15.51742977899994,15.07968,61.906
15.529398553000647,15.07968,61.75
15.541732714000318,15.07968,62.031
15.555058904000362,15.118848,61.656
15.568401960000301,15.158016,61.656
15.581905402999837,15.158016,61.906
15.5944919880003,15.118848,61.656
15.606597790000706,15.118848,61.875
15.618689896000433,15.118848,62.125
15.63084651600002,15.07968,61.75
15.643203364999863,15.07968,62.0
15.655317456000375,15.07968,61.75
15.66722920400025,15.07968,61.875
15.679164217000107,15.07968,61.875
15.691231266000614,15.118848,62.093
15.703232425000351,15.118848,61.812
15.715187951000189,15.118848,62.062
15.727139476000048,15.118848,61.75
15.73911993100046,15.158016,61.906
15.751161443000456,15.158016,61.593
15.763131145000443,15.197184,61.75
15.774445468000522,15.07968,62.062
15.786522917000184,15.040512000000001,61.593
15.798639055000422,15.001344,61.875
15.810873180999806,15.040512000000001,61.593
15.824109641000177,15.07968,61.812
15.836487932000637,15.118848,61.781
15.849887277000562,15.118848,62.156
15.862009911000314,15.118848,61.75
15.874045375000605,15.07968,62.0
15.886088520000158,15.040512000000001,61.656
15.898167856999862,15.040512000000001,61.875
15.910367710000173,15.040512000000001,61.687
15.922416389999853,15.040512000000001,61.843
15.934675125000467,15.040512000000001,62.156
15.946737854000276,15.040512000000001,61.812
15.958786342000167,15.07968,62.093
15.97112869600005,15.07968,61.937
15.983203041000706,15.07968,61.718
15.995337547999952,15.118848,61.812
16.007453270000042,15.118848,62.093
16.019536832000085,15.158016,61.687
16.031495109999923,15.158016,61.937
16.043478796000272,15.118848,61.562
16.055528564999804,15.118848,61.718
16.06977187099983,15.07968,61.75
16.08298807400024,15.118848,62.031
16.096331737000583,15.118848,61.937
16.10957453300034,15.118848,61.718
16.12181922000036,15.118848,61.906
16.133927773999858,15.118848,61.75
16.146089834000122,15.07968,61.843
16.15831771900048,15.040512000000001,62.156
16.170519332000367,15.040512000000001,61.75
16.18255274800049,15.040512000000001,62.093
16.194550418999825,15.040512000000001,61.781
16.20653016899996,15.040512000000001,61.968
16.218549633000293,15.07968,61.718
16.23063178600023,15.07968,61.875
16.24264168100035,15.07968,62.187
16.25465535300009,15.118848,62.156
16.266682017000676,15.118848,61.718
16.278691176000393,15.118848,61.875
16.290686959000595,15.158016,61.75
16.302724439000485,15.118848,61.812
16.314715901000454,15.118848,61.968
16.327960393000467,15.07968,61.656
16.34087415600061,15.118848,61.875
16.353185020000637,15.158016,61.875
16.366438087999995,15.158016,61.531
16.379056546000356,15.118848,61.843
16.391214924999986,15.07968,62.187
16.40349775699997,15.040512000000001,61.75
16.415496804000213,15.040512000000001,61.968
16.429508295000232,15.001344,61.968
16.44165403399984,15.001344,61.625
16.45367122600055,15.001344,61.875
16.46567264100031,15.040512000000001,62.187
16.477707752000242,15.040512000000001,61.781
16.489801585999885,15.040512000000001,62.0
16.501849498999945,15.07968,61.75
16.51385148999998,15.07968,61.968
16.52583114400022,15.07968,61.75
16.537840046999918,15.118848,61.843
16.54985525400025,15.118848,62.093
16.561823836000258,15.07968,61.687
16.573859460000676,15.07968,61.906
16.585975791000237,15.040512000000001,61.875
16.59932086200024,15.07968,61.593
16.612489832000392,15.118848,61.812
16.62582699900031,15.118848,61.656
16.638098502000503,15.118848,62.062
16.65025182499994,15.118848,61.718
16.662563874000625,15.118848,61.937
16.674640363000435,15.07968,61.656
16.68671813200035,15.040512000000001,61.843
16.701043265000408,15.040512000000001,61.812
16.713042408000547,15.040512000000001,62.062
16.725023982000494,15.040512000000001,61.781
16.737014549000378,15.07968,61.968
16.748995642999944,15.07968,61.656
16.760999586000253,15.07968,61.875
16.772982632000094,15.07968,62.25
16.784982735000085,15.118848,61.875
16.796947477000685,15.118848,61.968
16.808940060000168,15.158016,61.656
16.820915746000537,15.118848,61.968
16.83292573700055,15.07968,61.531
16.84496299300008,15.07968,61.781
16.858073817999866,15.07968,61.656
16.871487243000047,15.118848,61.937
16.88477192800019,15.118848,61.718
16.89698730100008,15.158016,61.687
16.909269653000592,15.118848,61.875
16.92147241800012,15.118848,61.687
16.933603981000488,15.07968,61.781
16.94568421399981,15.07968,62.156
16.958184140000412,15.07968,61.718
16.970386136999878,15.040512000000001,61.875
16.98210079100045,15.001344,61.656
16.99416659200051,15.001344,61.843
17.006153735000225,15.001344,62.25
17.01812631700068,15.040512000000001,61.875
17.03015371699985,15.040512000000001,62.093
17.042274430999896,15.040512000000001,61.718
17.05456395100009,15.07968,62.0
17.066637528000683,15.07968,61.875
17.078698944999815,15.118848,61.625
17.09071127200059,15.07968,61.718
17.102763536000566,15.040512000000001,61.906
17.11597199500011,15.001344,61.593
17.129197766999823,15.040512000000001,61.593
17.142125577000115,15.07968,61.843
17.154788931999974,15.118848,61.625
17.168262807000247,15.07968,61.781
17.180357025000376,15.07968,62.062
17.192571405999843,15.07968,62.0
17.204810363999968,15.040512000000001,61.687
17.21692589400027,15.001344,61.906
17.230392473000393,15.040512000000001,61.625
17.24240435200045,15.040512000000001,61.875
17.25444160799998,15.040512000000001,62.187
17.266449359000035,15.040512000000001,61.75
17.278474327000367,15.07968,62.031
17.29051711900047,15.07968,61.781
17.302525318000335,15.07968,61.875
17.314518989000135,15.118848,61.687
17.32650309100063,15.118848,61.843
17.33849788200041,15.158016,62.093
17.35064045299987,15.118848,61.906
17.362631500000134,15.07968,61.625
17.374646899000254,15.040512000000001,61.781
17.387972481999896,15.07968,61.562
17.401678330999857,15.118848,62.031
17.415062668000246,15.118848,61.687
17.42815281900039,15.118848,62.031
17.440264093000224,15.118848,61.718
17.45245473000068,15.07968,61.906
17.46459230900018,15.040512000000001,61.843
17.476720128000125,15.040512000000001,62.125
17.490638592000323,15.040512000000001,61.781
17.502672424000593,15.07968,62.031
17.514634765000665,15.07968,61.75
17.5266381320007,15.07968,62.0
17.538618235000285,15.07968,61.687
17.550713860000542,15.118848,61.937
17.56271687500066,15.118848,62.187
17.57507398100006,15.07968,61.937
17.587143014000503,15.118848,61.781
17.599180750000414,15.07968,61.812
17.611301687999912,15.07968,61.625
17.62336281700027,15.040512000000001,61.687
17.63541792900014,15.040512000000001,61.968
17.649070498000583,15.040512000000001,61.875
17.662488595000468,15.07968,61.625
17.674826596000457,15.118848,61.906
17.688477564000095,15.118848,61.656
17.7008603029999,15.118848,62.218
17.713113021000026,15.07968,61.75
17.72514851699998,15.040512000000001,62.0
17.737217165999937,15.040512000000001,61.781
17.749430843000482,15.040512000000001,61.937
17.761658088999866,15.040512000000001,61.656
17.773786099000063,15.07968,61.781
17.78589711800032,15.040512000000001,62.125
17.797888963999867,15.07968,61.781
17.809988622000674,15.118848,61.968
17.82205426300061,15.07968,61.75
17.834057181999924,15.118848,61.906
17.84605373300019,15.118848,61.656
17.858082507999825,15.158016,61.687
17.870077362999837,15.158016,62.156
17.882050457000332,15.07968,61.687
17.894008670999938,15.118848,61.625
17.90811245199984,15.07968,61.812
17.92143777900037,15.118848,61.75
17.934837732000233,15.158016,61.625
17.948418842000137,15.158016,61.781
17.960899343000165,15.118848,62.093
17.973204799000086,15.118848,62.062
17.985626321999916,15.07968,61.656
17.997785950000434,15.07968,61.843
18.009972747000575,15.07968,61.593
18.02207758900022,15.07968,61.812
18.03411922900068,15.07968,62.125
18.046139044000483,15.07968,61.781
18.058142763000433,15.07968,62.0
18.07026287000008,15.118848,61.687
18.082274076999965,15.118848,61.968
18.094238307000523,15.118848,62.218
18.106243210000684,15.158016,61.781
18.11838619700029,15.158016,62.031
18.13040550000005,15.197184,61.781
18.142400899000677,15.118848,61.906
18.154422858000544,15.118848,61.781
18.168726198000513,15.07968,61.531
18.1817620110005,15.040512000000001,61.968
18.19394784799988,15.07968,61.718
18.207409306000045,15.07968,61.875
18.21993464100069,15.07968,61.531
18.23205055500057,15.07968,61.781
18.244134276000295,15.040512000000001,61.625
18.256357618000038,15.001344,61.781
18.268681442000343,15.001344,62.125
18.280811532999905,15.001344,62.0
18.29283720500007,15.001344,61.718
18.304848636000315,15.001344,61.906
18.316806112999984,15.001344,61.687
18.328798919999826,15.040512000000001,61.812
18.340916434000064,15.07968,62.093
18.3530021710003,15.040512000000001,61.812
18.36501245100044,15.07968,62.062
18.377019242000642,15.07968,61.625
18.389048433000426,15.118848,61.843
18.40126412600057,15.07968,61.562
18.413254981000136,15.07968,61.687
18.42522279500008,15.040512000000001,61.968
18.437701568000193,15.07968,61.625
18.450321080999856,15.07968,61.593
18.463740523000524,15.118848,61.812
18.476828370000476,15.118848,61.593
18.488909915000477,15.118848,61.781
18.501099623999835,15.07968,62.093
18.513211985999988,15.040512000000001,61.875
18.52529221900022,15.040512000000001,61.656
18.540133335000064,15.040512000000001,61.875
18.552137501999823,15.040512000000001,61.625
18.56409789100053,15.040512000000001,61.781
18.5760338959999,15.040512000000001,62.125
18.588046671000484,15.07968,62.062
18.600000948999877,15.07968,61.687
18.6119775950001,15.07968,61.906
18.623932256000444,15.118848,61.656
18.63596208800027,15.118848,61.812
18.647917133000192,15.158016,62.062
18.65986875500039,15.118848,61.656
18.671824376000586,15.07968,61.875
18.683853888000158,15.07968,61.625
18.697180430000117,15.07968,61.812
18.710322935000477,15.118848,61.781
18.723567363000257,15.158016,62.062
18.736741325000366,15.118848,61.718
18.748849719000646,15.118848,61.937
18.760952577000353,15.118848,61.687
18.773060363000695,15.040512000000001,61.625
18.7854630060001,15.001344,61.687
18.800214583000525,15.001344,62.125
18.812217694000537,15.001344,61.687
18.824328487999992,15.001344,62.0
18.83633537500009,15.001344,61.906
18.8483379420004,15.040512000000001,61.625
18.860353469000074,15.040512000000001,61.875
18.87231030700059,15.040512000000001,62.218
18.88431815400054,15.07968,61.843
18.896271278999848,15.07968,62.031
18.908299767000244,15.07968,61.625
18.920259131999956,15.118848,61.937
18.932234177999817,15.07968,61.593
18.94418708000012,15.07968,61.656
18.956771967999885,15.040512000000001,62.093
18.969414266000058,15.07968,61.968
18.982705862999865,15.118848,61.718
18.996103223999853,15.118848,61.906
19.009119420999923,15.118848,61.625
19.02121085500039,15.118848,62.187
19.03360620100011,15.07968,61.781
19.045798950000062,15.040512000000001,61.968
19.058849836000263,15.040512000000001,61.75
19.07099787900006,15.07968,61.906
19.083003581999947,15.07968,61.656
19.09501264500068,15.07968,61.875
19.107022860000143,15.07968,62.156
19.11902814699988,15.07968,61.781
19.130981817000247,15.07968,62.031
19.142968031000237,15.118848,61.718
19.154976262000673,15.118848,61.875
19.16697066800043,15.158016,61.562
19.178945714000292,15.158016,61.75
19.19092815300064,15.118848,62.093
19.20293577600023,15.118848,61.781
19.21701328400013,15.040512000000001,61.625
19.23021431899997,15.07968,61.562
19.243501372000537,15.118848,61.843
19.256687462000627,15.118848,62.156
19.269110682000246,15.118848,61.781
19.28118934700069,15.118848,61.968
19.29340379200039,15.07968,61.937
19.30550351400052,15.040512000000001,61.656
19.317715527000473,15.040512000000001,61.875
19.330825071000618,15.07968,61.625
19.342823189000228,15.07968,61.843
19.354833788000178,15.07968,62.093
19.366837698999916,15.07968,61.75
19.379187571999864,15.040512000000001,61.875
19.391651657000693,15.040512000000001,61.593
19.402827638999952,15.040512000000001,61.875
19.414809597000385,15.07968,62.25
19.426800324000396,15.07968,61.781
19.43879258600009,15.118848,61.906
19.451000023000233,15.07968,61.75
19.46297199699984,15.040512000000001,61.812
19.475044870000602,15.040512000000001,61.781
19.488492823999877,15.040512000000001,62.093
19.50218907300041,15.07968,62.0
19.515367547000096,15.118848,61.75
19.528761676000613,15.118848,61.875
19.540852789000382,15.118848,61.687
19.55295887900047,15.07968,61.875
19.564989862999937,15.040512000000001,61.718
19.577129266000156,15.040512000000001,62.031
19.589285052999912,15.040512000000001,61.656
19.601412904000426,15.040512000000001,62.0
19.613383853000414,15.07968,61.718
19.62534709100055,15.040512000000001,62.0
19.637338682000518,15.07968,61.687
19.649358177000067,15.07968,61.812
19.661358504000418,15.07968,62.156
19.673338702000365,15.118848,61.718
19.685303506999844,15.118848,61.968
19.697284154000045,15.158016,61.625
19.709232511000664,15.158016,61.906
19.72123776599983,15.07968,62.062
19.73322212400035,15.118848,61.531
19.746195759999864,15.07968,61.625
19.759610561000045,15.118848,61.843
19.772937775000173,15.158016,61.531
19.786470500000178,15.158016,61.625
19.798594670000057,15.158016,61.843
19.810722393000106,15.118848,62.125
19.822886916000243,15.07968,61.718
19.834978158000013,15.07968,61.937
19.84702360600022,15.07968,61.687
19.859019772000465,15.07968,61.812
19.871037636000437,15.07968,61.625
19.8830079140007,15.07968,61.875
19.89498139100033,15.118848,62.093
19.906984373999876,15.118848,61.781
19.918977053000162,15.118848,62.031
19.930960643000617,15.118848,61.687
19.942925801000456,15.158016,61.875
19.95491259099981,15.158016,61.625
19.9668802770002,15.197184,61.843
19.979003199000545,15.07968,61.906
19.99084697699982,15.040512000000001,61.531
20.00215483500051,15.040512000000001,61.593
20.015641255000446,15.040512000000001,61.843
20.028119900000092,15.07968,61.5
20.041626447000453,15.118848,62.031
20.05525111099996,15.118848,61.718
20.06742673900044,15.07968,61.937
20.079783908000536,15.07968,61.687
20.092003665000448,15.040512000000001,61.718
20.104103067000324,15.040512000000001,61.781
20.118348357000286,15.040512000000001,62.062
20.130343691000235,15.040512000000001,61.718
20.14232475300014,15.040512000000001,62.031
20.154332695999983,15.040512000000001,61.718
20.166393025000616,15.07968,61.875
20.178396775000692,15.07968,61.656
20.19041335900056,15.07968,61.875
20.20243333400049,15.118848,62.093
20.21443545300008,15.118848,61.843
20.226440387000366,15.158016,61.937
20.23843121000027,15.118848,61.687
20.250549555999896,15.07968,61.781
20.262540505999823,15.07968,61.843
20.2758480399998,15.07968,62.031
20.289268025000638,15.118848,61.656
20.301309377000507,15.158016,62.0
20.31441594500029,15.158016,61.875
20.326624342000287,15.118848,61.656
20.33872102300029,15.118848,61.812
20.35093066799982,15.07968,62.125
20.36302587800037,15.040512000000001,61.718
20.377244735000204,15.040512000000001,61.968
20.389244037000026,15.040512000000001,61.906
20.401456850000613,15.07968,61.625
20.41346053699999,15.07968,61.875
20.425450335999813,15.07968,62.218
20.4374552700001,15.118848,61.875
20.44942961200013,15.07968,62.031
20.461433619000672,15.118848,61.718
20.47343112999988,15.158016,61.906
20.485423680000167,15.158016,61.625
20.497430567000265,15.158016,61.781
20.50942631700036,15.118848,62.0
20.521485622,15.07968,61.625
20.53456041300069,15.07968,61.593
20.547849386000053,15.118848,61.875
20.560972434000178,15.158016,61.562
20.5742084780004,15.118848,61.718
20.5859604770003,15.07968,62.062
20.59748914100055,15.040512000000001,61.75
20.60975347600015,15.040512000000001,61.937
20.621839629000533,15.001344,61.906
20.63396226399982,15.001344,61.625
20.64594761399985,15.001344,61.843
20.657913283000198,15.001344,62.093
20.66987047300063,15.001344,61.781
20.681831790000615,15.001344,62.031
20.693821173000288,15.040512000000001,61.75
20.705845020000197,15.07968,61.875
20.71783065799991,15.040512000000001,61.718
20.729830345000664,15.07968,61.812
20.741816335000294,15.07968,62.125
20.753836534000584,15.118848,61.75
20.765827741000066,15.07968,61.968
20.777808195000034,15.07968,61.5
20.78982141800043,15.040512000000001,61.718
20.802646889000243,15.07968,61.75
20.814979642000253,15.118848,62.093
20.828350954000598,15.118848,61.656
20.841522931000327,15.118848,62.062
20.853698591000466,15.118848,61.781
20.865775463999853,15.07968,61.875
20.87792209899999,15.040512000000001,61.781
20.88997698700041,15.040512000000001,62.093
20.904774837999867,15.040512000000001,61.718
20.916780413000197,15.040512000000001,62.0
20.9287614750001,15.040512000000001,61.781
20.94074221700066,15.040512000000001,61.968
20.95279246500013,15.07968,61.843
20.964753558000666,15.118848,62.281
20.97673302000021,15.07968,61.75
20.98870365000039,15.118848,62.0
21.00076458700005,15.118848,61.718
21.01277064199985,15.158016,61.937
21.02473317500062,15.118848,61.593
21.036726526000166,15.07968,61.718
21.049008652999873,15.07968,62.031
21.062365308000153,15.07968,61.593
21.074975029000598,15.118848,61.687
21.088315523000347,15.158016,61.875
21.101864824000586,15.118848,61.656
21.114068677000432,15.118848,61.843
21.126504120999925,15.118848,61.75
21.138671587999852,15.07968,62.0
21.15089896200061,15.040512000000001,61.625
21.16568199500034,15.040512000000001,61.937
21.17769253000006,15.07968,61.875
21.18967013600013,15.07968,61.656
21.201675519000673,15.07968,61.875
21.21369331799997,15.07968,62.156
21.22566833200017,15.118848,61.781
21.237643729999945,15.118848,61.937
21.249682522000512,15.118848,61.656
21.26181149200056,15.158016,61.812
21.27385166000022,15.158016,62.187
21.285859603000063,15.158016,61.75
21.2978578809998,15.118848,61.875
21.30986595200011,15.07968,61.625
21.32305914600056,15.118848,61.531
21.336370103999798,15.158016,61.843
21.348866574000567,15.158016,61.593
21.362358848999975,15.158016,61.781
21.374486059000446,15.118848,62.062
21.386512755000695,15.118848,62.031
21.398522041000433,15.07968,61.656
21.410645892000502,15.07968,61.875
21.424633158000688,15.07968,61.593
21.436592939000548,15.07968,61.812
21.44856500900005,15.07968,62.062
21.46056021500044,15.07968,61.75
21.472598174999803,15.118848,61.937
21.48459213300066,15.118848,61.718
21.496567691000564,15.118848,61.875
21.50855265700011,15.158016,62.187
21.52054591200067,15.158016,62.031
21.532568991000517,15.197184,61.75
21.544559077000486,15.158016,61.875
21.556919383000604,15.118848,61.5
21.56911190700066,15.07968,61.75
21.581900257000598,15.118848,61.593
21.59523614400041,15.158016,62.031
21.608697538000342,15.158016,61.687
21.62110165300055,15.158016,61.968
21.633274144000097,15.158016,61.718
21.645304776000557,15.158016,61.812
21.65737470500062,15.118848,61.593
21.669455930000368,15.07968,62.156
21.684415129000627,15.07968,61.718
21.69641811100064,15.118848,61.968
21.70840042100008,15.118848,61.75
21.720418892999987,15.118848,61.875
21.732403635000082,15.118848,61.656
21.74437506400045,15.158016,61.812
21.75634361399989,15.158016,62.093
21.768324260000554,15.158016,61.812
21.78032580299987,15.197184,61.875
21.79231182500007,15.197184,61.906
21.804325464000613,15.158016,61.656
21.816301886000474,15.118848,61.718
21.828272579999975,15.118848,62.093
21.841429933000654,15.118848,61.656
21.854761339000106,15.158016,61.687
21.868081001000064,15.197184,61.843
21.881261139000344,15.197184,61.656
21.8933679010006,15.158016,61.781
21.905479335000564,15.158016,62.125
21.917544910999823,15.118848,61.75
21.929640633000417,15.118848,61.687
21.944453011000405,15.118848,61.937
21.956498107000698,15.118848,61.593
21.968511650000437,15.118848,61.843
21.980526793000536,15.118848,62.156
21.99256440099998,15.158016,61.781
22.00480550300017,15.158016,62.031
22.016934760999902,15.158016,61.906
22.029023283000242,15.197184,61.625
22.041015705000063,15.197184,61.812
22.053133506999984,15.236352,62.156
22.065474515999995,15.197184,61.75
22.078077803999804,15.158016,61.875
22.090933165000024,15.118848,61.562
22.103556965999815,15.158016,61.562
22.11675233599999,15.197184,61.781
22.129893401000118,15.197184,62.125
22.14198912200027,15.197184,61.812
22.154384788000243,15.197184,62.031
22.166810759999862,15.197184,61.937
22.179221274000156,15.158016,61.687
22.19164398200064,15.118848,61.906
22.205252900000232,15.158016,61.593
22.217468976999953,15.158016,61.843
22.229681630000414,15.158016,62.031
22.241903498999818,15.158016,62.0
22.254225114999826,15.197184,61.687
22.26650829800019,15.197184,61.968
22.278742712000167,15.197184,61.625
22.29101376700055,15.197184,61.75
22.30329608500051,15.236352,62.0
22.315702824000255,15.236352,61.687
22.32793064500038,15.197184,61.875
22.340196260000084,15.197184,61.781
22.354960733000553,15.158016,61.75
22.368526386000667,15.197184,62.031
22.381960740000068,15.236352,61.656
22.39540693300023,15.236352,61.656
22.408112113000243,15.197184,61.906
22.42027503600002,15.197184,61.687
22.432382437999877,15.158016,61.875
22.44451416100037,15.118848,62.156
22.458031236999886,15.118848,61.718
22.47023448100026,15.118848,61.968
22.482243576000656,15.158016,61.937
22.49422508600037,15.158016,61.656
22.506202244000633,15.158016,61.843
22.518155464999836,15.158016,62.218
22.530113677999907,15.158016,61.781
22.542104052000468,15.197184,62.0
22.554107323000608,15.197184,61.718
22.566097089000323,15.197184,61.906
22.578069158999824,15.236352,61.656
22.590377815000465,15.158016,61.781
22.602426015000674,15.158016,61.968
22.615981716000533,15.118848,61.843
22.629318338000303,15.158016,61.562
22.642748083000697,15.197184,61.875
22.65608601800068,15.197184,61.781
22.668488979999893,15.158016,61.656
22.680589022000277,15.158016,61.843
22.692747177000456,15.158016,62.031
22.70487125100044,15.118848,61.656
22.716953308000484,15.118848,61.906
22.72892368200064,15.118848,61.656
22.74094340100055,15.118848,61.843
22.75296676800008,15.118848,62.125
22.76496187900011,15.118848,61.75
22.776942684999995,15.158016,62.031
22.788906210000277,15.158016,61.718
22.801081166000586,15.158016,61.906
22.813108213000305,15.158016,61.812
22.825058649999846,15.197184,62.156
22.837031840000236,15.197184,61.781
22.84904339900004,15.158016,62.031
22.861162481000065,15.158016,61.593
22.87512510600027,15.07968,61.562
22.888743272999818,15.118848,61.812
22.900988919000156,15.158016,61.625
22.91440995999983,15.158016,62.031
22.92758853000032,15.158016,61.718
22.939641882000615,15.158016,62.031
22.951827398000205,15.118848,61.625
22.963821164000365,15.07968,61.781
22.977785773000505,15.07968,61.656
22.98987595900053,15.07968,61.812
23.001965600000403,15.07968,62.093
23.014018952000697,15.07968,62.0
23.026116144999833,15.07968,61.687
23.038086167000074,15.118848,61.875
23.05022710600042,15.118848,61.687
23.06233396300013,15.118848,61.843
23.07434369800012,15.158016,62.062
23.086358681000092,15.158016,61.593
23.098984658000518,15.197184,61.875
23.11129603400059,15.118848,61.687
23.1236397950006,15.118848,61.687
23.13682038100069,15.07968,61.625
23.149239760000455,15.118848,62.0
23.16182803999982,15.158016,61.687
23.17410847100018,15.197184,61.937
23.18687320400022,15.197184,61.593
23.199235140999917,15.197184,61.625
23.211557173000074,15.158016,61.781
23.223872933000166,15.118848,62.093
23.23796711400064,15.118848,61.781
23.250480864000565,15.118848,61.656
23.262739630000397,15.118848,61.875
23.27504972600036,15.118848,61.687
23.287330605000534,15.118848,61.875
23.299578683000618,15.118848,62.156
23.3118093840003,15.118848,61.781
23.32400821200008,15.158016,62.031
23.336398086000372,15.158016,61.593
23.347927967000032,15.197184,61.843
23.359960198000408,15.197184,61.625
23.371950060000017,15.158016,61.812
23.3839012010003,15.158016,61.937
23.395686384999863,15.118848,61.906
23.40885321099995,15.158016,61.656
23.422367566000503,15.158016,61.875
23.435750942000595,15.197184,61.812
23.44877795499997,15.158016,62.125
23.460895148999953,15.158016,61.843
23.47314242700031,15.118848,62.031
23.485236580000674,15.118848,61.656
23.49738756700026,15.07968,61.656
23.51162546500018,15.07968,61.875
23.523742499000036,15.07968,62.156
23.535741993000556,15.118848,61.781
23.547764240000106,15.118848,62.062
23.559743606000666,15.118848,61.687
23.57172902000002,15.118848,61.937
23.5837195539998,15.158016,61.656
23.595823340000607,15.158016,61.875
23.607816114000343,15.158016,62.156
23.619805111999995,15.197184,61.75
23.63177683000049,15.158016,62.0
23.643740643000456,15.118848,61.5
23.6559403680003,15.118848,61.531
23.669225661000382,15.158016,61.687
23.68256061900047,15.158016,62.187
23.69603634900068,15.197184,62.062
23.709013729000617,15.158016,61.75
23.721174668000458,15.158016,62.0
23.733257333000438,15.118848,61.656
23.745388480000656,15.07968,61.843
23.758530408000297,15.07968,62.312
23.77064049799992,15.07968,61.625
23.78264444100023,15.07968,62.031
23.79465539100056,15.07968,62.0
23.806695047000176,15.118848,61.625
23.818678125000588,15.118848,61.875
23.830674963000092,15.118848,61.718
23.842676889999893,15.158016,61.781
23.854702145000374,15.158016,62.0
23.86668669500068,15.158016,61.687
23.878646636000667,15.197184,61.937
23.890622546000486,15.158016,61.656
23.902648633000354,15.118848,61.75
23.916498999000396,15.07968,62.156
23.928780518000167,15.118848,61.937
23.942077939000228,15.118848,61.656
23.9543928030007,15.158016,61.875
23.967813780000142,15.158016,61.875
23.98018310899988,15.158016,61.687
23.992357937000634,15.118848,61.843
24.00448201100062,15.07968,62.062
24.016657318999933,15.07968,61.656
24.029799920000187,15.07968,62.0
24.041867288000503,15.118848,61.687
24.053906912000457,15.118848,61.875
24.065908166000554,15.118848,61.687
24.077896044000227,15.118848,61.843
24.089858962000108,15.158016,62.062
24.10191343400038,15.158016,61.906
24.114027204000195,15.158016,61.656
24.1263522119998,15.197184,61.875
24.13842559600016,15.197184,61.625
24.150851791000605,15.158016,61.812
24.16295528899991,15.158016,61.875
24.176399433999904,15.07968,61.875
24.189787098000124,15.118848,61.562
24.203123560000677,15.158016,61.843
24.216218512000523,15.158016,61.781
24.229414202000044,15.158016,62.187
24.241675496000425,15.158016,61.812
24.253840563000267,15.118848,61.968
24.265986142000656,15.07968,61.656
24.27814941700035,15.07968,61.906
24.291072906999943,15.118848,61.843
24.30308574599985,15.118848,62.125
24.31510021700069,15.118848,61.781
24.327084927000215,15.118848,62.0
24.33924208999997,15.158016,61.687
24.351492888000394,15.158016,61.968
24.36351689500043,15.158016,61.656
24.375565191000533,15.158016,61.812
24.387535564000245,15.197184,62.125
24.399666774000252,15.197184,61.718
24.41170947000046,15.158016,61.937
24.423823879999873,15.158016,61.531
24.43701083399992,15.07968,61.593
24.450115225000445,15.118848,61.687
24.46354865000012,15.158016,61.75
24.47704819000046,15.158016,62.031
24.490323658000307,15.158016,61.75
24.502476341000147,15.158016,61.968
24.514599326999814,15.118848,61.593
24.526667783999983,15.07968,61.718
24.538782960999924,15.07968,61.812
24.552260483999817,15.118848,62.125
24.564208521000182,15.118848,61.656
24.576159502000337,15.118848,61.968
24.588154611999926,15.118848,61.75
24.60020070000064,15.118848,61.875
24.612170176999825,15.158016,62.187
24.624159654999858,15.158016,61.718
24.636127053000564,15.158016,61.968
24.64723304800009,15.197184,61.687
24.659202014000584,15.197184,61.906
24.671176867000213,15.158016,61.593
24.68313037600001,15.158016,61.656
24.695104238000567,15.118848,62.156
24.708521407000262,15.158016,61.906
24.721897614000227,15.158016,61.593
24.735278142000425,15.197184,61.875
24.748395174000507,15.197184,61.875
24.7605384160006,15.158016,61.687
24.772690011000122,15.158016,61.718
24.784777572000166,15.118848,62.0
24.796875662000275,15.07968,61.75
24.809979253000165,15.118848,61.906
24.82198495600005,15.118848,61.656
24.83392787200046,15.118848,61.906
24.84586778100038,15.118848,62.218
24.857877612000266,15.158016,61.781
24.869871378000425,15.158016,62.0
24.881839575000413,15.158016,61.781
24.893833213000107,15.158016,61.875
24.905913798000256,15.158016,61.656
24.917860010999902,15.197184,61.781
24.92984462500044,15.158016,61.75
24.94183583100039,15.158016,61.875
24.953845022000678,15.118848,61.562
24.967102602000523,15.118848,61.843
24.98076749000029,15.158016,61.781
24.99409569599993,15.197184,61.531
25.00729113000034,15.158016,61.75
25.01935357000002,15.158016,62.031
25.031446667000637,15.118848,61.718
25.043564149000304,15.07968,61.937
25.05562553300024,15.07968,61.875
25.070308884000042,15.07968,61.562
25.082315227000436,15.07968,61.781
25.094289407999895,15.07968,62.062
25.106273542000054,15.07968,61.75
25.118274636000024,15.118848,61.937
25.130249970000477,15.158016,61.687
25.141854541000612,15.158016,61.875
25.154018455999903,15.158016,61.593
25.166083232000346,15.197184,62.0
25.178091271000085,15.197184,61.718
25.19010071699995,15.158016,61.968
25.202096179000364,15.158016,61.531
25.2141728280003,15.118848,61.812
25.2275629880005,15.118848,61.5
25.240769942000043,15.158016,62.093
25.253561364000234,15.197184,61.687
25.267008486000123,15.158016,61.937
25.279199282000263,15.158016,61.656
25.291336732000673,15.158016,61.875
25.30335939500037,15.118848,61.625
25.315412459000072,15.07968,62.062
25.329099780000433,15.118848,61.718
25.341146411999944,15.118848,61.968
25.353180851000616,15.118848,61.625
25.365168409000034,15.118848,61.906
25.377181024000492,15.118848,61.593
25.389200999000423,15.158016,61.875
25.401334320999922,15.158016,62.062
25.413318134999827,15.158016,61.75
25.42534319800052,15.197184,61.875
25.437285185999826,15.197184,61.562
25.449310665000667,15.158016,61.843
25.461333296000703,15.158016,61.531
25.473331574999975,15.118848,62.0
25.486854411000422,15.158016,61.625
25.500431264000326,15.158016,61.875
25.512768240000696,15.197184,61.875
25.52621270600048,15.197184,61.656
25.538322762999996,15.197184,61.843
25.550549977000628,15.158016,62.156
25.56260272000054,15.118848,61.656
25.57465754399982,15.118848,61.656
25.589576901999862,15.118848,61.906
25.601745425000445,15.118848,61.625
25.613744856000267,15.118848,61.843
25.6257820790006,15.118848,62.156
25.63782663100028,15.158016,61.843
25.649847214000147,15.158016,62.0
25.66185550800037,15.158016,61.718
25.67383298599998,15.158016,61.906
25.68597139600024,15.197184,61.625
25.6979368100001,15.197184,61.843
25.709911535000174,15.158016,62.156
25.72188853300031,15.158016,61.937
25.7339197400006,15.118848,61.531
25.74720064900066,15.118848,61.812
25.76072226799988,15.158016,61.781
25.773891110000477,15.197184,62.187
25.787248597000143,15.158016,61.687
25.799304092000057,15.158016,62.062
25.811371877000056,15.158016,61.718
25.823501519000274,15.118848,61.875
25.835682011000245,15.07968,61.812
25.8504854290004,15.07968,61.562
25.86250105199997,15.07968,61.781
25.874583427999823,15.118848,62.062
25.88661719599986,15.118848,61.75
25.898597041000357,15.118848,61.875
25.910604216000138,15.118848,61.656
25.92260329400051,15.158016,61.843
25.934602181000628,15.158016,62.187
25.94660356300028,15.158016,62.0
25.958634386000085,15.197184,61.718
25.970655001000523,15.158016,61.843
25.982636415000343,15.158016,61.468
25.995143988000564,15.07968,61.718
26.008569765000175,15.118848,61.656
26.021897299000557,15.158016,62.062
26.034127263999835,15.197184,61.656
26.047558834000483,15.158016,61.906
26.059653915000126,15.158016,61.687
26.071774469000047,15.158016,61.812
26.083852173000196,15.118848,61.562
26.095959926999967,15.07968,62.125
26.109920056000192,15.118848,61.75
26.121892797000328,15.118848,62.031
26.133895906999896,15.118848,61.718
26.145884681000098,15.118848,61.906
26.15788980800062,15.158016,61.625
26.17027622600017,15.158016,61.875
26.182392011000047,15.158016,62.156
26.194600888000423,15.197184,61.687
26.206598814000245,15.197184,61.843
26.21859088400015,15.236352,61.875
26.230575594000584,15.158016,61.656
26.242558863999875,15.158016,61.718
26.254710330000307,15.118848,62.031
26.267953382000087,15.158016,61.562
26.28149397800007,15.197184,61.562
26.294927627000106,15.197184,61.843
26.30842825400032,15.197184,61.625
26.320593897000435,15.197184,61.781
26.332798070000536,15.158016,61.781
26.34497712099983,15.118848,62.0
26.357147917000475,15.118848,61.656
26.37057398200068,15.118848,61.875
26.3826299250004,15.158016,61.687
26.394611147000433,15.158016,61.875
26.406624946000193,15.158016,62.093
26.41861800800052,15.158016,61.718
26.430664928000624,15.197184,62.0
26.442697447000683,15.197184,61.75
26.454711469000358,15.197184,61.875
26.46671525200054,15.197184,61.843
26.47874210700047,15.236352,62.093
26.490768514000592,15.197184,61.656
26.502793065000333,15.158016,61.875
26.51517394700022,15.118848,61.531
26.528582218999873,15.158016,61.687
26.541959098000007,15.158016,61.781
26.555371115000526,15.197184,62.093
26.568608246000622,15.197184,61.718
26.58076729700042,15.158016,61.968
26.592820169000333,15.158016,61.875
26.60506059799991,15.118848,61.625
26.61722979300066,15.07968,61.875
26.630362026000512,15.118848,62.156
26.64240987300036,15.118848,61.718
26.65445900099985,15.118848,61.968
26.666474112000287,15.118848,61.75
26.678479461999814,15.158016,61.968
26.690711315000044,15.158016,61.781
26.702752091000548,15.158016,61.812
26.71476054499999,15.197184,62.187
26.7268627630001,15.197184,61.937
26.738872977000028,15.236352,61.593
26.751009980000163,15.197184,61.875
26.763015393999922,15.158016,61.531
26.775466454000707,15.118848,61.687
26.789117581000028,15.158016,61.593
26.802606623999964,15.158016,61.937
26.815813033999802,15.197184,61.687
26.82772900600048,15.197184,61.906
26.839797686000566,15.158016,61.625
26.852066852999997,15.158016,61.781
26.864201967000554,15.118848,62.062
26.87623762200019,15.07968,62.093
26.890189974999885,15.118848,61.75
26.902258783000434,15.118848,61.875
26.91424307699981,15.118848,61.656
26.926243339000393,15.118848,61.875
26.938224337000065,15.158016,61.625
26.950311098000384,15.158016,61.843
26.96234793700023,15.158016,62.062
26.974355016000118,15.158016,61.625
26.986347789999854,15.197184,61.937
26.998362836000524,15.197184,61.656
27.010400539999864,15.158016,61.75
27.02240272200015,15.158016,62.062
27.03451383599986,15.118848,62.0
27.047944765000466,15.118848,61.531
27.061270889999832,15.158016,61.625
27.074663802000032,15.197184,61.812
27.08798893600033,15.158016,61.562
27.10011998600021,15.158016,61.781
27.112226876000022,15.118848,62.062
27.124304036000467,15.07968,61.687
27.136421934000282,15.07968,61.656
27.150423600000067,15.07968,61.875
27.162477208000382,15.07968,61.656
27.17446860600012,15.07968,61.843
27.1864880359999,15.118848,62.093
27.19842378500016,15.158016,61.843
27.210513105000246,15.158016,62.031
27.22256303300037,15.158016,61.656
27.234594752000703,15.158016,61.843
27.246615303,15.197184,61.5
27.258653005999804,15.197184,61.781
27.27066645300056,15.158016,62.031
27.282749726000475,15.158016,61.843
27.294749284000318,15.118848,61.562
27.308209845999954,15.118848,61.656
27.321527811000124,15.158016,61.687
27.33501320600044,15.197184,62.0
27.34820476799996,15.158016,61.687
27.360383371000353,15.158016,61.937
27.37250814900017,15.118848,61.687
27.38463948700064,15.118848,61.875
27.396714888000133,15.07968,61.843
27.41122578500017,15.118848,62.093
27.423205662000328,15.118848,61.718
27.435187492000296,15.118848,61.968
27.447170698000264,15.118848,61.718
27.459172431999832,15.118848,61.906
27.471299482000177,15.158016,61.656
27.483228638000583,15.158016,61.781
27.49518816300042,15.158016,62.125
27.50716772099986,15.197184,61.937
27.519283153999822,15.197184,61.625
27.531226775000505,15.158016,61.937
27.54316457100049,15.158016,61.437
27.555655279999883,15.118848,61.687
27.56899436599997,15.118848,62.031
27.582363501000145,15.158016,62.0
27.595732348000638,15.197184,61.531
27.60906487400007,15.158016,61.906
27.6210433440001,15.158016,61.656
27.63318745000015,15.158016,61.781
27.64524985800017,15.118848,62.125
27.657362508000006,15.07968,62.062
27.67067256900009,15.07968,61.718
27.682668991000355,15.07968,61.937
27.694663493000007,15.118848,61.656
27.706783534999886,15.118848,61.812
27.71882351000022,15.118848,62.218
27.730820060000042,15.158016,61.812
27.742808578000222,15.158016,62.093
27.755001774000448,15.158016,61.656
27.76699470800031,15.197184,61.875
27.77897516200028,15.197184,61.531
27.790954238999802,15.158016,61.843
27.802948133000427,15.158016,62.0
27.81492135500048,15.118848,61.906
27.828240855999866,15.118848,61.562
27.841501284000515,15.158016,61.843
27.8546915980005,15.158016,61.843
27.868011868000394,15.158016,61.562
27.88007994000054,15.158016,61.718
27.89215034800054,15.118848,61.968
27.904312695000044,15.07968,61.562
27.916390784000214,15.07968,61.656
27.930050103000212,15.07968,61.843
27.942104991000633,15.07968,61.625
27.954112870000245,15.07968,61.781
27.966133965000154,15.118848,62.031
27.97817349200068,15.118848,61.718
27.990221916000337,15.158016,62.062
28.002301604000422,15.118848,61.656
28.014298378000603,15.158016,61.812
28.026346258000558,15.158016,61.5
28.038355927999874,15.197184,61.625
28.05039564800063,15.158016,61.968
28.062414181999884,15.118848,61.562
28.074444077999942,15.07968,61.5
28.087899647000086,15.118848,61.718
28.101482645000033,15.158016,61.687
28.114898693000214,15.158016,61.968
28.128030509000382,15.158016,61.656
28.140161686999818,15.158016,61.937
28.152613674999884,15.118848,61.656
28.164936762000252,15.07968,61.812
28.1770527080007,15.07968,61.812
28.19053112600068,15.118848,62.093
28.202554749000228,15.118848,61.656
28.21512027600056,15.118848,61.968
28.227243582000483,15.118848,61.75
28.23931917400023,15.158016,61.843
28.251527987000372,15.158016,61.562
28.263614266999866,15.158016,61.843
28.275619554000514,15.197184,62.062
28.2877006180006,15.197184,61.937
28.29973636900013,15.236352,61.593
28.31183669800066,15.158016,61.843
28.323854689000655,15.158016,61.5
28.33722196800045,15.118848,61.687
28.351012236000315,15.118848,61.562
28.364526015000592,15.158016,61.906
28.377783499000543,15.158016,61.781
28.39111144800063,15.158016,61.625
28.40336080599991,15.158016,61.781
28.415529552999942,15.118848,62.156
28.427666171000055,15.07968,61.625
28.43995437800004,15.07968,62.031
28.453469052999935,15.07968,61.906
28.4654758759998,15.07968,61.656
28.477471786000024,15.118848,61.812
28.489450062999822,15.118848,61.531
28.501565432999996,15.118848,61.718
28.51354038200043,15.118848,61.937
28.52552506000029,15.158016,61.687
28.537491593000595,15.158016,61.843
28.54945723000037,15.158016,61.562
28.56144706000032,15.197184,61.75
28.573455673999888,15.158016,62.156
28.58545267200043,15.118848,61.531
28.59932815800039,15.07968,61.562
28.612575210000614,15.118848,61.812
28.625936249000006,15.118848,61.781
28.6391158739998,15.158016,61.562
28.652527633999853,15.118848,61.718
28.66461410700049,15.118848,62.0
28.676829543000167,15.07968,61.687
28.68902939600048,15.040512000000001,61.843
28.70115826900019,15.040512000000001,61.781
28.714096640000207,15.07968,61.625
28.72611632600001,15.07968,61.75
28.738120845000594,15.07968,62.125
28.750142515000334,15.07968,61.75
28.762162234000243,15.118848,61.875
28.774239426999884,15.118848,61.687
28.786264393000238,15.118848,61.843
28.798247823000565,15.118848,61.531
28.810252981000303,15.158016,61.687
28.822240379000505,15.158016,62.0
28.8343489960007,15.118848,61.625
28.846332074000202,15.118848,61.781
28.85972841000057,15.040512000000001,61.687
28.873293135000495,15.07968,61.5
28.886478456000077,15.118848,62.031
28.899767556999905,15.118848,61.625
28.913246519000495,15.118848,61.937
28.925385153000207,15.118848,61.656
28.937547436000386,15.07968,61.843
28.949711287000355,15.07968,61.812
28.961849314000574,15.040512000000001,62.218
28.975500857000043,15.040512000000001,61.656
28.987482111000645,15.07968,61.937
28.99945091600057,15.07968,61.687
29.01142669700039,15.07968,61.875
29.02356238700031,15.07968,61.656
29.035529753000446,15.118848,61.843
29.047487357000136,15.118848,62.093
29.059460035000484,15.118848,61.593
29.071637646000454,15.118848,61.843
29.083729495000625,15.158016,61.875
29.095854305000103,15.118848,61.562
29.10792032900008,15.118848,61.562
29.121588449000228,15.040512000000001,61.906
29.13495678400068,15.07968,61.875
29.14815961000022,15.118848,61.531
29.161472454999966,15.118848,61.593
29.174809333000667,15.118848,61.75
29.186929726000017,15.118848,61.593
29.199030151999978,15.07968,61.718
29.211249844000122,15.040512000000001,61.875
29.224862986000517,15.040512000000001,61.625
29.237101560000156,15.040512000000001,61.875
29.249481481000657,15.040512000000001,61.812
29.261591473999943,15.07968,61.625
29.273694747000263,15.07968,61.687
29.285660864999954,15.07968,61.937
29.297662695000326,15.07968,61.718
29.309653580000486,15.118848,61.843
29.321669235000627,15.118848,61.625
29.33365852099996,15.118848,61.718
29.34565247899991,15.158016,62.093
29.357617028000277,15.118848,61.75
29.369645643000695,15.07968,61.406
29.38413055500041,15.040512000000001,61.781
29.397978936000072,15.07968,61.687
29.41153428400048,15.07968,61.5
29.424836313000014,15.118848,61.75
29.437825564999912,15.07968,61.968
29.449945766999917,15.07968,61.781
29.461918316000265,15.040512000000001,61.968
29.474048630000652,15.001344,61.843
29.486168862999875,15.001344,61.562
29.500836693000565,15.040512000000001,61.718
29.512810906000595,15.040512000000001,62.125
29.524797856000077,15.040512000000001,61.718
29.53676480500053,15.040512000000001,61.875
29.548730698000327,15.07968,61.687
29.56075368100028,15.07968,61.875
29.572732790000373,15.07968,61.781
29.584727228000702,15.118848,62.0
29.596729730000334,15.118848,61.625
29.60876173700035,15.158016,61.968
29.620911347999936,15.07968,61.625
29.632918106000034,15.07968,61.656
29.645962463000615,15.040512000000001,61.437
29.65925034800057,15.07968,61.906
29.67254204100027,15.118848,61.656
29.685826629000076,15.118848,61.968
29.697663941999963,15.118848,61.656
29.709762703000706,15.118848,61.906
29.721958299000107,15.07968,61.593
29.734080580999944,15.040512000000001,62.156
29.747670618000484,15.040512000000001,61.781
29.75981174900062,15.040512000000001,61.937
29.771773322000627,15.040512000000001,61.656
29.78377883200028,15.07968,61.937
29.795732212000075,15.07968,61.656
29.80771833000017,15.07968,61.812
29.819686718999947,15.07968,62.218
29.831673381000655,15.118848,61.75
29.843629034000514,15.118848,61.843
29.855620015000568,15.158016,61.593
29.86755998799981,15.158016,61.75
29.879522105000433,15.118848,61.562
29.89148284500061,15.07968,61.937
29.905410621000556,15.040512000000001,61.531
29.918645096000546,15.040512000000001,61.5
29.932026423000025,15.07968,61.781
29.945306468000126,15.118848,61.562
29.958226309000565,15.07968,61.75
29.970431536999968,15.07968,62.218
29.982540570999845,15.040512000000001,61.937
29.99467856499996,15.040512000000001,61.593
30.006789710000703,15.001344,61.875
30.020459717999984,15.040512000000001,61.625
30.032459884000673,15.040512000000001,61.781
30.044429841000238,15.040512000000001,61.5
30.0565198660006,15.040512000000001,61.718
30.06854691300032,15.07968,62.031
30.080863535999924,15.07968,61.937
30.092919544000324,15.07968,61.843
30.10493107000002,15.118848,61.781
30.116937445000076,15.118848,61.437
30.128911754,15.158016,61.718
30.140890190999926,15.07968,61.968
30.15296699999999,15.07968,61.468
30.16694924100011,15.040512000000001,61.593
30.18021021200002,15.040512000000001,61.718
30.192455346000315,15.07968,61.468
30.205634715000087,15.118848,61.75
30.218939368000065,15.118848,62.0
30.23103972900026,15.07968,61.937
30.243120601000555,15.07968,61.562
30.255333765000614,15.040512000000001,61.812
30.26699702499991,15.040512000000001,61.562
30.280731963000107,15.040512000000001,61.781
30.292832868000005,15.07968,62.031
30.30481213800067,15.07968,61.75
30.316809103000196,15.07968,61.875
30.328827926000486,15.07968,61.593
30.34083324400035,15.118848,61.875
30.352812674000234,15.118848,61.625
30.364788935000433,15.118848,61.968
30.376829134000218,15.158016,61.687
30.388783443000648,15.158016,61.937
30.400871802999973,15.118848,61.593
30.412846465000257,15.118848,61.593
30.425848132000283,15.07968,61.5
30.439624287000697,15.07968,61.937
30.45284740199986,15.118848,61.531
30.465370656000232,15.158016,61.875
30.479059031999896,15.118848,61.875
30.491126496000106,15.118848,61.593
30.503224232999855,15.07968,61.75
30.515197325999907,15.07968,62.062
30.527382394000597,15.040512000000001,61.687
30.54080650600008,15.07968,62.0
30.552846417000183,15.07968,61.593
30.564810998000212,15.07968,61.937
30.576778395000474,15.07968,61.562
30.588793986000383,15.118848,61.781
30.60086957800013,15.118848,62.156
30.613002099999903,15.118848,61.625
30.62500178600021,15.158016,61.875
30.637034657000186,15.158016,61.812
30.649005350000152,15.197184,61.562
30.66100570800063,15.158016,61.781
30.673004690000198,15.118848,61.937
30.68514879600025,15.07968,61.625
30.698424488000455,15.118848,61.812
30.711585681000543,15.158016,61.718
30.72532173899981,15.158016,61.531
30.738827422000213,15.158016,61.75
30.751186382000014,15.158016,61.687
30.763261975000205,15.118848,62.031
30.77554662900002,15.07968,61.562
30.787756081000225,15.07968,61.875
30.801133120000486,15.07968,61.687
30.813169672000186,15.118848,61.812
30.82515726100064,15.118848,62.093
30.83716037100021,15.118848,61.718
30.84918172200014,15.118848,62.031
30.861271651000607,15.158016,61.656
30.873217351000676,15.158016,61.812
30.885205133000454,15.158016,61.718
30.897205330999896,15.197184,62.062
30.909214489000078,15.197184,61.625
30.92120969500047,15.158016,61.906
30.93322582900055,15.158016,61.5
30.945746235000115,15.118848,61.75
30.9592494540002,15.118848,61.718
30.972352245000366,15.158016,61.437
30.98495486000047,15.197184,61.656
30.998559906000082,15.158016,61.906
31.010680555999897,15.158016,61.656
31.022790901000008,15.118848,61.812
31.034959552000146,15.118848,61.75
31.047045865000655,15.07968,61.562
31.062112810000144,15.07968,61.656
31.074118641000496,15.07968,62.031
31.086073077000037,15.07968,62.0
31.09807602700039,15.07968,61.656
31.11005164800008,15.118848,61.843
31.122020005000195,15.118848,61.593
31.133986218000246,15.158016,61.718
31.145938511000168,15.158016,62.0
31.157894611999836,15.158016,61.625
31.16985461600052,15.197184,61.875
31.181809309000528,15.158016,61.593
31.193792097999903,15.118848,61.718
31.206490941000084,15.07968,61.468
31.21981671499998,15.118848,61.937
31.233125847999872,15.118848,61.562
31.24625519900019,15.158016,61.906
31.259552236000673,15.158016,61.75
31.271663029000592,15.118848,61.5
31.2858387160004,15.118848,61.656
31.298214669000117,15.07968,62.062
31.310509148000165,15.07968,62.0
31.324625408999964,15.07968,61.625
31.33662365500004,15.07968,61.812
31.348619692000284,15.118848,61.593
31.360618994000106,15.118848,61.718
31.37280531000033,15.118848,62.062
31.384809187999963,15.118848,61.718
31.396803530000398,15.158016,61.875
31.408940211999834,15.158016,61.562
31.420969434000654,15.158016,61.812
31.432970784000645,15.197184,61.75
31.444994823000343,15.118848,62.093
31.457081936000577,15.118848,61.5
31.469327741000598,15.118848,61.875
31.482757196999955,15.158016,61.718
31.49621612700048,15.158016,61.468
31.50937127100042,15.197184,61.75
31.522495887000332,15.158016,62.062
31.53464264900049,15.158016,61.687
31.546700896999937,15.118848,61.937
31.559053841000605,15.07968,61.875
31.571167355000398,15.07968,61.625
31.584521544999916,15.118848,61.843
31.596566896000695,15.118848,62.156
31.608752443999947,15.118848,61.781
31.620750722000594,15.118848,61.968
31.632776520000334,15.118848,61.593
31.6447853260006,15.158016,61.906
31.656792053000572,15.158016,61.562
31.66878725800052,15.158016,61.687
31.68078076800066,15.197184,62.062
31.692777606000163,15.197184,61.593
31.70479076399988,15.158016,61.906
31.716786609999872,15.158016,61.687
31.73081074000038,15.07968,61.437
31.74427069400008,15.118848,61.437
31.757573939000395,15.118848,61.625
31.77100749100009,15.158016,61.718
31.78409594599998,15.118848,61.875
31.796270900999843,15.118848,61.718
31.80836969400025,15.118848,61.875
31.820469703000526,15.07968,61.562
31.83257300800051,15.07968,61.656
31.846785847999854,15.07968,62.0
31.858787166000184,15.07968,61.906
31.87079754000024,15.07968,61.593
31.882792618000167,15.07968,61.843
31.894814543999928,15.118848,61.593
31.90694540200002,15.118848,61.75
31.918947711999863,15.118848,61.968
31.930943398000636,15.158016,61.625
31.942910187000052,15.158016,61.875
31.954940338000597,15.158016,61.593
31.966927254999973,15.118848,61.75
31.978915581000365,15.118848,61.406
31.99144581100063,15.07968,61.906
32.00501440700009,15.118848,61.5
32.01832411600026,15.158016,61.875
32.03150169299988,15.158016,61.781
32.04452448200027,15.118848,61.593
32.0567103809999,15.118848,61.75
32.06881176600018,15.07968,62.0
32.081022530000155,15.040512000000001,61.656
32.09308282600068,15.040512000000001,61.906
32.10663750200001,15.07968,61.562
32.11861568400036,15.07968,61.812
32.130630153999846,15.07968,61.843
32.14264753600037,15.07968,62.125
32.15468578299988,15.118848,61.656
32.166698398000335,15.118848,61.968
32.17869827499999,15.118848,61.5
32.19070288900002,15.158016,61.781
32.20273604800059,15.158016,61.5
32.21473151000009,15.158016,61.781
32.22672892399987,15.118848,62.062
32.23872579399995,15.118848,61.468
32.25258425500033,15.040512000000001,61.875
32.26457808499981,15.07968,61.687
32.27766135500042,15.118848,61.437
32.29118419000042,15.118848,61.75
32.303521038000326,15.158016,62.062
32.31547080200016,15.158016,61.656
32.32754885900067,15.118848,61.937
32.33970042100009,15.07968,61.75
32.35194533000049,15.07968,61.562
32.36563799400028,15.07968,61.843
32.37767448100021,15.118848,62.062
32.38966357500067,15.118848,61.656
32.40191469199999,15.118848,61.937
32.413870217000294,15.118848,61.625
32.425870895000116,15.158016,61.937
32.43790024500049,15.158016,61.75
32.449993950000135,15.158016,62.125
32.46198150800046,15.158016,61.656
32.47394474400062,15.197184,61.875
32.4858860610002,15.158016,61.593
32.497869937999894,15.158016,61.656
32.511125245000585,15.07968,61.5
32.52343537200068,15.118848,61.656
32.535556982000344,15.158016,61.593
32.549007207000614,15.197184,61.875
32.56242216700048,15.197184,61.656
32.57457209699987,15.158016,61.812
32.58661869700063,15.158016,61.468
32.59868657700008,15.118848,61.718
32.61081775399998,15.118848,61.625
32.62432545299998,15.118848,61.937
32.63633221100008,15.118848,61.656
32.648351386000286,15.118848,61.875
32.660338622999916,15.118848,61.562
32.672350468999866,15.158016,61.812
32.68434973900003,15.158016,62.125
32.696346192999954,15.158016,61.718
32.708333206000134,15.197184,61.937
32.720315579999806,15.197184,61.687
32.7322740160007,15.236352,61.812
32.74439204200007,15.158016,61.531
32.75637691100019,15.158016,61.687
32.76839765400018,15.118848,61.937
32.7805695370007,15.158016,61.875
32.79410270800054,15.197184,61.531
32.807291965999866,15.197184,61.75
32.82087454700013,15.197184,61.781
32.83305974199993,15.197184,61.468
32.84508259700033,15.158016,61.687
32.85713415600003,15.118848,61.906
32.86924459700003,15.118848,62.0
32.884229236000465,15.118848,61.562
32.896166456000174,15.118848,61.781
32.90812738900058,15.118848,61.468
32.920073121000314,15.118848,61.687
32.93202080500032,15.158016,62.062
32.94396964200041,15.158016,61.718
32.955935214999954,15.158016,61.937
32.967877331000636,15.158016,61.593
32.979800726000576,15.197184,61.843
32.99179202800042,15.197184,61.437
33.003775744999984,15.158016,61.656
33.015756935000354,15.158016,61.875
33.02774983600011,15.118848,61.625
33.04098520700063,15.118848,61.5
33.05440058300064,15.158016,61.687
33.06769659600013,15.197184,61.75
33.0809916799999,15.158016,61.968
33.09313130600003,15.158016,61.625
33.10529931700057,15.158016,61.875
33.117433183000685,15.118848,61.562
33.12948256600066,15.07968,61.625
33.14427775900003,15.07968,61.687
33.156310566000684,15.118848,62.031
33.16826170600052,15.118848,61.593
33.18023246299981,15.118848,61.937
33.192176659000324,15.118848,61.593
33.20416274499985,15.158016,61.875
33.21618399900035,15.158016,61.593
33.22817258099985,15.158016,61.718
33.24013213699982,15.197184,62.031
33.25226363500042,15.197184,61.656
33.26420504700036,15.158016,61.875
33.276483141000426,15.158016,61.531
33.28858849400058,15.118848,61.406
33.30203807900034,15.158016,61.625
33.3153555960007,15.158016,62.031
33.3288915840003,15.197184,61.906
33.34150034400045,15.197184,61.656
33.35374582900022,15.197184,61.875
33.36588235100044,15.158016,61.625
33.37799010400067,15.118848,61.718
33.390217060000396,15.118848,62.0
33.40360645200053,15.158016,61.968
33.415562552000665,15.158016,61.625
33.42753711700061,15.158016,61.906
33.43948502500007,15.158016,61.656
33.45156756200049,15.158016,61.718
33.463544559000184,15.197184,62.093
33.47548497900061,15.197184,61.687
33.487570299000254,15.197184,61.937
33.49952979200043,15.197184,61.5
33.51151840500006,15.236352,61.875
33.523498442000346,15.197184,61.531
33.535501551999914,15.197184,61.625
33.54746597299982,15.158016,61.906
33.560714400000506,15.158016,61.5
33.57273117400018,15.197184,61.562
33.586135829999876,15.236352,61.812
33.59967719399992,15.236352,61.625
33.611809460000586,15.197184,61.812
33.623871003000204,15.197184,62.062
33.6359456350001,15.158016,61.937
33.64810247800051,15.118848,61.625
33.6626884490006,15.158016,61.75
33.67470211900036,15.158016,61.562
33.68673761399987,15.158016,61.843
33.6987290750003,15.158016,62.093
33.71074815400061,15.158016,61.593
33.72283548999985,15.197184,61.968
33.73489370600055,15.197184,61.812
33.74690795200058,15.197184,61.531
33.758915254000385,15.236352,61.656
33.770947549000084,15.236352,62.062
33.78293923399997,15.197184,61.718
33.794905798999935,15.158016,61.843
33.80698097500044,15.158016,61.5
33.82040467100069,15.158016,61.781
33.833729996999864,15.197184,61.687
33.84709429900067,15.236352,62.093
33.86047674600013,15.236352,61.718
33.8725843709999,15.197184,61.906
33.88464649100024,15.197184,61.812
33.89680835699983,15.158016,61.562
33.908823692000624,15.118848,61.875
33.92356406700037,15.158016,61.5
33.935533800000485,15.158016,61.75
33.94751198100039,15.158016,61.968
33.95948408200002,15.158016,61.937
33.97143749499992,15.158016,61.593
33.983417116000055,15.197184,61.875
33.99536083200019,15.197184,61.562
34.00734819700028,15.197184,61.687
34.01935313100057,15.197184,62.0
34.03130948800026,15.236352,61.625
34.04324017900035,15.197184,61.875
34.05523989700032,15.197184,61.5
34.06728518399996,15.158016,61.718
34.08062715000051,15.158016,61.406
34.092982207000205,15.197184,61.968
34.106847932000164,15.197184,61.562
34.120423121000385,15.197184,61.843
34.13263663700036,15.197184,61.531
34.1447927750005,15.158016,61.531
34.15684033400066,15.118848,61.687
34.168976248000035,15.118848,62.031
34.18292687200028,15.118848,61.625
34.19493522999983,15.118848,61.906
34.206946979999884,15.118848,61.593
34.21893764200013,15.118848,61.781
34.230929839000055,15.118848,61.593
34.242921781000405,15.158016,61.718
34.2549423950004,15.158016,62.062
34.266938145000495,15.158016,61.875
34.27893517400025,15.197184,61.531
34.29094417200031,15.197184,61.718
34.30292414500036,15.197184,61.531
34.31488968600024,15.158016,61.625
34.3268980440007,15.118848,61.875
34.339686649000214,15.118848,61.531
34.35291299600067,15.158016,61.562
34.36712721100048,15.197184,61.75
34.38031256400063,15.197184,61.625
34.392502720000266,15.197184,61.718
34.404600937000396,15.158016,62.031
34.4167265140004,15.118848,61.937
34.42891625300035,15.118848,61.593
34.44376607200047,15.118848,61.843
34.45578159800061,15.118848,61.718
34.46805828400011,15.118848,62.156
34.48008334699989,15.118848,61.656
34.49205746400003,15.118848,62.0
34.504041469000185,15.158016,61.625
34.51601776200005,15.158016,61.812
34.527997670999866,15.158016,61.5
34.53996026799996,15.197184,61.75
34.55200321900065,15.197184,62.062
34.56396434300041,15.158016,61.687
34.57592626800033,15.118848,61.781
34.5879259860003,15.118848,61.5
34.601649083000666,15.118848,61.468
34.61440994300028,15.158016,61.687
34.62769155500064,15.158016,62.031
34.64131426499989,15.158016,61.937
34.65342729800068,15.158016,61.562
34.66547972199987,15.158016,61.875
34.67752526500044,15.118848,61.562
34.689560696000626,15.07968,61.781
34.70447957200031,15.07968,61.625
34.716481498000576,15.07968,61.968
34.728522977000466,15.07968,61.625
34.740502854000624,15.118848,61.875
34.752558222000516,15.118848,61.5
34.76480319500024,15.158016,61.843
34.77689056300005,15.118848,61.562
34.78899566000018,15.158016,61.781
34.80137366100007,15.158016,61.937
34.81343142800051,15.197184,61.5
34.825481932,15.158016,61.812
34.83755281899994,15.118848,61.5
34.8495811140001,15.07968,61.406
34.86288333500033,15.118848,61.593
34.87616619500022,15.158016,61.937
34.88961859600022,15.158016,61.875
34.90312613400056,15.158016,61.531
34.91522207900016,15.158016,61.718
34.927334376000545,15.118848,61.531
34.93936564700016,15.118848,61.687
34.95147602399993,15.07968,61.687
34.96507710100013,15.118848,61.937
34.97704341000008,15.118848,61.625
34.989013847000024,15.118848,61.781
35.00106438200055,15.118848,61.593
35.01302464299988,15.118848,61.75
35.02499796000029,15.158016,62.062
35.03698698900007,15.158016,61.687
35.04900776300019,15.158016,61.875
35.06101477700031,15.197184,61.5
35.07298390200049,15.197184,61.781
35.08501078900008,15.158016,61.5
35.09700826600056,15.158016,61.593
35.10906024100041,15.118848,61.875
35.1223591020007,15.158016,61.781
35.13570823600003,15.158016,61.468
35.149136764000104,15.197184,61.468
35.16227882000021,15.197184,61.75
35.17440452500068,15.158016,62.062
35.18655752700033,15.158016,61.593
35.19867920100023,15.118848,61.843
35.210767305000445,15.118848,61.843
35.22563619599987,15.118848,61.531
35.23766071499995,15.118848,61.687
35.24964548800017,15.118848,62.093
35.26165330200001,15.118848,61.625
35.273786079000274,15.158016,61.906
35.28580730200065,15.158016,61.656
35.297815851999985,15.158016,61.875
35.30982020900046,15.197184,61.468
35.3218342629998,15.197184,61.718
35.33383100500032,15.236352,61.968
35.34583776300042,15.158016,61.625
35.35787425000035,15.158016,61.843
35.36995886600016,15.118848,61.812
35.38316143500015,15.158016,61.406
35.39666273400053,15.197184,61.968
35.41015219200017,15.197184,61.656
35.42338023400043,15.197184,61.906
35.43546584200067,15.197184,61.5
35.44746815200051,15.158016,61.843
35.45958950500062,15.158016,61.531
35.471639401000175,15.118848,61.562
35.48532105600043,15.158016,61.687
35.49730727000042,15.158016,61.937
35.509451280000576,15.158016,61.687
35.52147346200036,15.158016,61.875
35.533441403000324,15.158016,61.531
35.54544060799981,15.197184,61.875
35.55747565500042,15.197184,62.093
35.569447788000616,15.197184,61.75
35.58148977900055,15.197184,61.906
35.593460472000515,15.236352,61.593
35.605443805000505,15.197184,61.75
35.61744864299999,15.158016,61.437
35.62942928800021,15.158016,61.687
35.64262308900015,15.158016,61.593
35.655906013000276,15.197184,61.937
35.669216874000085,15.197184,61.812
35.68240753900045,15.197184,61.468
35.69465804799984,15.197184,61.718
35.706764681000095,15.158016,61.468
35.71884395300003,15.118848,61.562
35.73100041100042,15.118848,61.968
35.744793206000395,15.118848,61.843
35.75680102000024,15.118848,61.625
35.768783393000376,15.118848,61.843
35.780775303000155,15.158016,61.531
35.79276769199987,15.158016,61.718
35.80480213100054,15.197184,62.031
35.81679656800043,15.158016,61.593
35.82880841400038,15.197184,61.812
35.84081021200018,15.197184,61.531
35.852815786000065,15.236352,61.75
35.864786351000475,15.197184,62.062
35.87678232400049,15.158016,61.468
35.8888259790001,15.118848,61.875
35.9022653560005,15.158016,61.781
35.91585430499981,15.197184,61.531
35.929163438000614,15.197184,61.687
35.94136847300069,15.197184,61.562
35.95349165100015,15.197184,62.031
35.965558442000656,15.158016,61.687
35.977712437000264,15.118848,61.812
35.98985132600046,15.118848,61.562
36.003583159999835,15.118848,61.812
36.015581597000164,15.158016,61.593
36.027540258000045,15.158016,61.656
36.03952915900027,15.118848,61.968
36.05158401400058,15.158016,61.687
36.063545267000336,15.197184,61.906
36.07555359300022,15.158016,61.593
36.08753363000051,15.197184,61.75
36.09948185800022,15.197184,61.562
36.111460551000164,15.236352,61.968
36.12346788500054,15.197184,61.625
36.13543461000063,15.158016,61.781
36.14745679200041,15.118848,61.468
36.16096708199984,15.158016,61.656
36.17426136700033,15.197184,61.625
36.18768096700023,15.197184,61.968
36.20117244100038,15.197184,61.562
36.2134071090004,15.197184,61.875
36.22555985500003,15.158016,61.781
36.2376537199998,15.118848,61.5
36.24966566200055,15.118848,61.718
36.26414519700029,15.118848,62.0
36.27613733100043,15.118848,61.593
36.28809275900039,15.118848,61.968
36.30011513299996,15.118848,61.625
36.31208118599989,15.158016,61.812
36.32409165599984,15.158016,61.812
36.33626958700006,15.158016,62.031
36.3483086010001,15.158016,61.625
36.3603222390002,15.197184,61.906
36.3722736360005,15.197184,61.562
36.38427085700005,15.158016,61.812
36.39619636400039,15.158016,61.437
36.40886563799995,15.118848,61.562
36.421818184000585,15.158016,61.562
36.43539430100009,15.197184,61.875
36.44887412600019,15.197184,61.812
36.4623934730007,15.197184,61.562
36.47452839500056,15.158016,61.812
36.486840154000674,15.158016,62.062
36.499002532000304,15.118848,61.656
36.511296659000436,15.07968,61.937
36.52415169800042,15.118848,61.625
36.53616805599995,15.118848,61.843
36.54812242800017,15.118848,61.593
36.56007462400066,15.118848,61.656
36.571990051000284,15.118848,62.093
36.58393907900063,15.158016,61.625
36.59587089100023,15.158016,61.906
36.60781351900005,15.158016,61.781
36.6199332719998,15.197184,61.5
36.63192396500017,15.197184,61.656
36.64399578099983,15.158016,61.968
36.65598045800016,15.158016,61.5
36.66797137600042,15.118848,61.875
36.68149376300062,15.118848,61.531
36.69358893900062,15.158016,61.687
36.70678584400048,15.197184,61.718
36.71995465300006,15.197184,62.031
36.7319709150006,15.158016,61.656
36.74403226600043,15.158016,61.937
36.756114866000644,15.118848,61.5
36.76814152899988,15.118848,61.531
36.78323426600036,15.118848,61.75
36.79523843200059,15.118848,61.562
36.807228262000535,15.118848,61.687
36.819159209000645,15.118848,61.937
36.831128589999935,15.158016,61.531
36.84310024300066,15.158016,61.875
36.855100344000675,15.158016,61.625
36.86709858999984,15.158016,61.718
36.87907808300042,15.197184,62.031
36.89107469600003,15.197184,61.593
36.90306423699985,15.158016,61.875
36.91509096400023,15.118848,61.5
36.9271606680004,15.118848,61.5
36.94087218000004,15.118848,61.531
36.95419302500068,15.158016,61.625
36.967802775000564,15.197184,61.937
36.981188262000614,15.158016,61.531
36.993408338000336,15.158016,61.812
37.005489017999935,15.158016,61.468
37.01764909200028,15.118848,61.718
37.029708363999816,15.07968,61.625
37.044347103999826,15.118848,62.0
37.05636727000001,15.118848,61.593
37.06837287600047,15.118848,61.875
37.080404113999975,15.118848,61.625
37.09238712700062,15.118848,61.781
37.10438335700019,15.158016,61.593
37.116387363000285,15.158016,61.968
37.128366792000634,15.158016,61.531
37.1403116270003,15.197184,61.812
37.15225486300005,15.197184,61.531
37.16421822800021,15.158016,61.75
37.176149463,15.158016,61.375
37.18807471499986,15.118848,61.625
37.2015262190007,15.158016,61.843
37.2146766270007,15.158016,61.781
37.22674889100017,15.197184,61.437
37.23999613400065,15.197184,61.718
37.25210414200046,15.197184,61.406
37.264252855999985,15.158016,61.687
37.27637017699999,15.118848,61.937
37.28845405700031,15.118848,61.625
37.30132970500017,15.118848,61.875
37.31328017299984,15.118848,61.593
37.325264146000336,15.118848,61.718
37.33725448699988,15.118848,61.718
37.34924188500008,15.118848,62.062
37.36120704099994,15.158016,61.656
37.37318464600048,15.158016,61.906
37.38518077900062,15.158016,61.593
37.397169393000695,15.197184,61.781
37.40915259800022,15.197184,61.406
37.42113385100038,15.158016,61.687
37.433586445999936,15.158016,61.906
37.445827737999934,15.118848,61.781
37.459438480000244,15.158016,61.437
37.47286691200043,15.197184,61.718
37.48469619200023,15.197184,61.468
37.4978881699999,15.197184,61.625
37.509895535000396,15.197184,61.968
37.52197563900063,15.158016,61.593
37.5341489299999,15.118848,61.875
37.54616874400017,15.118848,61.781
37.56093980800051,15.118848,61.562
37.5729716550004,15.118848,61.687
37.584965355999884,15.118848,61.937
37.597061172000394,15.118848,61.562
37.60905833000015,15.118848,61.593
37.6214442670007,15.158016,61.843
37.633478577999995,15.158016,61.531
37.64547733500058,15.158016,61.656
37.65759987199999,15.197184,62.031
37.66960784599996,15.197184,61.593
37.68161415600025,15.158016,61.812
37.693612721000136,15.158016,61.468
37.70560635899983,15.118848,61.656
37.719042374999844,15.118848,61.562
37.73231957100052,15.158016,62.0
37.74580409999999,15.197184,61.562
37.75826885600054,15.197184,61.906
37.77042454599996,15.158016,61.75
37.78256804400007,15.158016,61.437
37.794686420999824,15.118848,61.687
37.80686828800026,15.118848,62.0
37.82168591300069,15.07968,61.937
37.83377548899989,15.07968,61.625
37.845844841000144,15.118848,61.843
37.8578593430002,15.118848,61.562
37.86984376400051,15.118848,61.781
37.88181960900056,15.158016,62.156
37.89384681499996,15.118848,61.625
37.90591165500064,15.158016,61.906
37.91787911500069,15.158016,61.531
37.92983617600021,15.197184,61.812
37.94178830800047,15.158016,61.468
37.95382623400019,15.118848,61.593
37.96580771100071,15.118848,62.0
37.97909709900068,15.118848,61.781
37.99263129500014,15.158016,61.531
38.006190995,15.158016,61.718
38.01939058800053,15.158016,61.687
38.03142109000055,15.158016,61.531
38.04350781799985,15.118848,61.656
38.05559592300051,15.07968,61.875
38.06763343300008,15.07968,61.812
38.082451859000685,15.07968,61.531
38.09462470200015,15.07968,61.75
38.10663555500014,15.07968,61.562
38.118612616000064,15.07968,61.625
38.13062154999989,15.118848,61.968
38.1426038590007,15.118848,61.687
38.154582936000224,15.118848,61.843
38.166568829000425,15.158016,61.468
38.178558818000056,15.158016,61.718
38.19058336800026,15.158016,61.468
38.202579982000316,15.118848,61.593
38.21456897900043,15.118848,61.875
38.22656508,15.07968,61.468
38.239845316000356,15.118848,61.5
38.25217105899992,15.158016,61.656
38.264511649999804,15.158016,61.437
38.27763188100016,15.158016,61.687
38.28968728000018,15.158016,61.843
38.30192623699986,15.118848,61.562
38.31393526700049,15.07968,61.812
38.32607402800022,15.07968,61.75
38.3408358759998,15.07968,61.531
38.35293514900059,15.07968,61.781
38.36494686600054,15.07968,62.0
38.376966585000446,15.07968,61.625
38.38892527700045,15.118848,61.812
38.401085895000506,15.118848,61.531
38.41305831600039,15.118848,61.875
38.42502472000069,15.158016,61.687
38.43701739700009,15.158016,61.968
38.449064444000214,15.197184,61.562
38.46137812300003,15.158016,61.781
38.47341205000066,15.118848,61.468
38.485418326999934,15.07968,61.656
38.4984968610006,15.118848,61.437
38.51173655100047,15.118848,61.937
38.52489092700034,15.158016,61.625
38.536760497000614,15.158016,61.812
38.54895922800006,15.158016,61.531
38.561109893999856,15.118848,61.75
38.57326100800037,15.118848,61.468
38.58531567099999,15.07968,62.031
38.5999106979998,15.07968,61.625
38.611935855999945,15.07968,61.875
38.62393288600015,15.07968,61.593
38.63591545100007,15.07968,61.843
38.64784879800027,15.118848,61.625
38.65985990799982,15.118848,61.687
38.67182765600046,15.118848,62.093
38.68377550000059,15.158016,61.531
38.695768657999906,15.158016,61.875
38.70774779800013,15.197184,61.406
38.719708923000326,15.158016,61.75
38.731665598999825,15.118848,61.437
38.74365002000013,15.118848,61.562
38.756281308000325,15.118848,61.5
38.769652138999845,15.118848,61.718
38.7829413670006,15.158016,61.781
38.79619731300045,15.158016,61.5
38.80834871500065,15.118848,61.75
38.82047554100063,15.118848,61.968
38.83261193399994,15.07968,61.687
38.84467322100045,15.07968,61.843
38.856806959000096,15.040512000000001,61.562
38.86879409999983,15.07968,61.812
38.880776857000455,15.07968,61.531
38.892914787000336,15.07968,61.656
38.9049194320005,15.07968,62.062
38.91690839700004,15.118848,61.625
38.92899240499992,15.118848,61.875
38.94104966099985,15.118848,61.593
38.95309513900065,15.158016,61.656
38.96505744800015,15.158016,61.531
38.97702068400031,15.158016,61.968
38.98905630700028,15.118848,61.531
39.001115865999964,15.118848,61.718
39.01416095900004,15.07968,61.437
39.02758222200009,15.118848,61.406
39.04083784900013,15.158016,61.593
39.05299443500007,15.197184,61.906
39.065492632000314,15.158016,61.531
39.07765648199984,15.158016,62.0
39.08966989600049,15.118848,61.562
39.10181707399988,15.118848,61.75
39.11506351600019,15.118848,61.656
39.12754615999984,15.118848,62.031
39.139556438,15.118848,61.593
39.1516726710006,15.118848,61.875
39.16367443600029,15.118848,61.593
39.175741484000355,15.118848,61.781
39.1877353130003,15.118848,61.531
39.19971326999985,15.158016,61.656
39.21175234800012,15.158016,61.968
39.22374979400047,15.158016,61.562
39.23573082199982,15.197184,61.812
39.24775889300054,15.118848,61.531
39.25976750600057,15.118848,61.343
