t_s,power_w,temp_c
0.000347593999322271,14.923008,61.968
0.017761813999641163,14.844672000000001,62.187
0.03074518899938994,14.805504,61.968
0.044334917000014684,14.766335999999999,62.281
0.05750882499978616,14.688,61.968
0.06990015099927405,14.648832,62.187
0.08221947599940904,14.648832,61.875
0.09440890799942281,14.688,62.218
0.10667856700001721,14.766335999999999,62.156
0.11906269299925043,14.844672000000001,62.5
0.13231900299979316,14.88384,62.156
0.14482470099937927,14.923008,62.5
0.15686696099965047,14.923008,62.218
0.16888000499966438,14.962176,62.375
0.18087237599957007,14.962176,62.187
0.19287533899932896,14.962176,62.25
0.20495171199945617,14.923008,62.562
0.21696862799944938,14.923008,62.25
0.22898131900001317,14.88384,62.468
0.24100345099941478,14.923008,62.343
0.2531006889994387,14.923008,62.125
0.2650699870000608,14.962176,62.312
0.27707387800001015,15.001344,62.625
0.2890840419995584,15.001344,62.218
0.30106230000001233,15.001344,62.406
0.3134140729998762,15.040512000000001,62.25
0.3255006549998143,15.07968,62.375
0.3375770599996031,15.118848,62.218
0.3496384569998554,15.197184,62.375
0.3618459379995329,15.197184,62.625
0.3738199079998594,15.158016,62.281
0.38577810199967644,15.236352,62.531
0.39782445799937705,15.236352,62.125
0.40998675399987405,15.27552,62.281
0.42195640399950207,15.27552,62.093
0.43391210199933994,15.27552,62.25
0.4459883469999113,15.314688,62.437
0.45799956699920585,15.314688,62.437
0.47001072199964256,15.27552,62.125
0.48198427699935564,15.236352,62.375
0.4940897070000574,15.197184,62.031
0.5084500809998644,15.07968,62.593
0.522031519999473,15.118848,62.093
0.5356362889997399,15.158016,62.093
0.5494039420000263,15.158016,62.281
0.5618286769995393,15.197184,62.062
0.5732900569992125,15.158016,62.312
0.5857248399997843,15.197184,62.562
0.5979283209999267,15.236352,62.281
0.6099979419996089,15.236352,62.437
0.6222876969995923,15.236352,62.156
0.6343436859997382,15.27552,62.437
0.6463733059999868,15.27552,62.156
0.6583344439995926,15.27552,62.281
0.6702910059993883,15.236352,62.562
0.6822835049997593,15.236352,62.468
0.694390406999446,15.236352,62.437
0.7063599289995182,15.197184,62.375
0.7183148909998636,15.197184,62.156
0.7302805089993853,15.197184,62.281
0.7422316949996457,15.236352,62.656
0.7542168979998678,15.236352,62.281
0.7661769469996216,15.236352,62.531
0.7781501499994192,15.27552,62.218
0.79012741599945,15.27552,62.375
0.8020948579996912,15.314688,62.218
0.8140776609998284,15.353856,62.281
0.8263007259993174,15.393023999999999,62.656
0.8383316259996718,15.353856,62.375
0.8503214049997041,15.353856,62.562
0.8622939039996709,15.393023999999999,62.218
0.8742798099992797,15.432191999999999,62.375
0.8862629969999034,15.432191999999999,62.093
0.8982708879993879,15.432191999999999,62.25
0.910242554999968,15.432191999999999,62.531
0.922220460999597,15.47136,62.187
0.934185246999732,15.47136,62.406
0.9461890739994487,15.393023999999999,62.187
0.9581825969999045,15.353856,62.343
0.9701545199995962,15.353856,62.156
0.982706490000055,15.27552,62.5
0.9965638099993157,15.27552,62.437
1.0100844799999322,15.314688,62.0
1.0237520659993606,15.314688,62.281
1.0361810569993395,15.353856,62.062
1.0484476120000181,15.393023999999999,62.312
1.0606410450000112,15.432191999999999,62.437
1.0727762349997647,15.432191999999999,62.5
1.084844320999764,15.432191999999999,62.187
1.097494373999325,15.47136,62.406
1.109558458999345,15.47136,62.187
1.1215928470001018,15.47136,62.343
1.1335769620000065,15.47136,62.687
1.145613941999727,15.432191999999999,62.187
1.1576162329993167,15.432191999999999,62.437
1.1696654049992503,15.353856,62.156
1.1819007589992907,15.27552,62.343
1.1934092759993291,15.27552,62.125
1.2054611369994745,15.27552,62.281
1.2174546599999303,15.314688,62.531
1.2294466149996879,15.314688,62.281
1.2414390819994878,15.314688,62.5
1.2534404449997965,15.314688,62.187
1.2654110869998476,15.353856,62.406
1.2774161299994375,15.393023999999999,62.25
1.2894861669992679,15.432191999999999,62.656
1.301771665999695,15.432191999999999,62.312
1.313749893000022,15.432191999999999,62.562
1.3257560879992525,15.432191999999999,62.281
1.3377688439995836,15.432191999999999,62.375
1.349913858999571,15.47136,62.093
1.3618975889994545,15.47136,62.312
1.3738592390000122,15.510528,62.5
1.3853454840000268,15.510528,62.25
1.3974172809994343,15.510528,62.343
1.409521974999734,15.549695999999999,62.156
1.4215308579996417,15.47136,62.375
1.4335392939992744,15.432191999999999,62.125
1.445691156999601,15.393023999999999,62.187
1.4577421859994502,15.353856,62.218
1.4713368099992294,15.353856,62.343
1.4837742169993362,15.393023999999999,62.093
1.4974165869998615,15.432191999999999,62.25
1.5096961339995687,15.432191999999999,62.0
1.5217890509993595,15.47136,62.468
1.533948338999835,15.510528,62.25
1.5461949569998978,15.510528,62.406
1.558644877000006,15.510528,62.156
1.5704194809995897,15.510528,62.375
1.58242225199956,15.549695999999999,62.093
1.5944168949999948,15.549695999999999,62.312
1.6063753769994946,15.510528,62.531
1.6183461799992074,15.510528,62.187
1.6303774640000483,15.47136,62.437
1.6423793069998283,15.47136,62.218
1.654341180999836,15.393023999999999,62.343
1.6663208469999518,15.393023999999999,62.125
1.6784179249998488,15.432191999999999,62.312
1.69035298199924,15.432191999999999,62.5
1.7023293530000956,15.432191999999999,62.218
1.714316410999345,15.432191999999999,62.5
1.7263430869998047,15.47136,62.187
1.7383034249996854,15.47136,62.343
1.7502657469995029,15.510528,62.718
1.7622165169996151,15.510528,62.562
1.7745669779997115,15.47136,62.187
1.7866302630000064,15.47136,62.5
1.7987494849994619,15.393023999999999,62.25
1.8106880619998265,15.432191999999999,62.375
1.822893462999673,15.47136,62.687
1.8349333549995208,15.47136,62.312
1.8469492790000004,15.47136,62.562
1.858922192999671,15.47136,62.25
1.870869250999931,15.510528,62.375
1.8828259409992825,15.510528,62.156
1.8949073699996006,15.47136,62.343
1.9068819159992927,15.432191999999999,62.625
1.9188384459994268,15.393023999999999,62.156
1.9307930239992857,15.353856,62.375
1.944206426999699,15.353856,62.375
1.9577607619994524,15.353856,62.062
1.9713659469998674,15.393023999999999,62.062
1.9849397699999827,15.393023999999999,62.187
1.997102353999253,15.432191999999999,62.468
2.009117764999246,15.47136,62.218
2.021410976999505,15.47136,62.468
2.0334735569995246,15.510528,62.375
2.046153659999618,15.510528,62.375
2.0581289100000504,15.510528,62.343
2.070106913000018,15.510528,62.625
2.0820971389994156,15.47136,62.218
2.094172649000029,15.47136,62.437
2.106224284999371,15.432191999999999,62.218
2.1182165919999534,15.432191999999999,62.406
2.1301738259999183,15.393023999999999,62.187
2.142168660999232,15.393023999999999,62.312
2.154148294999686,15.393023999999999,62.562
2.1660991929993543,15.393023999999999,62.218
2.1781420289999005,15.432191999999999,62.468
2.19009753499995,15.432191999999999,62.218
2.2021006259992646,15.432191999999999,62.375
2.214088900999741,15.432191999999999,62.687
2.2260993199997756,15.47136,62.343
2.2381163639993247,15.510528,62.562
2.2501026219997584,15.510528,62.281
2.2620978409995587,15.510528,62.531
2.2740805479998016,15.47136,62.281
2.2860826789992643,15.510528,62.343
2.29809943500004,15.549695999999999,62.656
2.3101073259995246,15.549695999999999,62.218
2.322087695999471,15.549695999999999,62.406
2.3340571859998818,15.549695999999999,62.375
2.34612168700005,15.588864,62.062
2.3580806489999304,15.588864,62.312
2.3701385579997805,15.510528,62.562
2.3829311429999507,15.432191999999999,62.156
2.395063229999323,15.393023999999999,62.437
2.407182420999561,15.353856,62.093
2.4206436329995995,15.314688,62.125
2.434305810999831,15.353856,62.187
2.447838256999603,15.353856,62.218
2.4602613919996656,15.393023999999999,62.406
2.4723439419994975,15.432191999999999,62.218
2.484496508999655,15.47136,62.406
2.496670740999434,15.510528,62.187
2.508732809999856,15.510528,62.375
2.520798687000024,15.510528,62.718
2.5328337149994695,15.549695999999999,62.375
2.544904743999723,15.549695999999999,62.531
2.556983324999237,15.549695999999999,62.218
2.5690430259992354,15.510528,62.375
2.5810345649997544,15.47136,62.156
2.5930210149999766,15.47136,62.312
2.6050398190000124,15.393023999999999,62.687
2.6171477129992127,15.393023999999999,62.25
2.6291005309994944,15.432191999999999,62.562
2.641091236999273,15.432191999999999,62.25
2.653077879999728,15.432191999999999,62.437
2.6650877869997203,15.432191999999999,62.375
2.677068285999667,15.432191999999999,62.781
2.689060208999763,15.47136,62.281
2.701087747999736,15.47136,62.562
2.7131043439994755,15.510528,62.25
2.7250900270000784,15.549695999999999,62.437
2.7371172779994595,15.510528,62.25
2.749126769999748,15.510528,62.375
2.7611286769997605,15.549695999999999,62.656
2.773089046999303,15.549695999999999,62.343
2.785057704999417,15.549695999999999,62.437
2.797075835999749,15.588864,62.218
2.8090673749993584,15.588864,62.281
2.821052129999771,15.588864,62.093
2.8330344199994215,15.588864,62.312
2.8451508269999977,15.510528,62.593
2.8571041889999833,15.47136,62.281
2.8690499019994604,15.47136,62.406
2.8810239999993428,15.432191999999999,62.312
2.894712258999789,15.393023999999999,62.093
2.907190147999245,15.432191999999999,62.218
2.9206612479993055,15.47136,62.187
2.9333383419998427,15.47136,62.375
2.9456127690000358,15.510528,62.156
2.9577626159998545,15.549695999999999,62.281
2.9698463819995595,15.549695999999999,62.0
2.9817710389997956,15.47136,62.25
2.99427955200008,15.47136,62.562
3.006283058999543,15.47136,62.25
3.0182887109995136,15.47136,62.531
3.0303039619993797,15.47136,62.25
3.0423246219997964,15.432191999999999,62.375
3.0543362250000428,15.393023999999999,62.093
3.066328915999293,15.393023999999999,62.312
3.078321254999537,15.353856,62.593
3.09032546599974,15.353856,62.281
3.1025267709992477,15.353856,62.468
3.114465539999401,15.353856,62.375
3.1263899409996156,15.393023999999999,62.125
3.1383690309994563,15.393023999999999,62.343
3.1503288889998657,15.393023999999999,62.687
3.1622826669999995,15.393023999999999,62.312
3.174256988999332,15.432191999999999,62.562
3.1862257749999117,15.47136,62.218
3.1982280349993744,15.47136,62.5
3.2102401180000015,15.510528,62.218
3.222216999999546,15.432191999999999,62.375
3.2341733059993203,15.47136,62.625
3.2461534529993514,15.510528,62.25
3.2581119659998876,15.510528,62.5
3.2700763039993035,15.510528,62.156
3.282059362999462,15.510528,62.343
3.294059253999876,15.549695999999999,62.062
3.306072329000017,15.549695999999999,62.312
3.3180315469999186,15.510528,62.593
3.330009293999865,15.47136,62.25
3.3419922240000233,15.432191999999999,62.406
3.3540897819993916,15.432191999999999,62.375
3.368246533999809,15.393023999999999,61.968
3.381586366999727,15.432191999999999,62.562
3.394891510999514,15.432191999999999,62.187
3.4067135089999283,15.47136,62.312
3.419094817999394,15.510528,62.125
3.4306686169993554,15.549695999999999,62.375
3.4427876800000377,15.549695999999999,62.156
3.4556864119995225,15.588864,62.343
3.468079945999307,15.588864,62.625
3.4802018569998836,15.588864,62.25
3.4922247879994757,15.588864,62.531
3.504330793999543,15.588864,62.25
3.516313500999786,15.549695999999999,62.375
3.5282812629993714,15.510528,62.343
3.5402396169993153,15.510528,62.593
3.5524102649997076,15.432191999999999,62.187
3.56440129099974,15.432191999999999,62.437
3.576473920999888,15.432191999999999,62.156
3.588336175999757,15.393023999999999,62.375
3.6004308530000344,15.393023999999999,62.156
3.6124255599997923,15.432191999999999,62.281
3.624434699999256,15.432191999999999,62.593
3.636411677999604,15.432191999999999,62.312
3.648397967999699,15.47136,62.468
3.660418563999883,15.47136,62.218
3.6724018790000628,15.510528,62.343
3.6843478159998995,15.510528,62.187
3.6964049889993476,15.47136,62.375
3.708395503999782,15.510528,62.593
3.720381377999729,15.510528,62.156
3.7323910289997,15.549695999999999,62.375
3.744467434999933,15.549695999999999,62.125
3.756452636999711,15.549695999999999,62.312
3.768433775999256,15.549695999999999,62.593
3.7804203539999435,15.588864,62.593
3.7925630009995075,15.549695999999999,62.281
3.8045921089997137,15.47136,62.468
3.8165897919998315,15.432191999999999,62.156
3.8285868349994416,15.432191999999999,62.343
3.8417461509998247,15.393023999999999,62.656
3.855267780999384,15.432191999999999,62.437
3.868163728999207,15.432191999999999,62.093
3.8814611289999448,15.47136,62.406
3.8937859569996363,15.47136,62.062
3.905995709999843,15.510528,62.343
3.9181468369997674,15.549695999999999,62.312
3.9302164579994496,15.549695999999999,62.656
3.9445199339998,15.549695999999999,62.156
3.9565998919997583,15.549695999999999,62.531
3.9686079429993697,15.549695999999999,62.187
3.980768669999634,15.510528,62.406
3.992781809999542,15.510528,62.218
4.004810917999748,15.47136,62.343
4.0167966319995685,15.47136,62.562
4.028907725999488,15.432191999999999,62.437
4.040889696999329,15.393023999999999,62.218
4.052875571999721,15.432191999999999,62.375
4.064865093999288,15.432191999999999,62.156
4.076876441999957,15.432191999999999,62.343
4.088858219999565,15.432191999999999,62.562
4.100865503000023,15.432191999999999,62.25
4.112854129999505,15.47136,62.437
4.124836708999283,15.47136,62.218
4.136861399999361,15.510528,62.375
4.148859754999648,15.510528,62.218
4.160853886000041,15.510528,62.343
4.172859632999462,15.510528,62.562
4.184301075999429,15.432191999999999,62.312
4.1953707969996685,15.47136,62.343
4.207347904000017,15.47136,62.156
4.219299824999325,15.510528,62.25
4.2312605469996925,15.510528,62.625
4.243212052999297,15.510528,62.218
4.255155077999916,15.549695999999999,62.562
4.267090518999794,15.549695999999999,62.312
4.2790279129994815,15.432191999999999,62.437
4.290983801999573,15.393023999999999,62.218
4.302950571999645,15.393023999999999,62.187
4.315179717999854,15.353856,62.625
4.328586112999801,15.353856,62.375
4.3420818219992725,15.393023999999999,62.062
4.355573178999293,15.432191999999999,62.375
4.367810164999355,15.432191999999999,62.312
4.379983404000086,15.47136,62.062
4.392111266999564,15.510528,62.187
4.404232281000077,15.510528,62.531
4.419152318999295,15.510528,62.468
4.431176722999226,15.510528,62.281
4.443170884999745,15.510528,62.375
4.455345660999228,15.510528,62.125
4.467375920999984,15.47136,62.312
4.479334722999738,15.47136,62.656
4.491319445999579,15.47136,62.187
4.503273414999967,15.393023999999999,62.406
4.515234168999996,15.393023999999999,62.156
4.5271829229996,15.432191999999999,62.375
4.539111483999477,15.432191999999999,62.718
4.551058316999843,15.432191999999999,62.281
4.563002398999743,15.432191999999999,62.5
4.574963567999475,15.432191999999999,62.25
4.586979875999532,15.47136,62.468
4.598986742999841,15.47136,62.25
4.6109407129997635,15.510528,62.437
4.622935804000008,15.549695999999999,62.718
4.634896844999275,15.510528,62.343
4.64691174499967,15.510528,62.562
4.658890258999236,15.510528,62.218
4.6708562289995825,15.549695999999999,62.343
4.682846007999615,15.549695999999999,62.281
4.6950196319994575,15.588864,62.656
4.706979906000015,15.549695999999999,62.218
4.71899854899948,15.588864,62.375
4.731001831999492,15.588864,62.187
4.743023835999338,15.510528,62.406
4.755029326999647,15.47136,62.125
4.767011745999298,15.47136,62.281
4.779152440999496,15.393023999999999,62.562
4.791431603000092,15.353856,62.156
4.804001206999601,15.353856,62.406
4.816069642999537,15.393023999999999,62.125
4.828088350999678,15.432191999999999,62.375
4.840292408000096,15.432191999999999,62.125
4.852390700999422,15.47136,62.562
4.864535684999282,15.510528,62.156
4.876625945999876,15.510528,62.531
4.888761648999207,15.510528,62.218
4.900778819999687,15.510528,62.343
4.912778550999974,15.510528,62.218
4.924779241999204,15.510528,62.406
4.936785533999682,15.510528,62.593
4.94879579299959,15.47136,62.281
4.960847749000095,15.47136,62.468
4.972852375999537,15.432191999999999,62.25
4.9848867319997225,15.393023999999999,62.375
4.996909759999653,15.393023999999999,62.218
5.0088893299998745,15.393023999999999,62.375
5.020885444999294,15.432191999999999,62.562
5.032888279999497,15.432191999999999,62.218
5.044911691999914,15.432191999999999,62.468
5.056916894999631,15.432191999999999,62.312
5.0689556669995,15.47136,62.375
5.080976102999557,15.510528,62.343
5.093023290999554,15.510528,62.625
5.105016685999544,15.549695999999999,62.343
5.117035456999474,15.510528,62.5
5.129010771999674,15.510528,62.218
5.141002469999876,15.549695999999999,62.375
5.152985368999907,15.549695999999999,62.093
5.164960651000001,15.549695999999999,62.281
5.176935294000032,15.549695999999999,62.531
5.188932111999748,15.588864,62.187
5.200966691999383,15.588864,62.375
5.212987639999483,15.588864,62.281
5.224996074999581,15.510528,62.343
5.236998909999784,15.432191999999999,62.125
5.249022481999418,15.47136,62.156
5.26198086399927,15.432191999999999,62.156
5.275071889999708,15.432191999999999,62.343
5.288473515999613,15.432191999999999,62.031
5.301761316000011,15.47136,62.125
5.31402498999978,15.47136,62.218
5.326128308000079,15.510528,62.531
5.338282122999772,15.549695999999999,62.187
5.3503371520000655,15.549695999999999,62.437
5.363518515999203,15.549695999999999,62.218
5.375544711999282,15.549695999999999,62.281
5.386966089999987,15.47136,62.187
5.39898070199979,15.47136,62.312
5.410992688999613,15.47136,62.625
5.4229772829994545,15.432191999999999,62.25
5.4349746459993185,15.432191999999999,62.375
5.447030378999443,15.432191999999999,62.281
5.4589758039992375,15.353856,62.312
5.471383290999256,15.393023999999999,62.281
5.483592883999336,15.393023999999999,62.593
5.495900686999448,15.432191999999999,62.281
5.508026757999687,15.432191999999999,62.5
5.520061881999936,15.432191999999999,62.187
5.532144174999303,15.432191999999999,62.343
5.544247877000089,15.47136,62.156
5.5562358959996345,15.47136,62.343
5.56828145199961,15.510528,62.625
5.580462179999813,15.549695999999999,62.25
5.592442741999548,15.47136,62.531
5.604417864999959,15.510528,62.187
5.6163935309996305,15.510528,62.312
5.628434575000028,15.549695999999999,62.75
5.640432449999935,15.549695999999999,62.156
5.652425332999883,15.549695999999999,62.468
5.664427879999494,15.549695999999999,62.375
5.676423418999548,15.588864,62.156
5.688422028999412,15.588864,62.437
5.7004157119999945,15.510528,62.156
5.712444499999947,15.432191999999999,62.156
5.724411237999448,15.432191999999999,62.375
5.737208270999872,15.393023999999999,62.218
5.750798350999503,15.432191999999999,62.093
5.764412175999496,15.432191999999999,62.25
5.77786414000002,15.47136,61.968
5.790054147999399,15.47136,62.281
5.802220732000023,15.510528,62.218
5.814595864999319,15.549695999999999,62.375
5.826674990999891,15.549695999999999,62.218
5.839815233999616,15.549695999999999,62.375
5.851886838999235,15.549695999999999,62.156
5.864394935999371,15.549695999999999,62.25
5.876491117999649,15.549695999999999,62.687
5.888593443999525,15.510528,62.25
5.900694520999423,15.47136,62.437
5.912820527999429,15.47136,62.375
5.924946821999583,15.432191999999999,62.187
5.9371022380000795,15.432191999999999,62.343
5.949245332999453,15.432191999999999,62.625
5.961315401999855,15.47136,62.281
5.973386942999241,15.47136,62.406
5.984725758999957,15.393023999999999,62.218
5.996630574999472,15.393023999999999,62.312
6.0086602909996145,15.393023999999999,62.062
6.020652501999393,15.432191999999999,62.312
6.032638023999425,15.432191999999999,62.531
6.044731773999956,15.47136,62.281
6.056736337000075,15.47136,62.531
6.068814469999779,15.432191999999999,62.343
6.080790872999387,15.47136,62.343
6.092760042999544,15.47136,62.625
6.104785949999496,15.510528,62.375
6.116858738999326,15.510528,62.468
6.128885350999553,15.510528,62.218
6.1408301359997495,15.510528,62.375
6.152854443999786,15.549695999999999,62.187
6.164827485999922,15.510528,62.375
6.176865073999579,15.47136,62.218
6.188954663999539,15.393023999999999,62.437
6.200982171999385,15.393023999999999,62.125
6.21488784399935,15.353856,62.375
6.228304350999679,15.393023999999999,62.25
6.2419240639992495,15.393023999999999,61.968
6.254480418999265,15.432191999999999,62.187
6.26658591299929,15.432191999999999,62.437
6.278780560999621,15.510528,62.125
6.290977928999382,15.510528,62.375
6.303077343000041,15.510528,62.343
6.315943370999776,15.549695999999999,62.125
6.3280367039997145,15.549695999999999,62.312
6.340197879999323,15.549695999999999,62.562
6.352443857999788,15.549695999999999,62.343
6.3645763279992025,15.510528,62.437
6.3766477409999425,15.47136,62.156
6.388710001999243,15.47136,62.343
6.4008601049999925,15.432191999999999,62.156
6.412956926999868,15.432191999999999,62.312
6.425230072999511,15.432191999999999,62.25
6.437357807999433,15.432191999999999,62.437
6.449466533999839,15.432191999999999,62.218
6.4615960279998035,15.47136,62.406
6.473836501999358,15.47136,62.156
6.485920234999867,15.47136,62.343
6.498319018000075,15.510528,62.625
6.510409438999886,15.549695999999999,62.312
6.52242773099988,15.549695999999999,62.437
6.534402788999614,15.510528,62.312
6.546356341999854,15.510528,62.406
6.558345512999949,15.549695999999999,62.687
6.570269977999487,15.549695999999999,62.312
6.582278924999628,15.510528,62.5
6.5945982489993185,15.47136,62.312
6.60668684599932,15.47136,62.125
6.61863665599958,15.510528,62.25
6.63063027499993,15.510528,62.031
6.642600468999262,15.47136,62.281
6.6545518139992055,15.432191999999999,62.562
6.666481942999781,15.393023999999999,62.125
6.678671312000006,15.353856,62.375
6.692126667999219,15.353856,62.312
6.705531749999864,15.353856,61.968
6.719008802999269,15.393023999999999,62.093
6.732449886999348,15.393023999999999,62.187
6.744736889999331,15.432191999999999,62.375
6.756872079999994,15.47136,62.093
6.769001222999577,15.510528,62.312
6.78125539299981,15.510528,62.125
6.795219179000014,15.510528,62.281
6.807190589999664,15.510528,62.562
6.819129326999246,15.510528,62.562
6.831102400999953,15.510528,62.531
6.843045105999408,15.47136,62.375
6.854976930999328,15.432191999999999,62.125
6.866923668999334,15.432191999999999,62.312
6.878877413999362,15.393023999999999,62.531
6.8908436719993915,15.393023999999999,62.218
6.9028470509992985,15.393023999999999,62.468
6.914836445999754,15.393023999999999,62.25
6.926798703999339,15.432191999999999,62.375
6.93872988899966,15.432191999999999,62.187
6.950661586000024,15.432191999999999,62.25
6.9625750739996874,15.47136,62.562
6.974522131999947,15.47136,62.281
6.986420835999525,15.510528,62.5
6.998414390000107,15.510528,62.187
7.010474282999894,15.510528,62.375
7.0224135319995185,15.47136,62.125
7.034347084999354,15.510528,62.25
7.046316606999426,15.549695999999999,62.468
7.058338195000033,15.549695999999999,62.187
7.070322949000001,15.549695999999999,62.375
7.0822665830000915,15.549695999999999,62.031
7.094319050999729,15.588864,62.281
7.106299133999528,15.588864,62.656
7.11835329799942,15.510528,62.281
7.1304199429996515,15.47136,62.5
7.142381016999934,15.432191999999999,62.312
7.157167802000004,15.353856,62.281
7.170870364999246,15.353856,61.937
7.184685859999263,15.314688,62.468
7.1987115359997915,15.314688,62.125
7.2106847380000545,15.353856,62.343
7.222956220999549,15.393023999999999,62.093
7.235108563999347,15.432191999999999,62.343
7.247210153999731,15.432191999999999,62.062
7.259429187000023,15.47136,62.281
7.2715759939992495,15.432191999999999,62.562
7.283656206999694,15.47136,62.25
7.295388761999675,15.47136,62.468
7.307690965999427,15.47136,62.375
7.31996046399945,15.432191999999999,62.25
7.3323010369995245,15.432191999999999,62.281
7.34473041199999,15.393023999999999,62.5
7.356992197999716,15.353856,62.218
7.369237599999906,15.353856,62.375
7.38156409199928,15.353856,62.187
7.3938005659993,15.393023999999999,62.343
7.406088785000065,15.393023999999999,62.375
7.418349066999326,15.393023999999999,62.625
7.430579331999979,15.393023999999999,62.25
7.442787612999382,15.432191999999999,62.437
7.455018101999485,15.432191999999999,62.218
7.467597305999334,15.47136,62.312
7.47904742099945,15.510528,62.218
7.49125358999936,15.47136,62.375
7.502724601999944,15.47136,62.656
7.515001331999883,15.510528,62.187
7.526554586999737,15.510528,62.468
7.538756178999392,15.510528,62.062
7.55099146900011,15.549695999999999,62.375
7.563187044999722,15.549695999999999,62.093
7.575398173999929,15.588864,62.187
7.587716185999852,15.549695999999999,62.312
7.600024789999225,15.47136,62.406
7.6122575829995185,15.432191999999999,62.187
7.624545801999375,15.432191999999999,62.187
7.638211787999353,15.393023999999999,62.25
7.6518484929993065,15.393023999999999,62.468
7.664417647999471,15.432191999999999,62.125
7.677163159999509,15.47136,62.468
7.689630391999344,15.47136,62.093
7.701863729999786,15.510528,62.281
7.713999528999921,15.549695999999999,62.218
7.726836082999398,15.549695999999999,62.562
7.738573054999506,15.549695999999999,62.281
7.750712052999916,15.549695999999999,62.531
7.763138452000021,15.549695999999999,62.218
7.77526839499933,15.549695999999999,62.406
7.78660957899956,15.432191999999999,62.062
7.797733764999975,15.432191999999999,62.343
7.809738807999565,15.393023999999999,62.593
7.8217304429999785,15.393023999999999,62.218
7.833762334999847,15.353856,62.5
7.845782577999671,15.353856,62.125
7.857772132999344,15.353856,62.375
7.869855449999704,15.353856,62.187
7.881980144999943,15.393023999999999,62.343
7.893989539999893,15.393023999999999,62.625
7.90599451899925,15.393023999999999,62.25
7.917998281999644,15.432191999999999,62.5
7.930112895999628,15.432191999999999,62.187
7.94209041799968,15.47136,62.343
7.954072580999309,15.47136,62.125
7.966054806999637,15.47136,62.656
7.97802298499937,15.47136,62.312
7.990018491999763,15.510528,62.406
8.002022670999395,15.510528,62.187
8.014018337999914,15.510528,62.312
8.026000307999311,15.549695999999999,62.093
8.037986694999745,15.549695999999999,62.25
8.05001244199957,15.549695999999999,62.468
8.062017580999964,15.549695999999999,62.25
8.074007743999573,15.47136,62.343
8.085984145999646,15.432191999999999,62.156
8.097986468999807,15.432191999999999,62.25
8.112209750999682,15.314688,62.156
8.125367977999304,15.353856,62.531
8.138885479999772,15.393023999999999,62.312
8.15227782599959,15.393023999999999,62.093
8.164938247999999,15.432191999999999,62.281
8.177064093999434,15.47136,62.0
8.189241109999784,15.47136,62.187
8.201464815999316,15.510528,62.562
8.213627430999622,15.510528,62.281
8.225861248999536,15.510528,62.5
8.237875283999529,15.510528,62.406
8.249989545999597,15.510528,62.187
8.262019389999296,15.47136,62.343
8.274177716999475,15.47136,62.562
8.286163174999274,15.432191999999999,62.156
8.298167993999414,15.432191999999999,62.468
8.310163532999468,15.393023999999999,62.218
8.322134974999244,15.393023999999999,62.406
8.334129009999742,15.393023999999999,62.25
8.346147844999905,15.432191999999999,62.312
8.358164760999898,15.432191999999999,62.593
8.370180075999997,15.432191999999999,62.281
8.382178910999755,15.393023999999999,62.406
8.394299700999909,15.353856,62.125
8.406430667999302,15.393023999999999,62.343
8.418418173999271,15.393023999999999,62.156
8.430462513999373,15.432191999999999,62.312
8.442410787999506,15.393023999999999,62.562
8.454375925999557,15.393023999999999,62.312
8.466370344000097,15.432191999999999,62.375
8.4783849559999,15.47136,62.375
8.490362765999635,15.47136,62.25
8.502363040999626,15.47136,62.312
8.514356371999384,15.47136,62.468
8.526331397999456,15.510528,62.125
8.538324631999785,15.510528,62.437
8.550748854999256,15.432191999999999,62.156
8.56275904999984,15.393023999999999,62.375
8.574723547999383,15.393023999999999,62.5
8.588199640999846,15.314688,62.5
8.601184326999828,15.314688,62.156
8.613787498999955,15.353856,62.406
8.6270036169999,15.393023999999999,62.031
8.63913688699995,15.432191999999999,62.187
8.651262637999935,15.432191999999999,62.062
8.663373540000066,15.47136,62.281
8.675433751999662,15.47136,62.531
8.689927282000099,15.47136,62.437
8.702095976999772,15.510528,62.156
8.714107707999574,15.510528,62.312
8.726101710999501,15.510528,62.156
8.738118913999642,15.510528,62.312
8.750166454999999,15.47136,62.5
8.762155016999714,15.432191999999999,62.437
8.774133979999533,15.432191999999999,62.5
8.786141390999546,15.393023999999999,62.406
8.798124096999345,15.393023999999999,62.218
8.810109555000054,15.393023999999999,62.281
8.822159527999247,15.393023999999999,62.718
8.834145337999871,15.393023999999999,62.25
8.846204462999594,15.432191999999999,62.468
8.85824886699993,15.432191999999999,62.218
8.8703214319994,15.432191999999999,62.437
8.8823223469999,15.47136,62.187
8.894416352000007,15.510528,62.25
8.906360305999442,15.510528,62.593
8.918316162999872,15.47136,62.343
8.930314645999715,15.510528,62.468
8.942291687999386,15.510528,62.156
8.95428514699961,15.510528,62.343
8.966260748999957,15.549695999999999,62.562
8.978257215999292,15.549695999999999,62.343
8.989688962999935,15.47136,62.437
9.001471343000048,15.47136,62.125
9.013479395000104,15.47136,62.343
9.02547051700003,15.432191999999999,62.093
9.037441702999786,15.393023999999999,62.25
9.049430682000093,15.353856,62.562
9.061406795999574,15.314688,62.437
9.075223441999697,15.314688,62.125
9.08858685999985,15.353856,62.0
9.101992549999522,15.353856,62.343
9.114960883999629,15.393023999999999,62.0
9.127041736999672,15.432191999999999,62.093
9.139107069999227,15.47136,62.593
9.151283702,15.47136,62.187
9.163270760999694,15.47136,62.375
9.174878095999702,15.510528,62.125
9.186885538999377,15.510528,62.375
9.199164029999338,15.510528,62.687
9.211170769000091,15.47136,62.312
9.223121858999548,15.47136,62.5
9.235079187999872,15.432191999999999,62.125
9.247037477999584,15.432191999999999,62.187
9.259270399999878,15.393023999999999,62.375
9.271368084999267,15.393023999999999,62.125
9.283433321999837,15.393023999999999,62.312
9.295776869999827,15.432191999999999,62.531
9.308122818999436,15.432191999999999,62.187
9.320175638999899,15.432191999999999,62.406
9.332166153999424,15.432191999999999,62.218
9.34420326199961,15.47136,62.375
9.35618715199962,15.510528,62.625
9.368134273999203,15.510528,62.312
9.380085170999337,15.549695999999999,62.531
9.392163399999845,15.510528,62.281
9.40412040999945,15.510528,62.468
9.416115691999948,15.510528,62.125
9.428103294999346,15.549695999999999,62.343
9.44010616199921,15.549695999999999,62.531
9.452186822999465,15.549695999999999,62.468
9.464161048999813,15.549695999999999,62.156
9.476141802999337,15.588864,62.343
9.488095772999259,15.588864,62.156
9.500072334999459,15.47136,62.281
9.512177700999928,15.47136,62.718
9.524254553999526,15.432191999999999,62.093
9.537796728000103,15.353856,62.125
9.55132494999998,15.353856,62.281
9.564928565999253,15.393023999999999,61.968
9.57792106099987,15.432191999999999,61.937
9.590242688999751,15.353856,62.125
9.602167505999205,15.393023999999999,62.406
9.614414443999522,15.432191999999999,62.031
9.626593187999788,15.432191999999999,62.375
9.641458822999994,15.432191999999999,62.343
9.65364028699969,15.432191999999999,62.093
9.665698291999433,15.47136,62.312
9.677764264999496,15.432191999999999,62.562
9.68977490799989,15.432191999999999,62.25
9.70179915099925,15.393023999999999,62.375
9.71382765099952,15.393023999999999,62.062
9.725909303999288,15.393023999999999,62.437
9.73793396399924,15.353856,62.093
9.749974911999743,15.353856,62.343
9.762128407000091,15.353856,62.468
9.774176971000088,15.353856,62.281
9.786181341999509,15.393023999999999,62.468
9.798244242999317,15.393023999999999,62.218
9.810284391000096,15.393023999999999,62.375
9.822488510999392,15.432191999999999,62.718
9.834496881999257,15.432191999999999,62.625
9.846531077999316,15.47136,62.25
9.858542488999774,15.510528,62.437
9.87047927399999,15.47136,62.25
9.882436507999955,15.47136,62.406
9.894463023999378,15.510528,62.625
9.906437185999494,15.510528,62.281
9.918418131999715,15.510528,62.531
9.930338244999803,15.510528,62.281
9.94229288599945,15.549695999999999,62.343
9.954277960999207,15.549695999999999,62.156
9.96628377199977,15.549695999999999,62.312
9.978247725000074,15.47136,62.562
9.990245983999557,15.432191999999999,62.218
10.002324244999727,15.432191999999999,62.375
10.01483538299999,15.353856,62.375
10.028184591999889,15.393023999999999,62.062
10.04160596299971,15.393023999999999,62.218
10.054199981999773,15.432191999999999,62.562
10.066541354999572,15.432191999999999,62.281
10.078592158999527,15.510528,62.406
10.090800119999585,15.510528,62.312
10.1029036609998,15.549695999999999,62.093
10.117850322999402,15.549695999999999,62.343
10.129979305999768,15.549695999999999,62.718
10.141987452999274,15.549695999999999,62.656
10.153985455999646,15.549695999999999,62.281
10.166003682999872,15.510528,62.375
10.178041590999783,15.47136,62.187
10.190077706999546,15.432191999999999,62.312
10.20231795699965,15.393023999999999,62.093
10.214446362999297,15.314688,62.281
10.22641841299992,15.353856,62.5
10.238366397999926,15.353856,62.218
10.25037156899998,15.353856,62.375
10.262312290999944,15.393023999999999,62.25
10.274264659999972,15.393023999999999,62.375
10.286222918000021,15.393023999999999,62.656
10.298226040999907,15.432191999999999,62.25
10.31022506699992,15.432191999999999,62.531
10.322199644999273,15.47136,62.281
10.334165518999725,15.47136,62.437
10.346200803000102,15.432191999999999,62.218
10.358161588999792,15.47136,62.343
10.370154822999211,15.47136,62.531
10.382121433000066,15.510528,62.5
10.394114091999654,15.510528,62.156
10.406100350000088,15.510528,62.437
10.418074031999822,15.510528,62.062
10.430030561999956,15.549695999999999,62.343
10.442066805999275,15.549695999999999,62.75
10.454081288999987,15.432191999999999,62.218
10.466066171999955,15.432191999999999,62.531
10.478028333000111,15.432191999999999,62.062
10.490796693999982,15.353856,62.375
10.50452156099982,15.353856,62.187
10.517343650999464,15.393023999999999,62.531
10.530816415999652,15.432191999999999,62.125
10.543122938999659,15.432191999999999,62.437
10.555243152999537,15.510528,62.156
10.567303205999451,15.510528,62.281
10.57938306699998,15.510528,62.375
10.594535942999755,15.510528,62.625
10.606694525999956,15.510528,62.625
10.618730577999486,15.549695999999999,62.25
10.63072886899954,15.510528,62.437
10.642750455999703,15.510528,62.25
10.654834092999408,15.47136,62.343
10.666821823999271,15.47136,62.156
10.678858387999753,15.393023999999999,62.281
10.69089664799958,15.393023999999999,62.531
10.703008382000007,15.432191999999999,62.25
10.715084562999436,15.432191999999999,62.5
10.727090533999217,15.432191999999999,62.156
10.739095576999716,15.432191999999999,62.375
10.751063689999683,15.432191999999999,62.781
10.763022524000007,15.47136,62.281
10.774969004999548,15.47136,62.625
10.786958239999876,15.510528,62.093
10.798352001999774,15.47136,62.343
10.810412117999476,15.47136,62.156
10.822490442999879,15.432191999999999,62.375
10.834471548999318,15.47136,62.656
10.846780889000001,15.47136,62.156
10.858851757999219,15.510528,62.5
10.870932963000087,15.510528,62.343
10.883013335999749,15.510528,62.062
10.895245776999218,15.510528,62.281
10.90727229299955,15.549695999999999,62.656
10.91927666399988,15.549695999999999,62.343
10.931246153999382,15.47136,62.375
10.943192026999895,15.393023999999999,62.156
10.955190445999506,15.393023999999999,62.25
10.96838857900002,15.353856,62.281
10.981927904999793,15.393023999999999,62.5
10.994117016999553,15.432191999999999,62.156
11.007378798999525,15.432191999999999,62.375
11.019595911999204,15.432191999999999,62.156
11.03187405099925,15.510528,62.375
11.043983960999867,15.510528,62.125
11.056082670999785,15.510528,62.156
11.068296198999633,15.549695999999999,62.25
11.080326778999734,15.549695999999999,62.531
11.09236779099956,15.549695999999999,62.281
11.104372993999277,15.549695999999999,62.406
11.116397557999335,15.510528,62.093
11.128504042999339,15.47136,62.375
11.1404703649996,15.47136,62.625
11.152438735000032,15.432191999999999,62.281
11.16440310500002,15.393023999999999,62.562
11.176391187999798,15.432191999999999,62.281
11.18841229499958,15.432191999999999,62.375
11.200469274999705,15.432191999999999,62.218
11.21244564599965,15.432191999999999,62.281
11.224436255999535,15.432191999999999,62.656
11.236433234999822,15.47136,62.343
11.24845126999935,15.47136,62.468
11.260405143999378,15.510528,62.218
11.272401321999496,15.549695999999999,62.375
11.284384892999697,15.549695999999999,62.218
11.296375822999835,15.510528,62.343
11.308395201999701,15.510528,62.656
11.320406805999482,15.549695999999999,62.437
11.33240800799922,15.549695999999999,62.187
11.344486076999601,15.549695999999999,62.375
11.356537906000085,15.549695999999999,62.062
11.368531299999631,15.588864,62.187
11.380582263999713,15.588864,62.656
11.392708174999825,15.549695999999999,62.218
11.404874085999836,15.432191999999999,62.343
11.41686300099991,15.393023999999999,62.156
11.428866763999395,15.353856,62.0
11.443019962999642,15.27552,62.218
11.456626010999571,15.27552,62.125
11.470542499999283,15.314688,62.312
11.48291484999936,15.353856,62.0
11.49519202800002,15.393023999999999,62.281
11.507364755999333,15.432191999999999,62.125
11.519555115999538,15.432191999999999,62.25
11.531820549999793,15.47136,62.281
11.547065621000002,15.47136,62.437
11.559086983999805,15.47136,62.218
11.571037881999473,15.47136,62.468
11.583369205999588,15.47136,62.187
11.595790227999714,15.432191999999999,62.312
11.607899753999845,15.393023999999999,62.343
11.620222470000044,15.393023999999999,62.531
11.63231205899956,15.353856,62.25
11.644507635999616,15.353856,62.375
11.656500997999501,15.353856,62.156
11.668456888000037,15.393023999999999,62.343
11.680409320999388,15.393023999999999,62.718
11.692410908000056,15.393023999999999,62.375
11.704418158999943,15.393023999999999,62.531
11.716394848999698,15.432191999999999,62.25
11.72838027599937,15.432191999999999,62.468
11.740555882999615,15.47136,62.156
11.752570622999883,15.510528,62.312
11.764551376999407,15.47136,62.687
11.776521506999416,15.47136,62.343
11.788554966999982,15.47136,62.437
11.8005739299997,15.510528,62.187
11.81273958499969,15.510528,62.375
11.824754420999852,15.549695999999999,62.281
11.836721541999395,15.510528,62.5
11.848719928999344,15.549695999999999,62.187
11.860770252999828,15.549695999999999,62.406
11.872755999999754,15.47136,62.125
11.884753778999766,15.432191999999999,62.406
11.896741668999312,15.432191999999999,62.093
11.908795512999859,15.393023999999999,62.25
11.92132921099983,15.393023999999999,62.625
11.935063807000006,15.393023999999999,62.437
11.948695903999578,15.432191999999999,62.062
11.96089077599936,15.432191999999999,62.343
11.973064719999456,15.47136,62.187
11.985109219999686,15.510528,62.187
11.996881424000094,15.432191999999999,62.5
12.00905536799928,15.432191999999999,62.156
12.021273760999975,15.432191999999999,62.406
12.033249778999561,15.432191999999999,62.156
12.045365160999609,15.432191999999999,62.406
12.057355643999472,15.432191999999999,62.343
12.069285611999476,15.432191999999999,62.562
12.081264638999528,15.393023999999999,62.218
12.093250256999454,15.393023999999999,62.468
12.105248515999847,15.393023999999999,62.187
12.117229429999497,15.314688,62.343
12.129217127999254,15.353856,62.156
12.14117711399922,15.353856,62.281
12.15317210899957,15.353856,62.656
12.165111805999913,15.393023999999999,62.218
12.177049582999643,15.393023999999999,62.531
12.189117315999283,15.393023999999999,62.218
12.201071316999332,15.432191999999999,62.406
12.213087559999622,15.432191999999999,62.125
12.225022936999267,15.47136,62.343
12.23700497199934,15.47136,62.593
12.248995197999648,15.432191999999999,62.375
12.261018096999578,15.47136,62.468
12.273093125999367,15.47136,62.156
12.285087160999865,15.47136,62.375
12.297091563999857,15.510528,62.0
12.309051644999272,15.510528,62.25
12.321001774999786,15.510528,62.468
12.332982432999415,15.549695999999999,62.187
12.345020404999559,15.510528,62.281
12.357267182999749,15.432191999999999,62.375
12.369306210000104,15.393023999999999,62.031
12.381508890999612,15.393023999999999,62.187
12.39544496399958,15.353856,62.531
12.40766118099964,15.393023999999999,62.375
12.421098488999633,15.393023999999999,62.062
12.434307276999789,15.432191999999999,62.281
12.44658599200011,15.432191999999999,62.0
12.458886114999586,15.47136,62.25
12.470999864999612,15.510528,62.468
12.483099215000038,15.510528,62.468
12.497281631000078,15.510528,62.156
12.509290353999859,15.510528,62.437
12.52132595799958,15.510528,62.156
12.533287127999756,15.510528,62.312
12.545399085999634,15.47136,62.531
12.557316413999615,15.432191999999999,62.281
12.569286959999772,15.432191999999999,62.531
12.581305506999342,15.393023999999999,62.312
12.593288052999924,15.353856,62.156
12.605383786999482,15.314688,62.187
12.617582082999434,15.314688,62.593
12.629432113999428,15.353856,62.25
12.641276959999232,15.353856,62.5
12.653332948999378,15.393023999999999,62.187
12.665420106000056,15.353856,62.375
12.677448028999606,15.393023999999999,62.25
12.689453583999239,15.432191999999999,62.281
12.701533765000022,15.47136,62.656
12.71356405699953,15.47136,62.312
12.725588876000074,15.432191999999999,62.531
12.737611199999264,15.47136,62.218
12.749647507999725,15.47136,62.343
12.761687494999933,15.47136,62.187
12.773683481999797,15.510528,62.187
12.785690604999218,15.510528,62.562
12.797727520999615,15.510528,62.093
12.809723955999289,15.549695999999999,62.343
12.821701573999235,15.510528,62.187
12.833716632999312,15.432191999999999,62.312
12.845737931999793,15.393023999999999,62.218
12.85772348699993,15.393023999999999,62.531
12.871289117999368,15.353856,62.156
12.884864508999271,15.353856,62.062
12.898160243999882,15.393023999999999,62.25
12.911591310999938,15.432191999999999,62.0
12.924197426999854,15.47136,62.562
12.936431852999704,15.510528,62.125
12.948567170999922,15.510528,62.468
12.960635895999985,15.510528,62.218
12.972766701999717,15.510528,62.375
12.985022119999485,15.549695999999999,62.156
12.997049212000093,15.549695999999999,62.343
13.009033133999765,15.510528,62.625
13.021016767999754,15.510528,62.187
13.03303147599945,15.47136,62.5
13.045141320999392,15.47136,62.187
13.057102586999463,15.393023999999999,62.343
13.06908046099943,15.393023999999999,62.125
13.081047934999333,15.432191999999999,62.343
13.093046353999853,15.432191999999999,62.625
13.1050508849994,15.432191999999999,62.25
13.117052599999624,15.432191999999999,62.531
13.129237422999722,15.432191999999999,62.375
13.141273827000077,15.47136,62.187
13.1533404719994,15.47136,62.312
13.165325833999304,15.510528,62.625
13.177456128999438,15.549695999999999,62.25
13.189478867999242,15.510528,62.375
13.202334654999504,15.432191999999999,62.312
13.214637082000081,15.47136,62.406
13.22688360399934,15.47136,62.031
13.239102220999484,15.47136,62.375
13.251340421999885,15.510528,62.156
13.263575936000052,15.510528,62.375
13.27579669699935,15.510528,62.093
13.288230167999245,15.549695999999999,62.375
13.30051883499982,15.510528,62.156
13.312767884000095,15.432191999999999,62.312
13.32500378199984,15.432191999999999,62.5
13.33725878399946,15.393023999999999,62.375
13.351639701999375,15.353856,62.093
13.36567193799965,15.393023999999999,61.968
13.380245757000012,15.432191999999999,62.25
13.393507283999497,15.47136,62.25
13.406450496999241,15.510528,62.562
13.419000130999848,15.549695999999999,62.25
13.431557189999694,15.549695999999999,62.312
13.444464369999878,15.549695999999999,62.375
13.457188088999828,15.588864,62.218
13.469522388999394,15.588864,62.343
13.481817807999505,15.588864,62.656
13.494041640999967,15.549695999999999,62.281
13.506260545999794,15.510528,62.5
13.518466586999239,15.510528,62.218
13.530662194999422,15.432191999999999,62.406
13.542888011999821,15.432191999999999,62.312
13.555097860999922,15.47136,62.593
13.567309405999367,15.47136,62.25
13.579537270999936,15.47136,62.5
13.591773231999468,15.47136,62.156
13.603997832999994,15.47136,62.375
13.6162137299998,15.510528,62.093
13.62842105099935,15.510528,62.343
13.640636274999451,15.549695999999999,62.625
13.6528595639993,15.549695999999999,62.5
13.666997435999292,15.549695999999999,62.25
13.679431706999821,15.549695999999999,62.406
13.691699348999464,15.588864,62.062
13.703970670999297,15.588864,62.312
13.716220200999487,15.588864,62.218
13.728830892999213,15.588864,62.437
13.74110576699968,15.588864,62.093
13.753316192000057,15.628032,62.406
13.765575353999338,15.628032,62.156
13.777876244999788,15.510528,62.218
13.790124334999746,15.510528,62.562
13.802765811999961,15.432191999999999,62.093
13.815036749999308,15.353856,62.0
13.829204701999515,15.353856,62.0
13.843414862999452,15.393023999999999,62.312
13.857721730999401,15.432191999999999,62.093
13.870723441999871,15.432191999999999,62.437
13.883294548999402,15.510528,62.0
13.895942873999957,15.510528,62.343
13.908570878999853,15.549695999999999,62.125
13.92110883299938,15.549695999999999,62.156
13.933602272999451,15.549695999999999,62.312
13.946075008999287,15.549695999999999,62.625
13.958306618999814,15.549695999999999,62.281
13.97052664399962,15.510528,62.5
13.982742027999848,15.47136,62.125
13.995166890999826,15.47136,62.375
14.00739760399938,15.432191999999999,62.187
14.019660702999317,15.432191999999999,62.312
14.031952857999386,15.432191999999999,62.218
14.044253076999667,15.432191999999999,62.437
14.056488653999622,15.432191999999999,62.218
14.068744711999898,15.47136,62.437
14.080996033999327,15.47136,62.093
14.093242971999643,15.47136,62.25
14.105537718999585,15.510528,62.562
14.117818097000054,15.510528,62.218
14.130060746999334,15.549695999999999,62.531
14.142282531999626,15.510528,62.437
14.154497148999326,15.510528,62.125
14.16670101299951,15.549695999999999,62.187
14.178915917999802,15.549695999999999,62.468
14.191111973999796,15.549695999999999,62.156
14.203356671999245,15.588864,62.406
14.215562935999515,15.588864,62.0
14.227962070000103,15.628032,62.343
14.240198991999932,15.588864,62.093
14.252458377999574,15.510528,62.468
14.264670274999844,15.47136,62.187
14.276887994999925,15.47136,62.312
14.290593213999273,15.432191999999999,62.375
14.304731436999646,15.432191999999999,62.0
14.31875519299956,15.47136,62.531
14.332366936999279,15.47136,62.156
14.345261572999334,15.510528,62.437
14.35787549699944,15.549695999999999,62.125
14.370447179999246,15.588864,62.031
14.383480251999572,15.588864,62.375
14.396659279999767,15.588864,62.718
14.409144016000027,15.549695999999999,62.312
14.421431210999799,15.549695999999999,62.468
14.433681572999376,15.549695999999999,62.375
14.44606413099973,15.510528,62.093
14.45828975599943,15.47136,62.312
14.470536468999853,15.47136,62.093
14.482803823999348,15.432191999999999,62.343
14.495140203999654,15.432191999999999,62.5
14.507375620999483,15.432191999999999,62.25
14.519601981999585,15.432191999999999,62.531
14.531860600000073,15.47136,62.187
14.544142578999526,15.47136,62.093
14.556451597999512,15.47136,62.343
14.568680102999679,15.47136,62.531
14.58088905599925,15.510528,62.25
14.593128634000095,15.510528,62.375
14.60535982700003,15.549695999999999,62.187
14.61761415699948,15.549695999999999,62.5
14.629899846999251,15.510528,62.781
14.6421987549993,15.549695999999999,62.25
14.654414842999358,15.588864,62.468
14.666632403999756,15.588864,62.343
14.678879021999819,15.588864,62.156
14.692571247999695,15.588864,62.312
14.704615843999818,15.628032,62.062
14.716829692999454,15.628032,62.25
14.728912529999434,15.510528,62.468
14.741004390999478,15.47136,62.281
14.75304370699996,15.47136,62.062
14.765661247000025,15.432191999999999,62.343
14.77842349599996,15.432191999999999,62.062
14.792308014999435,15.432191999999999,62.5
14.805099288999372,15.47136,62.125
14.817535703999965,15.510528,62.406
14.829635180999503,15.549695999999999,62.093
14.841788451999491,15.549695999999999,62.312
14.853902425999877,15.588864,62.343
14.867876387999786,15.588864,62.593
14.879913656000099,15.588864,62.312
14.891902986999412,15.588864,62.531
14.903876476999358,15.588864,62.281
14.915819373999511,15.549695999999999,62.375
14.927760863000003,15.510528,62.093
14.939979799999492,15.510528,62.25
14.952009450999867,15.47136,62.593
14.964026749999903,15.432191999999999,62.25
14.975980047999656,15.432191999999999,62.468
14.987983042999986,15.47136,62.187
15.00012466499993,15.393023999999999,62.343
15.012304144999689,15.393023999999999,62.125
15.02432912399945,15.393023999999999,62.343
15.036323382999399,15.393023999999999,62.562
15.048367850999966,15.432191999999999,62.343
15.06044937599927,15.47136,62.437
15.072429649999322,15.47136,62.375
15.08440986000005,15.510528,62.156
15.096423094999409,15.47136,62.375
15.10839418499927,15.47136,62.562
15.120438076999562,15.510528,62.218
15.132451599999513,15.510528,62.437
15.144436802999735,15.510528,62.031
15.156418452999787,15.510528,62.375
15.168565707999733,15.510528,61.937
15.18056255800002,15.549695999999999,62.156
15.192551856999671,15.549695999999999,62.562
15.204524130999744,15.47136,62.125
15.216459730999304,15.432191999999999,62.375
15.228447909999886,15.432191999999999,62.156
15.242188681999323,15.314688,62.031
15.255701702999431,15.314688,62.187
15.268773271999635,15.353856,62.156
15.282347382999433,15.393023999999999,62.375
15.294828278999375,15.393023999999999,62.062
15.307001422999747,15.47136,62.375
15.319070626999746,15.47136,62.031
15.33117471300011,15.510528,62.218
15.343239757999982,15.510528,62.625
15.355445733999659,15.510528,62.187
15.367493273999571,15.510528,62.468
15.379454059999262,15.510528,62.187
15.39141442899927,15.510528,62.375
15.403571859999829,15.47136,62.218
15.41558423099923,15.432191999999999,62.562
15.42760476300009,15.432191999999999,62.25
15.439601516999574,15.393023999999999,62.468
15.451603167999565,15.393023999999999,62.25
15.463599699000042,15.393023999999999,62.375
15.475685575999705,15.393023999999999,62.187
15.487727707999511,15.432191999999999,62.281
15.499756942999738,15.432191999999999,62.625
15.511747360999834,15.432191999999999,62.25
15.523755700000038,15.47136,62.406
15.53575850299967,15.47136,62.156
15.547750201999406,15.510528,62.375
15.559737419999692,15.510528,62.25
15.57174675099941,15.47136,62.375
15.583747761999803,15.510528,62.531
15.595827557999655,15.510528,62.156
15.607412652999301,15.47136,62.312
15.619441856999401,15.432191999999999,62.031
15.631428338999285,15.47136,62.343
15.643450502999258,15.47136,62.687
15.65543992899984,15.47136,62.156
15.667411178999828,15.47136,62.5
15.679377660999307,15.432191999999999,62.312
15.691334061999441,15.393023999999999,62.156
15.703343168999709,15.353856,62.156
15.716326414999457,15.314688,62.531
15.730056210999464,15.314688,62.437
15.742688726999404,15.353856,62.062
15.756270742999732,15.353856,62.281
15.768638067999746,15.393023999999999,61.937
15.780816843999673,15.432191999999999,62.281
15.792976162999366,15.432191999999999,62.031
15.80502511099985,15.47136,62.156
15.817044073999568,15.47136,62.468
15.829198241000086,15.47136,62.375
15.841247604999808,15.47136,62.156
15.853250696000032,15.47136,62.375
15.86524962599924,15.47136,62.093
15.877241676999802,15.432191999999999,62.25
15.889261727999838,15.432191999999999,62.5
15.901296115999685,15.393023999999999,62.125
15.913281893999738,15.353856,62.437
15.925275384999622,15.353856,62.218
15.937247883000055,15.353856,62.343
15.94920613999966,15.393023999999999,62.718
15.961169997999605,15.393023999999999,62.312
15.973131326999464,15.393023999999999,62.5
15.985079023999788,15.393023999999999,62.25
15.997083298999314,15.432191999999999,62.406
16.009078518000024,15.432191999999999,62.062
16.02109332100008,15.47136,62.312
16.03323977599939,15.510528,62.656
16.045493689999603,15.47136,62.343
16.057470699999612,15.47136,62.593
16.06944358199962,15.510528,62.375
16.081429423999907,15.510528,62.375
16.09336982500008,15.510528,62.25
16.10531396999977,15.510528,62.593
16.117300643999442,15.510528,62.156
16.129629439999917,15.549695999999999,62.406
16.14183381699968,15.549695999999999,62.281
16.15405534599995,15.47136,62.281
16.16610237399982,15.432191999999999,62.187
16.178154777999225,15.432191999999999,62.187
16.19099814799938,15.353856,62.156
16.20509777799998,15.27552,62.375
16.217207400000007,15.314688,62.031
16.230640770999344,15.314688,62.281
16.242899965000106,15.353856,62.218
16.255045907999374,15.393023999999999,62.031
16.26726938899992,15.432191999999999,62.218
16.279488453999875,15.432191999999999,62.468
16.291558777999853,15.432191999999999,62.125
16.305833580999206,15.47136,62.406
16.317802974999722,15.47136,62.281
16.32977467299952,15.47136,62.312
16.341724418000013,15.432191999999999,62.312
16.353720084000088,15.432191999999999,62.5
16.365701351000098,15.393023999999999,62.187
16.377678361000108,15.393023999999999,62.375
16.389713067999764,15.353856,62.156
16.401700093999352,15.353856,62.343
16.413729105999664,15.353856,62.687
16.425694019999355,15.393023999999999,62.25
16.43782927399934,15.393023999999999,62.531
16.449826892999226,15.393023999999999,62.218
16.461818110999957,15.393023999999999,62.343
16.473793680999734,15.432191999999999,62.125
16.485770498999955,15.432191999999999,62.312
16.497776629999862,15.47136,62.656
16.509732838999298,15.47136,62.25
16.521709272999942,15.47136,62.593
16.53369242699955,15.432191999999999,62.156
16.545780704999743,15.47136,62.375
16.557771730999775,15.510528,62.156
16.569722595999337,15.510528,62.312
16.581713206999666,15.510528,62.625
16.59366384799978,15.510528,62.375
16.605635353999787,15.549695999999999,62.406
16.617625131999375,15.549695999999999,62.375
16.629622878999726,15.432191999999999,62.031
16.64162241699978,15.432191999999999,62.25
16.653617764000046,15.393023999999999,62.406
16.66759252599968,15.314688,62.156
16.679971371999272,15.314688,62.093
16.693273986999884,15.353856,62.281
16.706735902999753,15.353856,62.156
16.71999045299981,15.393023999999999,61.968
16.732338961000096,15.432191999999999,62.218
16.744849011000042,15.47136,62.437
16.75699828100005,15.47136,62.187
16.770930034999765,15.47136,62.312
16.783039623999684,15.47136,62.343
16.795343042999775,15.510528,62.062
16.806688259999646,15.432191999999999,62.593
16.8178993599995,15.393023999999999,62.25
16.829869169999256,15.393023999999999,62.5
16.84184425999956,15.353856,62.187
16.85384367000006,15.353856,62.437
16.86583885699929,15.314688,62.25
16.877821882999342,15.314688,62.656
16.889793004999774,15.314688,62.187
16.901773726999636,15.314688,62.531
16.913738544999433,15.353856,62.281
16.925702241999716,15.353856,62.406
16.93766702799985,15.353856,62.187
16.949651013999755,15.393023999999999,62.281
16.961653080999895,15.393023999999999,62.625
16.973655148000034,15.432191999999999,62.312
16.985642910000024,15.432191999999999,62.531
16.997656624999763,15.432191999999999,62.25
17.009632130999307,15.432191999999999,62.375
17.021615540999846,15.47136,62.125
17.033618279999246,15.47136,62.375
17.045734589999483,15.47136,62.531
17.057735407999644,15.47136,62.156
17.069694657999207,15.47136,62.375
17.0816713159993,15.510528,62.125
17.093615844999476,15.510528,62.312
17.10557903099925,15.432191999999999,62.062
17.117543943999408,15.393023999999999,62.343
17.129544602999886,15.393023999999999,62.125
17.143131801999516,15.314688,62.312
17.156455249999453,15.314688,62.25
17.169944078999833,15.353856,61.968
17.183254054999452,15.353856,62.187
17.196626879999712,15.393023999999999,62.531
17.208753846000036,15.432191999999999,62.406
17.221030416999383,15.47136,62.062
17.233312522999768,15.47136,62.343
17.245538531999955,15.47136,62.187
17.25903062499947,15.510528,62.343
17.271201432999987,15.510528,62.687
17.283318254999358,15.510528,62.562
17.29553987899999,15.47136,62.218
17.307579002999773,15.432191999999999,62.375
17.31956577299934,15.432191999999999,62.156
17.331579392000094,15.393023999999999,62.343
17.34356401900004,15.393023999999999,62.125
17.355557860999397,15.393023999999999,62.312
17.367544598999302,15.393023999999999,62.531
17.37950167300005,15.393023999999999,62.187
17.391452154000035,15.393023999999999,62.437
17.40343613999994,15.393023999999999,62.187
17.41589018800005,15.353856,62.187
17.427932958999918,15.353856,62.656
17.439934897999592,15.393023999999999,62.25
17.451935940999647,15.432191999999999,62.437
17.463923894999425,15.432191999999999,62.156
17.47596989899921,15.393023999999999,62.468
17.48795535699992,15.393023999999999,62.156
17.50015726899983,15.432191999999999,62.625
17.512266443000044,15.47136,62.25
17.524332095999853,15.47136,62.375
17.53639509200002,15.47136,62.156
17.548423143000036,15.47136,62.25
17.56041634599933,15.510528,62.062
17.572392075999232,15.510528,62.312
17.584383357999286,15.393023999999999,62.531
17.596417234,15.393023999999999,62.156
17.608413827999357,15.393023999999999,62.375
17.621653178000088,15.314688,62.375
17.6350262269998,15.314688,62.031
17.64822538399949,15.353856,62.187
17.661921321999216,15.353856,62.187
17.674535086000105,15.393023999999999,62.375
17.686557344999528,15.432191999999999,62.093
17.698595892999947,15.47136,62.375
17.710739083999215,15.47136,62.125
17.724103492999348,15.47136,62.218
17.73623023499931,15.47136,62.656
17.7483476970001,15.510528,62.656
17.7611090169994,15.510528,62.25
17.77319671799978,15.47136,62.406
17.785205280999435,15.432191999999999,62.218
17.797236372999578,15.432191999999999,62.343
17.809255271999973,15.393023999999999,62.125
17.82129877999978,15.393023999999999,62.343
17.833267084999534,15.393023999999999,62.593
17.8453689629996,15.393023999999999,62.187
17.857306899999458,15.432191999999999,62.406
17.869281765999403,15.432191999999999,62.218
17.881254743999307,15.432191999999999,62.375
17.89330503599922,15.432191999999999,62.687
17.905295453999315,15.47136,62.281
17.917253198999788,15.510528,62.562
17.929238273999545,15.510528,62.281
17.94140108099964,15.510528,62.468
17.953376650999417,15.47136,62.218
17.965315355999337,15.510528,62.625
17.977286284999536,15.549695999999999,62.156
17.989261406999503,15.510528,62.375
18.001264593999622,15.510528,62.062
18.013138368999535,15.47136,62.312
18.02486945199962,15.47136,62.062
18.036853725999208,15.510528,62.25
18.048843440999917,15.510528,62.562
18.06100435999997,15.432191999999999,62.25
18.073095580999507,15.393023999999999,62.406
18.085177681999994,15.393023999999999,61.968
18.098964694999268,15.314688,62.343
18.110874918999798,15.353856,62.25
18.12424140799976,15.353856,62.437
18.137855295999543,15.393023999999999,62.187
18.150155611999253,15.393023999999999,62.375
18.162273586000083,15.432191999999999,62.375
18.174379270999452,15.47136,62.062
18.18648297299933,15.47136,62.312
18.199892470999657,15.47136,62.562
18.212008685,15.47136,62.25
18.224132514999837,15.47136,62.468
18.23617663099958,15.47136,62.25
18.24818417000006,15.47136,62.375
18.260187387999395,15.432191999999999,62.125
18.272172526999384,15.393023999999999,62.312
18.2843086769999,15.353856,62.656
18.296395961999224,15.353856,62.5
18.30839562899928,15.353856,62.218
18.320401822999884,15.393023999999999,62.375
18.332382609999513,15.393023999999999,62.125
18.344466566999472,15.393023999999999,62.312
18.35643839199929,15.393023999999999,62.656
18.368698769999355,15.432191999999999,62.25
18.380746437999733,15.432191999999999,62.593
18.39272111199989,15.47136,62.218
18.404700969999794,15.510528,62.375
18.41669516499951,15.510528,62.156
18.428646349999326,15.47136,62.343
18.44059039900003,15.510528,62.593
18.452586161,15.510528,62.187
18.464574627999355,15.510528,62.437
18.47654933299964,15.549695999999999,62.093
18.48851725499935,15.549695999999999,62.281
18.500557466999453,15.549695999999999,62.062
18.51254151699959,15.549695999999999,62.281
18.524542815999666,15.510528,62.593
18.53651294499923,15.47136,62.218
18.54849875599939,15.432191999999999,62.343
18.560459828999228,15.393023999999999,62.375
18.57409672599988,15.393023999999999,61.968
18.58741818999988,15.393023999999999,62.593
18.60114750499997,15.432191999999999,62.031
18.614209185999243,15.353856,62.343
18.626419769999302,15.393023999999999,62.031
18.63847130999966,15.432191999999999,62.281
18.650554019000083,15.432191999999999,62.031
18.66260879099991,15.47136,62.718
18.677375031999873,15.47136,62.25
18.68959032099974,15.47136,62.531
18.70160608399965,15.47136,62.25
18.71360622999964,15.47136,62.375
18.725628457999846,15.432191999999999,62.125
18.73765119699965,15.393023999999999,62.312
18.749667503999262,15.393023999999999,62.593
18.761691650999637,15.353856,62.406
18.77366168499975,15.353856,62.218
18.78739759199925,15.393023999999999,62.437
18.799499885999467,15.393023999999999,62.218
18.811512256999777,15.393023999999999,62.343
18.82352862799962,15.432191999999999,62.75
18.835524901999634,15.432191999999999,62.25
18.847535864999372,15.432191999999999,62.5
18.859515466999255,15.47136,62.312
18.871495868999773,15.47136,62.375
18.88344583899925,15.510528,62.375
18.89560096599962,15.47136,62.718
18.90766060199985,15.47136,62.281
18.919863729999634,15.510528,62.406
18.93187734899948,15.510528,62.156
18.94390415199996,15.510528,62.312
18.95594682799947,15.549695999999999,62.187
18.967919389999224,15.510528,62.25
18.979898095999488,15.549695999999999,62.593
18.99188067399973,15.549695999999999,62.156
19.003827730999546,15.47136,62.375
19.01584858299975,15.432191999999999,62.218
19.02787826599979,15.432191999999999,62.218
19.041434871999627,15.314688,62.187
19.05472215899954,15.353856,62.531
19.068071943999712,15.353856,62.468
19.08145628999955,15.393023999999999,62.093
19.09478754599968,15.393023999999999,62.375
19.106861870999637,15.432191999999999,62.031
19.118976259999727,15.47136,62.218
19.131018711999786,15.510528,62.031
19.14307431599991,15.47136,62.531
19.156538151999484,15.510528,62.25
19.168531514999813,15.510528,62.375
19.18053476499972,15.510528,62.187
19.192757701999653,15.47136,62.343
19.20483637899997,15.432191999999999,62.0
19.21691713599921,15.353856,62.25
19.228934626999944,15.353856,62.437
19.240965141999368,15.314688,62.187
19.252977960999488,15.314688,62.375
19.264975931999288,15.314688,62.125
19.27700091099996,15.353856,62.343
19.289026913999805,15.353856,62.625
19.300996371999645,15.353856,62.343
19.313034727999366,15.353856,62.5
19.32501874599984,15.393023999999999,62.406
19.336996172,15.432191999999999,62.375
19.34899084599965,15.432191999999999,62.312
19.36097377599981,15.47136,62.062
19.372939937999945,15.432191999999999,62.375
19.384946196999408,15.432191999999999,62.468
19.3969576720001,15.47136,62.125
19.408937178000087,15.47136,62.375
19.42089053899963,15.47136,62.125
19.432841787999678,15.510528,62.25
19.444926672999827,15.510528,62.5
19.45690304299933,15.510528,62.125
19.46912527599943,15.510528,62.437
19.481105133999336,15.432191999999999,62.125
19.493220387999827,15.393023999999999,62.281
19.505191028999434,15.393023999999999,62.156
19.519278722999843,15.27552,62.625
19.532424437999907,15.314688,62.156
19.545909585999652,15.314688,62.062
19.558927937999215,15.353856,62.281
19.572198584000034,15.393023999999999,62.062
19.584304236999742,15.432191999999999,62.281
19.596435683999516,15.432191999999999,62.062
19.608565337999607,15.47136,62.187
19.620629197999733,15.47136,62.25
19.633451063999928,15.47136,62.406
19.645575533999363,15.510528,62.093
19.657584480999503,15.510528,62.406
19.669557618999534,15.47136,62.093
19.681572261999463,15.432191999999999,62.218
19.693606328999522,15.432191999999999,62.468
19.705611116,15.432191999999999,62.218
19.717607134999525,15.353856,62.375
19.729618960999687,15.393023999999999,62.156
19.741665316999388,15.393023999999999,62.25
19.753748537999854,15.393023999999999,62.75
19.765743468999972,15.432191999999999,62.187
19.777757951999774,15.432191999999999,62.562
19.78977777899945,15.432191999999999,62.218
19.80184925499998,15.47136,62.125
19.814259269000104,15.393023999999999,62.093
19.825542275999396,15.432191999999999,62.281
19.837554166999325,15.432191999999999,62.187
19.849648651999814,15.432191999999999,62.531
19.86163471799955,15.432191999999999,62.156
19.873646960999395,15.432191999999999,62.312
19.88564550799947,15.47136,62.156
19.897662998999294,15.47136,62.218
19.90967239299971,15.47136,62.656
19.921668635999595,15.510528,62.156
19.933630220999476,15.510528,62.375
19.945711873999244,15.510528,62.093
19.95768763599972,15.432191999999999,62.312
19.969670469999983,15.393023999999999,62.062
19.981658807999338,15.393023999999999,62.093
19.995005904999744,15.314688,62.156
20.0083247449993,15.314688,62.406
20.021698849999666,15.353856,62.25
20.034876533999523,15.353856,62.062
20.04828875199928,15.393023999999999,62.187
20.06052983399968,15.432191999999999,61.968
20.072630878999917,15.47136,62.218
20.084657522999805,15.47136,62.437
20.09678247299962,15.47136,62.437
20.11095167199983,15.510528,62.187
20.122943178999776,15.510528,62.343
20.134930524999618,15.510528,62.187
20.147013265999703,15.47136,62.25
20.15898381199986,15.432191999999999,62.5
20.170970709999892,15.432191999999999,62.187
20.182929798999794,15.393023999999999,62.468
20.195035260999248,15.393023999999999,62.093
20.20698151799934,15.393023999999999,62.343
20.218941246999748,15.393023999999999,62.75
20.23085675099992,15.432191999999999,62.25
20.242804223999883,15.432191999999999,62.531
20.254763889999595,15.432191999999999,62.218
20.26670205099981,15.432191999999999,62.375
20.2786302909999,15.47136,62.125
20.290716487999816,15.47136,62.343
20.30266239299999,15.510528,62.687
20.314592777999678,15.510528,62.625
20.326544666999325,15.47136,62.218
20.338630991999707,15.510528,62.406
20.35062611400008,15.510528,62.031
20.362621012999625,15.510528,62.375
20.37454685299963,15.549695999999999,62.562
20.386472021999907,15.549695999999999,62.156
20.398477832000026,15.549695999999999,62.406
20.410505595999894,15.510528,61.968
20.421861467999406,15.47136,62.343
20.433845133999966,15.393023999999999,61.937
20.445967363999443,15.353856,62.25
20.457973302999562,15.353856,62.468
20.471241997000106,15.27552,62.406
20.484625414999755,15.27552,62.062
20.498135331999947,15.314688,62.281
20.511700546999236,15.314688,62.125
20.52489992699975,15.353856,61.968
20.537036972999886,15.393023999999999,62.156
20.54919200399945,15.432191999999999,62.468
20.561208823000015,15.432191999999999,62.156
20.573446288000014,15.432191999999999,62.156
20.5867015419999,15.47136,62.375
20.598692664999362,15.47136,62.093
20.610635273999833,15.47136,62.312
20.622580922999987,15.47136,62.531
20.63451517899921,15.432191999999999,62.187
20.646475580999322,15.393023999999999,62.375
20.658443661999627,15.393023999999999,62.218
20.670381182999336,15.353856,62.312
20.68232500799968,15.353856,62.625
20.69432294699982,15.353856,62.25
20.70628753999972,15.393023999999999,62.562
20.71824106099939,15.393023999999999,62.218
20.730189301999417,15.393023999999999,62.468
20.74214880799991,15.393023999999999,62.187
20.754105176999474,15.432191999999999,62.312
20.766071434999503,15.432191999999999,62.625
20.7780687329996,15.47136,62.281
20.790057038999294,15.510528,62.437
20.802043105999473,15.432191999999999,62.25
20.814004210999883,15.47136,62.375
20.826027301999602,15.510528,62.062
20.838472612999794,15.510528,62.625
20.850745887999437,15.510528,62.187
20.862816243999987,15.510528,62.437
20.874862119999307,15.549695999999999,62.125
20.886861081999996,15.549695999999999,62.375
20.89893969500008,15.549695999999999,62.156
20.911095589999604,15.47136,62.312
20.923148569999285,15.432191999999999,62.593
20.93515492499955,15.432191999999999,62.093
20.948604071999398,15.393023999999999,62.062
20.961877982999795,15.393023999999999,62.25
20.97526373599976,15.393023999999999,62.031
20.98869889999969,15.432191999999999,61.968
21.000911243999326,15.432191999999999,62.125
21.01313053299964,15.510528,62.437
21.02522005799983,15.510528,62.187
21.03737950499999,15.510528,62.406
21.049422532999415,15.510528,62.093
21.06107454099947,15.549695999999999,62.312
21.073071391999292,15.549695999999999,62.593
21.085028688999955,15.549695999999999,62.343
21.097041252000054,15.510528,62.593
21.10903509399941,15.47136,62.187
21.121107723000023,15.47136,62.375
21.13309996499993,15.432191999999999,62.156
21.14523777999966,15.432191999999999,62.281
21.15725946299972,15.432191999999999,62.656
21.169241177000004,15.47136,62.312
21.181523474999267,15.47136,62.218
21.19385956699989,15.47136,62.437
21.206167978999474,15.47136,62.218
21.218377858999702,15.47136,62.375
21.23069990299973,15.510528,62.656
21.24293051999939,15.549695999999999,62.343
21.25516340899958,15.549695999999999,62.562
21.267371496999658,15.549695999999999,62.187
21.279686629000025,15.510528,62.531
21.29195455899935,15.549695999999999,62.281
21.30422101699969,15.588864,62.687
21.315765085999374,15.588864,62.093
21.32815750000009,15.588864,62.5
21.340410582000004,15.588864,62.093
21.352628077999725,15.628032,62.281
21.364854982999532,15.628032,62.031
21.377132417999746,15.510528,62.281
21.389348314000017,15.510528,62.593
21.401679669999794,15.47136,62.343
21.415992361999997,15.393023999999999,62.062
21.4289164060001,15.393023999999999,62.343
21.442077545999382,15.432191999999999,62.25
21.45529142199939,15.432191999999999,61.906
21.467955139999503,15.47136,62.156
21.480101977999766,15.510528,62.406
21.49215025400008,15.510528,62.125
21.50436147899927,15.549695999999999,62.343
21.516419866999968,15.549695999999999,62.343
21.53011250899999,15.549695999999999,62.093
21.542107663000024,15.588864,62.343
21.554116865999276,15.549695999999999,62.562
21.566099571999985,15.549695999999999,62.187
21.5780937669997,15.510528,62.375
21.590042903999347,15.510528,62.062
21.602023945999463,15.47136,62.375
21.614010364000023,15.432191999999999,62.093
21.625983502000054,15.432191999999999,62.25
21.63821773499967,15.47136,62.593
21.650339196999994,15.47136,62.281
21.662306446000002,15.47136,62.375
21.67426579199946,15.47136,62.375
21.68622830499953,15.47136,62.156
21.698233955999967,15.510528,62.281
21.710250326999812,15.549695999999999,62.5
21.722206471999925,15.549695999999999,62.218
21.734192154000084,15.588864,62.5
21.746195340999293,15.510528,62.187
21.758170366999366,15.549695999999999,62.375
21.77018542499991,15.549695999999999,62.593
21.78216902799977,15.549695999999999,62.25
21.794331610999507,15.588864,62.406
21.8063324929999,15.588864,62.156
21.818345727999258,15.588864,62.375
21.830341169999883,15.628032,62.125
21.84243434399923,15.588864,62.375
21.854796996000005,15.510528,62.593
21.86706764599967,15.47136,62.093
21.879100849999304,15.47136,62.156
21.892385608999575,15.432191999999999,62.281
21.905615645999205,15.432191999999999,62.156
21.918736239999816,15.47136,61.906
21.93214218599951,15.47136,62.125
21.94442090099983,15.510528,62.468
21.956482616999892,15.549695999999999,62.125
21.968579374,15.549695999999999,62.343
21.980779749999783,15.549695999999999,62.125
21.992968382000072,15.549695999999999,62.281
22.004999504999432,15.549695999999999,62.718
22.017014691999975,15.549695999999999,62.593
22.02910424899983,15.549695999999999,62.218
22.041087818999586,15.510528,62.375
22.053045820999614,15.47136,62.062
22.065053167999395,15.47136,62.343
22.077164996999272,15.432191999999999,62.062
22.089104213999235,15.432191999999999,62.187
22.101056454999707,15.432191999999999,62.5
22.11304588099938,15.47136,62.156
22.125007850999282,15.47136,62.437
22.137008540999886,15.47136,62.093
22.1491162429993,15.47136,62.312
22.16106003599998,15.47136,62.687
22.1730941349997,15.510528,62.343
22.185094665999713,15.549695999999999,62.531
22.19708121199983,15.549695999999999,62.156
22.20907930999965,15.549695999999999,62.437
22.221045247999427,15.510528,62.187
22.23300686499988,15.549695999999999,62.25
22.24510589500005,15.588864,62.5
22.257073975999447,15.588864,62.187
22.269066122999902,15.588864,62.406
22.281047292999574,15.588864,62.281
22.293058798999482,15.588864,62.218
22.3050232329997,15.628032,62.156
22.31700161899971,15.549695999999999,62.562
22.328944803999548,15.510528,62.218
22.341060920999553,15.47136,62.375
22.353091725000013,15.432191999999999,62.156
22.36665335499947,15.393023999999999,62.25
22.37994518599953,15.432191999999999,62.156
22.393249688999276,15.47136,62.593
22.406498126999395,15.47136,62.125
22.4185847079998,15.510528,62.437
22.430642712000008,15.549695999999999,62.031
22.442638826999428,15.549695999999999,62.343
22.454780992999986,15.549695999999999,62.218
22.46969328599971,15.549695999999999,62.656
22.481682039999214,15.549695999999999,62.25
22.493675625999458,15.549695999999999,62.5
22.505856481999217,15.549695999999999,62.406
22.51787397299995,15.510528,62.125
22.529888711999774,15.47136,62.312
22.541887481999765,15.47136,62.125
22.55389649299923,15.432191999999999,62.312
22.565894942999876,15.432191999999999,62.5
22.57790398599991,15.432191999999999,62.156
22.589892387999498,15.47136,62.375
22.6018903589993,15.47136,62.125
22.613897896999333,15.47136,62.343
22.62589279599979,15.47136,62.687
22.63786916599929,15.47136,62.218
22.649896096999328,15.510528,62.5
22.66185867399963,15.549695999999999,62.156
22.67382806799924,15.549695999999999,62.375
22.685867798999425,15.510528,62.218
22.697900426999695,15.549695999999999,62.281
22.70986764400004,15.549695999999999,62.531
22.72183681399929,15.549695999999999,62.281
22.733851201000107,15.549695999999999,62.375
22.745905236999533,15.588864,62.187
22.757873094999923,15.588864,62.281
22.76983227999972,15.588864,62.281
22.781920236999213,15.588864,62.687
22.793979008999486,15.510528,62.156
22.805977555000027,15.47136,62.375
22.817968837999615,15.47136,62.0
22.83061632999943,15.393023999999999,62.281
22.84405814999991,15.432191999999999,62.156
22.85744905499996,15.432191999999999,62.5
22.870796343999245,15.47136,62.093
22.883079954000095,15.510528,62.437
22.89531917899967,15.549695999999999,62.125
22.907541443999435,15.549695999999999,62.25
22.919585560000087,15.588864,62.218
22.931653771999663,15.549695999999999,62.625
22.943725920999896,15.549695999999999,62.187
22.955791925000085,15.588864,62.531
22.967794696000055,15.549695999999999,62.187
22.979757561000042,15.549695999999999,62.406
22.99174948399923,15.510528,62.187
23.003916674999346,15.47136,62.312
23.01606287300001,15.432191999999999,62.656
23.028065003999473,15.432191999999999,62.218
23.040012380999542,15.432191999999999,62.437
23.051994446999743,15.432191999999999,62.187
23.064011841999672,15.47136,62.375
23.075957938999636,15.47136,62.125
23.087976613999672,15.47136,62.312
23.09999122499994,15.47136,62.687
23.11202737199983,15.510528,62.312
23.124199875999693,15.510528,62.468
23.13619352599926,15.549695999999999,62.218
23.148209608999423,15.549695999999999,62.375
23.160211130999414,15.510528,62.375
23.172202701999595,15.549695999999999,62.531
23.184180510999795,15.549695999999999,62.187
23.196238579999772,15.549695999999999,62.406
23.208212868999908,15.588864,62.125
23.220225847999245,15.588864,62.312
23.23218317699957,15.588864,62.0
23.24423823699999,15.628032,62.218
23.256220782999662,15.549695999999999,62.562
23.268217154000013,15.510528,62.093
23.280223667999962,15.47136,62.375
23.292203781999888,15.432191999999999,62.156
23.305527005999465,15.432191999999999,61.968
23.31936537999991,15.432191999999999,62.093
23.33126414799972,15.47136,62.437
23.344754000999274,15.47136,62.375
23.36107330899995,15.549695999999999,62.375
23.373369815999467,15.549695999999999,61.968
23.385515373999624,15.588864,62.187
23.397747463000087,15.588864,62.125
23.410999068999445,15.588864,62.218
23.423007343999416,15.588864,62.5
23.435164102999806,15.588864,62.25
23.44721157799995,15.549695999999999,62.406
23.459156074999555,15.510528,62.093
23.471122620999267,15.510528,62.281
23.48307895800008,15.510528,62.593
23.495020415,15.432191999999999,62.468
23.506993135999437,15.47136,62.218
23.518969889999426,15.47136,62.437
23.530939379999836,15.47136,62.093
23.542909093999697,15.47136,62.312
23.55495077699925,15.47136,62.656
23.56694337099998,15.47136,62.281
23.57890236499952,15.510528,62.468
23.590870125999572,15.549695999999999,62.218
23.602841535999687,15.549695999999999,62.375
23.614836817999276,15.588864,62.187
23.626808355999856,15.510528,62.375
23.638752500999544,15.549695999999999,62.625
23.65073101500002,15.549695999999999,62.25
23.662691095999435,15.588864,62.375
23.674845742999423,15.588864,62.093
23.686906562999866,15.588864,62.375
23.698899092999454,15.588864,62.031
23.710879494999972,15.628032,62.218
23.72284616899924,15.588864,62.593
23.734766824999497,15.510528,62.125
23.746721081999567,15.47136,62.375
23.75868791599987,15.47136,62.343
23.7724219669999,15.432191999999999,62.031
23.785633827999845,15.432191999999999,62.531
23.798767605999274,15.432191999999999,62.093
23.81224657799976,15.47136,62.375
23.82441802499943,15.47136,62.062
23.836465084999872,15.510528,62.187
23.848638772999948,15.549695999999999,62.062
23.86076410699934,15.549695999999999,62.25
23.872994147999634,15.549695999999999,62.531
23.885288573999787,15.549695999999999,62.531
23.89728884899978,15.549695999999999,62.156
23.909269443000085,15.549695999999999,62.437
23.921553532999496,15.510528,62.093
23.93362459399941,15.47136,62.281
23.945774471999357,15.47136,62.593
23.95780489199933,15.432191999999999,62.156
23.969792141999278,15.432191999999999,62.437
23.981751550999434,15.432191999999999,62.156
23.993742512999233,15.432191999999999,62.375
24.00571622699954,15.47136,62.093
24.01769125299961,15.47136,62.312
24.029670150999664,15.47136,62.562
24.041677848999825,15.47136,62.312
24.05365524299941,15.510528,62.5
24.065664221999214,15.549695999999999,62.156
24.07764279999992,15.549695999999999,62.406
24.089616577000015,15.549695999999999,62.187
24.101601330999983,15.510528,62.281
24.113580164999803,15.549695999999999,62.593
24.125566326999433,15.588864,62.437
24.13766932499948,15.549695999999999,62.031
24.1496890239996,15.588864,62.343
24.161680113999864,15.588864,62.0
24.173659428000065,15.588864,62.218
24.1858447959994,15.628032,62.5
24.197903823999695,15.549695999999999,62.187
24.209892769999897,15.510528,62.437
24.221912212999996,15.47136,62.031
24.234093579999353,15.432191999999999,62.281
24.24756051999975,15.432191999999999,62.25
24.261076004999268,15.432191999999999,62.437
24.274413596999693,15.47136,62.375
24.287952699000016,15.47136,62.062
24.300083920999896,15.510528,62.312
24.31220423099967,15.549695999999999,62.0
24.324219193999852,15.549695999999999,62.218
24.336342767999668,15.549695999999999,62.25
24.351114641000095,15.549695999999999,62.5
24.363083521999215,15.588864,62.218
24.375094037000054,15.549695999999999,62.468
24.387067814999682,15.549695999999999,62.125
24.399028983999415,15.510528,62.281
24.41104148299928,15.47136,62.5
24.423030108999228,15.47136,62.312
24.434958764999465,15.432191999999999,62.468
24.446968639999795,15.432191999999999,62.125
24.45897656299985,15.432191999999999,62.312
24.470961860999523,15.432191999999999,62.156
24.482960854999874,15.432191999999999,62.375
24.49498231399957,15.47136,62.625
24.506968123999286,15.47136,62.25
24.5189576140001,15.47136,62.406
24.530931487999624,15.510528,62.156
24.542903697999463,15.510528,62.375
24.55492810099986,15.549695999999999,62.093
24.56691218299966,15.510528,62.312
24.578868871999475,15.510528,62.593
24.590818296999714,15.549695999999999,62.468
24.60282346799977,15.549695999999999,62.093
24.614948353999353,15.549695999999999,62.343
24.62692312299987,15.549695999999999,62.093
24.63888598899939,15.549695999999999,62.187
24.650873334999233,15.588864,62.5
24.66286055299952,15.588864,62.218
24.674874459999955,15.510528,62.375
24.686883725999905,15.47136,62.125
24.698902016999455,15.47136,62.156
24.71303300799991,15.393023999999999,62.218
24.726528683999277,15.393023999999999,62.406
24.739772481999353,15.432191999999999,62.343
24.753209436999896,15.432191999999999,62.031
24.76565909999954,15.47136,62.281
24.777733519999856,15.510528,61.968
24.78975933199945,15.510528,62.25
24.802095231999374,15.510528,62.625
24.81462208099947,15.510528,62.218
24.8266974929993,15.510528,62.531
24.838634662000004,15.510528,62.187
24.8507420119995,15.510528,62.437
24.862695852999423,15.47136,62.281
24.874648797999726,15.47136,62.562
24.886594638999668,15.432191999999999,62.281
24.89853692699944,15.393023999999999,62.437
24.910493008999765,15.393023999999999,62.25
24.922419264999917,15.393023999999999,62.375
24.934806141999616,15.432191999999999,62.156
24.94694334899941,15.432191999999999,62.375
24.95896829599951,15.432191999999999,62.562
24.970975769999313,15.432191999999999,62.25
24.982979276999686,15.432191999999999,62.468
24.995046880999325,15.47136,62.187
25.007005362999735,15.510528,62.406
25.019274540999504,15.510528,62.187
25.031253245999324,15.510528,62.375
25.04319985499933,15.510528,62.562
25.055124991999946,15.510528,62.125
25.067121682000106,15.549695999999999,62.375
25.079038721999495,15.549695999999999,62.0
25.090961041999435,15.549695999999999,62.281
25.10293197200008,15.549695999999999,62.0
25.114885652999874,15.588864,62.406
25.12688269499995,15.588864,62.468
25.138845432999915,15.549695999999999,62.437
25.15082461899965,15.47136,62.156
25.16276319499957,15.47136,62.218
25.174756301999878,15.432191999999999,62.093
25.188266090999605,15.393023999999999,62.093
25.20165341199936,15.432191999999999,62.125
25.21515481699953,15.432191999999999,62.312
25.22713233899958,15.47136,62.0
25.239378571999623,15.510528,62.25
25.251539298999887,15.549695999999999,62.031
25.263640151999425,15.549695999999999,62.312
25.275771341999643,15.549695999999999,62.5
25.287955621999572,15.549695999999999,62.187
25.29997708099927,15.549695999999999,62.375
25.311972010999853,15.588864,62.375
25.323963965000075,15.549695999999999,62.375
25.33592119900004,15.510528,62.218
25.347947553999802,15.47136,62.5
25.359925715999452,15.47136,62.218
25.371914053999717,15.432191999999999,62.375
25.383882934999747,15.432191999999999,62.125
25.395939690999512,15.432191999999999,62.25
25.407889819999582,15.432191999999999,62.125
25.419845516999885,15.47136,62.281
25.431806943000083,15.47136,62.593
25.443791472999692,15.47136,62.187
25.455786851000084,15.47136,62.375
25.467982362999464,15.510528,62.156
25.479980876999434,15.510528,62.312
25.49195436699938,15.549695999999999,62.031
25.50396948999969,15.510528,62.281
25.51597718799985,15.510528,62.5
25.527976342999864,15.549695999999999,62.125
25.53993207199983,15.549695999999999,62.375
25.551920410000093,15.549695999999999,62.062
25.563896555999236,15.549695999999999,62.312
25.575903965999714,15.549695999999999,62.562
25.587875215999702,15.588864,62.437
25.59982076899996,15.588864,62.375
25.611781906000033,15.510528,62.343
25.623771747999854,15.47136,62.156
25.63574021399927,15.432191999999999,62.125
25.648794149999958,15.353856,61.968
25.662489319999622,15.353856,62.437
25.675952931999745,15.393023999999999,62.093
25.688155739999274,15.432191999999999,62.312
25.70168242499949,15.432191999999999,61.968
25.71381969599952,15.47136,62.218
25.725942500999736,15.510528,62.25
25.738159101999372,15.510528,62.437
25.7504084709999,15.510528,62.156
25.76407106499937,15.549695999999999,62.406
25.776188973999524,15.549695999999999,62.218
25.78818252899964,15.549695999999999,62.343
25.80024168499949,15.549695999999999,62.062
25.812312136999935,15.510528,62.187
25.824392733999957,15.47136,62.468
25.836462193999978,15.47136,62.406
25.84862288899967,15.393023999999999,62.093
25.860687356999733,15.432191999999999,62.312
25.872775697999714,15.432191999999999,62.031
25.884842278999713,15.432191999999999,62.218
25.896902458999648,15.432191999999999,62.531
25.908967054999266,15.47136,62.218
25.92107328399925,15.47136,62.5
25.933080086999325,15.47136,62.156
25.945138731000043,15.510528,62.406
25.956719120999878,15.549695999999999,62.093
25.968783333999454,15.549695999999999,62.375
25.980830264999895,15.510528,62.656
25.99282669999957,15.549695999999999,62.218
26.004851966999922,15.549695999999999,62.343
26.01683508899987,15.549695999999999,62.156
26.028869699999632,15.588864,62.218
26.040853493999748,15.588864,62.687
26.05286064899974,15.588864,62.156
26.064849402999243,15.628032,62.156
26.076981584999885,15.588864,62.375
26.08898499499992,15.510528,62.156
26.101079799999752,15.47136,62.25
26.1130483299994,15.47136,62.0
26.126381761999255,15.393023999999999,62.062
26.138528600999962,15.432191999999999,62.375
26.150699791999614,15.47136,62.281
26.164254157999494,15.47136,61.906
26.17660445799993,15.510528,62.312
26.188931461999346,15.549695999999999,62.062
26.201317058999848,15.549695999999999,62.187
26.213662110999394,15.549695999999999,62.5
26.22575265999967,15.549695999999999,62.125
26.237837224999566,15.588864,62.375
26.249875996999435,15.588864,62.25
26.261894575000042,15.588864,62.281
26.273896289999357,15.549695999999999,62.25
26.285907253000005,15.510528,62.531
26.29793731999962,15.510528,62.218
26.309940793999885,15.432191999999999,62.468
26.321966860999964,15.432191999999999,62.093
26.33396652800002,15.432191999999999,62.312
26.34606085299947,15.432191999999999,62.031
26.35810679199949,15.47136,62.218
26.370085017999372,15.47136,62.5
26.382086508999237,15.432191999999999,62.218
26.394097151000096,15.47136,62.375
26.4060970419996,15.510528,62.187
26.418107139999847,15.510528,62.343
26.43007666199992,15.549695999999999,62.687
26.442077575999974,15.549695999999999,62.25
26.454083515000093,15.510528,62.5
26.4660680449997,15.549695999999999,62.125
26.47809043199959,15.549695999999999,62.312
26.490113170999393,15.549695999999999,62.125
26.5021095409993,15.588864,62.25
26.51409733499986,15.549695999999999,62.531
26.526107306000085,15.588864,62.375
26.538071610999395,15.588864,62.187
26.55010241399941,15.549695999999999,62.343
26.56209107199993,15.510528,62.062
26.57407764999971,15.47136,62.187
26.586139078999622,15.432191999999999,62.562
26.599613890999535,15.393023999999999,62.406
26.61294895499941,15.432191999999999,62.093
26.62552767699981,15.432191999999999,62.25
26.63891759099988,15.47136,61.968
26.65102941999976,15.510528,62.187
26.663090047999503,15.510528,62.437
26.675123347999943,15.549695999999999,62.187
26.68716810299975,15.549695999999999,62.062
26.701616350999757,15.549695999999999,62.375
26.713625392999347,15.588864,62.093
26.72567110899945,15.588864,62.343
26.73765291899963,15.549695999999999,62.625
26.74970474699967,15.510528,62.218
26.761675675999868,15.510528,62.437
26.773676750999584,15.510528,62.187
26.785648000000037,15.432191999999999,62.375
26.79768344399963,15.432191999999999,62.093
26.809658565000063,15.432191999999999,62.281
26.821618038999986,15.47136,62.593
26.833618345000104,15.47136,62.468
26.84579350399963,15.47136,62.187
26.857755345999976,15.47136,62.406
26.86976534799942,15.510528,62.062
26.881751829999303,15.510528,62.25
26.893741095999758,15.549695999999999,62.687
26.90572754599998,15.549695999999999,62.25
26.91777978999926,15.510528,62.562
26.929755839999416,15.510528,62.218
26.941727409999658,15.549695999999999,62.343
26.953698818999328,15.549695999999999,62.187
26.965712469999744,15.549695999999999,62.218
26.977741865000098,15.588864,62.593
26.989992162999442,15.588864,62.187
27.00206613499995,15.628032,62.343
27.014130378999653,15.588864,62.187
27.02612246099943,15.510528,62.281
27.038099310999314,15.47136,62.218
27.050106433999645,15.47136,62.468
27.06205016199965,15.393023999999999,62.125
27.07426231499994,15.432191999999999,62.375
27.087433917999988,15.432191999999999,62.093
27.100696468000024,15.47136,62.25
27.113026607999927,15.510528,62.25
27.125378155999897,15.510528,62.437
27.13747475299988,15.549695999999999,62.218
27.149552661999223,15.549695999999999,62.375
27.16164369099988,15.549695999999999,62.125
27.175521297999694,15.588864,62.375
27.18750490000002,15.588864,62.125
27.199603064999792,15.588864,62.375
27.21156551399963,15.549695999999999,62.593
27.223535995999555,15.510528,62.375
27.235508750000008,15.510528,62.218
27.247554016999857,15.47136,62.468
27.25955528399936,15.432191999999999,62.156
27.27153706199988,15.432191999999999,62.281
27.28352671199991,15.47136,62.656
27.295562506999886,15.47136,62.312
27.307543228999748,15.47136,62.468
27.319550638999317,15.47136,62.187
27.331521920999876,15.47136,62.437
27.343504434999886,15.510528,62.062
27.355488133000108,15.549695999999999,62.312
27.367495318999318,15.549695999999999,62.562
27.379425767999237,15.588864,62.281
27.39135157599958,15.510528,62.5
27.403293447999204,15.549695999999999,62.093
27.415210393000052,15.549695999999999,62.25
27.427155656999275,15.549695999999999,62.093
27.4390956419993,15.588864,62.125
27.45108612399963,15.588864,62.531
27.46304124499966,15.588864,62.093
27.474979661999896,15.628032,62.375
27.486940478999713,15.588864,62.093
27.498958801999834,15.510528,62.25
27.51093661199957,15.47136,61.968
27.522893845,15.47136,62.531
27.535872002999895,15.393023999999999,62.093
27.549256315999628,15.432191999999999,62.375
27.562337100999684,15.432191999999999,62.187
27.5755819219994,15.47136,61.906
27.587840283999867,15.47136,62.187
27.599986962000003,15.510528,62.437
27.61203578200002,15.549695999999999,62.093
27.624186876999374,15.549695999999999,62.406
27.63623233599992,15.549695999999999,62.125
27.64827273999981,15.549695999999999,62.312
27.660280277999846,15.588864,62.093
27.672292233000007,15.549695999999999,62.312
27.684339132999412,15.510528,62.531
27.696379471999535,15.510528,62.156
27.708378403000097,15.47136,62.25
27.720674141000018,15.432191999999999,62.375
27.73279950699998,15.432191999999999,62.093
27.744992874999298,15.432191999999999,62.281
27.757090559999597,15.47136,62.468
27.769196917000045,15.47136,62.156
27.781272137999622,15.47136,62.437
27.793446400999528,15.47136,62.218
27.805446323999604,15.47136,62.343
27.817455397999765,15.510528,62.125
27.829572603999623,15.549695999999999,62.312
27.84164062399941,15.549695999999999,62.5
27.853813959000036,15.549695999999999,62.218
27.86580860199956,15.510528,62.5
27.877809547999277,15.549695999999999,62.312
27.889797085999817,15.549695999999999,62.156
27.901779023999552,15.549695999999999,62.187
27.913753504999477,15.588864,62.562
27.92574341099953,15.588864,62.062
27.937736261999817,15.588864,62.343
27.94978898499994,15.588864,62.093
27.961863214000005,15.549695999999999,62.312
27.973870943999827,15.47136,62.125
27.98593189299936,15.47136,62.156
27.998479541999586,15.432191999999999,62.468
28.012128790999668,15.393023999999999,62.343
28.025376748999406,15.432191999999999,61.906
28.038524926999344,15.47136,62.218
28.051727347999986,15.47136,62.125
28.063895338999828,15.510528,62.5
28.075993599999492,15.549695999999999,62.125
28.088073812999937,15.549695999999999,62.437
28.10041563300001,15.549695999999999,62.375
28.1152135859993,15.549695999999999,62.062
28.127171138999984,15.549695999999999,62.25
28.13936409100006,15.549695999999999,62.593
28.151741495999886,15.549695999999999,62.218
28.163807467999504,15.510528,62.406
28.175999139999476,15.47136,62.125
28.188398432999747,15.47136,62.375
28.200460052999915,15.432191999999999,62.093
28.212443239000095,15.47136,62.312
28.224394071999996,15.47136,62.562
28.23643729199921,15.47136,62.468
28.248459582999203,15.47136,62.437
28.260407695999675,15.47136,62.343
28.272411041999476,15.47136,62.156
28.284429332999935,15.510528,62.343
28.296445127999505,15.549695999999999,62.625
28.30841391299964,15.549695999999999,62.281
28.320370857999478,15.588864,62.5
28.332345083999826,15.510528,62.218
28.34432654200009,15.549695999999999,62.343
28.356340095999258,15.588864,62.062
28.368375155999274,15.588864,62.281
28.38038391000009,15.588864,62.5
28.392370552000102,15.588864,62.218
28.404396266999356,15.588864,62.343
28.416377788999853,15.628032,62.125
28.42838587099959,15.588864,62.343
28.440360736999537,15.549695999999999,62.062
28.45231416199931,15.47136,62.25
28.46429251599966,15.47136,62.125
28.477587162999953,15.432191999999999,62.375
28.490875408999273,15.47136,62.031
28.50440801500008,15.47136,61.906
28.517865322000034,15.47136,62.062
28.530049377999603,15.510528,62.5
28.54203749199951,15.549695999999999,62.156
28.554119720000017,15.549695999999999,62.375
28.566174523999507,15.588864,62.125
28.578283922000082,15.588864,62.343
28.590288227999736,15.588864,62.093
28.602593182999954,15.588864,62.281
28.614646802999232,15.549695999999999,62.593
28.626633988999856,15.549695999999999,62.406
28.638849180999387,15.510528,62.156
28.651056724999762,15.510528,62.312
28.663060647999373,15.432191999999999,62.156
28.675128283999584,15.432191999999999,62.281
28.68708865299959,15.47136,62.5
28.699112479999712,15.47136,62.187
28.711111603000063,15.47136,62.468
28.72314058199936,15.47136,62.125
28.73519490599938,15.510528,62.406
28.747325839999576,15.510528,62.125
28.759288288999414,15.549695999999999,62.281
28.77124241799993,15.588864,62.5
28.78319603499949,15.588864,62.25
28.795291319999706,15.588864,62.468
28.807212744000026,15.549695999999999,62.125
28.819164504999208,15.588864,62.281
28.831113001999256,15.628032,62.093
28.843062203000045,15.588864,62.187
28.855109997999534,15.628032,62.468
28.867046495000068,15.628032,62.156
28.878994287999376,15.628032,62.312
28.89113267799985,15.628032,62.281
28.903096150999772,15.549695999999999,62.062
28.915052935999483,15.510528,62.187
28.927017850000084,15.510528,62.375
28.940025768999476,15.432191999999999,62.093
28.952708429999802,15.432191999999999,62.281
28.965888833999998,15.47136,62.25
28.979320219999863,15.47136,61.968
28.992563058000087,15.510528,62.062
29.004668934999245,15.549695999999999,62.437
29.01688329499939,15.549695999999999,62.375
29.028647242999796,15.588864,62.031
29.041039144000024,15.588864,62.343
29.055377693000082,15.588864,62.093
29.067448400999638,15.588864,62.25
29.07956183099941,15.588864,62.531
29.091659131999222,15.549695999999999,62.25
29.103703342999324,15.510528,62.156
29.115746466999553,15.510528,62.312
29.12789269699988,15.510528,62.093
29.139903883999978,15.47136,62.281
29.151954239999213,15.47136,62.5
29.163958097999966,15.47136,62.218
29.175948803999745,15.47136,62.437
29.187934741999925,15.510528,62.125
29.199965800999962,15.510528,62.312
29.21197308399951,15.510528,62.125
29.223991566999757,15.510528,62.187
29.23598124899945,15.549695999999999,62.562
29.24797649899938,15.549695999999999,62.218
29.25995949299977,15.588864,62.375
29.271943445999568,15.549695999999999,62.218
29.28400423399944,15.549695999999999,62.343
29.296094302999336,15.588864,62.156
29.308070897000107,15.588864,62.218
29.32003964999967,15.588864,62.406
29.332004883999616,15.588864,62.218
29.343968676999793,15.588864,62.343
29.355957142999614,15.628032,62.343
29.367936680999264,15.588864,62.156
29.379969947999598,15.510528,62.156
29.391983309999887,15.47136,62.375
29.40397264100011,15.47136,62.062
29.418665918999977,15.393023999999999,62.062
29.43201141499958,15.432191999999999,62.187
29.444362034999358,15.432191999999999,61.937
29.457706730999234,15.47136,62.125
29.46996278899951,15.47136,62.406
29.482161148999694,15.510528,62.406
29.49426996999955,15.549695999999999,62.093
29.506628878999436,15.549695999999999,62.25
29.518802917999892,15.549695999999999,62.125
29.530726166000022,15.588864,62.281
29.542801001999578,15.588864,62.5
29.554865789999894,15.588864,62.187
29.566955571000108,15.549695999999999,62.375
29.578946308999548,15.510528,62.125
29.590995160999228,15.510528,62.375
29.603015916000004,15.47136,62.156
29.615046430999428,15.47136,62.187
29.627009807999457,15.47136,62.531
29.63897843399991,15.47136,62.187
29.650972339999498,15.47136,62.437
29.66294490099972,15.47136,62.125
29.67491391099975,15.47136,62.312
29.686904552999295,15.510528,62.25
29.69888114599962,15.510528,62.468
29.710849547999715,15.549695999999999,62.187
29.722784187999423,15.549695999999999,62.375
29.734718156999406,15.549695999999999,62.25
29.746679933999985,15.549695999999999,62.343
29.7586269909998,15.549695999999999,62.125
29.770561054999234,15.588864,62.281
29.782503247999557,15.588864,62.437
29.79447084899948,15.588864,62.093
29.806418961999952,15.588864,62.312
29.818358851000085,15.628032,62.0
29.830334995999692,15.628032,62.312
29.842308358000082,15.549695999999999,62.656
29.85428312699969,15.510528,62.25
29.866269928999827,15.47136,62.375
29.878359837999596,15.432191999999999,62.031
29.891726262999327,15.432191999999999,62.281
29.90409723599987,15.47136,62.187
29.916014915999767,15.47136,61.937
29.928119928999877,15.510528,62.125
29.940245166999375,15.510528,62.437
29.952360259999296,15.549695999999999,62.062
29.964452472999255,15.588864,62.25
29.976455883999733,15.588864,62.031
29.988542335999227,15.588864,62.312
30.00056987500011,15.588864,62.656
30.012671912999394,15.628032,62.25
30.024646521999784,15.588864,62.468
30.036588618999303,15.549695999999999,62.125
30.048462138000104,15.549695999999999,62.25
30.06059716799973,15.510528,62.125
30.07266563599933,15.47136,62.281
30.084725111999433,15.47136,62.531
30.09674746699966,15.47136,62.531
30.108768669999336,15.510528,62.156
30.12075998399996,15.510528,62.343
30.132741441999315,15.510528,62.218
30.144787252999777,15.510528,62.25
30.156777926999894,15.510528,62.625
30.16873029599992,15.549695999999999,62.218
30.18071776999932,15.549695999999999,62.5
30.192689019999307,15.588864,62.187
30.204686413999298,15.588864,62.437
30.21663683099996,15.549695999999999,62.187
30.228565966999668,15.588864,62.25
30.240558464999594,15.588864,62.5
30.252533938999477,15.588864,62.187
30.264508035999825,15.628032,62.312
30.276465332999578,15.588864,62.093
30.288500007999573,15.628032,62.312
30.300458585999877,15.628032,62.093
30.312416938999377,15.588864,62.25
30.324386012000105,15.510528,62.468
30.336384717999863,15.510528,62.093
30.34847616299976,15.47136,62.062
30.361771833999228,15.432191999999999,62.312
30.375168563999978,15.47136,61.968
30.38872776199969,15.47136,62.437
30.401906020999377,15.510528,62.062
30.413974393999524,15.510528,62.375
30.42607518299974,15.549695999999999,61.968
30.4381556190001,15.549695999999999,62.25
30.450211286999547,15.588864,62.218
30.465266046999204,15.588864,62.562
30.47723883299932,15.588864,62.218
30.489208705999772,15.588864,62.437
30.50119685199934,15.549695999999999,62.156
30.51316522199977,15.510528,62.375
30.52509851800005,15.510528,62.031
30.537200842999482,15.510528,62.312
30.54920354999922,15.432191999999999,62.5
30.561211951999212,15.47136,62.156
30.57320566599992,15.47136,62.406
30.585211956999956,15.47136,62.156
30.597222086999864,15.47136,62.343
30.609181687999808,15.47136,62.312
30.621161897999627,15.47136,62.593
30.633111002999613,15.510528,62.218
30.645192366999254,15.549695999999999,62.5
30.65720140999929,15.549695999999999,62.156
30.669192595999448,15.588864,62.375
30.681154276999223,15.549695999999999,62.187
30.693125782999232,15.549695999999999,62.25
30.70508826399964,15.549695999999999,62.562
30.717039576999923,15.588864,62.25
30.728992457999993,15.588864,62.343
30.74103174099946,15.588864,62.156
30.753025807000085,15.588864,62.281
30.764978431999225,15.628032,62.093
30.77695057799974,15.628032,62.25
30.788972899999862,15.510528,62.375
30.800980278999305,15.47136,62.187
30.812973320999845,15.47136,62.218
30.82490399299968,15.432191999999999,62.218
30.838309714999923,15.432191999999999,62.0
30.851828367999587,15.47136,62.062
30.865187241000058,15.47136,62.093
30.87785194999924,15.510528,62.281
30.889922882000064,15.549695999999999,62.062
30.90196914199987,15.549695999999999,62.218
30.914082282999516,15.588864,62.062
30.926117085999977,15.549695999999999,62.187
30.939329938999435,15.588864,62.593
30.951324132999616,15.588864,62.25
30.963286069999413,15.588864,62.375
30.97523405499942,15.549695999999999,62.062
30.987217560999852,15.510528,62.375
30.999184905999755,15.47136,62.062
31.011119707000034,15.47136,62.312
31.023049578999235,15.432191999999999,62.5
31.034986042999662,15.432191999999999,62.437
31.046988909999527,15.47136,62.125
31.058978175999982,15.47136,62.312
31.071253113999774,15.47136,62.031
31.08293411499926,15.47136,62.343
31.094425478999256,15.510528,62.593
31.106690336999236,15.549695999999999,62.218
31.11897609099924,15.549695999999999,62.468
31.131182738999996,15.588864,62.125
31.143417259999296,15.588864,62.375
31.154925199999525,15.549695999999999,62.125
31.167191593999632,15.588864,62.312
31.17951955799981,15.588864,62.5
31.1917751029996,15.588864,62.187
31.204149147999487,15.628032,62.375
31.216397141000016,15.588864,62.281
31.228668142999595,15.628032,62.062
31.240897480000058,15.628032,62.187
31.252388619999692,15.588864,62.5
31.26465030899999,15.549695999999999,62.156
31.276871005999965,15.510528,62.312
31.28925369099943,15.47136,62.093
31.301781115999802,15.47136,62.218
31.314318236999497,15.47136,62.093
31.3278183299999,15.510528,62.375
31.34103700600008,15.510528,62.062
31.353184100999897,15.549695999999999,62.343
31.36529928999971,15.588864,62.093
31.377435343999423,15.588864,62.25
31.389471427999524,15.588864,62.218
31.401626617999682,15.588864,62.531
31.413676845999362,15.588864,62.187
31.425642622999476,15.588864,62.375
31.43761816099959,15.588864,62.062
31.44961593900007,15.549695999999999,62.281
31.461599892999402,15.510528,62.093
31.47364307999942,15.510528,62.218
31.48562220199983,15.432191999999999,62.5
31.497625547999633,15.432191999999999,62.125
31.509585564999725,15.47136,62.375
31.521578543000032,15.47136,62.125
31.533579809999537,15.47136,62.343
31.545680246999837,15.47136,62.125
31.557694568999977,15.47136,62.281
31.569780829999218,15.510528,62.5
31.581808528999318,15.510528,62.218
31.59378541099977,15.549695999999999,62.343
31.605766740000035,15.549695999999999,62.25
31.617879945999448,15.549695999999999,62.375
31.629853306999394,15.549695999999999,62.656
31.64184599700002,15.549695999999999,62.468
31.653826814999775,15.588864,62.125
31.665795279999656,15.588864,62.375
31.677766593999877,15.588864,62.187
31.689729523000096,15.588864,62.218
31.701711492999493,15.628032,61.937
31.71368078999967,15.628032,62.218
31.725649830999828,15.549695999999999,62.375
31.737623320999774,15.510528,62.156
31.749654700000065,15.47136,62.25
31.762156395999227,15.393023999999999,62.062
31.77539459399941,15.393023999999999,61.906
31.788724760999685,15.432191999999999,62.187
31.802162771999974,15.432191999999999,62.375
31.815545132999432,15.47136,62.312
31.82766422699933,15.510528,62.0
31.839771191999716,15.549695999999999,62.187
31.85187767699972,15.549695999999999,61.937
31.86392518499997,15.549695999999999,62.406
31.87876333099939,15.549695999999999,62.156
31.890741653000077,15.549695999999999,62.437
31.902726854999855,15.549695999999999,62.156
31.914675895999608,15.549695999999999,62.343
31.926619463999486,15.510528,62.0
31.93859932199939,15.47136,62.187
31.950550442999884,15.47136,62.531
31.962489786999868,15.432191999999999,62.187
31.97441693899964,15.432191999999999,62.375
31.98633698699996,15.432191999999999,62.093
31.998307436999312,15.47136,62.281
32.010288511,15.47136,62.093
32.022273743999904,15.47136,62.187
32.034251233999385,15.47136,62.468
32.046307413999784,15.510528,62.093
32.058262855000066,15.510528,62.406
32.07023647200003,15.549695999999999,62.062
32.082227017999685,15.549695999999999,62.312
32.09457747799934,15.510528,62.781
32.106499509999594,15.549695999999999,62.156
32.1187326549998,15.549695999999999,62.406
32.130246707999504,15.588864,62.375
32.14251850999972,15.588864,62.062
32.1547681029997,15.588864,62.281
32.16700159999982,15.588864,61.968
32.17921474400009,15.628032,62.156
32.191422672000044,15.588864,62.468
32.20373700299933,15.510528,62.093
32.21600643700003,15.47136,62.281
32.228575366999394,15.47136,62.0
32.24088140999993,15.432191999999999,61.968
32.25331347299925,15.47136,62.156
32.265433877999385,15.47136,62.375
32.278720460999466,15.510528,62.062
32.2910076549997,15.549695999999999,62.281
32.303134780999244,15.588864,61.968
32.31515387199943,15.588864,62.25
32.32724669199979,15.588864,62.531
32.33936335399994,15.588864,62.531
32.35143774199969,15.588864,62.125
32.36339615899942,15.628032,62.375
32.37534100799985,15.628032,62.156
32.38730531300007,15.588864,62.218
32.39928603499993,15.549695999999999,62.093
32.41127219699956,15.549695999999999,62.25
32.423196660999565,15.47136,62.437
32.43514310899991,15.47136,62.187
32.4471121509996,15.47136,62.343
32.45907024799999,15.510528,62.093
32.47102008899947,15.510528,62.312
32.48296992899941,15.510528,62.687
32.49497890799921,15.510528,62.125
32.506943052999304,15.510528,62.468
32.5189503040001,15.549695999999999,62.093
32.53090932899977,15.549695999999999,62.375
32.54286604999925,15.588864,62.125
32.55484328300008,15.588864,62.281
32.5668387249998,15.549695999999999,62.593
32.57881755899962,15.588864,62.187
32.590764007999496,15.588864,62.437
32.602738136999506,15.588864,62.031
32.614663432999805,15.628032,62.187
32.626606842,15.628032,62.0
32.63856785099961,15.628032,62.156
32.65052194799955,15.628032,62.437
32.66246500399939,15.588864,62.218
32.6744120609992,15.549695999999999,62.343
32.68653790699955,15.510528,62.156
32.698644487999445,15.47136,62.0
32.71219990999998,15.432191999999999,62.156
32.72543612299978,15.47136,62.062
32.73841072899995,15.47136,62.312
32.751818946999265,15.510528,62.031
32.76402860300004,15.510528,62.343
32.77610411099977,15.549695999999999,62.0
32.78814864299966,15.588864,62.125
32.80022411899972,15.588864,62.531
32.812370189999456,15.588864,62.468
32.82434835099957,15.588864,62.375
32.836320432999855,15.588864,62.375
32.84832963499957,15.588864,62.031
32.86028981199979,15.549695999999999,62.25
32.87224998900001,15.510528,62.5
32.88419432599949,15.510528,62.187
32.89624381699923,15.47136,62.406
32.908207675000085,15.47136,62.093
32.920169675999205,15.47136,62.375
32.93212518099972,15.47136,62.125
32.94414939199942,15.47136,62.281
32.9561110730001,15.47136,62.656
32.96809198699975,15.47136,62.218
32.98032513099952,15.510528,62.5
32.99230022099982,15.510528,62.156
33.00432027199986,15.549695999999999,62.312
33.016294304999974,15.588864,62.093
33.02842261499973,15.549695999999999,62.25
33.040361158999985,15.549695999999999,62.531
33.05236610599968,15.588864,62.218
33.064340554999944,15.588864,62.375
33.07635071799996,15.588864,62.093
33.08838577699953,15.588864,62.125
33.10062416999972,15.588864,62.125
33.11266559699925,15.628032,62.468
33.12540102799994,15.628032,62.187
33.13766668599965,15.549695999999999,62.375
33.14975051500005,15.510528,62.093
33.161800709999625,15.47136,62.125
33.175404997999976,15.393023999999999,62.187
33.187559995999436,15.432191999999999,62.406
33.20096885399926,15.432191999999999,62.093
33.21467103199939,15.47136,61.937
33.22813128399957,15.47136,62.156
33.240320298999904,15.510528,61.906
33.25256195599923,15.549695999999999,62.218
33.264590550999856,15.549695999999999,62.468
33.27668039599939,15.549695999999999,62.468
33.290258506999635,15.588864,62.187
33.30225938900003,15.588864,62.312
33.31422718199974,15.588864,62.125
33.32620307199977,15.549695999999999,62.281
33.33817560099942,15.510528,62.562
33.350123297999744,15.510528,62.187
33.36208337900007,15.47136,62.437
33.37414272699971,15.432191999999999,62.093
33.38611186399976,15.432191999999999,62.312
33.39811450599973,15.432191999999999,62.062
33.41007269900001,15.47136,62.25
33.42205178899985,15.47136,62.625
33.434079519999614,15.47136,62.156
33.44615969999995,15.47136,62.437
33.458127846000025,15.510528,62.187
33.4700838939998,15.510528,62.343
33.48206269599996,15.549695999999999,62.156
33.494038041999374,15.549695999999999,62.281
33.50604884399945,15.510528,62.625
33.51805910299936,15.510528,62.468
33.530022831999304,15.549695999999999,61.968
33.5420222419998,15.549695999999999,62.343
33.554005235999284,15.549695999999999,61.937
33.56601718999991,15.549695999999999,62.187
33.57800648800003,15.588864,62.468
33.58996618499987,15.588864,62.093
33.6019945879998,15.588864,62.437
33.61396420499932,15.510528,62.0
33.62592879899967,15.47136,62.187
33.638012850999985,15.47136,61.968
33.65051345899974,15.432191999999999,62.468
33.66401649599993,15.432191999999999,61.968
33.677576909999516,15.432191999999999,62.25
33.69072819299981,15.47136,61.906
33.70299288999922,15.47136,62.218
33.715045485999326,15.510528,62.218
33.7271443869995,15.549695999999999,62.437
33.739243159999205,15.549695999999999,62.187
33.75147569699948,15.549695999999999,62.437
33.76350931599973,15.549695999999999,62.187
33.775518101999296,15.549695999999999,62.375
33.787498056000004,15.549695999999999,62.062
33.79948319399955,15.510528,62.187
33.81143383499966,15.47136,62.531
33.8233823949995,15.47136,62.093
33.83532935599942,15.432191999999999,62.343
33.847280988999955,15.432191999999999,62.093
33.859247117999985,15.432191999999999,62.312
33.8711794539995,15.432191999999999,62.062
33.88317800099958,15.432191999999999,62.25
33.89521238799989,15.47136,62.531
33.90719355700003,15.432191999999999,62.062
33.91915306200008,15.47136,62.468
33.93108159099938,15.47136,62.187
33.94302746299945,15.510528,62.25
33.95501890499963,15.549695999999999,62.093
33.96695776999968,15.549695999999999,62.312
33.97891973900005,15.510528,62.5
33.99090097199951,15.549695999999999,62.375
34.00289295799939,15.549695999999999,62.031
34.01503730099921,15.549695999999999,62.218
34.02701846999935,15.588864,62.062
34.039005463999274,15.588864,62.156
34.05102647500007,15.588864,62.375
34.06313641599991,15.588864,62.093
34.07507080100004,15.549695999999999,62.406
34.08702950599945,15.510528,62.093
34.099014898999485,15.47136,62.187
34.11102630999994,15.432191999999999,62.562
34.12422911399972,15.393023999999999,62.406
34.13762661199962,15.432191999999999,62.093
34.15188736499931,15.47136,62.25
34.164193407999846,15.510528,62.218
34.17660252599944,15.510528,62.031
34.188937242000065,15.549695999999999,62.093
34.201406040999245,15.549695999999999,62.375
34.2138175909995,15.549695999999999,62.468
34.22913901499942,15.588864,62.156
34.24142339299942,15.588864,62.312
34.25370012299936,15.588864,62.218
34.26599621300011,15.549695999999999,62.25
34.27833188899967,15.510528,62.437
34.29069409299973,15.510528,62.437
34.302991208000094,15.47136,62.218
34.31524099299986,15.432191999999999,62.375
34.327486809999755,15.432191999999999,62.062
34.33976504399925,15.47136,62.218
34.35201812499963,15.47136,62.468
34.364271430999906,15.47136,62.25
34.37594292799986,15.510528,62.437
34.38829914799953,15.510528,62.125
34.40062445500007,15.549695999999999,62.343
34.41287574399939,15.549695999999999,62.093
34.424342690999765,15.588864,62.593
34.43663663799998,15.588864,62.218
34.44897919399955,15.549695999999999,62.5
34.46122149099938,15.588864,62.125
34.473515788999975,15.588864,62.375
34.48597146799966,15.588864,62.062
34.498302535999755,15.628032,62.218
34.51061020999987,15.628032,62.5
34.522815001999334,15.628032,62.375
34.53503534699939,15.628032,62.0
34.54729722799948,15.549695999999999,62.25
34.55955683799948,15.549695999999999,62.062
34.57181103899984,15.510528,62.156
34.584514596999725,15.432191999999999,62.5
34.597745338000095,15.432191999999999,62.281
34.610483872999794,15.47136,62.062
34.62269695299983,15.510528,62.187
34.63516911299939,15.510528,62.0
34.647684345000016,15.549695999999999,62.187
34.66000222799994,15.588864,62.406
34.672540821999974,15.588864,62.375
34.68494869099959,15.588864,62.062
34.69847944100002,15.588864,62.375
34.71055075699951,15.628032,62.062
34.72263557699989,15.588864,62.343
34.73465172399938,15.588864,62.531
34.74670665599933,15.549695999999999,62.156
34.75874619499973,15.549695999999999,62.468
34.77077914199981,15.510528,62.218
34.78273573499973,15.47136,62.375
34.79478890700011,15.47136,62.062
34.80674309999995,15.47136,62.593
34.81868932399993,15.47136,62.531
34.83062655699996,15.510528,62.406
34.84260116599944,15.510528,62.187
34.85454886299976,15.510528,62.343
34.8666428359993,15.510528,62.187
34.878899757,15.549695999999999,62.25
34.89100198599954,15.588864,62.625
34.90302443699966,15.588864,62.218
34.91497552599958,15.549695999999999,62.5
34.92693775099997,15.549695999999999,62.156
34.9388814469994,15.588864,62.25
34.950867672999266,15.588864,62.062
34.96284413899957,15.588864,62.218
34.97482575599952,15.588864,62.562
34.98679201300001,15.588864,62.093
34.998756287000106,15.628032,62.281
35.01068830299937,15.628032,62.093
35.02259858999969,15.549695999999999,62.156
35.03452846299933,15.510528,62.125
35.046547616999305,15.510528,62.125
35.058903645999635,15.432191999999999,62.156
35.072254581999914,15.432191999999999,62.312
35.08543501699933,15.47136,62.0
35.098724288000085,15.47136,61.968
35.11165873199934,15.510528,62.187
35.12377203399956,15.549695999999999,62.437
35.135825716999534,15.549695999999999,62.062
35.14795818699986,15.588864,62.437
35.15997897399939,15.549695999999999,62.312
35.17378176300008,15.588864,62.093
35.185953241999414,15.588864,62.281
35.19830466199983,15.588864,62.625
35.21033994499976,15.549695999999999,62.218
35.22234367500005,15.510528,62.406
35.23433156499959,15.510528,62.156
35.24641798599987,15.47136,62.312
35.2583369139993,15.47136,62.125
35.270308194999416,15.47136,62.281
35.28226795599949,15.47136,62.5
35.29420409999966,15.47136,62.187
35.3062136869994,15.510528,62.437
35.31818538399966,15.47136,62.125
35.33014469699992,15.510528,62.343
35.342155499,15.549695999999999,62.031
35.3541374689994,15.549695999999999,62.25
35.366168111999286,15.588864,62.562
35.378227043999686,15.588864,62.437
35.390242933999616,15.549695999999999,62.156
35.4022266639995,15.588864,62.312
35.414201497999784,15.588864,62.0
35.42630100599945,15.588864,62.156
35.438288895999904,15.628032,62.531
35.45042277399989,15.588864,62.093
35.46241104799992,15.628032,62.312
35.47437788099978,15.628032,62.093
35.48632938599985,15.588864,62.312
35.49832921199959,15.549695999999999,62.031
35.51028209299966,15.47136,62.156
35.52226217399948,15.47136,62.468
35.53565509599957,15.432191999999999,62.281
35.54884653999943,15.47136,62.0
35.56236957700003,15.47136,62.156
35.57583443599924,15.47136,62.093
35.58796498599986,15.510528,62.5
35.600033581999924,15.549695999999999,62.062
35.61214653099978,15.549695999999999,62.343
35.62420571899929,15.549695999999999,62.343
35.63849799399941,15.549695999999999,62.125
35.65050367599997,15.588864,62.312
35.662785269999404,15.588864,62.625
35.67472823099979,15.549695999999999,62.218
35.68667051899956,15.549695999999999,62.375
35.6986607129993,15.510528,62.187
35.710626521999984,15.510528,62.375
35.72256938699957,15.47136,62.062
35.734508122999614,15.47136,62.281
35.74648119699941,15.47136,62.562
35.758437884999694,15.47136,62.187
35.77040651099924,15.47136,62.468
35.78232345400011,15.47136,62.187
35.794365393999215,15.47136,62.343
35.806348738999986,15.510528,62.062
35.81830072399953,15.510528,62.281
35.83027718999983,15.549695999999999,62.562
35.84222478999982,15.549695999999999,62.125
35.85419060000004,15.510528,62.437
35.866194073999395,15.549695999999999,62.093
35.87822490899998,15.549695999999999,62.218
35.89022799899976,15.588864,62.093
35.902221552999436,15.588864,62.125
35.91419734600004,15.588864,62.437
35.92617221199998,15.588864,62.343
35.93815290099974,15.588864,62.031
35.95031772399943,15.588864,62.281
35.96230295799978,15.510528,61.968
35.97428195199973,15.47136,62.218
35.98624132899931,15.47136,62.375
36.00007378200007,15.393023999999999,62.093
36.01234491199921,15.393023999999999,62.031
36.02578452299986,15.393023999999999,62.156
36.039079360999494,15.432191999999999,61.875
36.0515535049999,15.47136,62.156
36.06369839099989,15.510528,62.437
36.075799276,15.510528,62.375
36.08792454600007,15.510528,62.031
36.100068503999864,15.510528,62.312
36.11361295000006,15.549695999999999,62.031
36.125686377999955,15.549695999999999,62.281
36.137765437999406,15.549695999999999,62.656
36.149765295999714,15.510528,62.187
36.16194675999941,15.47136,62.375
36.17399727499924,15.47136,62.187
36.18614187299954,15.47136,62.281
36.197823481999876,15.432191999999999,62.062
36.20991604699975,15.432191999999999,62.531
36.221916000999954,15.432191999999999,62.218
36.233923155999946,15.47136,62.468
36.24596573500003,15.47136,62.187
36.25798063399998,15.47136,62.343
36.27001156499955,15.47136,62.031
36.28200831899994,15.510528,62.312
36.29402721699989,15.549695999999999,62.531
36.30606243599959,15.549695999999999,62.156
36.31818703399949,15.588864,62.406
36.330159882999396,15.510528,62.125
36.34219481399941,15.549695999999999,62.375
36.35416647999955,15.588864,62.062
36.3662858609996,15.588864,62.25
36.3785087010001,15.588864,62.468
36.39060158599932,15.588864,62.093
36.40259418000005,15.588864,62.312
36.41455314099949,15.628032,62.093
36.4265729359995,15.588864,62.312
36.4385334969993,15.549695999999999,62.218
36.45052026599933,15.47136,62.437
36.462628063999546,15.47136,62.093
36.476092122999944,15.432191999999999,62.343
36.489270477999526,15.432191999999999,62.187
36.502408159999504,15.47136,61.968
36.51576620099968,15.47136,62.156
36.528130292999776,15.510528,62.406
36.54018592899956,15.549695999999999,62.062
36.55235087999972,15.549695999999999,62.312
36.56451323799956,15.549695999999999,62.281
36.5766425719994,15.549695999999999,62.093
36.58866745499927,15.588864,62.25
36.6007015539999,15.588864,62.593
36.61267709099957,15.549695999999999,62.25
36.62462814799983,15.510528,62.406
36.636597828999584,15.47136,62.093
36.64861007199943,15.47136,62.343
36.66059252099967,15.432191999999999,62.062
36.67255986700002,15.432191999999999,62.25
36.68452314799924,15.432191999999999,62.5
36.69654963099947,15.432191999999999,62.093
36.708541743999376,15.47136,62.375
36.72050652999951,15.47136,62.156
36.73247016299956,15.47136,62.312
36.744573671999206,15.47136,62.125
36.756620538999414,15.510528,62.25
36.76865572599945,15.549695999999999,62.562
36.7806472960001,15.549695999999999,62.125
36.792669906999436,15.549695999999999,62.406
36.80475847099933,15.510528,62.156
36.81675276099941,15.549695999999999,62.312
36.82887380699958,15.588864,62.156
36.84082915199997,15.549695999999999,62.406
36.85281112099983,15.588864,62.156
36.86476694599969,15.588864,62.312
36.87673598699985,15.588864,61.968
36.88872522099973,15.588864,62.25
36.900734328,15.549695999999999,62.0
36.91272135300005,15.510528,62.218
36.92472543599979,15.47136,62.375
36.93672375799997,15.432191999999999,62.062
36.94889558899922,15.432191999999999,62.281
36.96227986999929,15.47136,62.187
36.975600820999716,15.47136,61.906
36.98897012599991,15.510528,62.125
37.00106573099947,15.510528,62.5
37.013191191999795,15.549695999999999,62.125
37.02525041199988,15.549695999999999,62.281
37.03727558299943,15.549695999999999,62.218
37.05221001999962,15.588864,62.062
37.06422725399989,15.588864,62.218
37.07619923999937,15.549695999999999,62.562
37.08818392899957,15.549695999999999,62.187
37.09964940400005,15.549695999999999,62.406
37.1116032129994,15.510528,62.125
37.123615743999835,15.510528,62.343
37.135670674999346,15.432191999999999,62.093
37.147678564999296,15.47136,62.218
37.159687479999775,15.47136,62.5
37.17168877799941,15.47136,62.375
37.18367849199967,15.47136,62.093
37.195780144999844,15.47136,62.343
37.20778432299994,15.47136,62.062
37.21950890900007,15.510528,62.25
37.23153798399926,15.549695999999999,62.5
37.24353963399972,15.549695999999999,62.218
37.25557843799925,15.588864,62.375
37.267557558999215,15.549695999999999,62.187
37.279497128,15.549695999999999,62.312
37.2915026820001,15.588864,62.0
37.303506539999944,15.588864,62.25
37.31545673299934,15.588864,62.312
37.32741489399996,15.588864,62.125
37.339357021999604,15.588864,62.312
37.351330990999486,15.628032,62.0
37.36327065599926,15.628032,62.25
37.37522520099992,15.510528,62.406
37.38716771300005,15.510528,62.187
37.39928824599974,15.47136,62.281
37.41168113999993,15.432191999999999,62.281
37.425152910999714,15.432191999999999,62.031
37.43837126800008,15.47136,62.156
37.451626041000054,15.47136,62.0
37.463364995999655,15.510528,62.468
37.475726656000006,15.549695999999999,62.125
37.48792226399928,15.549695999999999,62.343
37.50011726299999,15.588864,62.031
37.514031574999535,15.549695999999999,62.25
37.52630824099924,15.588864,62.25
37.53829027499978,15.588864,62.562
37.55042447300002,15.588864,62.187
37.56237508100003,15.549695999999999,62.375
37.574323578000076,15.510528,62.093
37.586280298999554,15.47136,62.375
37.59824706800009,15.47136,62.062
37.61022462099936,15.432191999999999,62.218
37.62220479899952,15.432191999999999,62.5
37.63433013199938,15.47136,62.125
37.64630726999985,15.47136,62.343
37.65834175300006,15.47136,62.093
37.67031805799979,15.47136,62.281
37.68231474799995,15.47136,62.656
37.69433006300005,15.510528,62.25
37.706333440999515,15.549695999999999,62.468
37.718358643999636,15.549695999999999,62.218
37.73034998999992,15.549695999999999,62.375
37.742338838999785,15.510528,62.187
37.75435479399948,15.549695999999999,62.343
37.76632044300004,15.588864,62.468
37.77827540399994,15.588864,62.093
37.7902271009998,15.588864,62.343
37.802211853999324,15.588864,62.281
37.814210623999315,15.588864,62.062
37.82618222599922,15.628032,62.281
37.838163170999906,15.588864,62.625
37.850158229000044,15.510528,62.187
37.862104037999416,15.47136,62.375
37.874183513999924,15.47136,62.031
37.88741531100004,15.432191999999999,62.281
37.90098791699984,15.47136,62.156
37.91401497199968,15.47136,62.437
37.92742501399971,15.47136,62.093
37.93955169199944,15.510528,62.375
37.95158284699937,15.549695999999999,62.0
37.963803158999326,15.549695999999999,62.281
37.975817864999954,15.549695999999999,62.218
37.990026713999214,15.549695999999999,62.031
38.002072972999486,15.588864,62.156
38.0140976319999,15.588864,62.5
38.02610296199964,15.549695999999999,62.156
38.038062370999796,15.510528,62.375
38.05005477299983,15.510528,62.031
38.06202365399986,15.47136,62.218
38.0740033839993,15.432191999999999,62.531
38.08596573699924,15.432191999999999,62.437
38.09795993099942,15.432191999999999,62.125
38.10995316399931,15.47136,62.375
38.121911452999484,15.47136,62.125
38.13394471999982,15.47136,62.25
38.146040964999884,15.47136,62.656
38.158049943999686,15.510528,62.156
38.170249422999404,15.510528,62.406
38.18220495999958,15.549695999999999,62.125
38.194269459999305,15.549695999999999,62.312
38.20621670899982,15.510528,62.156
38.218205397999554,15.510528,62.312
38.23015424699952,15.549695999999999,62.531
38.2428010349995,15.588864,62.187
38.25490534399978,15.588864,62.375
38.266953139999714,15.588864,62.093
38.27895562199956,15.588864,62.187
38.29095106399927,15.628032,62.187
38.3029111449996,15.628032,62.593
38.31490949899944,15.510528,62.062
38.32687249199989,15.47136,62.375
38.33887852599946,15.47136,61.875
38.35259497599964,15.393023999999999,62.218
38.36588591100008,15.393023999999999,62.125
38.37922414199966,15.432191999999999,62.437
38.39264644099967,15.432191999999999,62.343
38.40535553499922,15.47136,62.031
38.41732537600001,15.510528,62.281
38.429387667999436,15.510528,62.062
38.44143565499962,15.549695999999999,62.187
38.45482367999921,15.549695999999999,61.906
38.46697102999951,15.549695999999999,62.156
38.47892045499975,15.549695999999999,62.468
38.49086693599929,15.549695999999999,62.25
38.502835176999724,15.510528,62.375
38.51475644099992,15.47136,62.031
38.526677895999455,15.47136,62.312
38.53860626400001,15.47136,62.687
38.55054775299959,15.432191999999999,62.156
38.56247509700006,15.432191999999999,62.375
38.57450513200001,15.432191999999999,62.187
38.586463292999724,15.47136,62.406
38.59841086100005,15.47136,62.312
38.61033641299946,15.47136,62.593
38.622417554000094,15.47136,62.25
38.63433788899965,15.510528,62.468
38.64628571399953,15.510528,62.156
38.65825081899948,15.549695999999999,62.312
38.67021352399934,15.549695999999999,62.062
38.682175524999366,15.510528,62.312
38.69420219999938,15.510528,62.625
38.70617373699952,15.549695999999999,62.187
38.71817737099991,15.549695999999999,62.343
38.73012541999924,15.549695999999999,62.125
38.742083676999755,15.549695999999999,62.343
38.75406622199989,15.588864,61.968
38.766037599999436,15.588864,62.218
38.77800811299949,15.588864,62.593
38.79002313899946,15.510528,62.156
38.80201304499951,15.47136,62.375
38.814060903999234,15.432191999999999,62.312
38.82762202199956,15.393023999999999,62.031
38.841064768999786,15.432191999999999,62.062
38.852977937000105,15.47136,62.406
38.86621360599929,15.47136,62.312
38.87851155199951,15.47136,62.062
38.890506289999394,15.549695999999999,62.218
38.902631592000034,15.549695999999999,61.968
38.91465954599971,15.549695999999999,62.25
38.92671751799935,15.549695999999999,62.5
38.93864649399984,15.549695999999999,62.187
38.95074789099999,15.588864,62.468
38.9626618909997,15.549695999999999,62.156
38.97459253099987,15.549695999999999,62.343
38.986520450999706,15.47136,62.062
38.998409713999536,15.47136,62.25
39.01030956899922,15.432191999999999,62.468
39.0222434089992,15.432191999999999,62.187
39.034185857999546,15.432191999999999,62.343
39.046294966999994,15.432191999999999,62.125
39.05825383199954,15.47136,62.312
39.07019247199969,15.47136,62.093
39.082160104999275,15.47136,62.25
39.09410479399958,15.47136,62.5
39.10607543500009,15.510528,62.187
39.1180468120001,15.510528,62.375
39.13001297299979,15.549695999999999,62.125
39.14214665899999,15.549695999999999,62.343
39.15415749299973,15.510528,62.281
39.1661345349994,15.549695999999999,62.437
39.17809314399983,15.549695999999999,62.125
39.19017335599983,15.549695999999999,62.281
39.20220057499955,15.588864,62.062
39.2141697119996,15.588864,62.187
39.22614355299993,15.588864,61.968
39.2380956979996,15.628032,62.25
39.2500740509995,15.588864,62.531
39.262079413999345,15.510528,62.093
39.2736691479995,15.510528,62.312
39.285981622999316,15.47136,62.125
39.29943924999952,15.432191999999999,62.25
39.31162276099985,15.47136,62.062
39.32499318600003,15.47136,62.343
39.338548127999275,15.510528,62.0
39.35070027799975,15.510528,62.312
39.36274324099941,15.549695999999999,62.031
39.37482706999981,15.588864,62.156
39.38688632100002,15.588864,62.218
39.39906448799957,15.588864,62.468
39.41121305499928,15.588864,62.187
39.423184111999944,15.588864,62.468
39.43513616099972,15.588864,62.093
39.4471226099995,15.549695999999999,62.281
39.45905488199969,15.510528,62.093
39.471011954999994,15.510528,62.218
39.48298954099937,15.47136,62.5
39.494969269999274,15.47136,62.156
39.506991528999606,15.510528,62.375
39.51896287399995,15.510528,62.062
39.53093162699952,15.510528,62.281
39.5428704269998,15.510528,62.031
39.55485114899966,15.510528,62.218
39.566826333999416,15.549695999999999,62.531
39.57877198299957,15.549695999999999,62.125
39.590700350999214,15.588864,62.343
39.602669072000026,15.588864,62.156
39.614602560000094,15.588864,62.375
39.62654449599995,15.549695999999999,62.625
39.638470079999934,15.588864,62.156
39.65044334599952,15.588864,62.156
39.66345263999938,15.628032,62.281
39.67616502999954,15.628032,62.031
39.68859030799922,15.628032,62.187
39.70096505699985,15.667200000000001,62.562
39.71330278000005,15.667200000000001,62.5
39.725663127999724,15.549695999999999,62.0
39.73799973199948,15.510528,62.343
39.7503467359993,15.510528,61.906
39.76472701300008,15.47136,62.0
39.77901064699927,15.47136,62.437
39.79327533699961,15.510528,62.031
39.80757237999933,15.549695999999999,62.031
39.82082353699934,15.588864,62.343
39.83396553900002,15.628032,62.031
39.846721547000016,15.628032,62.25
39.859372782999344,15.628032,62.218
39.87461404399983,15.628032,62.437
39.88715506999961,15.667200000000001,62.375
39.899570042999585,15.667200000000001,62.156
39.91194226399966,15.628032,62.312
39.92430616399997,15.588864,62.093
39.93689864699991,15.588864,62.25
39.949303091999354,15.549695999999999,62.531
39.961705265999626,15.510528,62.437
39.97402814099951,15.510528,62.187
39.98635239199939,15.549695999999999,62.312
39.998703651999676,15.549695999999999,62.031
40.01104527899952,15.549695999999999,62.281
40.02341890799926,15.549695999999999,62.5
40.03577096799927,15.549695999999999,62.187
40.048112468,15.588864,62.406
40.06045339100001,15.588864,62.343
40.0727442970001,15.628032,62.062
40.08502224299991,15.588864,62.375
40.097325469999305,15.588864,62.5
40.10959999199986,15.628032,62.218
40.121902961999695,15.628032,62.375
40.13415825099946,15.628032,62.0
40.14649299899975,15.628032,62.343
40.15872079899964,15.628032,62.0
40.17098796099981,15.667200000000001,62.5
40.1832136489993,15.667200000000001,62.187
40.195547532999626,15.549695999999999,62.312
40.20780659799948,15.549695999999999,62.031
40.22013088099993,15.510528,62.125
40.234156747999805,15.432191999999999,62.156
40.24847177599986,15.432191999999999,62.125
40.262417255999935,15.47136,62.375
40.276629272999344,15.510528,62.187
40.29176083499988,15.549695999999999,61.968
40.30420102500011,15.588864,62.218
40.31640018500002,15.588864,62.031
40.32858321599997,15.628032,62.5
40.34074615099962,15.628032,62.187
40.352769208999234,15.628032,62.343
40.3647525869992,15.628032,62.125
40.37671068399959,15.588864,62.343
40.3887622229995,15.549695999999999,62.0
40.4007699849999,15.549695999999999,62.218
40.41313494199949,15.549695999999999,62.468
40.42457110399937,15.47136,62.156
40.436560912999994,15.47136,62.343
40.448574659999394,15.47136,62.062
40.460547444999975,15.510528,62.25
40.47252211799969,15.510528,61.968
40.4845067440001,15.510528,62.25
40.4966263489996,15.510528,62.5
40.508628222999505,15.510528,62.156
40.52055335899968,15.549695999999999,62.375
40.532535136999286,15.549695999999999,62.062
40.544496466000055,15.588864,62.25
40.556555684999694,15.588864,62.656
40.56852133399934,15.549695999999999,62.187
40.58044368599985,15.588864,62.437
40.59239554299984,15.588864,62.062
40.60436247199959,15.588864,62.281
40.6163540739999,15.628032,62.218
40.62835002799966,15.588864,62.531
40.64033564500005,15.628032,62.031
40.65234865599996,15.628032,62.375
40.664350273999844,15.549695999999999,62.062
40.67632501099979,15.510528,62.312
40.68845479299944,15.47136,61.906
40.70057455799997,15.432191999999999,62.218
40.71394421399964,15.432191999999999,62.125
40.72722238000006,15.47136,62.343
40.73980033499993,15.47136,62.0
40.75290854400009,15.510528,62.343
40.76500062899959,15.510528,61.937
40.77707216899944,15.549695999999999,62.187
40.78911314800007,15.549695999999999,62.468
40.80117198299922,15.549695999999999,62.375
40.8160265460001,15.588864,62.125
40.82807962099923,15.588864,62.375
40.84017480999955,15.588864,62.156
40.852181356000074,15.549695999999999,62.25
40.864201054999285,15.510528,62.656
40.8762000809993,15.510528,62.187
40.88817321799979,15.510528,62.437
40.90017512399936,15.432191999999999,62.312
40.9121479409996,15.432191999999999,62.187
40.92417595999996,15.432191999999999,62.312
40.936142504999225,15.47136,62.093
40.948205340999266,15.47136,62.25
40.960223758999746,15.47136,62.468
40.97235392499988,15.47136,62.125
40.984350262999214,15.510528,62.375
40.99640202599949,15.510528,62.125
41.00840444499954,15.549695999999999,62.187
41.02039610999964,15.549695999999999,62.656
41.03239839999969,15.510528,62.218
41.04436356899987,15.510528,62.437
41.05638256399925,15.549695999999999,62.062
41.068396533999476,15.549695999999999,62.343
41.08040106399949,15.549695999999999,61.968
41.092379577999964,15.549695999999999,62.187
41.10438753199924,15.588864,62.468
41.11642051099989,15.588864,62.125
41.12839678399996,15.588864,62.406
41.14043385900004,15.510528,62.281
41.15245451800001,15.47136,62.281
41.16441757499979,15.47136,62.156
41.17825748499945,15.393023999999999,62.531
41.19154710699968,15.393023999999999,62.343
41.204745590999664,15.432191999999999,61.968
41.21811467099997,15.432191999999999,62.25
41.230422601999635,15.47136,62.0
41.242487229999824,15.510528,62.187
41.2545886909993,15.510528,62.593
41.266662150999764,15.549695999999999,62.375
41.27874860299926,15.549695999999999,62.125
41.290844432000085,15.549695999999999,62.343
41.302871618999234,15.549695999999999,62.062
41.315188573999876,15.549695999999999,62.281
41.32686246999947,15.510528,62.031
41.33910716699938,15.510528,62.218
41.350620227000036,15.510528,62.468
41.36283954800001,15.47136,62.125
41.375029746999644,15.432191999999999,62.375
41.38721389799957,15.47136,62.062
41.399425505999716,15.47136,62.25
41.41165877899948,15.47136,62.656
41.42398315799983,15.47136,62.437
41.43637301099989,15.47136,62.156
41.44847859999936,15.510528,62.375
41.460467480999796,15.510528,62.125
41.472449258999404,15.549695999999999,62.281
41.48443362799935,15.549695999999999,62.593
41.49655150599938,15.549695999999999,62.281
41.50875456899939,15.549695999999999,62.5
41.5210528359994,15.549695999999999,62.062
41.53328335599963,15.588864,62.281
41.54569116199946,15.588864,61.968
41.55792798599941,15.588864,62.218
41.57013348199962,15.588864,62.156
41.58257651999975,15.628032,62.375
41.594769439999254,15.588864,62.093
41.60703570499936,15.510528,62.281
41.61921947299925,15.47136,62.062
41.63141744799941,15.47136,61.906
41.64576245999979,15.393023999999999,62.125
41.65843110500009,15.393023999999999,62.375
41.67114275899985,15.432191999999999,62.031
41.68410286800008,15.432191999999999,62.281
41.696986334999565,15.47136,62.156
41.70934601099998,15.510528,61.937
41.72173400799966,15.549695999999999,62.156
41.734112019999884,15.549695999999999,62.406
41.74651972999982,15.549695999999999,62.281
41.761725949999345,15.549695999999999,62.156
41.77398008699947,15.588864,62.281
41.78625867299979,15.588864,62.062
41.798520362999625,15.510528,62.437
41.81077357199956,15.510528,62.156
41.823003707999305,15.47136,62.375
41.835252436999326,15.432191999999999,62.125
41.84672651999972,15.432191999999999,62.25
41.858952016999865,15.432191999999999,62.093
41.87132039700009,15.47136,62.156
41.88354762099971,15.47136,62.5
41.89588480099974,15.47136,62.218
41.908110872999714,15.47136,62.343
41.9203949949997,15.510528,62.156
41.9326343799994,15.510528,62.062
41.94494227799987,15.549695999999999,62.25
41.957195103999766,15.549695999999999,62.5
41.969433847999426,15.549695999999999,62.218
41.98171662599998,15.510528,62.468
41.99394743499943,15.549695999999999,62.062
42.006358759999785,15.588864,62.312
42.01855103999969,15.588864,61.968
42.030756567000026,15.588864,62.187
42.042988815999706,15.588864,62.406
42.0551701509994,15.628032,62.343
42.06738649499948,15.588864,62.062
42.07959576699977,15.510528,62.218
42.09105615399949,15.510528,62.062
42.103264626000055,15.47136,62.062
42.11756057999992,15.393023999999999,62.093
42.1305763069995,15.393023999999999,62.25
42.14331260199924,15.432191999999999,61.875
42.156623567999304,15.432191999999999,61.875
42.16994704799981,15.47136,62.156
42.18212025499997,15.510528,62.531
42.19435323899961,15.549695999999999,62.125
42.206461355999636,15.549695999999999,62.375
42.21848876700005,15.549695999999999,62.031
42.23145437999938,15.588864,62.375
42.24343679699996,15.588864,62.156
42.255409390999375,15.588864,62.281
42.267370142999425,15.549695999999999,62.593
42.279333775999476,15.510528,62.156
42.29133625799932,15.510528,62.375
42.30336075699961,15.510528,62.312
42.31533472599949,15.432191999999999,62.093
42.327323511999566,15.432191999999999,62.25
42.33995129199957,15.47136,62.656
42.3520288159998,15.47136,62.218
42.36402841800009,15.47136,62.375
42.376009106999845,15.47136,62.062
42.38798774799943,15.47136,62.343
42.399974645999464,15.510528,62.125
42.41199066399986,15.549695999999999,62.312
42.42395980099991,15.549695999999999,62.562
42.43593767499988,15.549695999999999,62.25
42.44791788399925,15.510528,62.437
42.46012754000003,15.549695999999999,62.156
42.4721231099993,15.549695999999999,62.312
42.48409519100005,15.549695999999999,62.062
42.4962408450001,15.588864,62.187
42.508234846999585,15.588864,62.437
42.52020795199951,15.588864,62.375
42.53218899300009,15.628032,62.062
42.54413172999921,15.588864,62.281
42.55628903199977,15.510528,62.062
42.56822770399958,15.47136,62.218
42.58023629899981,15.432191999999999,62.468
42.59372291799991,15.393023999999999,62.375
42.607066621999365,15.432191999999999,61.906
42.62013239799944,15.432191999999999,62.187
42.6333918119999,15.47136,61.875
42.645635259999835,15.47136,62.156
42.65769582399935,15.510528,62.468
42.66978000399922,15.510528,62.375
42.68189295399952,15.549695999999999,62.125
42.6939709899998,15.549695999999999,62.25
42.70600448099958,15.549695999999999,62.031
42.71798344199942,15.549695999999999,62.218
42.729977891999624,15.549695999999999,62.625
42.741969876999974,15.510528,62.125
42.753959750999456,15.47136,62.375
42.76593627999955,15.47136,62.156
42.777898856999855,15.432191999999999,62.281
42.78990796399921,15.432191999999999,62.0
42.801907788999415,15.432191999999999,62.25
42.81390278299932,15.432191999999999,62.468
42.82587800100009,15.47136,62.218
42.83785897799953,15.47136,62.406
42.84982987500007,15.47136,62.156
42.86178848399959,15.47136,62.312
42.873748564999914,15.510528,62.093
42.885699492999265,15.510528,62.218
42.897745145000044,15.549695999999999,62.5
42.909761034999974,15.549695999999999,62.25
42.921771708999586,15.510528,62.375
42.933749261999765,15.549695999999999,62.25
42.94595728599961,15.549695999999999,62.031
42.95791426300002,15.549695999999999,62.156
42.96986224800003,15.588864,62.468
42.9819297869999,15.588864,62.031
42.99392062099923,15.588864,62.343
43.00590783899952,15.588864,62.062
43.0178797919998,15.549695999999999,62.218
43.02984819299945,15.510528,62.031
43.04180040099982,15.47136,62.125
43.05377853099981,15.432191999999999,62.468
43.06728383900008,15.393023999999999,62.218
43.08064312699935,15.432191999999999,62.0
43.09405521699955,15.47136,62.187
43.10725430899947,15.47136,62.125
43.119240181999885,15.510528,62.406
43.13128336999944,15.510528,62.093
43.1434260799997,15.549695999999999,62.312
43.155508467999425,15.549695999999999,62.281
43.170502649999435,15.549695999999999,62.062
43.18244768999921,15.549695999999999,62.218
43.195422679999865,15.549695999999999,62.562
43.207806132999394,15.549695999999999,62.156
43.220217553999646,15.510528,62.375
43.23256330999993,15.47136,62.125
43.244963338999696,15.47136,62.281
43.257310278999284,15.432191999999999,62.25
43.269616769000095,15.432191999999999,62.593
43.28197964499941,15.47136,62.218
43.2942693039995,15.47136,62.437
43.306558065999525,15.47136,62.093
43.318817962999674,15.47136,62.343
43.33113597400006,15.510528,62.125
43.34342956799992,15.510528,62.281
43.355760730999464,15.549695999999999,62.156
43.368247419,15.588864,62.437
43.38099005000004,15.549695999999999,62.218
43.3933810869994,15.549695999999999,62.406
43.40575743499994,15.588864,62.093
43.41813474399987,15.588864,62.25
43.43046600299931,15.588864,62.125
43.442795341999954,15.628032,62.406
43.45512519299973,15.588864,62.031
43.46774145299969,15.628032,62.218
43.48011405699981,15.628032,62.093
43.492487204999634,15.510528,62.218
43.50486352200005,15.510528,62.625
43.51723910199962,15.47136,62.343
43.531669300999965,15.432191999999999,62.375
43.546288912999444,15.47136,62.093
43.56063334800001,15.47136,61.906
43.57471115299995,15.510528,62.125
43.587254801999734,15.549695999999999,62.468
43.600011896999604,15.588864,62.343
43.61263378900003,15.628032,62.187
43.6252987529997,15.628032,62.343
43.6406067049993,15.667200000000001,62.218
43.65413892600009,15.706368000000001,62.093
43.66717250900001,15.706368000000001,62.562
43.67998694899961,15.706368000000001,62.156
43.69252096599939,15.706368000000001,62.375
43.70481011299944,15.745536,62.187
43.71705682499942,15.745536,62.343
43.72930309000003,15.784704,62.156
43.741481192999345,15.83712,62.687
43.75376352300009,15.83712,62.25
43.766104446999634,15.83712,62.437
43.77842514599979,15.83712,62.25
43.79087666399937,15.798016,62.343
43.80320885099991,15.83712,62.156
43.81555396699969,15.83712,62.218
43.82789799500006,15.83712,62.531
43.840255910999986,15.876224,62.437
43.85263542699977,15.83712,62.218
43.865022463999594,15.798016,62.375
43.87738015600007,15.83712,62.062
43.88971048699932,15.83712,62.187
43.90204238699971,15.83712,62.5
43.91431898799965,15.83712,62.218
43.926655367999956,15.83712,62.343
43.93896496199977,15.83712,62.312
43.95125311599986,15.83712,62.062
43.96355506300006,15.745536,62.156
43.97586203299943,15.706368000000001,62.5
43.98817844399946,15.706368000000001,62.062
44.00193697599934,15.628032,62.031
44.01614310399964,15.628032,62.25
44.029958084999635,15.667200000000001,62.187
44.044180788999256,15.706368000000001,62.062
44.06086065099953,15.745536,62.125
44.073663859999215,15.745536,62.375
44.08641970699955,15.784704,62.156
44.09905174300002,15.784704,62.125
44.114378861999285,15.784704,62.312
44.12686007799948,15.784704,62.531
44.13920618499924,15.784704,62.218
44.1515580209998,15.745536,62.218
44.16394032199969,15.706368000000001,62.343
44.17632796699945,15.667200000000001,62.093
44.18868473099974,15.628032,62.312
44.20104229499975,15.628032,62.656
44.213370481999846,15.628032,62.25
44.22572398200009,15.628032,62.406
44.23810439399949,15.628032,62.375
44.2504150449995,15.667200000000001,62.156
44.262810530000024,15.667200000000001,62.343
44.2751175329995,15.667200000000001,62.031
44.287414230999275,15.706368000000001,62.187
44.29981176399997,15.706368000000001,62.468
44.312126254999384,15.706368000000001,62.218
44.32446269799948,15.706368000000001,62.375
44.336781796999276,15.667200000000001,62.281
44.349242595999385,15.706368000000001,62.031
44.361578270999416,15.706368000000001,62.218
44.37393951499962,15.706368000000001,62.375
44.38681795799948,15.745536,62.125
44.39913427299962,15.745536,62.25
44.41143186699992,15.745536,62.25
44.423772917999486,15.745536,62.062
44.436034511999424,15.667200000000001,62.218
44.44839486000001,15.628032,62.375
44.46072807099972,15.588864,62.062
44.47502540200003,15.588864,62.031
44.48916896799983,15.588864,62.0
44.50359190199924,15.628032,62.125
44.518063892999635,15.628032,62.125
44.5306973050001,15.667200000000001,62.406
44.54344899199987,15.706368000000001,62.093
44.5561785029995,15.706368000000001,62.312
44.5687481369996,15.706368000000001,62.281
44.58409919299993,15.706368000000001,62.062
44.59666690699942,15.706368000000001,62.5
44.60905032699975,15.706368000000001,62.187
44.621369873999356,15.667200000000001,62.375
44.633692908999365,15.628032,62.156
44.646187244999965,15.628032,62.312
44.65849168799923,15.549695999999999,62.125
44.670811906999916,15.549695999999999,62.187
44.68314102199929,15.588864,62.531
44.69554124299975,15.588864,62.5
44.707886454999425,15.588864,62.093
44.720226417999584,15.588864,62.312
44.73255850899932,15.588864,62.062
44.744988234999255,15.628032,62.187
44.75734259899946,15.628032,62.5
44.76964083299936,15.628032,62.187
44.78200262199971,15.667200000000001,62.375
44.79436914599955,15.628032,62.406
44.80671387699931,15.628032,62.093
44.81901150399972,15.667200000000001,62.187
44.83126224899934,15.667200000000001,62.5
44.84357081899998,15.667200000000001,62.125
44.85587993399986,15.667200000000001,62.406
44.86737504099983,15.667200000000001,62.031
44.879190029999336,15.706368000000001,62.187
44.89142439099942,15.706368000000001,62.093
44.90418154999952,15.588864,62.468
44.916470023999864,15.549695999999999,62.125
44.92877091399987,15.549695999999999,62.25
44.94235462500001,15.47136,62.281
44.95663937900008,15.510528,61.937
44.97051343399926,15.549695999999999,61.906
44.98430799800008,15.549695999999999,62.375
45.00081755099927,15.588864,62.062
45.01366469699951,15.628032,62.312
45.02637721499923,15.667200000000001,62.25
45.03902531499989,15.628032,62.0
45.05354393199923,15.667200000000001,62.187
45.065718769999876,15.667200000000001,62.531
45.077764837999894,15.667200000000001,62.218
45.089803801000016,15.628032,62.125
45.101970190999964,15.588864,62.312
45.113977216999956,15.588864,62.031
45.12597313900005,15.549695999999999,62.218
45.137985892999495,15.510528,62.531
45.150073785999666,15.510528,62.156
45.16207649199987,15.549695999999999,62.468
45.17409222199967,15.549695999999999,62.156
45.1862002429998,15.549695999999999,62.312
45.198260102999484,15.549695999999999,62.156
45.2103752919993,15.549695999999999,62.25
45.222417998999845,15.588864,62.593
45.23441577699941,15.588864,62.218
45.24649611699988,15.628032,62.343
45.258495430999574,15.628032,62.187
45.270468215999244,15.588864,62.375
45.28229930099951,15.628032,62.062
45.294349015999614,15.628032,62.125
45.306364265999946,15.628032,62.5
45.31841116599935,15.628032,62.312
45.33043924799949,15.628032,62.062
45.342639623999275,15.667200000000001,62.218
45.35464792999937,15.667200000000001,62.093
45.36662221899951,15.628032,62.281
45.378602683999816,15.549695999999999,62.468
45.39059601400004,15.510528,62.0
45.40259359999982,15.510528,62.281
45.41556647699963,15.47136,62.031
45.42757689499922,15.510528,61.937
45.44117206200008,15.510528,62.031
45.45461816899933,15.510528,62.343
45.467051222999544,15.549695999999999,62.062
45.47920247699949,15.588864,62.343
45.491249983999296,15.588864,62.062
45.50330833999942,15.628032,62.25
45.51541363999968,15.628032,62.25
45.52744300299946,15.628032,62.5
45.53943486099979,15.628032,62.125
45.55143695900006,15.628032,62.375
45.56348328199965,15.549695999999999,62.093
45.57550797299973,15.549695999999999,62.312
45.58755915999973,15.510528,62.062
45.599578857999404,15.47136,62.187
45.61160012499931,15.47136,62.5
45.623675344999356,15.47136,62.093
45.63569542699952,15.510528,62.375
45.64775688699956,15.510528,62.125
45.6597650650001,15.510528,62.25
45.67195859200001,15.510528,62.125
45.68396948999998,15.510528,62.218
45.69617383399964,15.549695999999999,62.468
45.70825186999991,15.549695999999999,62.125
45.72025399999984,15.588864,62.375
45.73225401799937,15.549695999999999,62.343
45.74431752599958,15.549695999999999,62.125
45.756344103999254,15.588864,62.156
45.76835490599933,15.588864,62.375
45.780379885,15.588864,62.031
45.79264243799935,15.588864,62.343
45.80466172099932,15.588864,62.0
45.816667882999354,15.628032,62.218
45.82864047599924,15.628032,61.937
45.84066919799989,15.549695999999999,62.093
45.85266143999979,15.510528,62.437
45.86464542499925,15.47136,62.031
45.877138864999324,15.432191999999999,62.031
45.89062337299947,15.393023999999999,62.156
45.90396902900011,15.432191999999999,61.906
45.91602984800011,15.47136,62.062
45.92822033499942,15.510528,62.312
45.94032397199953,15.510528,62.062
45.95243301699975,15.549695999999999,62.343
45.96457761500005,15.549695999999999,62.031
45.97665091499948,15.549695999999999,62.0
45.991642664999745,15.549695999999999,62.187
46.00373500599926,15.588864,62.5
46.015751663999254,15.549695999999999,62.187
46.02782198799923,15.549695999999999,62.281
46.039826102000006,15.510528,62.281
46.0518066629993,15.510528,62.0
46.06382690600003,15.47136,62.281
46.075813034999555,15.432191999999999,62.406
46.08779023599982,15.432191999999999,62.062
46.099814638999305,15.432191999999999,62.375
46.11190656300005,15.432191999999999,62.093
46.124087481999595,15.47136,62.281
46.13615361399934,15.47136,62.093
46.14820886599955,15.47136,62.281
46.160203058999286,15.47136,62.437
46.17219619699972,15.510528,62.187
46.18419701499988,15.549695999999999,62.343
46.19629773999986,15.549695999999999,62.187
46.20832684600009,15.510528,62.343
46.22033428799932,15.549695999999999,62.531
46.23239405200002,15.549695999999999,62.125
46.244412405999356,15.549695999999999,62.5
46.25641098399956,15.549695999999999,62.312
46.268454362999364,15.588864,62.093
46.280455852999694,15.588864,62.156
46.292478174999815,15.628032,62.0
46.30449822599985,15.588864,62.156
46.31650128399997,15.510528,62.406
46.32847246899928,15.47136,62.093
46.34045344599963,15.47136,62.218
46.35461317299996,15.393023999999999,62.187
46.36792826799956,15.432191999999999,61.875
46.381225090000044,15.432191999999999,62.031
46.39454581700011,15.432191999999999,62.031
46.406902804999845,15.47136,62.281
46.41897536899978,15.510528,62.031
46.43109298999934,15.510528,62.125
46.44291565899948,15.549695999999999,62.093
46.4552323580001,15.549695999999999,62.156
46.46742172499944,15.549695999999999,62.406
46.47939582199979,15.549695999999999,62.125
46.49137727899961,15.549695999999999,62.375
46.50335579199964,15.510528,62.093
46.51537017899955,15.47136,62.218
46.527351828000064,15.47136,62.125
46.539364069999465,15.432191999999999,62.218
46.55131864699979,15.432191999999999,62.406
46.56331581699942,15.432191999999999,62.093
46.57530818599935,15.432191999999999,62.312
46.58728029899976,15.432191999999999,62.093
46.59926377299962,15.432191999999999,62.218
46.61133966499983,15.432191999999999,62.187
46.623645066999416,15.47136,62.531
46.63572559899967,15.47136,62.25
46.647794258999966,15.510528,62.375
46.65979066099953,15.549695999999999,62.093
46.67194652299986,15.549695999999999,62.25
46.684320790999664,15.510528,62.593
46.696661842999674,15.549695999999999,62.187
46.70894577299987,15.549695999999999,62.406
46.721228485999745,15.549695999999999,62.312
46.7336460839997,15.588864,62.031
46.746073282,15.588864,62.156
46.758322138999574,15.588864,61.875
46.77059665999968,15.588864,62.125
46.78287271799945,15.510528,62.375
46.79453339799966,15.47136,62.125
46.80679895999947,15.47136,62.25
46.82005325299997,15.393023999999999,62.156
46.83290660700004,15.393023999999999,62.0
46.84532429999945,15.432191999999999,62.031
46.85756205300004,15.47136,62.343
46.870880315999784,15.47136,62.031
46.883051569999225,15.510528,61.968
46.89523847300006,15.549695999999999,62.187
46.90734086199973,15.549695999999999,61.968
46.91949816399938,15.549695999999999,62.125
46.93392161099928,15.588864,62.437
46.94603513599941,15.588864,62.375
46.95808235499953,15.549695999999999,62.187
46.97010890099955,15.549695999999999,62.281
46.98211547899973,15.510528,62.062
46.9941298979993,15.510528,62.25
47.006189244999405,15.47136,62.437
47.0182371359997,15.432191999999999,62.156
47.03023859399946,15.432191999999999,62.25
47.04225352499998,15.432191999999999,62.062
47.0542861189997,15.432191999999999,62.312
47.066276536999794,15.47136,62.062
47.07827626699964,15.47136,62.218
47.09027106799931,15.47136,62.406
47.10225291000006,15.510528,62.093
47.114232158999584,15.510528,62.343
47.126237808999576,15.549695999999999,62.062
47.138256194999485,15.549695999999999,62.25
47.15032872699976,15.510528,62.625
47.16231280899956,15.510528,62.218
47.17429813799936,15.549695999999999,62.406
47.18628324399924,15.549695999999999,62.093
47.19832444699932,15.549695999999999,62.25
47.21029803199963,15.588864,62.25
47.2223878119994,15.588864,61.906
47.2344424869998,15.628032,62.187
47.246491978999984,15.588864,62.468
47.25841909799965,15.510528,62.093
47.27052612699936,15.47136,62.312
47.28249135999977,15.47136,61.937
47.29609190299925,15.393023999999999,61.968
47.30947013599962,15.432191999999999,62.062
47.3226732589992,15.432191999999999,62.281
47.3360494439994,15.432191999999999,62.218
47.34860515699984,15.47136,61.937
47.36077746799947,15.510528,62.156
47.37287163199926,15.510528,62.0
47.384945763999895,15.549695999999999,62.156
47.398002259999885,15.549695999999999,62.406
47.41032404699945,15.549695999999999,62.218
47.422327264999694,15.549695999999999,62.312
47.434333554999284,15.549695999999999,62.062
47.44646483999986,15.510528,62.218
47.458249491999595,15.510528,62.062
47.470340072,15.510528,62.468
47.48237375499957,15.432191999999999,62.218
47.49437895699975,15.432191999999999,62.343
47.50643196799956,15.47136,62.093
47.51843598599953,15.47136,62.281
47.53041478799969,15.47136,62.0
47.54241227700004,15.47136,62.218
47.55438189399956,15.47136,62.437
47.566419288999896,15.47136,62.218
47.57842365899978,15.510528,62.375
47.59041740499924,15.510528,62.125
47.60241182199934,15.549695999999999,62.25
47.614417567999226,15.549695999999999,62.125
47.62636987299993,15.510528,62.187
47.63835868999922,15.549695999999999,62.406
47.65035237199936,15.549695999999999,61.968
47.662336676999985,15.549695999999999,62.25
47.67433989499932,15.588864,61.937
47.68633792899982,15.588864,62.218
47.698363036000046,15.588864,62.468
47.7103484929994,15.588864,62.125
47.72236067099948,15.549695999999999,62.375
47.73435396900004,15.510528,62.343
47.746385763000035,15.47136,61.937
47.758361397000044,15.432191999999999,62.187
47.771828687999914,15.393023999999999,62.437
47.78524324099999,15.432191999999999,62.343
47.79880880699966,15.432191999999999,62.031
47.812020090999795,15.47136,62.125
47.824143183999695,15.510528,61.937
47.83628189399951,15.510528,62.093
47.84844684499967,15.549695999999999,61.968
47.86057054599951,15.549695999999999,62.375
47.87524091099931,15.549695999999999,62.125
47.88723504099926,15.549695999999999,62.343
47.89924795499974,15.549695999999999,62.093
47.91124947699973,15.549695999999999,62.312
47.923190004999924,15.510528,62.062
47.935152485999424,15.47136,62.187
47.9471458149992,15.47136,62.406
47.95911075999993,15.393023999999999,62.281
47.971066936999705,15.432191999999999,62.093
47.983026344999416,15.432191999999999,62.25
47.99508076499933,15.432191999999999,62.031
48.00708289499926,15.432191999999999,62.187
48.01906006399986,15.47136,62.468
48.03111422699931,15.47136,62.093
48.043097219999254,15.47136,62.375
48.055057204999684,15.510528,62.0
48.067044102999716,15.510528,62.187
48.07901736799977,15.549695999999999,62.031
48.09099194499959,15.510528,62.281
48.10298968999996,15.510528,62.375
48.1150945749996,15.549695999999999,62.093
48.12705123199976,15.549695999999999,62.375
48.139036433,15.549695999999999,61.968
48.151088324999364,15.549695999999999,62.218
48.16320904999975,15.588864,62.468
48.17516516199976,15.588864,62.187
48.18711497099957,15.588864,62.375
48.19911143599984,15.510528,62.0
48.211092701999405,15.47136,62.375
48.223053005999645,15.47136,62.187
48.23504435199993,15.393023999999999,62.468
48.248412279999684,15.393023999999999,62.062
48.2616605889998,15.432191999999999,62.281
48.275056581999706,15.432191999999999,62.187
48.28820805699979,15.47136,61.968
48.30026148399975,15.510528,62.031
48.31244979499934,15.510528,61.906
48.324600152999665,15.549695999999999,62.093
48.33668874899922,15.549695999999999,62.093
48.34977900600006,15.549695999999999,62.343
48.36181236899938,15.588864,62.031
48.37386467599936,15.549695999999999,62.25
48.38599932099987,15.549695999999999,62.031
48.398189425000055,15.510528,62.156
48.41019789099937,15.47136,62.437
48.42217387599976,15.47136,62.125
48.43417203699937,15.432191999999999,62.25
48.446280377999756,15.432191999999999,62.093
48.45830314899922,15.47136,62.218
48.470305182999255,15.47136,62.562
48.48266271400007,15.47136,62.218
48.49493285199969,15.47136,62.437
48.50701386399942,15.47136,62.375
48.51909266799976,15.510528,62.031
48.53112996699929,15.549695999999999,62.281
48.543117343999256,15.549695999999999,62.031
48.55513384200003,15.549695999999999,62.218
48.567093154999384,15.510528,62.468
48.57906171600007,15.549695999999999,62.156
48.59103523699923,15.588864,62.25
48.603020853999624,15.549695999999999,62.0
48.6150096399997,15.588864,62.218
48.62699989699922,15.588864,62.468
48.6389900589993,15.588864,62.093
48.651013468999736,15.628032,62.375
48.66330568699959,15.549695999999999,62.125
48.675317673999416,15.510528,62.312
48.687293626999235,15.47136,61.968
48.699488081999334,15.432191999999999,62.5
48.71305534399926,15.432191999999999,62.031
48.726674958999865,15.432191999999999,62.25
48.739969604999715,15.47136,62.25
48.75188818099923,15.47136,61.906
48.764137677999315,15.510528,62.125
48.776325316999646,15.549695999999999,61.968
48.78844780199961,15.549695999999999,62.156
48.800533390000055,15.588864,62.375
48.812622626999655,15.588864,62.125
48.82466843799921,15.588864,62.312
48.83668775199931,15.588864,62.125
48.84868264999932,15.549695999999999,62.218
48.86082084699956,15.549695999999999,62.593
48.872997605999444,15.510528,62.218
48.88507445799951,15.510528,62.375
48.897087563999776,15.432191999999999,62.343
48.90921798599993,15.432191999999999,62.062
48.921345942999324,15.47136,62.218
48.933432586999515,15.47136,62.562
48.94554131199948,15.47136,62.187
48.95756833899941,15.47136,62.375
48.96957427699999,15.47136,62.031
48.981583830999625,15.510528,62.375
48.993573319999996,15.510528,62.062
49.00567798099928,15.549695999999999,62.187
49.017682126999716,15.549695999999999,62.531
49.029738369999905,15.549695999999999,62.218
49.041755988999284,15.510528,62.5
49.053768934999425,15.549695999999999,62.062
49.06577426500007,15.549695999999999,62.281
49.07775428199966,15.549695999999999,61.968
49.0897664919994,15.588864,62.156
49.101894544999595,15.588864,62.406
49.1138881629995,15.588864,62.343
49.125869043999955,15.588864,62.093
49.13786118999997,15.510528,62.218
49.15002341999934,15.47136,62.062
49.16204209499938,15.47136,62.125
49.17603992899967,15.393023999999999,62.093
49.18968572099948,15.393023999999999,62.281
49.202792778,15.393023999999999,62.031
49.21517421399949,15.432191999999999,62.187
49.22842233099982,15.47136,62.156
49.240446701999645,15.510528,61.937
49.25267485399945,15.510528,62.125
49.26479628299967,15.549695999999999,62.312
49.27701877099935,15.549695999999999,62.062
49.29069201999937,15.549695999999999,62.375
49.30269162199966,15.549695999999999,62.093
49.31470162400001,15.549695999999999,62.312
49.326661575999424,15.510528,62.218
49.3389784029996,15.47136,62.406
49.35101803799989,15.47136,62.062
49.36306218499976,15.47136,62.343
49.37502933799988,15.432191999999999,62.031
49.38703409199934,15.432191999999999,62.187
49.39911574399957,15.432191999999999,62.031
49.411105040999246,15.47136,62.25
49.42309744299928,15.47136,62.437
49.43506321999939,15.47136,62.187
49.447126215000026,15.47136,62.375
49.45910751199972,15.510528,62.125
49.471288174999245,15.510528,62.281
49.48329456099964,15.549695999999999,62.531
49.49540715799958,15.549695999999999,62.468
49.508753229999456,15.510528,62.25
49.52121102000001,15.549695999999999,62.375
49.53354455199951,15.588864,62.062
49.54602285500005,15.588864,62.218
49.558378914999594,15.588864,62.531
49.57070898999973,15.588864,62.375
49.58302690399978,15.628032,62.0
49.595327922999786,15.628032,62.25
49.60770033499921,15.549695999999999,61.968
49.62012001199946,15.510528,62.281
49.63257348299976,15.47136,61.937
49.64624855599959,15.393023999999999,62.406
49.66055878299994,15.393023999999999,62.281
49.674549159999515,15.432191999999999,62.0
49.68869752699993,15.47136,61.906
49.70169728499968,15.47136,62.187
49.71438912999929,15.549695999999999,62.437
49.72702270099944,15.549695999999999,62.093
49.73968024199985,15.549695999999999,62.187
49.75392861099954,15.588864,62.375
49.766266749999886,15.588864,62.062
49.77855455200006,15.588864,62.312
49.79082708899932,15.549695999999999,62.562
49.80312890799996,15.549695999999999,62.125
49.815420101999734,15.510528,62.125
49.8277108479997,15.510528,62.375
49.839989016999425,15.432191999999999,62.062
49.85230600399973,15.432191999999999,62.187
49.86463086299955,15.432191999999999,61.937
49.87692231299934,15.47136,62.187
49.889222242999494,15.47136,62.406
49.90160857599949,15.47136,62.156
49.913903257999664,15.47136,62.062
49.92618555499939,15.510528,62.343
49.93850036599997,15.549695999999999,62.062
49.95075424700008,15.549695999999999,62.187
49.96300604799944,15.588864,62.437
49.97527048899974,15.549695999999999,62.187
49.98757118699996,15.549695999999999,62.375
49.99989114999971,15.588864,62.093
50.01220074499997,15.588864,62.25
50.024514370999896,15.588864,62.187
50.036769435999304,15.588864,62.468
50.049046677999286,15.628032,62.0
50.06129470199994,15.628032,62.375
50.073563271999774,15.628032,62.187
50.08583523299967,15.549695999999999,62.156
50.09813810699961,15.47136,61.968
50.110531671999524,15.47136,62.406
50.12454025899933,15.432191999999999,62.031
50.138600205999865,15.47136,61.968
50.15298496299965,15.510528,62.218
50.16605022699969,15.510528,62.156
50.1786181009993,15.549695999999999,62.406
50.19120555900008,15.588864,62.156
50.203755896000075,15.588864,62.375
50.21853915999964,15.588864,62.281
50.231076120999205,15.588864,62.0
50.24340002000008,15.588864,62.25
50.25575492799999,15.588864,62.656
50.26800346499931,15.588864,62.156
50.28048138399936,15.549695999999999,62.062
50.29299741599971,15.510528,62.343
50.305332322999675,15.510528,62.0
50.31770726400009,15.47136,62.281
50.33002623399989,15.47136,62.062
50.34241298300003,15.47136,62.218
50.354703504999634,15.47136,62.468
50.366970761999255,15.510528,62.312
50.37920224199934,15.510528,62.062
50.39151766099985,15.510528,62.343
50.403784469999664,15.549695999999999,62.093
50.416012237999894,15.549695999999999,62.187
50.428245670999786,15.588864,62.5
50.44051807999949,15.588864,62.218
50.452802649999285,15.549695999999999,62.343
50.46523631199943,15.588864,62.125
50.47753038599967,15.588864,62.093
50.489826411999275,15.588864,62.125
50.5020943089994,15.628032,62.406
50.51430415699997,15.588864,61.937
50.52665445599996,15.628032,62.281
50.53898766799921,15.628032,62.062
50.55124663700008,15.549695999999999,62.156
50.56350848599959,15.510528,62.031
50.57576652699936,15.510528,62.343
50.590170195999235,15.393023999999999,62.312
50.60428444899935,15.432191999999999,61.968
50.61831271599931,15.432191999999999,62.187
50.63188906599953,15.47136,62.0
50.64474117200007,15.47136,62.437
50.65740603999984,15.510528,62.031
50.66994364099992,15.549695999999999,62.281
50.682479161999254,15.549695999999999,62.25
50.697891435999736,15.549695999999999,62.062
50.71017837399995,15.588864,62.0
50.72241791799934,15.588864,62.187
50.73464827799944,15.549695999999999,62.468
50.74701201799962,15.510528,62.093
50.759237898999345,15.510528,62.375
50.771484642999894,15.47136,62.062
50.7838119019998,15.432191999999999,62.187
50.796195098999306,15.432191999999999,62.093
50.80844664399956,15.432191999999999,62.375
50.82069860399952,15.47136,62.125
50.83296288599922,15.47136,62.375
50.84528009599944,15.47136,62.062
50.85752472900003,15.47136,62.312
50.86981777899928,15.510528,62.0
50.88209037999968,15.510528,62.187
50.89434355699996,15.549695999999999,62.406
50.90661289399941,15.549695999999999,62.125
50.918864022999514,15.510528,62.406
50.93109959999947,15.549695999999999,62.281
50.94335652099926,15.549695999999999,62.0
50.955660642999646,15.549695999999999,62.125
50.967968029000076,15.588864,62.406
50.98019589299929,15.588864,62.093
50.992443309999544,15.588864,62.312
51.00477495299947,15.628032,62.031
51.01708915600011,15.588864,62.281
51.02945731199998,15.510528,62.093
51.04171541699998,15.47136,62.375
51.054057651999756,15.432191999999999,62.125
51.06817846600006,15.432191999999999,62.062
51.082140906999484,15.432191999999999,62.187
51.096241559999726,15.47136,62.093
51.10906492899994,15.510528,62.437
51.1217170609998,15.510528,62.031
51.134247813,15.549695999999999,62.375
51.146873544999835,15.588864,62.062
51.159354919999714,15.549695999999999,62.062
51.17180883799938,15.549695999999999,62.343
51.18414137799937,15.588864,62.687
51.19665136200001,15.549695999999999,62.156
51.208942363999995,15.549695999999999,62.375
51.2212044049993,15.510528,62.062
51.233489421999366,15.510528,62.312
51.245932844999516,15.510528,62.343
51.258209637999244,15.432191999999999,62.0
51.27041234999979,15.432191999999999,62.125
51.28265381399979,15.47136,62.375
51.29489441499936,15.47136,62.062
51.30715344799955,15.47136,62.343
51.31941139299943,15.47136,62.156
51.331720090999625,15.47136,62.218
51.34397963599986,15.510528,62.625
51.3562161079999,15.549695999999999,62.468
51.36843475599926,15.549695999999999,62.156
51.380700060999516,15.588864,62.343
51.39299448699967,15.510528,62.062
51.40544462999969,15.549695999999999,62.281
51.41774321599951,15.588864,61.968
51.430020680999405,15.549695999999999,62.062
51.44230617899939,15.588864,62.375
51.454589052999836,15.588864,62.062
51.4668853029998,15.588864,62.031
51.47917697699995,15.628032,62.218
51.491426474000036,15.549695999999999,62.0
51.50371238699972,15.510528,62.156
51.51597858900004,15.47136,62.343
51.528292214999965,15.432191999999999,62.312
51.54260096999951,15.432191999999999,61.968
51.55662379599926,15.47136,61.968
51.57029685299949,15.47136,62.093
51.583356420999735,15.510528,62.468
51.59609159499996,15.549695999999999,62.093
51.60864545200002,15.588864,61.968
51.62152299899935,15.588864,62.281
51.634252764999474,15.588864,62.031
51.646696346999306,15.588864,62.218
51.658992276999925,15.588864,62.5
51.671215948999816,15.588864,62.187
51.68343738099975,15.549695999999999,62.093
51.69586489899939,15.510528,62.281
51.708138364999286,15.510528,62.0
51.72041378199992,15.47136,62.187
51.732664334999754,15.47136,62.562
51.744979272999444,15.47136,62.125
51.75725753899951,15.47136,62.406
51.769565276999856,15.510528,62.062
51.78194172199983,15.510528,62.312
51.79423816399958,15.510528,62.343
51.80656551899938,15.510528,62.531
51.818805830999736,15.549695999999999,62.218
51.831061152000075,15.588864,62.437
51.84329548000005,15.588864,62.062
51.85555329699946,15.588864,62.437
51.867808041999524,15.549695999999999,62.093
51.88010633999966,15.588864,62.187
51.89241235099962,15.628032,62.468
51.904652118999365,15.628032,62.312
51.916893071999766,15.628032,62.093
51.92917434499941,15.628032,62.25
51.941432577999876,15.628032,61.968
51.953685339,15.628032,62.187
51.965947572000005,15.549695999999999,62.375
51.97820942099952,15.510528,62.187
51.990422021000086,15.510528,61.937
52.00440122999953,15.393023999999999,62.187
52.01873075399999,15.432191999999999,62.156
52.03252688599969,15.47136,62.062
52.04668113999924,15.47136,62.343
52.059364792999986,15.510528,62.062
52.072000733000095,15.549695999999999,62.312
52.08462815999974,15.588864,62.062
52.09729200499987,15.588864,62.062
52.11129227099991,15.588864,62.218
52.12355539999953,15.588864,62.437
52.13585811399935,15.588864,62.156
52.148251614999936,15.549695999999999,62.343
52.160527095999896,15.549695999999999,62.312
52.1728244979995,15.510528,62.031
52.185111627999504,15.510528,62.187
52.19737731699934,15.47136,62.5
52.20978118599942,15.47136,62.156
52.2220584279994,15.47136,62.375
52.23431678899942,15.47136,62.093
52.246686000999944,15.47136,62.312
52.25900989999991,15.510528,62.25
52.27129331699962,15.510528,62.593
52.28356003099998,15.510528,62.187
52.29591512999923,15.549695999999999,62.406
52.30821435599955,15.549695999999999,62.125
52.32046730899947,15.588864,62.312
52.33273021399964,15.549695999999999,62.187
52.34519728499981,15.549695999999999,62.281
52.35749839899927,15.588864,62.125
52.369800216999465,15.588864,62.375
52.38208763500006,15.588864,61.968
52.39436449299956,15.588864,62.312
52.406643110000005,15.588864,61.937
52.418978112999866,15.628032,62.25
52.43122709799991,15.588864,62.562
52.44350363600006,15.549695999999999,62.125
52.45578612499958,15.47136,62.375
52.46804858199994,15.47136,62.312
52.48241404300006,15.432191999999999,62.156
52.49654407199978,15.47136,61.875
52.51085948299988,15.510528,62.375
52.52352838399929,15.510528,61.968
52.53621149199989,15.549695999999999,62.312
52.548766949999845,15.588864,62.031
52.56137552899963,15.588864,62.187
52.5740974549999,15.588864,62.187
52.58648106700002,15.588864,62.531
52.598794117999205,15.588864,62.218
52.61104902199986,15.588864,62.406
52.62335333699957,15.588864,62.093
52.635738164999566,15.510528,62.187
52.648392408999825,15.510528,62.031
52.66079854999953,15.510528,62.5
52.67323349199978,15.432191999999999,62.218
52.68566574599936,15.47136,62.406
52.698032109999986,15.47136,62.125
52.710372552999615,15.47136,62.312
52.722699043999455,15.47136,62.093
52.735036671999296,15.47136,62.187
52.74738498699935,15.510528,62.5
52.75977387999956,15.510528,62.468
52.77212475499982,15.549695999999999,62.125
52.784477070999856,15.588864,62.343
52.79687223599922,15.549695999999999,62.093
52.80921939899963,15.549695999999999,62.25
52.82156454699998,15.588864,62.437
52.833909917999335,15.588864,62.062
52.846338811999885,15.588864,62.031
52.85867733499981,15.628032,62.375
52.870972656999584,15.628032,61.906
52.88328701899991,15.628032,62.125
52.89565795999988,15.628032,62.437
52.9079702099998,15.549695999999999,62.093
52.92025381999974,15.510528,62.375
52.932548629999474,15.510528,62.218
52.946690595999826,15.432191999999999,62.156
52.96124479699938,15.47136,61.937
52.97483061999992,15.47136,62.343
52.989212655999836,15.510528,62.031
53.00209769100002,15.549695999999999,62.375
53.014655003999906,15.588864,62.031
53.02712479499951,15.588864,62.218
53.03969394899923,15.588864,62.218
53.05376404099934,15.588864,62.468
53.06607686699954,15.588864,62.156
53.07833497199954,15.628032,62.406
53.09061087000009,15.588864,62.281
53.10289115099931,15.549695999999999,62.0
53.11512570400009,15.549695999999999,62.218
53.12736892799967,15.510528,62.593
53.13964956199925,15.47136,62.156
53.151950931999636,15.47136,62.375
53.16471586699936,15.510528,62.156
53.17697925199991,15.510528,62.375
53.18926714999998,15.510528,62.25
53.20180196699948,15.510528,62.562
53.214146121999875,15.510528,62.125
53.226387490999514,15.549695999999999,62.468
53.238779998999235,15.588864,62.156
53.25105176899979,15.588864,62.25
53.26327806499921,15.628032,62.156
53.275566601999344,15.549695999999999,62.25
53.288020776999474,15.588864,62.187
53.30039850100002,15.628032,62.375
53.31267603099968,15.628032,62.187
53.32493755999985,15.628032,62.25
53.337199345000045,15.628032,62.0
53.3495004589995,15.628032,62.187
53.361771236000095,15.667200000000001,62.562
53.37403788499978,15.588864,62.187
53.386351223999554,15.549695999999999,62.187
53.39864913800011,15.510528,62.281
53.41089632999956,15.47136,62.031
53.42507285699958,15.47136,61.968
53.439105699999345,15.510528,62.125
53.45321422500001,15.510528,62.0
53.465825907999715,15.549695999999999,62.312
53.47841762200005,15.588864,62.0
53.49097010399964,15.588864,62.218
53.5035605059993,15.628032,62.218
53.518893256999945,15.628032,62.531
53.53123603699987,15.628032,62.156
53.543550590999985,15.628032,62.406
53.55580632799956,15.628032,62.343
53.56816657999934,15.588864,62.125
53.58043652499964,15.549695999999999,62.187
53.59273376700003,15.549695999999999,62.531
53.60506905799957,15.510528,62.187
53.61735125999985,15.510528,62.437
53.62965240599988,15.510528,62.125
53.641925518999415,15.510528,62.281
53.65418490399952,15.510528,62.312
53.66641334399992,15.510528,61.968
53.678655512999285,15.510528,62.218
53.69089361699935,15.549695999999999,62.437
53.70315175399992,15.549695999999999,62.125
53.715398114999516,15.588864,62.312
53.72767209199992,15.588864,62.125
53.73991573300009,15.588864,62.281
53.752203021999776,15.588864,62.656
53.764501609000035,15.588864,62.375
53.77676573000008,15.628032,62.156
53.78904031499951,15.588864,62.25
53.80129429199951,15.628032,62.125
53.81355425299989,15.628032,62.187
53.82584755900007,15.628032,62.437
53.83810665599958,15.628032,62.156
53.85047055599989,15.549695999999999,62.343
53.86267832299927,15.510528,62.156
53.87492353199923,15.510528,61.968
53.88945750899984,15.432191999999999,61.968
53.903881721999824,15.47136,62.093
53.9180299289992,15.47136,62.031
53.931828428999324,15.510528,62.281
53.94465822999973,15.549695999999999,62.031
53.95732066599976,15.588864,62.187
53.9698651789995,15.588864,62.156
53.9826390749995,15.588864,62.5
53.99585134999961,15.588864,62.187
54.00816088099964,15.628032,62.312
54.02043549799964,15.628032,62.156
54.03264579400002,15.588864,61.968
54.044890393999594,15.549695999999999,62.218
54.05720533299973,15.549695999999999,62.531
54.06944234899947,15.549695999999999,62.125
54.08169251799973,15.47136,62.406
54.093940926999494,15.47136,62.125
54.106188406999536,15.510528,62.312
54.11843828800011,15.510528,61.968
54.13073690599958,15.510528,62.281
54.142983138999625,15.510528,62.156
54.155202074000044,15.510528,62.5
54.16743115400004,15.549695999999999,62.093
54.17985521599985,15.588864,62.312
54.19210077699972,15.588864,62.031
54.20452211799966,15.628032,62.218
54.21682697599954,15.549695999999999,62.593
54.2290923139999,15.588864,62.156
54.2413357939995,15.588864,62.375
54.25360993100003,15.588864,62.375
54.265892292999524,15.628032,62.031
54.27814665400001,15.628032,62.156
54.29052837800009,15.628032,62.437
54.302774482999666,15.667200000000001,62.062
54.31501441099954,15.588864,62.468
54.327239810999345,15.549695999999999,62.062
54.339442554000016,15.510528,62.218
54.351758036999854,15.47136,62.25
54.366089959999954,15.432191999999999,62.031
54.380057200999545,15.47136,62.406
54.3936687839996,15.510528,62.031
54.40647535199969,15.549695999999999,61.968
54.419299649000095,15.588864,62.281
54.43192352499955,15.588864,61.937
54.44456877599987,15.628032,62.593
54.4599958660001,15.628032,62.187
54.47235928600003,15.628032,62.5
54.48466046399972,15.628032,62.125
54.49699965999935,15.628032,62.312
54.50927789299931,15.588864,62.187
54.52152969399958,15.549695999999999,62.531
54.53380783099965,15.549695999999999,62.218
54.54616789099964,15.47136,62.406
54.55841223599964,15.47136,62.156
54.570670755999345,15.510528,62.312
54.58294262199979,15.510528,61.906
54.59515928499968,15.510528,62.187
54.6073796289993,15.510528,62.562
54.61980330699953,15.549695999999999,62.531
54.63210368499949,15.549695999999999,62.125
54.644350046,15.588864,62.281
54.65700793799988,15.588864,62.125
54.669346044999656,15.628032,62.156
54.68168155999956,15.588864,62.625
54.694030354999995,15.588864,62.187
54.70644244899995,15.588864,62.406
54.71879156399973,15.628032,62.375
54.73114858400004,15.628032,62.0
54.743488258999605,15.628032,62.281
54.755802300999676,15.628032,62.437
54.76815916099986,15.667200000000001,62.062
54.780486035999274,15.667200000000001,62.437
54.792826702999264,15.549695999999999,62.093
54.80513610499929,15.510528,62.0
54.81753258199933,15.510528,62.156
54.832319589999315,15.47136,62.156
54.846487252999395,15.510528,62.375
54.85987479799951,15.510528,62.312
54.87312173000009,15.549695999999999,62.093
54.88579795899932,15.588864,62.25
54.898390792999635,15.588864,61.937
54.91102062099981,15.628032,62.562
54.92380834100004,15.628032,62.093
54.93666258999929,15.628032,62.468
54.949290529999416,15.667200000000001,62.125
54.96158578699942,15.628032,62.343
54.97388635799962,15.628032,62.156
54.986189775999264,15.588864,62.531
54.99844458499956,15.588864,62.125
55.01069366499996,15.588864,62.375
55.02297257099963,15.510528,62.062
55.035222482999416,15.510528,62.25
55.04751924499942,15.510528,62.156
55.05979725499947,15.549695999999999,62.281
55.072153697999966,15.549695999999999,62.531
55.08444181999948,15.549695999999999,62.156
55.09685426499982,15.549695999999999,62.031
55.10910958599925,15.588864,62.375
55.12134506699931,15.588864,62.062
55.13362077199963,15.628032,62.218
55.146006047999435,15.628032,62.593
55.15826706499956,15.588864,62.218
55.17049316900011,15.588864,62.375
55.18274048999956,15.628032,62.062
55.19505776499955,15.628032,62.25
55.207315420999294,15.628032,62.187
55.219644727999366,15.628032,62.5
55.231928497999434,15.667200000000001,62.093
55.244189387000006,15.667200000000001,62.375
55.25686004699946,15.588864,62.031
55.269242411999585,15.549695999999999,62.312
55.2816206159996,15.510528,62.093
55.29479397899922,15.432191999999999,61.906
55.30893808899964,15.432191999999999,62.406
55.32319247399937,15.47136,62.031
55.33699350200004,15.510528,61.937
55.34961622499941,15.510528,62.187
55.36217276999923,15.549695999999999,61.968
55.37463024099998,15.588864,62.125
55.387161089000074,15.588864,62.093
55.40255953899941,15.588864,62.375
55.41485406099946,15.588864,62.031
55.427105732999735,15.628032,62.281
55.43933516499965,15.588864,62.062
55.45163736699942,15.549695999999999,62.031
55.463929744999405,15.510528,62.125
55.476203307000105,15.510528,62.5
55.488434018999214,15.47136,62.125
55.50066527499985,15.47136,62.312
55.51290337899991,15.47136,62.031
55.52517025199995,15.47136,62.218
55.53742157299985,15.510528,62.593
55.54971327899966,15.510528,62.218
55.561975575999895,15.510528,62.125
55.57425099299962,15.510528,62.375
55.58646772099928,15.549695999999999,62.031
55.59870995299934,15.549695999999999,62.187
55.61097256999983,15.588864,62.562
55.62320779399943,15.549695999999999,62.281
55.63556737399995,15.549695999999999,62.406
55.64785859999938,15.588864,62.125
55.66021990799982,15.588864,62.25
55.672425338999346,15.588864,62.156
55.684638898999765,15.588864,62.0
55.69696510199992,15.628032,62.125
55.709238790999734,15.628032,62.375
55.72153904099923,15.628032,62.062
55.733899100999224,15.549695999999999,62.25
55.74627154499922,15.47136,62.0
55.75851508899996,15.510528,61.968
55.772875940999256,15.432191999999999,62.343
55.78729221899994,15.47136,61.968
55.8014483930001,15.510528,62.281
55.814211055999294,15.510528,62.218
55.82697746299982,15.549695999999999,61.937
55.839570361999904,15.588864,62.093
55.85212255499937,15.588864,62.468
55.86468767599945,15.588864,62.062
55.87703602399961,15.588864,62.343
55.88936078699953,15.588864,62.375
55.90167953299988,15.588864,62.093
55.9139634309995,15.588864,62.156
55.92622783999923,15.549695999999999,62.531
55.93847525599995,15.510528,62.156
55.95074020899938,15.510528,62.406
55.96296970499952,15.47136,62.031
55.975205665999965,15.47136,62.281
55.98743669799933,15.47136,62.187
55.99976046899974,15.47136,62.562
56.01209985599962,15.510528,62.187
56.02436640899941,15.510528,62.406
56.036614816999645,15.510528,62.156
56.04887999499988,15.549695999999999,62.343
56.061135090999414,15.549695999999999,62.031
56.07334010699924,15.588864,62.218
56.085587683000085,15.588864,62.5
56.097906429999966,15.549695999999999,62.5
56.11017736699978,15.588864,62.125
56.12242343999969,15.588864,62.281
56.13465840799927,15.588864,62.0
56.14703405199998,15.628032,62.125
56.15928713299945,15.628032,62.406
56.171548245999475,15.628032,62.093
56.183774413999345,15.628032,62.375
56.19611789699957,15.588864,62.093
56.20840137899995,15.549695999999999,62.031
56.220630330999484,15.510528,62.093
56.232862226999714,15.47136,62.468
56.24691519799944,15.432191999999999,62.437
56.26130680299957,15.47136,62.312
56.2757011599997,15.510528,62.031
56.28822067999954,15.549695999999999,62.187
56.300848362999204,15.549695999999999,61.937
56.31337178800004,15.588864,62.156
56.32592526099961,15.588864,62.375
56.34089073799987,15.628032,62.375
56.35327972599953,15.628032,62.281
56.366056533999654,15.628032,62.031
56.37827780599946,15.667200000000001,62.312
56.39051091799956,15.628032,62.562
56.402746013999604,15.588864,62.187
56.41497010199964,15.588864,62.468
56.427196749999894,15.510528,62.093
56.43941190899932,15.510528,62.375
56.45169075099966,15.549695999999999,62.0
56.463942775999385,15.549695999999999,62.25
56.476231728999664,15.549695999999999,62.218
56.488527722999606,15.549695999999999,62.406
56.500818820999484,15.549695999999999,62.125
56.513079677999485,15.549695999999999,62.312
56.52528904499923,15.588864,61.968
56.53760868799964,15.588864,62.187
56.549904393999896,15.628032,62.562
56.56217654699958,15.588864,62.25
56.57441116299924,15.588864,62.437
56.58662613099932,15.628032,62.281
56.59887741999955,15.628032,62.093
56.61108182699991,15.628032,62.187
56.62349836799967,15.628032,62.562
56.6357752899994,15.628032,62.062
56.64806590699936,15.667200000000001,62.312
56.66037466999933,15.667200000000001,62.031
56.67294423899966,15.549695999999999,62.25
56.685264617999565,15.510528,62.187
56.69756211599997,15.510528,62.406
56.711640239999724,15.47136,62.406
56.72599696399993,15.510528,61.968
56.7403694959994,15.510528,61.937
56.75340800699996,15.549695999999999,62.187
56.766080426999906,15.588864,61.937
56.778618091999306,15.628032,62.125
56.79122491099952,15.628032,62.406
56.80404319099944,15.628032,62.375
56.81680201399922,15.667200000000001,62.062
56.82928694199927,15.667200000000001,62.281
56.84151474200007,15.667200000000001,62.031
56.853794190999906,15.667200000000001,62.187
56.86604685599923,15.628032,62.468
56.87831862499934,15.588864,62.343
56.89057442600006,15.588864,62.031
56.90278193699942,15.510528,62.343
56.915034474000095,15.549695999999999,62.0
56.927270049999606,15.549695999999999,62.218
56.93950917799975,15.549695999999999,62.468
56.95185627799947,15.549695999999999,62.187
56.96408324599997,15.549695999999999,62.375
56.976368390999596,15.588864,62.156
56.988643040999705,15.588864,62.0
57.00088012099968,15.628032,62.281
57.013167442999475,15.628032,62.5
57.02540426699943,15.667200000000001,62.156
57.03766217999964,15.588864,62.406
57.04998367799999,15.628032,62.031
57.06224386299982,15.628032,62.25
57.07448049499999,15.628032,62.062
57.08669418299996,15.667200000000001,62.093
57.09898390499984,15.667200000000001,62.062
57.11120981699969,15.667200000000001,62.312
57.12341703999937,15.706368000000001,62.0
57.13569796199954,15.628032,62.25
57.147971970999606,15.588864,62.0
57.160206586999266,15.549695999999999,62.062
57.17245541200009,15.510528,62.125
57.18660054599968,15.47136,62.281
57.20021040099982,15.510528,62.25
57.214139463999345,15.549695999999999,61.968
57.22695912099971,15.549695999999999,62.093
57.23955339499935,15.588864,62.531
57.25211086899981,15.628032,62.062
57.26465413299957,15.628032,62.031
57.277169846000106,15.628032,62.375
57.28967710899997,15.628032,62.093
57.30197902300006,15.628032,62.25
57.31425562499953,15.588864,62.0
57.32650345699949,15.588864,62.156
57.33874620200004,15.549695999999999,62.437
57.35099771399928,15.549695999999999,62.156
57.36321524199957,15.549695999999999,62.093
57.375515748,15.47136,62.312
57.38777186900006,15.47136,62.0
57.40001906099951,15.47136,62.25
57.41232004699941,15.510528,62.5
57.42457863199979,15.510528,62.125
57.43683523299933,15.510528,62.375
57.44910940199952,15.510528,62.062
57.46134404999975,15.549695999999999,62.218
57.47367306899923,15.549695999999999,62.218
57.48590336500001,15.588864,62.468
57.498144797999885,15.588864,62.218
57.510347284999625,15.549695999999999,62.406
57.522610381999584,15.588864,62.093
57.53487424699961,15.588864,62.187
57.54728041999988,15.588864,62.031
57.55955177299984,15.628032,62.093
57.57179038899994,15.628032,62.468
57.583992365000086,15.628032,62.25
57.59627594199992,15.628032,62.062
57.608549438999944,15.588864,62.25
57.62083848899965,15.549695999999999,62.0
57.633081872999355,15.510528,62.0
57.64534167399961,15.47136,62.375
57.65914759899988,15.432191999999999,62.281
57.672877584999696,15.47136,62.218
57.68694863699966,15.510528,62.0
57.69974733299932,15.549695999999999,62.156
57.71227837299921,15.588864,62.562
57.72478928500004,15.588864,62.125
57.737320837999505,15.588864,62.312
57.753487596000014,15.628032,62.031
57.765806118999535,15.628032,62.218
57.778100032999646,15.628032,62.031
57.790358105999985,15.628032,62.218
57.80263205099982,15.588864,62.375
57.81490685999961,15.549695999999999,62.062
57.82714608399965,15.549695999999999,62.375
57.83938902099999,15.47136,62.062
57.85174844099947,15.47136,62.187
57.86400356899958,15.510528,62.187
57.87630061899927,15.510528,62.406
57.88855059599973,15.510528,62.156
57.90085388599982,15.510528,62.406
57.913091542000075,15.510528,62.062
57.92531764599971,15.549695999999999,62.25
57.93759168699944,15.549695999999999,62.093
57.94991033799943,15.588864,62.156
57.96216873100002,15.588864,62.156
57.974415154999406,15.549695999999999,62.468
57.986765358999946,15.549695999999999,62.125
57.99904797599993,15.588864,62.218
58.011280191999504,15.588864,62.0
58.02352751299986,15.588864,62.093
58.03577169699929,15.628032,62.468
58.048041097999885,15.628032,61.968
58.060293890999674,15.628032,62.25
58.072528058999524,15.628032,62.281
58.08474017899971,15.549695999999999,61.968
58.09705495699927,15.510528,62.062
58.10931917399921,15.510528,62.312
58.12312733899944,15.432191999999999,62.312
58.13733349799986,15.47136,61.968
58.15120348799974,15.47136,61.906
58.16444437299924,15.510528,62.093
58.177296509999906,15.510528,62.5
58.189818623000065,15.549695999999999,62.031
58.202416481,15.588864,62.062
58.21594623799956,15.588864,62.281
58.22872570099935,15.588864,62.093
58.24101919899931,15.588864,62.281
58.25334079299955,15.588864,62.531
58.26560577799955,15.588864,62.437
58.27792167699954,15.549695999999999,62.031
58.290265927999826,15.549695999999999,62.281
58.30248899199978,15.510528,62.031
58.31479701799981,15.47136,62.218
58.3270018409994,15.47136,62.625
58.3392566499997,15.47136,62.156
58.35169981599938,15.510528,62.5
58.363989697999386,15.510528,62.375
58.37624085799962,15.510528,62.062
58.38858018099927,15.510528,62.25
58.40088587199989,15.549695999999999,62.0
58.41318679399956,15.549695999999999,62.187
58.4254293139993,15.588864,62.468
58.43770181899981,15.588864,62.125
58.44996853199973,15.549695999999999,62.406
58.46225310199952,15.588864,62.125
58.474484837999626,15.588864,62.218
58.486704220999854,15.588864,62.156
58.49897163900005,15.628032,62.375
58.51119140599985,15.628032,62.062
58.5234097980001,15.628032,62.281
58.53568444699977,15.628032,62.062
58.547947319999366,15.588864,62.218
58.56020731299941,15.549695999999999,62.562
58.57243988099981,15.510528,62.125
58.584660448999784,15.47136,62.125
58.59923129099934,15.432191999999999,61.937
58.61336304799988,15.47136,62.187
58.62771394799984,15.510528,62.062
58.64035231899925,15.549695999999999,62.437
58.652918881000005,15.549695999999999,62.062
58.66539951999948,15.588864,62.375
58.67795798499992,15.588864,62.312
58.69243816800008,15.628032,61.968
58.70474958699924,15.628032,62.218
58.717059116999735,15.628032,62.625
58.72955271599949,15.628032,62.218
58.741917927999566,15.588864,62.406
58.754179872999885,15.549695999999999,62.343
58.76640677699925,15.549695999999999,62.031
58.77865377699982,15.510528,62.312
58.79089018600007,15.510528,62.593
58.80319741199946,15.510528,62.156
58.81548143700002,15.549695999999999,62.375
58.82778623099966,15.549695999999999,62.156
58.84003051199943,15.549695999999999,62.375
58.85229860099935,15.549695999999999,62.031
58.864551585999834,15.549695999999999,62.218
58.876850523999565,15.588864,62.218
58.88908965199971,15.588864,62.468
58.90135233299952,15.628032,62.093
58.91360614899986,15.588864,62.468
58.92603414699988,15.588864,62.062
58.93832617299995,15.628032,62.312
58.950612501999785,15.628032,62.625
58.962829037999654,15.628032,62.125
58.975028996999754,15.628032,62.375
58.98723269999937,15.628032,62.187
58.99951019799937,15.667200000000001,61.968
59.01175441399937,15.667200000000001,62.25
59.02401917499992,15.549695999999999,62.437
59.03624777499954,15.510528,62.125
59.0485177519995,15.510528,62.031
59.06254147499931,15.47136,62.281
59.0769047269996,15.47136,62.218
59.090998435000074,15.510528,61.812
59.10452396799974,15.510528,62.406
59.11722960499992,15.549695999999999,61.968
59.12978851799926,15.588864,62.281
59.14232922299925,15.588864,62.031
59.15650501399978,15.628032,62.0
59.169558597000105,15.628032,62.343
59.18184147000011,15.667200000000001,62.562
59.19418709799993,15.667200000000001,62.187
59.20641358600005,15.628032,62.468
59.21864535399982,15.588864,62.125
59.23087107399988,15.549695999999999,62.218
59.24311733800005,15.549695999999999,62.25
59.255591608999566,15.47136,62.562
59.26785364999978,15.47136,62.187
59.28018846099985,15.47136,62.437
59.29243347699958,15.47136,62.125
59.30467132499962,15.47136,62.312
59.316896756999995,15.510528,62.062
59.32915159799995,15.510528,62.25
59.341418406999765,15.510528,62.5
59.35369167999943,15.549695999999999,62.375
59.365935159999935,15.549695999999999,62.093
59.37817918499968,15.588864,62.343
59.390409768999234,15.549695999999999,62.156
59.40267721799955,15.549695999999999,62.187
59.41494697100006,15.549695999999999,62.5
59.42715921799936,15.588864,62.125
59.43938932199944,15.588864,62.343
59.4516822759997,15.588864,62.0
59.46394508499998,15.588864,61.906
59.47620315799941,15.628032,62.281
59.48844945399924,15.588864,62.062
59.50071888699949,15.510528,62.093
59.51297340800011,15.47136,62.312
59.525342971999635,15.47136,62.343
59.53944384799979,15.432191999999999,61.937
59.55377890799991,15.47136,61.875
59.5675300139992,15.47136,62.062
59.58096075999947,15.510528,62.343
59.59352220099936,15.549695999999999,62.312
59.60605071400005,15.549695999999999,61.937
59.618518968999524,15.588864,62.187
59.631256766999286,15.549695999999999,61.968
59.64377318299921,15.588864,62.093
59.656035927999255,15.588864,62.562
59.668327376999514,15.588864,62.031
59.68057696999949,15.549695999999999,62.031
59.69280553799945,15.510528,62.218
59.70506895499966,15.510528,61.937
59.717330771999514,15.510528,62.125
59.72958593199928,15.432191999999999,62.5
59.741936167999484,15.432191999999999,62.093
59.75432150799952,15.47136,62.406
59.76658892499927,15.47136,62.093
59.77883131699946,15.47136,62.281
59.79105966099996,15.510528,62.312
59.80327478899926,15.47136,62.562
59.815546909999284,15.510528,62.156
59.827790454000024,15.549695999999999,62.375
59.84001898999941,15.549695999999999,62.125
59.85228787899996,15.588864,62.343
59.864536512000086,15.549695999999999,62.093
59.87681068099937,15.549695999999999,62.156
59.8890730739995,15.588864,62.375
59.90134247500009,15.588864,62.406
59.913769128999775,15.588864,62.0
59.92605299399929,15.588864,62.25
59.93827816999965,15.628032,61.937
59.950537330999396,15.628032,62.187
59.96277937099967,15.588864,62.5
59.975023203999626,15.510528,62.125
59.98724818699975,15.510528,62.281
59.99952430899975,15.432191999999999,62.218
60.013835078999364,15.432191999999999,62.125
60.02796549300001,15.47136,61.906
60.041900636999344,15.510528,62.062
60.054494719000104,15.510528,62.375
60.0671354899996,15.549695999999999,62.218
60.07972336399962,15.588864,61.937
60.09226131699961,15.588864,62.062
60.10723232999953,15.588864,62.187
60.11956042099973,15.588864,62.531
60.13180054099939,15.588864,62.125
60.14407659799963,15.588864,62.375
60.15638753699932,15.588864,62.062
60.16863680899951,15.549695999999999,62.281
60.18087923299936,15.549695999999999,62.031
60.19312341799923,15.47136,62.468
60.2053594099998,15.47136,62.093
60.21759716199995,15.510528,62.406
60.229884803999994,15.510528,62.093
60.242206365999664,15.510528,62.375
60.25441227800002,15.510528,62.0
60.266638220999994,15.510528,62.281
60.27887098099927,15.549695999999999,62.5
60.29112198199982,15.549695999999999,62.062
60.303354869999566,15.588864,62.093
60.31560122999963,15.588864,62.281
60.3278399109995,15.588864,62.156
60.34009779099961,15.549695999999999,62.218
60.35241615399991,15.588864,62.406
60.36464136199993,15.628032,62.187
60.37686922600005,15.628032,62.375
60.3891103699998,15.628032,62.031
60.40132181699937,15.628032,62.156
60.41360568299933,15.667200000000001,62.218
60.42589098799999,15.667200000000001,62.531
60.43817405399932,15.549695999999999,62.062
60.450416157999825,15.510528,62.375
60.46261781299927,15.510528,61.937
60.47663542299961,15.47136,61.875
60.490788268999495,15.47136,62.062
60.50498111699926,15.510528,62.0
60.518198415999905,15.510528,62.312
60.530955958999584,15.549695999999999,61.968
60.54354239299937,15.588864,62.0
60.55612226699941,15.588864,62.281
60.56894096299948,15.628032,61.968
60.58177357999921,15.628032,62.218
60.59405373399932,15.667200000000001,62.5
60.60631791899959,15.667200000000001,62.125
60.618799326000044,15.628032,62.093
60.63102430899926,15.588864,62.343
60.64324778899936,15.549695999999999,62.0
60.655490532999465,15.549695999999999,62.187
60.667750013999466,15.510528,62.437
60.67998389399963,15.510528,62.031
60.69226782399983,15.510528,62.375
60.704498951999994,15.510528,62.062
60.716753023999445,15.510528,62.281
60.72901141700004,15.510528,62.218
60.74124852899968,15.510528,62.531
60.75353604299926,15.549695999999999,62.093
60.765860645999965,15.588864,62.375
60.7782071369993,15.588864,62.093
60.79041381599927,15.628032,62.25
60.80263579199982,15.588864,62.125
60.814888647999396,15.588864,62.156
60.82720752299974,15.588864,62.375
60.839437594999254,15.628032,62.343
60.85170478799955,15.628032,62.031
60.86397063699951,15.628032,62.25
60.876184195999485,15.628032,61.968
60.888473725999575,15.667200000000001,62.062
60.900811896999585,15.628032,62.531
60.9130711859998,15.549695999999999,62.125
60.925309641999775,15.510528,62.312
60.93766026100002,15.47136,62.218
60.95175163299973,15.47136,61.906
60.9653158229994,15.47136,62.468
60.97935461799989,15.510528,62.0
60.992263780999565,15.510528,62.312
61.00507310099965,15.549695999999999,62.187
61.01763927899992,15.588864,61.968
61.03016068699981,15.588864,62.187
61.042750576999424,15.588864,62.5
61.05510650799988,15.588864,62.156
61.06741987899932,15.588864,62.375
61.07972227299979,15.588864,62.375
61.0919523120001,15.588864,61.937
61.104205392999575,15.549695999999999,62.187
61.116418312999485,15.510528,61.968
61.12864102399999,15.510528,62.25
61.14084888799971,15.47136,62.375
61.15308830399954,15.47136,62.156
61.16532016800011,15.47136,62.375
61.1775519039993,15.47136,62.062
61.18981996099956,15.510528,62.312
61.20208238599935,15.510528,62.125
61.21430416899966,15.510528,62.468
61.226519456999995,15.549695999999999,62.187
61.23872063199997,15.549695999999999,62.375
61.25097688099959,15.588864,62.062
61.263216712999565,15.588864,62.218
61.275587492999875,15.549695999999999,62.562
61.287889854999776,15.588864,62.218
61.30018658499921,15.588864,62.343
61.312419984999906,15.588864,62.375
61.32465200899969,15.628032,62.0
61.336862559999645,15.628032,62.156
61.349112664999666,15.628032,61.937
61.36130212699936,15.628032,62.125
61.37354944799972,15.588864,62.375
61.38589462699929,15.549695999999999,62.125
61.398162939999565,15.510528,62.156
61.410378194999794,15.47136,62.125
61.424214009000025,15.432191999999999,61.906
61.438482313999884,15.47136,62.437
61.45254776499951,15.510528,62.031
61.465166839999256,15.549695999999999,62.25
61.47781023599964,15.588864,62.218
61.49030421899988,15.588864,61.906
61.50282978699943,15.628032,62.062
61.517984869999964,15.667200000000001,62.281
61.530234365999604,15.667200000000001,62.375
61.54247576599937,15.667200000000001,62.125
61.55474023899933,15.667200000000001,62.343
61.56697107899981,15.628032,62.062
61.579175901999406,15.588864,62.125
61.59142200699989,15.588864,62.562
61.60370884799977,15.510528,62.125
61.61598250499992,15.510528,62.031
61.62823536199994,15.549695999999999,62.281
61.640464346000044,15.549695999999999,62.093
61.65287157500006,15.549695999999999,62.25
61.66517432099954,15.549695999999999,62.562
61.67737613600002,15.549695999999999,62.25
61.68963206499939,15.549695999999999,62.406
61.701932538999245,15.588864,62.093
61.71417694699994,15.628032,62.281
61.7263839139996,15.628032,62.25
61.73864509099985,15.628032,62.031
61.750874491000104,15.588864,62.218
61.76307844999974,15.628032,62.375
61.77526512899931,15.628032,62.062
61.787453343999914,15.628032,62.25
61.80038036299993,15.667200000000001,62.062
61.812680645,15.667200000000001,62.218
61.82497423899986,15.706368000000001,62.093
61.83726879200003,15.667200000000001,62.437
61.84957473799932,15.588864,62.062
61.86186996400011,15.549695999999999,62.281
61.8741378929999,15.549695999999999,62.218
61.888800865999656,15.47136,61.906
61.903035889999956,15.47136,62.406
61.91765031699924,15.510528,62.312
61.93170488799933,15.549695999999999,61.937
61.94474688699938,15.588864,62.187
61.957301575999736,15.588864,62.0
61.96985140099969,15.628032,62.218
61.98332832399956,15.628032,62.218
61.99632929699965,15.628032,62.468
62.008608522999566,15.628032,62.125
62.02086541099925,15.628032,62.312
62.03310434800005,15.628032,62.093
62.04535771599967,15.588864,61.937
62.05761582099967,15.549695999999999,62.156
62.06989120599974,15.549695999999999,62.406
62.08213362999959,15.510528,62.093
62.09435061399927,15.510528,62.312
62.10661332699965,15.510528,62.062
62.118820517999666,15.510528,62.218
62.13099125999997,15.510528,62.562
62.14320385999963,15.549695999999999,62.187
62.155432427999585,15.549695999999999,62.375
62.167708580999715,15.549695999999999,62.312
62.17997334199936,15.588864,62.062
62.192199925999375,15.628032,62.218
62.20446958299999,15.628032,62.0
62.21685585099931,15.588864,62.218
62.229120931999205,15.588864,62.437
62.241326618999665,15.628032,62.0
62.253584275999856,15.628032,62.312
62.265851692999604,15.667200000000001,62.218
62.27811014999952,15.628032,61.937
62.29037993499969,15.667200000000001,62.125
62.302638870999544,15.667200000000001,62.375
62.314906543999314,15.588864,62.031
62.32711095099967,15.549695999999999,62.312
62.33934316699924,15.549695999999999,61.875
62.35168847499972,15.47136,62.0
62.36568413199984,15.47136,62.062
62.37974516699978,15.510528,62.031
62.39389426899925,15.549695999999999,62.312
62.406477343000006,15.549695999999999,61.968
62.4190828819992,15.588864,62.125
62.4315669130001,15.628032,62.187
62.44403955100006,15.628032,62.5
62.45859128899974,15.628032,62.125
62.47089723499994,15.628032,62.375
62.483148042999346,15.628032,62.281
62.49539309099964,15.628032,62.093
62.507727677999355,15.588864,62.093
62.51997554299942,15.549695999999999,62.593
62.53220881499965,15.549695999999999,62.125
62.544455910999204,15.47136,62.375
62.55673609599944,15.47136,62.093
62.56901861799997,15.510528,62.343
62.581587003000095,15.510528,62.093
62.593875636999655,15.510528,62.531
62.606160909999744,15.510528,62.218
62.61841677499979,15.510528,62.437
62.63065193500006,15.549695999999999,62.093
62.64288549499997,15.549695999999999,62.375
62.65510436599925,15.588864,62.093
62.667369894999865,15.628032,62.25
62.679650944999594,15.588864,62.656
62.691910296999595,15.588864,62.5
62.7042327879999,15.588864,62.062
62.716485549000026,15.628032,62.25
62.7287600059999,15.628032,61.937
62.741010045999246,15.628032,62.218
62.753291639000054,15.628032,62.437
62.765562928999316,15.667200000000001,62.125
62.777823592999994,15.667200000000001,62.375
62.79006585799925,15.549695999999999,61.968
62.80229925799995,15.510528,62.0
62.8145540659998,15.510528,62.125
62.82879190699987,15.47136,62.156
62.84303384299983,15.47136,62.312
62.85709455799952,15.510528,62.187
62.870931554999515,15.510528,61.937
62.88378174099944,15.549695999999999,62.218
62.89648373,15.588864,62.093
62.90900340999997,15.588864,62.375
62.92223677399943,15.588864,62.156
62.93504644599943,15.588864,62.343
62.94734464799967,15.628032,62.062
62.959649634000016,15.588864,62.375
62.971910234999996,15.588864,62.187
62.98420587700002,15.549695999999999,62.468
62.99654209599976,15.510528,62.093
63.008828712999275,15.510528,62.375
63.02110550599991,15.47136,62.125
63.033330362000015,15.47136,62.281
63.045632691999344,15.47136,62.031
63.0579395019995,15.47136,62.281
63.070254375999866,15.510528,62.125
63.08243315099935,15.510528,62.406
63.0946395739993,15.510528,62.125
63.10689195099985,15.510528,62.343
63.11911907800004,15.549695999999999,62.093
63.1313337900001,15.549695999999999,62.187
63.1435944549994,15.588864,62.531
63.15598872299961,15.549695999999999,62.156
63.16823041099997,15.549695999999999,62.343
63.180444194999836,15.588864,62.218
63.192673562999516,15.588864,61.968
63.20496651599933,15.588864,62.187
63.21719079600007,15.588864,62.437
63.22945395699935,15.628032,61.968
63.24170137300007,15.628032,62.343
63.25401666399921,15.588864,62.062
63.26627527999972,15.549695999999999,62.281
63.27849463199982,15.510528,61.968
63.290741983999396,15.47136,62.531
63.305141812999864,15.432191999999999,62.343
63.319806449999305,15.47136,61.906
63.33423229499931,15.510528,61.968
63.347145073999855,15.510528,62.187
63.35985189499934,15.549695999999999,61.937
63.37244847399961,15.588864,62.187
63.38495884099939,15.588864,62.125
63.39776700999937,15.588864,62.375
63.410214751999774,15.588864,62.093
63.42249448899929,15.588864,62.281
63.43471678500009,15.588864,62.125
63.44717335899986,15.549695999999999,62.187
63.45942685499995,15.510528,62.468
63.47169993599982,15.510528,62.093
63.48397916199974,15.47136,62.093
63.49633810099931,15.47136,62.343
63.5086136459995,15.47136,62.062
63.52083786200001,15.47136,62.218
63.533213058,15.47136,62.406
63.54545183399932,15.47136,62.156
63.5577151869993,15.47136,62.375
63.56994381899949,15.510528,62.093
63.5821947229997,15.549695999999999,62.343
63.594412922999254,15.549695999999999,62.156
63.606644178999886,15.588864,62.468
63.61887629899957,15.549695999999999,62.281
63.631099521999204,15.549695999999999,62.437
63.64330818599956,15.588864,62.093
63.65558123499977,15.588864,62.281
63.66787172399927,15.588864,61.968
63.68014816499999,15.588864,62.125
63.69241420599974,15.588864,62.437
63.70462603799933,15.628032,62.312
63.71685492599954,15.628032,62.0
63.72910026199952,15.510528,62.156
63.74132601399924,15.510528,62.0
63.75357525399977,15.47136,62.031
63.767994250999436,15.393023999999999,62.062
63.781956211999386,15.393023999999999,61.968
63.79623687000003,15.432191999999999,62.187
63.81029659299929,15.47136,61.937
63.82301403800011,15.47136,61.937
63.835765533000085,15.510528,62.062
63.84866749599951,15.549695999999999,62.375
63.86121364099927,15.549695999999999,62.312
63.87576278599954,15.549695999999999,62.125
63.88800959399941,15.549695999999999,62.25
63.90024897799958,15.588864,62.031
63.91252644299948,15.549695999999999,62.187
63.924809060999905,15.510528,62.531
63.93706601299982,15.510528,62.312
63.949323062000076,15.47136,62.093
63.96163620799962,15.432191999999999,62.25
63.97387690399955,15.432191999999999,61.968
63.98611279999932,15.432191999999999,62.281
63.99840703399968,15.47136,62.531
64.01064590599981,15.47136,62.218
64.02295150000009,15.47136,62.406
64.03517453199947,15.47136,62.093
64.04742566000004,15.510528,62.375
64.05970651799998,15.549695999999999,62.312
64.07196542199927,15.549695999999999,62.406
64.0842299269998,15.588864,62.218
64.09672663099991,15.510528,62.375
64.10898182299934,15.549695999999999,62.062
64.12125714400008,15.549695999999999,62.281
64.13354036999954,15.588864,62.031
64.14593207799953,15.588864,62.406
64.15825008899992,15.588864,62.062
64.17049500899975,15.588864,62.343
64.18271682399973,15.628032,62.093
64.19497566499922,15.588864,62.281
64.20720778499981,15.510528,61.968
64.21944905700002,15.47136,62.093
64.23181142099929,15.432191999999999,62.093
64.246105231,15.432191999999999,62.375
64.26030534199981,15.47136,62.218
64.27465009699972,15.510528,61.875
64.28738395899927,15.510528,62.031
64.29999877799946,15.549695999999999,62.093
64.31261250899934,15.588864,62.437
64.32518255800005,15.588864,62.093
64.33778006400007,15.588864,62.312
64.35018530899924,15.628032,62.093
64.36241490099928,15.628032,62.281
64.37464980499954,15.628032,62.312
64.3869265659996,15.588864,62.437
64.39919161499984,15.549695999999999,62.156
64.41144703099962,15.549695999999999,62.343
64.42373451299954,15.510528,62.125
64.43597655299982,15.47136,62.312
64.44825024199963,15.510528,62.031
64.46052732299995,15.510528,62.25
64.47295967299942,15.510528,62.468
64.48519720099921,15.510528,62.375
64.49751841099987,15.510528,62.093
64.5097989169999,15.510528,62.281
64.52203282899973,15.549695999999999,62.062
64.53430827800003,15.588864,62.218
64.5465963029992,15.588864,62.593
64.55885171999944,15.588864,62.25
64.5711009279994,15.549695999999999,62.406
64.58335036099925,15.588864,62.093
64.59570577999966,15.628032,61.937
64.60795825199966,15.588864,62.093
64.62020829299945,15.628032,62.468
64.63246278099996,15.628032,62.125
64.64469179699972,15.628032,62.25
64.65694558199993,15.628032,62.062
64.66940926000007,15.549695999999999,62.281
64.68172653399961,15.549695999999999,62.093
64.69397436700001,15.510528,62.437
64.70760700599931,15.432191999999999,62.062
64.72174276399983,15.432191999999999,62.031
64.73576085399964,15.47136,61.937
64.7501425699993,15.47136,62.125
64.76278958199964,15.510528,61.906
64.77524589999939,15.549695999999999,62.093
64.78785073399922,15.549695999999999,62.375
64.80052760299986,15.588864,62.343
64.81593017999967,15.549695999999999,62.281
64.82832575999964,15.588864,62.062
64.84058264899977,15.588864,62.25
64.85287252999933,15.549695999999999,62.5
64.86530862399923,15.549695999999999,62.062
64.87762368999938,15.510528,62.343
64.88989056299943,15.510528,62.062
64.90216329199939,15.432191999999999,62.25
64.91445934999956,15.432191999999999,62.218
64.9267062859999,15.47136,62.531
64.93895853499998,15.47136,62.187
64.95119907099979,15.47136,62.343
64.96341218199996,15.510528,62.125
64.9756816149993,15.510528,62.281
64.98821841599965,15.510528,62.062
65.00049572099942,15.549695999999999,62.156
65.01272643299944,15.549695999999999,62.5
65.02497007300008,15.588864,62.437
65.03722561699942,15.549695999999999,62.125
65.04951293899921,15.549695999999999,62.312
65.0617707880001,15.588864,62.0
65.07401682799991,15.588864,62.218
65.08630155699939,15.588864,62.437
65.09870952199981,15.628032,62.125
65.11097789899941,15.628032,62.312
65.12326045200007,15.628032,62.062
65.13555830199948,15.628032,62.062
65.14785867999944,15.549695999999999,62.156
65.16022155599967,15.510528,62.375
65.17256228699989,15.47136,62.375
65.18696285099941,15.432191999999999,62.0
65.20117579499947,15.47136,61.937
65.21546547699927,15.510528,62.093
65.22941380499924,15.549695999999999,62.156
65.24230789499961,15.588864,62.375
65.25486591199933,15.588864,62.093
65.26745861899963,15.628032,62.343
65.2803663730001,15.628032,62.218
65.29519206999976,15.628032,62.0
65.30750655999964,15.628032,62.218
65.3197710329996,15.628032,62.593
65.33200923299955,15.588864,62.062
65.34439786999974,15.549695999999999,62.0
65.35662880499967,15.549695999999999,62.343
65.36884892499984,15.47136,62.062
65.38108184499924,15.47136,62.187
65.39332993299922,15.510528,62.562
65.40557088500009,15.510528,62.156
65.41785615899971,15.510528,62.406
65.43014424800003,15.510528,62.125
65.4423784799992,15.510528,62.312
65.45464397699925,15.549695999999999,62.25
65.46700723699996,15.549695999999999,62.531
65.47925647699958,15.588864,62.187
65.49150088499937,15.588864,62.437
65.50377322999975,15.588864,62.156
65.5159886779993,15.588864,62.281
65.52822364499934,15.588864,61.937
65.54044997299934,15.628032,62.218
65.55278820799958,15.628032,62.437
65.56516302,15.628032,62.406
65.57740240399926,15.628032,62.031
65.58970623799996,15.667200000000001,62.218
65.60196581499986,15.667200000000001,62.0
65.61426673599999,15.549695999999999,62.125
65.62647367199952,15.549695999999999,62.531
65.63870796799984,15.510528,62.343
65.65283063700008,15.47136,61.937
65.66727542699937,15.510528,61.906
65.6815539399995,15.510528,62.062
65.69509144099993,15.549695999999999,62.031
65.70783403899986,15.588864,62.468
65.72047260199997,15.628032,62.031
65.733079869,15.628032,62.281
65.74619982199965,15.628032,62.25
65.759012214,15.667200000000001,62.031
65.77140001799944,15.667200000000001,62.25
65.7836983799998,15.667200000000001,62.562
65.79604144699988,15.628032,62.093
65.80836224099949,15.628032,62.375
65.82061000899921,15.588864,62.062
65.83284216099946,15.588864,62.281
65.84509098599938,15.510528,62.187
65.85732806599935,15.549695999999999,62.468
65.86956722600007,15.549695999999999,62.156
65.88199963899933,15.549695999999999,62.437
65.89434020999943,15.549695999999999,62.218
65.90661748299954,15.549695999999999,62.312
65.91886410000006,15.549695999999999,62.062
65.93110588399941,15.588864,62.218
65.94335675599996,15.628032,62.468
65.95560807699985,15.628032,62.406
65.96784944499996,15.667200000000001,62.125
65.98018278399923,15.588864,62.437
65.99246274500001,15.628032,62.0
66.00475640199966,15.628032,62.125
66.01703018799981,15.628032,62.531
66.02928848400006,15.628032,62.031
66.04154252499939,15.628032,62.312
66.05380680500002,15.667200000000001,62.218
66.06607127799998,15.667200000000001,61.968
66.07827581299989,15.628032,62.281
66.09049602899995,15.549695999999999,62.562
66.10271637200003,15.510528,62.0
66.11504481499924,15.47136,62.375
66.12933228899965,15.47136,62.187
66.14374315799978,15.510528,62.156
66.15758373900007,15.510528,61.906
66.17083659199943,15.549695999999999,62.0
66.18335873599972,15.588864,62.406
66.19598075399972,15.588864,62.312
66.208638006,15.628032,62.312
66.22393977999945,15.628032,62.031
66.23622335799973,15.628032,62.187
66.24851707899961,15.628032,62.5
66.26080641699991,15.628032,62.156
66.27307098599977,15.588864,62.375
66.28529763299957,15.549695999999999,62.062
66.2976591329998,15.549695999999999,62.25
66.30992507799965,15.47136,62.187
66.32219908699972,15.47136,62.5
66.33442067799933,15.510528,62.125
66.34675897699981,15.510528,62.5
66.35899589699966,15.510528,62.093
66.37122104099944,15.510528,62.343
66.38351409000006,15.510528,62.062
66.39582406799946,15.549695999999999,62.25
66.40822777699941,15.549695999999999,62.593
66.42050040999948,15.588864,62.437
66.43278584299969,15.588864,62.093
66.44508078099989,15.588864,62.375
66.4573482299993,15.588864,62.093
66.46963411099932,15.588864,62.187
66.48191179999958,15.628032,62.468
66.49428881999938,15.628032,62.062
66.50652455599993,15.628032,62.437
66.51875523599938,15.628032,62.187
66.53103942100006,15.667200000000001,61.968
66.54328379799972,15.667200000000001,62.25
66.55555044599987,15.549695999999999,62.468
66.56791680999959,15.510528,62.031
66.58022221200008,15.510528,61.968
66.59434987299937,15.47136,62.218
66.60845142199923,15.47136,62.093
66.62295586099935,15.510528,61.906
66.63656817999981,15.510528,62.375
66.64920728699963,15.549695999999999,62.031
66.6617657199995,15.588864,62.343
66.67435192999983,15.588864,62.031
66.68684008899982,15.628032,62.218
66.69923423,15.628032,61.937
66.71149585399962,15.628032,62.187
66.72377504699944,15.628032,62.125
66.73611632199936,15.588864,62.437
66.74840463599958,15.549695999999999,62.062
66.76064225999926,15.549695999999999,62.25
66.77287578799951,15.510528,61.968
66.78512253200006,15.47136,62.187
66.79736329199932,15.47136,62.375
66.80964699699962,15.47136,62.125
66.82197499199992,15.47136,62.375
66.8342422809992,15.510528,62.218
66.8466042279997,15.510528,62.093
66.85886511699937,15.510528,62.187
66.87109285299994,15.549695999999999,62.531
66.88334279699939,15.549695999999999,62.187
66.89578634699956,15.588864,62.343
66.90814122199936,15.588864,62.062
66.92046179299996,15.549695999999999,62.343
66.93278828299935,15.588864,62.187
66.94511874199998,15.588864,62.437
66.95737162999922,15.588864,62.125
66.96963363899977,15.588864,62.25
66.98188924699934,15.588864,62.031
66.9941608879999,15.628032,62.156
67.00642280099964,15.628032,61.968
67.01864330499939,15.588864,62.25
67.03089331299998,15.549695999999999,62.5
67.04310114399959,15.47136,62.312
67.05534942399936,15.47136,61.937
67.06922050199955,15.432191999999999,62.0
67.08344397399924,15.47136,62.187
67.09723277800003,15.510528,62.375
67.11014558899933,15.510528,62.375
67.12290569199922,15.549695999999999,62.062
67.13545926000006,15.588864,62.218
67.1480471979994,15.588864,61.968
67.16068896199977,15.588864,62.187
67.17334106099952,15.628032,62.187
67.18561724599931,15.628032,62.468
67.19812300600006,15.588864,62.125
67.21037086999968,15.588864,62.375
67.22263851099979,15.549695999999999,62.0
67.23491693599954,15.549695999999999,62.187
67.24727638799959,15.549695999999999,62.093
67.25954069999989,15.47136,62.187
67.2717722439993,15.47136,62.093
67.28399757999978,15.510528,62.281
67.29630714199993,15.510528,62.125
67.30858038299993,15.510528,62.281
67.32084575199951,15.510528,62.031
67.33309070399991,15.510528,62.156
67.34533178399943,15.549695999999999,62.531
67.35761292899952,15.588864,62.156
67.36988840999948,15.588864,62.25
67.38214049899943,15.588864,62.343
67.39440990000003,15.549695999999999,62.031
67.40662061100011,15.588864,62.187
67.41886181900009,15.588864,62.437
67.43109329899926,15.588864,62.093
67.44335965899973,15.628032,62.25
67.45565277300011,15.628032,61.937
67.46819005299949,15.628032,62.187
67.48062742699949,15.667200000000001,62.125
67.49286015500002,15.588864,62.406
67.50511179499972,15.549695999999999,62.187
67.51733463499932,15.510528,62.218
67.52971987899946,15.47136,62.031
67.54390770200007,15.432191999999999,61.937
67.55804905900004,15.47136,61.906
67.57218094499967,15.510528,62.031
67.58489435799947,15.510528,62.375
67.59748178399968,15.549695999999999,61.937
67.6100411769994,15.588864,62.25
67.622659355,15.588864,62.218
67.63795901699996,15.588864,62.125
67.65035216599972,15.588864,62.5
67.66265942399968,15.588864,62.125
67.6749093999997,15.588864,62.343
67.68713659199966,15.549695999999999,62.031
67.69937059999938,15.510528,62.281
67.71163414399962,15.510528,62.031
67.72390399300002,15.47136,62.187
67.73621048299992,15.47136,62.375
67.74855258999924,15.47136,62.343
67.76081392699962,15.510528,62.093
67.77305148699998,15.510528,62.343
67.78530424699966,15.510528,62.062
67.79757537599926,15.510528,62.187
67.8098688099999,15.549695999999999,62.437
67.82213933099956,15.549695999999999,62.156
67.83436940199954,15.588864,62.312
67.84672219799995,15.588864,62.125
67.85899831899951,15.549695999999999,62.125
67.87122458199974,15.549695999999999,62.218
67.88350630399964,15.588864,62.375
67.89580319299967,15.628032,62.125
67.90803608099941,15.628032,62.25
67.9203766519995,15.628032,62.093
67.93266029299957,15.628032,62.281
67.94496236699979,15.667200000000001,61.937
67.95722043999922,15.667200000000001,62.562
67.96951867299958,15.549695999999999,62.062
67.98180397899978,15.510528,62.312
67.99406726699999,15.510528,61.937
68.00874432,15.47136,61.906
68.02241164799943,15.47136,62.062
68.03660273500009,15.510528,62.062
68.04957721199935,15.549695999999999,62.312
68.062339522,15.588864,62.062
68.07483516999946,15.588864,62.281
68.0873214409994,15.628032,62.125
68.10002544599956,15.628032,62.031
68.11251821299993,15.628032,62.25
68.12482403099966,15.628032,62.5
68.13707119099945,15.628032,62.156
68.14931591899949,15.628032,62.375
68.16158522399928,15.588864,62.031
68.1738976659999,15.549695999999999,62.25
68.18626297399987,15.549695999999999,62.156
68.19849541399981,15.47136,62.437
68.21072852599991,15.510528,62.062
68.22302263099937,15.510528,62.375
68.23526089499956,15.510528,62.156
68.24755944899971,15.510528,62.25
68.2597773919997,15.510528,62.031
68.27209120999942,15.510528,62.125
68.28438077200008,15.549695999999999,62.375
68.29672217499956,15.588864,62.375
68.30894034199991,15.588864,62.156
68.32120676699924,15.628032,62.343
68.3334775759995,15.549695999999999,62.093
68.34579574599957,15.588864,62.156
68.35804988199925,15.588864,62.375
68.37028984199969,15.588864,62.093
68.38252970599933,15.628032,62.25
68.39473769799952,15.628032,62.218
68.40698482599964,15.628032,61.937
68.41919236899957,15.667200000000001,62.093
68.43142020100004,15.588864,62.562
68.44372694699996,15.549695999999999,62.031
68.45598578699992,15.510528,62.281
68.46834418199978,15.47136,62.156
68.48231260699959,15.47136,61.875
68.49676075699972,15.510528,62.375
68.51085392099958,15.510528,62.031
68.52351725299923,15.549695999999999,62.312
68.5361352079999,15.549695999999999,61.937
68.54866544800007,15.588864,62.0
68.56127853899943,15.588864,62.218
68.57579181099936,15.588864,62.531
68.58811058899937,15.588864,62.437
68.60043906299961,15.628032,62.125
68.6127444650001,15.628032,62.312
68.62502397799926,15.588864,62.031
68.63726726599998,15.549695999999999,62.25
68.6495317709996,15.510528,62.531
68.66178037099962,15.47136,62.25
68.67403105199992,15.47136,62.375
68.68628176399943,15.510528,62.312
68.6986131829999,15.510528,62.062
68.71086645499963,15.510528,62.218
68.72311115100001,15.510528,62.0
68.7353486789998,15.510528,62.25
68.74765417699928,15.549695999999999,62.437
68.75994447499943,15.549695999999999,62.156
68.77218897900002,15.588864,62.343
68.78445636299966,15.588864,62.093
68.7969828919995,15.588864,62.125
68.80923824399997,15.549695999999999,62.218
68.82151289299964,15.588864,62.375
68.83376747700004,15.628032,62.125
68.84611089600003,15.628032,62.187
68.85833498400007,15.628032,62.031
68.87059616099941,15.628032,62.187
68.88286296899969,15.667200000000001,62.5
68.89513172999978,15.628032,62.156
68.90736807399935,15.549695999999999,62.062
68.91971347699928,15.510528,62.281
68.93195638099951,15.510528,61.906
68.94633428899942,15.432191999999999,62.031
68.96048662299927,15.47136,62.375
68.97476558499966,15.510528,61.968
68.98840750399995,15.510528,62.312
69.00108078799985,15.549695999999999,62.0
69.01362011699985,15.588864,61.968
69.0261795739998,15.628032,62.25
69.0405935789995,15.628032,62.437
69.0534741649999,15.628032,62.468
69.06580017499982,15.628032,62.156
69.07822855699942,15.628032,62.375
69.09044301199992,15.628032,62.125
69.10269849199994,15.588864,62.187
69.11501563899947,15.588864,62.593
69.12734324899975,15.588864,62.187
69.13960381800007,15.510528,62.375
69.15186409799935,15.510528,62.375
69.16419769299955,15.549695999999999,62.093
69.17644760499934,15.549695999999999,62.218
69.18881505699937,15.549695999999999,62.062
69.20109645799948,15.549695999999999,62.218
69.21332870599963,15.549695999999999,62.437
69.22559263499988,15.588864,62.187
69.23788904399953,15.588864,62.343
69.25017050899987,15.628032,62.281
69.26238557299985,15.628032,62.0
69.2746519329994,15.588864,62.218
69.28693199000008,15.628032,62.468
69.29922849600007,15.628032,62.093
69.31156650699995,15.628032,62.312
69.32385712399991,15.667200000000001,62.031
69.33618822299923,15.667200000000001,62.218
69.3485214329994,15.667200000000001,62.531
69.3608150909995,15.667200000000001,62.437
69.37308669999948,15.628032,62.031
69.38532528399992,15.588864,62.406
69.39767692699934,15.549695999999999,61.906
69.40997458499987,15.47136,61.968
69.42446679999921,15.47136,62.093
69.43881709099969,15.510528,62.031
69.45248217900007,15.510528,62.281
69.46532001199921,15.549695999999999,61.968
69.47789409300003,15.588864,62.218
69.49052747299993,15.628032,62.25
69.5030969139998,15.628032,62.468
69.5186295099993,15.628032,62.437
69.53091660799964,15.628032,62.125
69.54320239299977,15.628032,62.312
69.55542145599975,15.628032,62.156
69.56775489099982,15.588864,62.25
69.58000253099999,15.549695999999999,61.968
69.59221221799999,15.549695999999999,62.187
69.6044545779996,15.47136,62.406
69.61667895399933,15.47136,62.312
69.62890080199941,15.510528,62.062
69.64115279399994,15.510528,62.25
69.65340152199951,15.510528,62.031
69.66565348199947,15.510528,62.187
69.67790041899934,15.510528,62.406
69.6901572429997,15.549695999999999,62.062
69.70238795499972,15.549695999999999,62.375
69.7146340270001,15.588864,62.156
69.7268968999997,15.588864,62.218
69.73914015599985,15.588864,62.281
69.75137185999938,15.588864,62.5
69.76365006099968,15.588864,62.093
69.7758785319993,15.628032,62.312
69.78819708699939,15.628032,62.0
69.80046383099943,15.628032,62.25
69.81267831900004,15.628032,61.906
69.82492218299922,15.667200000000001,62.031
69.83715676699921,15.667200000000001,62.406
69.84936613399987,15.549695999999999,62.312
69.86163143799968,15.510528,62.031
69.873951433,15.510528,62.062
69.88826549899932,15.47136,62.156
69.90230701399923,15.47136,62.281
69.91625713399935,15.510528,62.312
69.92978538599982,15.549695999999999,61.937
69.942478639,15.549695999999999,62.218
69.9550646560001,15.588864,61.906
69.96759387299971,15.628032,62.531
69.98024014799921,15.628032,62.062
69.99317023899948,15.628032,62.375
70.0055312909999,15.667200000000001,62.125
70.017971192,15.667200000000001,62.343
70.03027476999978,15.628032,62.0
70.04253751499982,15.588864,62.062
70.05479219499921,15.588864,62.218
70.06703049099997,15.549695999999999,62.468
70.07925966699986,15.510528,62.093
70.09151018699959,15.510528,62.343
70.10376473999986,15.510528,62.125
70.1159975949995,15.549695999999999,62.25
70.12823595499958,15.549695999999999,62.531
70.14046605899966,15.549695999999999,62.218
70.15272745999937,15.549695999999999,62.125
70.16501801300001,15.549695999999999,62.343
70.17726101299922,15.588864,62.093
70.18952958199952,15.588864,62.187
70.20183770399944,15.628032,62.718
70.2141009930001,15.588864,62.218
70.22632459999932,15.588864,62.468
70.23861406600008,15.628032,62.031
70.25086736999947,15.628032,62.281
70.26308204899942,15.628032,62.125
70.27536332199998,15.628032,61.968
70.28769893299977,15.628032,62.093
70.30011483399994,15.667200000000001,62.375
70.31241073099955,15.628032,62.093
70.32463395499963,15.549695999999999,62.281
70.33686889099954,15.510528,61.968
70.34919970099963,15.47136,62.0
70.36338729999989,15.47136,62.093
70.3771275579993,15.47136,61.937
70.39078643799985,15.510528,62.187
70.40367419199993,15.549695999999999,61.968
70.41641410200009,15.549695999999999,62.25
70.42894325399993,15.588864,62.187
70.44153256799927,15.588864,62.437
70.45674832399982,15.588864,62.375
70.4690863019996,15.628032,62.093
70.48134207099974,15.628032,62.281
70.49359902299966,15.588864,62.093
70.50589716099967,15.588864,62.187
70.5181592659992,15.549695999999999,62.5
70.53043096999954,15.510528,62.156
70.54266811399975,15.510528,62.375
70.55495050799982,15.47136,62.312
70.56715923499996,15.47136,62.062
70.57936508199964,15.47136,62.218
70.59168139599933,15.510528,62.5
70.60394039599942,15.510528,62.125
70.6161808679999,15.510528,62.406
70.62845238099999,15.510528,62.062
70.64067384499958,15.549695999999999,62.281
70.65293524499975,15.549695999999999,62.062
70.66519107799922,15.588864,62.656
70.67759296199984,15.588864,62.25
70.68988857199929,15.549695999999999,62.437
70.70215675599957,15.588864,62.093
70.71442094099984,15.588864,62.312
70.72663229199952,15.588864,62.062
70.73888306899971,15.628032,62.218
70.75113256499935,15.628032,62.375
70.7633683969998,15.628032,62.093
70.7756325169994,15.628032,62.062
70.78789833399969,15.549695999999999,62.218
70.80018943100004,15.510528,62.125
70.81249470500006,15.510528,61.843
