t_s,power_w,temp_c
0.00033994500063272426,20.3952,66.468
0.016167167000276095,20.317504,66.718
0.03064766400075314,20.278655999999998,66.5
0.04569307200017647,20.123264,66.187
0.05759516100079054,20.00672,66.312
0.06995902300059242,20.084416,66.25
0.08207036600015272,20.123264,66.25
0.09480966299997817,20.123264,66.531
0.10950680500081944,20.162112,66.5
0.12288688700027706,20.20096,66.906
0.1351419780003198,20.20096,66.625
0.14742881400070473,20.20096,66.718
0.15942665000056877,20.20096,66.593
0.17141991000062262,20.239808,66.656
0.18352462900020328,20.278655999999998,66.968
0.19561037099992973,20.317504,66.656
0.20771989000058966,20.356351999999998,66.843
0.21998256599999877,20.356351999999998,66.625
0.23248188700017636,20.3952,66.625
0.24489906300004805,20.472896000000002,66.687
0.2569435240002349,20.472896000000002,67.187
0.2692267440006617,20.472896000000002,66.718
0.2813357510003698,20.511744,66.906
0.2933293310006775,20.550592,66.5
0.30546489900007145,20.58944,66.718
0.3174156929999299,20.58944,66.5
0.32939938500021526,20.550592,66.718
0.3413681000001816,20.511744,66.937
0.3534215530007714,20.3952,66.593
0.36629835800067667,20.434047999999997,66.437
0.3798853570006031,20.434047999999997,66.625
0.3926680470003703,20.472896000000002,66.468
0.4048486080000657,20.550592,66.656
0.41699358400001074,20.58944,66.906
0.42955674800032284,20.58944,66.843
0.44253073900017625,20.55552,66.625
0.4551312789999429,20.55552,66.781
0.4666297730000224,20.477952000000002,66.593
0.4783719220004059,20.472896000000002,66.656
0.49034297300022445,20.472896000000002,66.968
0.5030416930003412,20.434047999999997,66.718
0.5151611960000082,20.472896000000002,66.906
0.5271207270006926,20.511744,66.687
0.5395135180006037,20.550592,66.875
0.5521003300000302,20.58944,66.75
0.5645008650008094,20.594304,67.031
0.5770253070004401,20.633088,66.718
0.5894833160000417,20.633088,67.062
0.601857098000437,20.633088,66.593
0.6138845350005795,20.671872,66.812
0.6262650380003834,20.55552,66.437
0.6384399030002896,20.594304,66.875
0.6505795339999167,20.594304,66.812
0.6620575800006918,20.55552,66.875
0.6740980090007724,20.511744,66.625
0.6861251899999843,20.511744,66.562
0.6992880500001775,20.434047999999997,66.5
0.7124329900007069,20.434047999999997,66.843
0.7258936500002164,20.472896000000002,66.5
0.7393866310003432,20.477952000000002,66.843
0.7515160870007094,20.55552,66.562
0.7637064400005329,20.55552,66.843
0.77591461800057,20.594304,66.687
0.7884921500008204,20.594304,67.125
0.8030785370001468,20.594304,66.75
0.8153341400002319,20.55552,66.937
0.8272814790007033,20.58944,66.718
0.8392339690008157,20.58944,66.968
0.8515043249999508,20.594304,66.843
0.8636022919999959,20.594304,67.093
0.875847973999953,20.633088,66.781
0.8884009299999889,20.671872,67.031
0.9009278040002755,20.710656,66.718
0.913403061000281,20.710656,66.906
0.9255749500007369,20.710656,66.781
0.9379372760004117,20.74944,67.031
0.9501340930000879,20.74944,66.781
0.9620763440007067,20.788224,66.968
0.9742494170004647,20.788224,66.656
0.9862855890005449,20.827008000000003,66.812
0.9983915239999988,20.74944,66.656
1.0103977130002022,20.710656,66.718
1.0224358380000922,20.633088,67.031
1.0353357460007828,20.633088,66.687
1.0483555950004302,20.671872,66.375
1.0617440930000157,20.671872,66.781
1.074416028000087,20.74944,66.5
1.0865219940005773,20.74944,66.75
1.0987203480008247,20.74944,67.187
1.1112321820000943,20.74944,67.0
1.1237746730002982,20.788224,66.718
1.1363695810005083,20.74944,66.875
1.148706883000159,20.710656,66.718
1.1608485950000613,20.671872,66.843
1.1727858530002777,20.710656,67.218
1.184750952000286,20.74944,66.812
1.1967163389999769,20.788224,67.093
1.2088185620004879,20.74944,66.75
1.2209160480006176,20.710656,66.843
1.23327031000008,20.710656,66.625
1.2446423370001867,20.710656,66.75
1.257025719000012,20.710656,67.187
1.268958721000672,20.710656,67.125
1.2813568240007953,20.74944,66.718
1.293335396000657,20.788224,66.781
1.3056240880005134,20.788224,66.656
1.3175742740004353,20.827008000000003,66.812
1.3294572590002645,20.788224,67.187
1.341419126000801,20.710656,66.781
1.3534024660002615,20.710656,66.968
1.3669509360006487,20.633088,66.625
1.3795609490007337,20.671872,66.468
1.3930247140006031,20.671872,66.687
1.4065456000007543,20.74944,66.437
1.418824883000525,20.74944,66.968
1.4312575150006523,20.788224,66.687
1.4434003149999626,20.788224,66.906
1.4555365230007737,20.74944,66.875
1.4705230500003381,20.710656,66.531
1.4825645030005035,20.633088,66.718
1.4949845580003966,20.633088,67.062
1.5077289750006457,20.594304,66.75
1.5198551020002924,20.594304,66.968
1.531978478000383,20.633088,66.687
1.5443808690006335,20.671872,66.937
1.5570830760007084,20.671872,66.781
1.5695333410003514,20.710656,67.093
1.582146042000204,20.74944,66.75
1.594453134000105,20.74944,67.062
1.6067798750000293,20.74944,66.718
1.618958100000782,20.788224,66.906
1.6309106870003234,20.788224,66.593
1.6429887809999855,20.827008000000003,66.687
1.6550569549999636,20.827008000000003,66.968
1.6668096319999677,20.788224,66.781
1.6790181930000472,20.710656,66.968
1.6909195150001324,20.671872,66.781
1.7048271630001182,20.633088,66.562
1.718143916000372,20.633088,66.906
1.7312761190005403,20.671872,66.562
1.7444632040005672,20.710656,66.968
1.7567317990005904,20.74944,66.687
1.7689775460003148,20.74944,66.875
1.7812770860000455,20.74944,66.843
1.7937103580006806,20.788224,67.093
1.8074446580003496,20.74944,66.75
1.819411709000633,20.74944,66.906
1.831226020000031,20.633088,66.718
1.8432025750007597,20.594304,66.843
1.8552371160003531,20.594304,66.656
1.8675218719999975,20.633088,66.812
1.8797608029999537,20.671872,67.218
1.8917524300004516,20.671872,67.125
1.903959967999981,20.74944,66.718
1.9164198970001962,20.788224,67.0
1.9289948690002348,20.74944,66.812
1.9409826880000765,20.788224,66.875
1.9534656900004848,20.827008000000003,67.218
1.9654560369999672,20.827008000000003,66.718
1.9774066400004813,20.827008000000003,67.031
1.9893963800004713,20.865792000000003,66.687
2.0013610310006698,20.827008000000003,67.0
2.01335224200011,20.74944,66.718
2.025464641000326,20.671872,67.125
2.0390806980003617,20.671872,66.718
2.0521195230003286,20.671872,66.843
2.0651790520005306,20.710656,66.718
2.078100433000145,20.74944,66.531
2.0907053580003776,20.74944,66.75
2.1029865620002965,20.788224,66.656
2.1159527770005297,20.788224,67.093
2.1304778820003776,20.788224,66.812
2.1422960330000933,20.788224,67.0
2.1542374840000775,20.74944,66.687
2.166349019000336,20.710656,66.906
2.17831059800028,20.74944,66.687
2.190748158000133,20.74944,66.875
2.2030749949999517,20.788224,67.187
2.2153857670000434,20.788224,67.093
2.2274518930007616,20.788224,66.718
2.239547044000574,20.865792000000003,66.937
2.2514810060001764,20.865792000000003,66.781
2.263484282000718,20.865792000000003,66.843
2.2758588000006057,20.904576000000002,67.093
2.2879800630007594,20.904576000000002,66.718
2.2999140890005947,20.904576000000002,67.031
2.3118381310005134,20.904576000000002,66.625
2.3237477729999227,20.943360000000002,66.906
2.3357655770005294,20.827008000000003,66.593
2.3476971710006183,20.827008000000003,66.718
2.360648890000448,20.710656,66.687
2.3733371130001615,20.710656,66.843
2.386687754000377,20.74944,66.531
2.40009897300024,20.74944,66.562
2.412493492000067,20.827008000000003,66.75
2.4249404280008093,20.74944,66.968
2.4374369340002886,20.74944,66.625
2.449318638000477,20.74944,66.875
2.4618175440000414,20.74944,66.718
2.4743590430007316,20.710656,66.812
2.4866030620005404,20.671872,66.593
2.4982197350000206,20.633088,66.718
2.5102427880001414,20.594304,66.75
2.522752158000003,20.633088,67.0
2.535293561000799,20.671872,66.718
2.547687536000012,20.710656,67.062
2.5599133460000303,20.671872,66.718
2.572068018000209,20.74944,66.875
2.584620589000224,20.788224,67.031
2.597370062000664,20.788224,67.187
2.6093587140003365,20.788224,66.75
2.621403079000629,20.827008000000003,66.906
2.633347665000656,20.827008000000003,66.625
2.6453170520007916,20.865792000000003,66.718
2.6574659320003775,20.827008000000003,67.031
2.66933893300029,20.788224,66.812
2.681360737000432,20.710656,67.062
2.693382190000193,20.710656,66.625
2.7062616180000987,20.633088,66.781
2.7198044890001256,20.671872,66.656
2.7338334850001047,20.671872,66.968
2.7469204710005215,20.74944,66.968
2.759444817000258,20.74944,66.625
2.7721268000004784,20.74944,66.906
2.7848615200000495,20.74944,66.718
2.7968252430000575,20.74944,66.75
2.8118497870000283,20.74944,66.781
2.824837441999989,20.710656,67.062
2.8370208510004886,20.671872,66.75
2.849497451999923,20.671872,66.937
2.8614379430000554,20.710656,66.937
2.87387531100012,20.74944,66.75
2.886171299000125,20.74944,66.906
2.8981209090006814,20.788224,67.156
2.9108700300002965,20.827008000000003,66.843
2.9232560050004395,20.865792000000003,67.0
2.935323987000629,20.827008000000003,66.812
2.9477212900001177,20.865792000000003,66.875
2.959675348000019,20.865792000000003,67.218
2.9716499190008108,20.904576000000002,67.062
2.983570793000581,20.904576000000002,66.968
2.995494931000394,20.904576000000002,66.968
3.007374843999969,20.827008000000003,66.75
3.019341127000189,20.788224,66.718
3.0309062790001917,20.633088,66.437
3.0439349590005804,20.594304,66.593
3.0574349160006022,20.594304,66.875
3.0703472100003637,20.633088,66.843
3.082753536999917,20.671872,66.625
3.095400031000281,20.671872,66.843
3.1076611700000285,20.710656,66.687
3.120329584000501,20.710656,66.843
3.132613348000632,20.710656,67.093
3.144605584000601,20.710656,66.781
3.1566335960005745,20.710656,67.0
3.1688982880004914,20.671872,67.0
3.1805068970006687,20.633088,66.875
3.192890823000198,20.671872,66.937
3.2049674449999657,20.710656,67.093
3.217112005000672,20.710656,66.812
3.229589087000022,20.74944,66.968
3.2419679889999315,20.788224,66.718
3.254397133000566,20.827008000000003,66.906
3.2664918350001244,20.788224,66.843
3.278772399000445,20.827008000000003,66.875
3.2907765070003734,20.865792000000003,67.093
3.3027363900000637,20.865792000000003,66.968
3.3146765600004073,20.865792000000003,66.906
3.326633499000309,20.904576000000002,66.906
3.338645863000238,20.827008000000003,66.625
3.350614066000162,20.788224,66.656
3.3626135340000474,20.710656,66.968
3.3750519580007676,20.710656,66.593
3.3886773270005506,20.710656,66.593
3.402109475000543,20.74944,66.843
3.414547483000206,20.788224,66.562
3.4266863790007847,20.827008000000003,66.781
3.4387866490005763,20.827008000000003,67.062
3.451320372000737,20.827008000000003,66.843
3.464854090000699,20.827008000000003,66.843
3.4771246380005323,20.74944,66.843
3.4892130680000264,20.710656,66.625
3.5017225340006917,20.671872,66.781
3.513671185000021,20.671872,67.093
3.525850594000076,20.671872,66.843
3.5379079829999682,20.710656,67.031
3.5500189740005226,20.74944,66.812
3.5622898420006095,20.74944,66.968
3.574682825000309,20.788224,66.906
3.5871285769999304,20.827008000000003,67.125
3.5997404140007347,20.827008000000003,66.937
3.612144341000203,20.827008000000003,67.031
3.6242256030000135,20.827008000000003,66.812
3.636264816000221,20.865792000000003,66.843
3.6476458030001595,20.74944,66.625
3.6596210780007823,20.74944,66.718
3.67209729500064,20.74944,67.093
3.684036345000095,20.633088,66.718
3.695933378000518,20.594304,66.5
3.7098966130006374,20.477952000000002,66.812
3.7234275790005995,20.477952000000002,66.468
3.7368661590007832,20.516736,66.968
3.749986234000062,20.55552,66.687
3.762163562000751,20.594304,66.906
3.774783080000816,20.633088,66.718
3.7871197090007627,20.633088,66.968
3.7996259750007084,20.633088,66.937
3.813937667000573,20.633088,67.25
3.825986992000253,20.633088,66.781
3.8379868760002864,20.633088,67.156
3.8502020940004513,20.594304,66.812
3.8623739180002303,20.594304,66.781
3.8747156680001353,20.633088,66.968
3.88711837900064,20.671872,66.75
3.899696295000467,20.671872,66.875
3.9119493380003405,20.710656,67.093
3.9242621260000305,20.74944,66.75
3.9366152040001907,20.74944,67.125
3.948855415000253,20.74944,66.968
3.9612317569999504,20.788224,66.718
3.9731489180003337,20.788224,66.781
3.985279174000425,20.827008000000003,67.062
3.9972397930005172,20.865792000000003,66.781
4.009160155000245,20.788224,67.031
4.021123397000338,20.74944,66.718
4.03311640100037,20.671872,66.843
4.045865746000345,20.633088,67.156
4.059233668000161,20.671872,66.968
4.072516723000263,20.710656,66.718
4.085469721000663,20.74944,66.968
4.097646218000591,20.788224,66.625
4.109897373000422,20.788224,66.906
4.1221198550001645,20.788224,66.718
4.134308736000094,20.788224,67.125
4.147715091000464,20.788224,66.75
4.159655933000067,20.74944,67.031
4.17174858800081,20.710656,66.781
4.183759032000125,20.74944,66.968
4.195734947000346,20.74944,66.75
4.207668846000161,20.788224,66.875
4.219737243000054,20.788224,67.187
4.231884747000549,20.710656,66.781
4.244352932000766,20.671872,66.687
4.256965313000364,20.74944,66.906
4.269555933000447,20.74944,66.812
4.281576650000716,20.74944,66.843
4.294200775000718,20.788224,67.187
4.306248532000609,20.788224,66.781
4.31826953700056,20.827008000000003,66.906
4.330309678000049,20.865792000000003,66.718
4.342350298999918,20.788224,66.968
4.354391080000823,20.710656,66.812
4.366571545000625,20.671872,67.062
4.380082575000415,20.633088,66.718
4.39355411500037,20.671872,66.812
4.406903284000691,20.671872,66.875
4.4199058840004,20.74944,66.656
4.432497560000229,20.788224,66.906
4.444824301000153,20.788224,67.187
4.457267590000811,20.788224,67.093
4.469849378000617,20.788224,66.718
4.483878118000575,20.710656,66.937
4.4958774900005665,20.671872,66.687
4.508201222000025,20.633088,66.937
4.5207166410000355,20.633088,66.781
4.533152249000523,20.633088,67.093
4.545259976000125,20.671872,66.812
4.557446521000202,20.710656,67.062
4.569956467000338,20.710656,66.781
4.582388939000339,20.74944,66.968
4.595228558000599,20.788224,67.25
4.607167703999949,20.74944,67.187
4.619551663000493,20.788224,66.718
4.631538618000377,20.827008000000003,67.0
4.6434978290008075,20.827008000000003,66.75
4.655426639000325,20.827008000000003,66.843
4.667803973000446,20.865792000000003,67.218
4.680044407999958,20.74944,66.75
4.6920976050005265,20.710656,67.062
4.704142514000523,20.633088,66.718
4.717724714000724,20.633088,66.625
4.731308354000248,20.633088,66.718
4.744874904999961,20.671872,66.75
4.757807103000232,20.74944,67.062
4.770179157000712,20.74944,66.781
4.782407751000392,20.74944,67.062
4.795036964000246,20.74944,66.75
4.807588640000176,20.788224,66.781
4.820924624000327,20.710656,66.781
4.832690934000311,20.633088,67.093
4.845194800000172,20.55552,66.781
4.857377857000756,20.55552,67.0
4.870688689000417,20.594304,66.75
4.882896482999968,20.594304,67.0
4.89517992600031,20.633088,66.937
4.907153857000594,20.671872,67.218
4.91955384800076,20.710656,66.812
4.932237239000642,20.74944,67.031
4.944175233000351,20.710656,66.906
4.956483253999977,20.74944,66.937
4.968551171999934,20.788224,66.781
4.980532526999923,20.788224,66.812
4.992694495000251,20.788224,67.125
5.004691563000051,20.827008000000003,66.812
5.016657526000017,20.74944,67.062
5.028580352000063,20.710656,66.812
5.040604045000691,20.633088,66.687
5.053124583000681,20.633088,66.718
5.066581691000465,20.633088,67.0
5.080348215999948,20.671872,66.937
5.092934004000199,20.710656,66.718
5.105258569000398,20.74944,66.937
5.117725218000487,20.74944,66.718
5.130453026000396,20.74944,66.843
5.142058019000615,20.788224,67.218
5.154276821000167,20.74944,66.843
5.166589481000301,20.710656,67.093
5.17854546000035,20.671872,66.843
5.190498527000273,20.710656,67.031
5.202546316000735,20.710656,66.968
5.21480031900046,20.74944,67.218
5.227068178000081,20.74944,66.906
5.239484489999995,20.788224,67.125
5.251523927000562,20.827008000000003,66.812
5.264144212000247,20.865792000000003,67.062
5.276612141000442,20.827008000000003,66.906
5.289107686000534,20.865792000000003,67.218
5.301706819000174,20.904576000000002,66.843
5.313994455000284,20.904576000000002,67.187
5.326267594000456,20.904576000000002,66.687
5.338515901000392,20.904576000000002,67.093
5.350840146000337,20.827008000000003,66.812
5.3630862120007805,20.788224,66.718
5.3753878330007865,20.710656,66.843
5.388869326000531,20.74944,66.937
5.40147380200051,20.74944,66.625
5.414535987000818,20.788224,66.906
5.42677277400071,20.788224,66.625
5.438891733000673,20.74944,66.625
5.451169353000296,20.710656,66.812
5.4636163210007,20.74944,66.812
5.479035339000802,20.710656,66.906
5.491251197000565,20.671872,66.75
5.503918044000784,20.633088,66.968
5.5155044760003875,20.55552,66.687
5.5274617990007755,20.594304,66.812
5.539619607000532,20.633088,67.156
5.552055375000236,20.633088,66.906
5.56415628600007,20.671872,67.093
5.576473939000607,20.671872,66.968
5.589201171000241,20.710656,66.75
5.601697611999953,20.74944,66.937
5.613619222000125,20.710656,67.312
5.6257725180003035,20.788224,66.75
5.637878325000202,20.788224,67.125
5.649874753000404,20.827008000000003,66.843
5.661846412000159,20.827008000000003,66.875
5.673860664000131,20.827008000000003,66.656
5.68612071500047,20.671872,66.718
5.698075222000625,20.671872,67.093
5.710091810000449,20.594304,66.968
5.723562263000531,20.594304,66.625
5.737049196000044,20.594304,66.781
5.750657732000036,20.633088,66.875
5.762512204000814,20.710656,67.156
5.774727710000661,20.710656,66.781
5.787075860000186,20.710656,67.093
5.7995257080001466,20.710656,66.781
5.814120544000616,20.74944,66.875
5.825973223000801,20.710656,66.906
5.837915026000701,20.710656,67.25
5.8500330570004735,20.671872,66.937
5.862029036999957,20.671872,67.062
5.873974071000703,20.710656,66.875
5.886208137000722,20.74944,67.093
5.898405243000525,20.74944,66.843
5.910789649000435,20.788224,67.0
5.92300189100024,20.827008000000003,67.218
5.935534365999956,20.865792000000003,67.218
5.9475098970006,20.827008000000003,67.218
5.95944312300071,20.865792000000003,67.031
5.971778024000741,20.865792000000003,66.718
5.9837488830007715,20.904576000000002,66.906
5.995761439000489,20.904576000000002,67.125
6.007740587000626,20.904576000000002,66.906
6.019689429000209,20.827008000000003,67.156
6.031689665000158,20.710656,66.625
6.043955092000033,20.55552,66.781
6.057567085000301,20.55552,66.781
6.071117028000117,20.594304,67.0
6.0847491810000065,20.594304,66.75
6.097208373000285,20.671872,67.031
6.109272099000009,20.710656,66.968
6.1215417820003495,20.710656,66.718
6.134048464000443,20.710656,66.937
6.146608492000269,20.74944,67.343
6.15883804600071,20.710656,66.843
6.170796617000633,20.710656,67.218
6.182899895000446,20.633088,66.812
6.194849922000685,20.671872,67.031
6.206797868000649,20.710656,66.843
6.219168291000642,20.74944,67.281
6.231382612000743,20.74944,66.937
6.243756939000377,20.74944,67.156
6.2561115840007915,20.788224,66.906
6.2683491070001764,20.827008000000003,67.062
6.280376415000319,20.788224,66.906
6.292842328000006,20.865792000000003,66.937
6.304811011000311,20.865792000000003,67.218
6.316769869999916,20.865792000000003,66.937
6.328715800000282,20.865792000000003,67.0
6.340708323999934,20.904576000000002,66.843
6.352612781000062,20.827008000000003,66.968
6.364559096000448,20.788224,66.75
6.378361942000083,20.671872,67.187
6.391882124000404,20.710656,67.0
6.4052023640006155,20.710656,66.718
6.418657103999976,20.74944,67.0
6.430906819000484,20.788224,66.656
6.4430861959999675,20.827008000000003,67.0
6.455522700000074,20.827008000000003,66.906
6.4684560490004515,20.827008000000003,67.187
6.480095634999998,20.788224,66.875
6.49252084300042,20.710656,67.0
6.504402100000334,20.710656,66.812
6.516529731000446,20.633088,66.968
6.528721108000354,20.671872,67.375
6.540770306000013,20.671872,66.937
6.552793870000642,20.710656,67.125
6.565039905000049,20.710656,66.906
6.577212785000484,20.74944,67.062
6.589620905000629,20.788224,66.875
6.601611091999985,20.827008000000003,67.062
6.613530590000664,20.788224,67.062
6.625647917000606,20.827008000000003,67.156
6.637698586000624,20.74944,66.781
6.649804585000311,20.710656,66.875
6.6623784370003705,20.710656,66.687
6.674550422000721,20.710656,66.812
6.686799112000699,20.710656,67.25
6.698850614000548,20.594304,66.937
6.710902979000821,20.594304,66.875
6.724061935000464,20.516736,66.843
6.73755056400023,20.55552,66.656
6.751122362999922,20.594304,66.562
6.7641451879999295,20.633088,66.75
6.7762599870002305,20.671872,67.062
6.788588328000515,20.710656,66.812
6.801250438000352,20.710656,67.0
6.813834338000561,20.710656,67.0
6.827339383000435,20.710656,66.781
6.839228992000244,20.671872,66.937
6.85142283300047,20.633088,67.218
6.86358384200048,20.633088,66.875
6.875873366000633,20.671872,67.125
6.888166954000553,20.710656,66.906
6.900198838000506,20.710656,67.031
6.912390824000795,20.74944,66.781
6.925026885000079,20.827008000000003,67.281
6.937519359000362,20.827008000000003,66.937
6.949644238000474,20.827008000000003,67.218
6.961819230999936,20.865792000000003,66.781
6.97378378600024,20.865792000000003,67.031
6.985991547000594,20.904576000000002,66.812
6.998001831000693,20.904576000000002,66.843
7.010155832000237,20.904576000000002,67.187
7.022118882000541,20.827008000000003,66.875
7.03404612400027,20.788224,66.906
7.046712619000573,20.671872,66.937
7.059965625000586,20.710656,66.687
7.072865758000262,20.710656,66.781
7.086578680999992,20.74944,66.781
7.099039762000757,20.788224,66.968
7.11166068700004,20.788224,66.781
7.123789438000131,20.788224,67.0
7.1362493990000075,20.827008000000003,66.906
7.148776433000421,20.827008000000003,66.968
7.1604746770008205,20.788224,67.218
7.172497505000138,20.788224,66.968
7.1846469609999986,20.710656,67.156
7.196593052000026,20.74944,66.875
7.208559143000457,20.788224,67.0
7.2207104870003604,20.827008000000003,67.093
7.2327068190006685,20.710656,67.25
7.245609416000661,20.671872,66.843
7.258021503000236,20.710656,67.093
7.270801120000215,20.74944,66.812
7.282795020000776,20.74944,67.093
7.2951972509999905,20.788224,66.781
7.307235664000473,20.788224,67.343
7.319193563000226,20.827008000000003,66.906
7.331143429000804,20.827008000000003,67.031
7.343092176000027,20.865792000000003,66.843
7.35506789900046,20.788224,67.0
7.367021541000213,20.74944,66.656
7.3790759870007605,20.671872,66.875
7.392597129000023,20.671872,67.125
7.405396299000131,20.671872,67.031
7.418753756000115,20.710656,66.718
7.431360952999967,20.74944,66.906
7.443528041000718,20.788224,66.812
7.455704058000265,20.788224,66.968
7.467836585999976,20.788224,66.937
7.48100725400036,20.788224,67.218
7.492808828000307,20.788224,66.843
7.505042095000135,20.710656,67.0
7.5167983880000975,20.671872,66.812
7.529281101000379,20.633088,66.937
7.541858696999952,20.671872,67.343
7.554078235000816,20.710656,66.906
7.56628439600081,20.710656,67.218
7.57864112200059,20.710656,67.125
7.591080602000147,20.74944,66.812
7.603503794000062,20.788224,67.0
7.615551199000038,20.788224,67.5
7.627864692000003,20.827008000000003,66.968
7.639897632000611,20.827008000000003,67.187
7.651896012000179,20.865792000000003,66.812
7.664075997000509,20.865792000000003,67.0
7.676057000000583,20.865792000000003,66.718
7.687902672000746,20.788224,66.906
7.699935965000805,20.710656,67.281
7.711940585000775,20.633088,66.781
7.725131862000126,20.633088,66.718
7.738140317000216,20.671872,66.843
7.7516902280003706,20.671872,66.625
7.764410292000321,20.74944,66.656
7.776635206000719,20.74944,66.843
7.788877977000084,20.74944,67.156
7.8011814530000265,20.788224,66.875
7.813486113000181,20.788224,67.156
7.827001399000437,20.74944,66.875
7.839157735000299,20.633088,66.906
7.851015823000125,20.594304,67.281
7.86296242500066,20.55552,67.187
7.87536113600072,20.594304,66.843
7.8876086750005925,20.633088,67.156
7.899796852000691,20.633088,66.843
7.912065959000756,20.671872,67.031
7.924131477000628,20.671872,66.781
7.936558989000332,20.710656,66.937
7.948312114000146,20.74944,67.343
7.960259228000723,20.74944,66.906
7.972397708000244,20.788224,66.968
7.984484313999928,20.788224,66.781
7.996595913000419,20.827008000000003,67.0
8.008549204000701,20.827008000000003,67.218
8.020653219000451,20.827008000000003,67.218
8.032718704000217,20.74944,66.906
8.045029093000267,20.710656,67.125
8.05879094500051,20.633088,66.875
8.072492700000112,20.671872,66.625
8.085622087000047,20.671872,66.812
8.099398276000102,20.74944,66.781
8.111920191000536,20.788224,67.031
8.124104047999936,20.788224,66.843
8.136613738000051,20.788224,67.062
8.149277576000713,20.788224,66.875
8.161937190000572,20.788224,66.937
8.174001428000338,20.74944,67.281
8.18613225900026,20.710656,67.218
8.198107950000121,20.74944,66.875
8.210147515000244,20.74944,67.125
8.222289963000549,20.788224,66.875
8.234397530000024,20.788224,66.968
8.246497065000767,20.788224,67.312
8.258639704000416,20.865792000000003,66.968
8.270640100000492,20.865792000000003,67.187
8.282675633000508,20.865792000000003,67.0
8.294808545000706,20.904576000000002,67.031
8.306798060000801,20.904576000000002,66.843
8.3188012720002,20.904576000000002,67.0
8.33079533199998,20.904576000000002,67.25
8.342756079000537,20.943360000000002,66.906
8.354700665000564,20.865792000000003,67.125
8.36666275600055,20.827008000000003,66.843
8.378669648000141,20.74944,66.781
8.39237364300061,20.74944,66.812
8.405453557000328,20.788224,66.687
8.41960194800049,20.788224,67.0
8.431963538000673,20.865792000000003,66.718
8.44375391199992,20.74944,66.875
8.456394133000686,20.74944,66.75
8.469510144000196,20.788224,67.375
8.48250989600001,20.74944,66.906
8.494917439000346,20.74944,67.093
8.50711329600017,20.671872,66.875
8.518406056000458,20.671872,67.093
8.530446869000116,20.633088,66.843
8.542707689000054,20.671872,67.062
8.55496066700016,20.710656,67.406
8.56728116800059,20.710656,66.968
8.579557028000636,20.74944,67.218
8.591716916000223,20.788224,67.156
8.604179949000354,20.827008000000003,66.875
8.616795977000038,20.827008000000003,67.156
8.628799125000114,20.827008000000003,67.437
8.641165994999938,20.865792000000003,66.843
8.653212473000167,20.865792000000003,67.125
8.665244773000268,20.904576000000002,66.906
8.677231217000553,20.904576000000002,67.031
8.689418146000207,20.865792000000003,66.906
8.70175285500045,20.74944,67.062
8.713913606999995,20.710656,66.906
8.727587553000376,20.671872,67.093
8.74146748900057,20.671872,66.937
8.755160572000023,20.710656,66.718
8.767451728000196,20.74944,66.906
8.779807526000695,20.788224,67.312
8.791443910999988,20.788224,66.937
8.804474544000186,20.788224,66.906
8.817070316000354,20.788224,67.218
8.830569153000397,20.788224,66.843
8.842798835999929,20.74944,67.031
8.854736318000505,20.710656,66.843
8.866918319000433,20.74944,67.031
8.879127552000682,20.74944,67.218
8.891417140000158,20.788224,67.218
8.90401611300058,20.788224,66.937
8.916401991000384,20.827008000000003,67.062
8.928758269000355,20.865792000000003,66.843
8.940588452000156,20.865792000000003,67.062
8.952796982000109,20.865792000000003,67.375
8.965047656000024,20.904576000000002,66.968
8.977367933000096,20.904576000000002,67.218
8.98948554800063,20.943360000000002,66.843
9.00146511100047,20.943360000000002,66.937
9.013465218999954,20.943360000000002,67.343
9.025445295000281,20.865792000000003,66.875
9.03743375400063,20.74944,66.687
9.049667788000079,20.633088,67.031
9.063116512000306,20.594304,66.687
9.076771609999923,20.633088,66.656
9.08973881700058,20.633088,66.843
9.102887500000179,20.710656,67.187
9.11505334100002,20.74944,66.812
9.127233230000456,20.74944,67.062
9.139661125000202,20.74944,67.062
9.152311395000652,20.74944,66.906
9.16580370400061,20.74944,66.937
9.177751843000806,20.710656,67.25
9.189864370000578,20.671872,67.0
9.201799772000413,20.671872,67.187
9.213900298000226,20.710656,66.906
9.226141085000563,20.710656,67.156
9.238177290000749,20.710656,66.906
9.25029711300067,20.74944,67.406
9.262484778000726,20.788224,67.031
9.274925602000621,20.827008000000003,67.25
9.286910413000442,20.827008000000003,67.093
9.299138944000333,20.865792000000003,67.125
9.311198669000078,20.865792000000003,66.906
9.323186457000702,20.865792000000003,66.968
9.33523895000053,20.904576000000002,67.218
9.347147215000405,20.904576000000002,66.875
9.359130875000119,20.827008000000003,67.125
9.371044228000756,20.788224,66.718
9.383130098000038,20.710656,66.937
9.396635592000166,20.710656,66.812
9.409506156000134,20.74944,67.093
9.422376496000652,20.74944,66.875
9.434614338000756,20.827008000000003,67.031
9.446761746000448,20.827008000000003,66.812
9.458909538000626,20.827008000000003,66.843
9.471423868000784,20.827008000000003,67.031
9.484369730000253,20.865792000000003,67.281
9.497679410000273,20.74944,66.875
9.50935550900067,20.710656,67.093
9.520679342000221,20.671872,66.875
9.532743836000009,20.671872,67.031
9.545204980000563,20.710656,66.906
9.55763050800033,20.710656,67.437
9.569676217000051,20.74944,67.062
9.582218739999917,20.74944,67.187
9.594826608999938,20.788224,67.0
9.607323402000475,20.827008000000003,67.093
9.619346199000574,20.827008000000003,66.968
9.631663435000519,20.865792000000003,67.031
9.643919422000181,20.865792000000003,67.375
9.655774758000007,20.74944,66.781
9.667794003000381,20.74944,67.0
9.67978838199997,20.74944,67.031
9.69184814000073,20.74944,67.093
9.703763509000055,20.594304,67.0
9.715713952000442,20.594304,67.031
9.729337592000775,20.516736,66.843
9.742904208000255,20.516736,66.75
9.75610498900005,20.55552,66.937
9.769912443000067,20.594304,66.75
9.782323026000086,20.633088,66.718
9.794773834000807,20.671872,66.968
9.807291556000564,20.671872,67.218
9.819700123000075,20.671872,66.968
9.831725192000704,20.671872,67.187
9.843781653000406,20.671872,66.906
9.855732352000814,20.633088,67.125
9.867644265000308,20.633088,67.406
9.880052960000285,20.633088,67.0
9.892085357000724,20.671872,67.25
9.90420050800003,20.671872,67.0
9.91645732699999,20.710656,66.937
9.929059340000094,20.74944,67.125
9.94153530099993,20.788224,66.843
9.953622867000377,20.788224,67.156
9.965906150000592,20.788224,67.343
9.97802626200064,20.827008000000003,66.906
9.990109220000704,20.827008000000003,67.062
10.002451160999954,20.865792000000003,66.781
10.014431364000302,20.865792000000003,67.031
10.026424816000144,20.788224,67.437
10.038436028000433,20.74944,67.156
10.050481672999922,20.710656,66.906
10.06415373100026,20.671872,66.968
10.07709504900049,20.710656,66.906
10.09066646500014,20.710656,66.718
10.103169433999938,20.788224,67.0
10.115240040000572,20.788224,67.187
10.127323510000679,20.788224,66.968
10.139847473000373,20.788224,67.125
10.152142757000547,20.827008000000003,66.937
10.164167889000055,20.788224,67.093
10.176077338000141,20.788224,66.906
10.188122344000476,20.710656,67.125
10.19999617600024,20.74944,67.25
10.211921402000371,20.74944,66.937
10.223803714000496,20.788224,67.0
10.236055925000073,20.788224,67.062
10.248028352000802,20.671872,66.812
10.260697567000534,20.710656,67.093
10.273392862000037,20.74944,67.281
10.28573077100009,20.74944,66.968
10.297694174000753,20.788224,67.218
10.310154806000355,20.788224,66.843
10.322112801000003,20.827008000000003,66.781
10.334422741000708,20.827008000000003,66.906
10.346426305000023,20.865792000000003,67.218
10.358423693000077,20.788224,66.843
10.370358455000314,20.74944,67.093
10.382494791000681,20.671872,66.843
10.39601366000079,20.671872,66.968
10.40939803100082,20.671872,66.812
10.422377174000758,20.710656,67.125
10.435405566000554,20.74944,66.906
10.44751818900022,20.788224,67.125
10.45976793600039,20.788224,66.875
10.472060563000014,20.788224,66.781
10.488823939000213,20.788224,67.281
10.502371066000705,20.74944,66.906
10.514633101000072,20.671872,67.156
10.526797948999956,20.633088,67.093
10.53945954700066,20.671872,66.875
10.551651340000717,20.710656,67.093
10.564016226000604,20.710656,67.468
10.576243475999945,20.710656,67.031
10.588615627000763,20.74944,67.25
10.60189673000059,20.788224,67.218
10.614824575000057,20.827008000000003,67.031
10.627003055999921,20.827008000000003,67.093
10.639535979000357,20.827008000000003,66.812
10.651701563000643,20.865792000000003,66.937
10.663857547000589,20.865792000000003,67.218
10.676167360000363,20.904576000000002,66.906
10.688380081000105,20.904576000000002,67.218
10.700560354000118,20.788224,67.25
10.712738707000426,20.74944,66.781
10.726458766000178,20.671872,67.218
10.74066984700039,20.671872,66.843
10.754859776000558,20.710656,66.781
10.769058984000367,20.788224,67.093
10.781946093000442,20.788224,66.843
10.794706766000672,20.788224,67.406
10.807746645999941,20.788224,67.0
10.820365555000535,20.827008000000003,67.218
10.83461686100054,20.788224,67.0
10.847537122000176,20.633088,66.812
10.860863603000325,20.628288,67.031
10.873212008000337,20.628288,66.875
10.885724994000157,20.633088,67.312
10.898031735000586,20.671872,67.0
10.910731766000026,20.671872,67.281
10.92341381300048,20.710656,66.875
10.936122068000259,20.74944,67.062
10.948979480000162,20.788224,67.125
10.96120116200018,20.74944,67.468
10.973928553000405,20.788224,66.906
10.986220253000283,20.788224,67.125
10.998456496000472,20.827008000000003,66.937
11.010742147000201,20.827008000000003,67.031
11.023014039000373,20.865792000000003,66.843
11.035318347000612,20.74944,67.062
11.04744316200049,20.74944,66.718
11.061346811000476,20.671872,67.187
11.075623526000527,20.671872,66.968
11.090032340000107,20.671872,66.937
11.104087129000618,20.74944,66.656
11.117031423000299,20.788224,66.875
11.129747678000058,20.788224,66.937
11.142619330000343,20.788224,67.218
11.15551287100061,20.827008000000003,67.125
11.169790962000661,20.788224,66.875
11.182338092999998,20.74944,67.093
11.194527518000541,20.710656,67.437
11.206731375000345,20.74944,67.031
11.218924128000253,20.788224,67.25
11.231076400000347,20.788224,67.0
11.243655564000619,20.788224,67.062
11.256418637000024,20.827008000000003,67.062
11.268713600999945,20.865792000000003,67.343
11.281661639000049,20.904576000000002,67.062
11.293858680000085,20.865792000000003,67.343
11.306226702000458,20.904576000000002,66.906
11.318405055000767,20.904576000000002,67.093
11.330643730000702,20.904576000000002,66.875
11.342907461000323,20.943360000000002,67.343
11.3550710290001,20.904576000000002,66.968
11.36724435800079,20.827008000000003,67.218
11.379457399000785,20.827008000000003,66.937
11.393811492000168,20.74944,66.718
11.40801706900038,20.788224,66.875
11.422219478000443,20.788224,66.875
11.43494475800071,20.865792000000003,67.218
11.44762152400017,20.74944,66.781
11.460703774000649,20.74944,66.812
11.474126705000344,20.74944,67.031
11.487688808000712,20.788224,67.0
11.500403240000196,20.710656,66.906
11.512644026000089,20.671872,66.906
11.524847564000083,20.671872,67.187
11.537027773000773,20.633088,66.843
11.549407475000407,20.671872,67.093
11.561716327000795,20.710656,66.906
11.574074941000617,20.710656,67.093
11.58661234400006,20.710656,67.375
11.599513275999925,20.74944,67.25
11.611935380000432,20.788224,66.968
11.624137540999982,20.788224,67.218
11.636755746000745,20.788224,66.843
11.649254492000182,20.827008000000003,67.0
11.661462125000071,20.827008000000003,67.312
11.673678015000405,20.865792000000003,66.937
11.68596120300026,20.865792000000003,66.875
11.698243558000286,20.74944,67.0
11.71061343600013,20.710656,66.781
11.722945617000732,20.633088,66.906
11.737269790000028,20.633088,66.906
11.751623242000278,20.671872,66.781
11.76641065900003,20.710656,67.218
11.779040737000287,20.74944,66.781
11.791694045999975,20.788224,66.843
11.804808745000628,20.788224,67.062
11.817654220000804,20.788224,67.031
11.833096502999979,20.788224,67.312
11.84551457500038,20.74944,66.937
11.858058314000118,20.710656,67.218
11.870259323000028,20.710656,66.937
11.883096574000774,20.74944,67.406
11.89556027800063,20.788224,67.093
11.90777124000033,20.788224,67.312
11.920058364000397,20.788224,67.062
11.93243345800056,20.827008000000003,67.218
11.945445210000798,20.865792000000003,66.906
11.957615338000323,20.827008000000003,67.25
11.970067139000093,20.865792000000003,67.0
11.982311733000643,20.904576000000002,67.25
11.994576328000221,20.904576000000002,66.968
12.00677906600049,20.904576000000002,67.187
12.01894359400012,20.943360000000002,67.0
12.03107151400036,20.865792000000003,67.125
12.043329996000466,20.710656,67.218
12.05567536200033,20.594304,67.093
12.07031791100053,20.594304,67.125
12.084822152000015,20.633088,66.718
12.099318457000663,20.633088,67.031
12.111852595000528,20.710656,66.906
12.124824890000127,20.710656,67.312
12.137760160000653,20.710656,66.937
12.150714758000504,20.74944,66.937
12.165547104000325,20.74944,67.187
12.178023801000563,20.710656,66.937
12.1902408750002,20.710656,67.156
12.202415387000656,20.671872,67.093
12.214819506000822,20.710656,67.343
12.227300620000278,20.74944,67.0
12.239731331000257,20.788224,67.218
12.252375457000198,20.788224,67.218
12.265714450000814,20.827008000000003,66.906
12.279058050999993,20.827008000000003,67.093
12.291231603000597,20.827008000000003,67.531
12.303579177000756,20.865792000000003,67.0
12.316121348000706,20.865792000000003,67.218
12.3284542650008,20.904576000000002,67.187
12.34064269800001,20.904576000000002,66.781
12.352821370000129,20.904576000000002,67.093
12.364961994000623,20.827008000000003,67.343
12.377167483999983,20.788224,66.906
12.390822549000404,20.671872,66.843
12.405026590000489,20.710656,66.968
12.419162629000311,20.710656,66.968
12.433587924000676,20.74944,67.312
12.44607639700007,20.788224,67.25
12.458847086000787,20.788224,66.906
12.471653135999986,20.788224,67.187
12.484874493999996,20.827008000000003,67.125
12.501231682000252,20.788224,66.843
12.51359864799997,20.74944,67.25
12.52583204200073,20.671872,66.937
12.538378501000807,20.633088,67.218
12.550931872000547,20.633088,67.0
12.56308388800062,20.671872,67.125
12.575232928000332,20.710656,66.968
12.587396753000576,20.710656,67.125
12.600376888000028,20.74944,67.062
12.613627142000041,20.788224,67.25
12.62580709500071,20.788224,67.125
12.638559703000283,20.827008000000003,67.156
12.651035376000436,20.710656,66.781
12.663194592000764,20.74944,67.25
12.675457300000744,20.74944,66.906
12.687746438999966,20.788224,67.281
12.700027387000773,20.710656,66.812
12.712271757000053,20.671872,67.125
12.724883114000477,20.594304,67.0
12.7392994490001,20.55552,67.312
12.753508450000481,20.55552,67.156
12.768096757000421,20.594304,66.75
12.781078428,20.671872,66.781
12.793923103000452,20.671872,67.156
12.806785475000652,20.671872,66.875
12.819734889000756,20.710656,67.031
12.832282564000707,20.710656,67.375
12.845185513000615,20.671872,67.406
12.857400634000442,20.710656,66.937
12.869580266999947,20.633088,67.218
12.882560466000541,20.671872,67.031
12.895080715999939,20.710656,67.031
12.907323166999959,20.710656,67.437
12.919544657000188,20.74944,67.375
12.932278449000478,20.788224,66.937
12.945109555000272,20.788224,67.156
12.957846803999928,20.827008000000003,67.031
12.970003428000382,20.827008000000003,67.125
12.982610816000488,20.865792000000003,67.375
12.99482411400004,20.865792000000003,67.218
13.006992002000516,20.865792000000003,66.812
13.019150099000399,20.904576000000002,67.218
13.031315075000748,20.827008000000003,66.843
13.043461555000249,20.788224,67.0
13.055734309999934,20.710656,66.968
13.070098963000419,20.710656,67.125
13.084159416000148,20.74944,66.968
13.09831548800048,20.74944,66.781
13.111059008000666,20.827008000000003,67.062
13.124074024000038,20.827008000000003,67.062
13.1366160030002,20.827008000000003,67.312
13.149432197000351,20.827008000000003,67.031
13.162203558000328,20.827008000000003,67.25
13.174699488000442,20.788224,66.968
13.186974387000191,20.788224,67.218
13.199112387000241,20.74944,67.125
13.211567995000223,20.788224,67.406
13.224057140000696,20.827008000000003,67.062
13.236687569999958,20.827008000000003,67.375
13.249176330999944,20.710656,66.937
13.26208881599996,20.74944,66.937
13.275290141000369,20.788224,67.125
13.28812384000048,20.788224,67.5
13.300261519000742,20.788224,67.187
13.312691303000065,20.827008000000003,67.218
13.324935194000318,20.827008000000003,66.937
13.337169676000485,20.865792000000003,67.125
13.349408510000103,20.865792000000003,67.031
13.361545006000597,20.865792000000003,67.5
13.373707902000206,20.788224,67.187
13.386042323000765,20.74944,67.187
13.400939983000171,20.671872,67.156
13.415293404000295,20.710656,66.968
13.429496005000146,20.710656,66.718
13.442556654000327,20.788224,66.843
13.455116425000597,20.788224,67.0
13.467856809000295,20.788224,67.218
13.480826128000444,20.788224,66.937
13.49462878200029,20.827008000000003,66.906
13.507528338000157,20.788224,67.093
13.519849095000609,20.710656,67.343
13.531997654999941,20.671872,66.906
13.544399502000488,20.633088,67.187
13.556600959000207,20.671872,67.0
13.568787632000749,20.710656,67.156
13.581335051000679,20.710656,67.0
13.593671904000075,20.74944,67.437
13.606368287000805,20.788224,67.093
13.61874158900082,20.827008000000003,67.312
13.630948039000032,20.788224,67.093
13.643406399000014,20.827008000000003,67.125
13.655671154000629,20.827008000000003,66.968
13.667860355000812,20.865792000000003,67.125
13.680102805999923,20.865792000000003,66.906
13.692573934999928,20.904576000000002,67.312
13.704747135000616,20.788224,66.968
13.717267193000225,20.710656,66.937
13.730727758000285,20.594304,66.937
13.745130364000033,20.633088,66.781
13.759967478000362,20.633088,67.281
13.774818001000313,20.710656,67.187
13.787401965000754,20.74944,66.875
13.800347923000118,20.74944,67.156
13.813276728000346,20.74944,67.187
13.826442084000519,20.788224,67.468
13.841532357000688,20.74944,67.125
13.853855866000231,20.594304,66.875
13.86606727600065,20.594304,67.218
13.878239227999984,20.594304,66.937
13.89061006600059,20.633088,67.093
13.903003689000798,20.633088,67.531
13.915405120000287,20.671872,67.218
13.928099167000255,20.710656,67.125
13.94146625600024,20.710656,67.281
13.954518233000272,20.74944,67.062
13.966771020000124,20.74944,67.218
13.979104545000155,20.788224,66.906
13.991656732000592,20.788224,67.343
14.003873710000335,20.827008000000003,66.968
14.01604249400043,20.827008000000003,67.156
14.028223951000655,20.827008000000003,67.031
14.040401664000456,20.74944,67.093
14.052603761000682,20.710656,66.843
14.066286827000113,20.594304,67.281
14.08059698300076,20.633088,67.093
14.095723449000616,20.633088,66.781
14.110155975999987,20.710656,66.812
14.123036493000654,20.74944,67.0
14.136269114000243,20.710656,67.437
14.149673517000338,20.74944,67.406
14.162498288000279,20.74944,67.312
14.17708454700005,20.74944,67.0
14.189290964000065,20.710656,67.156
14.201765196999986,20.671872,67.0
14.214054657000815,20.710656,67.218
14.226228914000785,20.710656,67.437
14.23878308500025,20.74944,67.031
14.251327176000814,20.74944,67.281
14.26365602900023,20.788224,67.218
14.276048274999994,20.827008000000003,67.0
14.289317282000411,20.865792000000003,67.218
14.301478098000189,20.827008000000003,67.593
14.31384170399997,20.865792000000003,67.062
14.326034905000597,20.904576000000002,67.25
14.33827262000068,20.904576000000002,67.187
14.350512542000615,20.904576000000002,66.906
14.362715247000779,20.904576000000002,67.187
14.374946402000205,20.827008000000003,67.593
14.387263766000615,20.788224,66.968
14.401514464000684,20.74944,66.937
14.41577962700012,20.74944,66.781
14.430244827000024,20.788224,67.0
14.443125247000353,20.827008000000003,66.906
14.45603251600005,20.74944,67.281
14.468908296000336,20.710656,66.906
14.4820315700008,20.710656,67.218
14.495237567000004,20.74944,67.031
14.50776892200065,20.710656,66.875
14.520160401000794,20.671872,67.031
14.532541479000429,20.633088,67.312
14.54513869099992,20.55552,67.0
14.557514041000104,20.594304,67.218
14.569874383000752,20.633088,67.0
14.582094497000071,20.633088,67.125
14.59466111600068,20.671872,67.125
14.607407901000443,20.710656,67.437
14.620016345000295,20.74944,67.062
14.632678936000048,20.74944,67.468
14.645205650000207,20.74944,67.093
14.657578312000624,20.788224,67.156
14.669769721000193,20.788224,67.125
14.681974697999976,20.827008000000003,67.406
14.694448259000637,20.865792000000003,67.062
14.706685877999917,20.74944,67.218
14.718946216999939,20.710656,66.875
14.731289214000753,20.633088,66.937
14.74533414600046,20.633088,66.937
14.759470025000155,20.633088,66.968
14.773934617000123,20.671872,67.25
14.786926176000634,20.74944,67.187
14.800078636000762,20.74944,66.906
14.812939503000052,20.74944,67.187
14.825913654000033,20.74944,66.843
14.841291359000024,20.74944,67.406
14.8537230310003,20.710656,67.062
14.865993290000006,20.710656,67.375
14.87810197700037,20.710656,67.218
14.890812024000297,20.710656,67.062
14.903171470000416,20.74944,67.218
14.915520195000681,20.74944,67.625
14.927968412000155,20.74944,67.187
14.940867840000465,20.788224,67.281
14.953319928999917,20.827008000000003,67.25
14.965857395000057,20.827008000000003,67.093
14.9784468630005,20.865792000000003,67.156
14.990720802999931,20.865792000000003,67.5
15.00293851600054,20.865792000000003,67.062
15.015107909000108,20.904576000000002,67.218
15.027643071000057,20.904576000000002,67.062
15.039793167000425,20.827008000000003,67.187
15.05199785700006,20.710656,67.031
15.064331670000684,20.633088,67.437
15.078338265000639,20.594304,67.156
15.092466080000122,20.594304,66.812
15.106658088000586,20.633088,66.812
15.119618542000353,20.710656,67.093
15.133063074000347,20.74944,66.875
15.14599642400026,20.74944,67.375
15.158955022000555,20.74944,67.093
15.171695918000296,20.74944,67.312
15.183964129000742,20.710656,67.093
15.196327255000142,20.710656,67.25
15.208511048000219,20.671872,67.0
15.221051171,20.710656,67.5
15.233703008000703,20.710656,67.125
15.245892049000759,20.74944,67.406
15.258053730000029,20.74944,67.125
15.271164908000173,20.788224,67.218
15.28386714700082,20.827008000000003,67.25
15.296589579000283,20.827008000000003,67.625
15.308783004000361,20.865792000000003,67.156
15.32155234900074,20.865792000000003,67.406
15.333771182999953,20.865792000000003,66.906
15.3459882570005,20.904576000000002,67.218
15.35814481700072,20.904576000000002,66.906
15.370317538000563,20.865792000000003,67.218
15.38254065900037,20.788224,67.562
15.394823175000056,20.74944,67.281
15.40906209700006,20.710656,67.062
15.423046003000309,20.74944,66.812
15.437330878000466,20.74944,67.062
15.449923194000803,20.827008000000003,67.093
15.462488886000756,20.865792000000003,67.343
15.475002928000322,20.827008000000003,67.093
15.487833523000518,20.865792000000003,67.312
15.500838906000354,20.827008000000003,67.281
15.513436758000353,20.827008000000003,66.937
15.526140246000068,20.788224,67.125
15.538724594000087,20.710656,67.375
15.550903906000713,20.710656,67.062
15.56329615300001,20.710656,67.281
15.57586507600081,20.710656,67.25
15.588363150000077,20.74944,67.031
15.600839463000739,20.788224,67.218
15.613432643000124,20.827008000000003,67.5
15.62653585299995,20.865792000000003,67.156
15.63874204700005,20.827008000000003,67.187
15.651457502000085,20.865792000000003,67.187
15.663671631999932,20.865792000000003,66.843
15.675930467000398,20.788224,67.093
15.688153781000437,20.74944,67.343
15.700847348000025,20.788224,67.093
15.713005956000416,20.710656,67.218
15.725270294999973,20.671872,66.937
15.737615148000259,20.594304,66.906
15.751952184999936,20.594304,66.843
15.766388328000176,20.633088,66.937
15.780903449000107,20.671872,66.937
15.793607768000584,20.710656,67.218
15.80656902300052,20.710656,66.968
15.81941709000057,20.710656,67.156
15.832341991000249,20.74944,67.156
15.847762545000478,20.74944,67.468
15.85997264300022,20.74944,67.437
15.872414107000623,20.671872,67.062
15.885219485000562,20.671872,67.281
15.89763762000075,20.710656,67.031
15.910283793999952,20.74944,67.156
15.922584006000761,20.74944,67.5
15.935118049000266,20.788224,67.437
15.948082951000288,20.827008000000003,67.125
15.960582657000487,20.865792000000003,67.343
15.972780754000269,20.827008000000003,67.156
15.985862522999923,20.865792000000003,67.156
15.998046220000106,20.865792000000003,67.156
16.01029561500036,20.904576000000002,67.312
16.022600787000556,20.904576000000002,67.031
16.034928712000692,20.904576000000002,67.375
16.047097240000767,20.827008000000003,67.0
16.059308362000593,20.788224,67.093
16.07297101200038,20.74944,67.093
16.08756728700064,20.74944,67.0
16.101802305000092,20.788224,67.218
16.11513950600056,20.827008000000003,67.218
16.12813426499997,20.865792000000003,66.968
16.142604009000024,20.865792000000003,67.125
16.155824854000457,20.865792000000003,67.187
16.169081093000386,20.865792000000003,67.437
16.181631295999978,20.827008000000003,67.062
16.194008982000014,20.827008000000003,67.312
16.20616999000049,20.788224,67.312
16.21869398400031,20.788224,67.031
16.231318813000144,20.827008000000003,67.156
16.243832119000217,20.827008000000003,67.531
16.25612916299997,20.74944,67.062
16.26916558800076,20.74944,67.25
16.281819570000152,20.788224,67.25
16.294648660000348,20.827008000000003,67.062
16.306828965000022,20.788224,67.218
16.319284829000026,20.827008000000003,67.437
16.331408397000814,20.865792000000003,67.031
16.343665311000223,20.865792000000003,67.281
16.35588107300009,20.865792000000003,66.875
16.36802432100012,20.904576000000002,67.281
16.380203474000155,20.788224,67.281
16.392485573000158,20.74944,67.375
16.4074366750001,20.710656,67.25
16.421879890000127,20.710656,67.093
16.436173437000434,20.74944,66.875
16.449248742000236,20.827008000000003,67.062
16.46184845100015,20.827008000000003,66.875
16.47470675800014,20.827008000000003,67.375
16.48792587600019,20.865792000000003,67.187
16.501338791000308,20.865792000000003,67.25
16.51408816700041,20.827008000000003,67.218
16.526893289000327,20.788224,67.031
16.539090650000617,20.710656,67.093
16.551373838000472,20.74944,67.375
16.563747044000593,20.74944,67.156
16.57621270100026,20.74944,67.406
16.58855470600065,20.788224,67.312
16.601316179000605,20.788224,67.062
16.61422799200045,20.827008000000003,67.125
16.627363010999943,20.865792000000003,67.593
16.639543539000442,20.788224,67.375
16.652306612000757,20.827008000000003,67.031
16.66483419100041,20.827008000000003,67.218
16.67704233600034,20.865792000000003,67.062
16.689289523000298,20.865792000000003,67.031
16.701487076000376,20.904576000000002,67.468
16.7136276680003,20.788224,67.125
16.725808324000354,20.74944,66.75
16.74042389600072,20.594304,67.156
16.754254807000507,20.633088,66.968
16.76846931199998,20.633088,66.906
16.78319717500017,20.671872,67.218
16.797295005000706,20.710656,67.218
16.81097218300056,20.710656,66.937
16.824248486000215,20.74944,67.218
16.837389617000554,20.74944,67.031
16.85446500100079,20.671872,67.031
16.8667996460008,20.633088,67.437
16.878912205000233,20.55552,67.031
16.89102508399992,20.594304,67.25
16.903140843000074,20.594304,67.062
16.91514181399998,20.633088,67.187
16.927377353000338,20.671872,67.031
16.939658876000067,20.671872,67.468
16.952075635000256,20.710656,67.093
16.964577389000624,20.74944,67.375
16.97654018400044,20.710656,67.218
16.988788234000822,20.788224,67.187
17.000734197000384,20.788224,66.968
17.012805250000383,20.827008000000003,67.093
17.024767468999926,20.827008000000003,67.343
17.03680428200005,20.865792000000003,67.031
17.04877133300033,20.74944,67.25
17.060716463000063,20.710656,66.937
17.073811064999973,20.633088,66.843
17.087699481000527,20.633088,66.968
17.101633369999945,20.633088,66.906
17.11598979900009,20.671872,67.218
17.12868003800031,20.74944,67.187
17.14101513100013,20.74944,66.937
17.153635640000175,20.74944,67.187
17.16590589900079,20.74944,67.562
17.17804009000065,20.788224,67.468
17.192253347000587,20.74944,66.968
17.20425799900022,20.74944,67.281
17.21624434700061,20.710656,67.062
17.228710771000806,20.710656,67.187
17.24085318700054,20.74944,67.625
17.252377632999924,20.74944,67.187
17.26452564900046,20.788224,67.406
17.27682470900072,20.827008000000003,67.093
17.289122681000663,20.865792000000003,67.281
17.301675124000212,20.827008000000003,67.062
17.313904710000315,20.865792000000003,67.218
17.325988948000486,20.904576000000002,67.531
17.338016513000184,20.904576000000002,67.281
17.350091823000184,20.904576000000002,67.0
17.362057466000806,20.943360000000002,67.218
17.37400586000058,20.865792000000003,66.968
17.386031568000362,20.827008000000003,67.125
17.398036668000714,20.74944,67.5
17.411446447000344,20.74944,67.25
17.42516269800035,20.74944,66.843
17.438702656000714,20.74944,67.156
17.451967119000074,20.788224,66.812
17.46391676100029,20.74944,67.125
17.475513338000383,20.74944,67.406
17.487890672000503,20.74944,67.375
17.500447947000794,20.74944,67.031
17.513623736000227,20.74944,67.25
17.526068560000567,20.710656,66.937
17.5386137710002,20.671872,67.093
17.550814972000808,20.633088,67.156
17.562977164000586,20.594304,67.375
17.574955287000193,20.633088,67.125
17.58707776600022,20.671872,67.437
17.599242582999977,20.671872,67.093
17.611535786000786,20.710656,67.187
17.62382991800041,20.74944,67.0
17.63565133300017,20.788224,67.218
17.64766900900031,20.74944,67.5
17.65998717399998,20.827008000000003,67.062
17.67220456800078,20.827008000000003,67.218
17.684412969000732,20.865792000000003,67.093
17.696537624000484,20.865792000000003,67.062
17.708481442000448,20.865792000000003,67.562
17.720478286000798,20.788224,67.062
17.73205595000036,20.74944,66.937
17.744349474000046,20.671872,67.187
17.75786376800079,20.671872,66.843
17.771535185000175,20.671872,66.781
17.785680185000274,20.74944,67.0
17.797193303000313,20.788224,67.25
17.80943258500065,20.788224,67.031
17.821865089000312,20.788224,67.281
17.834559072000047,20.788224,67.406
17.84830581999995,20.788224,67.031
17.860402762000376,20.788224,67.187
17.8726257240005,20.74944,67.562
17.885099828999955,20.710656,67.156
17.897517996000715,20.74944,67.312
17.909456214000784,20.74944,67.25
17.921582468999986,20.788224,67.062
17.933980700000575,20.788224,67.25
17.946689179000714,20.827008000000003,67.562
17.959461949000797,20.865792000000003,67.187
17.971436808000362,20.865792000000003,67.531
17.98375686000054,20.904576000000002,67.031
17.995854155000416,20.904576000000002,67.281
18.00798937000036,20.943360000000002,67.187
18.020090569000786,20.904576000000002,67.437
18.03232818700053,20.943360000000002,67.093
18.04431299800035,20.865792000000003,67.218
18.056404884000585,20.74944,67.0
18.068885293000676,20.671872,67.156
18.082156123999994,20.633088,66.937
18.096033788000568,20.671872,67.343
18.108903456000007,20.671872,67.0
18.12222254400058,20.74944,66.937
18.134827180000684,20.74944,67.093
18.1470876150006,20.74944,67.031
18.15946936599994,20.74944,67.156
18.17178401000001,20.788224,67.562
18.18439575100001,20.74944,67.125
18.19671311500042,20.74944,67.375
18.20900875100051,20.710656,67.312
18.220964185999946,20.710656,67.093
18.232972230000087,20.74944,67.218
18.244952657000795,20.788224,67.093
18.256998622000538,20.788224,67.187
18.269155502000103,20.788224,67.437
18.28136563099997,20.827008000000003,67.156
18.2931699260007,20.865792000000003,67.312
18.305360279000524,20.865792000000003,67.187
18.317647498000042,20.865792000000003,67.218
18.329630518000158,20.904576000000002,67.531
18.34165686600045,20.904576000000002,67.093
18.35364350100008,20.904576000000002,67.312
18.365643865000493,20.943360000000002,67.062
18.377620964000016,20.827008000000003,67.25
18.38958321500013,20.827008000000003,66.968
18.401615996000146,20.74944,67.562
18.415011181999944,20.74944,66.937
18.428680136000366,20.74944,67.281
18.44225999900027,20.788224,67.218
18.455743316000735,20.827008000000003,66.875
18.468207532000633,20.827008000000003,67.187
18.48024671300027,20.827008000000003,66.937
18.492551661000107,20.827008000000003,67.187
18.504592986000716,20.865792000000003,67.125
18.51973897300013,20.827008000000003,67.375
18.53252022200013,20.827008000000003,67.25
18.544132447000266,20.710656,66.968
18.556646392999937,20.710656,67.187
18.569076529000085,20.74944,67.5
18.581165375000637,20.788224,67.218
18.59339243300019,20.788224,67.375
18.605668356000024,20.827008000000003,67.187
18.618439973000022,20.865792000000003,67.218
18.630988896000417,20.865792000000003,67.312
18.64295751500049,20.865792000000003,67.531
18.655071994000537,20.865792000000003,66.906
18.666681083000185,20.788224,67.218
18.678130679000787,20.74944,66.937
18.6901462120004,20.788224,67.125
18.70220379300008,20.788224,66.906
18.71427177500027,20.710656,67.125
18.72622855300051,20.671872,67.375
18.738552798000455,20.594304,66.968
18.751990449000004,20.594304,66.875
18.76573108499997,20.594304,67.062
18.77913516800072,20.633088,66.906
18.79249041700041,20.710656,67.406
18.804694466,20.710656,67.093
18.816068636000637,20.710656,67.312
18.828492884000298,20.710656,67.031
18.84099095700003,20.74944,67.281
18.853480710999975,20.710656,67.0
18.8654537780003,20.671872,67.187
18.877620226000545,20.633088,67.437
18.889820563000285,20.671872,67.156
18.902035429000534,20.671872,67.406
18.9143980430008,20.710656,67.312
18.926488457000232,20.710656,67.25
18.938046600000234,20.74944,67.218
18.950559810000414,20.788224,67.531
18.963008538000395,20.827008000000003,67.187
18.97518180299994,20.788224,67.437
18.987394428000698,20.827008000000003,67.062
18.999400296000204,20.827008000000003,67.218
19.011358643000676,20.865792000000003,66.906
19.023393024000143,20.865792000000003,67.062
19.035482541999954,20.904576000000002,67.5
19.04742364000049,20.788224,67.062
19.059398243000032,20.74944,67.281
19.071428271000514,20.710656,67.0
19.084087949000605,20.710656,66.937
19.097405405000245,20.710656,67.031
19.110949428000822,20.74944,67.375
19.12317751000046,20.788224,67.281
19.135907782000686,20.827008000000003,67.062
19.148061494000103,20.827008000000003,67.187
19.160923161000028,20.827008000000003,67.0
19.173318608000045,20.827008000000003,66.968
19.188278509000156,20.788224,67.156
19.200650723000763,20.788224,67.406
19.212975512000412,20.710656,67.125
19.225334830000065,20.788224,67.375
19.237669667000773,20.788224,67.218
19.249965046999932,20.827008000000003,67.031
19.26211920700007,20.74944,67.062
19.274465020000207,20.710656,67.375
19.28725318100078,20.74944,67.062
19.299287082000774,20.788224,67.343
19.311229524000737,20.74944,67.125
19.323608874000456,20.788224,67.156
19.334884482000234,20.788224,67.593
19.346615974000088,20.827008000000003,67.218
19.358679828000277,20.827008000000003,67.218
19.37080086700007,20.865792000000003,67.0
19.38275530900046,20.74944,67.156
19.394703896000465,20.74944,67.0
19.407315987999937,20.633088,66.875
19.420734663000076,20.633088,66.937
19.433675725000285,20.671872,66.875
19.44739012000082,20.710656,67.25
19.46067157500056,20.74944,67.0
19.47304519699992,20.788224,67.218
19.48557274400082,20.74944,67.156
19.4980166080004,20.788224,67.531
19.510184720000325,20.788224,67.125
19.525086636000196,20.788224,67.375
19.536798608000026,20.74944,67.0
19.54866514400055,20.671872,67.25
19.560493151000628,20.633088,66.968
19.572594445000504,20.671872,67.406
19.58484819200021,20.710656,67.218
19.596797802000765,20.710656,67.406
19.609480393000013,20.74944,67.093
19.621775612999954,20.788224,67.218
19.63364784500027,20.827008000000003,67.093
19.64563979200011,20.788224,67.218
19.658119401000477,20.827008000000003,67.375
19.670449406000444,20.865792000000003,67.156
19.682646799000395,20.865792000000003,67.343
19.69468959599999,20.865792000000003,66.875
19.706666983000105,20.904576000000002,67.218
19.71862289799992,20.788224,67.25
19.730662846000087,20.74944,67.281
19.744935849000285,20.633088,67.218
19.75840351700026,20.671872,66.906
19.771734734000347,20.671872,67.062
19.785626158000014,20.710656,67.156
19.79830884400053,20.74944,66.968
19.810526398000547,20.74944,67.093
19.823018103000322,20.788224,67.312
19.835576274000232,20.788224,67.062
19.847854182000447,20.788224,67.031
19.861372988000767,20.633088,67.093
19.873645167000177,20.633088,66.906
19.885990755999956,20.594304,67.156
19.898301016000005,20.594304,67.437
19.910514986000635,20.633088,67.062
19.922477205000177,20.633088,67.343
19.934651557000507,20.671872,67.062
19.94685538200065,20.710656,67.187
19.95912586600025,20.710656,67.187
19.971518400000605,20.74944,67.468
19.983445898000355,20.74944,67.156
19.995988100999966,20.788224,67.281
20.007949359000122,20.788224,66.906
20.020164833000308,20.827008000000003,67.156
20.03219895700022,20.827008000000003,66.875
20.04415730400069,20.865792000000003,67.281
20.056051873000797,20.74944,67.437
20.067976298000758,20.710656,66.968
20.08078471600038,20.633088,66.937
20.094309538000743,20.671872,67.062
20.108129888000803,20.671872,67.0
20.121451409000656,20.710656,67.312
20.133946218000347,20.74944,67.0
20.146416099000817,20.788224,67.281
20.158895995999956,20.788224,67.062
20.1715941070006,20.788224,67.25
20.18370068100012,20.74944,67.25
20.197863504999987,20.74944,67.531
20.210113826999986,20.710656,67.187
20.222073870000713,20.74944,67.437
20.234153948000312,20.74944,67.093
20.24641966300078,20.788224,67.343
20.258495549000145,20.827008000000003,67.218
20.271013975000642,20.827008000000003,67.593
20.28347403099997,20.865792000000003,67.218
20.295552509000117,20.865792000000003,67.375
20.30763885900069,20.865792000000003,67.218
20.319891518000077,20.904576000000002,67.25
20.332010637000167,20.904576000000002,67.062
20.343958743000258,20.904576000000002,67.093
20.355957827000566,20.943360000000002,67.437
20.36817704400073,20.943360000000002,67.093
20.38030518800042,20.865792000000003,67.406
20.392257070000596,20.827008000000003,67.093
20.404371837000326,20.788224,66.968
20.4178209770007,20.788224,67.0
20.43111084800057,20.788224,66.968
20.444810555000004,20.788224,67.25
20.45711524700073,20.865792000000003,66.937
20.468626061000577,20.788224,67.093
20.481351533000634,20.74944,66.906
20.493800485000065,20.74944,67.093
20.5064122900003,20.74944,67.156
20.521927214000243,20.74944,67.5
20.533732693000275,20.710656,66.968
20.54593613399993,20.671872,67.343
20.558024756000123,20.594304,67.218
20.570082561000163,20.633088,67.0
20.582155119000163,20.633088,67.218
20.594134330000088,20.671872,67.531
20.60624276100043,20.710656,67.156
20.618367032000606,20.710656,67.25
20.63072887800081,20.74944,67.062
20.64279855500081,20.788224,67.312
20.65472976500041,20.788224,67.531
20.667155261000516,20.788224,67.218
20.679074182000477,20.827008000000003,67.375
20.691078450000532,20.827008000000003,67.062
20.703030716000285,20.865792000000003,67.25
20.71500010300042,20.827008000000003,67.093
20.726985234000495,20.74944,67.281
20.73911283400048,20.710656,66.968
20.75250190800034,20.594304,67.312
20.765462490000573,20.633088,67.093
20.779042481000033,20.633088,66.843
20.79165732599995,20.671872,67.156
20.804364109000744,20.710656,66.937
20.816708098000163,20.710656,67.093
20.82934502400076,20.74944,67.437
20.841921115000332,20.74944,67.437
20.855718233000516,20.74944,67.062
20.86786487200061,20.710656,67.25
20.880107835000672,20.671872,67.031
20.892042661000232,20.710656,67.218
20.904160724000576,20.710656,67.437
20.916490152000733,20.74944,67.156
20.928559766000035,20.74944,67.093
20.941041711000253,20.788224,67.281
20.954723433000254,20.827008000000003,67.031
20.967047166000157,20.865792000000003,67.218
20.979186189000757,20.827008000000003,67.625
20.991352349999943,20.865792000000003,67.093
21.003286600000138,20.904576000000002,67.343
21.01523678600006,20.904576000000002,67.343
21.02714636300061,20.904576000000002,66.937
21.03948260800007,20.943360000000002,67.218
21.051381209000283,20.865792000000003,67.468
21.06339443700017,20.74944,66.968
21.075819292000233,20.633088,67.187
21.089636730000166,20.594304,67.125
21.10344232800071,20.633088,66.75
21.116937037000753,20.633088,67.406
21.130610503000753,20.710656,67.031
21.143106432000423,20.710656,67.281
21.15535406700019,20.710656,67.093
21.167793131000508,20.74944,67.218
21.180356230000143,20.74944,67.25
21.1927314200002,20.74944,67.125
21.20504945600078,20.710656,67.156
21.21732406800038,20.671872,67.468
21.22955816600006,20.671872,67.125
21.24168547699992,20.710656,67.375
21.254303042000174,20.710656,67.062
21.266596630000095,20.74944,67.218
21.278888200999972,20.788224,67.625
21.291343202000462,20.788224,67.406
21.303438704000655,20.827008000000003,67.125
21.31535541700032,20.788224,67.343
21.327486441000474,20.865792000000003,67.031
21.33958907900069,20.865792000000003,67.218
21.35161267500007,20.865792000000003,67.562
21.363570382000034,20.865792000000003,67.062
21.375483383000756,20.904576000000002,67.375
21.38742678500057,20.827008000000003,67.062
21.399352331000046,20.788224,67.281
21.411501019000752,20.710656,67.0
21.42497831900073,20.710656,66.843
21.437194497000746,20.74944,67.0
21.450591282999994,20.74944,67.281
21.463940516000548,20.788224,66.968
21.476350843000546,20.827008000000003,67.0
21.488623887000358,20.827008000000003,67.218
21.50094589100081,20.827008000000003,67.031
21.513594657000795,20.827008000000003,67.531
21.528997131000324,20.788224,67.156
21.54290317899995,20.788224,67.375
21.555611530000533,20.710656,67.25
21.56731681400015,20.710656,67.031
21.579353785999956,20.710656,67.218
21.592004344000088,20.74944,67.562
21.604593908000425,20.74944,67.187
21.61700237900004,20.788224,67.343
21.629692649999924,20.788224,67.187
21.641441871000097,20.827008000000003,67.437
21.65340828100034,20.827008000000003,67.156
21.665420805000394,20.827008000000003,67.437
21.67770280900004,20.710656,67.031
21.68973306099997,20.74944,67.312
21.701853716000187,20.74944,66.937
21.714294860000336,20.788224,67.218
21.726294616000814,20.671872,66.937
21.73837328600075,20.633088,67.093
21.75070386600055,20.55552,67.468
21.764246033000745,20.55552,67.125
21.777441117000308,20.55552,66.812
21.790095418999954,20.594304,67.093
21.80346727699998,20.671872,67.093
21.81560422000075,20.671872,66.968
21.827823374000218,20.671872,67.062
21.84034743200027,20.671872,67.468
21.85249042400028,20.710656,67.093
21.864928976000556,20.671872,67.281
21.876903259000755,20.671872,67.062
21.88829877400076,20.633088,67.281
21.90019839800061,20.671872,67.562
21.912176649000685,20.671872,67.156
21.924097299000096,20.710656,67.437
21.93636202200014,20.710656,67.062
21.948491733000083,20.74944,67.312
21.960914701000547,20.788224,67.218
21.973325476000355,20.827008000000003,67.562
21.985340816000644,20.788224,67.25
21.99744963000012,20.827008000000003,67.375
22.0095309240005,20.827008000000003,67.093
22.021547031999944,20.865792000000003,67.312
22.033603622000555,20.865792000000003,66.906
22.045592721000503,20.904576000000002,67.25
22.057534875000783,20.788224,67.468
22.069445764000193,20.788224,67.0
22.081433104000098,20.710656,67.25
22.095009127000594,20.710656,67.187
22.107787016000657,20.710656,66.937
22.120660812000096,20.74944,67.093
22.134039326000675,20.788224,67.375
22.146648346000802,20.827008000000003,67.406
22.15879133800081,20.827008000000003,67.093
22.171312740000758,20.827008000000003,67.312
22.183745788000124,20.827008000000003,67.218
22.198612726000647,20.788224,67.0
22.210558561000653,20.788224,67.218
22.22249489100068,20.74944,67.5
22.23484195200035,20.74944,67.093
22.246915853000246,20.788224,67.25
22.258924313000534,20.788224,67.093
22.270364662000247,20.710656,67.187
22.28218098800062,20.710656,67.031
22.294612948000577,20.74944,67.218
22.307034699000724,20.788224,67.437
22.319005590000415,20.788224,67.218
22.331138149000253,20.788224,67.343
22.34329618100037,20.827008000000003,67.093
22.35523151899997,20.827008000000003,67.125
22.36723882700062,20.865792000000003,67.093
22.37931410500005,20.865792000000003,67.406
22.39129712400063,20.788224,67.156
22.4031756280001,20.74944,67.25
22.415180440000768,20.671872,67.0
22.428522153000813,20.710656,67.031
22.441768887000762,20.710656,66.968
22.455468529999962,20.710656,67.343
22.46787357700032,20.788224,67.0
22.480316065000807,20.827008000000003,67.25
22.49249371299993,20.788224,67.093
22.505028172000493,20.827008000000003,67.0
22.517407554000783,20.827008000000003,67.218
22.53278650700031,20.788224,67.125
22.544862873000056,20.788224,67.437
22.556870916000662,20.710656,67.218
22.56800012000076,20.710656,67.062
22.579479093000373,20.710656,67.312
22.591743112000586,20.710656,67.187
22.603749140000218,20.710656,67.531
22.61585094700058,20.74944,67.125
22.62833154800046,20.788224,67.343
22.64068817700081,20.827008000000003,67.093
22.65260671500073,20.788224,67.406
22.665055795000626,20.865792000000003,67.0
22.677135712000563,20.865792000000003,67.218
22.68942558800063,20.904576000000002,67.468
22.701571268000407,20.904576000000002,67.0
22.71386216800056,20.904576000000002,67.343
22.725871555000595,20.827008000000003,67.25
22.737859727000796,20.788224,66.906
22.750784148000093,20.671872,67.093
22.76441646100011,20.671872,67.25
22.777374195000448,20.671872,67.187
22.791006764000485,20.710656,66.968
22.804342236000593,20.74944,67.156
22.816722514000503,20.788224,67.218
22.82882873700055,20.788224,67.562
22.84112392499992,20.827008000000003,67.187
22.853627374000098,20.827008000000003,67.343
22.867706420000104,20.710656,67.218
22.879709311000624,20.671872,67.125
22.891845071000716,20.594304,67.187
22.90377685600015,20.633088,67.562
22.91620225600036,20.671872,67.218
22.92858183000044,20.710656,67.437
22.940587058000347,20.710656,67.218
22.952780995000467,20.710656,67.343
22.96495134700035,20.788224,67.093
22.977013665000413,20.788224,67.281
22.989088814000752,20.788224,67.718
23.001505797999926,20.827008000000003,67.062
23.013472655999976,20.827008000000003,67.406
23.02544543500062,20.865792000000003,67.281
23.037588619000417,20.865792000000003,67.031
23.0495459090007,20.904576000000002,67.281
23.061476223000682,20.788224,67.593
23.073401033000664,20.74944,67.0
23.08617303400024,20.671872,67.375
23.098951723000027,20.671872,66.968
23.111307552000653,20.710656,66.875
23.12483931800034,20.710656,67.125
23.1383925250002,20.788224,67.468
23.15110308400017,20.788224,67.031
23.16319212200051,20.788224,67.093
23.175566416000038,20.788224,67.343
23.188033417000042,20.827008000000003,67.312
23.203055784000753,20.74944,67.062
23.215067732000534,20.74944,67.343
23.2270549750001,20.710656,67.531
23.239488183000503,20.74944,67.156
23.25186196499999,20.788224,67.406
23.264145088000078,20.788224,67.156
23.276460981000128,20.827008000000003,67.375
23.28871021500072,20.865792000000003,67.093
23.30122022500018,20.904576000000002,67.625
23.313760956000806,20.904576000000002,67.343
23.32580260100076,20.904576000000002,67.437
23.338052603000506,20.943360000000002,67.218
23.349994660999982,20.943360000000002,67.218
23.361949615999947,20.943360000000002,67.0
23.37386610500016,20.982144,67.187
23.385937799000203,20.943360000000002,67.562
23.39787563200025,20.865792000000003,67.125
23.409893949000434,20.827008000000003,67.312
23.42341272200065,20.788224,67.156
23.43716625400066,20.788224,66.781
23.45034197900077,20.827008000000003,67.437
23.463588905000506,20.865792000000003,67.031
23.47542763199999,20.74944,67.25
23.487696259000586,20.74944,66.968
23.500051704000725,20.74944,67.281
23.51257685100063,20.788224,67.031
23.524632416000713,20.788224,67.25
23.53697426100007,20.74944,67.5
23.549757078000766,20.74944,67.406
23.563194794000083,20.671872,67.031
23.575720004000686,20.633088,67.218
23.588025944000037,20.671872,67.031
23.600009347000196,20.671872,67.187
23.612243445000786,20.671872,67.562
23.624775344000227,20.710656,67.468
23.63694294400011,20.74944,67.093
23.649511867,20.788224,67.468
23.66152557500027,20.74944,67.062
23.67367458300032,20.788224,67.187
23.685725828000614,20.827008000000003,67.437
23.697697231000348,20.827008000000003,67.125
23.709682714000337,20.865792000000003,67.25
23.7216508850006,20.865792000000003,67.093
23.733639888000653,20.788224,67.343
23.745671005000077,20.74944,67.156
23.759069615000044,20.633088,67.375
23.772475106000456,20.633088,66.937
23.786276799000007,20.671872,66.937
23.800230753000506,20.710656,67.218
23.812387537000177,20.74944,66.937
23.82485776900012,20.74944,67.187
23.83745411700056,20.74944,67.093
23.84989638100069,20.788224,67.531
23.862170704000164,20.788224,67.125
23.87420233300054,20.74944,67.312
23.88621933700051,20.74944,67.156
23.898512829000538,20.671872,67.25
23.910695950000445,20.710656,67.031
23.92293910400076,20.74944,67.187
23.935236436000196,20.74944,67.531
23.94748707800045,20.788224,67.468
23.959619318000478,20.788224,67.156
23.97188493700014,20.827008000000003,67.25
23.984316512000078,20.827008000000003,67.218
23.996241417999954,20.827008000000003,67.25
24.008624992000478,20.865792000000003,67.5
24.020611787000234,20.865792000000003,67.031
24.032910111000092,20.865792000000003,67.312
24.044999405000453,20.904576000000002,66.968
24.05695253600061,20.865792000000003,67.343
24.068890434000423,20.74944,66.937
24.081021904999943,20.633088,67.218
24.094844750999982,20.55552,66.968
24.108441447000587,20.55552,66.875
24.12219142699996,20.55552,67.062
24.13560450100067,20.633088,66.843
24.147898441000507,20.671872,67.156
24.160367618000237,20.671872,67.125
24.17313846700017,20.671872,67.375
24.185205327999938,20.710656,67.093
24.198578754000664,20.710656,67.281
24.210975576000237,20.671872,67.093
24.223237131000133,20.671872,67.593
24.23552195100001,20.633088,67.562
24.24720774600064,20.671872,67.5
24.258999880000374,20.710656,67.187
24.27163667700006,20.710656,67.343
24.284572074000607,20.74944,67.093
24.297265705000427,20.788224,67.312
24.309352599000704,20.827008000000003,67.687
24.321399236000616,20.827008000000003,67.281
24.33386876500026,20.827008000000003,67.406
24.345891369000128,20.865792000000003,67.375
24.35785701200075,20.865792000000003,67.093
24.369810526000037,20.865792000000003,67.125
24.38186545100052,20.904576000000002,67.5
24.39383631000055,20.827008000000003,67.156
24.405791073000728,20.788224,67.375
24.417955825000718,20.710656,67.062
24.431414853000206,20.710656,67.218
24.44424432699998,20.710656,67.125
24.457005352000124,20.74944,67.468
24.470345657000507,20.788224,67.156
24.482783632000064,20.827008000000003,67.375
24.49506067600032,20.827008000000003,67.093
24.50751938800022,20.827008000000003,67.187
24.519874481999977,20.827008000000003,67.312
24.532382891000452,20.788224,67.031
24.545032073000584,20.788224,67.187
24.557029716000216,20.74944,67.437
24.569362793000437,20.710656,67.062
24.5812297450002,20.671872,67.375
24.593847502000244,20.710656,67.25
24.606463819000055,20.710656,67.093
24.619139049000296,20.74944,67.187
24.631534398999975,20.788224,67.468
24.643830515000445,20.827008000000003,67.125
24.656407183000738,20.788224,67.437
24.668741924000642,20.788224,67.218
24.681111098000656,20.827008000000003,67.281
24.692523637000704,20.710656,67.468
24.704563842000425,20.671872,67.343
24.71657310200044,20.710656,66.968
24.728726909000216,20.74944,67.406
24.74070042400035,20.633088,67.125
24.752614770000037,20.633088,67.031
24.767594128000383,20.516736,67.062
24.780783068000346,20.516736,67.281
24.79465257100037,20.55552,67.156
24.808191346000058,20.594304,66.937
24.820364898000662,20.633088,67.218
24.832992479000495,20.633088,66.968
24.845272242000647,20.671872,67.156
24.857568582000567,20.671872,67.5
24.869652948000294,20.671872,67.437
24.883233002999987,20.633088,67.093
24.895176053000796,20.633088,67.343
24.907096959000228,20.633088,67.125
24.919390963000296,20.671872,67.218
24.93140547100029,20.671872,67.593
24.943495084999995,20.710656,67.25
24.955741983000735,20.710656,67.5
24.968259545000365,20.74944,67.312
24.980731986000137,20.788224,67.093
24.992926595000426,20.788224,67.375
25.00519883800007,20.788224,67.625
25.017179424999995,20.827008000000003,67.187
25.029107211000337,20.827008000000003,67.343
25.04103006800051,20.865792000000003,67.031
25.053005886999927,20.904576000000002,67.281
25.064965770000526,20.827008000000003,67.031
25.076916276000702,20.74944,67.187
25.08921114400073,20.710656,67.5
25.102993957000763,20.710656,67.25
25.115930826000294,20.710656,66.968
25.129489857000408,20.710656,66.968
25.142877907000184,20.788224,67.125
25.15495177699995,20.827008000000003,67.562
25.16711355300049,20.827008000000003,67.187
25.179792687000372,20.827008000000003,67.406
25.192111140000634,20.865792000000003,67.375
25.206988159000502,20.788224,67.062
25.219128590000764,20.788224,67.281
25.231193436000467,20.74944,67.125
25.243521232000603,20.788224,67.25
25.25594103200001,20.788224,67.562
25.268568037000477,20.827008000000003,67.343
25.281108223000047,20.671872,67.031
25.29353195800013,20.710656,67.281
25.30565130100058,20.74944,67.062
25.318069437000304,20.788224,67.156
25.330061831999956,20.788224,67.593
25.342359708000004,20.827008000000003,67.062
25.35453700400012,20.827008000000003,67.343
25.36656255300022,20.865792000000003,67.218
25.378522403000716,20.865792000000003,66.968
25.390674035000302,20.865792000000003,67.218
25.402653470000587,20.788224,67.562
25.414580264000506,20.74944,66.968
25.427917112000614,20.671872,67.312
25.441700501000014,20.671872,67.156
25.45542110400038,20.671872,67.0
25.469534518000728,20.710656,67.468
25.48191703700013,20.74944,67.062
25.49429385900021,20.788224,67.281
25.50684166100018,20.788224,67.062
25.51946415400016,20.788224,67.312
25.531755310000335,20.788224,67.218
25.545527723000305,20.74944,67.562
25.558689494000646,20.74944,67.218
25.57100429900038,20.710656,67.5
25.582699662000778,20.710656,67.093
25.5949417920001,20.710656,67.312
25.607035470000483,20.710656,67.312
25.61901541700081,20.74944,67.062
25.63130052500037,20.788224,67.187
25.64340005900067,20.788224,67.406
25.65573399999994,20.827008000000003,67.25
25.667672634000155,20.788224,67.406
25.679975630000627,20.827008000000003,67.062
25.6918893990005,20.865792000000003,67.281
25.703837858000043,20.865792000000003,67.562
25.71594740799992,20.865792000000003,67.062
25.72786360900045,20.904576000000002,67.5
25.740019113000017,20.788224,67.218
25.75199576400064,20.74944,67.156
25.764080578000176,20.671872,67.187
25.777527797999937,20.633088,67.406
25.790904872000283,20.671872,67.218
25.804800744000204,20.710656,67.062
25.816484074000073,20.74944,67.25
25.82908183100062,20.74944,67.093
25.841671331000725,20.74944,67.156
25.85425955000028,20.74944,67.062
25.866418702000374,20.74944,67.437
25.881322730000647,20.594304,66.968
25.893293333000656,20.594304,67.312
25.905461893000393,20.55552,67.093
25.917473713000618,20.594304,67.25
25.929553279000174,20.633088,67.0
25.94169095899997,20.633088,67.25
25.953800861000673,20.671872,67.281
25.96617147500001,20.671872,67.375
25.978254689000096,20.710656,67.093
25.99070396100069,20.74944,67.343
26.00266934800038,20.74944,67.187
26.015083419000803,20.788224,67.187
26.027067750000242,20.788224,67.531
26.039107539000725,20.788224,67.156
26.05106514900035,20.827008000000003,67.25
26.063002982999933,20.827008000000003,67.031
26.074951184999918,20.74944,67.218
26.086946877000628,20.710656,67.062
26.100483155000802,20.633088,67.406
26.113886660999924,20.633088,67.0
26.12718683700041,20.633088,66.906
26.140476900000067,20.671872,67.218
26.153631215000132,20.710656,67.0
26.165794368000206,20.74944,67.187
26.178293753000617,20.74944,67.218
26.190957303000687,20.74944,67.406
26.203128839000783,20.788224,67.218
26.216472120000617,20.74944,67.343
26.2285844550006,20.74944,67.187
26.24060597100015,20.710656,67.281
26.252761187000033,20.710656,67.562
26.264897777999977,20.74944,67.531
26.277289801000734,20.74944,67.187
26.28946200900009,20.788224,67.375
26.301593128000604,20.788224,67.062
26.313954718000787,20.827008000000003,67.312
26.32604586800062,20.865792000000003,67.718
26.338053624000167,20.865792000000003,67.312
26.350522000000637,20.904576000000002,67.375
26.36246079400007,20.904576000000002,67.093
26.374934003000817,20.904576000000002,67.281
26.386942719000217,20.904576000000002,66.937
26.398912330000712,20.865792000000003,67.531
26.411177309000777,20.827008000000003,67.156
26.42320688900054,20.74944,67.312
26.436748735000037,20.74944,66.968
26.449655076000454,20.74944,66.937
26.462998773000436,20.788224,67.125
26.476376902000084,20.671872,67.437
26.488379666000583,20.671872,66.968
26.50097172599999,20.710656,67.343
26.51345213500008,20.710656,67.281
26.526001826000538,20.710656,67.062
26.540413264000563,20.710656,67.312
26.552609729000324,20.710656,67.187
26.564864564000345,20.710656,67.468
26.57786604300054,20.594304,67.125
26.59012177400018,20.633088,67.25
26.601573898000424,20.633088,67.062
26.61370162500043,20.671872,67.312
26.625910827000553,20.671872,67.125
26.638440165000247,20.710656,67.218
26.650609653000174,20.74944,67.531
26.662969099000293,20.788224,67.218
26.67492034099996,20.74944,67.156
26.687173672000426,20.788224,67.218
26.699142738000774,20.827008000000003,67.0
26.711108349000824,20.827008000000003,67.218
26.72312084100031,20.827008000000003,67.375
26.73536569099997,20.865792000000003,67.156
26.74731507800061,20.74944,67.468
26.759305745000347,20.74944,66.906
26.772699523000483,20.671872,67.125
26.785453380000035,20.633088,67.031
26.799002106000444,20.633088,67.281
26.812920571000177,20.710656,67.218
26.825357233999966,20.74944,67.031
26.83785386800082,20.74944,67.218
26.850181856000745,20.74944,67.0
26.86253707800006,20.74944,67.218
26.87581622900052,20.74944,67.531
26.88794171600057,20.74944,67.468
26.900024194000252,20.710656,67.093
26.911909930000547,20.710656,67.343
26.923944727000162,20.74944,67.125
26.936166471999968,20.788224,67.281
26.94827080699997,20.788224,67.625
26.960597451000467,20.788224,67.218
26.97325991300022,20.827008000000003,67.406
26.985526204000053,20.865792000000003,67.187
26.997682828000507,20.865792000000003,67.468
27.00990511800046,20.865792000000003,67.218
27.022066350000387,20.904576000000002,67.562
27.034033529000226,20.904576000000002,67.187
27.04609760600033,20.904576000000002,67.281
27.05806552100057,20.943360000000002,67.187
27.0700156110006,20.865792000000003,67.218
27.081869283000742,20.710656,67.062
27.093880238000565,20.671872,67.031
27.1067847230006,20.633088,67.312
27.119315021000148,20.633088,67.218
27.1327535370001,20.633088,66.937
27.14644303500063,20.710656,67.156
27.158859250000205,20.74944,67.0
27.171420589000263,20.74944,67.5
27.183779395000784,20.74944,67.187
27.196235675000025,20.788224,67.5
27.209209505000217,20.74944,67.156
27.221358897000755,20.74944,67.343
27.23324617000071,20.74944,67.187
27.24584261400014,20.671872,67.25
27.258044295000218,20.710656,67.593
27.270013234000544,20.74944,67.562
27.282347047000258,20.74944,67.218
27.294979300000705,20.788224,67.343
27.307501470000716,20.827008000000003,67.093
27.319938645000548,20.827008000000003,67.312
27.33188870400045,20.827008000000003,67.718
27.344121138000446,20.865792000000003,67.218
27.356221760000153,20.865792000000003,67.531
27.36814378500003,20.904576000000002,67.062
27.38022917500075,20.904576000000002,67.343
27.39218153799993,20.943360000000002,67.218
27.404237966999972,20.865792000000003,67.625
27.41617231300006,20.827008000000003,67.187
27.428687346000515,20.74944,67.406
27.44150277300014,20.74944,67.062
27.455245552000633,20.74944,66.937
27.46803048200036,20.788224,67.187
27.481456901000456,20.827008000000003,66.968
27.493591508000463,20.865792000000003,67.187
27.505747363999944,20.865792000000003,67.437
27.518258718000652,20.865792000000003,67.406
27.53082207300031,20.865792000000003,67.156
27.545467181000276,20.827008000000003,67.125
27.558385074000398,20.827008000000003,67.218
27.570025332000114,20.788224,67.562
27.5818581070007,20.74944,67.156
27.593919016000655,20.74944,67.281
27.60623890900024,20.74944,67.093
27.618620467000255,20.74944,67.312
27.631160845000522,20.788224,67.125
27.64377892200082,20.827008000000003,67.281
27.656488649000494,20.865792000000003,67.625
27.668502133000402,20.827008000000003,67.562
27.681041008000648,20.788224,67.062
27.693096861000413,20.74944,67.281
27.705256141000064,20.74944,66.968
27.717544608000026,20.74944,67.187
27.729596429000594,20.788224,67.468
27.741660955000043,20.74944,67.218
27.75321282599998,20.710656,67.437
27.76535677800075,20.671872,67.25
27.780136866000248,20.516736,66.843
27.793787899000563,20.55552,67.406
27.807168749000084,20.55552,67.0
27.820802277999974,20.633088,67.218
27.83306728900061,20.671872,67.281
27.84569006900074,20.671872,67.031
27.858238256000732,20.671872,67.25
27.870604614000513,20.671872,67.062
27.882609490000505,20.710656,67.187
27.894829091000247,20.671872,67.5
27.90710085400042,20.633088,67.218
27.919021568000062,20.671872,67.375
27.931107502000486,20.671872,67.156
27.943285470000774,20.710656,67.25
27.955407053000272,20.74944,67.656
27.967898918000174,20.74944,67.437
27.980395456000224,20.788224,67.125
27.992935193999983,20.827008000000003,67.343
28.00500452000051,20.788224,67.218
28.01736495700061,20.827008000000003,67.25
28.029319912000574,20.865792000000003,67.625
28.04127656200035,20.865792000000003,67.187
28.05319986700033,20.865792000000003,67.343
28.065501998999935,20.904576000000002,67.156
28.07742479300032,20.788224,67.312
28.089374179000515,20.788224,67.062
28.10137710300023,20.710656,67.031
28.114349172999937,20.710656,67.062
28.127762760000223,20.710656,67.281
28.141272061000564,20.74944,67.218
28.154537548000008,20.788224,67.062
28.167004100000668,20.827008000000003,67.218
28.179112915000587,20.827008000000003,67.062
28.19147140000041,20.827008000000003,67.25
28.20384662200013,20.827008000000003,67.218
28.21910387600019,20.788224,67.406
28.231062765999923,20.788224,67.093
28.24302623300082,20.74944,67.312
28.255403855000623,20.788224,67.25
28.26763238500007,20.788224,67.562
28.27949578500011,20.74944,67.218
28.291817181000624,20.74944,67.375
28.303259833000084,20.710656,67.156
28.31568110400076,20.74944,67.312
28.327881506000267,20.788224,67.156
28.339780842000437,20.788224,67.25
28.35237011800018,20.827008000000003,67.562
28.36439976300062,20.827008000000003,67.218
28.376410431000295,20.865792000000003,67.375
28.38838849000058,20.865792000000003,67.031
28.400533048999932,20.865792000000003,67.25
28.4124498580004,20.788224,67.093
28.42393465600071,20.788224,67.093
28.436870277000708,20.671872,67.093
28.450491806000173,20.671872,67.218
28.46393537700078,20.710656,67.093
28.477817169000446,20.710656,67.0
28.49073583000063,20.788224,67.156
28.503340722000758,20.788224,67.562
28.51584269900013,20.788224,67.468
28.528360581000015,20.788224,67.125
28.54070425000009,20.788224,67.375
28.55496410000069,20.74944,67.218
28.567631747000632,20.788224,67.187
28.579769266000767,20.671872,67.156
28.591054282000187,20.671872,67.5
28.602727468000012,20.671872,67.125
28.615003968000565,20.671872,67.406
28.62717681600043,20.710656,67.156
28.639375233000465,20.74944,67.312
28.651767447000566,20.788224,67.625
28.66387728600057,20.827008000000003,67.187
28.675818672000787,20.788224,67.531
28.688400940000065,20.827008000000003,67.125
28.700738144000752,20.827008000000003,67.312
28.712832559000162,20.865792000000003,67.281
28.724930076999954,20.865792000000003,67.5
28.736930313000812,20.865792000000003,67.218
28.748827377000453,20.788224,67.5
28.760772763000205,20.74944,67.031
28.774676571000782,20.633088,66.937
28.78834971700053,20.633088,67.093
28.801758088000497,20.633088,66.875
28.814602955000737,20.671872,67.375
28.82754004800063,20.710656,67.0
28.84008292300041,20.74944,67.406
28.852186457000244,20.710656,67.093
28.86469163500078,20.74944,67.312
28.877197772000727,20.710656,67.093
28.89160921000075,20.633088,67.406
28.902990741000394,20.594304,67.156
28.915174790000492,20.55552,67.375
28.92712510399997,20.55552,67.156
28.93923059000008,20.633088,67.312
28.95153953800036,20.633088,67.062
28.96367177800039,20.633088,67.218
28.975821392999933,20.671872,67.562
28.988331947000006,20.710656,67.437
29.000905030000467,20.74944,67.187
29.012928179000482,20.710656,67.5
29.024792123000225,20.74944,67.031
29.03713111900015,20.788224,67.25
29.049262879000707,20.788224,67.531
29.061228233000293,20.788224,67.062
29.073440859000584,20.827008000000003,67.437
29.08537722100027,20.74944,67.062
29.097312846000023,20.710656,67.156
29.10982308000075,20.633088,67.156
29.12313042400001,20.633088,67.375
29.13679668900022,20.633088,67.031
29.149842329999956,20.671872,67.031
29.163377648000278,20.74944,67.218
29.175561536000714,20.74944,67.093
29.187885173000723,20.74944,67.25
29.20039463900048,20.788224,67.531
29.212603392000347,20.788224,67.562
29.226603843000703,20.74944,67.187
29.238639631000297,20.74944,67.5
29.250691388000632,20.710656,67.187
29.263029489000473,20.74944,67.312
29.27534464600012,20.74944,67.593
29.287791134000145,20.788224,67.281
29.299839369999972,20.788224,67.187
29.312474184000166,20.827008000000003,67.437
29.324838301000455,20.865792000000003,67.187
29.336616163000144,20.865792000000003,67.468
29.348557453000467,20.865792000000003,67.687
29.361034436999944,20.904576000000002,67.218
29.3729826710005,20.904576000000002,67.375
29.38534214900028,20.904576000000002,67.125
29.397258926000177,20.943360000000002,67.25
29.409195480000562,20.904576000000002,67.218
29.4211418900004,20.827008000000003,67.375
29.43318942299993,20.788224,67.5
29.446287161000328,20.74944,67.343
29.45980695900016,20.788224,67.0
29.472733748000792,20.788224,66.968
29.486880283000573,20.74944,67.062
29.499302770000213,20.74944,66.875
29.51153133200023,20.788224,67.187
29.524209314000473,20.788224,67.437
29.536731707999934,20.788224,67.375
29.55120817200077,20.74944,67.093
29.563564994000444,20.74944,67.312
29.5761865580007,20.74944,67.25
29.589079779000713,20.633088,67.5
29.601879620000545,20.633088,67.093
29.6141301990001,20.633088,67.468
29.626268870000786,20.671872,67.187
29.63842226199995,20.710656,67.406
29.65087419000065,20.710656,67.25
29.663567981000597,20.788224,67.687
29.676478289000443,20.788224,67.343
29.68853395000042,20.788224,67.593
29.70069588700062,20.827008000000003,67.156
29.71267724200061,20.827008000000003,67.25
29.7249540290004,20.827008000000003,67.0
29.73721456000021,20.865792000000003,67.156
29.749225515000035,20.827008000000003,67.625
29.761202038000192,20.74944,67.437
29.773226019000504,20.710656,67.031
29.78701548800018,20.594304,67.156
29.80022442900008,20.594304,66.968
29.8137024330008,20.633088,67.406
29.8265936050002,20.671872,67.125
29.83872789199995,20.710656,67.468
29.851391186,20.710656,67.343
29.86387658700005,20.74944,67.062
29.876311523000368,20.74944,67.406
29.889764311000363,20.74944,67.093
29.90177078600027,20.710656,67.25
29.914095671000723,20.671872,67.562
29.926062529000774,20.710656,67.468
29.938603132000026,20.710656,67.156
29.950751852000394,20.74944,67.437
29.962848730000587,20.74944,67.156
29.975229008000497,20.788224,67.312
29.987761930000488,20.827008000000003,67.562
29.99985903200013,20.865792000000003,67.281
30.011936070000047,20.827008000000003,67.562
30.024316828000337,20.865792000000003,67.156
30.036480204000327,20.865792000000003,67.281
30.048529113000768,20.904576000000002,67.562
30.060739627000657,20.904576000000002,67.437
30.073019294000005,20.904576000000002,67.156
30.084523900000022,20.788224,67.312
30.096808751000026,20.671872,67.062
30.108841788000063,20.671872,67.187
30.12191328500012,20.594304,67.0
30.135814981000294,20.633088,67.312
30.148312350000197,20.633088,66.906
30.16141344800053,20.710656,67.218
30.173764029000267,20.710656,67.062
30.1861855570005,20.710656,67.218
30.19877121600075,20.74944,67.25
30.21161537900025,20.710656,67.562
30.225529364000067,20.74944,67.156
30.237515071000416,20.710656,67.468
30.25003842500064,20.633088,67.468
30.262027716000375,20.671872,67.156
30.27405384100075,20.710656,67.281
30.286090397000407,20.74944,67.687
30.298205068000243,20.74944,67.25
30.310484831000394,20.788224,67.468
30.32300069700068,20.827008000000003,67.156
30.335657431000072,20.865792000000003,67.343
30.347551967000072,20.827008000000003,67.281
30.360026648000712,20.865792000000003,67.281
30.37206090000018,20.865792000000003,67.562
30.38398545400014,20.904576000000002,67.468
30.39592600800006,20.904576000000002,67.062
30.407852577000085,20.943360000000002,67.375
30.419782986999962,20.827008000000003,67.125
30.43170440400081,20.788224,67.156
30.443933990000005,20.710656,67.625
30.456654053999955,20.74944,67.0
30.46973879899997,20.74944,66.937
30.48322589200052,20.74944,67.187
30.49557816900051,20.827008000000003,67.062
30.507683944000746,20.865792000000003,67.187
30.51982351100014,20.827008000000003,67.593
30.532252239000627,20.865792000000003,67.187
30.544697606000227,20.865792000000003,67.531
30.556859703000555,20.827008000000003,67.312
30.569386161000693,20.827008000000003,67.156
30.5814167970002,20.74944,67.25
30.593766802000573,20.788224,67.625
30.605306929000108,20.74944,67.187
30.617706472000464,20.74944,67.5
30.630300292000356,20.788224,67.187
30.642287823000515,20.788224,67.375
30.654789672000334,20.827008000000003,67.125
30.667103132000193,20.865792000000003,67.343
30.679044614000304,20.827008000000003,67.281
30.69159420899996,20.827008000000003,67.281
30.703633357999934,20.74944,67.062
30.715664250000373,20.74944,67.25
30.727643109000383,20.788224,66.968
30.739719155000785,20.788224,67.218
30.751678749000348,20.788224,67.625
30.7636312070008,20.710656,67.218
30.775610002000576,20.710656,67.281
30.789338606000456,20.594304,67.156
30.802568251000594,20.633088,66.968
30.81631871100035,20.633088,66.906
30.830594562000442,20.710656,67.156
30.844230778000565,20.710656,67.062
30.85762522799996,20.74944,67.406
30.870624372000748,20.74944,67.218
30.883593561999987,20.74944,67.156
30.8978003860002,20.710656,67.281
30.909969811000337,20.710656,67.593
30.92209558600007,20.671872,67.218
30.934368565000113,20.710656,67.375
30.946687177000058,20.74944,67.187
30.958926683000755,20.74944,67.218
30.971461013999942,20.74944,67.281
30.984278392000306,20.788224,67.687
30.99656733900065,20.827008000000003,67.187
31.00929613900007,20.865792000000003,67.562
31.02143145000082,20.827008000000003,67.25
31.033738638000614,20.865792000000003,67.312
31.045903006000117,20.904576000000002,67.218
31.058131120000326,20.904576000000002,67.593
31.070367010000155,20.943360000000002,67.156
31.082559091000803,20.943360000000002,67.562
31.094772133000333,20.827008000000003,67.25
31.107001046000732,20.827008000000003,67.218
31.12129001700032,20.74944,67.156
31.13533347700013,20.788224,67.125
31.149246214000414,20.788224,67.406
31.162184458999945,20.865792000000003,67.062
31.174729542000023,20.865792000000003,67.281
31.187426725000478,20.865792000000003,67.343
31.200484909000807,20.865792000000003,67.125
31.214073413000733,20.904576000000002,67.375
31.226914824000232,20.865792000000003,67.531
31.23909189599999,20.865792000000003,67.531
31.251629042000786,20.788224,67.187
31.264271760000156,20.827008000000003,67.468
31.27650390600047,20.865792000000003,67.062
31.28934806899997,20.788224,67.187
31.301945985000202,20.74944,67.218
31.314555773000393,20.788224,67.468
31.32732275000035,20.827008000000003,67.125
31.339628594000715,20.827008000000003,67.375
31.352144332000535,20.827008000000003,67.156
31.365264278000723,20.865792000000003,67.625
31.37746087100004,20.865792000000003,67.125
31.38965346400073,20.865792000000003,67.437
31.401885898000728,20.904576000000002,67.093
31.414429700000255,20.904576000000002,67.5
31.426596661000076,20.827008000000003,67.125
31.438828711000497,20.788224,67.593
31.453168883000217,20.710656,67.156
31.467451549000543,20.74944,67.0
31.48120018500049,20.74944,67.25
31.497566557000027,20.827008000000003,67.218
31.509647307000705,20.865792000000003,66.968
31.522114852000414,20.827008000000003,67.187
31.53434050100077,20.865792000000003,67.593
31.54683425500025,20.865792000000003,67.437
31.561796844000128,20.827008000000003,67.406
31.574451242000578,20.827008000000003,67.093
31.586849120000807,20.74944,67.375
31.599050800999976,20.710656,67.593
31.611064957000053,20.74944,67.125
31.622630557000775,20.74944,67.593
31.634749004000696,20.74944,67.218
31.647069760000704,20.74944,67.406
31.659840289000385,20.788224,67.062
31.67276557400055,20.827008000000003,67.343
31.684904533000008,20.827008000000003,67.312
31.69714323900007,20.865792000000003,67.531
31.709263222000118,20.865792000000003,67.187
31.72125488200072,20.865792000000003,67.281
31.733435474000544,20.865792000000003,67.031
31.745764935000807,20.904576000000002,67.312
31.757712689000073,20.827008000000003,67.531
31.769645114000014,20.788224,67.125
31.781664455000282,20.710656,67.125
31.79537769700073,20.710656,67.218
31.8087410750004,20.710656,66.968
31.822156324999924,20.710656,67.062
31.834422360000644,20.788224,67.156
31.846759469000062,20.788224,67.437
31.858988607000356,20.788224,67.187
31.871486296000512,20.788224,67.375
31.88412904500001,20.74944,67.093
31.89642369000012,20.710656,67.218
31.907882285000596,20.633088,67.125
31.920090053000422,20.633088,67.187
31.93200744600017,20.633088,67.531
31.943420311999944,20.671872,67.156
31.955518125000708,20.710656,67.437
31.967994061000354,20.710656,67.218
31.980130755000573,20.710656,67.156
31.9923932770007,20.74944,67.281
32.00476684200021,20.788224,67.562
32.016971315000774,20.788224,67.25
32.028898690999995,20.788224,67.531
32.04101807300049,20.827008000000003,67.125
32.05297380200045,20.827008000000003,67.25
32.06495074800023,20.865792000000003,67.718
32.076904269000806,20.865792000000003,67.093
32.08896569800072,20.865792000000003,67.625
32.10091745900081,20.788224,67.218
32.113052201000755,20.74944,67.062
32.12676413999998,20.710656,67.187
32.1400555550008,20.710656,66.937
32.15365046600073,20.74944,67.406
32.166904600000635,20.788224,67.031
32.17910196899993,20.827008000000003,67.343
32.1913518500005,20.827008000000003,67.125
32.20307973300078,20.827008000000003,67.375
32.215303022000626,20.865792000000003,67.312
32.23009313500006,20.827008000000003,67.656
32.24211740999999,20.827008000000003,67.312
32.25420632700025,20.788224,67.406
32.266388751000704,20.788224,67.187
32.27846134800075,20.788224,67.406
32.290475735000655,20.827008000000003,67.156
32.30242602399994,20.827008000000003,67.281
32.314562814000055,20.865792000000003,67.593
32.32696434800073,20.904576000000002,67.531
32.33905156900073,20.943360000000002,67.187
32.35101859400038,20.904576000000002,67.593
32.36340912000014,20.943360000000002,67.125
32.375304304000565,20.943360000000002,67.25
32.38728307400015,20.943360000000002,67.562
32.39923736300079,20.943360000000002,67.156
32.41130391100069,20.982144,67.406
32.423179670000536,20.865792000000003,67.156
32.43517367300046,20.827008000000003,67.218
32.447692202000326,20.74944,67.062
32.46047147400077,20.74944,67.468
32.474145619999945,20.74944,67.062
32.487816438000664,20.710656,67.218
32.50006315100018,20.710656,67.093
32.51267499500045,20.710656,67.0
32.52514177900048,20.74944,67.125
32.537739574000625,20.74944,67.562
32.55033644100058,20.74944,67.343
32.56280559300012,20.710656,67.468
32.57486378900012,20.710656,67.375
32.58755393899992,20.671872,67.125
32.5998154050003,20.633088,67.218
32.612032841000655,20.633088,67.562
32.623528669000734,20.633088,67.125
32.635974669999996,20.671872,67.5
32.6479589290002,20.671872,67.218
32.66021330900003,20.710656,67.406
32.67296719300066,20.788224,67.25
32.68597436500022,20.788224,67.718
32.698400973999924,20.788224,67.218
32.71045534800032,20.827008000000003,67.562
32.72247148000042,20.827008000000003,67.156
32.734422458000154,20.865792000000003,67.281
32.74642956500065,20.865792000000003,67.062
32.758432513000116,20.827008000000003,67.25
32.7704288040004,20.74944,67.593
32.78245687300023,20.671872,67.468
32.796436492000794,20.633088,67.0
32.810717785000634,20.633088,67.218
32.82444338100049,20.671872,67.187
32.83772131300066,20.710656,66.968
32.850947181000265,20.74944,67.468
32.86386507000043,20.74944,67.218
32.87756480799999,20.788224,67.406
32.89081797200015,20.788224,67.343
32.903116033000515,20.74944,67.125
32.91531965900049,20.74944,67.281
32.92769458700059,20.671872,67.687
32.940195311000025,20.74944,67.281
32.95270518699999,20.74944,67.5
32.964979951000714,20.788224,67.25
32.97719605700058,20.788224,67.218
32.98974865500077,20.827008000000003,67.25
33.00301714700072,20.865792000000003,67.625
33.015322921000006,20.865792000000003,67.312
33.02749022600074,20.865792000000003,67.531
33.040375346000474,20.904576000000002,67.437
33.05253055400044,20.904576000000002,67.062
33.065054639000664,20.904576000000002,67.25
33.07725004000076,20.943360000000002,67.625
33.08960141500029,20.827008000000003,67.281
33.10183790600058,20.710656,67.406
33.11435747900032,20.671872,67.218
33.12834045800082,20.594304,67.0
33.14215255199997,20.633088,66.875
33.155834114000754,20.633088,67.062
33.169892232000166,20.710656,67.093
33.1828114330001,20.74944,67.281
33.19551670800047,20.74944,67.093
33.20885569800066,20.74944,67.312
33.221481258000495,20.788224,67.375
33.23538391500006,20.74944,67.656
33.247556660000555,20.74944,67.25
33.2601686830003,20.671872,67.468
33.27262178900037,20.710656,67.5
33.28542761100016,20.74944,67.218
33.29806798700065,20.74944,67.406
33.31026646100054,20.74944,67.75
33.32305829800043,20.788224,67.25
33.33575787600057,20.827008000000003,67.25
33.348977790999925,20.827008000000003,67.531
33.36116570500053,20.827008000000003,67.187
33.37353909600006,20.865792000000003,67.312
33.38589411900011,20.904576000000002,67.656
33.398437148000085,20.904576000000002,67.218
33.410657063000144,20.904576000000002,67.437
33.422848273000454,20.865792000000003,67.406
33.43511769300039,20.788224,67.093
33.44740269800059,20.74944,67.281
33.46150737700009,20.710656,67.062
33.47580409500006,20.74944,67.281
33.49031781100075,20.74944,67.343
33.503175667000505,20.827008000000003,67.093
33.515863244000684,20.865792000000003,67.343
33.52839472100004,20.865792000000003,67.281
33.544134941000266,20.865792000000003,67.687
33.55873128500025,20.865792000000003,67.531
33.57089154900041,20.827008000000003,67.187
33.5828671040008,20.827008000000003,67.468
33.59604791400034,20.74944,67.156
33.60762662400066,20.74944,67.218
33.61986250700011,20.710656,67.25
33.63235244600037,20.74944,67.593
33.64477358300064,20.74944,67.218
33.65735667700028,20.788224,67.406
33.66974302900053,20.827008000000003,67.218
33.682064995000474,20.865792000000003,67.375
33.69404394200046,20.710656,67.312
33.70665417300006,20.710656,67.468
33.71862575900013,20.74944,67.125
33.73056406500018,20.74944,67.312
33.742597701000705,20.74944,67.031
33.75453776700033,20.788224,67.25
33.76649690500017,20.710656,67.031
33.778445866000766,20.671872,67.156
33.790499407000425,20.594304,67.437
33.8035022590002,20.55552,66.968
33.81711405900023,20.55552,66.968
33.83011668600011,20.594304,67.156
33.84245788499993,20.671872,67.0
33.85504827500063,20.671872,67.156
33.86751037400063,20.671872,67.5
33.880075867000414,20.671872,67.468
33.89237789600065,20.710656,67.156
33.90441198100052,20.671872,67.312
33.91637943900059,20.671872,67.187
33.928707261000454,20.633088,67.312
33.94069705600032,20.671872,67.718
33.952882474000035,20.710656,67.125
33.96503128200038,20.710656,67.5
33.9771071920004,20.710656,67.187
33.98955783400015,20.74944,67.343
34.002028028000495,20.788224,67.281
34.01408345800064,20.827008000000003,67.687
34.02611648600032,20.788224,67.343
34.03852571900006,20.827008000000003,67.468
34.05049061699992,20.865792000000003,67.187
34.06249222000042,20.865792000000003,67.375
34.074442525999984,20.865792000000003,67.062
34.086536837000494,20.904576000000002,67.25
34.098493511000015,20.827008000000003,67.531
34.11045460100013,20.788224,67.156
34.12252324600013,20.710656,67.375
34.13587398100026,20.710656,67.187
34.14942437100035,20.710656,67.031
34.16293440700065,20.74944,67.062
34.17542188200059,20.788224,67.187
34.18776372100001,20.827008000000003,67.468
34.19990004800002,20.827008000000003,67.156
34.21240682000007,20.865792000000003,67.343
34.22558497400041,20.865792000000003,67.218
34.23743562800064,20.827008000000003,67.312
34.24940411100033,20.827008000000003,67.625
34.26155829500021,20.788224,67.218
34.273474840000745,20.788224,67.468
34.28563939200012,20.74944,67.125
34.2975998740003,20.74944,67.312
34.30893470400042,20.710656,67.187
34.32091624300028,20.74944,67.281
34.332734737000465,20.788224,67.562
34.34517715400034,20.788224,67.562
34.35725322400049,20.827008000000003,67.312
34.369198154000514,20.827008000000003,67.437
34.38161449100062,20.865792000000003,67.156
34.39356895700075,20.865792000000003,67.125
34.40579194300062,20.865792000000003,67.5
34.4177543450005,20.904576000000002,67.093
34.42973297200024,20.865792000000003,67.562
34.44173310400038,20.788224,67.25
34.453939578000245,20.74944,67.187
34.466805625000234,20.710656,67.218
34.47953019600027,20.74944,67.5
34.49247199000001,20.74944,67.031
34.50568860800013,20.827008000000003,67.312
34.51791415500065,20.827008000000003,67.375
34.53037932500047,20.865792000000003,67.093
34.54298318800011,20.865792000000003,67.281
34.557558699000765,20.865792000000003,67.281
34.570204098999966,20.865792000000003,67.562
34.58218848600063,20.827008000000003,67.218
34.59456699800012,20.788224,67.468
34.6065240880007,20.788224,67.187
34.61882432500079,20.74944,67.218
34.63092061900079,20.788224,67.718
34.6421474130002,20.788224,67.25
34.65439788900039,20.788224,67.468
34.6665280720008,20.827008000000003,67.187
34.67891532000067,20.865792000000003,67.437
34.691054720000466,20.865792000000003,67.25
34.702998880999985,20.865792000000003,67.718
34.71547202000056,20.904576000000002,67.593
34.727389140000014,20.904576000000002,67.437
34.73978278800041,20.904576000000002,67.093
34.75173431000076,20.943360000000002,67.406
34.76369120800064,20.904576000000002,67.218
34.77566727500016,20.827008000000003,67.218
34.787767537000036,20.788224,67.562
34.80124598800012,20.710656,67.187
34.81351092800014,20.671872,67.0
34.82720225000048,20.710656,67.218
34.839896868000324,20.74944,67.031
34.85226357100055,20.788224,67.156
34.86485908100076,20.788224,67.625
34.877127765000296,20.788224,67.5
34.88986062399999,20.710656,67.125
34.90408303500044,20.671872,67.281
34.91625392400056,20.633088,67.218
34.928455822000615,20.671872,67.187
34.94051224300074,20.633088,67.281
34.95280339200053,20.671872,67.625
34.96504973900028,20.671872,67.25
34.97699140400073,20.710656,67.5
34.988993520000804,20.74944,67.187
35.00128351600051,20.74944,67.375
35.013450885000566,20.788224,67.75
35.02570321600069,20.827008000000003,67.281
35.037666675000764,20.788224,67.656
35.049762457000725,20.827008000000003,67.125
35.06175276400063,20.865792000000003,67.312
35.07376620800005,20.865792000000003,67.218
35.08580912400066,20.865792000000003,67.187
35.09775754200018,20.865792000000003,67.718
35.10976756200034,20.788224,67.625
35.12179409400051,20.74944,67.093
35.1346010670004,20.671872,67.343
35.1478763110008,20.671872,67.187
35.161502991000816,20.710656,66.937
35.174133959000756,20.74944,67.218
35.186832417000005,20.788224,67.468
35.19935707700006,20.788224,67.218
35.21207291100018,20.788224,67.218
35.224477440000555,20.827008000000003,67.531
35.23705983000036,20.788224,67.093
35.24914524399992,20.788224,67.281
35.261129855000036,20.74944,67.656
35.27324064599998,20.74944,67.25
35.28549544100042,20.788224,67.468
35.29705360600019,20.827008000000003,67.156
35.30924609600061,20.827008000000003,67.468
35.321758851000595,20.865792000000003,67.218
35.334140659000695,20.865792000000003,67.687
35.34658637300072,20.904576000000002,67.218
35.35872586900041,20.904576000000002,67.656
35.37095416700049,20.904576000000002,67.25
35.38292159299999,20.943360000000002,67.437
35.39486841100006,20.943360000000002,67.031
35.4068138850007,20.982144,67.218
35.41876214200056,20.982144,67.562
35.43068476700046,20.943360000000002,67.218
35.442648225000084,20.865792000000003,67.437
35.45467043700046,20.788224,67.125
35.46785630300019,20.788224,67.0
35.48132512100074,20.788224,67.156
35.49401493900041,20.710656,67.312
35.50662245000058,20.710656,67.062
35.519024802000786,20.74944,67.343
35.531235916000696,20.74944,67.25
35.543655549000505,20.74944,67.125
35.556211154000266,20.788224,67.312
35.56838524300019,20.788224,67.562
35.58034985300037,20.74944,67.156
35.592751758000304,20.74944,67.562
35.605740977000096,20.710656,67.125
35.617484684000374,20.710656,67.281
35.629541681000774,20.710656,67.062
35.64091779200044,20.710656,67.218
35.653295343000536,20.710656,67.625
35.665335828000025,20.74944,67.5
35.67813940900032,20.788224,67.218
35.69067677300063,20.827008000000003,67.437
35.70263674300077,20.788224,67.218
35.71506924000005,20.827008000000003,67.218
35.727192543000456,20.827008000000003,67.593
35.739182914000594,20.865792000000003,67.25
35.751122212000155,20.865792000000003,67.406
35.76309677400059,20.904576000000002,67.156
35.775110825999946,20.788224,67.312
35.78705764300048,20.74944,67.093
35.801178962999984,20.633088,67.468
35.81475949700052,20.633088,67.343
35.826915729000575,20.594304,67.0
35.84000303100038,20.633088,67.218
35.85350375500002,20.710656,67.062
35.86596172500049,20.710656,67.218
35.878098373000284,20.710656,67.187
35.89044190700042,20.710656,67.468
35.902509720000126,20.74944,67.25
35.91656380600034,20.710656,67.375
35.92853904000003,20.710656,67.218
35.940533859000425,20.671872,67.375
35.953011414000684,20.710656,67.343
35.965581835000194,20.710656,67.593
35.97772744300073,20.74944,67.218
35.98977231200024,20.74944,67.562
36.00213194200023,20.788224,67.187
36.01456584800053,20.827008000000003,67.312
36.027024874000745,20.827008000000003,67.843
36.038990028000626,20.827008000000003,67.312
36.05113355600042,20.865792000000003,67.531
36.06306318800034,20.865792000000003,67.125
36.07522822100054,20.865792000000003,67.125
36.08730038600061,20.904576000000002,67.156
36.0991102400003,20.827008000000003,67.25
36.11043130899998,20.671872,67.562
36.122390191000704,20.671872,67.312
36.134461396000006,20.594304,67.093
36.14786467700014,20.594304,67.187
36.16197450800064,20.633088,67.125
36.17475437600024,20.633088,66.968
36.18837568000072,20.710656,67.156
36.2008456500007,20.710656,67.468
36.213013499000226,20.710656,67.343
36.225356393000766,20.710656,67.125
36.23769138300031,20.74944,67.406
36.25222807600039,20.710656,67.062
36.26420657400013,20.710656,67.281
36.27612411100017,20.671872,67.218
36.288510783000675,20.710656,67.562
36.30089092600065,20.74944,67.25
36.31327779000003,20.74944,67.437
36.325551946000814,20.788224,67.218
36.33775499500007,20.788224,67.312
36.35003596800016,20.827008000000003,67.625
36.36207226000079,20.865792000000003,67.25
36.37399389300026,20.865792000000003,67.562
36.386679102000016,20.865792000000003,67.437
36.398595583000315,20.904576000000002,67.062
36.41083188100038,20.904576000000002,67.25
36.42277527500028,20.943360000000002,67.562
36.43471498800045,20.904576000000002,67.218
36.44667537400073,20.827008000000003,67.593
36.45866539300005,20.827008000000003,67.125
36.472630515000674,20.74944,66.968
36.48624285799997,20.74944,67.218
36.4999794940004,20.788224,67.125
36.51356022000073,20.827008000000003,67.468
36.52605182300067,20.827008000000003,67.093
36.53836486,20.827008000000003,67.343
36.550662409000324,20.865792000000003,67.125
36.56296648600073,20.865792000000003,67.437
36.57509074900008,20.865792000000003,67.625
36.58714326600057,20.827008000000003,67.625
36.5993974210005,20.788224,67.25
36.612364655999954,20.788224,67.437
36.6250758820006,20.788224,67.093
36.637741922000714,20.74944,67.406
36.64961683300044,20.788224,67.687
36.661910413999976,20.788224,67.312
36.67430444599995,20.827008000000003,67.281
36.68648720700003,20.865792000000003,67.562
36.69799893800064,20.827008000000003,67.437
36.70996335600012,20.74944,67.343
36.721630292000555,20.74944,67.218
36.732868831000815,20.74944,67.593
36.74492086800001,20.788224,67.187
36.75684560400077,20.788224,67.312
36.768768069000544,20.827008000000003,67.187
36.78070439000021,20.710656,67.312
36.79261504600072,20.710656,67.156
36.80665473099998,20.594304,67.5
36.82064999800059,20.55552,67.281
36.83357092700044,20.55552,67.031
36.847223047000625,20.594304,67.062
36.8602707,20.633088,67.218
36.8728985000007,20.671872,67.093
36.885193615999924,20.671872,67.187
36.89753507000023,20.671872,67.562
36.909767241000736,20.710656,67.5
36.92348787600076,20.633088,67.156
36.93546138200054,20.671872,67.468
36.94741040700046,20.633088,67.218
36.95962849700027,20.671872,67.281
36.971884445000796,20.671872,67.625
36.98381346900078,20.710656,67.281
36.995758399000806,20.710656,67.531
37.008033067000724,20.74944,67.187
37.02012971300064,20.788224,67.375
37.03248083100061,20.827008000000003,67.718
37.044591654000214,20.788224,67.625
37.05672087700077,20.827008000000003,67.531
37.06867915100065,20.865792000000003,67.406
37.08062923200032,20.865792000000003,67.218
37.09273682300045,20.904576000000002,67.25
37.10475346600015,20.904576000000002,67.218
37.11673362900001,20.827008000000003,67.312
37.128714655000294,20.788224,67.468
37.141446682000606,20.710656,67.156
37.1547752080005,20.74944,67.093
37.168198105000556,20.74944,67.187
37.1811931480006,20.788224,67.062
37.19379899500018,20.827008000000003,67.125
37.20615280099992,20.827008000000003,67.562
37.21838903600019,20.827008000000003,67.531
37.23073698600001,20.865792000000003,67.218
37.24291965100019,20.827008000000003,67.406
37.25597287200071,20.827008000000003,67.156
37.267887369000164,20.827008000000003,67.468
37.27988503600045,20.788224,67.687
37.29199365000022,20.827008000000003,67.187
37.30418962800013,20.671872,67.437
37.31621139100025,20.710656,67.187
37.328162209000766,20.74944,67.406
37.34035108200078,20.788224,67.281
37.35268920800081,20.788224,67.687
37.365166282000246,20.827008000000003,67.281
37.377126379999936,20.788224,67.562
37.38958716600064,20.827008000000003,67.187
37.40186257000005,20.865792000000003,67.343
37.41380385100001,20.865792000000003,67.187
37.42580574200019,20.904576000000002,67.218
37.43777377600054,20.904576000000002,67.593
37.44969377699999,20.788224,67.25
37.46158820900018,20.788224,67.031
37.475296235000314,20.671872,67.25
37.488655226000446,20.671872,67.0
37.50193696600036,20.671872,67.468
37.51578976500059,20.74944,67.187
37.52826267900036,20.788224,67.375
37.54060589300025,20.74944,67.218
37.553150458000346,20.788224,67.125
37.56544640700031,20.788224,67.437
37.577632592000555,20.788224,67.656
37.59119910900063,20.788224,67.218
37.603360174000045,20.788224,67.625
37.61548069300079,20.74944,67.218
37.6268093460003,20.710656,67.406
37.63934719000008,20.710656,67.156
37.651589409000735,20.74944,67.718
37.66396267200071,20.74944,67.281
37.6766733860004,20.788224,67.625
37.68886033900071,20.788224,67.218
37.701474122000036,20.827008000000003,67.531
37.713429163,20.827008000000003,67.218
37.72576853700048,20.865792000000003,67.312
37.737769884000045,20.865792000000003,67.656
37.74968866800009,20.865792000000003,67.281
37.76177641800041,20.904576000000002,67.437
37.77372902800016,20.904576000000002,67.218
37.78575642300075,20.827008000000003,67.406
37.79782042900024,20.788224,67.187
37.81016377100059,20.710656,67.593
37.823457287000565,20.671872,67.062
37.83709145500052,20.671872,67.0
37.85087071500038,20.710656,67.281
37.86402141100007,20.74944,67.062
37.87615338700016,20.788224,67.031
37.88856556300016,20.788224,67.25
37.90056591800021,20.710656,67.531
37.91310878600052,20.710656,67.218
37.92743820800024,20.671872,67.343
37.939439747000506,20.671872,67.375
37.951486632000524,20.633088,67.218
37.963733778999995,20.671872,67.312
37.97599036600059,20.671872,67.656
37.987956352000765,20.710656,67.281
38.000044326000534,20.710656,67.593
38.01262581900028,20.74944,67.218
38.02460275000067,20.788224,67.406
38.03715454600024,20.827008000000003,67.25
38.04909470700022,20.788224,67.437
38.061216762000186,20.827008000000003,67.531
38.073153147000085,20.827008000000003,67.218
38.08517164700061,20.865792000000003,67.375
38.0971827860003,20.865792000000003,67.375
38.10913213100048,20.904576000000002,67.281
38.121057732000736,20.788224,67.343
38.13301046900051,20.74944,67.437
38.14627960100006,20.671872,67.156
38.160067918000095,20.710656,67.0
38.17291937200025,20.710656,67.25
38.18548057700082,20.74944,67.093
38.197990453000784,20.788224,67.187
38.21037437199993,20.788224,67.531
38.22269883400077,20.788224,67.218
38.235047392000524,20.827008000000003,67.5
38.247127749000356,20.827008000000003,67.5
38.26099770100063,20.788224,67.218
38.27328974500051,20.74944,67.343
38.28581222899993,20.74944,67.718
38.29819144400062,20.74944,67.625
38.31042758300009,20.788224,67.312
38.32255888600048,20.827008000000003,67.5
38.33510460200068,20.827008000000003,67.218
38.34765396700004,20.865792000000003,67.375
38.36051108600077,20.904576000000002,67.718
38.37272783200024,20.865792000000003,67.687
38.385148488000596,20.904576000000002,67.187
38.397249710000324,20.943360000000002,67.437
38.40926923400002,20.943360000000002,67.218
38.42118699399998,20.943360000000002,67.218
38.43315282000003,20.982144,67.656
38.44515029500053,20.865792000000003,67.218
38.45711285700054,20.827008000000003,67.468
38.46914348500013,20.788224,67.156
38.48242055300034,20.788224,66.968
38.4957228380008,20.788224,67.093
38.5086051090002,20.671872,67.437
38.52222574100051,20.710656,67.125
38.534404405000714,20.74944,67.093
38.54694177000056,20.74944,67.437
38.55947030200059,20.74944,67.093
38.572231224999996,20.74944,67.218
38.58717925900055,20.74944,67.218
38.59946451900032,20.74944,67.687
38.61198677900029,20.710656,67.218
38.62381560800077,20.671872,67.406
38.63677362599992,20.671872,67.156
38.64839246500014,20.671872,67.312
38.660599866000666,20.710656,67.187
38.67260726099994,20.710656,67.625
38.685044014000596,20.74944,67.281
38.69769386200005,20.788224,67.531
38.709677159999956,20.788224,67.312
38.72200603800047,20.827008000000003,67.375
38.7336196920005,20.827008000000003,67.218
38.745684305000395,20.865792000000003,67.218
38.75763317000019,20.865792000000003,67.468
38.76961694900001,20.904576000000002,67.218
38.781576566000695,20.827008000000003,67.375
38.79352373600068,20.788224,67.218
38.80565443100022,20.710656,67.125
38.819233780000104,20.671872,67.093
38.83291274900057,20.671872,67.093
38.84660429500036,20.671872,67.406
38.85990786000002,20.74944,67.031
38.87238759000047,20.74944,67.375
38.884605840000404,20.74944,67.156
38.897172869000315,20.74944,67.687
38.909523987000284,20.788224,67.312
38.924718621000466,20.710656,67.531
38.93678918600017,20.74944,67.562
38.949100559000726,20.671872,67.218
38.96132744900024,20.710656,67.375
38.97345664000022,20.74944,67.75
38.985492996000175,20.74944,67.343
38.997482471000694,20.788224,67.718
39.00974872200004,20.827008000000003,67.312
39.021354952000365,20.827008000000003,67.437
39.03377928900045,20.865792000000003,67.218
39.045854685999984,20.827008000000003,67.531
39.058518838000055,20.865792000000003,67.625
39.070478968000316,20.904576000000002,67.281
39.08245337000062,20.904576000000002,67.562
39.094479422000404,20.904576000000002,67.093
39.10595518400078,20.788224,67.281
39.11816098500003,20.710656,67.218
39.13009490600052,20.671872,67.5
39.14221913700021,20.594304,67.281
39.15584072799993,20.594304,67.343
39.168971647000035,20.633088,67.218
39.18284297400078,20.633088,67.125
39.19626267100011,20.710656,67.25
39.20890775099997,20.74944,67.218
39.22099828499995,20.710656,67.625
39.2332524400008,20.710656,67.187
39.24549577800008,20.74944,67.281
39.26041571500082,20.710656,67.406
39.27271646400004,20.710656,67.25
39.28469249800037,20.633088,67.375
39.29699759899995,20.710656,67.687
39.309342445000766,20.710656,67.281
39.32187068800067,20.74944,67.593
39.333980871000676,20.74944,67.218
39.346542588000375,20.788224,67.218
39.35880266300046,20.827008000000003,67.281
39.370909261000634,20.827008000000003,67.75
39.38285879900013,20.827008000000003,67.343
39.395054296000126,20.865792000000003,67.5
39.40699740100081,20.865792000000003,67.187
39.41922803500074,20.865792000000003,67.406
39.43120061300033,20.904576000000002,67.093
39.44315600600021,20.904576000000002,67.437
39.45514330500009,20.827008000000003,67.718
39.46713313100008,20.788224,67.437
39.481180208000296,20.710656,67.156
39.49433714400038,20.710656,67.25
39.50799262500004,20.74944,67.218
39.521648296999956,20.788224,67.593
39.53414453999994,20.827008000000003,67.125
39.546448136000436,20.827008000000003,67.5
39.55901679800081,20.827008000000003,67.437
39.57161730000007,20.827008000000003,67.218
39.58398480300002,20.827008000000003,67.343
39.59605223200015,20.827008000000003,67.718
39.609022730000106,20.74944,67.218
39.62190954500056,20.710656,67.437
39.63436047400046,20.74944,67.406
39.646964241000205,20.710656,67.156
39.65947254799994,20.74944,67.375
39.67227715200079,20.74944,67.781
39.684861398000066,20.788224,67.281
39.69738404200052,20.827008000000003,67.25
39.710161861000415,20.827008000000003,67.531
39.72191760000078,20.74944,67.093
39.734069768000154,20.710656,67.218
39.74639125300018,20.74944,67.0
39.758614943000794,20.74944,67.218
39.770750405999934,20.788224,67.437
39.782721992000006,20.788224,67.281
39.794769868,20.710656,67.5
39.80679668800076,20.671872,67.281
39.82183118800003,20.594304,66.968
39.83550522900077,20.55552,67.406
39.84892982200017,20.55552,67.0
39.86238222300017,20.633088,67.343
39.8747313570002,20.671872,67.312
39.88732555500064,20.671872,67.156
39.899813926000206,20.671872,67.343
39.91234540200003,20.710656,67.656
39.92432655600078,20.710656,67.218
39.93646016300045,20.671872,67.562
39.94872836600007,20.633088,67.218
39.96091829500074,20.671872,67.375
39.973447627000496,20.671872,67.406
39.9857487270001,20.710656,67.75
39.99786790200051,20.710656,67.375
40.01023562900082,20.74944,67.625
40.02281683399997,20.74944,67.281
40.03558348500064,20.788224,67.468
40.04753359900042,20.788224,67.312
40.0597721690001,20.827008000000003,67.593
40.07182436500079,20.865792000000003,67.718
40.08382110399998,20.865792000000003,67.656
40.09584779600027,20.865792000000003,67.125
40.10778894900068,20.904576000000002,67.375
40.11975711000014,20.827008000000003,67.093
40.131697367000015,20.788224,67.218
40.143764220000776,20.710656,67.656
40.155909731000065,20.710656,67.125
40.168155694000234,20.74944,67.312
40.181838919000256,20.74944,67.25
40.194131410999944,20.827008000000003,67.093
40.20616095100013,20.865792000000003,67.25
40.21882299100071,20.865792000000003,67.718
40.231196638000256,20.827008000000003,67.312
40.24365732700062,20.865792000000003,67.687
40.255592272000285,20.827008000000003,67.25
40.26750078400073,20.827008000000003,67.468
40.2797367940002,20.74944,67.218
40.29169932400055,20.788224,67.375
40.30433649900078,20.710656,67.593
40.315927561000535,20.710656,67.5
40.32821176500056,20.710656,67.281
40.34018034200017,20.74944,67.531
40.3527795,20.788224,67.187
40.36509925700011,20.827008000000003,67.312
40.377689807000024,20.827008000000003,67.718
40.38986050300082,20.827008000000003,67.312
40.401917404000415,20.865792000000003,67.593
40.41386716500074,20.865792000000003,67.156
40.42579564600055,20.904576000000002,67.281
40.43779996900048,20.904576000000002,67.187
40.4497525780007,20.865792000000003,67.468
40.461683778000406,20.788224,67.718
40.473759015000724,20.74944,67.562
40.4872293060007,20.710656,67.156
40.500771758000155,20.74944,67.25
40.51397848800025,20.74944,67.218
40.527346055000635,20.827008000000003,67.625
40.53961870600051,20.865792000000003,67.25
40.55179804300042,20.865792000000003,67.531
40.56426078000004,20.865792000000003,67.5
40.57724363100078,20.865792000000003,67.218
40.59136421400035,20.827008000000003,67.406
40.603898282000046,20.827008000000003,67.343
40.61639449199993,20.74944,67.656
40.628964432999965,20.74944,67.218
40.64139632200022,20.74944,67.5
40.65359789900049,20.788224,67.218
40.66508281300048,20.74944,67.343
40.67705961499996,20.788224,67.218
40.689666869000575,20.788224,67.281
40.70194435300073,20.865792000000003,67.625
40.71423194900035,20.827008000000003,67.687
40.726613276000535,20.865792000000003,67.25
40.738601054000355,20.904576000000002,67.437
40.75056380700062,20.904576000000002,67.093
40.76266474100066,20.904576000000002,67.281
40.774957105000794,20.943360000000002,67.718
40.7870380710001,20.827008000000003,67.187
40.79897995900046,20.827008000000003,67.437
40.81110508600068,20.74944,67.125
40.8245370070008,20.710656,67.093
40.838266153000404,20.74944,67.062
40.851855647000775,20.710656,67.156
40.86494291700001,20.788224,67.406
40.87706756300031,20.788224,67.156
40.88931675799995,20.788224,67.375
40.901933357000416,20.710656,67.062
40.91468467899995,20.671872,67.656
40.930128185000285,20.671872,67.218
40.94210351500078,20.671872,67.531
40.954441544000474,20.594304,67.5
40.96648046000064,20.633088,67.437
40.97849726300046,20.671872,67.406
40.990470897000705,20.710656,67.75
41.002556151000135,20.710656,67.343
41.01474041500023,20.74944,67.625
41.02690890300073,20.788224,67.281
41.03916491400014,20.827008000000003,67.468
41.05144444600046,20.788224,67.281
41.06351475500014,20.827008000000003,67.375
41.075564839000435,20.827008000000003,67.718
41.08760541900028,20.865792000000003,67.312
41.09951994700077,20.865792000000003,67.468
41.1115566870003,20.904576000000002,67.218
41.123484079000264,20.788224,67.468
41.135470769000676,20.788224,67.156
41.1477833580002,20.710656,67.718
41.16125848000047,20.710656,67.062
41.17455436399996,20.74944,67.093
41.18825135000043,20.74944,67.312
41.201877677000084,20.827008000000003,67.156
41.214518628000405,20.827008000000003,67.312
41.22705500000029,20.827008000000003,67.312
41.239551659000426,20.827008000000003,67.625
41.25182098200003,20.827008000000003,67.593
41.2667498790006,20.788224,67.25
41.27870888800044,20.827008000000003,67.531
41.2908199350004,20.74944,67.25
41.302923813000234,20.788224,67.343
41.31504621900058,20.827008000000003,67.718
41.3273845370004,20.865792000000003,67.406
41.33976061500016,20.865792000000003,67.656
41.35185450900008,20.904576000000002,67.281
41.364118328000586,20.904576000000002,67.468
41.37682606599992,20.904576000000002,67.531
41.38891960700039,20.904576000000002,67.718
41.40103289400031,20.943360000000002,67.343
41.41300127900013,20.943360000000002,67.437
41.42496371300058,20.982144,67.156
41.43695673900038,20.982144,67.375
41.448914788000366,20.943360000000002,67.187
41.46093927200036,20.865792000000003,67.281
41.4729198820005,20.827008000000003,67.593
41.485682053000346,20.788224,67.187
41.49814120700012,20.827008000000003,67.343
41.5111444410004,20.74944,67.156
41.525348259000566,20.74944,67.031
41.53735530199992,20.788224,67.187
41.549537711000085,20.788224,67.281
41.56196601500051,20.788224,67.531
41.57450261100075,20.827008000000003,67.25
41.58680793500025,20.827008000000003,67.468
41.59909661900019,20.788224,67.218
41.6113342940007,20.788224,67.406
41.623779814000045,20.74944,67.718
41.63624204000007,20.74944,67.5
41.64846822600066,20.710656,67.25
41.66057344799992,20.710656,67.437
41.673028377000264,20.710656,67.187
41.68527337900014,20.74944,67.375
41.69752334200075,20.788224,67.687
41.710185062000164,20.827008000000003,67.375
41.722178792000705,20.788224,67.625
41.73470057100076,20.827008000000003,67.343
41.747118699000566,20.827008000000003,67.156
41.75911998200081,20.865792000000003,67.375
41.7711063200004,20.865792000000003,67.718
41.78343842899994,20.865792000000003,67.281
41.79538438200052,20.788224,67.531
41.80724265200024,20.74944,67.031
41.82139958800053,20.633088,67.031
41.83516534299997,20.633088,67.093
41.847817239000506,20.594304,67.468
41.861799097000585,20.633088,67.468
41.87503043600009,20.710656,67.125
41.88773023700014,20.710656,67.437
41.90024913600064,20.710656,67.343
41.9128010280001,20.74944,67.218
41.9250748000004,20.74944,67.343
41.9389392460007,20.710656,67.593
41.950922512000034,20.710656,67.375
41.962889042000825,20.671872,67.5
41.97505525700035,20.710656,67.218
41.987285666999924,20.74944,67.25
41.99961665699993,20.74944,67.406
42.011769080000704,20.74944,67.718
42.02385686100024,20.788224,67.281
42.03639864100023,20.827008000000003,67.531
42.049097962000815,20.827008000000003,67.281
42.061042123000334,20.865792000000003,67.531
42.073712931000046,20.865792000000003,67.218
42.08573235900076,20.865792000000003,67.562
42.09799403300076,20.904576000000002,67.531
42.109411489000195,20.74944,67.25
42.121576137000375,20.788224,67.218
42.13353568999992,20.710656,67.406
42.14546487500047,20.671872,66.937
42.15948548600045,20.594304,67.531
42.17299705700043,20.594304,67.062
42.18662012000004,20.594304,67.281
42.19980230500005,20.671872,67.312
42.2125798040006,20.710656,67.062
42.22538834500028,20.710656,67.281
42.23806827299995,20.710656,67.593
42.2504484480005,20.710656,67.281
42.26366173800034,20.710656,67.25
42.275772816000426,20.710656,67.468
42.28806386800079,20.671872,67.187
42.30055255800016,20.671872,67.343
42.31304038400049,20.710656,67.718
42.3251162610004,20.710656,67.281
42.3373684320004,20.74944,67.625
42.349877571000434,20.788224,67.531
42.36231163499997,20.788224,67.218
42.37512206400061,20.827008000000003,67.406
42.3872364380004,20.827008000000003,67.843
42.399520898000446,20.827008000000003,67.312
42.411566054000104,20.865792000000003,67.625
42.423526247000154,20.904576000000002,67.218
42.43567767900004,20.904576000000002,67.406
42.44773825900029,20.943360000000002,67.218
42.4596583550001,20.827008000000003,67.375
42.471565907000695,20.788224,67.656
42.483543605000705,20.710656,67.625
42.497132970000166,20.74944,67.093
42.51040373400065,20.74944,67.125
42.52395152999998,20.74944,67.281
42.53710984200006,20.827008000000003,67.093
42.54921292000017,20.865792000000003,67.218
42.56125190000057,20.865792000000003,67.593
42.573490086000675,20.865792000000003,67.312
42.58601391299999,20.865792000000003,67.218
42.59984120700028,20.827008000000003,67.468
42.61177989499993,20.827008000000003,67.281
42.62420803900022,20.788224,67.312
42.63725396300015,20.788224,67.656
42.64866466700005,20.788224,67.218
42.661133900000095,20.788224,67.218
42.67365740800051,20.788224,67.5
42.68539048999992,20.827008000000003,67.25
42.6981949660003,20.865792000000003,67.437
42.71082746899992,20.865792000000003,67.625
42.722890992999965,20.74944,67.218
42.73541872500027,20.74944,67.437
42.747474953000165,20.74944,67.156
42.75969563400031,20.74944,67.281
42.77171861400075,20.788224,67.218
42.783718456000315,20.788224,67.562
42.79571644200041,20.74944,67.25
42.80768556400017,20.710656,67.531
42.81974259200069,20.671872,67.156
42.83321627400073,20.594304,67.25
42.84667606700077,20.594304,67.125
42.85904187400047,20.594304,67.468
42.8729581940006,20.671872,67.125
42.88534912100022,20.710656,67.187
42.8980606340001,20.710656,67.437
42.91061508600069,20.710656,67.093
42.923285318000126,20.710656,67.437
42.93537358000049,20.710656,67.687
42.94749185799992,20.710656,67.25
42.959721820000595,20.671872,67.656
42.971657852000135,20.671872,67.281
42.98418020700046,20.710656,67.437
42.9963470950006,20.710656,67.406
43.00870074100021,20.74944,67.781
43.02064541400068,20.74944,67.375
43.033117015000244,20.788224,67.625
43.04521590100012,20.827008000000003,67.312
43.05726156900073,20.827008000000003,67.593
43.06962411099994,20.827008000000003,67.25
43.08169630800057,20.865792000000003,67.406
43.09368158899997,20.865792000000003,67.687
43.10573794600077,20.865792000000003,67.25
43.11800266099999,20.904576000000002,67.5
43.12996992600074,20.827008000000003,67.218
43.14191018300062,20.788224,67.5
43.15407636600048,20.710656,67.343
43.16742966000038,20.710656,67.625
43.18093166300059,20.74944,67.406
43.194536773000436,20.74944,67.187
43.20797215000039,20.827008000000003,67.406
43.22004204299992,20.827008000000003,67.156
43.232062750000296,20.827008000000003,67.406
43.244579441000496,20.827008000000003,67.375
43.25702425700001,20.865792000000003,67.656
43.27168162500038,20.788224,67.25
43.28362476200073,20.827008000000003,67.437
43.29566703799992,20.74944,67.468
43.30793226500009,20.710656,67.093
43.3201724670007,20.710656,67.25
43.33146665500044,20.710656,67.687
43.343397343000106,20.710656,67.312
43.35545993899996,20.74944,67.562
43.36776817600003,20.788224,67.218
43.380388997999944,20.827008000000003,67.406
43.39238852100061,20.788224,67.281
43.404840506000255,20.827008000000003,67.25
43.41678492200026,20.827008000000003,67.656
43.4287981410007,20.865792000000003,67.218
43.44076729400058,20.865792000000003,67.406
43.45311572400078,20.904576000000002,67.25
43.4650168750004,20.788224,67.281
43.47692788299992,20.788224,67.718
43.488976239000294,20.710656,67.625
43.50242745600008,20.710656,67.093
43.51567866700043,20.74944,67.062
43.52950599199994,20.74944,67.281
43.54135517400027,20.827008000000003,67.187
43.55340538600012,20.827008000000003,67.281
43.56559189000018,20.827008000000003,67.656
43.578199688000495,20.827008000000003,67.281
43.59062527200058,20.865792000000003,67.218
43.60572607800077,20.827008000000003,67.437
43.61767439899995,20.827008000000003,67.218
43.62988964000033,20.74944,67.375
43.642848618000244,20.788224,67.25
43.65571264800019,20.788224,67.531
43.667285212000024,20.788224,67.281
43.67957472800026,20.74944,67.437
43.69208661900029,20.788224,67.187
43.70453012300004,20.827008000000003,67.375
43.71705622300033,20.865792000000003,67.718
43.72912205100056,20.827008000000003,67.718
43.74161890100004,20.865792000000003,67.218
43.75364453700058,20.865792000000003,67.375
43.765849505000006,20.904576000000002,67.218
43.77790058100072,20.904576000000002,67.218
43.78970342499997,20.943360000000002,67.718
43.80165257800036,20.827008000000003,67.375
43.81357315400055,20.827008000000003,67.343
43.82745132900072,20.671872,67.375
43.8410329820008,20.671872,67.031
43.853935125000135,20.710656,67.093
43.86679141100012,20.671872,67.593
43.87928067700068,20.74944,67.468
43.89191218800079,20.74944,67.187
43.904118053000275,20.74944,67.406
43.91617367300023,20.671872,67.125
43.92879542300034,20.633088,67.125
43.94375456100079,20.633088,67.218
43.95604266800001,20.594304,67.562
43.968186291000166,20.55552,67.281
43.980089843000314,20.594304,67.468
43.992038483000215,20.633088,67.218
44.00396417899992,20.633088,67.468
44.016089305000605,20.633088,67.218
44.02820099100063,20.671872,67.437
44.04068504099996,20.710656,67.25
44.05327367100017,20.74944,67.531
44.06521152700043,20.74944,67.312
44.077351470000394,20.788224,67.406
44.08936155200081,20.788224,67.218
44.10140885200053,20.788224,67.343
44.11345356000038,20.827008000000003,67.437
44.12575706000007,20.865792000000003,67.25
44.137760550000166,20.74944,67.375
44.14973949600062,20.74944,67.156
44.161916144000315,20.671872,67.062
44.17553111000052,20.671872,67.125
44.18893794199994,20.710656,67.437
44.20276075500078,20.710656,67.437
44.21660641700055,20.788224,67.187
44.22877797700039,20.788224,67.375
44.241164167000534,20.788224,67.375
44.25365407300069,20.788224,67.718
44.26580544100034,20.827008000000003,67.312
44.28017796700078,20.788224,67.562
44.29209159900074,20.788224,67.281
44.3040141270003,20.74944,67.468
44.316096148000724,20.74944,67.218
44.32817644100032,20.788224,67.718
44.340611337000155,20.827008000000003,67.375
44.352791537000485,20.827008000000003,67.687
44.36491720699996,20.865792000000003,67.281
44.377453259000504,20.865792000000003,67.437
44.38954980800008,20.865792000000003,67.375
44.40146744000049,20.904576000000002,67.437
44.413868479000485,20.904576000000002,67.781
44.425814528000046,20.904576000000002,67.281
44.43825016000028,20.943360000000002,67.437
44.4503100360007,20.943360000000002,67.187
44.46240143400064,20.904576000000002,67.5
44.47439647600004,20.827008000000003,67.375
44.48664403800012,20.788224,67.656
44.50002229300026,20.74944,67.468
44.51405429700026,20.671872,67.0
44.52733910799998,20.671872,67.218
44.54064782500063,20.710656,67.031
44.552808727999945,20.74944,67.312
44.56544308699995,20.74944,67.312
44.57790524800021,20.74944,67.687
44.590456339999946,20.74944,67.25
44.604897797000376,20.74944,67.218
44.616999115,20.74944,67.468
44.62918558700039,20.710656,67.218
44.642104434999965,20.74944,67.281
44.654948560000776,20.74944,67.625
44.66685857500033,20.710656,67.281
44.679026454999985,20.710656,67.5
44.69112338800005,20.74944,67.5
44.703410120000626,20.788224,67.218
44.715631121000115,20.788224,67.375
44.727716278000116,20.788224,67.75
44.73969567200038,20.827008000000003,67.312
44.75136542300061,20.865792000000003,67.656
44.76328625500082,20.865792000000003,67.125
44.775583227000425,20.865792000000003,67.343
44.78760761400008,20.904576000000002,67.187
44.79964195299999,20.865792000000003,67.406
44.81172471000082,20.788224,67.687
44.82383258800019,20.74944,67.5
44.83743222500016,20.710656,67.093
44.85014441000021,20.671872,67.187
44.86359783500029,20.671872,67.187
44.87702453900056,20.74944,67.531
44.88933392800027,20.788224,67.187
44.9019120920002,20.74944,67.531
44.91436919700027,20.788224,67.218
44.926869056000214,20.788224,67.437
44.93896970100013,20.788224,67.218
44.95076704100029,20.74944,67.406
44.962845861999995,20.74944,67.718
44.97479811800076,20.710656,67.656
44.987420444000236,20.74944,67.343
44.99951776200032,20.74944,67.468
45.01175646000047,20.788224,67.312
45.02407970400054,20.788224,67.375
45.03657447400019,20.827008000000003,67.687
45.0486789280003,20.865792000000003,67.375
45.06062145600026,20.865792000000003,67.687
45.07289618699997,20.865792000000003,67.25
45.084372941000765,20.904576000000002,67.437
45.09637243100042,20.904576000000002,67.187
45.10833886399996,20.904576000000002,67.281
45.11987465900074,20.827008000000003,67.5
45.131920135000655,20.788224,67.093
45.14395415400031,20.710656,67.312
45.15588794700034,20.671872,67.218
45.16975824900055,20.55552,67.093
45.18305346100078,20.594304,67.531
45.19619868400059,20.594304,67.093
45.21014943699993,20.633088,67.125
45.223464969000815,20.671872,67.343
45.235773462,20.671872,67.218
45.24825235900062,20.710656,67.312
45.26098755300063,20.710656,67.718
45.2733823840008,20.710656,67.593
45.28704279200065,20.671872,67.218
45.299012776999916,20.671872,67.593
45.310966089999965,20.671872,67.281
45.32339679400047,20.671872,67.406
45.33542649300034,20.710656,67.875
45.34771818400077,20.74944,67.468
45.359975283000495,20.74944,67.687
45.37234192100004,20.788224,67.312
45.38473774400063,20.827008000000003,67.281
45.39731440500054,20.788224,67.531
45.40959528000076,20.827008000000003,67.218
45.4215805620006,20.865792000000003,67.437
45.433552787000735,20.865792000000003,67.625
45.44588518399996,20.904576000000002,67.218
45.45792918799998,20.904576000000002,67.531
45.46988842000064,20.827008000000003,67.187
45.48181427600048,20.788224,67.437
45.49383981500068,20.74944,67.718
45.50621503000002,20.710656,67.468
45.519752265000534,20.74944,67.093
45.53270205800072,20.74944,67.437
45.54597733300034,20.827008000000003,67.343
45.55841498200061,20.827008000000003,67.156
45.57063233500048,20.827008000000003,67.375
45.583026622000034,20.827008000000003,67.656
45.595610355000645,20.865792000000003,67.343
45.607895230000395,20.827008000000003,67.562
45.620117447000666,20.788224,67.218
45.63242469100078,20.74944,67.5
45.64522161500008,20.788224,67.343
45.658344789000694,20.74944,67.625
45.67062870500013,20.74944,67.25
45.682859338000526,20.74944,67.562
45.69548678400042,20.788224,67.468
45.708098006,20.788224,67.218
45.720644458000606,20.710656,67.312
45.732605771000635,20.671872,67.718
45.74457614000039,20.671872,67.25
45.756930905000445,20.710656,67.437
45.76894367600016,20.710656,67.156
45.780897277000804,20.74944,67.468
45.79305133200069,20.74944,67.062
45.805365552000694,20.788224,67.375
45.8173432170006,20.671872,67.656
45.82973743999992,20.671872,67.437
45.843510907000564,20.594304,67.125
45.85654246200011,20.594304,66.937
45.87032287400052,20.594304,67.187
45.88417618400035,20.633088,67.656
45.89632243000051,20.671872,67.218
45.90859450500011,20.671872,67.562
45.92103058500015,20.671872,67.5
45.93349085800037,20.710656,67.312
45.94707311900038,20.710656,67.375
45.95925661500041,20.671872,67.718
45.9712838180003,20.671872,67.406
45.98323089099995,20.633088,67.625
45.995659771000646,20.671872,67.531
46.00774252700012,20.710656,67.218
46.01988327000072,20.710656,67.5
46.032039245000306,20.710656,67.156
46.04477789500015,20.788224,67.375
46.056994864000444,20.827008000000003,67.656
46.06958483700055,20.788224,67.406
46.08182091100025,20.827008000000003,67.562
46.09398264600077,20.827008000000003,67.281
46.105930391000584,20.865792000000003,67.312
46.11802076399999,20.865792000000003,67.312
46.12996134000059,20.904576000000002,67.625
46.14191228400068,20.827008000000003,67.218
46.15383196400035,20.788224,67.468
46.165896576000705,20.710656,67.187
46.17956869600039,20.710656,67.25
46.19315540500065,20.710656,67.187
46.20667120000053,20.74944,67.468
46.219881769000494,20.788224,67.156
46.23198849500022,20.827008000000003,67.5
46.244112693000716,20.827008000000003,67.437
46.256747723000444,20.827008000000003,67.218
46.26935244900051,20.865792000000003,67.718
46.28438288400048,20.788224,67.375
46.29635373400015,20.827008000000003,67.593
46.308236804000444,20.74944,67.187
46.319566641000165,20.671872,67.406
46.33186118000049,20.633088,67.187
46.343987330000346,20.671872,67.343
46.356200363000426,20.671872,67.687
46.36818670100001,20.710656,67.312
46.38060223600041,20.74944,67.5
46.3932736200004,20.788224,67.312
46.405217300000004,20.788224,67.593
46.417757896000694,20.827008000000003,67.343
46.42983550000008,20.827008000000003,67.718
46.44182052600081,20.865792000000003,67.312
46.45376903900069,20.865792000000003,67.5
46.46569991800061,20.904576000000002,67.281
46.477629454000635,20.788224,67.406
46.489577327000006,20.74944,67.156
46.50159006500053,20.710656,67.281
46.515155814000536,20.710656,67.531
46.52734526200038,20.710656,67.375
46.54099331700036,20.74944,67.062
46.55415892500059,20.788224,67.281
46.56659791700076,20.827008000000003,67.218
46.57890647300064,20.827008000000003,67.781
46.59161117000076,20.788224,67.312
46.603963887000646,20.827008000000003,67.625
46.61881646100028,20.788224,67.562
46.631093464000514,20.74944,67.312
46.6437149580006,20.710656,67.406
46.65704316300071,20.710656,67.75
46.669183457000145,20.710656,67.281
46.68082488800064,20.671872,67.593
46.69277752800008,20.710656,67.312
46.70476594600041,20.74944,67.562
46.716828702000385,20.788224,67.437
46.7293442400005,20.827008000000003,67.218
46.7412749920004,20.788224,67.437
46.75402977000067,20.827008000000003,67.687
46.76601870000013,20.827008000000003,67.25
46.777999980999994,20.865792000000003,67.5
46.78996475000076,20.865792000000003,67.187
46.80193947099997,20.904576000000002,67.406
46.813830702000814,20.788224,67.718
46.82603989500058,20.788224,67.281
46.83939910800018,20.671872,67.187
46.85364372700042,20.671872,67.218
46.86679877400002,20.633088,67.218
46.880102626000735,20.671872,67.125
46.8936102280004,20.710656,67.656
46.906224618000124,20.74944,67.25
46.91851390900047,20.633088,67.375
46.93109821800044,20.633088,67.187
46.943480280000585,20.633088,67.406
46.95734539800014,20.633088,67.406
46.969319159000406,20.633088,67.718
46.981434813000305,20.594304,67.312
46.99343164700076,20.594304,67.625
47.00541731300018,20.633088,67.218
47.01744758800032,20.671872,67.5
47.02954500100077,20.671872,67.281
47.041668815000776,20.710656,67.437
47.05379768500006,20.74944,67.781
47.066411563000656,20.788224,67.312
47.07836753100037,20.74944,67.718
47.09055285100021,20.788224,67.343
47.10278585300057,20.827008000000003,67.5
47.114841823999996,20.827008000000003,67.187
47.12682653000047,20.827008000000003,67.687
47.13883667600021,20.865792000000003,67.312
47.150800869000705,20.788224,67.531
47.16272717300035,20.74944,67.25
47.1795823070006,20.633088,67.187
47.19333282900061,20.633088,67.0
47.20722460400066,20.633088,67.093
47.22091358800026,20.671872,67.562
47.23354586700043,20.710656,67.562
47.24579291700047,20.74944,67.25
47.25819722000051,20.74944,67.437
47.27065266000045,20.74944,67.25
47.28481807600019,20.74944,67.687
47.29701414800002,20.74944,67.375
47.309330672000215,20.710656,67.656
47.32134414700067,20.710656,67.25
47.33388583000033,20.74944,67.468
47.34601303599993,20.74944,67.281
47.357991534000575,20.74944,67.437
47.37034636299995,20.788224,67.718
47.38274701800037,20.827008000000003,67.281
47.39487614400059,20.865792000000003,67.312
47.40696059700076,20.827008000000003,67.656
47.41932560300029,20.865792000000003,67.25
47.431389031000435,20.904576000000002,67.406
47.443644689000394,20.904576000000002,67.687
47.45567000400024,20.904576000000002,67.218
47.4676293320008,20.943360000000002,67.562
47.47965109500001,20.827008000000003,67.281
47.49175046000073,20.827008000000003,67.406
47.50375404600072,20.74944,67.125
47.51701386500008,20.633088,67.437
47.531081421000636,20.633088,67.343
47.544798119000006,20.633088,67.062
47.55715419600074,20.710656,67.312
47.569269146000806,20.710656,67.218
47.58183979000023,20.710656,67.343
47.59432835200005,20.710656,67.656
47.60679172900018,20.710656,67.656
47.622183296,20.710656,67.406
47.634130144000665,20.710656,67.531
47.64693426800022,20.671872,67.375
47.65888927600008,20.671872,67.218
47.67120352800066,20.633088,67.312
47.683796253000764,20.633088,67.687
47.69594896400031,20.671872,67.343
47.708200270000816,20.671872,67.5
47.72011242900044,20.710656,67.312
47.73259692600004,20.74944,67.468
47.745222004000425,20.74944,67.843
47.75755644900073,20.74944,67.656
47.76979821900022,20.788224,67.25
47.781810509000024,20.788224,67.437
47.7937736140002,20.827008000000003,67.187
47.805790256000364,20.827008000000003,67.437
47.81778622599995,20.788224,67.218
47.82973700999992,20.710656,67.375
47.84176370100067,20.671872,67.562
47.85502995200022,20.633088,67.375
47.86864638900079,20.633088,67.062
47.882227177999994,20.633088,67.218
47.8947602850003,20.710656,67.062
47.90700272699996,20.710656,67.531
47.9192284640003,20.74944,67.218
47.931875047000176,20.74944,67.562
47.94410411200079,20.74944,67.312
47.956153588000234,20.74944,67.5
47.968093395000324,20.74944,67.218
47.98039295900071,20.671872,67.375
47.99262298400026,20.710656,67.718
48.00530128000082,20.710656,67.312
48.01726390500062,20.74944,67.593
48.02936893400056,20.788224,67.562
48.04174325200074,20.788224,67.281
48.0539585890001,20.827008000000003,67.375
48.06624147999992,20.865792000000003,67.718
48.07830734000072,20.827008000000003,67.406
48.09067736900033,20.865792000000003,67.593
48.102658555000744,20.904576000000002,67.25
48.11470438200013,20.865792000000003,67.312
48.12606737200076,20.827008000000003,67.156
48.1382838920008,20.788224,67.218
48.1502693020002,20.788224,67.687
48.16224370300006,20.710656,67.406
48.17427129000043,20.710656,67.218
48.18863792800039,20.594304,67.312
48.20205295100004,20.633088,67.187
48.21555287299998,20.633088,67.562
48.22909791700022,20.710656,67.156
48.24122736300069,20.74944,67.437
48.25346618799995,20.74944,67.531
48.26593785300065,20.74944,67.187
48.278261738000765,20.788224,67.5
48.290325678000045,20.74944,67.718
48.30229447900001,20.74944,67.281
48.31464185200002,20.671872,67.718
48.326883525000085,20.710656,67.312
48.339295411999956,20.74944,67.531
48.351573183000255,20.74944,67.312
48.363632579000296,20.74944,67.531
48.37590247800017,20.788224,67.75
48.38840089600035,20.827008000000003,67.656
48.400746765000804,20.865792000000003,67.312
48.412964150000334,20.865792000000003,67.625
48.42511494000064,20.904576000000002,67.218
48.43709682999997,20.904576000000002,67.5
48.449134625000625,20.904576000000002,67.687
48.46110144100021,20.904576000000002,67.281
48.47341649400005,20.943360000000002,67.625
48.485346189000666,20.865792000000003,67.25
48.49724759600031,20.827008000000003,67.406
48.51016801100013,20.74944,67.281
48.5237499520008,20.74944,67.656
48.53740037500029,20.74944,67.468
48.5512477960001,20.788224,67.25
48.56440201100031,20.827008000000003,67.406
48.57671815100002,20.865792000000003,67.25
48.58903499600001,20.865792000000003,67.218
48.60157549500036,20.865792000000003,67.281
48.613835825000024,20.865792000000003,67.687
48.627285505000145,20.827008000000003,67.25
48.63923008100028,20.827008000000003,67.625
48.65134583100007,20.827008000000003,67.343
48.66331552800057,20.827008000000003,67.437
48.67531245700047,20.865792000000003,67.781
48.68687942100041,20.865792000000003,67.343
48.6991947610004,20.788224,67.343
48.71179340600065,20.827008000000003,67.593
48.72401456700027,20.865792000000003,67.187
48.73670067100011,20.74944,67.375
48.74881187600022,20.74944,67.25
48.76112283200018,20.788224,67.343
48.77323493400036,20.788224,67.656
48.78521090300001,20.827008000000003,67.218
48.79727042600007,20.827008000000003,67.406
48.809532484000556,20.865792000000003,67.187
48.8215057970001,20.74944,67.406
48.833426853000674,20.74944,67.718
48.845533962000445,20.671872,67.531
48.85852375600007,20.671872,67.062
48.871983420000106,20.671872,67.343
48.88445924500047,20.633088,67.25
48.89815101300064,20.710656,67.031
48.910524403000636,20.74944,67.25
48.92279571000017,20.74944,67.687
48.935307952000585,20.74944,67.281
48.94730526600051,20.74944,67.375
48.96264844699999,20.74944,67.5
48.97461664000002,20.74944,67.281
48.98679034300039,20.671872,67.375
48.99876234400017,20.710656,67.687
49.01071754400073,20.74944,67.593
49.022998963000646,20.74944,67.343
49.03526623800008,20.74944,67.562
49.047301696999966,20.788224,67.343
49.0600094650008,20.827008000000003,67.406
49.07226505900053,20.865792000000003,67.75
49.084169570000086,20.827008000000003,67.531
49.096559311999954,20.865792000000003,67.531
49.10882588200002,20.904576000000002,67.25
49.12080633200003,20.904576000000002,67.437
49.13276863600004,20.904576000000002,67.125
49.1448561290008,20.943360000000002,67.781
49.15678883200053,20.827008000000003,67.343
49.16873091200068,20.827008000000003,67.406
49.18229173200052,20.710656,67.218
49.195558527000685,20.710656,67.125
49.20900238300055,20.710656,67.187
49.222464544000104,20.74944,67.656
49.235662280000724,20.827008000000003,67.593
49.24802946199998,20.827008000000003,67.218
49.26051159100007,20.827008000000003,67.468
49.27272584000002,20.827008000000003,67.281
49.284827989000405,20.827008000000003,67.437
49.298443434000546,20.788224,67.812
49.31040324300011,20.827008000000003,67.687
49.3224823190003,20.633088,67.25
49.33462824600065,20.633088,67.531
49.34657071000038,20.671872,67.25
49.35890998600007,20.710656,67.468
49.371202190000076,20.710656,67.781
49.38366313400002,20.710656,67.406
49.39606986900071,20.788224,67.625
49.4083704880004,20.788224,67.375
49.42033528899992,20.788224,67.281
49.432827211000586,20.827008000000003,67.406
49.44516914399992,20.827008000000003,67.218
49.45716892100063,20.865792000000003,67.437
49.46916306700041,20.865792000000003,67.531
49.48144471000069,20.865792000000003,67.406
49.493405894000716,20.788224,67.687
49.505368135000026,20.74944,67.062
49.51848750099998,20.671872,67.437
49.531205477000185,20.710656,67.25
49.54467301400018,20.710656,67.406
49.55815229600012,20.74944,67.468
49.570652346000315,20.788224,67.218
49.58305754400044,20.788224,67.437
49.5953305790008,20.788224,67.218
49.60747932200047,20.827008000000003,67.437
49.61958633500035,20.827008000000003,67.718
49.633746246000555,20.788224,67.593
49.64602216000003,20.74944,67.343
49.65820767200057,20.74944,67.406
49.67155699700015,20.74944,67.281
49.68372922800063,20.74944,67.343
49.69618028400055,20.74944,67.656
49.708523913000136,20.710656,67.593
49.72106441200049,20.74944,67.281
49.73360587100069,20.788224,67.437
49.74610985700019,20.788224,67.375
49.75807705800071,20.788224,67.468
49.77022112800023,20.827008000000003,67.625
49.782185992999985,20.827008000000003,67.281
49.79443777800043,20.865792000000003,67.5
49.80641265900067,20.865792000000003,67.187
49.818370676000086,20.865792000000003,67.562
49.83032882000043,20.788224,67.312
49.842306453000674,20.74944,67.718
49.85626683800001,20.671872,67.218
49.86912411499998,20.633088,67.031
49.882895534000454,20.671872,67.281
49.895260955000595,20.710656,67.187
49.90748832400004,20.74944,67.375
49.919518855000206,20.74944,67.625
49.93238845199994,20.671872,67.25
49.945168799000385,20.671872,67.25
49.959873400000106,20.671872,67.468
49.97193705100017,20.633088,67.218
49.98362395500044,20.671872,67.437
49.995562387000064,20.633088,67.781
50.00794499300082,20.671872,67.656
50.02033198300069,20.671872,67.343
50.032601081000394,20.710656,67.625
50.04487770000014,20.74944,67.343
50.05702487400049,20.74944,67.468
50.06942780100053,20.788224,67.281
50.081446811000205,20.788224,67.531
50.093381499000316,20.827008000000003,67.687
50.10578103300031,20.827008000000003,67.281
50.117750922000596,20.865792000000003,67.437
50.130056341000454,20.865792000000003,67.375
50.142045015000804,20.904576000000002,67.343
50.153994615000556,20.865792000000003,67.312
50.166022809000424,20.788224,67.687
50.178026139000394,20.788224,67.156
