t_s,power_w,temp_c
0.0003083609999521286,15.040512000000001,61.843
0.015628119000211882,15.001344,61.875
0.02925179800058686,14.962176,61.593
0.04148724500009848,14.923008,61.687
0.05432555800052796,14.844672000000001,62.031
0.0660466550007186,14.805504,61.5
0.07804059200043412,14.844672000000001,61.968
0.09002035299999989,14.88384,61.562
0.10210424400065676,14.923008,61.968
0.11371170600068581,14.962176,61.687
0.1255842959999427,15.001344,61.875
0.13779081500069879,15.001344,61.906
0.14985848200012697,15.040512000000001,62.156
0.16198541400081012,15.07968,61.843
0.17405810500076768,15.07968,62.093
0.18607626700031688,15.07968,61.718
0.19814627000050677,15.040512000000001,61.875
0.21030382700064365,15.040512000000001,62.281
0.22248484200008534,15.040512000000001,61.875
0.23457276499993895,15.001344,62.187
0.24667064100049174,15.040512000000001,61.937
0.2589279769999848,15.040512000000001,62.125
0.2709951960005128,15.07968,61.75
0.2830561430000671,15.07968,62.0
0.2951257300001089,15.118848,62.25
0.3072421030001351,15.118848,62.125
0.31935540300037246,15.158016,61.875
0.33137404400076775,15.197184,62.062
0.3434549280000283,15.236352,61.875
0.355522978999943,15.236352,62.062
0.3675612370007002,15.197184,62.281
0.3796152720005921,15.236352,61.906
0.39160760800041317,15.27552,62.093
0.4036431459999221,15.27552,61.875
0.4156669720005084,15.314688,62.0
0.4277395670005717,15.314688,62.343
0.4397941780007386,15.314688,61.937
0.4519224870000471,15.353856,62.218
0.4639625370000431,15.314688,61.906
0.4759816910000154,15.27552,62.031
0.4880070839999462,15.236352,61.781
0.5000471350003863,15.158016,61.75
0.5134165340004984,15.158016,61.812
0.5267103160003899,15.197184,61.843
0.5403294500001721,15.197184,62.062
0.5538003240008038,15.236352,61.75
0.5660371800004214,15.27552,61.968
0.5777154600000358,15.314688,61.781
0.5902310120000038,15.353856,61.875
0.6030482680007481,15.353856,61.812
0.6153575739999724,15.353856,62.093
0.6269709560001502,15.314688,61.843
0.6391126090002217,15.314688,62.062
0.6515054690007673,15.314688,61.843
0.6635973930006003,15.27552,61.968
0.6756612520002818,15.27552,62.25
0.6876937500001077,15.27552,61.937
0.6997522000001482,15.236352,62.156
0.7117814660005024,15.236352,61.875
0.7238032760005808,15.236352,62.031
0.7360937010007547,15.236352,61.875
0.7481897530005881,15.27552,62.0
0.7603003330004867,15.27552,62.281
0.7723986250002781,15.27552,62.218
0.7845047250002608,15.314688,61.937
0.7965991450000729,15.353856,62.125
0.8086996770007318,15.353856,61.906
0.8209135240003889,15.393023999999999,62.031
0.8331232750006166,15.393023999999999,62.312
0.8452095660004488,15.353856,62.0
0.8576044110004659,15.393023999999999,62.093
0.869857043000593,15.432191999999999,61.843
0.8819605830003638,15.432191999999999,62.031
0.8940208890007852,15.47136,62.375
0.9060391470002287,15.47136,61.906
0.9181263030004629,15.47136,62.218
0.9302052980001463,15.47136,62.156
0.9422431400007554,15.393023999999999,61.875
0.9544218820001333,15.353856,62.093
0.9666720180002812,15.353856,61.687
0.9801088760004859,15.27552,62.25
0.9937068260005617,15.27552,61.968
1.0063707330000398,15.314688,62.031
1.0199399460007044,15.353856,61.875
1.0332139830006781,15.353856,61.718
1.0453020029999607,15.393023999999999,61.937
1.0577514090000477,15.432191999999999,62.218
1.0699842320000243,15.47136,61.875
1.0821938230001251,15.47136,61.843
1.0962236250006754,15.47136,62.093
1.108308317000592,15.510528,61.937
1.120398032000594,15.510528,62.125
1.1324319700006527,15.47136,62.343
1.1444264510000721,15.432191999999999,61.937
1.1564651890003006,15.432191999999999,62.25
1.1684959590002109,15.393023999999999,61.906
1.1805889390006996,15.393023999999999,62.156
1.1926057560003755,15.393023999999999,61.843
1.204646287000287,15.393023999999999,62.125
1.2166464000001724,15.393023999999999,62.312
1.2286744180000824,15.353856,61.968
1.2407214120003118,15.353856,62.218
1.2529526030002671,15.353856,62.093
1.2653014300003633,15.393023999999999,61.875
1.2773375440001473,15.393023999999999,62.0
1.2893404420001389,15.432191999999999,62.312
1.3014018359999682,15.47136,61.937
1.313409758000489,15.432191999999999,62.312
1.3254149270005655,15.432191999999999,61.906
1.3373986870001318,15.47136,61.968
1.3493941280003128,15.47136,61.875
1.3614028500005588,15.47136,61.937
1.3733923059999142,15.510528,62.343
1.3855075910005326,15.510528,61.843
1.3974661350002862,15.510528,62.125
1.4094439110003805,15.510528,61.875
1.421418550999988,15.432191999999999,62.093
1.4333971280002515,15.393023999999999,61.875
1.4453801200006637,15.393023999999999,62.125
1.4594811570004822,15.314688,61.875
1.4730983070003276,15.314688,61.812
1.4864117050001369,15.314688,62.031
1.4999741660003565,15.353856,61.812
1.5132836279999538,15.393023999999999,62.343
1.5253769589999138,15.432191999999999,61.937
1.5374660030001905,15.432191999999999,62.156
1.549604584000008,15.47136,61.875
1.5620652860006885,15.47136,62.125
1.5764837710003121,15.47136,62.0
1.5884956600002624,15.47136,61.781
1.6005223340007433,15.47136,62.031
1.612560752000718,15.47136,62.25
1.624675973000194,15.432191999999999,62.0
1.6366672530002688,15.432191999999999,62.187
1.648674151000705,15.393023999999999,61.875
1.660690968000381,15.353856,62.031
1.6726729050005815,15.393023999999999,62.375
1.6846828739999182,15.393023999999999,62.031
1.6966745070003526,15.393023999999999,62.281
1.7086670040007448,15.393023999999999,61.906
1.720664172999932,15.393023999999999,62.125
1.7326906230000532,15.432191999999999,61.875
1.744673487,15.432191999999999,62.031
1.7566853770003945,15.47136,62.375
1.7686764650006808,15.510528,62.0
1.7806673620007132,15.510528,62.25
1.792672851000134,15.47136,62.031
1.8046737000004214,15.510528,62.062
1.8166621010004746,15.510528,61.75
1.8281701360001534,15.47136,62.093
1.8402638840007057,15.47136,62.156
1.8525296690004325,15.47136,62.187
1.8645711910003229,15.47136,61.843
1.876608681000107,15.510528,62.093
1.8881214200000613,15.510528,61.875
1.9001518380000562,15.432191999999999,61.968
1.9121805600007065,15.393023999999999,62.312
1.9242403550006202,15.393023999999999,61.781
1.936609886000042,15.353856,62.125
1.9500378480006475,15.353856,61.937
1.9638393550003457,15.353856,61.687
1.9771794100006446,15.393023999999999,62.25
1.9902559050005948,15.393023999999999,61.875
2.0025286660002166,15.47136,62.187
2.01470891200006,15.47136,61.875
2.0269213510000554,15.510528,62.093
2.039090557000236,15.510528,61.75
2.0521633080006723,15.510528,62.062
2.0642336310002065,15.510528,62.375
2.0763145460005035,15.510528,62.062
2.088341252000646,15.47136,62.218
2.1003759900004297,15.47136,62.125
2.112476938000327,15.432191999999999,61.906
2.1245131480000055,15.432191999999999,62.093
2.136539310000444,15.393023999999999,62.312
2.148586975999933,15.432191999999999,62.031
2.1606074100000114,15.432191999999999,62.281
2.1726025630005097,15.432191999999999,61.968
2.1847598000003927,15.432191999999999,62.093
2.196763593000469,15.432191999999999,61.875
2.208735961000457,15.47136,62.093
2.2206693210000594,15.47136,62.406
2.2327180750007756,15.510528,62.0
2.244674987000508,15.549695999999999,62.312
2.256960868000533,15.549695999999999,61.968
2.2690735280002627,15.510528,62.125
2.2811039460002576,15.510528,61.875
2.2931275480004842,15.549695999999999,61.968
2.305195311000716,15.549695999999999,62.218
2.3173027230004664,15.588864,62.187
2.3293198280007346,15.549695999999999,61.843
2.341340166000009,15.588864,62.062
2.3535810540006423,15.588864,61.843
2.3656561450006848,15.549695999999999,62.0
2.377660194000782,15.510528,62.343
2.3898484080000344,15.47136,61.843
2.4019658370007164,15.432191999999999,62.187
2.415538346000176,15.393023999999999,62.0
2.4294712490000165,15.353856,61.687
2.44258272100069,15.353856,61.875
2.454736534999938,15.393023999999999,62.218
2.4669412940002076,15.393023999999999,62.281
2.4791768690001845,15.47136,61.875
2.4912902330006546,15.47136,62.093
2.5034814560003724,15.47136,62.062
2.518509622000238,15.47136,61.843
2.5305902810005136,15.510528,61.937
2.542617658999916,15.510528,62.343
2.5546662850001667,15.510528,61.937
2.56671990400082,15.47136,62.125
2.5787012320006397,15.432191999999999,61.875
2.590691936999974,15.432191999999999,62.093
2.6028721190004944,15.393023999999999,62.437
2.6148949210000865,15.393023999999999,62.0
2.626922459000525,15.393023999999999,62.25
2.638910348000536,15.393023999999999,61.937
2.6509078050003154,15.393023999999999,62.156
2.662895373000538,15.432191999999999,61.906
2.674893694000275,15.432191999999999,62.093
2.6869314400000803,15.432191999999999,62.343
2.698922176999986,15.47136,62.0
2.710916658000315,15.47136,62.312
2.7229091870003685,15.510528,61.875
2.7349183240003185,15.510528,62.25
2.746922949000691,15.47136,62.093
2.7589393830003246,15.510528,62.343
2.7709427919999143,15.510528,61.937
2.782948217000012,15.510528,62.218
2.7949749550007255,15.549695999999999,61.875
2.8069877719999567,15.549695999999999,62.031
2.8190026700003727,15.549695999999999,61.781
2.8310078710001108,15.549695999999999,62.031
2.8430836340003225,15.47136,62.312
2.8551100840004437,15.47136,61.906
2.867131893000078,15.432191999999999,62.093
2.8791666000006444,15.393023999999999,61.843
2.892454493000514,15.353856,61.781
2.9061441250005373,15.393023999999999,61.875
2.9183936210001775,15.432191999999999,62.218
2.9317789570004607,15.47136,61.843
2.943913218000489,15.47136,62.187
2.956122169000082,15.510528,62.093
2.9682931990000725,15.549695999999999,61.843
2.9804871410005944,15.549695999999999,61.968
2.9952876209999886,15.549695999999999,61.968
3.0073491440007274,15.549695999999999,62.281
3.019374505000087,15.549695999999999,61.937
3.0319560750003802,15.47136,62.093
3.043922587000452,15.432191999999999,61.875
3.056110321000233,15.393023999999999,61.968
3.0682243569999628,15.393023999999999,62.406
3.080294904000766,15.353856,62.0
3.0924076920000516,15.353856,62.281
3.104478047000157,15.353856,61.968
3.1165385780004726,15.393023999999999,62.156
3.1285727399999814,15.393023999999999,61.937
3.140593269999954,15.393023999999999,62.125
3.152672361000441,15.393023999999999,62.375
3.164690458000223,15.432191999999999,62.312
3.1767255160002605,15.432191999999999,61.875
3.1887906230003864,15.47136,62.125
3.2008184810001694,15.47136,61.875
3.21280499400018,15.47136,62.156
3.224808755000595,15.432191999999999,62.375
3.2367760670003918,15.47136,61.906
3.2487620040001275,15.510528,62.187
3.260743012000603,15.510528,61.843
3.2727240840004015,15.510528,62.093
3.28472083700035,15.510528,61.843
3.2966733650000606,15.549695999999999,62.0
3.3086659260006854,15.549695999999999,62.375
3.320671319000212,15.432191999999999,61.875
3.3326699280005414,15.432191999999999,62.281
3.3446710329999405,15.393023999999999,61.75
3.3580586410007527,15.314688,61.812
3.3708619450007973,15.314688,62.0
3.3843750600008207,15.353856,62.25
3.3976859620006508,15.353856,62.187
3.4111676530001205,15.393023999999999,61.812
3.423269624000568,15.432191999999999,62.031
3.435425294000197,15.47136,61.781
3.4475484820004567,15.47136,62.031
3.459605429000476,15.47136,61.968
3.473148401000799,15.510528,62.281
3.485155683000812,15.510528,61.937
3.4971907409999403,15.510528,62.187
3.5092176380003366,15.47136,61.875
3.5212497200000143,15.432191999999999,62.093
3.533258921000197,15.432191999999999,62.375
3.545240890000059,15.432191999999999,62.062
3.5572553070005597,15.393023999999999,62.218
3.5692870050006604,15.393023999999999,61.906
3.581408786000793,15.393023999999999,62.093
3.5934537319999436,15.393023999999999,61.937
3.6054937180006164,15.432191999999999,62.093
3.6174748550001823,15.432191999999999,62.375
3.6295324090006034,15.353856,62.25
3.6420213040000817,15.353856,61.906
3.6541892300001564,15.393023999999999,62.125
3.666207391000171,15.393023999999999,61.906
3.678248113000336,15.432191999999999,62.062
3.6902620509999906,15.432191999999999,62.437
3.7024063280005066,15.393023999999999,62.062
3.714638191000631,15.432191999999999,62.218
3.7267426270000215,15.47136,61.875
3.7388775280005575,15.47136,62.031
3.750901514000361,15.47136,61.75
3.7630297260002408,15.47136,61.937
3.775103314000262,15.510528,62.343
3.787231174000226,15.510528,61.875
3.7992929850006476,15.432191999999999,62.156
3.8113149870005145,15.393023999999999,62.125
3.823347548000129,15.393023999999999,61.75
3.8373161330000585,15.27552,61.937
3.850624539000819,15.314688,61.812
3.8639890740005285,15.314688,62.156
3.876874716000202,15.353856,62.156
3.8903228050003236,15.393023999999999,61.843
3.902491051000652,15.432191999999999,62.0
3.914590078999936,15.432191999999999,61.781
3.9267186120005135,15.47136,61.968
3.9385664960000213,15.47136,62.25
3.9522417280004447,15.510528,61.968
3.9643270599999596,15.510528,62.281
3.9764434000007896,15.510528,62.093
3.9885380440000517,15.47136,61.906
4.000574317999963,15.432191999999999,62.062
4.012586879000082,15.432191999999999,62.312
4.024589743999968,15.432191999999999,61.968
4.036601345000236,15.393023999999999,62.125
4.048673844000405,15.393023999999999,61.906
4.060749512000257,15.432191999999999,62.093
4.072781177000252,15.432191999999999,61.812
4.084781706000285,15.432191999999999,62.0
4.096744122000018,15.432191999999999,62.312
4.108751755999947,15.432191999999999,61.937
4.120753213000171,15.47136,62.187
4.132726669000476,15.510528,61.906
4.144728446000045,15.510528,62.093
4.15673588700065,15.549695999999999,62.375
4.168723680000767,15.47136,62.062
4.180730992999997,15.510528,62.312
4.192721186000199,15.510528,61.906
4.204746675000024,15.510528,62.125
4.216743876000692,15.549695999999999,61.812
4.228793879000477,15.47136,62.312
4.241173553999943,15.47136,61.843
4.253394857000785,15.47136,62.187
4.265404538999974,15.47136,61.906
4.277413164000791,15.393023999999999,62.062
4.289409917000739,15.353856,61.906
4.301411118000033,15.353856,61.875
4.315410871000495,15.236352,61.843
4.328531175000535,15.27552,62.187
4.341735706000691,15.27552,61.812
4.355213397000625,15.314688,61.75
4.368570220000038,15.353856,61.968
4.380644063000545,15.393023999999999,61.75
4.392811861000155,15.393023999999999,62.0
4.404996523000591,15.432191999999999,62.156
4.417169921000095,15.432191999999999,62.125
4.430386515999999,15.47136,61.875
4.442472903000635,15.47136,62.156
4.45450789700044,15.47136,61.906
4.466515562000495,15.47136,62.062
4.4785228440005085,15.432191999999999,62.281
4.490571982000802,15.393023999999999,62.0
4.502779013000691,15.393023999999999,62.125
4.51478104600028,15.353856,61.937
4.526778471000398,15.353856,62.093
4.5387672229999225,15.393023999999999,61.812
4.550791369000763,15.393023999999999,62.062
4.562846172000718,15.393023999999999,62.281
4.574851277000562,15.393023999999999,62.0
4.586891487000685,15.393023999999999,62.125
4.598873103000187,15.432191999999999,61.875
4.6109083850005845,15.47136,62.062
4.622908882000047,15.47136,62.375
4.634890627000459,15.510528,62.312
4.64689246800026,15.432191999999999,62.031
4.659064074000526,15.47136,62.187
4.671256352000455,15.510528,61.843
4.683323827000095,15.510528,62.031
4.695434951000607,15.510528,62.281
4.7075210180000795,15.510528,61.937
4.719573101000606,15.549695999999999,62.156
4.731647520000479,15.549695999999999,61.906
4.743663473000197,15.510528,62.187
4.755719300000237,15.47136,61.875
4.767705941000713,15.432191999999999,61.937
4.779726982000284,15.393023999999999,61.968
4.79314063900074,15.353856,62.156
4.8066599620005945,15.393023999999999,61.843
4.819831084000725,15.393023999999999,61.781
4.832771480000702,15.353856,61.906
4.844697799000642,15.353856,61.718
4.857014721000269,15.393023999999999,61.968
4.8692886329999965,15.432191999999999,62.156
4.881480144000307,15.432191999999999,61.906
4.895970119000594,15.432191999999999,61.875
4.9080788110004505,15.432191999999999,62.062
4.920154702000218,15.47136,61.937
4.932272706000731,15.432191999999999,62.062
4.944308500000261,15.432191999999999,62.281
4.957123292000688,15.393023999999999,61.875
4.969306578000214,15.393023999999999,62.156
4.981407462000789,15.353856,61.937
4.993465560000004,15.353856,61.875
5.005706640000426,15.353856,62.0
5.017798500000026,15.353856,62.343
5.030032219000532,15.393023999999999,62.0
5.042064236999977,15.393023999999999,62.218
5.054202530000111,15.393023999999999,61.937
5.066252788000384,15.432191999999999,62.062
5.078585999000097,15.432191999999999,61.875
5.090663714000584,15.47136,62.0
5.102722356000413,15.510528,62.281
5.115039918000548,15.47136,62.0
5.127092673000334,15.47136,62.281
5.139135795000584,15.510528,62.125
5.15123808700082,15.510528,61.812
5.163313433999974,15.510528,62.0
5.175344971999948,15.549695999999999,62.281
5.187359805000597,15.549695999999999,61.906
5.199360366000292,15.549695999999999,62.156
5.211364542999945,15.549695999999999,61.843
5.2233604960001685,15.47136,62.031
5.235349153000243,15.47136,61.875
5.247445044000415,15.432191999999999,61.906
5.260460898000019,15.353856,61.875
5.2740816000005,15.353856,62.125
5.287680990000808,15.393023999999999,61.812
5.30014466800003,15.393023999999999,62.031
5.3121376770004645,15.432191999999999,61.781
5.324309827000434,15.47136,61.968
5.336412726000162,15.510528,61.906
5.348644078000689,15.510528,62.093
5.360718881000139,15.510528,61.875
5.375278362000245,15.510528,62.093
5.387316364000071,15.549695999999999,61.875
5.399328701000741,15.549695999999999,62.406
5.411460113999965,15.510528,62.0
5.42352589300026,15.47136,62.187
5.435101194000708,15.393023999999999,62.093
5.446533195000484,15.393023999999999,62.125
5.458641150999938,15.314688,61.875
5.4707271860006585,15.314688,62.062
5.482789061000403,15.353856,62.312
5.4948136860002705,15.353856,62.0
5.506916906000697,15.353856,62.187
5.518925627000499,15.393023999999999,61.968
5.530946957000197,15.393023999999999,62.125
5.543015232000471,15.393023999999999,61.937
5.555075859000681,15.432191999999999,62.031
5.567339531000471,15.432191999999999,62.281
5.579514048999954,15.47136,61.968
5.591570035000586,15.47136,62.187
5.603641573999994,15.432191999999999,61.968
5.615745562000484,15.47136,62.156
5.627789228000438,15.510528,61.906
5.639819646000433,15.47136,62.25
5.651847056000406,15.510528,61.968
5.663878658000613,15.510528,62.156
5.675904179000099,15.510528,61.843
5.687925477000135,15.549695999999999,62.062
5.699955607000447,15.47136,61.812
5.711984969000696,15.432191999999999,62.093
5.723995066000498,15.393023999999999,62.187
5.736666589999913,15.314688,62.0
5.7500494620007885,15.314688,61.875
5.7633995640007925,15.353856,61.968
5.776807333000761,15.393023999999999,61.906
5.790279583000483,15.393023999999999,62.281
5.802464981000412,15.432191999999999,61.875
5.814648491000298,15.47136,62.125
5.826848130000144,15.47136,61.843
5.839091802000439,15.47136,62.125
5.852501938000387,15.510528,61.906
5.864555173000554,15.510528,62.375
5.876565270000356,15.510528,62.093
5.888580200000433,15.510528,62.218
5.900609657000132,15.47136,61.875
5.912698125000134,15.432191999999999,62.156
5.924677469000017,15.432191999999999,61.906
5.936717903000499,15.393023999999999,62.093
5.949010887999975,15.393023999999999,62.375
5.96103717799997,15.393023999999999,62.062
5.973093293000602,15.432191999999999,62.25
5.985482312000386,15.432191999999999,61.937
5.997605341000053,15.432191999999999,62.187
6.00962676600011,15.432191999999999,61.875
6.021621183000207,15.47136,62.031
6.03403561200048,15.432191999999999,62.281
6.045743589000267,15.432191999999999,62.25
6.057812311000816,15.432191999999999,61.968
6.0699253230004615,15.432191999999999,62.187
6.082997499000157,15.432191999999999,61.968
6.0953635420000865,15.47136,62.062
6.107692240000688,15.47136,62.343
6.120018154000718,15.47136,61.875
6.13238266100052,15.510528,61.937
6.144665278000502,15.510528,62.031
6.156946679000612,15.549695999999999,61.906
6.169260913000471,15.510528,62.0
6.1815173850000065,15.432191999999999,62.281
6.193797378000454,15.393023999999999,61.968
6.206174429000384,15.393023999999999,61.937
6.220484143000249,15.353856,62.062
6.2349515890000475,15.393023999999999,61.937
6.249369498000306,15.393023999999999,61.968
6.263998933000039,15.432191999999999,62.25
6.2767653390001215,15.510528,61.937
6.289566435000779,15.510528,61.875
6.302477453000392,15.549695999999999,62.062
6.315274483999929,15.549695999999999,62.093
6.330673765000029,15.588864,62.375
6.343162308000501,15.588864,62.031
6.355639586000507,15.588864,62.343
6.368074399000761,15.549695999999999,61.875
6.380450939000184,15.510528,62.093
6.392801077000513,15.510528,62.093
6.405178609000359,15.47136,62.312
6.4175287480002225,15.47136,62.031
6.429893031000574,15.47136,62.218
6.442233953000141,15.47136,62.0
6.454634814000201,15.47136,62.125
6.46695669500059,15.510528,61.937
6.479315026000222,15.510528,62.468
6.491649549000613,15.510528,62.062
6.504026856000564,15.549695999999999,62.281
6.516392516000451,15.549695999999999,61.968
6.5287300780000805,15.588864,62.125
6.541069432000768,15.549695999999999,61.968
6.553568727000311,15.549695999999999,62.156
6.56591877000028,15.549695999999999,62.312
6.578227340000012,15.588864,62.25
6.590580391000003,15.588864,61.875
6.603094054000394,15.588864,62.187
6.615377951000482,15.588864,61.843
6.627621655000439,15.628032,61.968
6.6404070700000375,15.510528,62.281
6.6528553870002725,15.432191999999999,62.187
6.665159253000638,15.393023999999999,61.906
6.677413549000448,15.393023999999999,62.093
6.691414038000403,15.314688,62.062
6.705387038000481,15.314688,61.781
6.719858229000238,15.353856,62.187
6.733894527000302,15.393023999999999,62.125
6.7478950479999185,15.432191999999999,61.906
6.760626924999997,15.47136,62.125
6.773247664000337,15.47136,61.843
6.785949523999989,15.510528,62.062
6.798974562000694,15.510528,61.968
6.811821611000596,15.549695999999999,62.312
6.8242938970006435,15.549695999999999,62.0
6.836680933000025,15.510528,62.187
6.849049600000399,15.510528,61.906
6.861400635000791,15.47136,62.093
6.873740629000167,15.47136,62.062
6.886083184000199,15.432191999999999,62.25
6.898518541000158,15.432191999999999,61.968
6.910866248000275,15.432191999999999,62.187
6.923163617000682,15.432191999999999,61.906
6.935537148000549,15.432191999999999,62.156
6.947852150000472,15.47136,62.406
6.960233714000424,15.47136,62.343
6.972609837000164,15.47136,62.0
6.984929575000024,15.510528,62.187
6.997249089000434,15.549695999999999,61.906
7.009768896999958,15.588864,62.156
7.022123547000774,15.510528,61.937
7.034567929000332,15.549695999999999,62.031
7.0468883070007,15.549695999999999,61.875
7.059229165000033,15.549695999999999,62.187
7.071543847000612,15.588864,61.875
7.083866465000028,15.588864,62.125
7.096228635999978,15.628032,61.843
7.108553622000727,15.628032,61.937
7.120939218000785,15.549695999999999,62.343
7.133246187000623,15.510528,61.937
7.145525348000774,15.47136,61.812
7.157855934000509,15.432191999999999,62.093
7.1723612700006925,15.432191999999999,61.937
7.186430657000528,15.47136,62.218
7.200807348000126,15.510528,62.156
7.215112421999947,15.510528,61.968
7.227964687000167,15.588864,61.843
7.24114112100051,15.510528,61.968
7.253902183000719,15.510528,61.781
7.267416674000742,15.510528,62.343
7.279586680000648,15.549695999999999,62.0
7.2919532989999425,15.549695999999999,62.25
7.304097416000332,15.549695999999999,61.968
7.31611967400022,15.510528,62.093
7.328159244000744,15.47136,61.812
7.340244959000302,15.47136,61.906
7.352263825000591,15.47136,62.312
7.364332419000675,15.432191999999999,61.875
7.3763668050005435,15.432191999999999,62.187
7.388363558000492,15.432191999999999,61.937
7.400398040000255,15.432191999999999,62.0
7.412474731000657,15.432191999999999,61.875
7.424465435999991,15.47136,62.031
7.436464237000109,15.47136,62.312
7.448589633000665,15.47136,61.906
7.460610323000765,15.510528,62.125
7.472602467000797,15.510528,62.062
7.4846343250001155,15.549695999999999,61.875
7.496666247000576,15.510528,62.062
7.508704985000804,15.549695999999999,62.25
7.52066493700022,15.549695999999999,61.906
7.532626777000587,15.549695999999999,62.187
7.544627530000071,15.549695999999999,61.843
7.556670076000046,15.588864,62.0
7.568619339000179,15.588864,62.343
7.580606460000126,15.588864,61.968
7.592629581000438,15.588864,62.25
7.6046615350005595,15.510528,61.937
7.616621455000313,15.47136,62.093
7.628621664000093,15.47136,61.75
7.641671502000463,15.393023999999999,61.812
7.654939683000521,15.432191999999999,61.875
7.668195095000556,15.432191999999999,62.093
7.681607759000144,15.47136,62.062
7.694354677000774,15.47136,61.812
7.706621454000015,15.510528,62.0
7.718700609000734,15.549695999999999,61.781
7.730913752000561,15.549695999999999,62.0
7.7450026910000815,15.549695999999999,61.937
7.757194298000286,15.549695999999999,62.25
7.769248972000241,15.549695999999999,62.0
7.781225500000801,15.549695999999999,62.187
7.793267534000734,15.510528,61.843
7.8052527990003,15.47136,62.0
7.817247952000798,15.47136,62.343
7.829294242000287,15.432191999999999,61.875
7.840861575000417,15.353856,62.062
7.852969595000104,15.353856,61.875
7.8649745400007305,15.353856,62.031
7.876952124000127,15.353856,61.875
7.888914572000431,15.393023999999999,61.937
7.900883036000778,15.393023999999999,62.25
7.912917070000731,15.393023999999999,61.906
7.924892190000719,15.432191999999999,62.125
7.93690638299995,15.432191999999999,61.875
7.948870207000255,15.47136,62.093
7.960868336000203,15.47136,62.406
7.972950339000818,15.432191999999999,62.093
7.984953748000407,15.47136,62.25
7.996881059000771,15.510528,62.093
8.008980087000054,15.510528,61.843
8.020992264000597,15.510528,62.0
8.033447398000135,15.549695999999999,62.375
8.045490840000639,15.549695999999999,61.968
8.057529258000613,15.588864,62.343
8.069549339000332,15.549695999999999,61.968
8.081511755000065,15.47136,62.093
8.093490075000773,15.432191999999999,61.781
8.105490412000108,15.432191999999999,61.906
8.119543415000408,15.353856,61.875
8.132887405000474,15.393023999999999,62.187
8.146455658000377,15.393023999999999,62.031
8.16007837699999,15.432191999999999,61.75
8.172293280000304,15.432191999999999,62.031
8.184405140000308,15.47136,61.843
8.196502087000226,15.510528,61.875
8.208695774000262,15.510528,62.281
8.22077352100041,15.510528,61.906
8.232917062000524,15.549695999999999,62.125
8.24495055100033,15.549695999999999,61.906
8.256946728000003,15.510528,61.875
8.26922281700081,15.510528,61.968
8.28128846800064,15.47136,62.25
8.293339270000615,15.47136,61.906
8.305357847000778,15.393023999999999,62.187
8.317337352000322,15.393023999999999,61.875
8.329292375000477,15.432191999999999,62.125
8.341260615000465,15.432191999999999,61.812
8.35336425100013,15.432191999999999,62.0
8.365364140000565,15.432191999999999,62.25
8.37735439700009,15.432191999999999,61.968
8.38938478199998,15.47136,62.25
8.401389023000775,15.510528,61.875
8.413397648000682,15.510528,62.156
8.425393153000186,15.549695999999999,62.375
8.437590584000645,15.47136,62.031
8.448927606000325,15.432191999999999,62.281
8.460932135000803,15.47136,61.875
8.472938392000287,15.47136,62.125
8.484931177000362,15.47136,61.843
8.496944506000546,15.510528,61.968
8.508935019000091,15.510528,62.281
8.520921307000208,15.510528,62.125
8.53292273200077,15.549695999999999,62.156
8.544919709000169,15.510528,62.187
8.5569320780005,15.432191999999999,61.875
8.568913054000404,15.393023999999999,62.031
8.580912367000565,15.393023999999999,62.25
8.595011995000277,15.353856,61.937
8.607644734000132,15.353856,61.875
8.620937811000658,15.393023999999999,62.031
8.634144485999968,15.393023999999999,61.75
8.646357341000112,15.432191999999999,62.0
8.658594612000343,15.47136,62.312
8.670701096000812,15.510528,62.281
8.682867389999956,15.510528,61.906
8.695324027000424,15.510528,62.125
8.707624597000176,15.510528,61.812
8.719643718000043,15.510528,62.093
8.73163176700018,15.510528,62.375
8.743597190999935,15.47136,62.031
8.755594679000751,15.47136,62.281
8.767587048000678,15.47136,61.937
8.779602233000332,15.393023999999999,62.125
8.791570121000404,15.393023999999999,61.937
8.803697342000305,15.432191999999999,62.0
8.81570039899998,15.432191999999999,62.343
8.827704416000415,15.432191999999999,62.031
8.839732050000748,15.432191999999999,62.25
8.851753315000678,15.432191999999999,61.906
8.863814262000233,15.47136,62.187
8.875870728000336,15.47136,62.156
8.887925466000524,15.510528,62.437
8.899927979000495,15.510528,62.062
8.911949821000235,15.510528,62.375
8.923967118000292,15.510528,62.062
8.935979456000496,15.510528,62.125
8.948005584999919,15.549695999999999,61.906
8.960159462000775,15.549695999999999,62.031
8.972210777000328,15.588864,62.375
8.98428289200001,15.549695999999999,62.031
8.996325982000599,15.588864,62.156
9.008357263000107,15.588864,61.875
9.020390721000695,15.510528,62.187
9.03238693000003,15.47136,61.75
9.044653674000074,15.353856,62.218
9.057223883000006,15.393023999999999,61.875
9.070981325000503,15.314688,62.125
9.083105090000572,15.353856,61.812
9.09518235700034,15.393023999999999,62.0
9.108822644000611,15.393023999999999,61.875
9.121195919000456,15.432191999999999,62.281
9.133288001999972,15.47136,61.875
9.145394422000209,15.47136,62.312
9.157587501000307,15.510528,61.875
9.169707521000419,15.510528,62.125
9.18195660100082,15.510528,61.875
9.193987498000752,15.510528,62.0
9.206031933000304,15.510528,62.375
9.218037902000106,15.47136,61.937
9.230049695000162,15.432191999999999,62.25
9.242023567000615,15.432191999999999,62.0
9.254164068000136,15.393023999999999,62.156
9.266170005000276,15.393023999999999,62.031
9.2782115910004,15.393023999999999,62.437
9.290229944000203,15.393023999999999,62.062
9.302247274000365,15.393023999999999,62.218
9.314267643000676,15.432191999999999,61.968
9.326275340000393,15.393023999999999,62.156
9.338261501000488,15.432191999999999,61.937
9.35026977400048,15.47136,62.093
9.362331680000352,15.510528,62.406
9.3743768180002,15.510528,62.062
9.38637654700051,15.510528,62.312
9.398387668000396,15.47136,61.937
9.410447655000098,15.510528,62.093
9.422625148999941,15.549695999999999,61.812
9.43467806300032,15.549695999999999,62.031
9.446701632999975,15.549695999999999,62.187
9.458719058000497,15.549695999999999,61.968
9.470706819000043,15.549695999999999,62.187
9.482723284000713,15.588864,62.125
9.49469424400013,15.549695999999999,61.875
9.506703317000756,15.47136,62.031
9.518717030000516,15.432191999999999,62.281
9.530732472000636,15.393023999999999,61.937
9.544107951000115,15.393023999999999,62.125
9.55763543500052,15.393023999999999,62.031
9.571270826000728,15.432191999999999,61.812
9.584445211999991,15.432191999999999,61.968
9.596574160000273,15.47136,62.312
9.608753862000412,15.510528,62.218
9.620869754000523,15.510528,61.875
9.632938605000163,15.549695999999999,62.125
9.647257343000092,15.432191999999999,61.843
9.659370963000583,15.47136,62.031
9.67137843599994,15.47136,62.312
9.683387733000018,15.47136,61.968
9.69536982900081,15.432191999999999,62.156
9.70738843900017,15.393023999999999,62.125
9.71943293700042,15.393023999999999,61.906
9.731473723000818,15.353856,62.062
9.743467180000152,15.353856,62.343
9.755496829000549,15.353856,61.968
9.767567824000253,15.393023999999999,62.218
9.77956249700037,15.393023999999999,61.937
9.791572146000362,15.393023999999999,62.218
9.803710887000307,15.393023999999999,61.937
9.815722648000701,15.393023999999999,62.062
9.827777034000064,15.432191999999999,62.343
9.839802043999953,15.47136,61.937
9.851891823000187,15.47136,62.281
9.863898336000602,15.47136,61.968
9.875918450000427,15.47136,62.156
9.887944867000442,15.47136,61.875
9.899955061000583,15.510528,61.968
9.911962694000067,15.510528,62.281
9.923975607000102,15.510528,62.218
9.93601453700012,15.510528,62.156
9.948041018000367,15.549695999999999,62.093
9.960053675999916,15.549695999999999,61.906
9.97218931200041,15.47136,61.937
9.984262035000029,15.432191999999999,62.375
9.99635987900001,15.432191999999999,61.812
10.00842597800056,15.393023999999999,62.156
10.021696942000744,15.353856,62.031
10.035181417000786,15.393023999999999,61.812
10.048749541000689,15.393023999999999,61.906
10.06220233500062,15.432191999999999,61.875
10.074682813000436,15.47136,62.218
10.087133467000058,15.510528,61.875
10.09943416400074,15.510528,62.062
10.111592329000814,15.510528,61.906
10.12515219800025,15.510528,62.093
10.137234649000675,15.549695999999999,62.093
10.149298572000589,15.510528,62.281
10.161306845000581,15.510528,61.968
10.173327246000554,15.47136,62.156
10.18532508700082,15.47136,61.968
10.197313328000746,15.432191999999999,62.093
10.209306208000271,15.393023999999999,62.375
10.221293073000197,15.393023999999999,61.968
10.233308802000465,15.393023999999999,62.187
10.244875590999982,15.314688,61.937
10.257037596000373,15.353856,62.156
10.269095983000625,15.353856,61.875
10.28111849600009,15.353856,62.093
10.293135728999914,15.393023999999999,62.375
10.30518438800027,15.393023999999999,62.0
10.317222550000224,15.432191999999999,62.218
10.329241927000112,15.47136,61.937
10.341289401000722,15.432191999999999,62.125
10.353307786000187,15.432191999999999,61.843
10.365310779000538,15.47136,62.062
10.377303180000126,15.47136,62.312
10.38924834699992,15.47136,62.156
10.401261997000802,15.510528,61.906
10.413276062000477,15.510528,62.062
10.425251630000275,15.510528,61.781
10.43728777600063,15.510528,61.937
10.449268368000048,15.432191999999999,62.187
10.461304385999938,15.432191999999999,61.875
10.473290482000266,15.393023999999999,62.125
10.485785649000718,15.353856,61.843
10.49922048999997,15.314688,61.75
10.51258755300023,15.353856,61.968
10.526156062000155,15.393023999999999,61.875
10.539537686000585,15.393023999999999,62.218
10.551689323000573,15.432191999999999,61.812
10.563874817000396,15.47136,62.093
10.576037143000576,15.47136,61.781
10.588351888000034,15.510528,62.031
10.60255561500071,15.510528,62.031
10.614639602000352,15.510528,62.312
10.626669220000622,15.510528,62.0
10.63867349300017,15.510528,62.093
10.650688966000416,15.47136,61.875
10.662687095000365,15.47136,62.0
10.674896846000593,15.432191999999999,62.375
10.687043459000051,15.393023999999999,61.968
10.699118869000813,15.393023999999999,62.281
10.71114131900049,15.432191999999999,61.937
10.723149272000228,15.432191999999999,62.156
10.73517415400056,15.432191999999999,61.812
10.74721404400043,15.432191999999999,62.062
10.759243181000784,15.432191999999999,62.375
10.771283487000801,15.47136,62.062
10.783330961000502,15.510528,62.218
10.795365635000053,15.510528,62.156
10.807387605000258,15.549695999999999,61.906
10.819374437000079,15.47136,62.125
10.831366870000238,15.510528,62.281
10.842820087000291,15.432191999999999,61.875
10.854844393000349,15.432191999999999,62.156
10.866900891000114,15.432191999999999,61.781
10.878935981000723,15.47136,62.062
10.891073090000646,15.47136,61.812
10.903238550999959,15.510528,61.968
10.915282569000738,15.510528,62.343
10.927392573000361,15.393023999999999,61.906
10.939388845999929,15.393023999999999,62.218
10.951394622999942,15.353856,61.968
10.965573516999939,15.27552,61.75
10.979046727000423,15.27552,62.156
10.992727559000741,15.314688,61.937
11.006068669000342,15.314688,62.156
11.01861980600006,15.353856,61.812
11.030865814000208,15.432191999999999,62.093
11.043016075000196,15.432191999999999,61.781
11.055225441000402,15.47136,61.968
11.067452856000273,15.47136,62.0
11.08040426000025,15.47136,62.25
11.092526584000552,15.510528,61.906
11.104358884000249,15.510528,62.187
11.116447960000187,15.47136,61.875
11.12852925900006,15.432191999999999,62.031
11.14056479700048,15.432191999999999,62.312
11.152680433000569,15.393023999999999,62.062
11.164701762000732,15.393023999999999,62.343
11.176787445000627,15.393023999999999,61.937
11.18880704700041,15.393023999999999,62.156
11.200835768000616,15.393023999999999,61.875
11.212872778000019,15.432191999999999,62.375
11.224871387000348,15.432191999999999,62.062
11.236917357000493,15.432191999999999,62.312
11.248940190000212,15.47136,62.0
11.260925775000032,15.47136,62.187
11.27292137600034,15.510528,61.906
11.284930449000058,15.510528,62.125
11.296902817000046,15.47136,62.375
11.308926418000738,15.510528,62.031
11.32092873900001,15.510528,62.25
11.332913875000486,15.510528,61.937
11.344911556000625,15.549695999999999,62.062
11.35696613500022,15.549695999999999,61.843
11.36900132000028,15.549695999999999,62.031
11.380975384000521,15.588864,62.375
11.392967689000216,15.549695999999999,62.062
11.405039132000638,15.47136,62.218
11.41714155200043,15.432191999999999,61.906
11.429172161000679,15.432191999999999,61.875
11.442842785000721,15.353856,62.0
11.455308799000704,15.314688,62.25
11.468721047000145,15.353856,62.125
11.482179729000563,15.353856,61.875
11.494365735000429,15.393023999999999,62.093
11.506656832000772,15.432191999999999,61.781
11.518807605000802,15.47136,61.968
11.530938314000196,15.47136,62.343
11.543126720000146,15.47136,61.906
11.554917963000662,15.47136,62.187
11.566972061000342,15.510528,61.937
11.579102833999968,15.47136,62.218
11.591155523999987,15.47136,61.968
11.603344154000297,15.432191999999999,62.375
11.615357867000057,15.432191999999999,61.968
11.62734236400047,15.393023999999999,62.25
11.639321356000437,15.353856,61.906
11.651326236999921,15.353856,62.281
11.663343918000464,15.393023999999999,61.906
11.675359391000711,15.393023999999999,62.125
11.687360464000449,15.393023999999999,62.375
11.699340768000184,15.432191999999999,62.0
11.711374770000475,15.432191999999999,62.281
11.723375395000403,15.432191999999999,62.0
11.73534910700073,15.47136,62.125
11.747574218000409,15.510528,61.968
11.759723455000312,15.510528,62.125
11.77178814600029,15.47136,62.375
11.783917382000254,15.510528,61.968
11.796078876000138,15.510528,62.156
11.808180111000183,15.510528,62.093
11.820306372000232,15.549695999999999,61.843
11.832411639999918,15.549695999999999,62.093
11.844500075000724,15.549695999999999,62.218
11.85664480000014,15.588864,62.031
11.868688530000327,15.549695999999999,62.312
11.880756068000665,15.47136,61.875
11.892789398000787,15.432191999999999,62.062
11.904966860000059,15.393023999999999,61.812
11.917425098000422,15.393023999999999,62.312
11.931024455000625,15.432191999999999,61.937
11.94447411300007,15.432191999999999,62.062
11.957585841000764,15.432191999999999,62.031
11.96996532400044,15.47136,61.875
11.982207076000122,15.510528,62.031
11.994359193000491,15.510528,62.25
12.006449452000197,15.510528,62.0
12.018675299000279,15.510528,62.187
12.03070539700002,15.549695999999999,61.875
12.042791079999915,15.510528,62.093
12.054423694999969,15.47136,61.937
12.066489345000264,15.432191999999999,62.062
12.078500467000595,15.432191999999999,62.25
12.090536644000167,15.393023999999999,61.937
12.102655063999919,15.393023999999999,62.281
12.114745612000661,15.353856,61.937
12.1272872440004,15.353856,61.875
12.139561540000614,15.393023999999999,62.156
12.15169071300079,15.393023999999999,62.375
12.163831501000459,15.393023999999999,61.968
12.175898656000754,15.393023999999999,62.312
12.187967955000204,15.393023999999999,61.906
12.200014437000391,15.432191999999999,62.187
12.21214962600061,15.47136,61.875
12.22417204300018,15.510528,62.062
12.236163196000234,15.510528,62.312
12.248156364000351,15.47136,62.031
12.260185086000092,15.47136,62.218
12.27220423900053,15.510528,61.875
12.284215808000226,15.510528,62.156
12.29624664200037,15.510528,61.781
12.30826976300068,15.510528,62.0
12.32028610100042,15.549695999999999,62.218
12.33230986200033,15.549695999999999,62.187
12.344330487000661,15.510528,62.0
12.356411114000366,15.47136,62.156
12.368409659000463,15.432191999999999,61.781
12.380463630000122,15.393023999999999,62.031
12.393281141000443,15.393023999999999,62.25
12.406600171000719,15.393023999999999,62.187
12.419967554000323,15.432191999999999,61.812
12.433526367000013,15.432191999999999,62.062
12.445833976000358,15.47136,61.843
12.45797105300062,15.510528,62.062
12.470039327999984,15.510528,62.218
12.482145331000538,15.549695999999999,62.218
12.496488230000068,15.549695999999999,61.937
12.50853528800053,15.549695999999999,62.156
12.52057108200006,15.549695999999999,61.906
12.53260457200031,15.510528,62.093
12.544606987999941,15.510528,62.375
12.556607965000694,15.47136,61.968
12.568617806000475,15.47136,62.156
12.580627167000785,15.432191999999999,62.062
12.592616688000817,15.432191999999999,61.906
12.604644289000134,15.432191999999999,62.093
12.616630738000822,15.432191999999999,62.375
12.628703493000103,15.432191999999999,62.125
12.640664084000491,15.432191999999999,62.187
12.652668133000589,15.353856,61.875
12.664692855000794,15.393023999999999,62.218
12.676667399000507,15.393023999999999,61.906
12.688673464000203,15.432191999999999,62.062
12.700667112000701,15.47136,62.343
12.712784509000812,15.47136,62.093
12.724769997000294,15.432191999999999,62.25
12.736788286000774,15.47136,61.968
12.748799567000788,15.47136,62.062
12.760933124000076,15.47136,61.843
12.77290955600074,15.510528,62.0
12.78488765200018,15.510528,62.281
12.796875957000339,15.549695999999999,61.906
12.808937286999935,15.549695999999999,62.187
12.820916534999924,15.510528,61.968
12.832874311000523,15.432191999999999,62.031
12.844869592000578,15.393023999999999,61.968
12.856863592000082,15.393023999999999,62.25
12.87045610200039,15.353856,61.875
12.883893503000763,15.393023999999999,61.843
12.897071217000303,15.393023999999999,62.0
12.910526570000002,15.432191999999999,61.781
12.922681024000667,15.47136,61.937
12.934879254000407,15.47136,62.187
12.946957353000471,15.510528,61.937
12.959014235000723,15.510528,61.875
12.971098382000491,15.510528,62.093
12.983142560000488,15.510528,61.875
12.995294357000603,15.510528,62.031
13.007353192000664,15.510528,62.406
13.01936428099998,15.47136,62.0
13.031372074000501,15.47136,62.25
13.043357242000639,15.47136,61.906
13.05534378700031,15.393023999999999,62.125
13.067326875000617,15.393023999999999,61.875
13.079320780000671,15.432191999999999,62.0
13.09134201300003,15.432191999999999,62.281
13.103426704000412,15.432191999999999,62.031
13.1154489620003,15.432191999999999,62.312
13.127456466000694,15.432191999999999,61.875
13.13953254900025,15.47136,62.093
13.152055557000494,15.510528,62.093
13.164197434000016,15.510528,62.312
13.176433585000268,15.549695999999999,62.031
13.188530596000419,15.510528,62.281
13.200642488000085,15.510528,61.906
13.21302366800046,15.510528,62.093
13.225024773000769,15.549695999999999,61.875
13.237044662000699,15.549695999999999,61.968
13.248368084000504,15.47136,62.25
13.26010255700021,15.47136,61.906
13.27216664000025,15.47136,62.093
13.284254115000294,15.510528,61.875
13.296316597000441,15.47136,62.156
13.30845223400047,15.432191999999999,61.875
13.320462651000526,15.353856,61.875
13.332503469000585,15.353856,61.968
13.346211949999997,15.314688,62.093
13.359455681000327,15.353856,62.062
13.37321590800002,15.353856,61.75
13.386488472000565,15.393023999999999,61.875
13.398699823000243,15.432191999999999,62.281
13.410868324000148,15.47136,61.843
13.422939255000529,15.47136,62.187
13.435092747999988,15.47136,61.937
13.44722297700082,15.510528,62.093
13.45930488400063,15.510528,61.875
13.471329413000603,15.510528,62.375
13.483350486000745,15.510528,62.031
13.495383528000275,15.47136,62.218
13.50736658400001,15.432191999999999,61.937
13.519370793000235,15.432191999999999,62.062
13.531562719000249,15.393023999999999,61.875
13.543689428000107,15.393023999999999,62.093
13.555749894000655,15.393023999999999,62.375
13.567829753000296,15.393023999999999,62.0
13.579870379000567,15.432191999999999,62.156
13.591914621000797,15.432191999999999,61.906
13.60403009700076,15.432191999999999,62.062
13.616037730000244,15.432191999999999,61.906
13.628029491000234,15.47136,62.093
13.640054980000059,15.47136,62.281
13.652143383000293,15.510528,61.937
13.664171592999992,15.47136,62.25
13.676238236000245,15.47136,62.156
13.68828353400022,15.510528,61.843
13.700444003000484,15.510528,62.062
13.712454836000688,15.510528,62.281
13.724462725000194,15.549695999999999,61.968
13.736504599,15.549695999999999,62.093
13.748527176000607,15.549695999999999,61.843
13.760557434000475,15.549695999999999,62.062
13.772550763000254,15.47136,61.781
13.784555836000436,15.432191999999999,61.906
13.796587277000071,15.432191999999999,62.187
13.810640663999948,15.314688,62.125
13.823871275000783,15.353856,61.812
13.83704457300064,15.353856,62.031
13.849618909000128,15.314688,61.875
13.86333151800045,15.314688,62.187
13.87569004100078,15.353856,61.906
13.888104917999954,15.393023999999999,62.125
13.90035466900008,15.393023999999999,61.875
13.912494786000025,15.432191999999999,61.875
13.92569954100054,15.432191999999999,62.093
13.937695813000573,15.432191999999999,62.281
13.949814329000219,15.432191999999999,62.031
13.961969326000144,15.432191999999999,62.25
13.97403123300046,15.393023999999999,61.968
13.986159125000086,15.393023999999999,62.218
13.998256649000723,15.393023999999999,61.812
14.010281337999913,15.314688,61.906
14.022278923000158,15.353856,62.375
14.034294779999982,15.353856,61.968
14.046378990999983,15.353856,62.156
14.058464738000112,15.393023999999999,61.937
14.070492340000783,15.393023999999999,62.187
14.082473252000455,15.393023999999999,62.125
14.09462114500002,15.432191999999999,62.375
14.106732621000447,15.432191999999999,61.968
14.118772030999935,15.47136,62.25
14.130803888000628,15.47136,61.937
14.14281558500079,15.432191999999999,62.187
14.154908757000157,15.47136,61.875
14.167078186000253,15.47136,62.0
14.17938506000064,15.510528,62.375
14.191496727999947,15.510528,61.906
14.203601578999951,15.510528,62.187
14.215617980000388,15.510528,61.875
14.227607213000738,15.549695999999999,62.062
14.239611870000772,15.549695999999999,61.812
14.251616655000362,15.432191999999999,62.312
14.263945129000604,15.432191999999999,61.875
14.276008219000687,15.432191999999999,62.062
14.289738332000525,15.353856,61.906
14.303011313000752,15.353856,61.781
14.315140517000145,15.393023999999999,61.937
14.328690850000385,15.432191999999999,62.187
14.341064317000018,15.432191999999999,61.937
14.35325755500071,15.47136,62.062
14.365380263000588,15.510528,61.875
14.377463834000082,15.510528,62.062
14.390428229999998,15.510528,62.031
14.402747871999964,15.510528,62.343
14.41472318400065,15.549695999999999,62.031
14.426711296000576,15.549695999999999,62.25
14.43868356800067,15.510528,61.937
14.450091856000654,15.393023999999999,62.093
14.461820313000317,15.393023999999999,61.843
14.473907341000086,15.393023999999999,62.093
14.48596313500002,15.314688,62.281
14.49801220900008,15.353856,61.968
14.510028546000285,15.353856,62.187
14.52202910699998,15.353856,62.0
14.534049348000735,15.353856,62.125
14.546135288000187,15.393023999999999,61.875
14.558135272000072,15.393023999999999,62.125
14.570141241000783,15.393023999999999,62.312
14.582165835000524,15.432191999999999,61.937
14.594158235000577,15.47136,62.25
14.606187149000107,15.47136,61.875
14.618167485000413,15.432191999999999,62.187
14.630160077000255,15.432191999999999,62.062
14.642151198000647,15.47136,62.343
14.654247505000058,15.47136,61.906
14.666233634000491,15.47136,62.125
14.678223378000439,15.510528,61.875
14.690224931000557,15.510528,62.031
14.702313686000707,15.549695999999999,61.812
14.71428432600078,15.549695999999999,62.031
14.726254358000006,15.432191999999999,62.187
14.738243174000672,15.393023999999999,61.968
14.750223351000386,15.393023999999999,61.968
14.76414249300069,15.314688,62.062
14.777543029000299,15.314688,61.718
14.791017295000529,15.353856,62.218
14.8046249730005,15.353856,61.843
14.81770694000079,15.393023999999999,62.093
14.82982980900033,15.432191999999999,61.812
14.841985958000805,15.47136,62.031
14.854290751000008,15.47136,61.843
14.866456532000484,15.47136,62.375
14.880066226000054,15.510528,62.0
14.892100196000683,15.510528,62.218
14.904190039000241,15.510528,61.937
14.916229097000723,15.47136,62.156
14.928255643000739,15.432191999999999,61.843
14.940319405000082,15.432191999999999,62.062
14.952360255000713,15.393023999999999,62.312
14.96436840000024,15.353856,61.968
14.976371649000612,15.393023999999999,62.187
14.988421299000038,15.393023999999999,61.906
15.000440708000497,15.393023999999999,62.125
15.012452309000764,15.393023999999999,62.125
15.024478246999934,15.393023999999999,62.375
15.036504407999928,15.432191999999999,62.0
15.048634093000146,15.393023999999999,62.187
15.060427927000092,15.432191999999999,61.875
15.071824823000497,15.432191999999999,62.062
15.083867337000811,15.432191999999999,61.906
15.095906939000088,15.393023999999999,62.156
15.10820302800039,15.432191999999999,62.343
15.120342217000143,15.432191999999999,61.937
15.132410299000185,15.47136,62.125
15.144487662000756,15.47136,61.843
15.156667748000473,15.47136,62.125
15.168747703000008,15.47136,61.75
15.180795113000386,15.510528,61.937
15.193270599000243,15.510528,62.343
15.20564825800011,15.432191999999999,62.093
15.217958876000012,15.393023999999999,61.875
15.230096111999956,15.393023999999999,62.031
15.242653393000182,15.353856,61.875
15.256073673000174,15.353856,62.281
15.269079670000792,15.393023999999999,61.875
15.282578160999947,15.393023999999999,62.156
15.29538991300069,15.432191999999999,61.875
15.30763675200069,15.47136,62.062
15.319903976000205,15.47136,61.968
15.332083453999985,15.510528,62.312
15.344804835000105,15.510528,62.0
15.35701705000065,15.510528,62.156
15.369096173000798,15.510528,61.968
15.381153215000268,15.510528,62.156
15.393222450000394,15.47136,61.875
15.405309701000078,15.432191999999999,62.093
15.417303350000111,15.432191999999999,62.343
15.429281990000163,15.393023999999999,62.0
15.441283126000599,15.393023999999999,62.218
15.453469516000041,15.432191999999999,61.937
15.465487934000521,15.432191999999999,62.062
15.47745745300017,15.432191999999999,62.125
15.489427325000179,15.432191999999999,62.406
15.501413902000422,15.432191999999999,62.0
15.51343945500048,15.432191999999999,62.343
15.52547867300018,15.47136,61.968
15.53747616200053,15.510528,62.093
15.5494944510001,15.510528,61.906
15.56151114000022,15.510528,62.125
15.57347234000008,15.47136,62.375
15.585474628000156,15.510528,62.0
15.597457493000547,15.549695999999999,62.125
15.609452453000813,15.549695999999999,61.906
15.621416021000186,15.549695999999999,62.062
15.633403333000388,15.549695999999999,61.843
15.645443223000257,15.549695999999999,61.906
15.657296708000104,15.510528,62.187
15.669395543000064,15.510528,62.0
15.681767378000586,15.393023999999999,62.093
15.693812068000625,15.353856,61.875
15.705919448000714,15.353856,61.718
15.718675582000287,15.314688,61.968
15.731264447000285,15.314688,62.281
15.744928319000792,15.353856,62.062
15.75833663100002,15.353856,61.781
15.770103393000682,15.393023999999999,62.062
15.782226293000349,15.47136,61.875
15.794397931000276,15.47136,62.0
15.80660669000008,15.510528,62.312
15.818781814999966,15.47136,62.0
15.831827429000441,15.510528,62.218
15.843858711000394,15.510528,61.875
15.855930058000013,15.510528,62.062
15.86795423500007,15.510528,62.031
15.879995821000193,15.47136,62.312
15.892015037999954,15.432191999999999,61.968
15.904215188000308,15.432191999999999,62.187
15.916259558000093,15.393023999999999,61.968
15.928271959000085,15.393023999999999,62.125
15.94031037700006,15.432191999999999,61.843
15.952387228000589,15.432191999999999,62.031
15.964429166000627,15.432191999999999,62.375
15.9764225910003,15.432191999999999,62.0
15.988424911000038,15.432191999999999,62.187
16.000462497000626,15.47136,61.937
16.012489426000684,15.510528,62.062
16.024488003000442,15.510528,61.906
16.036485972000264,15.510528,62.062
16.04849040499994,15.47136,62.375
16.06051029400078,15.510528,62.0
16.072477798000364,15.510528,62.125
16.08446383000046,15.510528,62.156
16.096603691000382,15.549695999999999,61.875
16.108634780000102,15.549695999999999,61.937
16.120669966000605,15.549695999999999,62.25
16.132626173000062,15.588864,61.937
16.144735057000617,15.549695999999999,62.25
16.156737538000016,15.47136,61.937
16.168718130000343,15.432191999999999,62.031
16.18079766900064,15.432191999999999,61.812
16.19447574900005,15.393023999999999,62.156
16.207988032000685,15.393023999999999,61.875
16.220957612000348,15.432191999999999,62.031
16.23432749099993,15.47136,61.968
16.246583739000016,15.47136,61.718
16.258281827000246,15.47136,61.968
16.270550234999973,15.47136,62.25
16.282750002000284,15.510528,61.906
16.294969479999963,15.510528,62.156
16.307035419000385,15.510528,61.875
16.31906740500017,15.510528,62.125
16.331064861000414,15.510528,61.875
16.34324721900066,15.47136,62.0
16.35529904500072,15.432191999999999,62.312
16.367319702000714,15.432191999999999,61.937
16.37978667600055,15.393023999999999,62.187
16.39194413700079,15.393023999999999,62.093
16.404211458000646,15.393023999999999,61.875
16.41623262700068,15.393023999999999,62.062
16.428295237000384,15.432191999999999,62.312
16.440334487000655,15.432191999999999,61.968
16.4523665050001,15.432191999999999,62.187
16.464394586000708,15.432191999999999,61.875
16.47637386600036,15.47136,62.156
16.488388155000393,15.510528,61.875
16.500382892000744,15.510528,62.062
16.512397149000208,15.510528,62.281
16.524379789000704,15.47136,62.031
16.5363831020004,15.510528,62.218
16.548414704000606,15.510528,61.875
16.56062624600054,15.510528,62.093
16.57264514400049,15.549695999999999,62.375
16.58480001299995,15.549695999999999,62.0
16.596795037000447,15.549695999999999,62.218
16.608813486000145,15.588864,62.156
16.620949667000787,15.510528,61.875
16.632931187000395,15.47136,62.093
16.64491699500013,15.432191999999999,61.781
16.656936917000166,15.393023999999999,61.968
16.669272207000176,15.393023999999999,62.218
16.682590884000092,15.432191999999999,62.093
16.695843672000592,15.432191999999999,61.781
16.709342995000043,15.432191999999999,61.937
16.72145194299992,15.47136,61.812
16.733624987999974,15.510528,61.968
16.74567601400031,15.549695999999999,62.281
16.757842852000067,15.549695999999999,61.937
16.77012534000005,15.549695999999999,62.187
16.782210064000537,15.549695999999999,62.156
16.794246177000787,15.549695999999999,61.875
16.80625742600023,15.549695999999999,62.0
16.81825971500075,15.510528,62.312
16.830229459000293,15.510528,61.968
16.842237028000454,15.47136,62.187
16.854237493000255,15.393023999999999,61.906
16.86663662400042,15.353856,62.031
16.877976366999974,15.353856,61.843
16.890054049000355,15.393023999999999,62.062
16.902071155000158,15.393023999999999,62.312
16.914065763000508,15.393023999999999,61.968
16.926072564000606,15.393023999999999,62.218
16.938108070000453,15.393023999999999,61.906
16.950161528000535,15.432191999999999,62.125
16.96217149700078,15.47136,62.468
16.974286461000702,15.510528,62.0
16.986461330000566,15.510528,62.343
16.998549094000737,15.47136,62.0
17.01063004000025,15.47136,62.156
17.022675082000205,15.510528,61.937
17.034688347000156,15.510528,62.406
17.04667994800002,15.510528,61.937
17.05871391800065,15.510528,62.281
17.070672109000043,15.549695999999999,61.843
17.082684030000564,15.549695999999999,62.156
17.09469028700005,15.510528,61.906
17.106726945000446,15.47136,62.062
17.118846453000515,15.432191999999999,62.312
17.13107166000009,15.393023999999999,61.875
17.143623372000548,15.393023999999999,62.187
17.156791133000297,15.393023999999999,61.968
17.170386395000605,15.432191999999999,61.781
17.18360337300055,15.432191999999999,61.968
17.195725698000388,15.432191999999999,62.281
17.20785215000069,15.510528,62.187
17.219948585000566,15.510528,61.875
17.23215318400071,15.510528,62.125
17.244171857000765,15.549695999999999,61.906
17.256437609000386,15.549695999999999,62.062
17.26852236400009,15.549695999999999,62.375
17.280579086000216,15.549695999999999,62.062
17.2926063040004,15.510528,62.312
17.304732084000534,15.47136,61.937
17.316737541000293,15.47136,62.218
17.328702132000217,15.432191999999999,61.875
17.340667940000458,15.432191999999999,62.062
17.352670357000534,15.432191999999999,62.375
17.364642981000543,15.432191999999999,62.0
17.37668050299999,15.47136,62.281
17.388671559000613,15.47136,61.906
17.400678232000246,15.47136,62.218
17.41283162900072,15.47136,62.125
17.424827005000225,15.510528,62.437
17.436831758000153,15.510528,62.062
17.448806910000712,15.549695999999999,62.281
17.461145272000067,15.47136,61.937
17.472789854999974,15.432191999999999,62.25
17.484773455000322,15.432191999999999,61.875
17.49675795100029,15.47136,61.968
17.508775089000665,15.47136,62.343
17.520792962000087,15.47136,61.875
17.53279669099993,15.47136,62.187
17.544788611000513,15.510528,61.843
17.556769299000734,15.510528,62.093
17.56874387500011,15.510528,61.875
17.580769237000823,15.432191999999999,61.937
17.592766405000475,15.393023999999999,62.343
17.604801815000428,15.393023999999999,62.156
17.61878220700055,15.314688,61.875
17.63221765600065,15.353856,62.062
17.64488869900015,15.353856,61.968
17.658187793000252,15.393023999999999,62.25
17.670607564999955,15.393023999999999,61.875
17.682758178000768,15.47136,62.25
17.694949432000612,15.47136,61.875
17.707174383000165,15.510528,62.093
17.720231068999965,15.47136,62.093
17.732473205000133,15.510528,61.875
17.744498662000296,15.510528,62.093
17.756561401,15.510528,62.375
17.76856945000054,15.47136,62.031
17.780589211000006,15.432191999999999,62.187
17.792646253000385,15.432191999999999,61.875
17.804753889000494,15.393023999999999,62.125
17.81677089799996,15.393023999999999,62.375
17.82876669000052,15.393023999999999,62.0
17.840746003000277,15.432191999999999,62.281
17.852787843999977,15.432191999999999,62.0
17.86480232500071,15.432191999999999,62.187
17.876775013000042,15.432191999999999,61.968
17.888769174000117,15.432191999999999,62.125
17.900752742000805,15.47136,62.406
17.912752503000775,15.47136,62.062
17.92474493500049,15.510528,62.312
17.936725687000035,15.510528,62.0
17.94869728699996,15.47136,62.187
17.9606943280005,15.510528,62.125
17.972676712000066,15.549695999999999,62.343
17.984718170000633,15.549695999999999,61.937
17.996803085000465,15.549695999999999,62.281
18.00882905400067,15.549695999999999,61.843
18.020817647000513,15.588864,62.062
18.0328073590008,15.588864,61.875
18.04478161499992,15.510528,62.062
18.057059751000452,15.432191999999999,62.25
18.069196572000692,15.353856,61.875
18.081359953000174,15.353856,62.062
18.0946695420007,15.314688,62.093
18.107910682000693,15.314688,61.781
18.121231248000186,15.314688,62.312
18.13469197700033,15.353856,61.875
18.14698944200063,15.393023999999999,62.218
18.15912671100068,15.432191999999999,61.906
18.171267627000816,15.432191999999999,62.093
18.183401920000506,15.47136,61.875
18.195970624000438,15.47136,62.062
18.208266872999957,15.47136,62.375
18.22030823500063,15.47136,61.968
18.232453184000406,15.510528,61.968
18.244710712000597,15.47136,62.156
18.256727849000526,15.432191999999999,61.937
18.268544756000665,15.432191999999999,62.062
18.280701960999977,15.393023999999999,62.437
18.292670745000578,15.393023999999999,62.031
18.30477457300003,15.393023999999999,62.281
18.316802334000386,15.432191999999999,61.906
18.329011669000465,15.432191999999999,62.125
18.341017413000372,15.432191999999999,61.875
18.353196731000025,15.432191999999999,62.093
18.365284334000535,15.432191999999999,62.375
18.37730044700038,15.47136,62.062
18.389312720000817,15.510528,62.281
18.40147488599996,15.510528,61.937
18.413491191000503,15.510528,62.218
18.42553396099993,15.47136,62.062
18.437548122000408,15.510528,62.343
18.44954119400063,15.549695999999999,62.0
18.461555995000708,15.549695999999999,62.187
18.473571052000807,15.549695999999999,61.843
18.485571933000756,15.549695999999999,62.062
18.497618959000647,15.588864,61.875
18.509615839000617,15.588864,62.062
18.5216179680001,15.510528,62.343
18.533653186000265,15.47136,61.937
18.545648082000298,15.432191999999999,62.125
18.557672132000334,15.393023999999999,61.906
18.569663956000113,15.393023999999999,62.031
18.583060460000524,15.432191999999999,61.937
18.59640441800002,15.432191999999999,62.25
18.609525586000018,15.47136,61.875
18.621808011000212,15.47136,62.187
18.63420643900008,15.510528,61.843
18.646304890000465,15.549695999999999,61.875
18.658992061999925,15.47136,62.0
18.67342984300012,15.47136,62.312
18.685591912000746,15.47136,62.062
18.69764514600047,15.47136,62.25
18.709640491000755,15.47136,62.062
18.721616283000003,15.432191999999999,61.875
18.733625675999974,15.432191999999999,62.062
18.74564018900037,15.432191999999999,62.343
18.757654542000637,15.353856,61.968
18.769642526000098,15.353856,62.312
18.78167265600041,15.393023999999999,61.906
18.793666047999977,15.393023999999999,62.187
18.805658897000285,15.393023999999999,62.0
18.817644289000782,15.393023999999999,62.125
18.829641842000456,15.393023999999999,62.468
18.84164045000034,15.432191999999999,62.062
18.853830552000545,15.432191999999999,62.281
18.865905803000715,15.47136,61.937
18.878011871000126,15.510528,62.218
18.890030288000162,15.510528,61.937
18.90202710400081,15.47136,62.125
18.914072402000784,15.510528,62.343
18.926080707000438,15.549695999999999,61.875
18.93808030800028,15.510528,62.218
18.95007331600027,15.549695999999999,62.125
18.962062932000663,15.549695999999999,61.781
18.974065508999956,15.549695999999999,62.031
18.986038421000558,15.588864,62.312
18.99808202300028,15.510528,61.937
19.010064822999993,15.47136,62.218
19.022070152000197,15.432191999999999,61.812
19.034123226000702,15.393023999999999,62.125
19.047587508000106,15.393023999999999,62.0
19.061267539000255,15.432191999999999,62.281
19.074605354000596,15.432191999999999,61.875
19.08782812500067,15.47136,61.875
19.099995890000173,15.510528,62.125
19.11220205600057,15.510528,61.875
19.124329436000153,15.549695999999999,62.062
19.136487250000755,15.549695999999999,62.281
19.152176810000128,15.549695999999999,62.218
19.174441210000623,15.628032,62.25
19.187014363000344,15.667200000000001,61.906
19.199190352000187,15.628032,62.031
19.21139085499999,15.588864,62.437
19.223514203000377,15.588864,62.125
19.23556334100067,15.549695999999999,62.25
19.247610655000244,15.549695999999999,61.968
19.259422314000403,15.47136,62.031
19.271634049000568,15.47136,61.812
19.284041277000142,15.47136,62.406
19.297254703000362,15.47136,61.968
19.30936637100058,15.47136,62.281
19.32137944400074,15.510528,61.968
19.333381573000224,15.510528,62.187
19.345361717000742,15.549695999999999,61.875
19.357373894000375,15.549695999999999,62.093
19.369351638000808,15.510528,62.437
19.381357543000377,15.510528,62.125
19.393332375000682,15.549695999999999,62.218
19.405323879000207,15.549695999999999,61.937
19.417302199000005,15.549695999999999,62.062
19.42930640800023,15.588864,61.906
19.441286296000726,15.588864,61.937
19.453357002000303,15.588864,62.312
19.46534546700059,15.588864,61.906
19.477322411000387,15.510528,62.218
19.489317371000652,15.47136,62.0
19.50128810700062,15.47136,61.812
19.51564060600049,15.353856,61.937
19.52915938500064,15.353856,61.937
19.542615538000064,15.393023999999999,62.156
19.556089900000188,15.393023999999999,62.093
19.56928607900045,15.432191999999999,61.843
19.581407059000412,15.47136,62.0
19.5936983470001,15.510528,61.843
19.605931299000076,15.510528,61.937
19.618191226000818,15.510528,62.218
19.631671477000054,15.549695999999999,62.218
19.643693926000196,15.549695999999999,62.0
19.65574629599996,15.549695999999999,62.125
19.66778439400059,15.510528,61.906
19.67978879400016,15.47136,62.031
19.69181476400081,15.47136,62.343
19.704023810000763,15.432191999999999,62.062
19.71618735100037,15.432191999999999,62.25
19.72820343300009,15.432191999999999,62.0
19.74021356100002,15.432191999999999,62.062
19.75229278000006,15.432191999999999,61.906
19.76432054199995,15.47136,62.0
19.77634772700003,15.432191999999999,62.343
19.788377985000807,15.47136,62.031
19.800402578000103,15.510528,62.25
19.812433507000605,15.510528,61.906
19.824458837000748,15.549695999999999,62.156
19.836485254000763,15.549695999999999,62.468
19.84851912800059,15.510528,62.375
19.86059946700061,15.47136,62.062
19.872754624000663,15.432191999999999,62.125
19.884868115000245,15.47136,61.937
19.896886021000682,15.47136,62.031
19.908898934000717,15.47136,62.343
19.920883430000686,15.47136,62.062
19.93291003900049,15.510528,62.156
19.944927496000673,15.510528,61.968
19.956913880000684,15.432191999999999,62.062
19.96887911200065,15.393023999999999,61.875
19.980884921000325,15.393023999999999,61.937
19.994182190000174,15.314688,62.0
20.00634499500029,15.353856,62.125
20.019698906000485,15.353856,61.875
20.033105874000285,15.393023999999999,62.062
20.045127074999982,15.432191999999999,61.781
20.057335449000675,15.47136,61.968
20.06946801400045,15.47136,61.906
20.081499999000698,15.510528,62.25
20.093576786000085,15.510528,61.937
20.107025963000524,15.510528,62.25
20.11907174099997,15.510528,61.968
20.131086190000133,15.510528,62.156
20.143083775000377,15.510528,62.375
20.155088430999967,15.47136,62.0
20.167116417000216,15.47136,62.25
20.179125330000716,15.432191999999999,62.062
20.19138804100021,15.393023999999999,61.875
20.20374614800039,15.432191999999999,62.125
20.216080222000528,15.432191999999999,61.875
20.228386327000408,15.432191999999999,62.031
20.24061972600066,15.432191999999999,62.312
20.252885894999963,15.432191999999999,61.937
20.265138942000704,15.432191999999999,62.25
20.277431543000603,15.47136,61.906
20.2897774890007,15.510528,61.875
20.302185613000802,15.510528,62.125
20.31428585699996,15.510528,62.375
20.326672892000715,15.510528,62.031
20.338723374000438,15.510528,62.156
20.35075644800054,15.549695999999999,61.906
20.362821202000305,15.549695999999999,62.031
20.375090794000243,15.549695999999999,62.375
20.387112284000068,15.549695999999999,61.906
20.399128749000738,15.588864,62.125
20.411209472000337,15.588864,61.968
20.423256304999995,15.510528,62.187
20.435307044000183,15.47136,61.906
20.447379702000035,15.432191999999999,61.968
20.459407432000262,15.393023999999999,62.062
20.473249388000113,15.353856,62.187
20.486770663000243,15.353856,62.093
20.5004236220002,15.393023999999999,61.812
20.51382473400008,15.393023999999999,61.968
20.526196888999948,15.432191999999999,62.062
20.538766745999965,15.47136,62.218
20.551167093000004,15.47136,61.843
20.562833629000124,15.510528,62.218
20.57720545600023,15.510528,62.218
20.58958663500016,15.510528,61.906
20.601896132000547,15.510528,62.125
20.614208222000343,15.510528,62.375
20.626505079000708,15.47136,62.031
20.638747214000432,15.47136,62.281
20.65100055000039,15.47136,61.968
20.66334384000038,15.393023999999999,62.125
20.675605464,15.393023999999999,61.937
20.68786408000051,15.393023999999999,62.375
20.700161033000768,15.432191999999999,62.031
20.71242588900077,15.432191999999999,62.312
20.724668472000303,15.432191999999999,61.968
20.7369204000006,15.432191999999999,62.187
20.74915671100007,15.47136,61.906
20.761397118000787,15.510528,62.093
20.773695671000496,15.510528,62.343
20.785219867000706,15.549695999999999,62.062
20.797661688000517,15.47136,62.281
20.8100438270003,15.510528,62.093
20.822396782000396,15.549695999999999,61.875
20.834658245000355,15.549695999999999,62.031
20.846908253000038,15.549695999999999,62.343
20.85912542799997,15.549695999999999,61.906
20.871166758000072,15.549695999999999,62.156
20.883161846000803,15.588864,61.875
20.895158631000413,15.510528,62.25
20.9074471670001,15.47136,61.875
20.91947790500035,15.432191999999999,61.906
20.9314966740003,15.393023999999999,62.25
20.94349374600006,15.393023999999999,62.218
20.956822376000673,15.432191999999999,61.812
20.970441478000794,15.432191999999999,62.0
20.98280563300068,15.47136,61.781
20.995344128999932,15.510528,62.375
21.007605753000462,15.549695999999999,61.937
21.01963952999995,15.549695999999999,62.25
21.03192323500025,15.549695999999999,62.125
21.046881702000064,15.549695999999999,61.906
21.05896556100015,15.510528,62.031
21.071244753999963,15.47136,62.343
21.08345274400017,15.47136,61.906
21.095487258000503,15.432191999999999,62.187
21.107557900000756,15.432191999999999,61.968
21.119573373000094,15.432191999999999,62.093
21.13157582200074,15.353856,61.875
21.1435929270001,15.353856,62.062
21.155615280000347,15.393023999999999,62.375
21.16761696100002,15.393023999999999,62.062
21.179648594000355,15.393023999999999,62.218
21.19168179600001,15.432191999999999,61.968
21.20379992800008,15.393023999999999,62.218
21.215827273000286,15.432191999999999,61.906
21.227864443000726,15.47136,62.375
21.239877579000677,15.47136,62.031
21.251874716000202,15.510528,62.281
21.263928494000538,15.510528,62.0
21.275963360000787,15.47136,62.156
21.288015602000087,15.510528,61.906
21.300028547000693,15.510528,62.031
21.312069076000626,15.510528,62.281
21.324067973000638,15.549695999999999,62.031
21.337856712000757,15.549695999999999,62.125
21.350148864000403,15.549695999999999,62.062
21.362369015000695,15.549695999999999,61.906
21.37444807400061,15.47136,61.968
21.386467867000647,15.432191999999999,62.375
21.398486796000725,15.432191999999999,61.906
21.411991335000494,15.353856,62.25
21.425207193999995,15.353856,62.062
21.438766518000193,15.393023999999999,61.875
21.45209335600066,15.393023999999999,61.75
21.465285566000603,15.432191999999999,61.875
21.47739797000031,15.47136,62.218
21.489479300000312,15.510528,61.875
21.501607033000255,15.510528,62.187
21.51380289500048,15.510528,62.156
21.527771605999988,15.510528,61.906
21.539788231000784,15.549695999999999,62.031
21.551816281000356,15.549695999999999,62.312
21.563865835000797,15.510528,62.062
21.575918685000033,15.47136,62.218
21.588253783000255,15.47136,61.875
21.60033143400051,15.432191999999999,62.093
21.612380219999977,15.393023999999999,61.843
21.624434670000483,15.432191999999999,62.125
21.636438878000263,15.432191999999999,62.25
21.6484684320003,15.432191999999999,61.968
21.660531554000045,15.393023999999999,62.156
21.67295859100068,15.353856,61.875
21.685023153000657,15.353856,62.031
21.697034241999972,15.393023999999999,62.031
21.709094324000034,15.393023999999999,62.312
21.721125766000114,15.432191999999999,61.906
21.733100694000314,15.47136,62.125
21.745122246999927,15.432191999999999,62.031
21.75716120800007,15.432191999999999,62.093
21.76916186500057,15.47136,61.812
21.78115192900077,15.47136,62.0
21.793163402000573,15.47136,62.281
21.80518505100008,15.510528,61.906
21.817242638000607,15.510528,62.093
21.829229374000533,15.510528,61.75
21.841200270000627,15.510528,62.031
21.853250400000434,15.432191999999999,62.25
21.865265105000617,15.393023999999999,62.0
21.87722851200033,15.393023999999999,62.093
21.889668093000182,15.353856,62.125
21.903156631000456,15.353856,61.781
21.916667634000078,15.353856,61.968
21.930100747000324,15.393023999999999,61.875
21.943001237000317,15.432191999999999,62.187
21.95508343200072,15.47136,61.875
21.96724998100035,15.47136,62.156
21.979414610000276,15.510528,61.906
21.993497629000558,15.510528,61.875
22.005740405000324,15.510528,62.031
22.017759461999958,15.510528,62.343
22.02977410300082,15.510528,61.937
22.041796808000072,15.47136,62.156
22.053996734000066,15.47136,61.875
22.066185876000418,15.432191999999999,62.156
22.07818765200045,15.393023999999999,61.937
22.090194741000232,15.393023999999999,62.0
22.10220723800012,15.393023999999999,62.375
22.114352411000255,15.432191999999999,61.937
22.126408749000802,15.432191999999999,62.25
22.138408189000074,15.432191999999999,62.187
22.150414542000362,15.432191999999999,61.937
22.16242796700044,15.432191999999999,62.062
22.17441527900064,15.47136,62.312
22.186428096000782,15.510528,61.937
22.198433361000752,15.510528,62.218
22.21043510600066,15.510528,62.0
22.222454259000187,15.47136,62.156
22.23446313900058,15.510528,61.875
22.24648565300049,15.549695999999999,62.0
22.258522726000592,15.510528,62.218
22.269914342000448,15.510528,61.906
22.28201116100081,15.47136,62.093
22.294055755000045,15.510528,61.843
22.30606594800065,15.510528,62.062
22.31776880400048,15.510528,62.468
22.329750484000215,15.432191999999999,61.937
22.341747620000206,15.393023999999999,62.218
22.353882841000086,15.393023999999999,62.093
22.36728148900056,15.353856,61.812
22.380591174000074,15.353856,61.906
22.39404169499994,15.393023999999999,62.281
22.406547646000035,15.393023999999999,62.218
22.41913622300035,15.432191999999999,61.875
22.431316533000427,15.47136,62.156
22.443545131000064,15.47136,61.812
22.45575209800063,15.510528,62.031
22.46864551500039,15.510528,61.875
22.48079561600025,15.510528,61.968
22.492768816000535,15.510528,62.312
22.504762112000208,15.510528,62.0
22.51673912000024,15.47136,62.187
22.52866614300001,15.432191999999999,62.125
22.540662991000318,15.432191999999999,61.875
22.552671872000246,15.393023999999999,61.937
22.56466084800013,15.393023999999999,62.343
22.576644192000458,15.393023999999999,61.968
22.58889308000016,15.393023999999999,62.218
22.60094093800035,15.432191999999999,61.875
22.612932506000107,15.432191999999999,62.125
22.624909738000497,15.432191999999999,62.375
22.63689637800053,15.432191999999999,62.031
22.64888631500071,15.47136,62.312
22.660872571000255,15.510528,61.937
22.672869067000647,15.510528,62.218
22.684947998000098,15.510528,61.937
22.696933326000362,15.47136,62.093
22.708924126000056,15.510528,62.343
22.720902894000574,15.510528,61.968
22.732889247000458,15.510528,62.281
22.744928720000644,15.549695999999999,61.875
22.75693184100055,15.549695999999999,62.125
22.768912369000645,15.549695999999999,61.75
22.780887808999978,15.588864,62.437
22.792870225000115,15.549695999999999,61.937
22.804868481000085,15.47136,62.218
22.816882674000226,15.432191999999999,61.812
22.829096041000412,15.432191999999999,62.031
22.842578626999966,15.393023999999999,61.812
22.855901177000305,15.432191999999999,62.343
22.86828082000011,15.393023999999999,61.812
22.881886897000186,15.353856,62.125
22.894153225000082,15.393023999999999,61.875
22.906446114000573,15.432191999999999,62.062
22.918889279000723,15.47136,61.968
22.93110056600017,15.47136,61.843
22.946138651000183,15.47136,61.937
22.9582400470008,15.47136,62.187
22.970260095999947,15.510528,62.25
22.98240443600025,15.47136,61.937
22.994441638000353,15.432191999999999,62.062
23.006601595000575,15.432191999999999,61.875
23.018663885000024,15.432191999999999,62.031
23.03067865400044,15.353856,62.312
23.042689743000665,15.353856,61.968
23.05478592200052,15.393023999999999,62.093
23.06680619600047,15.393023999999999,61.843
23.078773315000035,15.393023999999999,62.062
23.090780819999964,15.393023999999999,62.531
23.102896040000815,15.432191999999999,62.031
23.11488843999996,15.432191999999999,62.312
23.1269207130008,15.47136,61.937
23.13889701700009,15.47136,62.218
23.150900330000695,15.510528,61.968
23.162900633999925,15.510528,62.156
23.175136146000114,15.47136,62.093
23.18715094700019,15.510528,62.281
23.19911998600037,15.549695999999999,61.968
23.211155652000343,15.549695999999999,62.125
23.223125683000035,15.549695999999999,61.906
23.235107203000553,15.549695999999999,62.062
23.24710757200046,15.549695999999999,62.375
23.259086244000173,15.549695999999999,61.875
23.27114098200036,15.47136,62.156
23.28313191000052,15.47136,62.0
23.295137879000322,15.432191999999999,61.968
23.307620309000413,15.393023999999999,61.906
23.319733545000418,15.393023999999999,61.968
23.33281372000056,15.432191999999999,61.937
23.346147309000116,15.432191999999999,62.156
23.359617479000008,15.47136,61.875
23.371697946000495,15.47136,62.093
23.384057205000317,15.510528,62.031
23.396445360000143,15.549695999999999,61.843
23.408639526000115,15.549695999999999,62.312
23.42360065000048,15.549695999999999,62.0
23.435610938000536,15.549695999999999,62.218
23.447713262000434,15.549695999999999,61.906
23.459741631000725,15.549695999999999,62.062
23.471062621000783,15.432191999999999,62.0
23.482754373000716,15.393023999999999,62.062
23.49478050200014,15.393023999999999,62.281
23.506828840000708,15.353856,61.906
23.518862393000745,15.353856,62.187
23.530869898000674,15.393023999999999,61.875
23.5428835470002,15.393023999999999,62.093
23.554877835000298,15.393023999999999,61.875
23.566884188000586,15.393023999999999,62.093
23.578892653000366,15.393023999999999,62.312
23.590917214,15.432191999999999,62.031
23.60310011599995,15.432191999999999,62.218
23.61514989400075,15.47136,61.937
23.62715496600049,15.510528,62.031
23.639133222000055,15.47136,62.468
23.6511217820007,15.47136,62.093
23.66313437500048,15.510528,62.25
23.67511455100066,15.510528,61.875
23.687134920000062,15.510528,62.062
23.699132857000222,15.549695999999999,62.125
23.71126055700006,15.549695999999999,62.343
23.723257373000706,15.549695999999999,61.906
23.735285871000087,15.549695999999999,62.218
23.747311007999997,15.47136,61.781
23.759310544000073,15.432191999999999,62.156
23.771333346000574,15.432191999999999,61.781
23.783463894000306,15.353856,62.062
23.796943216000727,15.353856,61.875
23.810414154000682,15.393023999999999,62.156
23.823555290000513,15.432191999999999,61.812
23.835640461000366,15.432191999999999,62.062
23.847796642000503,15.47136,61.875
23.86002533700048,15.510528,61.937
23.87226238400035,15.510528,62.375
23.88435773100082,15.510528,62.218
23.898634388000573,15.549695999999999,61.968
23.910752360000515,15.549695999999999,62.156
23.922796697000194,15.549695999999999,61.937
23.93482711500019,15.510528,62.093
23.94699776000016,15.510528,62.375
23.959059730000263,15.47136,62.062
23.971069410999917,15.47136,62.312
23.983091508000143,15.432191999999999,62.125
23.995120165000117,15.432191999999999,61.937
24.00722540100014,15.432191999999999,62.093
24.01937015800013,15.432191999999999,61.875
24.031372670000565,15.432191999999999,62.062
24.043348782000066,15.47136,62.312
24.05539865600076,15.47136,62.0
24.067409009000585,15.432191999999999,62.093
24.079275773000518,15.432191999999999,61.875
24.09130772700064,15.432191999999999,62.093
24.103436259000773,15.47136,62.406
24.11545195600047,15.47136,62.0
24.127479429000232,15.432191999999999,62.281
24.13948760600033,15.47136,61.906
24.151502790999984,15.510528,62.062
24.163528472000507,15.510528,61.843
24.175541961000818,15.510528,62.093
24.187518649000594,15.510528,62.312
24.199562411000443,15.549695999999999,61.875
24.211559067000053,15.549695999999999,62.218
24.223559084000044,15.47136,62.093
24.23554716400031,15.432191999999999,61.968
24.247529612000108,15.393023999999999,61.875
24.26017083000079,15.353856,62.312
24.27355162100048,15.353856,62.156
24.28686441100035,15.353856,61.781
24.29902542400032,15.393023999999999,62.0
24.31236237400026,15.432191999999999,61.75
24.324557276000633,15.47136,62.0
24.336675248000574,15.47136,62.343
24.34873584200068,15.510528,61.875
24.360901591000584,15.510528,61.906
24.375200808000045,15.510528,62.187
24.38724149800055,15.510528,61.906
24.399272939000184,15.510528,62.187
24.411587332000636,15.510528,62.375
24.42375772200012,15.47136,61.968
24.435855725000692,15.47136,62.312
24.44790630300031,15.432191999999999,62.187
24.45998709000014,15.393023999999999,61.875
24.472263754000778,15.393023999999999,62.093
24.484295451000435,15.432191999999999,61.875
24.49631086000045,15.432191999999999,62.0
24.508345534,15.432191999999999,62.375
24.520360303000416,15.432191999999999,62.031
24.53237958400041,15.432191999999999,62.156
24.544373136000104,15.47136,62.0
24.556517029000133,15.510528,62.093
24.5685562460003,15.510528,62.375
24.580588071999955,15.549695999999999,62.062
24.59258664800018,15.47136,62.343
24.604957843000193,15.510528,62.0
24.61697219600046,15.549695999999999,62.156
24.628995989000032,15.549695999999999,61.875
24.640997638000044,15.549695999999999,61.937
24.65308927300066,15.549695999999999,62.062
24.66512426600002,15.549695999999999,62.125
24.677140379000775,15.510528,61.812
24.689179437000348,15.510528,62.125
24.70121443000062,15.432191999999999,61.75
24.713290769000196,15.393023999999999,61.968
24.725307746,15.393023999999999,62.25
24.738918784000816,15.27552,62.187
24.752476059999935,15.314688,61.875
24.76573604800069,15.314688,62.062
24.77910090200021,15.353856,62.0
24.79258902500078,15.393023999999999,61.75
24.80474872600007,15.432191999999999,61.875
24.81689226600065,15.432191999999999,62.218
24.82906291100062,15.47136,61.843
24.841096977000234,15.47136,61.906
24.854888340000798,15.47136,62.125
24.866914085000644,15.47136,61.875
24.87889918900055,15.47136,62.0
24.890893765000328,15.47136,62.281
24.90296018400022,15.432191999999999,61.875
24.91497408900068,15.432191999999999,62.218
24.926951127999928,15.393023999999999,61.906
24.938994890000686,15.353856,62.031
24.950998107000487,15.393023999999999,61.812
24.962994219000393,15.393023999999999,62.062
24.974991004000003,15.393023999999999,62.281
24.9869992440008,15.393023999999999,61.968
24.999313606000214,15.393023999999999,62.187
25.011402105000343,15.432191999999999,61.937
25.023458699000003,15.432191999999999,62.093
25.035473499000545,15.47136,62.125
25.047521581000183,15.510528,62.343
25.0595612470006,15.510528,62.031
25.07158772799994,15.47136,62.25
25.083579008000015,15.510528,61.906
25.095576273000006,15.510528,62.031
25.107584514000337,15.510528,62.375
25.119638292000673,15.549695999999999,61.875
25.13164723600039,15.549695999999999,62.281
25.14362350800002,15.549695999999999,61.843
25.15562854900054,15.588864,62.156
25.167614869000317,15.549695999999999,61.875
25.179633158000797,15.47136,62.031
25.191601525000806,15.432191999999999,62.25
25.2037833710001,15.432191999999999,61.906
25.21637457199995,15.393023999999999,61.875
25.229709410000396,15.432191999999999,62.031
25.2432145570001,15.432191999999999,61.937
25.25654225800008,15.47136,61.812
25.268643302000783,15.47136,61.875
25.28133274600077,15.432191999999999,62.156
25.293449309000607,15.47136,61.843
25.30564417900041,15.47136,61.843
25.320677209000678,15.47136,61.937
25.332668745000774,15.47136,61.875
25.344671034000385,15.510528,62.0
25.35676657300064,15.47136,62.312
25.36874444500063,15.47136,61.937
25.380706732000363,15.432191999999999,62.156
25.39266725900052,15.432191999999999,61.906
25.404856209000172,15.393023999999999,62.062
25.416872482000144,15.393023999999999,61.843
25.428935572000228,15.393023999999999,62.343
25.441441139000744,15.432191999999999,61.968
25.453614087999995,15.432191999999999,62.156
25.465757597000447,15.432191999999999,61.906
25.47780763100036,15.432191999999999,62.156
25.489806879000753,15.47136,61.875
25.501923987000737,15.47136,62.031
25.5139769970001,15.510528,62.312
25.526025911000033,15.549695999999999,62.125
25.538040136000745,15.510528,62.218
25.550034552000398,15.510528,61.937
25.562302576000548,15.549695999999999,62.062
25.574356386000545,15.549695999999999,61.875
25.586401300000034,15.549695999999999,61.937
25.598487367000416,15.588864,62.218
25.610481719000745,15.588864,61.875
25.62245859900031,15.588864,62.062
25.634451638999963,15.588864,62.031
25.646446952000588,15.510528,61.781
25.65846687300018,15.47136,62.031
25.670458184999916,15.47136,62.125
25.683626330000152,15.393023999999999,61.843
25.69652442000006,15.393023999999999,61.75
25.70986783400076,15.432191999999999,61.968
25.72345954299999,15.432191999999999,61.75
25.73689643200032,15.47136,62.343
25.74895005000053,15.510528,61.906
25.76109109400022,15.510528,62.125
25.773267628000212,15.549695999999999,61.875
25.785328894000486,15.549695999999999,62.031
25.799125793000712,15.549695999999999,61.875
25.8111623220002,15.549695999999999,61.968
25.823149730000296,15.549695999999999,62.406
25.835143251000773,15.549695999999999,61.968
25.84711971500019,15.510528,62.218
25.859113491000244,15.47136,62.156
25.871155716999965,15.432191999999999,62.062
25.882703752000452,15.353856,62.0
25.894723512999917,15.353856,62.343
25.906729866000205,15.393023999999999,61.937
25.91868965699996,15.393023999999999,62.218
25.930698922000374,15.393023999999999,61.906
25.942659258000276,15.432191999999999,62.125
25.954712331000337,15.432191999999999,61.937
25.966762493000715,15.432191999999999,61.968
25.978771918000348,15.47136,62.281
25.99314300900005,15.510528,62.156
26.005516092000107,15.510528,61.937
26.017625007000788,15.47136,62.25
26.029663009000615,15.47136,61.875
26.041758836000554,15.510528,61.875
26.054006252000363,15.510528,62.343
26.06605238100019,15.549695999999999,61.968
26.078122096000698,15.549695999999999,62.218
26.090209155000593,15.549695999999999,61.781
26.102255540000442,15.588864,62.125
26.114360520000446,15.549695999999999,61.875
26.12641925800017,15.47136,61.875
26.138483308000104,15.432191999999999,62.218
26.150499773000774,15.432191999999999,62.093
26.16352576999998,15.393023999999999,61.875
26.176814111000567,15.393023999999999,61.937
26.190220791000684,15.393023999999999,61.875
26.202884506000373,15.432191999999999,62.187
26.215380664000804,15.432191999999999,61.875
26.22751943700041,15.47136,62.093
26.239586622999923,15.510528,61.875
26.251805462000448,15.510528,62.031
26.26548987700062,15.510528,62.031
26.2776548260008,15.510528,62.343
26.28967289100001,15.549695999999999,62.0
26.301674284,15.549695999999999,62.281
26.313679675999992,15.510528,61.875
26.325676717000533,15.47136,62.093
26.3376431960005,15.47136,61.875
26.34961198000019,15.432191999999999,62.031
26.361595484000645,15.393023999999999,62.343
26.373623533000682,15.393023999999999,61.968
26.385638718000337,15.432191999999999,62.25
26.397616590000325,15.432191999999999,61.875
26.409781571000167,15.432191999999999,62.093
26.421799828000076,15.432191999999999,61.875
26.433838630000537,15.432191999999999,62.062
26.445848342000318,15.47136,62.375
26.45849151300081,15.510528,62.25
26.470731824000723,15.47136,61.843
26.48302301700005,15.432191999999999,62.031
26.495109723000496,15.393023999999999,61.937
26.507138189000216,15.432191999999999,61.968
26.519125917000565,15.432191999999999,62.25
26.531196175000332,15.432191999999999,61.937
26.543225025000538,15.47136,62.125
26.555273938000028,15.47136,61.875
26.567279651000717,15.47136,61.937
26.579317685000206,15.510528,61.75
26.591338470000665,15.510528,62.062
26.603455545000543,15.393023999999999,62.218
26.6155275000001,15.353856,61.906
26.627596862000246,15.393023999999999,61.781
26.640899443000308,15.314688,62.0
26.654559794000306,15.314688,61.937
26.66790506400048,15.353856,62.25
26.68129379200036,15.353856,61.812
26.69369385200025,15.393023999999999,62.093
26.70581972800028,15.432191999999999,61.812
26.71791856300024,15.47136,62.062
26.73012917699998,15.47136,62.0
26.74269052100044,15.47136,62.375
26.754856909999944,15.47136,61.906
26.76689971199994,15.510528,62.218
26.778885104000437,15.510528,61.937
26.790892577000704,15.47136,62.062
26.802976020000642,15.432191999999999,61.875
26.81502214900047,15.432191999999999,62.093
26.827033302000018,15.393023999999999,62.343
26.839037863000158,15.393023999999999,61.968
26.851060824000342,15.393023999999999,62.218
26.86307245700027,15.393023999999999,61.968
26.875072185000136,15.393023999999999,62.156
26.887094186000468,15.432191999999999,61.906
26.89910953100025,15.432191999999999,62.125
26.911390003000633,15.432191999999999,62.281
26.923485095000615,15.47136,62.25
26.935572313000193,15.47136,61.968
26.947615275000317,15.510528,62.156
26.959610363000138,15.510528,61.937
26.97158785100055,15.47136,62.125
26.983600956000373,15.510528,62.343
26.995726447999914,15.549695999999999,61.968
27.0078256350007,15.510528,62.156
27.019917526000427,15.549695999999999,61.875
27.0319290310008,15.549695999999999,62.031
27.04397212100048,15.549695999999999,61.75
27.055995178000558,15.588864,62.0
27.068049404000703,15.510528,62.218
27.08051237700056,15.393023999999999,61.812
27.092563819000134,15.353856,62.062
27.104807489999985,15.353856,62.062
27.11835945400071,15.314688,61.781
27.130637206000756,15.314688,61.875
27.143904137999925,15.353856,61.812
27.157331651000277,15.353856,62.125
27.16946616700079,15.393023999999999,61.812
27.181568266000795,15.432191999999999,61.968
27.19361881200075,15.47136,61.843
27.205767441000717,15.47136,61.968
27.217992136000248,15.47136,62.343
27.230018297000242,15.47136,61.968
27.242053738000322,15.510528,62.156
27.254206655000417,15.510528,62.25
27.266211696000028,15.47136,62.093
27.27827251400049,15.432191999999999,62.031
27.290271505999954,15.432191999999999,62.343
27.302246914000534,15.393023999999999,61.875
27.31426165100038,15.393023999999999,62.25
27.32590348100075,15.393023999999999,61.937
27.337982700000794,15.432191999999999,62.031
27.35003535800024,15.432191999999999,61.875
27.36204459000055,15.432191999999999,62.0
27.374048575000415,15.432191999999999,62.343
27.386059600000408,15.432191999999999,61.968
27.39806112000042,15.47136,62.218
27.410073553000075,15.510528,61.937
27.4220832660003,15.510528,62.0
27.43411297900002,15.510528,61.968
27.446095395000157,15.47136,62.093
27.45813547600028,15.510528,62.281
27.470284553000056,15.549695999999999,61.906
27.482932204000463,15.549695999999999,61.875
27.49511609700039,15.549695999999999,62.062
27.507316535000427,15.549695999999999,61.781
27.519512269000188,15.588864,61.968
27.531601407999915,15.588864,62.25
27.543669843000316,15.510528,61.875
27.555751365000106,15.47136,62.218
27.56780485500076,15.432191999999999,61.75
27.580273173000023,15.393023999999999,62.031
27.593757358999937,15.393023999999999,61.937
27.60738631700042,15.393023999999999,62.25
27.62074073900021,15.432191999999999,62.062
27.634136795000813,15.47136,61.843
27.646310959999937,15.510528,62.093
27.658708044000377,15.510528,61.812
27.6708491520003,15.549695999999999,61.875
27.682550792000256,15.47136,61.875
27.69657371300036,15.47136,62.187
27.70869984500041,15.47136,61.968
27.72079442500035,15.47136,62.093
27.732801097000447,15.47136,61.875
27.74479282500033,15.47136,62.031
27.75688244400044,15.432191999999999,62.343
27.768892413000685,15.432191999999999,61.906
27.780894446000275,15.393023999999999,62.281
27.793127781000294,15.393023999999999,61.875
27.805294585999945,15.393023999999999,62.125
27.817469327000254,15.393023999999999,61.875
27.829469215000245,15.393023999999999,62.093
27.841477872000723,15.432191999999999,62.343
27.853580195000177,15.432191999999999,62.25
27.865679606999947,15.432191999999999,61.906
27.87780397900042,15.47136,62.125
27.889838940000118,15.47136,61.812
27.90191380700071,15.510528,62.062
27.913982369000223,15.47136,62.343
27.92611346100057,15.47136,62.031
27.938118214000497,15.510528,62.156
27.95014226300009,15.510528,61.875
27.9621633680008,15.510528,62.062
27.974179897000795,15.510528,61.875
27.98621018600079,15.510528,61.875
27.998250811000617,15.549695999999999,62.25
28.01041265599997,15.549695999999999,61.937
28.022490691000712,15.47136,62.156
28.03450408400022,15.432191999999999,61.875
28.04655664600068,15.432191999999999,61.687
28.059875931000533,15.353856,61.968
28.072063409000293,15.393023999999999,62.218
28.085548075000588,15.393023999999999,62.093
28.098884001000442,15.432191999999999,61.812
28.112008753000737,15.432191999999999,62.0
28.12417693400039,15.510528,61.781
28.13637638,15.510528,62.062
28.14850436800043,15.510528,62.25
28.16067821300021,15.510528,62.156
28.17509464900013,15.549695999999999,61.937
28.18713911500072,15.549695999999999,62.125
28.199132538999947,15.549695999999999,61.875
28.2111437880003,15.510528,62.0
28.223283392000667,15.47136,62.312
28.235306897000555,15.47136,62.0
28.24735014700036,15.432191999999999,62.218
28.259382900000674,15.432191999999999,62.156
28.271419206000246,15.432191999999999,61.781
28.28381123300005,15.393023999999999,62.031
28.295921461000034,15.353856,62.343
28.30802388000029,15.393023999999999,61.937
28.320080602000417,15.393023999999999,62.218
28.332106699000178,15.393023999999999,61.875
28.344154076999985,15.432191999999999,62.187
28.356212303000575,15.432191999999999,61.875
28.368277633000616,15.47136,62.125
28.38028033699993,15.47136,62.375
28.3923453160005,15.432191999999999,62.093
28.40454332200079,15.47136,62.187
28.41656842700013,15.47136,61.875
28.428560443000606,15.510528,62.093
28.440570220000154,15.510528,61.937
28.452674815000137,15.510528,62.312
28.464668847000212,15.510528,61.875
28.4771106040007,15.588864,62.187
28.489536168000086,15.549695999999999,61.906
28.5011114050003,15.510528,61.968
28.514012439,15.510528,61.812
28.526064009000038,15.510528,62.281
28.539535170000818,15.47136,61.875
28.552515438000228,15.47136,62.093
28.566003144000206,15.510528,62.031
28.57924719500079,15.510528,61.75
28.59156053300012,15.549695999999999,61.968
28.603978545000246,15.588864,62.312
28.616192071000114,15.588864,62.0
28.628374397000698,15.588864,62.25
28.640545682000266,15.588864,61.875
28.652673158000653,15.628032,62.125
28.664709399000458,15.628032,61.875
28.676879021000786,15.588864,62.062
28.68895903900011,15.549695999999999,62.375
28.70093857500069,15.549695999999999,62.218
28.712959712000156,15.549695999999999,61.906
28.724954768000316,15.47136,62.125
28.736990946000333,15.47136,61.875
28.748980370000027,15.47136,62.062
28.76094499300052,15.47136,62.343
28.772892848000083,15.510528,61.968
28.78489481700035,15.510528,62.312
28.79691172999992,15.510528,61.937
28.80891277000046,15.510528,62.156
28.820871697000257,15.549695999999999,61.906
28.832870114000798,15.549695999999999,62.125
28.844874930000515,15.588864,62.406
28.85690041900034,15.549695999999999,61.968
28.86888062700018,15.549695999999999,62.218
28.8808842920007,15.510528,61.906
28.893188157000623,15.510528,61.968
28.905333873000018,15.549695999999999,62.031
28.9176386980007,15.549695999999999,62.281
28.92980204700052,15.549695999999999,61.875
28.94183147200056,15.588864,62.125
28.954009478000444,15.588864,61.875
28.96602443900065,15.549695999999999,62.093
28.97805213600077,15.510528,61.875
28.990026391000356,15.47136,62.0
29.002070793000712,15.432191999999999,62.218
29.014225694000743,15.432191999999999,61.906
29.02793075000045,15.432191999999999,61.781
29.039936623000358,15.47136,62.0
29.053418153000166,15.47136,61.718
29.065799364000668,15.47136,61.968
29.077965369000594,15.549695999999999,62.25
29.090170254999975,15.549695999999999,61.906
29.102220865000163,15.549695999999999,62.187
29.114666205000503,15.549695999999999,62.093
29.126818450000428,15.588864,61.875
29.138829795000674,15.588864,62.062
29.1508621640005,15.588864,62.343
29.16302711300068,15.549695999999999,61.875
29.17531241800043,15.510528,62.25
29.187321778000296,15.510528,61.937
29.19932233899999,15.432191999999999,62.125
29.21137618100056,15.432191999999999,61.875
29.223379652999938,15.432191999999999,62.031
29.23532754000007,15.47136,62.312
29.247317860000294,15.47136,61.968
29.25931602000037,15.47136,62.187
29.27134083800047,15.47136,61.875
29.28330997300054,15.47136,62.125
29.295313062000787,15.510528,61.906
29.307327989999976,15.510528,62.0
29.31931603800058,15.549695999999999,62.281
29.33130331800021,15.549695999999999,62.25
29.3433102150002,15.510528,61.937
29.355388794000646,15.549695999999999,62.093
29.367353033000654,15.588864,61.843
29.37934751300054,15.549695999999999,62.0
29.391330793000634,15.588864,62.343
29.403434204000405,15.588864,61.843
29.41548913400038,15.588864,62.125
29.427483647000372,15.628032,61.875
29.439504464000493,15.549695999999999,62.093
29.451518048000253,15.510528,61.843
29.463744407000377,15.47136,61.968
29.475807657000587,15.432191999999999,62.093
29.48866872200051,15.353856,62.062
29.50098487500054,15.353856,61.75
29.51323446600054,15.353856,61.968
29.526814239000487,15.393023999999999,61.75
29.53934076600035,15.432191999999999,61.937
29.55146533000061,15.47136,62.187
29.563654024000243,15.47136,61.875
29.575764571000036,15.510528,61.968
29.590146415000163,15.510528,62.062
29.602434567000273,15.510528,61.875
29.614452280000478,15.510528,62.031
29.626484905000325,15.510528,62.343
29.638485978000062,15.47136,61.968
29.65047889000016,15.47136,62.218
29.66247647399996,15.432191999999999,62.156
29.674451050000243,15.393023999999999,61.875
29.68644857000072,15.393023999999999,62.0
29.698451147000014,15.393023999999999,62.375
29.710468283999944,15.432191999999999,61.906
29.72258603099999,15.432191999999999,62.281
29.734670722000374,15.432191999999999,61.906
29.746683123000366,15.432191999999999,62.093
29.758711908000805,15.432191999999999,61.875
29.770693460000075,15.47136,62.093
29.782715941000788,15.510528,62.312
29.794739190000655,15.510528,61.906
29.806782855000165,15.510528,62.25
29.8188325050005,15.47136,61.937
29.830843850000747,15.510528,62.187
29.84284585000023,15.549695999999999,61.843
29.854876268000226,15.549695999999999,61.937
29.866863356000067,15.549695999999999,62.187
29.878830795000795,15.549695999999999,61.906
29.890834428000744,15.588864,62.031
29.90293403100077,15.588864,62.0
29.915162534000046,15.549695999999999,61.875
29.927208183000403,15.47136,61.968
29.9392337040008,15.432191999999999,62.156
29.95126082600018,15.393023999999999,61.781
29.964434443000755,15.393023999999999,62.125
29.977756640000734,15.432191999999999,62.031
29.991068341000755,15.432191999999999,61.687
30.004572944000756,15.47136,61.906
30.016720068000723,15.47136,62.187
30.028865625000435,15.510528,62.093
30.041025774000445,15.549695999999999,61.812
30.05312790500011,15.549695999999999,62.125
30.06756322199999,15.549695999999999,61.812
30.079693354000483,15.510528,62.343
30.092201352000302,15.47136,61.875
30.10446134400081,15.47136,62.187
30.116473361000317,15.432191999999999,61.875
30.1285225620004,15.393023999999999,62.156
30.140554356000393,15.393023999999999,61.875
30.152555908000068,15.353856,61.937
30.164561141000377,15.353856,62.312
30.176580197000476,15.353856,61.875
30.188582902000235,15.393023999999999,62.187
30.200595303000227,15.393023999999999,62.0
30.212600183000177,15.393023999999999,62.093
30.22460618400055,15.393023999999999,61.906
30.236626457000057,15.393023999999999,62.0
30.248629289000746,15.432191999999999,62.312
30.260676219000743,15.47136,61.968
30.272665547000543,15.47136,62.218
30.284665499000766,15.47136,61.875
30.29667086000063,15.47136,62.093
30.30866863600022,15.47136,61.937
30.32064356400042,15.510528,62.281
30.332640764000644,15.510528,61.875
30.344662669000172,15.510528,62.156
30.35667244600063,15.510528,61.843
30.36866225400081,15.549695999999999,62.0
30.380663838000146,15.549695999999999,61.75
30.39266916700035,15.47136,61.968
30.404827971000486,15.432191999999999,62.281
30.41680504300075,15.432191999999999,61.812
30.428775235000103,15.353856,62.125
30.441193215000567,15.353856,61.812
30.454903519000254,15.393023999999999,61.718
30.4681033450006,15.432191999999999,61.875
30.48169575800057,15.432191999999999,62.218
30.493853059000685,15.47136,62.156
30.506069145000765,15.510528,61.843
30.518243342999995,15.510528,62.062
30.530492774000777,15.510528,61.937
30.545486474000427,15.510528,62.343
30.55786768500002,15.549695999999999,61.937
30.56999893700049,15.549695999999999,62.218
30.58206180400066,15.510528,61.875
30.594071643999996,15.47136,62.125
30.60624104100043,15.47136,61.875
30.618245762000697,15.47136,62.062
30.630265107000014,15.393023999999999,62.343
30.642282755999986,15.432191999999999,61.906
30.654420056000163,15.432191999999999,62.218
30.66657742100051,15.432191999999999,61.875
30.67867619200024,15.432191999999999,62.093
30.690417737000644,15.393023999999999,61.843
30.701860361999934,15.393023999999999,62.375
30.715122685000097,15.393023999999999,61.968
30.727553434000583,15.432191999999999,62.25
30.739923253000597,15.47136,61.875
30.75228468700061,15.47136,62.156
30.76467037800012,15.432191999999999,61.968
30.777247818999967,15.47136,62.062
30.78965914300079,15.47136,61.968
30.802201702000275,15.510528,62.281
30.814631427000677,15.510528,61.875
30.827037022000695,15.510528,62.093
30.839408985000773,15.510528,61.75
30.851783252000132,15.549695999999999,62.093
30.86426171400035,15.510528,62.375
30.876620876000743,15.47136,62.281
30.889000263000526,15.432191999999999,61.843
30.90138086600018,15.393023999999999,62.093
30.916270500000792,15.393023999999999,61.906
30.93058037300034,15.393023999999999,61.906
30.94475283400061,15.432191999999999,62.218
30.958934928000417,15.47136,62.093
30.97180930400009,15.549695999999999,61.906
30.98462944000039,15.549695999999999,62.031
30.997325860000274,15.588864,61.843
31.009974565999983,15.588864,62.312
31.02532398800031,15.588864,62.312
31.038145884000187,15.628032,61.875
31.05064988200047,15.628032,62.218
31.06302395700004,15.588864,61.843
31.07540302400048,15.549695999999999,62.062
31.08776909900007,15.549695999999999,62.375
31.100125253000442,15.510528,61.937
31.11250976000065,15.510528,62.187
31.12480764100019,15.510528,62.093
31.137243701000443,15.510528,61.937
31.149557519000155,15.510528,62.187
31.161946698000065,15.549695999999999,62.437
31.174450664000688,15.549695999999999,62.062
31.18683165099992,15.549695999999999,62.25
31.199141596000118,15.588864,62.125
31.211580569000034,15.588864,61.843
31.223925267000595,15.628032,62.156
31.236230668000644,15.588864,61.937
31.248544805000165,15.588864,62.031
31.260865822000596,15.588864,62.218
31.273168055000497,15.628032,61.937
31.285472688000482,15.549695999999999,62.031
31.297811914000704,15.549695999999999,62.125
31.310189957000148,15.549695999999999,61.75
31.322523167000327,15.588864,61.875
31.334831320000376,15.588864,62.281
31.347118800000317,15.47136,61.875
31.359452938000686,15.47136,62.125
31.37179126800038,15.432191999999999,61.812
31.385969361000207,15.353856,61.75
31.399929464000707,15.353856,62.218
31.414267914000447,15.393023999999999,62.093
31.428436599000634,15.432191999999999,61.875
31.442789130000165,15.47136,62.093
31.455447756000467,15.510528,62.0
31.46872236800027,15.549695999999999,61.812
31.481418948000282,15.588864,62.312
31.49693119099993,15.588864,61.937
31.509147597000265,15.588864,62.218
31.52122390400018,15.588864,61.937
31.533517945000312,15.549695999999999,62.093
31.545651437000743,15.549695999999999,61.875
31.557695550000062,15.510528,61.875
31.56978520100074,15.510528,62.343
31.58198407100008,15.47136,62.187
31.594162460000007,15.47136,61.875
31.606539991000318,15.47136,62.156
31.618601353000486,15.47136,61.875
31.630645435000588,15.510528,61.968
31.642702157000713,15.510528,62.375
31.654897539000558,15.510528,61.968
31.666892307000126,15.510528,62.125
31.678892579000603,15.549695999999999,61.906
31.690927188999922,15.549695999999999,62.093
31.702992518999963,15.588864,61.875
31.715061945000343,15.549695999999999,62.031
31.727132971000174,15.549695999999999,62.25
31.73912943600044,15.588864,61.906
31.75112679600079,15.588864,62.187
31.76315334100036,15.588864,61.968
31.775141101000372,15.588864,61.781
31.787140189000638,15.588864,61.937
31.799123693000183,15.628032,62.187
31.81132025900024,15.588864,61.937
31.823382453000704,15.510528,62.125
31.83538083700023,15.47136,61.781
31.847389846000624,15.47136,61.968
31.86103662900041,15.432191999999999,61.968
31.87450961400009,15.432191999999999,62.125
31.888136076000592,15.393023999999999,61.781
31.90072817300006,15.393023999999999,62.031
31.912960676000694,15.432191999999999,62.0
31.925143705000664,15.47136,61.718
31.937433778000013,15.47136,61.875
31.9495529980004,15.510528,62.312
31.963326600000073,15.510528,61.906
31.975361241000428,15.510528,62.187
31.987381802000527,15.549695999999999,61.843
31.999395322000055,15.549695999999999,62.093
32.01148494100016,15.510528,62.0
32.024104431000524,15.47136,62.187
32.03643869700045,15.47136,62.031
32.04867238400038,15.432191999999999,62.093
32.060790227000325,15.432191999999999,61.937
32.072986313,15.432191999999999,62.031
32.0850614990004,15.432191999999999,61.843
32.097159791000195,15.432191999999999,62.031
32.10935277200042,15.47136,62.312
32.1214347110008,15.432191999999999,61.937
32.13344989600046,15.47136,62.156
32.145456376000766,15.510528,62.156
32.15758887600077,15.510528,61.875
32.169664895000096,15.549695999999999,62.125
32.18175048100056,15.549695999999999,62.343
32.19379987499997,15.510528,61.968
32.205829300000005,15.549695999999999,62.156
32.21789831000024,15.549695999999999,61.843
32.229967801000384,15.549695999999999,62.0
32.242012170000635,15.588864,61.812
32.25409855700036,15.588864,61.968
32.266261554000266,15.588864,62.187
32.278257026000574,15.588864,61.906
32.29024168200067,15.549695999999999,62.187
32.30223097800081,15.510528,61.843
32.31425717100046,15.47136,61.875
32.32625379500041,15.432191999999999,62.0
32.339910562000114,15.393023999999999,62.187
32.35230377300013,15.432191999999999,61.875
32.365867034000075,15.47136,62.0
32.37854809300006,15.47136,61.937
32.39064267200047,15.510528,61.687
32.40281254900037,15.549695999999999,62.031
32.41495279300034,15.549695999999999,62.312
32.42758469900036,15.549695999999999,61.875
32.43989778000014,15.549695999999999,62.187
32.45196640700033,15.549695999999999,61.875
32.46399548000045,15.588864,62.031
32.476001640000504,15.549695999999999,61.875
32.4874277530007,15.47136,61.937
32.49967107200064,15.393023999999999,62.218
32.5118438290001,15.393023999999999,61.875
32.52394292000008,15.393023999999999,62.218
32.5359673210005,15.353856,62.125
32.54801044300075,15.353856,61.906
32.56003426799998,15.393023999999999,61.875
32.572033548000036,15.393023999999999,62.343
32.584038908000366,15.393023999999999,61.937
32.596011532000375,15.393023999999999,62.187
32.6084649050008,15.432191999999999,61.937
32.62053061900042,15.47136,62.0
32.63273710500016,15.47136,61.875
32.64474829000028,15.510528,61.968
32.656870710000476,15.510528,62.375
32.66891111099994,15.47136,61.968
32.68090431100063,15.510528,62.156
32.692896679000114,15.510528,61.937
32.704911352000636,15.510528,62.0
32.71689549600069,15.549695999999999,62.312
32.72885336700074,15.549695999999999,62.25
32.740807718000724,15.549695999999999,62.187
32.752837463000105,15.588864,62.156
32.76502100500056,15.510528,61.906
32.777022749000025,15.47136,62.0
32.78899761299999,15.432191999999999,61.75
32.8009841890007,15.393023999999999,61.968
32.81451717600066,15.393023999999999,61.843
32.82808645200021,15.393023999999999,62.062
32.8415601100005,15.432191999999999,61.718
32.85485801899995,15.432191999999999,62.0
32.8670291440003,15.47136,61.937
32.879137291000006,15.510528,62.187
32.89121951800007,15.510528,61.875
32.90334616200016,15.549695999999999,62.156
32.916257275000135,15.549695999999999,61.843
32.92830279700047,15.549695999999999,62.031
32.94039961599992,15.549695999999999,61.812
32.95241220900061,15.549695999999999,62.031
32.964399745000264,15.510528,62.281
32.97641937800017,15.47136,62.031
32.98841485000048,15.47136,62.125
33.000385425000786,15.432191999999999,61.937
33.012355297000795,15.432191999999999,62.062
33.02434568100034,15.432191999999999,62.062
33.03634134500044,15.432191999999999,62.343
33.04834852900058,15.432191999999999,62.0
33.0603333450008,15.47136,62.187
33.07232974500039,15.47136,61.937
33.08453059900057,15.47136,62.031
33.09683868800039,15.432191999999999,61.843
33.10803817000033,15.47136,61.968
33.12006551500053,15.47136,62.312
33.13206373899993,15.510528,61.937
33.14405630000056,15.432191999999999,62.218
33.1560903970003,15.47136,61.875
33.168285587000355,15.510528,61.968
33.18032550800035,15.510528,62.343
33.19236200500018,15.510528,61.937
33.20443229600005,15.510528,62.25
33.21645179999996,15.549695999999999,61.875
33.22845552900071,15.549695999999999,62.125
33.24044511300053,15.510528,61.968
33.25248935400032,15.47136,62.062
33.26450316299997,15.432191999999999,62.312
33.27652830000079,15.393023999999999,62.187
33.290023430000474,15.353856,61.812
33.30270781800027,15.393023999999999,62.062
33.31621802000063,15.432191999999999,61.968
33.32840633000069,15.432191999999999,61.75
33.34068875400044,15.47136,61.937
33.35299783500068,15.510528,62.218
33.36521097700006,15.510528,61.875
33.37854207100008,15.549695999999999,62.125
33.390249791000315,15.549695999999999,61.906
33.40242558800037,15.549695999999999,62.062
33.41446819800058,15.588864,62.375
33.426497655000276,15.549695999999999,62.312
33.43855821700072,15.549695999999999,61.875
33.450830721000784,15.510528,62.156
33.4628555700001,15.510528,61.906
33.4748622420002,15.432191999999999,62.0
33.48692910900081,15.432191999999999,61.812
33.49893494900061,15.47136,61.968
33.51092725300077,15.47136,62.312
33.52290826100034,15.47136,62.0
33.535063738000645,15.47136,62.156
33.54704823300017,15.47136,61.875
33.55904645800001,15.510528,62.062
33.57101920900004,15.510528,62.375
33.58302972199999,15.549695999999999,61.968
33.59512254100082,15.549695999999999,62.218
33.60712834900005,15.549695999999999,61.906
33.619150894000086,15.549695999999999,62.125
33.631198080000104,15.588864,62.031
33.6433447240006,15.588864,61.875
33.65546890400037,15.588864,61.937
33.66755759500029,15.588864,62.218
33.67960970900003,15.588864,61.875
33.691186545000164,15.549695999999999,62.0
33.70273877300042,15.588864,61.875
33.714844359999915,15.510528,62.093
33.726870649000375,15.47136,62.406
33.73890074600058,15.432191999999999,61.906
33.751075359000424,15.393023999999999,62.125
33.764701757000694,15.353856,61.843
33.77766692100067,15.393023999999999,61.781
33.79126125400035,15.432191999999999,61.906
33.80368086599992,15.432191999999999,62.25
33.81602566000038,15.47136,61.875
33.828160240000216,15.510528,62.187
33.84035645300082,15.510528,62.093
33.853703676000805,15.549695999999999,61.875
33.86548096600018,15.549695999999999,62.031
33.87755176800056,15.549695999999999,61.875
33.889541032000125,15.549695999999999,62.031
33.901524184000664,15.510528,62.312
33.91350327100008,15.510528,61.968
33.925499480000326,15.47136,62.156
33.93749402400044,15.47136,61.875
33.94944399100041,15.393023999999999,62.031
33.96142602200052,15.393023999999999,62.375
33.97339557400028,15.432191999999999,61.937
33.98536790900016,15.432191999999999,62.281
33.99741163900035,15.432191999999999,61.968
34.00939722300063,15.432191999999999,62.125
34.021446424000715,15.432191999999999,61.906
34.033433736000006,15.47136,62.375
34.0454247280004,15.47136,61.968
34.05743709700073,15.510528,62.25
34.06939788,15.549695999999999,62.0
34.08136083900081,15.510528,62.25
34.09334933500031,15.510528,61.906
34.10532704700017,15.549695999999999,62.0
34.117293654000605,15.549695999999999,62.375
34.12925491700025,15.549695999999999,61.937
34.14123326900062,15.588864,62.281
34.15330035900024,15.549695999999999,61.875
34.165255350000734,15.588864,62.0
34.17722765400049,15.588864,61.843
34.1892659110008,15.510528,61.968
34.20128199200008,15.47136,62.406
34.21328840800015,15.432191999999999,61.812
34.22528333700029,15.393023999999999,62.187
34.23864524700002,15.393023999999999,62.0
34.25102268200044,15.432191999999999,61.75
34.26471823400061,15.47136,61.875
34.27751676800017,15.47136,62.281
34.28968651700052,15.432191999999999,62.125
34.30198756600021,15.432191999999999,61.843
34.3142401970008,15.47136,61.937
34.32664230499995,15.47136,61.843
34.338811254000575,15.47136,61.906
34.35084823100078,15.47136,62.343
34.362889145000736,15.47136,61.968
34.37489396100045,15.47136,62.218
34.38688348100004,15.432191999999999,61.875
34.39889588200003,15.432191999999999,62.125
34.41104111799996,15.393023999999999,61.843
34.42307364700082,15.353856,62.031
34.43508316800035,15.353856,62.375
34.44711185699998,15.353856,62.031
34.45915603400044,15.393023999999999,62.218
34.47117605099993,15.393023999999999,62.125
34.483217701000285,15.393023999999999,61.906
34.49524418200053,15.393023999999999,62.093
34.50730026400015,15.393023999999999,62.312
34.51932904900059,15.432191999999999,61.968
34.53137802600031,15.47136,62.218
34.543355322000025,15.510528,61.875
34.55534545000046,15.510528,62.187
34.567345018000196,15.47136,61.906
34.57932247400004,15.510528,62.0
34.591311290000704,15.510528,62.312
34.6034362700002,15.510528,61.937
34.615681797000434,15.549695999999999,62.031
34.62769090100028,15.549695999999999,61.843
34.639679493000585,15.549695999999999,62.0
34.65150747300049,15.588864,61.843
34.66375812000024,15.510528,62.0
34.675837306000176,15.47136,62.218
34.687854443000106,15.432191999999999,62.156
34.69986322800014,15.393023999999999,61.75
34.71353877900037,15.393023999999999,62.031
34.72726722800053,15.393023999999999,61.937
34.73946027300008,15.432191999999999,62.156
34.75164227900041,15.47136,61.812
34.76337326400062,15.47136,62.125
34.77572324200082,15.510528,61.843
34.787808028000654,15.549695999999999,62.0
34.799929840000004,15.549695999999999,61.812
34.81220592800037,15.549695999999999,62.031
34.82428485800028,15.549695999999999,62.312
34.83631486000013,15.549695999999999,61.906
34.84834863700053,15.549695999999999,62.156
34.860357357000794,15.510528,61.875
34.87236825400032,15.47136,62.062
34.884426096000425,15.47136,61.906
34.89687230100026,15.393023999999999,62.281
34.90899270400041,15.314688,61.937
34.920989680000275,15.353856,62.25
34.93297897600041,15.353856,61.875
34.94503726600033,15.353856,62.031
34.95702204999998,15.393023999999999,61.875
34.96901691400035,15.393023999999999,62.031
34.98098912200021,15.393023999999999,62.343
34.99296916900039,15.432191999999999,62.031
35.00503664400003,15.432191999999999,62.125
35.017030900000464,15.47136,61.937
35.02900406700064,15.47136,62.093
35.04097345900027,15.432191999999999,61.843
35.05300278800041,15.47136,62.031
35.064966867000294,15.47136,62.187
35.076962658999946,15.47136,61.906
35.08893633900061,15.510528,62.062
35.100905314000556,15.510528,61.843
35.11288859400065,15.510528,61.875
35.12487718600005,15.549695999999999,62.375
35.13687883400053,15.510528,61.968
35.148869762000686,15.432191999999999,62.156
35.160919732000366,15.393023999999999,61.937
35.17301376700016,15.393023999999999,61.843
35.18656560199997,15.353856,61.937
35.199926105000486,15.353856,61.875
35.21308119300011,15.393023999999999,62.093
35.22653027400065,15.432191999999999,61.812
35.23873986400031,15.432191999999999,62.093
35.25095063800018,15.47136,61.75
35.263019201000134,15.510528,61.968
35.27516910900067,15.510528,61.968
35.28770034000081,15.510528,62.281
35.29984519300069,15.549695999999999,61.968
35.31203779000043,15.549695999999999,62.218
35.32412488099999,15.549695999999999,61.906
35.33621069200035,15.510528,62.125
35.348285494000265,15.47136,61.812
35.36036400800003,15.47136,61.968
35.372463803000755,15.432191999999999,62.218
35.38458187100059,15.432191999999999,61.937
35.39667628999996,15.432191999999999,62.125
35.40867269000046,15.432191999999999,61.843
35.420674786000745,15.432191999999999,62.031
35.43272642000011,15.47136,62.093
35.44477408600051,15.47136,62.281
35.45683468000061,15.47136,61.937
35.46884221600067,15.510528,62.125
35.48084373600068,15.510528,61.875
35.49306951900053,15.47136,62.031
35.504675636000684,15.47136,61.875
35.51666746000046,15.432191999999999,61.968
35.528705045000606,15.47136,62.281
35.540669413000614,15.47136,61.906
35.55274328700034,15.47136,62.187
35.56473405500037,15.510528,61.843
35.57673957499992,15.510528,62.0
35.58873316000063,15.510528,62.343
35.600765081000645,15.549695999999999,61.937
35.612927853000656,15.510528,62.281
35.62494115000027,15.432191999999999,61.875
35.63695383899994,15.393023999999999,62.093
35.64911760400082,15.393023999999999,61.937
35.663041546000386,15.353856,61.625
35.676810732000376,15.393023999999999,62.187
35.69038410400026,15.393023999999999,61.812
35.70446129800075,15.432191999999999,61.812
35.716917583000395,15.432191999999999,62.0
35.72909344500022,15.47136,61.75
35.74118866400022,15.510528,61.906
35.75349076800012,15.510528,61.906
35.768681850000576,15.510528,62.156
35.780795053000475,15.510528,61.875
35.79289078400052,15.510528,62.156
35.80494827400071,15.510528,61.812
35.81695142600074,15.47136,62.062
35.8289270260002,15.432191999999999,62.312
35.84090384200044,15.432191999999999,61.968
35.85288305700033,15.393023999999999,62.187
35.8648695690008,15.393023999999999,61.875
35.87690222600031,15.393023999999999,62.031
35.88887069000066,15.393023999999999,61.875
35.90090072300063,15.432191999999999,61.937
35.91312612100046,15.432191999999999,62.312
35.9251727310002,15.432191999999999,62.218
35.937208236000515,15.47136,61.875
35.949212348999936,15.47136,62.031
35.96124791800048,15.510528,61.843
35.97327580700039,15.510528,62.0
35.985335473000305,15.47136,62.375
35.99732851299996,15.510528,61.937
36.009332465000625,15.510528,62.187
36.02132688100028,15.510528,61.875
36.03332296100052,15.549695999999999,62.0
36.045502055000725,15.549695999999999,61.812
36.057516567000675,15.549695999999999,61.906
36.069503143000475,15.588864,62.187
36.081490519,15.588864,61.906
36.09349226300037,15.432191999999999,62.062
36.10509911600002,15.393023999999999,61.843
36.117125981000754,15.353856,61.875
36.12916535900058,15.314688,61.781
36.14234473600027,15.314688,62.125
36.15551112100002,15.353856,61.843
36.16774340000029,15.393023999999999,62.062
36.181602156000736,15.393023999999999,61.968
36.19356805900043,15.432191999999999,61.812
36.20546442500017,15.47136,61.906
36.21766975900027,15.510528,62.281
36.229824787000325,15.510528,61.906
36.2433001090003,15.549695999999999,62.125
36.25538959900041,15.549695999999999,61.875
36.267394384,15.549695999999999,62.031
36.27937375900001,15.510528,61.875
36.29138724800032,15.510528,61.968
36.30344886600051,15.47136,62.312
36.315445938000266,15.47136,62.25
36.327455939000174,15.432191999999999,61.937
36.339485012000296,15.432191999999999,62.093
36.35147830799997,15.432191999999999,61.812
36.36346760400011,15.432191999999999,62.062
36.37549699700048,15.432191999999999,62.343
36.38751471000069,15.47136,61.906
36.39951101400038,15.47136,62.187
36.41153704700082,15.47136,61.843
36.42354579900075,15.510528,62.125
36.435529334999956,15.510528,61.812
36.44767191500068,15.549695999999999,62.0
36.459688892000486,15.510528,62.343
36.47175566200076,15.510528,61.968
36.483792127000015,15.510528,62.093
36.495859057000416,15.549695999999999,61.875
36.507944356000735,15.549695999999999,62.0
36.519956531999924,15.549695999999999,62.375
36.53197709300002,15.549695999999999,61.875
36.54398885400042,15.588864,62.093
36.55603344700012,15.588864,62.093
36.56804632800049,15.47136,61.718
36.580082313000275,15.47136,62.031
36.59211580200008,15.47136,61.656
36.60445070800051,15.393023999999999,61.906
36.61669818700011,15.393023999999999,62.187
36.629078982000465,15.432191999999999,61.812
36.642454269000154,15.47136,61.75
36.65476962200046,15.47136,62.0
36.66720840200014,15.510528,61.718
36.67969281600017,15.549695999999999,61.906
36.69226728100057,15.510528,61.812
36.70768796900029,15.47136,62.0
36.71985186100028,15.47136,61.875
36.731897639000636,15.510528,62.093
36.743921880000016,15.510528,61.843
36.75598333800008,15.47136,62.0
36.76799465000022,15.432191999999999,62.281
36.780062733000705,15.432191999999999,62.125
36.79256058700048,15.432191999999999,61.906
36.80504919300074,15.353856,62.062
36.81738576200041,15.393023999999999,61.812
36.829784926000684,15.393023999999999,62.0
36.84215810400019,15.393023999999999,62.312
36.85460693300047,15.393023999999999,61.937
36.86703643300007,15.432191999999999,62.187
36.879376235000564,15.432191999999999,62.093
36.89171357300074,15.432191999999999,61.875
36.90414240100017,15.47136,62.031
36.91648223500033,15.510528,62.281
36.92877819500063,15.510528,61.937
36.94109831700007,15.47136,62.218
36.953404197000054,15.47136,61.875
36.96586544300044,15.510528,61.843
36.978172507000636,15.510528,61.906
36.990472852000494,15.549695999999999,62.218
37.00283268600015,15.549695999999999,61.875
37.015141255000344,15.549695999999999,62.187
37.02755177900053,15.549695999999999,61.875
37.03982105100022,15.510528,62.125
37.0518959810006,15.47136,61.875
37.06394585399994,15.432191999999999,61.875
37.075990031999936,15.393023999999999,61.906
37.08952893900005,15.393023999999999,62.156
37.10331777400006,15.432191999999999,62.125
37.11689818600007,15.432191999999999,61.687
37.12959793400023,15.47136,61.906
37.14184749300057,15.510528,62.312
37.15421795200018,15.510528,61.875
37.16631105900069,15.549695999999999,62.125
37.17876792000061,15.549695999999999,62.156
37.191042086999914,15.549695999999999,61.843
37.20320876400001,15.549695999999999,62.062
37.21534747200076,15.549695999999999,62.406
37.22741885100004,15.549695999999999,61.968
37.23948894900059,15.510528,62.187
37.251573862999976,15.47136,61.875
37.263639833000525,15.47136,62.156
37.27573550000034,15.432191999999999,61.843
37.28784848000032,15.432191999999999,62.031
37.299361986000804,15.393023999999999,62.312
37.311519191000116,15.353856,61.906
37.323590857000454,15.353856,62.156
37.33561868200013,15.393023999999999,61.875
37.3477049410003,15.393023999999999,62.125
37.35980352000024,15.393023999999999,62.062
37.37187480200009,15.432191999999999,62.406
37.383929827999964,15.47136,61.937
37.396010006000324,15.47136,62.25
37.408122345000265,15.47136,61.968
37.42019775600056,15.47136,62.125
37.432247469000686,15.47136,61.75
37.44427721400007,15.510528,61.968
37.45635556900015,15.510528,62.281
37.46838105799998,15.510528,61.906
37.48042094700031,15.510528,62.125
37.49243990800005,15.549695999999999,61.875
37.50459045600019,15.549695999999999,62.0
37.51661754500037,15.47136,61.875
37.52877811000053,15.432191999999999,62.0
37.54077172600046,15.432191999999999,62.218
37.55331447700064,15.353856,62.093
37.56618178200006,15.353856,61.75
37.579078847000346,15.393023999999999,62.0
37.59191693499997,15.432191999999999,61.718
37.60429622600077,15.47136,62.25
37.61686166600066,15.47136,61.937
37.629047351000736,15.510528,62.125
37.64115290600057,15.510528,62.093
37.65624603300057,15.510528,61.843
37.668496168000274,15.549695999999999,61.937
37.68069388599997,15.549695999999999,61.843
37.692993878999914,15.549695999999999,62.031
37.70505181700082,15.510528,62.218
37.717205468999964,15.510528,61.875
37.729546967000715,15.47136,62.062
37.741857872000764,15.47136,61.843
37.75404371700006,15.432191999999999,61.968
37.76604194100037,15.432191999999999,62.0
37.778080423000574,15.432191999999999,62.25
37.790212763000454,15.47136,61.906
37.80224449200068,15.47136,62.125
37.814686216000155,15.47136,61.812
37.82684054100082,15.47136,62.062
37.83893732800061,15.510528,62.343
37.85105737899994,15.510528,61.968
37.863101525000275,15.549695999999999,62.218
37.87518599100076,15.549695999999999,61.968
37.88727017000019,15.510528,62.125
37.898885151000286,15.47136,61.875
37.91136335700048,15.47136,61.968
37.92354152200005,15.47136,62.343
37.93560701200022,15.47136,62.187
37.947593492000124,15.510528,61.843
37.9596091250005,15.510528,62.0
37.97160453300057,15.510528,61.656
37.98358730000018,15.549695999999999,62.031
37.995580180000616,15.432191999999999,62.281
38.007600933000504,15.432191999999999,61.906
38.01962853400073,15.393023999999999,62.062
38.033515067000735,15.314688,62.062
38.04742777699994,15.314688,61.687
38.05976444299995,15.353856,61.906
38.07312177700078,15.353856,61.875
38.085529388000396,15.393023999999999,62.156
38.097795332000715,15.432191999999999,61.875
38.109941368000364,15.47136,62.0
38.12207316400054,15.47136,61.781
38.13423721700019,15.47136,62.0
38.14570768200065,15.510528,61.812
38.15781813400008,15.510528,61.937
38.169906183999956,15.510528,62.25
38.1819440900008,15.510528,61.937
38.1940072110001,15.47136,62.031
38.206036604000474,15.432191999999999,61.75
38.21803185299996,15.432191999999999,62.0
38.23007667000002,15.393023999999999,62.343
38.24214712000048,15.393023999999999,61.968
38.25432502900003,15.393023999999999,62.187
38.26647061800031,15.393023999999999,62.156
38.27848765800081,15.432191999999999,61.843
38.290569117000814,15.432191999999999,62.062
38.30262187000062,15.432191999999999,62.312
38.314704545000495,15.47136,61.937
38.32685739700082,15.47136,62.25
38.33895450399996,15.510528,61.875
38.351053499000045,15.510528,62.093
38.36315329400077,15.47136,61.875
38.3752270720006,15.510528,62.031
38.387277010000616,15.510528,62.25
38.399345508000806,15.510528,61.875
38.411354645000756,15.549695999999999,62.187
38.423405862000436,15.549695999999999,61.906
38.43542703100047,15.549695999999999,62.093
38.44744039200032,15.588864,61.812
38.45948661700004,15.549695999999999,62.343
38.471557067000504,15.47136,61.875
38.48357228400073,15.432191999999999,62.093
38.49557370799994,15.393023999999999,61.687
38.509831835000114,15.27552,61.656
38.523577501000545,15.314688,61.875
38.536772942000425,15.314688,62.218
38.550378603000354,15.353856,62.125
38.56269658100064,15.393023999999999,61.843
38.574846745000286,15.432191999999999,62.0
38.58691469900077,15.432191999999999,61.781
38.599062687000696,15.47136,61.937
38.613295982000636,15.47136,61.937
38.62543750600071,15.47136,62.25
38.637430642000254,15.47136,61.875
38.6494032340006,15.47136,62.187
38.661383792999914,15.47136,61.812
38.67334003199994,15.432191999999999,61.968
38.68531515199993,15.432191999999999,61.812
38.697305504000724,15.393023999999999,61.906
38.70930785600012,15.353856,62.218
38.72157418400002,15.393023999999999,61.906
38.733630777000144,15.393023999999999,62.156
38.74613285600026,15.393023999999999,61.843
38.758382607000385,15.432191999999999,62.062
38.77051177900012,15.393023999999999,62.406
38.782500946000255,15.432191999999999,61.937
38.79451117100052,15.47136,61.906
38.807023585000024,15.47136,62.125
38.81903400200008,15.510528,61.875
38.83107657900018,15.510528,62.0
38.84309016400039,15.47136,61.843
38.85512595700038,15.510528,62.0
38.86709250000058,15.510528,62.187
38.87925693700072,15.510528,61.875
38.89132498700019,15.549695999999999,62.093
38.90339671700076,15.549695999999999,61.75
38.91543731100046,15.549695999999999,61.968
38.92754504200002,15.588864,62.281
38.9397426000005,15.510528,61.906
38.952091938000194,15.47136,62.156
38.964168692000385,15.432191999999999,61.968
38.976267271000324,15.393023999999999,61.781
38.99014862000058,15.353856,61.968
39.002851888000805,15.393023999999999,61.906
39.01625549500022,15.432191999999999,62.125
39.02848953400007,15.432191999999999,61.75
39.040680115000214,15.47136,62.062
39.052851048000775,15.510528,61.812
39.06510816000082,15.510528,61.937
39.077502746999926,15.510528,61.75
39.089232163000815,15.549695999999999,61.875
39.101194931000464,15.432191999999999,62.156
39.11248558300031,15.47136,61.875
39.12454684900058,15.47136,62.156
39.13657291400068,15.432191999999999,61.843
39.14861549100078,15.393023999999999,61.937
39.16061825900033,15.393023999999999,62.375
39.17261974700068,15.393023999999999,61.937
39.18469483800072,15.353856,62.125
39.19666621300075,15.353856,62.125
39.208672757000386,15.353856,61.843
39.22066499700031,15.393023999999999,61.968
39.23263435700028,15.393023999999999,62.375
39.24462707700059,15.393023999999999,61.968
39.2566949990005,15.393023999999999,62.218
39.26881133799998,15.432191999999999,61.781
39.28078978600024,15.47136,62.125
39.292774281000675,15.47136,61.812
39.304837723000674,15.510528,62.125
39.31695870300064,15.432191999999999,62.375
39.32892489400001,15.47136,61.875
39.34088177300055,15.47136,62.093
39.35290899000029,15.510528,61.875
39.36489777400038,15.510528,62.0
39.37689388600029,15.510528,61.812
39.389041714000086,15.510528,61.875
39.40103440200073,15.549695999999999,62.281
39.413019890000214,15.510528,61.906
39.42502355400029,15.47136,62.0
39.43704501100001,15.393023999999999,61.937
39.44911238900022,15.393023999999999,61.718
39.46184804200038,15.353856,61.875
39.474447755000256,15.393023999999999,62.218
39.48804397599997,15.432191999999999,62.125
39.50151478499993,15.432191999999999,61.687
39.51377205600056,15.432191999999999,62.031
39.525946189000024,15.510528,61.781
39.53805350500079,15.510528,61.906
39.55019611700027,15.510528,62.218
39.563499113000034,15.549695999999999,62.218
39.57557478000035,15.549695999999999,61.875
39.58795394200024,15.549695999999999,62.093
39.60019230100079,15.549695999999999,61.843
39.61240317100055,15.510528,62.031
39.624571864000245,15.47136,62.343
39.636675243000354,15.47136,61.875
39.64879151900004,15.432191999999999,62.218
39.6609111860007,15.432191999999999,61.875
39.67302464600016,15.432191999999999,62.031
39.685131193000416,15.432191999999999,62.062
39.697242795999955,15.432191999999999,61.875
39.7092105870006,15.353856,61.937
39.72133719900012,15.393023999999999,62.156
39.73341468900071,15.393023999999999,61.875
39.74548379499993,15.432191999999999,62.156
39.75756605400056,15.432191999999999,61.843
39.77166100900013,15.47136,62.062
39.78394484100045,15.47136,62.062
39.796238401000664,15.432191999999999,62.312
39.80837982899993,15.47136,61.906
39.82047911200061,15.510528,62.0
39.83263823700054,15.510528,61.812
39.84462810900004,15.510528,61.937
39.85667523000029,15.510528,62.312
39.86866494200058,15.549695999999999,61.875
39.880804322000586,15.549695999999999,62.156
39.89280968300045,15.47136,61.906
39.90494211800069,15.432191999999999,62.093
39.916923798000425,15.393023999999999,61.812
39.92893232700044,15.353856,61.968
39.941850640000666,15.353856,61.781
39.955700116000116,15.393023999999999,61.781
39.96981068800051,15.432191999999999,62.062
39.98254045200065,15.432191999999999,61.687
39.994987169000524,15.47136,61.968
40.00712917300007,15.510528,61.656
40.01935546700042,15.510528,61.937
40.03154195300067,15.510528,61.906
40.044982936999986,15.510528,62.062
40.057057708000684,15.549695999999999,61.875
40.069193599000755,15.510528,62.031
40.0812858420004,15.510528,61.843
40.09336550900025,15.47136,61.937
40.10550796100051,15.47136,62.25
40.117519561000336,15.47136,61.937
40.12949820100039,15.393023999999999,62.156
40.141488425000716,15.393023999999999,61.781
40.153455192000365,15.393023999999999,62.0
40.165442248000545,15.432191999999999,61.875
40.17740978300026,15.432191999999999,61.937
40.18944189600006,15.432191999999999,62.25
40.20141397499992,15.432191999999999,61.937
40.213397862999955,15.47136,62.093
40.225366262000534,15.47136,62.031
40.2373306290001,15.510528,61.812
40.24931950900009,15.549695999999999,62.031
40.261414408000746,15.510528,62.343
40.27343855300023,15.510528,61.875
40.28540986400003,15.510528,62.062
40.297397112,15.510528,61.718
40.308931610999934,15.47136,61.812
40.32090909800081,15.47136,62.218
40.332878842000355,15.47136,61.843
40.34504187000039,15.510528,62.093
40.3573694480001,15.510528,61.812
40.369549629000176,15.432191999999999,62.093
40.381832757000666,15.393023999999999,61.781
40.39403066700015,15.393023999999999,61.875
40.40684779399999,15.314688,61.875
40.419574262000424,15.314688,62.093
40.4333409840001,15.353856,61.781
40.44616819100065,15.393023999999999,61.812
40.45834917200045,15.393023999999999,61.875
40.470727375000024,15.432191999999999,61.781
40.48281536200011,15.47136,61.906
40.494910613000684,15.47136,62.156
40.508879676000106,15.47136,62.093
40.52114005100066,15.510528,61.875
40.53315779600052,15.510528,62.093
40.54517368500001,15.510528,61.875
40.55721485400045,15.510528,61.906
40.56921535000038,15.47136,62.281
40.581274408000354,15.432191999999999,61.875
40.59336540200002,15.432191999999999,62.156
40.60539537100067,15.393023999999999,61.875
40.6173771470003,15.393023999999999,61.937
40.62959419300023,15.393023999999999,61.812
40.64162112200029,15.393023999999999,62.031
40.65371080500063,15.432191999999999,62.281
40.66568054800064,15.432191999999999,61.875
40.67782232800073,15.432191999999999,62.093
40.68983472900072,15.432191999999999,61.906
40.70185039300031,15.47136,61.937
40.71385357800045,15.510528,62.375
40.7260092460001,15.510528,62.312
40.738002254000094,15.47136,62.0
40.750044799000534,15.510528,62.156
40.76205182400008,15.510528,61.781
40.77405968000039,15.510528,62.031
40.786072561000765,15.510528,62.281
40.79783980200045,15.549695999999999,61.906
40.81004001600013,15.549695999999999,62.125
40.822071521,15.588864,61.875
40.83414072300002,15.549695999999999,62.093
40.84617213199999,15.47136,61.718
40.85820344500007,15.432191999999999,61.937
40.87022631000036,15.432191999999999,62.187
40.88295642600042,15.393023999999999,62.156
40.89672474800045,15.393023999999999,61.75
40.91056084800039,15.353856,61.593
40.9238707250006,15.393023999999999,61.875
40.93541591200028,15.432191999999999,61.656
40.94752997900014,15.47136,61.875
40.95963214200037,15.47136,62.156
40.97190240600048,15.510528,61.875
40.98419023800034,15.510528,62.062
40.99650949500028,15.510528,61.843
41.008694156000274,15.510528,61.968
41.020809344000554,15.510528,62.375
41.03305125499992,15.510528,61.968
41.04507562300023,15.47136,62.156
41.05708869600039,15.47136,62.062
41.069078792000255,15.432191999999999,61.875
41.081050615000095,15.393023999999999,62.062
41.093061608000426,15.393023999999999,61.812
41.10518572300043,15.432191999999999,61.937
41.117190123,15.432191999999999,62.25
41.1292120600001,15.432191999999999,61.906
41.14122561300064,15.432191999999999,62.156
41.15329043100064,15.432191999999999,61.875
41.165287855000315,15.47136,62.062
41.17724089300009,15.510528,62.406
41.18923089300006,15.510528,61.968
41.20123871800024,15.549695999999999,62.218
41.21325953399992,15.510528,61.968
41.22550595700068,15.510528,62.125
41.237547639000695,15.510528,61.687
41.249623016999976,15.549695999999999,62.0
41.261653882000246,15.549695999999999,62.25
41.273644074,15.549695999999999,62.125
41.28562940100073,15.549695999999999,62.0
41.29760333700051,15.588864,62.031
41.30961343300078,15.588864,61.875
41.321646282000074,15.47136,61.968
41.33366031500009,15.432191999999999,62.343
41.34566842700042,15.432191999999999,61.843
41.35923930300032,15.393023999999999,61.875
41.372927559000345,15.393023999999999,61.937
41.38649638700008,15.432191999999999,61.75
41.40004147000036,15.432191999999999,61.656
41.411767590000636,15.47136,61.906
41.423908923000454,15.510528,62.156
41.43618920300014,15.549695999999999,61.812
41.44831277400044,15.549695999999999,62.031
41.460470267000346,15.549695999999999,61.843
41.47321103900049,15.549695999999999,62.0
41.485407828999996,15.549695999999999,62.375
41.49741014900064,15.549695999999999,61.875
41.50886634200015,15.47136,62.187
41.52088760700008,15.432191999999999,61.718
41.53244725900004,15.393023999999999,62.031
41.54444049100039,15.393023999999999,61.843
41.55644821900023,15.353856,61.937
41.56846878000033,15.353856,62.312
41.58051855700069,15.353856,61.906
41.59252302100049,15.353856,62.187
41.6046200640003,15.393023999999999,62.125
41.616775253000014,15.393023999999999,61.812
41.62876640500053,15.393023999999999,62.031
41.64078555700053,15.432191999999999,62.343
41.653002315000776,15.432191999999999,61.937
41.66508729399993,15.47136,62.187
41.67708820600001,15.510528,61.875
41.68912697500036,15.47136,62.187
41.70114315200044,15.47136,61.843
41.71321485000044,15.510528,61.906
41.725211634000516,15.510528,62.375
41.73726790799992,15.510528,61.843
41.74923873900025,15.510528,62.125
41.76124125100068,15.510528,61.781
41.77321019400006,15.549695999999999,62.031
41.78521123500013,15.549695999999999,61.781
41.79751100300018,15.47136,61.875
41.80965380700036,15.432191999999999,62.218
41.821253492000324,15.432191999999999,62.062
41.83472676600013,15.393023999999999,61.75
41.84832221800025,15.393023999999999,61.781
41.862031145999936,15.432191999999999,61.812
41.87503070999992,15.432191999999999,62.156
41.88671116600017,15.47136,61.875
41.89893483600008,15.510528,62.093
41.91107379999994,15.549695999999999,61.875
41.92319465100081,15.549695999999999,62.062
41.935326127000735,15.549695999999999,61.843
41.947241309000674,15.588864,61.968
41.95931639900027,15.588864,62.281
41.97135788800006,15.588864,62.218
41.98336750500039,15.549695999999999,61.875
41.99550394100061,15.510528,62.125
42.00754338200022,15.510528,61.843
42.019550214000446,15.47136,62.0
42.031566647000545,15.47136,62.375
42.04360157600058,15.47136,61.968
42.055716890999975,15.47136,62.187
42.06777866900029,15.47136,61.875
42.07977878100064,15.47136,62.093
42.091885008000645,15.47136,61.812
42.10399881900048,15.47136,61.968
42.11623634600073,15.47136,62.281
42.128221834000215,15.47136,61.875
42.14042361600059,15.47136,62.093
42.1524866740001,15.510528,61.843
42.16451782600052,15.47136,62.093
42.176531859000534,15.47136,61.937
42.188532195000334,15.510528,62.281
42.20055195600071,15.510528,61.875
42.21256701200036,15.510528,62.093
42.22459298100057,15.510528,61.781
42.2366300220001,15.549695999999999,62.0
42.248601781000616,15.588864,61.781
42.26064250300078,15.549695999999999,61.968
42.272635351000645,15.47136,62.25
42.28464631099996,15.432191999999999,61.812
42.296694872000444,15.432191999999999,62.031
42.30972855000073,15.393023999999999,61.968
42.32355645700045,15.393023999999999,61.625
42.33726823300003,15.432191999999999,62.218
42.35009841600004,15.47136,61.843
42.36176527099997,15.47136,62.093
42.37395924500015,15.510528,61.812
42.38606985600018,15.549695999999999,62.031
42.39820962000067,15.549695999999999,61.812
42.410371816000406,15.549695999999999,61.906
42.422663489000115,15.549695999999999,62.25
42.43476910800018,15.549695999999999,62.062
42.44680707700081,15.549695999999999,62.125
42.45882088500002,15.510528,61.875
42.47084115800044,15.510528,62.031
42.48286354300035,15.47136,61.875
42.494901416000175,15.432191999999999,62.0
42.506929273000424,15.432191999999999,62.156
42.51892650500031,15.432191999999999,61.968
42.53092690500034,15.47136,62.187
42.54291943299995,15.47136,62.031
42.55495641000016,15.47136,61.875
42.56704042799993,15.47136,62.062
42.579043101000025,15.47136,62.375
42.5910876300004,15.510528,61.968
42.60321068900066,15.549695999999999,62.187
42.61561084500045,15.549695999999999,61.875
42.62784005100002,15.549695999999999,62.062
42.63998339900081,15.549695999999999,61.937
42.6521834210007,15.549695999999999,61.906
42.66433979300018,15.588864,62.281
42.67635894600062,15.588864,61.906
42.688369331000104,15.588864,62.0
42.70045789300002,15.588864,61.781
42.71180025900048,15.549695999999999,61.937
42.723874325,15.549695999999999,61.875
42.73607281100067,15.549695999999999,62.25
42.74810553200041,15.47136,61.812
42.76038638800037,15.393023999999999,62.0
42.77242656500039,15.432191999999999,61.812
42.785819868000544,15.353856,62.0
42.798500031,15.393023999999999,61.875
42.81203727400043,15.432191999999999,62.187
42.825488179000786,15.432191999999999,61.75
42.837778379000156,15.47136,61.968
42.85032932300055,15.510528,61.968
42.862630371000705,15.510528,61.75
42.87489737100077,15.549695999999999,62.0
42.88825713700044,15.549695999999999,62.343
42.90042915800041,15.549695999999999,61.937
42.912539833000665,15.549695999999999,62.218
42.92464337199999,15.549695999999999,61.937
42.93668306900054,15.510528,62.062
42.9489708050005,15.47136,62.031
42.960694334000436,15.432191999999999,62.281
42.97279620900008,15.393023999999999,61.843
42.98481340900071,15.393023999999999,62.25
42.996846962000745,15.432191999999999,61.843
43.00886355500006,15.432191999999999,62.031
43.02083883400064,15.432191999999999,61.843
43.03289514000062,15.432191999999999,61.968
43.04494203700051,15.432191999999999,62.281
43.05701130300076,15.47136,61.875
43.069078264999916,15.47136,62.25
43.081099978000566,15.510528,61.875
43.09314492300018,15.549695999999999,62.125
43.10526801500055,15.549695999999999,61.875
43.11728652700003,15.510528,62.093
43.129537526000604,15.549695999999999,62.312
43.14157709600022,15.549695999999999,61.875
43.1535944240004,15.549695999999999,62.187
43.165655658000105,15.588864,62.093
43.17767605900008,15.588864,61.718
43.18966397800068,15.588864,61.875
43.201695387000655,15.588864,62.25
43.213750636999976,15.510528,61.843
43.22579100600069,15.47136,62.125
43.23778788600066,15.47136,61.625
43.249870016000386,15.393023999999999,62.0
43.26250608200007,15.393023999999999,61.875
43.27628621200074,15.432191999999999,62.187
43.28979491100017,15.47136,61.781
43.302375743000084,15.47136,62.0
43.31409498300036,15.432191999999999,61.75
43.32636195100076,15.432191999999999,61.875
43.3385601480004,15.47136,61.718
43.35113954100052,15.47136,62.312
43.362915390000126,15.510528,61.875
43.375002961000064,15.510528,62.156
43.38704288200006,15.510528,61.906
43.39906318700014,15.510528,62.156
43.41108627500034,15.47136,61.812
43.423088372000166,15.432191999999999,61.937
43.43510640400018,15.432191999999999,62.281
43.44712840500051,15.432191999999999,61.875
43.45913232500061,15.393023999999999,62.187
43.471116532999986,15.393023999999999,61.843
43.48313517299994,15.393023999999999,62.062
43.49512626100022,15.432191999999999,61.812
43.50712269300038,15.432191999999999,62.0
43.519357724000656,15.432191999999999,62.281
43.531476623000344,15.432191999999999,61.937
43.54353388900017,15.47136,62.187
43.555591667000044,15.47136,61.812
43.56761933100006,15.510528,62.062
43.57960958700005,15.510528,62.062
43.591572834000544,15.47136,62.312
43.603678516999935,15.510528,61.906
43.61574285500046,15.549695999999999,62.062
43.627786616000776,15.549695999999999,61.843
43.63996689400028,15.549695999999999,61.937
43.651970046000315,15.549695999999999,61.75
43.66399431800073,15.588864,61.843
43.67599766300009,15.588864,62.25
43.68803704000038,15.549695999999999,61.906
43.70004576000065,15.510528,62.125
43.7120624170002,15.47136,61.75
43.72407222500078,15.432191999999999,61.687
43.73779833700064,15.393023999999999,61.906
43.75019465300011,15.432191999999999,62.062
43.7627275800005,15.47136,61.75
43.77512101499997,15.47136,62.0
43.78732439600026,15.510528,61.718
43.799513186000695,15.549695999999999,62.0
43.81165848599994,15.549695999999999,61.687
43.82518155300022,15.549695999999999,62.25
43.83688920900022,15.549695999999999,61.906
43.8489329060003,15.588864,62.187
43.86094373800006,15.588864,61.843
43.872643330000756,15.588864,62.0
43.88511212699996,15.549695999999999,61.812
43.897176081,15.510528,61.968
43.90924480300055,15.47136,62.187
43.92140168700007,15.432191999999999,61.875
43.93260081700009,15.393023999999999,62.093
43.94478461400013,15.393023999999999,61.843
43.9568583600003,15.393023999999999,62.062
43.96891185000004,15.432191999999999,61.812
43.98087336900062,15.432191999999999,62.031
43.99284688800071,15.432191999999999,62.25
44.00502137300009,15.432191999999999,62.062
44.01704603000053,15.47136,61.843
44.029022589000306,15.47136,62.0
44.04131512599997,15.510528,61.812
44.05346986600034,15.549695999999999,62.0
44.06548633000057,15.47136,62.25
44.07747690600081,15.510528,61.875
44.0894381370008,15.510528,62.093
44.101428329000555,15.549695999999999,61.75
44.113412665000396,15.549695999999999,61.937
44.12542173700058,15.549695999999999,62.281
44.13738415200078,15.549695999999999,61.906
44.149358183000004,15.588864,62.125
44.16134699900067,15.549695999999999,61.937
44.17333498300013,15.47136,61.906
44.18532741400031,15.432191999999999,61.781
44.19729654999992,15.432191999999999,61.718
44.21098730100039,15.393023999999999,61.906
44.22369194500061,15.432191999999999,62.093
44.23720774699996,15.432191999999999,62.0
44.250761151000006,15.47136,61.687
44.263031415000114,15.47136,61.937
44.275196971000696,15.510528,61.718
44.28730569400068,15.549695999999999,61.906
44.29950962000021,15.549695999999999,62.187
44.31247747100042,15.549695999999999,62.218
44.324484271000074,15.549695999999999,61.843
44.33650451199992,15.549695999999999,62.0
44.34852513700025,15.549695999999999,61.875
44.36054032100037,15.510528,61.906
44.372568274000514,15.47136,62.281
44.384576610000295,15.47136,61.937
44.39657883400014,15.432191999999999,62.062
44.4086265320002,15.432191999999999,61.843
44.420617428000696,15.432191999999999,62.0
44.43266582900014,15.47136,61.781
44.4446637330002,15.47136,61.937
44.45669175000057,15.47136,62.218
44.46867794100035,15.47136,61.968
44.48062867600038,15.47136,62.125
44.49259659500058,15.510528,61.875
44.50469437400079,15.510528,62.031
44.51629076300014,15.47136,62.281
44.5283820450004,15.510528,61.875
44.540577427000244,15.432191999999999,62.343
44.55256557100074,15.47136,61.906
44.56458597100027,15.47136,61.937
44.57657837100032,15.510528,61.937
44.58855432300061,15.510528,62.281
44.600549153999964,15.510528,61.843
44.61259566800072,15.510528,62.187
44.62463811700036,15.549695999999999,61.875
44.636644981000245,15.549695999999999,62.093
44.64862070900017,15.47136,61.718
44.66067147800004,15.432191999999999,61.875
44.67266583000037,15.432191999999999,62.062
44.68586671200046,15.353856,62.125
44.69953631000044,15.353856,61.687
44.71287732400015,15.393023999999999,61.906
44.7263241010005,15.393023999999999,61.687
44.737725156000124,15.432191999999999,61.906
44.749815095000486,15.47136,62.281
44.76211412700013,15.510528,62.156
44.77428768400023,15.510528,61.812
44.78785811200032,15.510528,62.062
44.800134200000684,15.510528,61.875
44.812170601000616,15.549695999999999,61.937
44.82424585100034,15.510528,62.437
44.83627505200002,15.510528,61.937
44.84827740400033,15.47136,62.156
44.860320781000155,15.432191999999999,62.093
44.87238415899992,15.393023999999999,61.781
44.88444264100053,15.393023999999999,61.937
44.896831660000316,15.432191999999999,61.812
44.90906749000078,15.432191999999999,61.968
44.92106926600081,15.432191999999999,62.187
44.933063682000466,15.432191999999999,61.875
44.945075059000374,15.432191999999999,62.062
44.95708473900049,15.47136,61.937
44.969088083000315,15.47136,62.031
44.98114806900048,15.510528,62.375
44.993176950000816,15.510528,61.968
45.005406732000665,15.510528,62.281
45.017412444,15.510528,61.937
45.02942362900012,15.549695999999999,62.062
45.04141698800049,15.549695999999999,61.812
45.05349428699992,15.549695999999999,62.312
45.06550012700063,15.588864,61.937
45.07748807799999,15.549695999999999,62.125
45.08947375800017,15.588864,61.75
45.101473998000074,15.588864,62.062
45.11354076800035,15.510528,61.812
45.125662964000185,15.393023999999999,61.875
45.13783655200041,15.353856,62.312
45.14989509800034,15.353856,61.812
45.16339506000077,15.314688,61.843
45.17685137300032,15.314688,61.937
45.19008812800075,15.353856,61.687
45.2023830320004,15.353856,61.906
45.214241412000774,15.393023999999999,62.25
45.22684493300039,15.47136,62.125
45.23912726100025,15.47136,61.812
45.25131121800041,15.47136,62.125
45.2649128790008,15.47136,61.781
45.27719111100032,15.510528,62.031
45.28927244100032,15.510528,62.343
45.30125629700069,15.510528,62.0
45.313270649000515,15.47136,62.187
45.32525783300025,15.432191999999999,61.937
45.337268057000074,15.432191999999999,62.062
45.349275497000235,15.393023999999999,62.031
45.36128684200048,15.393023999999999,61.812
45.37327396100045,15.393023999999999,61.906
45.385273977,15.432191999999999,62.25
45.397280649000095,15.432191999999999,61.875
45.40930293800011,15.432191999999999,62.093
45.42129236200071,15.432191999999999,61.843
45.43327125700034,15.432191999999999,62.0
45.44552887999998,15.47136,62.375
45.457688869000776,15.510528,61.968
45.46967483700064,15.510528,62.156
45.48174109499996,15.510528,61.875
45.49378319200059,15.47136,62.156
45.505811401000756,15.510528,61.843
45.51783058500041,15.549695999999999,61.937
45.52983370500078,15.549695999999999,62.281
45.54183320900029,15.549695999999999,61.812
45.553968941000676,15.549695999999999,62.156
45.56609753700013,15.588864,61.968
45.578105489000336,15.588864,61.843
45.590085056000135,15.510528,61.968
45.602059792000546,15.47136,62.343
45.61422816400045,15.432191999999999,61.843
45.626254517000234,15.393023999999999,62.062
45.63838922500054,15.393023999999999,61.812
45.6520412230002,15.432191999999999,61.968
45.66380603300058,15.47136,61.875
45.67717466300019,15.47136,62.25
45.68923724100023,15.510528,61.843
45.70141319800041,15.510528,62.125
45.713568546000715,15.47136,61.812
45.72606012800043,15.47136,61.906
45.740560021999954,15.47136,61.968
45.752596871000605,15.47136,61.781
45.76460370299992,15.47136,61.906
45.77659469500031,15.47136,62.281
45.788604887000474,15.432191999999999,61.812
45.800625256000785,15.432191999999999,62.062
45.81266418500036,15.432191999999999,61.812
45.8246631130005,15.393023999999999,62.031
45.83663484000044,15.353856,62.375
45.84878689300058,15.353856,61.906
45.86076281200076,15.393023999999999,62.187
45.87274154700026,15.393023999999999,61.875
45.88472421900042,15.393023999999999,62.031
45.89672733900079,15.393023999999999,61.843
45.908701530000144,15.432191999999999,62.375
45.92113503100063,15.47136,61.875
45.933345548000034,15.47136,62.25
45.94540524600052,15.510528,61.875
45.95744369500062,15.510528,62.125
45.969419871000355,15.47136,61.875
45.981433487000686,15.510528,61.968
45.9934281270007,15.510528,62.281
46.00543303900031,15.510528,61.937
46.017418335,15.549695999999999,62.125
46.02940791800029,15.549695999999999,61.781
46.041394654000214,15.549695999999999,61.906
46.05347400000028,15.588864,61.812
46.06545264000033,15.510528,61.937
46.07777368900042,15.47136,62.187
46.08977664900067,15.432191999999999,61.843
46.101786937000725,15.393023999999999,61.812
46.11534338100046,15.393023999999999,62.031
46.12901233899993,15.432191999999999,61.906
46.14229578300001,15.432191999999999,62.218
46.1558131540005,15.47136,61.781
46.167971254000804,15.47136,62.062
46.180087913000534,15.510528,61.812
46.19217878000018,15.510528,62.0
46.20436056100061,15.510528,62.0
46.219310772000426,15.549695999999999,61.812
46.23133763600072,15.549695999999999,61.906
46.24335054900075,15.549695999999999,62.281
46.2554716880004,15.510528,62.093
46.2674734000002,15.47136,62.093
46.279469736000465,15.47136,62.0
46.29152482600057,15.47136,61.875
46.30355665100069,15.432191999999999,61.906
46.315694206000444,15.353856,62.187
46.327387942000314,15.353856,61.875
46.339473880000696,15.353856,62.062
46.35151757800031,15.393023999999999,61.875
46.36356857100054,15.393023999999999,62.031
46.37561220400039,15.393023999999999,62.343
46.387611260000085,15.393023999999999,61.875
46.399659918,15.432191999999999,62.187
46.41169811100008,15.47136,61.875
46.423703183000725,15.47136,62.093
46.43571043100019,15.47136,61.875
46.44771284700073,15.47136,62.062
46.45987370000057,15.47136,62.25
46.47192514100061,15.510528,61.875
46.48393968500022,15.510528,62.156
46.495960534000005,15.510528,62.062
46.50800698300009,15.510528,61.718
46.520019064000735,15.549695999999999,61.906
46.53202192800018,15.549695999999999,62.312
46.54402101600044,15.47136,61.875
46.55607536900061,15.432191999999999,62.281
46.568093114000476,15.432191999999999,61.718
46.581637461000355,15.353856,62.0
46.59370723900065,15.353856,61.75
46.60587634800049,15.393023999999999,62.281
46.61919038399992,15.393023999999999,61.875
46.63241965100042,15.432191999999999,62.062
46.644596888000706,15.47136,61.75
46.6567800770008,15.47136,61.968
46.6688691520003,15.510528,61.656
46.68097313800081,15.510528,61.781
46.69606760900024,15.510528,61.968
46.708113290000256,15.510528,62.281
46.72013388300002,15.510528,61.906
46.73218993299997,15.47136,62.156
46.744211165000706,15.432191999999999,62.093
46.756261999000344,15.432191999999999,61.812
46.76830124800017,15.432191999999999,61.968
46.780319504000545,15.393023999999999,62.218
46.79236704200048,15.393023999999999,61.875
46.80448194100063,15.393023999999999,62.156
46.816508901000816,15.432191999999999,61.843
46.82855554300022,15.432191999999999,62.031
46.84059780000007,15.432191999999999,62.312
46.85260082400055,15.432191999999999,62.031
46.86461556100039,15.47136,62.187
46.87661372000002,15.510528,61.875
46.88860532000035,15.510528,62.125
46.90060514400011,15.549695999999999,61.875
46.91263604100004,15.47136,62.0
46.92485603100067,15.432191999999999,62.312
46.93591566900068,15.432191999999999,61.875
46.94784809900011,15.47136,62.156
46.959990807000395,15.47136,61.781
46.97205559300073,15.510528,62.031
46.98407442500047,15.510528,61.75
46.9961130340007,15.510528,61.875
47.008183900000404,15.510528,62.281
47.02023806200032,15.432191999999999,62.093
47.03230348800025,15.393023999999999,61.875
47.04432872000052,15.393023999999999,61.906
47.057687045999955,15.314688,61.781
47.06979980200049,15.314688,61.906
47.08318868800052,15.353856,61.812
47.09650387700003,15.393023999999999,62.0
47.10993740499998,15.393023999999999,61.75
47.12219528500009,15.432191999999999,61.906
47.134038208000675,15.47136,61.937
47.14662118400065,15.510528,61.718
47.15883173400016,15.510528,62.218
47.17428954300067,15.510528,61.906
47.186480732000746,15.510528,62.156
47.19858999900043,15.510528,61.875
47.21064684900011,15.47136,62.062
47.222656465,15.432191999999999,61.75
47.234704514999976,15.432191999999999,61.937
47.2467093310006,15.432191999999999,62.25
47.25883552600044,15.393023999999999,61.875
47.2708934960001,15.393023999999999,62.125
47.28290784799992,15.393023999999999,61.812
47.29492584900072,15.432191999999999,62.062
47.307004330999916,15.432191999999999,62.375
47.31905241200002,15.432191999999999,61.937
47.331081357000585,15.432191999999999,62.281
47.34310892600024,15.47136,62.187
47.35531227499996,15.510528,61.875
47.36733997200008,15.510528,62.031
47.37932942800035,15.510528,61.843
47.39132800400057,15.47136,62.0
47.40334987599999,15.510528,62.25
47.415376453000135,15.510528,61.781
47.427359861000696,15.510528,62.062
47.43936893299997,15.549695999999999,61.75
47.451347539999915,15.549695999999999,61.968
47.46335011600058,15.549695999999999,62.25
47.47536037300051,15.588864,61.937
47.487406406000446,15.549695999999999,62.218
47.4994264220004,15.47136,61.875
47.51147540000056,15.432191999999999,61.968
47.523634108000806,15.393023999999999,61.843
47.53750236900032,15.27552,62.218
47.55073182700016,15.27552,61.812
47.56393904500055,15.314688,61.781
47.577352124000754,15.314688,62.0
47.590817781000624,15.353856,61.718
47.60292800800016,15.393023999999999,61.875
47.615095293000195,15.432191999999999,61.875
47.627311603000635,15.432191999999999,62.218
47.639505832000395,15.432191999999999,61.875
47.65240014600022,15.47136,62.125
47.66442787400047,15.47136,61.843
47.67645905900008,15.47136,62.031
47.68847638800071,15.432191999999999,61.718
47.70048286800011,15.393023999999999,61.937
47.712547174000065,15.393023999999999,62.218
47.72456437400069,15.353856,61.906
47.73655319000045,15.314688,62.125
47.748573046000274,15.353856,61.875
47.76059808700029,15.353856,62.031
47.77259311100079,15.353856,61.812
47.78464279200034,15.393023999999999,61.937
47.79667410500042,15.393023999999999,62.218
47.80869287299993,15.393023999999999,62.156
47.82069263300036,15.432191999999999,61.875
47.83269242500046,15.47136,62.093
47.844679609000195,15.47136,61.812
47.85669428100027,15.510528,62.031
47.86870633000035,15.432191999999999,62.281
47.880672328999935,15.47136,61.875
47.89264364000064,15.510528,62.062
47.904811181000696,15.510528,61.875
47.916958593000345,15.510528,61.937
47.9289993780003,15.510528,62.312
47.9409761930001,15.549695999999999,61.843
47.952966193000066,15.549695999999999,62.156
47.96461765500044,15.549695999999999,61.968
47.97672333800074,15.47136,62.062
47.988722874000814,15.432191999999999,61.781
48.00067770500027,15.432191999999999,61.875
48.01389977100007,15.393023999999999,61.812
48.02752239200072,15.432191999999999,62.156
48.04103406700051,15.432191999999999,61.937
48.05462155100031,15.432191999999999,61.687
48.06682666100005,15.47136,61.968
48.07901221800057,15.510528,61.75
48.09117294200041,15.510528,61.937
48.10341040500043,15.549695999999999,61.843
48.11848730700058,15.47136,62.031
48.13075600200045,15.432191999999999,61.843
48.14290623100078,15.47136,62.0
48.15511098800016,15.432191999999999,61.843
48.16715398100041,15.432191999999999,62.25
48.179272017000585,15.393023999999999,61.875
48.19136701100069,15.393023999999999,62.125
48.20336984300047,15.353856,61.843
48.215342787000736,15.353856,62.031
48.22732088200064,15.353856,61.75
48.23960964200069,15.393023999999999,62.0
48.251713181000014,15.393023999999999,62.25
48.26383752000038,15.393023999999999,61.906
48.275868289000755,15.393023999999999,62.187
48.2879036660006,15.432191999999999,61.875
48.29993673900026,15.432191999999999,62.062
48.31195761900017,15.47136,61.843
48.32398419600031,15.47136,61.968
48.33599160400081,15.47136,62.25
48.34801190899998,15.47136,61.937
48.36005240600025,15.47136,62.125
48.3720912710005,15.510528,62.062
48.384122008000304,15.510528,61.718
48.3961300560004,15.510528,61.906
48.4081929540007,15.510528,62.125
48.4201960420005,15.549695999999999,61.718
48.432207290000406,15.549695999999999,62.062
48.444271916000616,15.47136,61.687
48.45631292500002,15.432191999999999,61.968
48.46836727800019,15.432191999999999,61.625
48.481058514000324,15.353856,62.125
48.49466667100023,15.353856,61.812
48.50802346100045,15.393023999999999,61.968
48.52160649699999,15.393023999999999,61.937
48.534987351999916,15.432191999999999,61.718
48.54710836300001,15.47136,61.875
48.55930313600038,15.47136,62.218
48.57148504500037,15.510528,61.781
48.58360864900078,15.510528,61.875
48.598196353000276,15.510528,62.062
48.610245363000104,15.510528,61.843
48.62235847000011,15.510528,62.031
48.63445810400026,15.47136,62.281
48.64652017000026,15.432191999999999,61.875
48.65856121100023,15.432191999999999,62.187
48.670591692000016,15.432191999999999,61.843
48.68263884499993,15.393023999999999,62.031
48.694845267000346,15.393023999999999,61.843
48.70692138100003,15.393023999999999,62.312
48.719062777000545,15.353856,61.875
48.73132120000082,15.314688,62.156
48.74333756900069,15.353856,61.843
48.75556991100075,15.353856,62.062
48.76768417000039,15.393023999999999,61.812
48.779743355999926,15.393023999999999,62.0
48.79178900500028,15.432191999999999,62.25
48.80391587300073,15.432191999999999,61.937
48.815956818000814,15.432191999999999,62.218
48.82796829000017,15.432191999999999,61.812
48.84004264400028,15.432191999999999,61.968
48.852070053000716,15.47136,61.843
48.86411983000016,15.47136,61.875
48.876155303000814,15.47136,62.25
48.888166615000046,15.510528,61.843
48.900193608000336,15.510528,62.0
48.91222517700044,15.510528,61.968
48.92426756200075,15.432191999999999,61.75
48.93628738700045,15.393023999999999,61.906
48.94831751500078,15.393023999999999,62.125
48.96180749300038,15.314688,61.781
48.97527891000027,15.314688,61.656
48.98941364200073,15.353856,61.875
49.003155627000524,15.353856,61.843
49.016093557000204,15.393023999999999,62.281
49.028199016000144,15.432191999999999,61.812
49.04026857000008,15.47136,62.062
49.052598611000576,15.47136,61.812
49.065934023999944,15.47136,61.75
49.078116413000316,15.510528,61.968
49.09022683200055,15.510528,62.281
49.102246753000145,15.510528,61.937
49.11423166400073,15.47136,62.25
49.12624089600013,15.432191999999999,61.812
49.138237520000075,15.432191999999999,62.156
49.15024304000053,15.393023999999999,61.843
49.16223694400014,15.393023999999999,62.0
49.174559561000024,15.393023999999999,62.281
49.18670854100037,15.432191999999999,61.937
49.19869630100038,15.432191999999999,62.187
49.2106963490005,15.432191999999999,61.875
49.22268990000066,15.432191999999999,62.062
49.23470153300059,15.432191999999999,61.875
49.24668295600077,15.47136,61.968
49.2587116450004,15.510528,62.312
49.27072810900063,15.510528,62.218
49.28272550100064,15.510528,61.968
49.294712845000504,15.47136,62.156
49.3067015000006,15.510528,61.843
49.31874052500007,15.510528,61.906
49.331272876000185,15.47136,62.25
49.34333503800008,15.47136,61.812
49.35551745900011,15.47136,62.125
49.3677458330003,15.47136,61.781
49.37978137000027,15.510528,62.062
49.39181101900067,15.510528,61.875
49.4039139180004,15.432191999999999,61.875
49.415954511000564,15.393023999999999,62.218
49.4280032960005,15.393023999999999,62.125
49.442017097000644,15.314688,61.75
49.45556749200023,15.353856,61.718
49.46905785400031,15.353856,61.843
49.48224161500002,15.393023999999999,62.25
49.4946073050005,15.393023999999999,61.843
49.506689211000776,15.432191999999999,62.062
49.51884561499992,15.47136,62.031
49.53102909200061,15.47136,61.812
49.54324674600048,15.47136,62.0
49.55531761200018,15.510528,62.281
49.56733570899996,15.510528,61.906
49.57936599799996,15.47136,62.25
49.59135692500058,15.47136,61.875
49.6033929740006,15.432191999999999,62.093
49.61538755000038,15.432191999999999,61.843
49.62737883000045,15.353856,61.937
49.63935241300078,15.353856,62.25
49.65133159600009,15.393023999999999,61.937
49.66334284500044,15.393023999999999,62.25
49.675363757000014,15.393023999999999,61.843
49.68735257300068,15.393023999999999,62.156
49.69934014000046,15.432191999999999,61.843
49.711341084000196,15.432191999999999,62.0
49.72331281100014,15.47136,62.218
49.73531119500058,15.47136,61.937
49.747320587000104,15.510528,62.156
49.75934018800035,15.510528,61.875
49.771329644000616,15.47136,62.156
49.78334934000031,15.510528,61.968
49.79535735600075,15.549695999999999,62.281
49.80737398100064,15.510528,61.843
49.81936215600035,15.549695999999999,62.156
49.831369660000746,15.549695999999999,61.75
49.84347489500033,15.549695999999999,61.968
49.855513024000174,15.549695999999999,61.812
49.86755835400072,15.510528,61.968
49.87960080300036,15.47136,62.25
49.891628499000035,15.432191999999999,61.843
49.90369376500075,15.393023999999999,62.062
49.917372932000035,15.353856,61.937
49.931730134000645,15.314688,61.812
49.945000873000026,15.353856,62.156
49.95859095000014,15.353856,61.75
49.97068716100057,15.393023999999999,62.156
49.98279610700047,15.432191999999999,61.812
49.994937055000264,15.432191999999999,61.75
50.00833509400036,15.47136,61.937
50.022747818000425,15.47136,61.75
50.03482921200066,15.47136,61.875
50.0469991530008,15.510528,62.25
50.05917450200013,15.47136,62.125
50.071245463000196,15.47136,61.812
50.08328192800036,15.432191999999999,61.968
50.09531004100063,15.432191999999999,61.875
50.10737012300069,15.393023999999999,61.875
50.119404476000454,15.393023999999999,62.218
50.13143057200068,15.393023999999999,61.843
50.143463997000254,15.393023999999999,62.125
50.15560545700009,15.432191999999999,61.875
50.167619777000255,15.432191999999999,62.062
50.17959396800052,15.432191999999999,62.375
50.1915781760008,15.432191999999999,61.875
50.20360574500046,15.47136,62.25
50.21585450300063,15.510528,61.906
50.22802681200028,15.510528,62.156
50.24029762000009,15.47136,62.031
50.252400615000624,15.47136,61.812
50.26444024800003,15.510528,61.906
50.276456296000106,15.510528,62.156
50.28849048900065,15.510528,61.75
50.30051844100035,15.549695999999999,61.968
50.31255669800066,15.549695999999999,61.781
50.32457994700053,15.549695999999999,61.875
50.336601083999994,15.549695999999999,62.375
50.34859479500028,15.47136,61.843
50.36075568000069,15.432191999999999,62.187
50.372736207000344,15.432191999999999,61.687
50.38606729999992,15.353856,61.968
50.3984130860008,15.393023999999999,61.968
50.41062482000052,15.393023999999999,62.218
50.424018283000805,15.432191999999999,61.75
50.43721935600024,15.432191999999999,62.156
50.4494581630006,15.510528,62.0
50.46170778600026,15.510528,61.75
50.473859422000714,15.549695999999999,61.968
50.4871369450002,15.510528,61.718
50.49933600700024,15.510528,61.937
50.51134645500042,15.549695999999999,62.218
50.5234995310002,15.47136,61.812
50.53492628300046,15.432191999999999,62.093
50.54695068399997,15.393023999999999,61.812
50.55907035100063,15.393023999999999,61.968
50.57110988800014,15.393023999999999,62.343
50.58310600000004,15.314688,62.218
50.59525610000037,15.314688,61.843
50.60730830900047,15.353856,62.093
50.6193180220007,15.353856,61.875
50.63138475899996,15.353856,62.0
50.64358986900061,15.393023999999999,62.375
50.65561215800062,15.393023999999999,62.0
50.66759809300038,15.393023999999999,62.218
50.67957609200039,15.432191999999999,61.875
50.69155722800042,15.432191999999999,62.031
50.70359250900037,15.47136,61.812
50.71558353199998,15.432191999999999,62.093
50.727601661000335,15.432191999999999,62.406
50.73957905200041,15.47136,61.843
50.751608029000636,15.47136,62.218
50.763726928000324,15.47136,61.781
50.77583158700054,15.510528,62.093
50.78790037300041,15.510528,61.656
50.799918181000066,15.549695999999999,62.281
50.81195077400025,15.510528,62.0
50.824007656000504,15.432191999999999,62.031
50.83602693600005,15.393023999999999,61.843
50.848065161000704,15.393023999999999,61.875
50.86256998299996,15.314688,61.875
50.875879795999936,15.314688,62.187
50.88900166700023,15.353856,61.843
50.90236034500049,15.353856,61.656
50.9156139960005,15.393023999999999,62.031
50.92776486399998,15.432191999999999,61.718
50.939930581000226,15.432191999999999,62.0
50.95217735500046,15.47136,61.75
50.96427855799993,15.47136,62.25
50.97780156099998,15.47136,61.906
50.98984113000006,15.510528,62.156
51.00185103400054,15.510528,61.843
51.01385674600078,15.47136,62.062
51.02587820200006,15.432191999999999,61.718
51.037472478999916,15.432191999999999,61.875
51.049516816000505,15.393023999999999,62.187
51.061588322000716,15.393023999999999,61.843
51.07360289799999,15.393023999999999,62.156
51.08559232200059,15.393023999999999,61.781
51.097599794000416,15.432191999999999,62.0
51.10962733100041,15.432191999999999,62.375
51.12165320300028,15.432191999999999,62.062
51.1336386590001,15.432191999999999,62.218
51.145603538000614,15.47136,61.906
51.15760041700014,15.510528,62.093
51.16961054600051,15.510528,61.843
51.18159267300052,15.549695999999999,62.0
51.19358772900068,15.47136,62.343
51.205673187000684,15.510528,61.906
51.217647985999974,15.549695999999999,62.125
51.22961926500011,15.549695999999999,62.093
51.241625425000166,15.549695999999999,61.781
51.254039149000164,15.549695999999999,61.875
51.266229538000516,15.588864,62.187
51.27837813400038,15.588864,61.937
51.29044548000002,15.549695999999999,62.187
51.30260466800064,15.510528,61.843
51.314672590000555,15.47136,61.968
51.32680393800001,15.432191999999999,62.0
51.340294171000096,15.393023999999999,62.281
51.35349553300057,15.432191999999999,61.843
51.36683581000034,15.432191999999999,61.75
51.379979570000614,15.47136,61.937
51.39216160700016,15.510528,61.781
51.404480160000276,15.510528,61.968
51.416577458000575,15.549695999999999,61.718
51.42868653300047,15.549695999999999,61.875
51.44092102000013,15.549695999999999,62.187
51.45304638300058,15.549695999999999,61.875
51.46499417400082,15.588864,62.062
51.47697114900075,15.549695999999999,61.843
51.48903420700026,15.510528,62.0
51.50099361299999,15.510528,62.312
51.51296399600051,15.47136,61.937
51.52491025100062,15.432191999999999,62.156
51.53689656999995,15.432191999999999,62.062
51.548989933000485,15.432191999999999,61.875
51.56118675400012,15.47136,62.0
51.5732664520001,15.47136,62.375
51.58529622900005,15.47136,61.937
51.59730686900002,15.47136,62.25
51.609312325000246,15.510528,61.937
51.62127618000068,15.510528,62.062
51.63331123700027,15.549695999999999,61.843
51.64533365400075,15.549695999999999,62.031
51.65733575000013,15.510528,62.406
51.669316853000055,15.510528,61.937
51.681316069000786,15.549695999999999,62.156
51.69328962000054,15.549695999999999,61.843
51.705279748000066,15.549695999999999,62.0
51.71724664300018,15.588864,61.875
51.72926269100026,15.588864,61.906
51.74127272300029,15.588864,62.187
51.75338192600066,15.588864,61.906
51.76539893400059,15.510528,62.125
51.77743520700005,15.47136,62.093
51.78940053400038,15.47136,61.656
51.802880208000715,15.393023999999999,61.875
51.81650708500001,15.393023999999999,61.812
51.82990448400051,15.432191999999999,62.093
51.84354105800048,15.432191999999999,62.031
51.856913304000045,15.47136,61.718
51.869073548000415,15.510528,61.875
51.88112185400041,15.510528,61.718
51.893225424000775,15.549695999999999,61.843
51.905444934000116,15.549695999999999,62.187
51.91925988100047,15.549695999999999,62.156
51.93129925800076,15.549695999999999,61.875
51.943379468000785,15.549695999999999,62.0
51.95553142400058,15.510528,61.781
51.96759441800077,15.47136,61.906
51.979595970000446,15.47136,62.218
51.99164523500076,15.432191999999999,61.937
52.003670276000776,15.432191999999999,62.156
52.01567570000043,15.432191999999999,61.906
52.02773382900068,15.47136,61.968
52.03975375000027,15.47136,61.812
52.05179399100052,15.47136,61.968
52.063356522000504,15.47136,62.25
52.07572915700075,15.510528,61.906
52.0878563440001,15.510528,62.187
52.10002516500026,15.549695999999999,61.875
52.112066846000744,15.588864,62.0
52.12413223900057,15.588864,62.375
52.13619699300034,15.510528,62.281
52.14835794100054,15.549695999999999,61.875
52.16038394200041,15.588864,62.062
52.17238504600027,15.588864,61.812
52.184385446000306,15.588864,61.968
52.196428406999985,15.588864,62.25
52.2084521350007,15.628032,61.843
52.220469688000776,15.628032,62.218
52.23253690599995,15.588864,61.875
52.24458700300056,15.510528,62.031
52.256622763999985,15.47136,61.75
52.268771584000206,15.432191999999999,61.687
52.28254118500081,15.432191999999999,61.843
52.29605839500073,15.432191999999999,62.093
52.309550677000516,15.47136,62.0
52.32300391800072,15.510528,61.656
52.33527808500003,15.510528,61.968
52.34737564000079,15.549695999999999,61.75
52.35955975700017,15.549695999999999,61.906
52.371601726000335,15.549695999999999,61.875
52.38648451000063,15.588864,62.125
52.39851812699999,15.588864,61.843
52.4105633600002,15.588864,62.156
52.42262238600051,15.549695999999999,61.781
52.43466425900078,15.510528,62.0
52.44683752800029,15.510528,62.25
52.45903316500062,15.510528,61.875
52.4710830060003,15.432191999999999,62.218
52.4831111830008,15.47136,62.031
52.49512521500037,15.47136,61.843
52.50713508700028,15.47136,62.0
52.519143295000504,15.47136,62.281
52.53113431900056,15.510528,61.906
52.5431475510004,15.47136,62.156
52.5551744480008,15.510528,61.875
52.56720534500073,15.549695999999999,62.093
52.57922168100049,15.549695999999999,61.843
52.59125513800063,15.588864,62.031
52.60327989000052,15.510528,62.375
52.61527741000009,15.549695999999999,61.875
52.62736709300043,15.549695999999999,62.031
52.63937923699996,15.549695999999999,61.843
52.6513724360002,15.588864,61.937
52.66359585100054,15.588864,62.312
52.675590714000464,15.588864,61.843
52.68759201000012,15.628032,62.156
52.69956936900053,15.588864,62.156
52.711705261000134,15.510528,61.781
52.72393571500015,15.47136,61.968
52.73595963600019,15.47136,61.687
52.75017203400057,15.393023999999999,62.187
52.76366383500044,15.432191999999999,61.781
52.77703419400041,15.432191999999999,61.906
52.7903519420006,15.47136,61.875
52.802483994000795,15.47136,61.687
52.81462446200021,15.510528,61.875
52.826723232000404,15.549695999999999,62.218
52.83890072500071,15.549695999999999,61.968
52.85107153000081,15.549695999999999,62.187
52.863144732000364,15.549695999999999,61.875
52.8751387960001,15.549695999999999,62.0
52.88714169100058,15.549695999999999,61.812
52.89927630300008,15.510528,61.937
52.911335137000606,15.510528,62.187
52.923374642000454,15.510528,61.843
52.935376034,15.432191999999999,62.062
52.94738613000027,15.432191999999999,61.875
52.95938781000041,15.47136,61.968
52.9713757290001,15.47136,61.781
52.98342000200046,15.47136,62.25
52.995822141000644,15.510528,61.937
53.00852105700051,15.510528,62.156
53.020984413000406,15.510528,61.843
53.033051983000405,15.549695999999999,62.062
53.04508780800006,15.549695999999999,61.875
53.05710401600027,15.588864,61.968
53.0691342730006,15.549695999999999,62.312
53.08150860300066,15.549695999999999,61.906
53.09319833900008,15.588864,62.125
53.10575520200018,15.588864,62.031
53.11814617300024,15.588864,61.656
53.1304922140007,15.628032,61.906
53.14288152100016,15.628032,62.187
53.15524193100009,15.628032,61.812
53.167562084000565,15.628032,62.125
53.179841402999955,15.549695999999999,61.812
53.1919121410001,15.510528,61.968
53.20403843300028,15.510528,61.875
53.216769893000674,15.432191999999999,62.25
53.23030707199996,15.432191999999999,61.781
53.24354161800056,15.47136,61.687
53.25714705500013,15.47136,61.906
53.270395458000166,15.510528,61.781
53.28252750899992,15.549695999999999,61.875
53.294703114000185,15.549695999999999,62.218
53.30683778999992,15.588864,62.218
53.32083264500034,15.549695999999999,61.812
53.33301993100031,15.588864,62.093
53.3450141860003,15.588864,61.843
53.35703317900061,15.588864,62.031
53.3691008120004,15.549695999999999,62.25
53.38109634800003,15.510528,61.875
53.39312535699992,15.510528,62.218
53.405249983999965,15.47136,62.062
53.41741912500038,15.47136,61.812
53.42941379600052,15.47136,62.0
53.44138885200027,15.47136,62.281
53.45339386000069,15.47136,61.937
53.46539061100066,15.510528,62.187
53.477379235000626,15.47136,61.875
53.48936737800068,15.510528,62.062
53.50137555400033,15.510528,61.843
53.513356914000724,15.549695999999999,62.031
53.52533804900031,15.588864,62.281
53.53730820800047,15.588864,61.937
53.54928787100016,15.549695999999999,62.218
53.56127063900021,15.549695999999999,61.875
53.57325743799993,15.588864,61.906
53.585266414000216,15.588864,61.781
53.59726771000078,15.588864,61.937
53.6092641740006,15.588864,62.218
53.62130275100026,15.588864,61.875
53.63332027100023,15.628032,62.156
53.64531558300041,15.549695999999999,61.875
53.657329039000615,15.510528,62.062
53.669332767000014,15.47136,61.875
53.68139700900065,15.432191999999999,62.25
53.69493783600046,15.432191999999999,61.812
53.70848349500011,15.432191999999999,61.718
53.72185391700077,15.47136,62.0
53.73556953300067,15.47136,61.656
53.74778216300001,15.510528,61.843
53.75993194300008,15.549695999999999,61.875
53.77208729100039,15.549695999999999,62.093
53.78436561900071,15.549695999999999,62.062
53.799473177000436,15.549695999999999,61.843
53.811601613000676,15.588864,62.0
53.82363740600067,15.549695999999999,61.843
53.83566903800056,15.549695999999999,61.937
53.84771993600043,15.510528,62.312
53.859800881999945,15.510528,61.875
53.87186003500028,15.47136,62.093
53.88403391200063,15.432191999999999,61.875
53.89606890499999,15.432191999999999,61.968
53.90811458600001,15.432191999999999,62.281
53.92013293800028,15.47136,61.937
53.93215263500042,15.47136,62.218
53.94420241200078,15.47136,61.906
53.95624930900067,15.47136,62.031
53.96828747000018,15.510528,61.875
53.980387361000794,15.510528,62.031
53.99243918600041,15.549695999999999,62.281
54.004608006000126,15.549695999999999,62.25
54.01661717500065,15.510528,62.0
54.02862010200079,15.549695999999999,62.093
54.040626773999975,15.549695999999999,61.656
54.05267556000035,15.549695999999999,61.968
54.06467541600068,15.549695999999999,62.218
54.076717065000594,15.588864,61.875
54.088740056999995,15.588864,62.062
54.10076583400041,15.628032,61.812
54.113213030000225,15.588864,62.062
54.1253012720008,15.510528,61.75
54.13736384999993,15.47136,61.875
54.14939621800022,15.47136,61.812
54.16301032699994,15.393023999999999,62.187
54.17651387300066,15.432191999999999,61.781
54.189677218000725,15.432191999999999,61.625
54.20335206400068,15.47136,61.906
54.215650009000456,15.47136,62.281
54.22781726100038,15.510528,61.875
54.23996502499995,15.549695999999999,62.031
54.25211410100019,15.549695999999999,61.812
54.26430769000035,15.549695999999999,62.125
54.27635759600071,15.549695999999999,62.062
54.28839358000005,15.549695999999999,61.812
54.30044755000017,15.549695999999999,61.906
54.31250948700017,15.510528,62.187
54.32453513600012,15.510528,61.906
54.33656843300014,15.510528,62.093
54.34857728099996,15.432191999999999,61.812
54.36061160100053,15.432191999999999,62.0
54.37263548999999,15.47136,62.375
54.3846732030006,15.47136,61.968
54.396670147000805,15.47136,62.187
54.40867361900018,15.47136,61.906
54.420665858000575,15.47136,62.062
54.43267518600078,15.510528,61.812
54.444669922000685,15.510528,62.031
54.45667509000032,15.549695999999999,62.343
54.46868211400033,15.549695999999999,61.875
54.48067316900051,15.549695999999999,62.187
54.492664641000374,15.510528,61.906
54.50485973400009,15.549695999999999,62.0
54.51688803900015,15.588864,62.031
54.52889595900069,15.549695999999999,62.312
54.540900871000304,15.588864,61.937
54.552975801000684,15.588864,62.093
54.56497898500038,15.588864,61.812
54.57696476000001,15.588864,62.0
54.58896196000023,15.510528,61.781
54.600989913000376,15.510528,61.906
54.61301175300014,15.47136,62.125
54.62567015500008,15.393023999999999,62.156
54.639248167000005,15.393023999999999,61.75
54.65253372300049,15.432191999999999,61.968
54.666005300000506,15.432191999999999,61.937
54.67944481199993,15.47136,62.218
54.69155801500074,15.510528,61.843
54.70388111200009,15.510528,62.093
54.716050765000546,15.549695999999999,61.718
54.72819936100041,15.549695999999999,62.062
54.74163663300078,15.588864,62.062
54.75369130600029,15.588864,61.781
54.76575420400059,15.588864,61.906
54.77777009200054,15.549695999999999,62.25
54.789787964000425,15.510528,61.906
54.80179047599995,15.510528,62.031
54.81381020400022,15.510528,61.875
54.82601925000017,15.432191999999999,62.0
54.838031554000736,15.47136,62.312
54.85019410299992,15.47136,61.906
54.86180255599993,15.47136,62.156
54.87400587299999,15.510528,61.906
54.88637479499994,15.510528,62.062
54.89856617600071,15.510528,61.843
54.91063646600014,15.510528,62.375
54.922745445000146,15.549695999999999,61.968
54.934785238000586,15.549695999999999,62.156
54.94681680700069,15.588864,61.968
54.9588499750007,15.549695999999999,62.187
54.9708725520004,15.549695999999999,61.843
54.98289084000044,15.588864,62.0
54.994920297000135,15.588864,62.281
55.00697829799992,15.588864,61.781
55.01900551500057,15.588864,62.218
55.03105170800063,15.588864,61.781
55.043069452000054,15.628032,62.031
55.05519945600008,15.588864,61.843
55.067323923000004,15.510528,61.906
55.07933529900038,15.47136,62.281
55.09138744400025,15.47136,62.156
55.1049075990004,15.432191999999999,61.781
55.11818112200035,15.432191999999999,61.937
55.13072832100079,15.47136,61.875
55.144393216000026,15.510528,62.218
55.15681676300028,15.510528,61.875
55.168909294000514,15.549695999999999,62.125
55.18102793700018,15.588864,61.812
55.19316635700034,15.588864,62.0
55.20552199800022,15.588864,61.812
55.21753577400068,15.588864,62.031
55.22951876600018,15.588864,62.343
55.24150495699996,15.588864,61.968
55.25347521200001,15.549695999999999,62.187
55.26546838000013,15.510528,62.125
55.277447211000435,15.510528,62.156
55.289428858000065,15.47136,62.0
55.30140247300005,15.47136,62.312
55.313380184999914,15.47136,61.937
55.325355208000474,15.47136,62.187
55.33732600700023,15.510528,61.875
55.34930195800007,15.510528,62.093
55.36132914200061,15.510528,61.875
55.37332368600073,15.510528,61.968
55.385289973,15.549695999999999,62.375
55.39732151000044,15.549695999999999,61.937
55.40931173300032,15.588864,62.218
55.421289316000184,15.588864,61.937
55.43326994000017,15.549695999999999,62.156
55.445268355000735,15.588864,61.781
55.45730200400067,15.588864,62.0
55.46927433900055,15.588864,62.25
55.48123870600011,15.628032,61.875
55.49325293000038,15.628032,62.093
55.50530734700078,15.628032,61.75
55.51729705900016,15.628032,62.031
55.529292563000126,15.549695999999999,61.843
55.54127885000071,15.510528,61.937
55.553294162000384,15.47136,62.187
55.565286946000015,15.432191999999999,62.125
55.57867260000057,15.432191999999999,61.781
55.59206132700001,15.47136,61.687
55.60542819700004,15.47136,61.906
55.61739512400072,15.510528,62.187
55.629565161000755,15.510528,61.875
55.64171116500074,15.549695999999999,62.125
55.6539524990003,15.549695999999999,61.781
55.66606743000011,15.588864,61.875
55.68098829600058,15.588864,61.968
55.69296799099993,15.588864,62.343
55.705069833999914,15.588864,61.968
55.71706306500073,15.549695999999999,62.25
55.729037736000464,15.549695999999999,61.781
55.74103064800056,15.510528,62.062
55.75303895200068,15.510528,61.843
55.76501330300016,15.432191999999999,62.0
55.77697440600059,15.47136,62.281
55.78894619700077,15.47136,61.875
55.800930723999954,15.47136,62.218
55.81327468600011,15.47136,62.125
55.82533767900077,15.510528,61.843
55.83754669300015,15.47136,62.0
55.84955666099995,15.510528,62.312
55.86158867800077,15.549695999999999,61.906
55.87361413400049,15.549695999999999,62.125
55.885622310000144,15.588864,61.937
55.89759973300079,15.510528,62.187
55.90964566999992,15.549695999999999,61.75
55.921634966000056,15.549695999999999,61.937
55.933601317000466,15.588864,62.312
55.94558190800035,15.588864,61.812
55.95760579600028,15.588864,62.156
55.96963163700002,15.588864,61.781
55.98176298399994,15.628032,61.968
55.99379080900053,15.588864,61.812
56.0058160410008,15.510528,61.875
56.0178487940002,15.47136,62.187
56.03007230399999,15.47136,62.062
56.04438902500078,15.432191999999999,61.781
56.05790732300011,15.432191999999999,61.718
56.07147147900014,15.47136,61.843
56.08500875300069,15.47136,62.156
56.09722435900039,15.47136,62.125
56.10935954700017,15.549695999999999,61.812
56.12139082700014,15.549695999999999,62.031
56.13353004700002,15.549695999999999,61.843
56.145600113,15.549695999999999,61.968
56.157353306000005,15.588864,62.343
56.16941841100015,15.588864,61.875
56.181430459000694,15.588864,62.187
56.1934147310003,15.549695999999999,61.843
56.205581406999954,15.510528,62.062
56.21757838300073,15.510528,61.843
56.229651616999945,15.432191999999999,61.968
56.241619312000694,15.432191999999999,62.281
56.253601471000366,15.47136,61.937
56.26560420700025,15.47136,62.093
56.27763471900016,15.47136,61.875
56.289634415000364,15.47136,62.093
56.30164214300021,15.47136,61.75
56.313643279000644,15.510528,61.968
56.32561750200057,15.510528,62.281
56.337610862000474,15.549695999999999,62.218
56.34959510099998,15.549695999999999,61.937
56.36161636500037,15.549695999999999,62.125
56.3735983330007,15.510528,61.875
56.38562362900029,15.549695999999999,61.906
56.397579740000765,15.588864,62.218
56.409593772000335,15.588864,61.875
56.42161094000039,15.588864,62.187
56.433597964,15.588864,61.843
56.445581563000815,15.628032,61.937
56.45761780400062,15.628032,61.75
56.469647292000445,15.549695999999999,62.0
56.48160577100043,15.510528,62.187
56.493991334000384,15.47136,61.843
56.506063831000574,15.432191999999999,62.062
56.518949984000756,15.432191999999999,61.968
56.532440984999994,15.47136,61.75
56.54464340699997,15.47136,61.875
56.55803078900044,15.510528,62.187
56.570127448000676,15.510528,62.125
56.582227851000425,15.549695999999999,61.781
56.594387391000055,15.588864,62.093
56.606515506000505,15.588864,61.906
56.621449364,15.588864,62.375
56.63348358900021,15.588864,61.906
56.64549112500026,15.588864,62.156
56.657490341000084,15.549695999999999,61.812
56.66948066000077,15.510528,62.031
56.68144960300015,15.510528,61.781
56.6934371060006,15.510528,62.0
56.70553270900018,15.432191999999999,62.218
56.71756786200058,15.432191999999999,61.875
56.7295394290004,15.47136,62.156
56.74150414700034,15.47136,61.843
56.753755178000574,15.47136,62.093
56.76576911400025,15.47136,61.843
56.77779786700012,15.47136,61.968
56.789804059000744,15.510528,62.25
56.801800075000756,15.549695999999999,61.968
56.81379689000005,15.549695999999999,62.156
56.82583972300017,15.588864,61.843
56.8378409550005,15.549695999999999,62.062
56.84986071500043,15.549695999999999,62.0
56.86191183700066,15.588864,62.312
56.873974094000005,15.588864,61.875
56.88601580700015,15.588864,62.062
56.89800548700077,15.588864,61.843
56.91002975900028,15.588864,61.906
56.92204379100076,15.628032,61.75
56.93408656000065,15.628032,62.031
56.946220820000235,15.549695999999999,62.156
56.95823741200002,15.510528,61.812
56.970245460000115,15.47136,61.968
56.98297468000055,15.432191999999999,62.0
56.996366703000604,15.432191999999999,61.718
57.009776102000615,15.47136,61.875
57.02240282300045,15.47136,62.156
57.03514071600057,15.510528,62.031
57.04726879900045,15.549695999999999,61.75
57.05949890100055,15.549695999999999,62.0
57.07162231200073,15.588864,61.843
57.08486569100023,15.588864,62.031
57.096981486000004,15.588864,62.25
57.108981854000376,15.588864,61.875
57.120983054000135,15.588864,62.156
57.13318646700009,15.549695999999999,61.843
57.14537711200046,15.510528,62.031
57.1574874350008,15.510528,62.0
57.169551644999956,15.47136,62.25
57.18117641800018,15.47136,61.937
57.19332645400027,15.47136,62.125
57.205572140000186,15.510528,61.906
57.2176622070001,15.510528,62.093
57.229682031000266,15.510528,61.812
57.24183437100055,15.510528,62.062
57.254034168000544,15.510528,62.312
57.26616775599996,15.549695999999999,62.0
57.278212477000125,15.549695999999999,62.156
57.29028974300036,15.588864,61.875
57.30246682000052,15.588864,62.125
57.31458258300063,15.549695999999999,61.812
57.326630024000224,15.588864,61.906
57.33868178500052,15.588864,62.125
57.35068423300072,15.588864,62.125
57.36267848800071,15.588864,61.812
57.374676584000554,15.588864,61.937
57.386668472000565,15.628032,61.75
57.398653799000385,15.628032,61.937
57.41068251900015,15.549695999999999,62.062
57.42267610300041,15.510528,61.906
57.43465995800034,15.47136,62.0
57.44671159200061,15.432191999999999,61.843
57.46013260700056,15.432191999999999,61.937
57.47267372600072,15.47136,61.875
57.48589643200012,15.47136,62.156
57.49828705100026,15.510528,61.781
57.510420254000564,15.510528,62.093
57.5225859380007,15.549695999999999,61.781
57.53467670900045,15.549695999999999,62.031
57.54683880900029,15.588864,61.937
57.5616444390007,15.588864,62.281
57.57365405500059,15.588864,61.937
57.58563730300011,15.588864,62.281
57.59760339700006,15.549695999999999,61.875
57.60963951000031,15.510528,62.125
57.621621734000655,15.510528,61.75
57.633618933000434,15.510528,61.937
57.64570567100054,15.432191999999999,62.218
57.657737528000325,15.47136,61.937
57.669705479000186,15.47136,62.093
57.681693750000704,15.47136,62.062
57.69384311400063,15.47136,61.843
57.7059182360008,15.47136,61.968
57.71795332500005,15.47136,62.312
57.72996066900032,15.510528,61.906
57.74200839800051,15.549695999999999,62.187
57.7540718070004,15.549695999999999,61.875
57.76604628700079,15.588864,62.156
57.778015804999995,15.549695999999999,61.937
57.79000372500013,15.549695999999999,61.937
57.801999293000335,15.549695999999999,62.218
57.8140246210005,15.588864,61.875
57.826042205000704,15.588864,62.031
57.838033421000546,15.588864,61.906
57.850008412000534,15.588864,61.906
57.86201934000019,15.628032,61.656
57.87401724400024,15.628032,61.906
57.88600669900006,15.510528,62.156
57.89801906699995,15.47136,61.875
57.91003409099994,15.47136,61.718
57.92223225700036,15.432191999999999,61.968
57.93610022900066,15.432191999999999,61.656
57.949407801000234,15.47136,62.125
57.962712493000254,15.47136,61.843
57.9754920510004,15.510528,62.062
57.9877540260004,15.549695999999999,61.75
57.9998610850007,15.549695999999999,61.968
58.01197579200016,15.588864,61.781
58.02448654199998,15.588864,62.218
58.03667267400033,15.588864,61.937
58.048665586000425,15.588864,62.156
58.060671874000036,15.588864,61.843
58.072691377999945,15.549695999999999,62.093
58.08467203300006,15.510528,61.812
58.096665617000326,15.510528,61.875
58.10868416100038,15.47136,62.312
58.12066529599997,15.432191999999999,61.937
58.13266272000055,15.47136,62.156
58.14469147300042,15.47136,61.843
58.15666755200073,15.47136,62.062
58.16867188800006,15.47136,61.812
58.18066627100052,15.47136,62.0
58.19267585500074,15.510528,62.218
58.20436610200068,15.549695999999999,61.875
58.21643815200059,15.549695999999999,62.125
58.22852383400004,15.588864,61.812
58.240538634000586,15.588864,62.125
58.252533178000704,15.549695999999999,62.406
58.264530985999954,15.549695999999999,61.968
58.276533017000475,15.588864,62.093
58.28853453700049,15.588864,62.031
58.300556442000016,15.588864,61.843
58.31260852300056,15.588864,61.968
58.32460367400017,15.588864,61.718
58.33661287400082,15.628032,61.968
58.34861977000037,15.588864,62.281
58.360668875000556,15.510528,61.906
58.37269023600038,15.47136,61.968
58.38474948500061,15.47136,61.812
58.39842567600044,15.432191999999999,61.687
58.411617757000386,15.432191999999999,61.781
58.42467489000046,15.47136,62.093
58.43687766400035,15.47136,61.781
58.448997651000354,15.510528,62.0
58.461185959999966,15.549695999999999,61.718
58.47328265000033,15.549695999999999,62.0
58.485405869000715,15.588864,62.312
58.497607043000244,15.588864,62.25
58.509970493000765,15.588864,61.875
58.52212129700001,15.588864,62.156
58.53418806600075,15.588864,61.843
58.54623861100026,15.549695999999999,62.031
58.55828157199994,15.510528,61.843
58.57025816300029,15.510528,61.875
58.582248515000174,15.47136,62.25
58.59423281800082,15.432191999999999,61.843
58.60628352300046,15.47136,62.062
58.618404470000314,15.47136,61.843
58.630535722000786,15.47136,61.937
58.64260758,15.47136,62.375
58.654735471000095,15.47136,61.906
58.666724670000804,15.510528,62.25
58.678707406000285,15.510528,62.031
58.69070201300019,15.549695999999999,61.781
58.70269866900071,15.549695999999999,62.031
58.714687964000404,15.549695999999999,62.375
58.72682708800039,15.549695999999999,61.968
58.738849472000766,15.549695999999999,62.187
58.75087496100059,15.588864,61.843
58.76292752200061,15.588864,62.031
58.775008244000674,15.588864,61.781
58.78705571699993,15.588864,61.968
58.799045268000555,15.628032,62.25
58.811060357000315,15.628032,61.906
58.8231211100001,15.549695999999999,62.093
58.83512039000016,15.510528,61.875
58.847109557000294,15.47136,62.0
58.85989913100002,15.432191999999999,61.906
58.87322548800057,15.393023999999999,62.218
58.885883218000345,15.432191999999999,61.843
58.89914806900015,15.47136,61.75
58.9125857250001,15.47136,62.0
58.924814067000625,15.510528,61.843
58.936935782000546,15.549695999999999,61.937
58.9490548090007,15.549695999999999,62.25
58.961122538999916,15.549695999999999,62.187
58.976198801000464,15.588864,61.937
58.98822803300027,15.588864,62.187
59.00029656300012,15.588864,61.906
59.01235257999997,15.549695999999999,62.062
59.02438482100024,15.510528,61.781
59.03638726900044,15.510528,61.937
59.04838872400069,15.510528,62.218
59.06042288500066,15.432191999999999,61.812
59.07244920500034,15.47136,62.093
59.08446064600048,15.47136,61.843
59.09646933300064,15.47136,62.062
59.108474981000654,15.47136,62.062
59.12052469400078,15.510528,62.343
59.132516710000345,15.47136,61.875
59.14450373300042,15.510528,62.156
59.156539718000204,15.549695999999999,61.875
59.16855919000045,15.549695999999999,62.125
59.18059600700053,15.588864,62.312
59.192572950000795,15.510528,62.0
59.2047054500008,15.549695999999999,62.281
59.21666504800032,15.549695999999999,61.812
59.22856150900043,15.588864,62.125
59.24064651900062,15.588864,61.75
59.25270420000015,15.588864,62.0
59.264754714000446,15.588864,62.281
59.27676970600078,15.628032,61.906
59.28874780100068,15.588864,62.187
59.30075584900078,15.549695999999999,61.812
59.31301657600034,15.47136,62.031
59.32507950500076,15.47136,61.937
59.338984406000236,15.432191999999999,62.218
59.35231287500028,15.432191999999999,62.062
59.36569612900075,15.47136,61.656
59.379256893000274,15.47136,62.031
59.39140516900079,15.510528,61.781
59.403550629000165,15.549695999999999,61.937
59.41573208900081,15.549695999999999,61.875
59.42794971100011,15.549695999999999,62.218
59.440104131000226,15.549695999999999,61.937
59.45214910800041,15.549695999999999,62.156
59.46416931600015,15.588864,61.875
59.47620568500042,15.549695999999999,62.031
59.4882522300004,15.510528,61.812
59.50028776700037,15.510528,61.937
59.51236631300071,15.47136,62.281
59.524371993000386,15.432191999999999,61.937
59.536378473000696,15.432191999999999,62.062
59.54839487300069,15.432191999999999,61.843
59.56041472900051,15.47136,62.031
59.57248274700032,15.47136,62.343
59.58448356200006,15.47136,61.937
59.59647401000075,15.47136,62.187
59.608477450000464,15.510528,61.875
59.620601437000005,15.510528,62.093
59.632568940000056,15.549695999999999,62.093
59.644615580999925,15.549695999999999,62.343
59.656635821000236,15.549695999999999,62.062
59.668642493000334,15.510528,62.25
59.68063201200039,15.549695999999999,61.843
59.69262671600063,15.588864,62.218
59.704739311000594,15.588864,61.781
59.71675081500052,15.588864,61.968
59.72872699000072,15.588864,62.25
59.74066495600073,15.628032,61.875
59.752663691000635,15.628032,62.156
59.76464124300037,15.549695999999999,61.781
59.77664164199996,15.510528,62.062
59.78862572200069,15.47136,61.718
59.801167032000194,15.393023999999999,62.218
59.81450779000079,15.393023999999999,61.843
59.82780317000015,15.432191999999999,62.093
59.83990866000022,15.47136,61.625
59.85322538500077,15.47136,61.906
59.86535852399993,15.510528,61.875
59.87742641400018,15.549695999999999,61.75
59.88954489700063,15.549695999999999,61.875
59.90180677600074,15.549695999999999,61.875
59.91684722900027,15.549695999999999,62.093
59.92888561400014,15.588864,61.843
59.94094185500035,15.549695999999999,62.062
59.95292318200063,15.549695999999999,61.75
59.96491273300035,15.510528,61.875
59.976917132999915,15.510528,62.156
59.98890962900077,15.47136,61.906
60.00087937200078,15.432191999999999,62.093
60.01290476400027,15.432191999999999,61.843
60.024888875000215,15.47136,62.062
60.036902715,15.47136,62.312
60.04890333900039,15.47136,61.937
60.06089557800078,15.47136,62.218
60.07290481000018,15.47136,61.906
60.085153537000224,15.510528,62.062
60.09729403700021,15.510528,61.875
60.109484938000605,15.549695999999999,62.031
60.12154293900039,15.549695999999999,62.0
60.13364542199997,15.510528,62.218
60.145625789000405,15.549695999999999,61.875
60.15762852500029,15.549695999999999,62.0
60.169628348000515,15.549695999999999,61.75
60.18160868300038,15.588864,61.937
60.19363852400056,15.588864,62.312
60.205821585000194,15.588864,61.875
60.217893378000554,15.628032,62.125
60.230064727000354,15.588864,61.906
60.24206771900026,15.510528,62.031
60.25539798000045,15.47136,61.875
60.26752257499993,15.47136,62.375
60.28105127300023,15.432191999999999,61.875
60.294476897000095,15.47136,62.062
60.30736416900072,15.47136,62.0
60.32079017700016,15.510528,61.718
60.332903700000315,15.510528,61.937
60.34494570100014,15.549695999999999,61.718
60.35703880700021,15.588864,61.875
60.36906461500075,15.588864,62.218
60.38329595699997,15.588864,62.125
60.395331014000476,15.588864,61.843
60.40734379800051,15.588864,62.093
60.41937661500015,15.549695999999999,61.781
60.4313337170006,15.549695999999999,61.906
60.44330909200016,15.510528,62.218
60.45534027700069,15.510528,61.937
60.4673473010007,15.47136,62.062
60.47932533200037,15.47136,61.781
60.49134458000026,15.47136,62.031
60.50336306000008,15.47136,62.312
60.515388933000395,15.47136,62.218
60.52737256399996,15.47136,62.218
60.53934755499995,15.47136,62.156
60.551331442000446,15.510528,61.875
60.563370755000506,15.510528,62.093
60.575355154000135,15.549695999999999,61.781
60.58733936200042,15.549695999999999,61.937
60.599354386000414,15.549695999999999,62.218
60.61136185800024,15.510528,61.875
60.62334820900014,15.549695999999999,62.093
60.63533510400066,15.588864,61.75
60.64735364800072,15.588864,61.937
60.65938777700012,15.588864,62.312
60.67135710399998,15.588864,61.843
60.683366208000734,15.628032,62.156
60.695336207000764,15.588864,61.906
60.70735519900063,15.510528,62.0
60.71935732700058,15.47136,61.843
60.73137247900013,15.47136,62.187
60.74523433900049,15.393023999999999,61.875
60.75864146599997,15.393023999999999,62.125
60.77202552000017,15.432191999999999,62.0
60.7841299870006,15.432191999999999,61.687
60.797482584000136,15.47136,61.875
60.80963463600074,15.510528,61.687
60.821837154000605,15.510528,61.937
60.8340430950002,15.549695999999999,62.093
60.84617805800008,15.549695999999999,62.156
60.86032408600022,15.549695999999999,61.843
60.87235779900038,15.588864,62.093
60.884358135000184,15.588864,61.875
60.89638784700037,15.549695999999999,61.937
60.90839826299998,15.510528,62.25
60.920424294999975,15.510528,61.937
60.93243669500043,15.47136,62.125
60.944520938000096,15.432191999999999,61.875
60.95659413900012,15.47136,61.968
60.96861399499994,15.47136,62.281
60.980618939000124,15.47136,62.281
60.992640684000435,15.47136,61.968
61.004748094000206,15.47136,62.125
61.01666775600006,15.47136,61.875
61.02866719500071,15.510528,62.125
61.04063159399993,15.549695999999999,61.843
61.05262024900003,15.549695999999999,61.968
61.06461284100078,15.588864,62.218
61.07658584799992,15.510528,61.875
61.088596552000126,15.549695999999999,62.093
61.100599447000604,15.549695999999999,61.718
61.11260416700043,15.549695999999999,62.0
61.12471385000026,15.588864,62.281
61.13666692000061,15.588864,61.906
61.148670135999964,15.588864,62.062
61.160661576000166,15.628032,61.843
61.1726992240001,15.588864,62.125
61.18472650500007,15.510528,61.75
61.19667525500063,15.47136,61.937
61.20866925500013,15.432191999999999,61.937
61.22202639600073,15.432191999999999,62.031
61.23545259599996,15.432191999999999,62.062
61.24909768100042,15.432191999999999,61.687
61.26246512700072,15.47136,61.937
61.274746654999944,15.510528,61.656
61.28695618000074,15.549695999999999,61.875
61.299080776000665,15.549695999999999,62.125
61.31125484400036,15.549695999999999,62.156
61.32627692799997,15.549695999999999,61.843
61.3382997610006,15.549695999999999,62.062
61.350341857000785,15.549695999999999,61.812
61.36246645300071,15.549695999999999,61.968
61.37446304400055,15.510528,62.25
61.38646811600029,15.47136,62.093
61.39847658000053,15.47136,61.75
61.41046773100061,15.432191999999999,62.093
61.422469795000325,15.432191999999999,61.75
61.43447454700072,15.432191999999999,62.031
61.44646944200031,15.432191999999999,62.25
61.45848571500028,15.432191999999999,61.875
61.47047085000031,15.47136,62.187
61.48251397100012,15.47136,61.843
61.49449097800061,15.47136,62.0
61.50654232300076,15.510528,61.781
61.51857718700012,15.510528,61.906
61.53060309200009,15.549695999999999,62.218
61.542657797000174,15.510528,61.937
61.55480024900044,15.510528,62.156
61.566811721000704,15.549695999999999,61.687
61.57883666500038,15.549695999999999,62.031
61.59085917700031,15.549695999999999,62.25
61.6028991940002,15.549695999999999,61.968
61.614896618000785,15.549695999999999,62.093
61.62687832900065,15.588864,62.125
61.63890429700041,15.588864,61.843
61.65092764200017,15.47136,62.0
61.662930249000055,15.47136,62.281
61.67493612100043,15.432191999999999,61.781
61.68835636900076,15.393023999999999,62.125
61.70184993000021,15.393023999999999,61.968
61.71548221500052,15.432191999999999,61.656
61.72886595,15.432191999999999,61.906
61.740409345000444,15.47136,61.687
61.75257362100001,15.510528,61.875
61.764754666000044,15.510528,62.187
61.77695132700046,15.549695999999999,62.093
61.79066563100059,15.549695999999999,61.75
61.80283038700054,15.549695999999999,62.031
61.81487731600009,15.549695999999999,61.781
61.826864083000146,15.549695999999999,62.0
61.83887411500018,15.510528,62.187
61.85092482000073,15.47136,61.906
61.8629217000007,15.47136,62.125
61.87492443600058,15.432191999999999,61.875
61.88694234000013,15.432191999999999,62.0
61.89893169900006,15.432191999999999,61.968
61.910910338000576,15.432191999999999,62.218
61.92307659800008,15.47136,61.843
61.935300556000584,15.47136,62.062
61.947521441999925,15.47136,61.875
61.95960350800033,15.47136,62.062
61.97167527000056,15.510528,61.875
61.98372962300073,15.510528,61.937
61.99584042600054,15.549695999999999,62.218
62.00791455500075,15.549695999999999,61.875
62.020021646000714,15.510528,62.125
62.032039806000284,15.549695999999999,61.812
62.04411960000016,15.549695999999999,61.937
62.056210210000245,15.549695999999999,62.25
62.06826312300018,15.588864,62.218
62.080298276000576,15.549695999999999,61.875
62.09231122000074,15.588864,61.937
62.1044161990003,15.588864,61.75
62.11645692000002,15.549695999999999,62.0
62.12848240800031,15.47136,61.812
62.14052252100009,15.47136,61.843
62.1525601050007,15.432191999999999,62.187
62.166086019999966,15.393023999999999,61.968
62.17952486000013,15.432191999999999,61.718
62.1927363650002,15.432191999999999,61.875
62.20640269900014,15.47136,61.875
62.21859724800015,15.510528,62.156
62.230715379000685,15.510528,61.781
62.24284752700078,15.549695999999999,62.093
62.255005883000194,15.549695999999999,62.031
62.26940811000077,15.549695999999999,62.0
62.28138271700027,15.549695999999999,61.937
62.293392973000664,15.549695999999999,62.406
62.305931883000085,15.549695999999999,61.937
62.31804390200068,15.510528,62.0
62.33004830200025,15.47136,61.875
62.342040829000325,15.47136,62.093
62.35406273400076,15.432191999999999,61.812
62.36613151900019,15.432191999999999,61.937
62.37816756800021,15.432191999999999,62.281
62.39020950500071,15.47136,61.875
62.40218177600036,15.47136,62.125
62.41419260700059,15.47136,61.875
62.42622408000079,15.47136,62.0
62.438259809000556,15.47136,61.875
62.45027915300034,15.510528,61.906
62.462290593000034,15.549695999999999,62.156
62.47428958399996,15.549695999999999,62.218
62.48647094900025,15.510528,61.875
62.49847496500024,15.510528,61.968
62.51045293200059,15.549695999999999,61.718
62.52246942800048,15.549695999999999,61.906
62.53462087200023,15.549695999999999,62.187
62.546663001000525,15.549695999999999,61.906
62.55868372100031,15.588864,62.031
62.57067487200038,15.588864,61.781
62.582654472000286,15.588864,62.093
62.5946766320003,15.510528,61.718
62.606694439999956,15.432191999999999,61.875
62.61869253600071,15.47136,61.875
62.633114987000226,15.393023999999999,61.968
62.64644505600063,15.393023999999999,61.875
62.65982779800015,15.432191999999999,61.656
62.67332232000081,15.432191999999999,61.781
62.68550957200023,15.47136,62.187
62.69763391200013,15.510528,61.875
62.70971335300055,15.510528,62.031
62.721966432000045,15.510528,61.906
62.73401780900076,15.510528,62.0
62.74605168200014,15.549695999999999,61.781
62.75805544200011,15.549695999999999,62.312
62.770126563000304,15.549695999999999,61.875
62.78214321900032,15.510528,62.125
62.794144867000796,15.47136,61.812
62.80619944400041,15.47136,62.062
62.81822016500064,15.432191999999999,61.75
62.830225300000166,15.432191999999999,61.968
62.84223626000039,15.432191999999999,62.25
62.854308310000306,15.432191999999999,61.875
62.86633437399996,15.432191999999999,62.187
62.878461786000116,15.47136,61.843
62.890463753000404,15.432191999999999,62.031
62.90268915100023,15.47136,61.843
62.9148527870002,15.510528,61.906
62.92689120400064,15.510528,62.25
62.93894226100019,15.549695999999999,61.937
62.950970918000166,15.510528,62.093
62.96309375300007,15.510528,61.968
62.975106825000694,15.510528,61.781
62.98710325600041,15.549695999999999,61.906
62.999090920000526,15.549695999999999,62.187
63.011092663000454,15.549695999999999,61.968
63.02308848700068,15.549695999999999,62.0
63.03509957500046,15.588864,61.687
63.04709527000068,15.588864,62.031
63.05913912699998,15.510528,61.718
63.07113994300016,15.47136,61.937
63.08329698700072,15.432191999999999,62.093
63.095436782000434,15.393023999999999,61.812
63.10873059400001,15.393023999999999,61.625
63.12210466400029,15.432191999999999,61.906
63.13534375400013,15.432191999999999,61.843
63.14856735600006,15.47136,62.187
63.16068171100051,15.510528,61.812
63.17267731100037,15.510528,62.093
63.184820146000675,15.549695999999999,61.75
63.19692278900038,15.549695999999999,61.843
63.21185568600049,15.549695999999999,61.968
63.2239077990007,15.549695999999999,62.281
63.2359352400008,15.549695999999999,61.937
63.247925751000366,15.549695999999999,62.125
63.25997108000047,15.510528,61.875
63.27197928800069,15.47136,61.968
63.284001607999926,15.47136,61.812
63.29603618500005,15.432191999999999,61.906
63.30806461700013,15.432191999999999,62.281
63.32011429800059,15.432191999999999,61.875
63.33251506100078,15.47136,62.125
63.34458026300035,15.47136,61.875
63.3566453680005,15.47136,62.093
63.36867696900026,15.47136,61.843
63.38081231600063,15.510528,62.218
63.39279373900081,15.510528,61.906
63.40481493900006,15.549695999999999,62.187
63.41680225100026,15.549695999999999,61.875
63.42893785400065,15.510528,62.125
63.4409419980002,15.549695999999999,61.875
63.45294662200013,15.549695999999999,61.875
63.46497579000061,15.549695999999999,62.187
63.47694969300028,15.549695999999999,61.781
63.488957004999975,15.549695999999999,62.156
63.500947836000705,15.588864,61.75
63.512940812000124,15.628032,62.031
63.52493634700022,15.588864,61.843
63.53694929100038,15.510528,61.875
63.54894978700031,15.47136,62.187
63.56101569200018,15.47136,62.093
63.574999858999945,15.393023999999999,61.718
63.58859908800059,15.432191999999999,61.875
63.60102871500021,15.432191999999999,61.843
63.614416002000326,15.47136,62.156
63.62659858200004,15.47136,61.843
63.63871088900032,15.510528,62.093
63.65093820700076,15.549695999999999,61.718
63.66328664899993,15.549695999999999,61.968
63.67558200000076,15.549695999999999,61.781
63.687638050000714,15.549695999999999,61.937
63.69960510400051,15.549695999999999,62.312
63.71160006400078,15.549695999999999,61.906
63.723597679000704,15.510528,62.093
63.735609887000464,15.47136,62.062
63.747774868000306,15.47136,61.75
63.75984838900058,15.432191999999999,61.937
63.77187813399996,15.432191999999999,62.25
63.78390147800019,15.432191999999999,61.875
63.795923670000775,15.47136,62.093
63.807951783000135,15.47136,61.843
63.81996715900004,15.47136,62.0
63.83198723900023,15.47136,61.781
63.84398805500041,15.47136,61.968
63.85601200700057,15.510528,62.281
63.868008342000394,15.549695999999999,61.937
63.879991238,15.549695999999999,62.093
63.89195918800033,15.549695999999999,61.875
63.904032646000815,15.510528,62.093
63.91602200500074,15.549695999999999,61.812
63.92799741199997,15.588864,61.906
63.94000446800055,15.588864,62.156
63.95203878900065,15.588864,61.75
63.96407602100044,15.588864,62.031
63.97609328500039,15.588864,61.968
63.98807874100021,15.628032,61.718
64.00008598800014,15.549695999999999,61.843
64.01208741200026,15.510528,62.218
64.02406029100075,15.47136,61.75
64.03604126600021,15.432191999999999,62.0
64.04945002500062,15.432191999999999,61.968
64.06286223999996,15.432191999999999,61.718
64.07602356799998,15.47136,61.812
64.08951847400022,15.510528,62.093
64.10157077900021,15.510528,61.781
64.11366385300062,15.549695999999999,62.0
64.12584809800046,15.549695999999999,61.875
64.13803352600007,15.549695999999999,61.812
64.15154824000001,15.588864,61.937
64.16358873700028,15.588864,62.25
64.1755688480007,15.588864,61.937
64.18757878399992,15.549695999999999,62.125
64.1995666390003,15.510528,61.875
64.21154847800062,15.510528,62.062
64.2235463500001,15.510528,61.843
64.23553606099995,15.432191999999999,61.875
64.24753086100009,15.47136,62.218
64.25951750000058,15.47136,61.843
64.271496587,15.47136,62.093
64.28349333900042,15.47136,62.125
64.29550036199998,15.47136,61.781
64.30755782000051,15.47136,62.0
64.31954765900082,15.510528,62.281
64.33153231400047,15.510528,61.875
64.34360804400058,15.549695999999999,62.093
64.35597271000006,15.588864,61.906
64.3680810800006,15.549695999999999,62.093
64.38010029600082,15.549695999999999,61.781
64.39214437700048,15.549695999999999,61.875
64.40415264900003,15.588864,62.218
64.41619289000027,15.588864,61.875
64.42827966000004,15.588864,62.031
64.4405161300001,15.588864,61.718
64.45254184200076,15.628032,61.906
64.46456477100037,15.588864,62.343
64.47656542599998,15.510528,62.25
64.48856790600075,15.47136,61.75
64.50058337800056,15.47136,61.968
64.5144669020001,15.432191999999999,61.812
64.52783770800033,15.432191999999999,61.593
64.54104374200051,15.432191999999999,61.812
64.55326782700013,15.47136,62.125
64.56550404200061,15.47136,61.843
64.57760102000066,15.549695999999999,62.0
64.58977876900008,15.549695999999999,61.718
64.60206810399995,15.549695999999999,61.937
64.61417765900023,15.549695999999999,61.75
64.62624292400051,15.549695999999999,62.25
64.63825590000033,15.588864,61.875
64.65027799700056,15.549695999999999,62.062
64.66227705200072,15.549695999999999,61.875
64.67427518000022,15.510528,62.031
64.68624517800072,15.47136,61.781
64.69825162600046,15.432191999999999,61.968
64.71026066600007,15.432191999999999,62.156
64.72224464900046,15.432191999999999,61.875
64.73424300100032,15.47136,62.093
64.74625783300053,15.47136,61.718
64.75826546500048,15.47136,62.031
64.77034154600005,15.47136,62.375
64.78236217100039,15.47136,61.937
64.79440097099996,15.510528,62.25
64.8064767650003,15.549695999999999,61.875
64.81849246100046,15.549695999999999,62.062
64.83049231700079,15.549695999999999,61.875
64.84250855700066,15.510528,62.031
64.85459017500034,15.549695999999999,62.375
64.8666306390005,15.588864,62.156
64.87864739100041,15.588864,61.875
64.8906743840007,15.588864,62.062
64.90270860800047,15.588864,61.812
64.91472337600044,15.628032,61.875
64.92679069000042,15.628032,62.343
64.93882309000037,15.549695999999999,61.937
64.9508344980004,15.510528,62.125
64.96289474000059,15.47136,61.781
64.97490557100082,15.47136,62.0
64.98836844400012,15.432191999999999,61.906
65.00157534100072,15.47136,62.25
65.01367155200023,15.47136,61.781
65.02704434200041,15.510528,62.093
65.03918797700044,15.549695999999999,61.812
65.05131129200072,15.549695999999999,62.0
65.06348619300024,15.588864,61.781
65.07564307700068,15.588864,61.75
65.09061251900039,15.588864,61.937
65.10266914400017,15.588864,62.218
65.11471834500026,15.588864,61.875
65.12669387999995,15.588864,62.062
65.1387037200002,15.549695999999999,61.906
65.15069746400059,15.549695999999999,61.718
65.16272973600007,15.510528,62.0
65.17489833200034,15.47136,62.218
65.18693252499997,15.47136,61.843
65.19898470200042,15.47136,62.125
65.21103902300001,15.47136,61.812
65.22309302400026,15.510528,62.0
65.23513886500041,15.510528,62.375
65.24714982500063,15.510528,61.937
65.25917572900016,15.510528,62.312
65.27119747300003,15.549695999999999,61.875
65.28326625900081,15.588864,62.031
65.2953693490008,15.588864,61.843
65.30753010600074,15.549695999999999,62.093
65.3195486500008,15.549695999999999,62.312
65.33156978600073,15.588864,61.875
65.34358340200015,15.588864,61.875
65.355815936,15.588864,62.031
65.3678503200008,15.588864,61.781
65.38020609000068,15.628032,61.875
65.39230182000028,15.628032,62.312
65.40439787000014,15.628032,61.906
65.41641238200009,15.549695999999999,62.062
65.42843876700044,15.510528,61.812
65.44051849700008,15.510528,61.937
65.45355905300039,15.432191999999999,61.906
65.46682460800002,15.432191999999999,62.218
65.47905410200019,15.47136,61.781
65.49257457600015,15.47136,62.062
65.5051879850007,15.510528,62.125
65.51735907800048,15.549695999999999,61.75
65.52943663099995,15.549695999999999,61.906
65.54180555300081,15.588864,61.75
65.55409789700025,15.588864,61.875
65.5659553810001,15.588864,62.25
65.57798707700022,15.628032,61.875
65.59019455399994,15.588864,62.156
65.6022061220001,15.588864,61.781
65.61425330700058,15.510528,61.968
65.62624183400021,15.510528,62.312
65.63822985000024,15.47136,61.906
65.65025329000036,15.47136,62.218
65.66224220100048,15.47136,61.875
65.67427885800043,15.47136,62.062
65.68628101700051,15.47136,61.812
65.69827818500016,15.47136,62.343
65.71027637700081,15.47136,61.937
65.72227261600074,15.510528,62.218
65.73427010400064,15.510528,61.906
65.74626275900027,15.549695999999999,62.125
65.7582883110008,15.588864,61.875
65.77029571900039,15.588864,61.968
65.78227019800033,15.549695999999999,62.312
65.7942802940006,15.588864,61.937
65.80629848600074,15.588864,62.125
65.81828976500037,15.588864,61.812
65.83029938100026,15.588864,62.0
65.84229648500059,15.588864,61.75
65.85460438100017,15.628032,61.906
65.86664983800074,15.628032,62.218
65.87867164599993,15.588864,61.906
65.89067012500072,15.549695999999999,61.875
65.90409645300042,15.510528,61.937
65.9161995430004,15.47136,61.75
65.92957617299999,15.432191999999999,61.906
65.9430721990002,15.47136,61.781
65.95640527600062,15.510528,62.062
65.96887640800014,15.510528,61.718
65.98106145300062,15.549695999999999,62.0
65.9932434580005,15.588864,61.75
66.00581606500054,15.588864,61.718
66.01805435999995,15.588864,61.875
66.03311404500073,15.588864,62.187
66.04517723000026,15.588864,62.093
66.05726659200081,15.588864,61.812
66.06934990600075,15.588864,62.0
66.08138963500005,15.549695999999999,61.843
66.09345378000035,15.510528,61.875
66.10555965500043,15.510528,62.343
66.11756395800057,15.47136,61.875
66.12956967000082,15.47136,62.062
66.14157099800013,15.47136,61.875
66.15366464800081,15.47136,62.031
66.16567672800011,15.510528,61.781
66.1776814470004,15.510528,62.031
66.18968709500041,15.510528,62.281
66.20185297100033,15.549695999999999,61.875
66.2140743050004,15.549695999999999,62.093
66.22607572900051,15.588864,61.843
66.23808371199993,15.588864,62.0
66.25014209800065,15.549695999999999,62.343
66.26216934600052,15.549695999999999,62.187
66.2741812660006,15.588864,61.875
66.28618899400044,15.588864,62.093
66.29821861000073,15.588864,61.75
66.3102637790007,15.588864,62.0
66.32226603400068,15.588864,62.281
66.33428489900052,15.628032,61.875
66.34626110499994,15.588864,62.218
66.35830048200023,15.549695999999999,61.843
66.37032641800033,15.47136,62.062
66.38241747700067,15.47136,61.718
66.39590163000048,15.432191999999999,61.656
66.40935211800024,15.47136,61.843
66.42282955100018,15.47136,62.125
66.4354999850002,15.510528,61.968
66.44763309200061,15.510528,61.718
66.45991865199994,15.549695999999999,61.875
66.47211428900027,15.588864,61.781
66.48425786000007,15.588864,61.875
66.49648082600015,15.588864,62.187
66.50855111600049,15.588864,61.812
66.52057033200072,15.588864,62.125
66.53258628399999,15.588864,61.906
66.54460412400022,15.549695999999999,61.968
66.5566412600001,15.510528,62.281
66.56866706900018,15.510528,61.906
66.58064455600015,15.432191999999999,62.187
66.59263189900048,15.432191999999999,61.875
66.60477127800004,15.47136,62.031
66.61676131000058,15.47136,62.0
66.62876292500005,15.47136,61.843
66.64077638100025,15.47136,62.031
66.65278820500043,15.47136,62.218
66.66477865200068,15.510528,61.875
66.67678142000022,15.510528,62.125
66.68876396300038,15.549695999999999,61.843
66.70074657000077,15.588864,62.031
66.7127380740003,15.549695999999999,62.375
66.72467373500058,15.549695999999999,61.906
66.73666728700027,15.588864,62.25
66.74861446900013,15.588864,61.843
66.76060405200042,15.588864,62.093
66.77259981099996,15.628032,61.781
66.78458757099997,15.588864,61.875
66.7965633620006,15.628032,62.187
66.80857569799991,15.628032,61.875
66.82060224199995,15.549695999999999,62.156
66.83260040100049,15.510528,61.843
66.84458620800069,15.510528,61.937
66.85660798500066,15.432191999999999,61.937
66.86995648600077,15.432191999999999,62.25
66.8834340150006,15.47136,62.125
66.89672933100064,15.47136,61.781
66.90886867800054,15.510528,61.968
66.92099032900023,15.549695999999999,61.75
66.93303594600002,15.549695999999999,61.875
66.94511663600042,15.588864,62.187
66.95725751900045,15.588864,62.187
66.97250709800028,15.588864,61.875
66.9845359460005,15.588864,62.125
66.99656559400046,15.588864,61.875
67.00860020300024,15.588864,61.968
67.02066809200005,15.549695999999999,62.312
67.03272343700064,15.549695999999999,61.875
67.04466671499995,15.510528,62.218
67.05670068400013,15.47136,61.812
67.06868309900074,15.47136,62.093
67.08067242600009,15.47136,61.875
67.09275126000011,15.47136,62.0
67.10498763400028,15.510528,62.312
67.1169946580003,15.510528,61.906
67.12895528000081,15.510528,62.156
67.1410963240005,15.510528,62.125
67.15310917200077,15.549695999999999,61.75
67.16512794000027,15.588864,62.0
67.17710613100007,15.588864,62.312
67.18909181000072,15.549695999999999,61.968
67.20109640100054,15.549695999999999,62.187
67.21308969700021,15.588864,61.781
67.22503796700039,15.588864,62.062
67.23699714900067,15.588864,61.687
67.24895111500064,15.588864,61.906
67.26092066599995,15.588864,62.25
67.2728957850004,15.628032,61.906
67.28484488699996,15.628032,62.062
67.2968216700001,15.510528,61.75
67.30890552800065,15.47136,61.968
67.32085824600017,15.47136,61.906
67.33515090200035,15.432191999999999,62.25
67.34869057600008,15.432191999999999,61.718
67.36135774700051,15.47136,61.718
67.37510513899997,15.47136,62.0
67.3866253010001,15.510528,61.718
67.39879572100017,15.549695999999999,61.937
67.4110752330007,15.549695999999999,62.218
67.42402273100015,15.588864,61.875
67.43623888000002,15.588864,62.156
67.44837515600011,15.588864,62.156
67.46042134900017,15.588864,61.812
67.4726445060005,15.588864,62.031
67.48477342200022,15.549695999999999,62.312
67.49675074800052,15.510528,61.968
67.50874990000011,15.510528,62.187
67.5207444430007,15.47136,61.875
67.5327563310002,15.47136,62.062
67.54482281300079,15.47136,61.843
67.55686487700041,15.47136,61.968
67.56886111700078,15.47136,62.281
67.5808519480006,15.510528,61.968
67.59285756400004,15.510528,62.187
67.60496964600043,15.510528,61.875
67.61694434900073,15.549695999999999,62.093
67.62894289300039,15.549695999999999,61.843
67.64095410900063,15.588864,62.0
67.65302795000025,15.588864,62.312
67.66504163000081,15.549695999999999,62.218
67.67705614200077,15.588864,61.875
67.68904886100063,15.588864,62.062
67.70104286100013,15.588864,61.75
67.71305529300025,15.628032,61.968
67.72506884500035,15.588864,62.218
67.73706949999996,15.628032,61.812
67.74907406000057,15.628032,62.093
67.76112870100042,15.549695999999999,61.75
67.77316580600018,15.510528,62.125
67.78516220500023,15.47136,61.656
67.79721873400013,15.432191999999999,61.906
67.81074752800032,15.432191999999999,61.843
67.82443383100053,15.47136,62.093
67.83800083400001,15.47136,61.968
67.85051427200051,15.510528,61.656
67.86274395800046,15.510528,61.937
67.87484164100078,15.549695999999999,62.25
67.88687093700082,15.549695999999999,61.875
67.8999237500002,15.549695999999999,62.156
67.91165159800039,15.588864,61.906
67.92369801500081,15.588864,62.125
67.93575425600011,15.588864,61.906
67.94782099300028,15.588864,62.0
67.95988427500015,15.549695999999999,62.343
67.97193930000049,15.510528,61.968
67.98398821200044,15.510528,62.093
67.99602109300031,15.47136,62.093
68.0081060070006,15.47136,61.843
68.02045764800005,15.47136,62.031
68.03259984400029,15.510528,62.312
68.0446462280006,15.510528,61.875
68.05676771900016,15.510528,62.218
68.06884872900082,15.510528,62.0
68.08103441399999,15.549695999999999,62.062
68.09300953300044,15.549695999999999,61.75
68.10512638399996,15.588864,61.968
68.1171402230002,15.588864,62.375
68.12914759900013,15.549695999999999,62.0
68.1411682550006,15.549695999999999,62.093
68.15315751800063,15.588864,61.718
68.16519852700003,15.588864,62.093
68.1772118230001,15.588864,61.75
68.18922774300063,15.588864,62.281
68.20122855900081,15.588864,61.875
68.21327401500002,15.628032,62.093
68.22528516700004,15.628032,61.875
68.23729823900067,15.549695999999999,62.062
68.2492921740004,15.47136,61.687
68.26127676500073,15.47136,61.875
68.27338625600078,15.432191999999999,62.218
68.28699034800047,15.47136,62.031
68.30060656900059,15.47136,61.687
68.31335348600078,15.510528,61.937
68.32558000300014,15.510528,61.718
68.33776322400081,15.549695999999999,61.906
68.34980116099996,15.588864,62.281
68.36196876500071,15.588864,61.843
68.37408590400082,15.588864,62.156
68.38625405200037,15.588864,62.156
68.3982473470005,15.588864,61.875
68.41041191100066,15.588864,62.0
68.42242888700002,15.549695999999999,62.25
68.43443581500014,15.510528,61.937
68.44615790300031,15.549695999999999,62.187
68.45831769899996,15.510528,61.875
68.47051490400008,15.47136,62.062
68.48255328800042,15.47136,61.812
68.49458696900001,15.47136,62.0
68.50664730600056,15.510528,62.187
68.51866620200053,15.510528,61.906
68.53066065000075,15.510528,62.218
68.54267260100005,15.510528,61.875
68.55482097300046,15.549695999999999,62.125
68.5668683820004,15.549695999999999,61.812
68.57890535800016,15.588864,61.968
68.59107913900061,15.588864,62.281
68.60313221200067,15.549695999999999,62.156
68.61518899700059,15.588864,61.843
68.62721515700014,15.588864,62.062
68.63924893400053,15.588864,61.718
68.65130213500015,15.628032,61.875
68.6633147270004,15.588864,62.218
68.67532482200022,15.628032,61.812
68.68737395900007,15.628032,62.093
68.69936466300078,15.588864,61.875
68.71132963700074,15.510528,62.031
68.7233290130007,15.510528,61.656
68.73532957200041,15.47136,61.875
68.74903037100012,15.432191999999999,61.812
68.76272240200069,15.47136,62.031
68.77513682900008,15.47136,61.656
68.78762210600053,15.510528,61.906
68.79983105600058,15.510528,61.656
68.81191148900052,15.549695999999999,62.187
68.82404248500006,15.588864,61.781
68.83642961500027,15.588864,62.156
68.84808357300062,15.588864,61.875
68.86018099900048,15.588864,62.125
68.87221154300005,15.588864,61.812
68.88425498400011,15.588864,61.906
68.89629698499994,15.549695999999999,62.187
68.9083374490001,15.510528,61.875
68.92035071300052,15.510528,62.156
68.93236346499998,15.47136,61.781
68.94434642400029,15.47136,61.937
68.95636605600066,15.47136,61.812
68.96837612000036,15.47136,62.0
68.98037636000026,15.47136,62.281
68.9926467510004,15.47136,61.937
69.00478373000078,15.510528,62.187
69.01676956900064,15.510528,61.843
69.0286703820002,15.510528,62.062
69.04064303700034,15.549695999999999,62.281
69.05262125900026,15.588864,62.218
69.06463509900004,15.549695999999999,62.0
69.07662263400016,15.549695999999999,62.156
69.08862965800017,15.549695999999999,61.812
69.10062641000059,15.588864,62.0
69.11259816800066,15.588864,61.656
69.12459834400033,15.588864,61.875
69.13661708000018,15.588864,62.093
69.1485936070003,15.628032,61.75
69.16081340400069,15.628032,62.031
69.17282698800045,15.510528,61.781
69.18482482800027,15.510528,62.0
69.19681860300079,15.47136,62.125
69.21023517000049,15.393023999999999,62.125
69.22314119500061,15.393023999999999,61.812
69.23667021300025,15.432191999999999,61.656
69.25000588200055,15.432191999999999,61.843
69.26230446600039,15.47136,61.75
69.27461588200003,15.510528,61.875
69.28683046400056,15.510528,62.125
69.29894645000059,15.549695999999999,61.875
69.3136127480002,15.549695999999999,61.812
69.32565238100051,15.549695999999999,62.062
69.33764887600046,15.549695999999999,61.812
69.34975171099995,15.549695999999999,61.968
69.36193147500035,15.510528,62.281
69.3740013810002,15.47136,61.875
69.38602357300078,15.47136,62.156
69.39820660100031,15.47136,61.875
69.41034009300074,15.432191999999999,62.062
69.42238798100061,15.432191999999999,61.875
69.4344653750004,15.432191999999999,61.875
69.44647924700075,15.47136,62.25
69.45850422300009,15.47136,62.187
69.47017210100057,15.47136,62.187
69.48227800800032,15.47136,62.156
69.49427504699997,15.510528,61.75
69.50631832800082,15.549695999999999,62.0
69.5184381550007,15.549695999999999,62.312
69.5304645390006,15.588864,61.906
69.54248026700043,15.510528,62.156
69.55465222300063,15.549695999999999,61.812
69.56666718300039,15.549695999999999,61.937
69.57866543900036,15.549695999999999,61.75
69.59080389000064,15.588864,61.875
69.60286272300073,15.588864,62.218
69.61488302700036,15.588864,61.812
69.6269026910004,15.628032,62.093
69.63889176300017,15.588864,61.812
69.65091011500044,15.510528,61.906
69.66297314000076,15.47136,62.218
69.67502915700061,15.432191999999999,62.156
69.68847670100058,15.432191999999999,61.812
69.70164266900065,15.432191999999999,61.75
69.71513738200065,15.432191999999999,61.875
69.7285299490004,15.47136,61.625
69.7407219380002,15.510528,61.875
69.75278713900025,15.510528,62.187
69.76486702900002,15.549695999999999,61.875
69.77703997700064,15.549695999999999,62.093
69.78914838000037,15.549695999999999,62.093
69.80137944100079,15.549695999999999,61.843
69.81342921800024,15.549695999999999,61.968
69.82546232300047,15.549695999999999,62.25
69.83747056300035,15.510528,61.906
69.84949265900013,15.47136,62.062
69.86150275399996,15.47136,61.812
69.87346747300035,15.432191999999999,62.0
69.8854666240004,15.432191999999999,61.718
69.8974613600003,15.432191999999999,61.937
69.90946095900017,15.432191999999999,62.187
69.92142369400062,15.47136,61.875
69.93341657300061,15.47136,62.156
69.9453949560002,15.47136,61.812
69.95740380400002,15.47136,62.0
69.9693726180003,15.510528,61.843
69.98134021700025,15.510528,61.906
69.99334365600043,15.549695999999999,62.218
70.00549910000063,15.549695999999999,61.906
70.01750590000029,15.510528,62.125
70.02949714700026,15.549695999999999,61.812
70.04148570600046,15.588864,61.968
70.0535219150006,15.549695999999999,62.312
70.06554209100068,15.588864,62.218
70.07754780200048,15.588864,61.843
70.08955767400039,15.588864,62.031
70.10173999900053,15.588864,61.781
70.11380376000034,15.510528,61.937
70.12612925700068,15.47136,62.343
70.13817608900081,15.47136,61.781
70.15098335900075,15.393023999999999,62.125
70.16435966900008,15.393023999999999,62.0
70.17769012200006,15.432191999999999,61.75
70.18976111600023,15.432191999999999,61.906
70.20318462700016,15.47136,61.875
70.21550721099993,15.47136,62.125
70.22769564800001,15.510528,61.875
70.23979137800052,15.510528,62.031
70.25187229200037,15.510528,61.875
70.26596785400034,15.549695999999999,61.968
70.27802249500019,15.549695999999999,61.968
70.29015499400066,15.549695999999999,62.25
70.30217117000029,15.549695999999999,61.875
70.31420808300027,15.510528,62.093
70.32622259500022,15.47136,61.843
70.33823038600076,15.47136,61.968
70.35024992200033,15.432191999999999,61.781
70.36226968200026,15.432191999999999,61.937
70.3742740180005,15.432191999999999,62.218
70.38625678500011,15.432191999999999,61.843
70.39823510400038,15.47136,62.062
70.41025124800035,15.47136,61.812
70.4222297590004,15.47136,62.062
70.43423675000031,15.47136,61.781
70.44624399800068,15.510528,61.937
70.45850853299999,15.549695999999999,62.218
70.47061213500001,15.549695999999999,61.937
70.48270972099999,15.510528,62.156
70.49510341200039,15.549695999999999,62.031
70.50721613400037,15.549695999999999,61.781
70.51934316200004,15.549695999999999,61.875
70.53136484200058,15.549695999999999,62.125
70.54346105200057,15.549695999999999,61.875
70.55602217100022,15.588864,62.031
70.56818171100076,15.588864,61.781
70.5802822730002,15.549695999999999,62.093
70.59239816400077,15.510528,62.343
70.60459712900047,15.47136,61.812
70.61678204600048,15.432191999999999,61.812
70.63026434200037,15.393023999999999,61.875
70.64251073300056,15.432191999999999,61.656
70.65594016400064,15.432191999999999,61.687
70.66898897700048,15.47136,61.781
70.68126679200032,15.47136,62.218
70.69336556300004,15.510528,61.843
70.70552836700062,15.549695999999999,62.093
70.71766944200044,15.549695999999999,61.875
70.7300334040001,15.549695999999999,61.937
70.74219428800006,15.549695999999999,61.75
70.75435629200001,15.549695999999999,61.937
70.766372692,15.549695999999999,62.25
70.77837574700061,15.510528,61.843
70.79037198700007,15.47136,62.125
70.80236214600063,15.47136,62.062
70.81436427300014,15.432191999999999,61.812
70.82636793700021,15.432191999999999,61.843
70.83836472000075,15.432191999999999,62.218
70.85039868900003,15.432191999999999,61.968
70.86240990400074,15.432191999999999,62.062
70.87440380800035,15.47136,61.843
70.88640871900043,15.47136,61.968
70.89842553500057,15.47136,61.75
70.91045124800075,15.510528,61.906
70.92244451100032,15.510528,62.187
70.93443707000006,15.549695999999999,61.875
70.94644707000043,15.549695999999999,62.125
70.9584797260004,15.510528,61.843
70.97045404500022,15.549695999999999,61.968
70.98245073199996,15.549695999999999,62.25
70.99447500400038,15.549695999999999,61.875
71.00650036500065,15.588864,62.062
71.0184794200004,15.588864,61.812
71.03045367400046,15.588864,62.031
71.04258006100008,15.588864,61.781
71.05465041500065,15.510528,62.25
71.06664079800066,15.510528,61.937
71.07862746900082,15.47136,62.062
