t_s,power_w,temp_c
0.0002885529993363889,21.45088,67.718
0.015967057999660028,21.37344,67.687
0.02952309800002695,21.292416,67.75
0.050218911999763804,21.13728,67.375
0.06316165199950774,21.059712,67.468
0.07772399399982532,21.13728,68.093
0.09263879599984648,21.214848000000003,68.031
0.10822843400001148,21.214848000000003,67.875
0.12132973899952049,21.253632000000003,68.156
0.13391784399937023,21.253632000000003,67.968
0.14636751299985917,21.253632000000003,68.375
0.15919812199990702,21.214848000000003,68.0
0.17238531699968007,21.253632000000003,68.218
0.1854742699997587,21.253632000000003,68.187
0.19822199600002932,21.3312,67.937
0.21094386499953544,21.3312,68.156
0.22465024499979336,21.408768,68.031
0.237726876999659,21.41216,68.343
0.2515401719992951,21.45088,68.125
0.2640788999997312,21.4896,68.0
0.276701693999712,21.52832,68.156
0.28923085299993545,21.52832,67.843
0.30235827099932067,21.45088,67.875
0.31463289400016947,21.45088,68.187
0.3271834619999936,21.41216,68.187
0.3396461550000822,21.41216,67.812
0.3532527229999687,21.3312,67.718
0.36757300999943254,21.3312,67.75
0.3819588999995176,21.292416,67.718
0.3962808509995739,21.3312,68.156
0.41055710399996315,21.37344,68.031
0.4238198220000413,21.41216,67.843
0.43733112399968377,21.41216,67.812
0.450779383999361,21.45088,68.093
0.4635301819998858,21.41216,68.437
0.47637855099947046,21.41216,68.093
0.48909241999990627,21.37344,68.0
0.5020921219993397,21.41216,68.187
0.5153504239997346,21.45088,67.968
0.5283446209996328,21.4896,67.906
0.5413949809999394,21.4896,68.156
0.5552370770001289,21.52832,67.937
0.5686792559999958,21.567040000000002,68.25
0.5816302530001849,21.567040000000002,68.156
0.5938071769996895,21.60576,68.187
0.606971235999481,21.644479999999998,68.156
0.6193189810001059,21.644479999999998,68.218
0.631663206999292,21.6832,67.968
0.6439388859998871,21.721919999999997,68.25
0.6561832999996113,21.644479999999998,67.875
0.6684031059994595,21.644479999999998,68.156
0.6806381110000075,21.567040000000002,68.062
0.6951341159992808,21.60576,68.25
0.7097157230000448,21.60576,68.093
0.7245152249997773,21.6832,68.062
0.7387787419993401,21.721919999999997,67.812
0.7520697809995909,21.721919999999997,67.906
0.7655534019995685,21.76064,68.531
0.78142039299928,21.76064,68.125
0.7938874379997287,21.721919999999997,68.25
0.8069302129997595,21.721919999999997,68.093
0.8195146699999896,21.6832,67.968
0.8328814229998898,21.6832,68.156
0.8458225309996124,21.721919999999997,68.562
0.8587983600000371,21.721919999999997,68.437
0.8716984109996702,21.76064,68.125
0.884799108000152,21.79936,68.218
0.897891451999385,21.721919999999997,68.093
0.9110343900001681,21.721919999999997,68.0
0.9237088659992878,21.721919999999997,68.0
0.9363748929999929,21.76064,68.406
0.9489112849996673,21.76064,67.843
0.9612676699998701,21.79936,68.156
0.9739515219998793,21.79936,68.156
0.9862637460000769,21.721919999999997,67.968
0.9984270699997069,21.721919999999997,67.968
1.0121991799996977,21.60576,67.968
1.0269205989998227,21.644479999999998,67.781
1.0419582529993932,21.644479999999998,68.0
1.0569670730001235,21.721919999999997,68.0
1.0701190029994905,21.721919999999997,67.875
1.0825793599997269,21.76064,68.0
1.0956709369993405,21.76064,68.031
1.1106384439999601,21.76064,68.343
1.1233132079996722,21.721919999999997,68.25
1.1360714619995633,21.721919999999997,68.125
1.1484119429997008,21.6832,68.156
1.1615711379999993,21.721919999999997,68.468
1.1741067289995044,21.76064,68.437
1.1870086999997511,21.76064,68.062
1.200250904999848,21.76064,68.187
1.2133053279994783,21.79936,68.25
1.2268081819993313,21.8768,68.031
1.2395262749996618,21.8768,68.25
1.2524807909994706,21.8768,68.375
1.2650812159999987,21.91552,68.156
1.2785763249994488,21.91552,68.0
1.2910676909996255,21.91552,68.093
1.3036791249996895,21.954240000000002,68.031
1.315936402999796,21.8768,68.25
1.328180689999499,21.83808,68.0
1.3430315209998298,21.79936,67.875
1.3575928399995973,21.83808,67.937
1.3715692440000566,21.79936,67.906
1.3854578370001036,21.79936,67.781
1.398829294999814,21.83808,68.406
1.4119832729993504,21.83808,68.25
1.4283104709993495,21.83808,68.062
1.4422380089999933,21.83808,68.25
1.4546441570000752,21.79936,68.156
1.4672984389999328,21.79936,68.593
1.480010771999332,21.76064,68.093
1.4928452849999303,21.79936,68.312
1.5061863089995313,21.6832,68.218
1.5191920589995789,21.644479999999998,68.031
1.532194256999901,21.6832,68.031
1.5454758229998333,21.721919999999997,68.093
1.5592835179995745,21.76064,68.312
1.5718471740001405,21.721919999999997,68.187
1.5847790979996716,21.79936,67.937
1.5976457719998507,21.79936,68.187
1.6100492309997207,21.79936,68.0
1.6225180359997466,21.83808,68.062
1.6354040699998222,21.83808,68.437
1.6475639059999594,21.76064,68.5
1.659782974999871,21.76064,67.937
1.6742447699998593,21.6832,67.812
1.6888371939994613,21.721919999999997,67.968
1.7036201829996571,21.721919999999997,68.0
1.718139548000181,21.79936,68.312
1.7307964550000179,21.83808,68.312
1.7436029029995552,21.83808,68.0
1.757264449000104,21.83808,68.031
1.771938826999758,21.79936,68.187
1.7842896759993891,21.76064,68.5
1.7971863669999948,21.721919999999997,68.406
1.8098102489993835,21.721919999999997,68.062
1.822862463999627,21.76064,68.25
1.8361441259994535,21.76064,68.281
1.8491622289993757,21.79936,68.031
1.8626827779999076,21.83808,68.125
1.8757696829998167,21.8768,68.093
1.8886828219992822,21.8768,68.468
1.9009559090000039,21.91552,68.093
1.9141594889997577,21.954240000000002,68.218
1.9267217369997525,21.954240000000002,67.937
1.939082729999427,21.954240000000002,68.312
1.9515609760001098,21.954240000000002,68.093
1.9637827010001274,21.91552,68.281
1.9759378959997775,21.8768,67.937
1.9882940899997266,21.79936,68.187
2.0025902159995894,21.83808,68.031
2.016723584999454,21.83808,67.968
2.0311249619999217,21.8768,68.25
2.0452848599998106,21.91552,68.187
2.058186319000015,21.91552,68.062
2.0716084019995833,21.91552,67.937
2.0879785440001797,21.91552,68.156
2.100687612999536,21.79936,68.406
2.113327815000048,21.721919999999997,68.281
2.126005074999739,21.6832,68.031
2.139600634999624,21.6832,68.156
2.15260360100001,21.6832,68.125
2.165783083999486,21.721919999999997,68.593
2.178471831999559,21.721919999999997,68.093
2.1920354869998846,21.76064,68.062
2.205821900999581,21.79936,68.343
2.218555546999596,21.83808,68.125
2.230689461000111,21.8768,68.093
2.243763372999638,21.8768,68.25
2.2561820009996154,21.8768,68.343
2.268478128999959,21.91552,68.062
2.2808174900001177,21.91552,68.25
2.293018702000154,21.83808,68.0
2.3051791139996567,21.83808,68.218
2.317455816999427,21.76064,68.093
2.3318403299999773,21.76064,67.968
2.3463366219993986,21.79936,68.187
2.3611313559995324,21.83808,68.156
2.3742637329996796,21.8768,67.875
2.386956800999542,21.8768,68.125
2.3996018679999906,21.83808,68.125
2.415404824999314,21.8768,68.468
2.4277880270001333,21.83808,68.031
2.4398971729997356,21.79936,68.031
2.452652610999394,21.76064,68.281
2.4649782119995507,21.76064,67.968
2.477695952999966,21.79936,68.187
2.4905643860001874,21.79936,68.5
2.5029197160001786,21.79936,68.406
2.515720978999525,21.83808,68.125
2.528542371000185,21.91552,68.25
2.5410099279997667,21.91552,68.156
2.5530751369997233,21.954240000000002,68.312
2.565391137000006,21.91552,68.468
2.577773603999958,21.91552,68.093
2.589860700999452,21.91552,68.0
2.6022456949995103,21.954240000000002,68.187
2.6145165739999356,21.954240000000002,68.125
2.6264025769996806,21.83808,68.281
2.6384020870000313,21.83808,68.187
2.652042160999372,21.76064,68.218
2.6658171190001667,21.76064,67.906
2.6793129319994478,21.79936,67.937
2.6938503129995297,21.83808,68.093
2.7065136209994307,21.76064,67.843
2.7186703199995463,21.721919999999997,68.062
2.7316036829997756,21.721919999999997,68.031
2.7443729460001123,21.721919999999997,68.281
2.7584867619998477,21.721919999999997,67.968
2.770479711999542,21.6832,68.25
2.78303677599979,21.644479999999998,68.25
2.7953386640001554,21.6832,68.468
2.808077269000023,21.6832,68.187
2.8209499589993356,21.721919999999997,68.343
2.8339252429996122,21.721919999999997,68.281
2.846084439000151,21.76064,68.031
2.8588548210000226,21.79936,68.218
2.8711214759996437,21.83808,68.531
2.883153850999406,21.83808,68.25
2.895755139999892,21.8768,68.25
2.908157062999635,21.91552,68.031
2.9202435520001018,21.91552,68.218
2.9327004850001686,21.91552,68.062
2.945239627999399,21.91552,68.687
2.957269602999986,21.83808,68.187
2.969485247999728,21.79936,68.343
2.9821923969993804,21.76064,67.937
2.9944895479993647,21.76064,68.093
3.006757610999557,21.79936,67.875
3.018962631999784,21.83808,68.468
3.0320681610000975,21.8768,68.093
3.0445776389997263,21.8768,68.406
3.057191311999304,21.8768,68.093
3.070076353999866,21.8768,68.343
3.0821886359999553,21.83808,68.031
3.097372885999903,21.83808,68.656
3.109684885999741,21.79936,68.531
3.1228148000000147,21.79936,68.062
3.135726049999903,21.79936,68.375
3.1482901219997075,21.83808,68.125
3.1605716579997534,21.83808,68.312
3.173191826999755,21.91552,68.218
3.185793595999712,21.91552,68.437
3.19828361799955,21.954240000000002,68.312
3.210340601999633,21.99296,68.437
3.2226837389998764,21.99296,68.125
3.2346657130001404,21.99296,68.187
3.247050898999987,22.03168,67.937
3.2590994349993707,22.03168,68.062
3.2711162259993216,21.954240000000002,68.625
3.2830481499995585,21.91552,68.218
3.2950542849994235,21.83808,67.968
3.307800251000117,21.76064,68.062
3.3198239220000687,21.721919999999997,67.781
3.3318160399994667,21.76064,67.937
3.346465232999435,21.79936,68.062
3.362050998999621,21.83808,67.968
3.3763064519998807,21.83808,68.125
3.389986205999776,21.83808,68.156
3.403913776999616,21.76064,68.093
3.420890209999925,21.721919999999997,68.375
3.4325589259997287,21.721919999999997,68.125
3.445120117999977,21.6832,68.406
3.4568972859997302,21.721919999999997,68.125
3.46879484100009,21.721919999999997,68.031
3.481813102999695,21.76064,68.187
3.4944460090000575,21.76064,68.562
3.506366796999828,21.79936,68.187
3.519072856999628,21.83808,68.343
3.531065999999555,21.8768,68.187
3.5431816410000465,21.91552,68.375
3.5548119879995284,21.91552,68.187
3.5676701490001506,21.91552,68.437
3.5798329929993997,21.8768,67.968
3.5923243910001474,21.91552,68.343
3.604435327999454,21.83808,68.031
3.6164053339998645,21.79936,68.218
3.6284131639995394,21.76064,67.968
3.6419170099998155,21.76064,68.437
3.655077419999543,21.76064,68.031
3.667687061999459,21.79936,68.25
3.68229695699938,21.83808,68.25
3.6942763709994324,21.8768,68.031
3.70652772899939,21.8768,68.25
3.719523654999648,21.8768,68.593
3.7322340669998084,21.8768,68.187
3.7446630629992796,21.83808,68.125
3.7579157639993355,21.83808,68.531
3.7702483729999585,21.79936,68.062
3.7825950299993565,21.79936,68.312
3.794966167999519,21.83808,68.687
3.8074980789997426,21.83808,68.5
3.82009939999989,21.83808,68.156
3.8326801439998235,21.91552,68.437
3.8455342409997684,21.954240000000002,68.125
3.8576756439997553,21.954240000000002,68.5
3.8692459879994203,21.99296,68.0
3.8814486089995626,21.99296,68.187
3.893888005000008,22.03168,68.437
3.906246726000063,21.91552,68.25
3.9184614750001856,21.8768,68.0
3.930599261999305,21.83808,68.093
3.9425459069998396,21.79936,68.031
3.9546162669994374,21.721919999999997,68.093
3.9669763329993657,21.721919999999997,68.375
3.9806628709993674,21.76064,68.218
3.993537929000013,21.76064,67.968
4.007006348999312,21.83808,68.187
4.019447248999313,21.83808,68.031
4.0321288929999355,21.83808,68.5
4.044984749999458,21.83808,68.062
4.057534165000106,21.83808,68.437
4.069941623999512,21.79936,68.343
4.083927787999528,21.79936,68.125
4.096153096999842,21.76064,68.281
4.1087774589996116,21.76064,68.593
4.121315033999963,21.79936,68.187
4.134199787999933,21.79936,68.562
4.147037691999685,21.83808,68.406
4.159528897999735,21.8768,68.187
4.172189932999572,21.91552,68.281
4.183629041999666,21.91552,68.718
4.196279035999396,21.954240000000002,68.218
4.208426870999574,21.954240000000002,68.531
4.2205943549997755,21.99296,68.0
4.232638890000089,21.99296,68.187
4.244984874999318,21.99296,68.281
4.257227432999571,21.91552,68.156
4.269191229999706,21.8768,68.031
4.282428826999421,21.79936,68.406
4.296006722999664,21.79936,68.25
4.30982756999947,21.83808,67.937
4.3236070399998425,21.8768,68.031
4.337563731000046,21.91552,68.093
4.349982165999791,21.91552,68.5
4.362983500000155,21.954240000000002,68.156
4.37508045300001,21.91552,68.437
4.386536745999365,21.8768,68.125
4.399000974999581,21.79936,68.062
4.411501589000181,21.79936,68.281
4.423918712000159,21.721919999999997,68.531
4.436713830999906,21.76064,68.125
4.4491998529993,21.76064,68.406
4.462145567999869,21.79936,68.437
4.474839787999372,21.79936,68.156
4.487303281000095,21.83808,68.218
4.499850520000109,21.8768,68.625
4.5123823670001,21.8768,68.187
4.524390357999437,21.83808,68.375
4.535950013999354,21.79936,67.968
4.54792722000002,21.83808,68.187
4.560219826999855,21.83808,68.031
4.572288907999791,21.83808,68.5
4.584421061999819,21.79936,68.218
4.596444284999961,21.721919999999997,68.468
4.608450707999509,21.721919999999997,68.0
4.622688399999788,21.644479999999998,67.906
4.635980973999722,21.644479999999998,68.093
4.649382992000028,21.6832,68.437
4.662012761999904,21.721919999999997,68.031
4.674688100999447,21.76064,68.312
4.686852128999817,21.76064,68.312
4.699808468999436,21.79936,68.0
4.712738952000109,21.79936,68.312
4.725274478999381,21.76064,68.25
4.740867732999504,21.76064,68.531
4.75301643199964,21.721919999999997,68.406
4.765601305000018,21.721919999999997,68.187
4.778559501000018,21.76064,68.375
4.790959246999591,21.76064,68.156
4.803497301999414,21.79936,68.218
4.815736243999709,21.83808,68.531
4.828404670999589,21.8768,68.5
4.84099600799982,21.8768,68.281
4.853372137999941,21.91552,68.343
4.865541796999423,21.91552,68.093
4.8778325479997875,21.91552,68.156
4.890436876999956,21.91552,68.437
4.9033528639993165,21.954240000000002,68.156
4.914847430000009,21.8768,68.343
4.926947936000033,21.83808,68.218
4.939796751999893,21.76064,68.031
4.951791397999841,21.79936,68.156
4.964832732999639,21.79936,68.343
4.978789744000096,21.83808,68.281
4.992905287999747,21.8768,68.062
5.00510288499936,21.91552,68.218
5.017942484999367,21.91552,68.312
5.030671649999931,21.91552,68.062
5.043476464999912,21.8768,68.218
5.055769264999981,21.8768,68.5
5.067539967999437,21.8768,68.218
5.079726395999387,21.83808,68.406
5.0924621209996985,21.83808,68.375
5.105022640999778,21.79936,68.031
5.117635705999419,21.721919999999997,68.187
5.129557645999739,21.721919999999997,68.562
5.142508832999738,21.79936,68.187
5.155217997999898,21.83808,68.375
5.1677786449999985,21.83808,68.468
5.179995729999973,21.8768,68.156
5.1922137749998,21.91552,68.375
5.20452308699987,21.91552,68.468
5.216595623999638,21.954240000000002,68.156
5.2289193999995405,21.954240000000002,68.437
5.240948990999641,21.8768,68.062
5.252926291999756,21.8768,68.25
5.264947850999306,21.79936,68.125
5.2781098619998374,21.79936,68.312
5.291596170000048,21.79936,68.218
5.305906089000018,21.83808,68.031
5.319169286000033,21.8768,68.218
5.331748814000093,21.8768,68.031
5.344567293999717,21.91552,68.625
5.357442415999685,21.91552,68.187
5.370980597999733,21.91552,68.406
5.382769572999678,21.79936,68.125
5.396129062,21.79936,68.187
5.408468102999905,21.721919999999997,68.25
5.421372281000004,21.721919999999997,68.062
5.434083460999318,21.76064,68.25
5.4467702249994545,21.76064,68.437
5.459152562999407,21.79936,68.218
5.470528021999598,21.83808,68.375
5.483021979000114,21.8768,68.375
5.495736615999704,21.8768,68.187
5.507998854000107,21.91552,68.187
5.520164386000033,21.91552,68.593
5.532698343999982,21.954240000000002,68.125
5.544791264999731,21.954240000000002,68.312
5.5571560349999345,21.954240000000002,68.125
5.569256828000107,21.8768,68.281
5.581594204999419,21.83808,68.687
5.592618005000077,21.76064,68.5
5.606070455999543,21.76064,67.968
5.619965289999527,21.76064,68.0
5.633758871999817,21.79936,68.25
5.648187226000118,21.83808,68.156
5.66089766999994,21.8768,68.562
5.673362986999564,21.8768,68.187
5.6863564479999695,21.8768,68.468
5.699217552999471,21.8768,68.343
5.71327882300011,21.721919999999997,68.0
5.724926641999446,21.721919999999997,68.343
5.737330612999358,21.644479999999998,68.625
5.750240775999373,21.6832,68.531
5.762820111999645,21.721919999999997,68.218
5.775169648999508,21.76064,68.531
5.787530865999543,21.76064,68.187
5.800432355999874,21.79936,68.281
5.8133871919999365,21.83808,68.718
5.825970848999532,21.83808,68.687
5.838324673999523,21.91552,68.156
5.850530749999962,21.91552,68.406
5.8629412489999595,21.91552,68.187
5.874939094999718,21.954240000000002,68.187
5.887227702000018,21.954240000000002,68.093
5.8991677859994525,21.8768,68.281
5.911092381999879,21.8768,67.968
5.92493223800011,21.76064,68.343
5.938565558999471,21.79936,68.156
5.9525209699995685,21.79936,67.968
5.96649042899935,21.83808,68.125
5.97956030899968,21.8768,68.125
5.991959670999677,21.8768,68.531
6.0047316849995696,21.8768,68.156
6.017499666999356,21.8768,68.281
6.029660366999451,21.8768,68.156
6.044548030999977,21.83808,68.125
6.056857341999603,21.79936,68.25
6.070001399999455,21.79936,68.187
6.082587168999453,21.79936,68.437
6.094745307999801,21.83808,68.187
6.107234848999724,21.83808,68.375
6.120253878999392,21.8768,68.25
6.132835294999495,21.91552,68.593
6.145689263999884,21.91552,68.312
6.1576170600001205,21.954240000000002,68.562
6.170076999999765,21.954240000000002,68.062
6.182032892999814,21.99296,68.25
6.194287162999899,21.99296,68.187
6.2063358589994095,21.99296,68.218
6.2184087469995575,21.99296,68.625
6.230454817999998,21.91552,68.281
6.242405878999307,21.83808,68.156
6.255901468000047,21.83808,68.187
6.269664552999529,21.8768,67.937
6.283099532000051,21.8768,68.562
6.298045533999357,21.91552,68.437
6.312068274999547,21.8768,68.031
6.3241382830001385,21.83808,68.281
6.33683087099962,21.83808,68.062
6.349434335999831,21.83808,68.281
6.363429844000166,21.79936,68.187
6.3760039319995485,21.79936,68.5
6.388048594999418,21.6832,68.125
6.400054153999918,21.6832,68.281
6.412427946999742,21.6832,68.343
6.425296508999963,21.721919999999997,68.156
6.437960999000097,21.721919999999997,68.312
6.450661746999685,21.76064,68.562
6.463606246999916,21.83808,68.437
6.476228015999368,21.8768,68.281
6.488202982000075,21.8768,68.437
6.5003844499997285,21.8768,68.093
6.512548060999507,21.91552,68.187
6.524745433000135,21.91552,68.593
6.537112410999725,21.91552,68.062
6.549157681999532,21.91552,68.593
6.561209737999889,21.83808,68.187
6.573454024000057,21.79936,68.0
6.587259509999967,21.721919999999997,68.093
6.600417711999398,21.76064,68.375
6.613957397999911,21.79936,68.406
6.628685280999889,21.83808,68.0
6.640464368999346,21.83808,68.25
6.652895092000108,21.8768,68.375
6.665519549999772,21.8768,68.718
6.678154663999521,21.8768,68.218
6.69047696799953,21.83808,68.468
6.70450681300008,21.83808,68.531
6.716582422000101,21.79936,68.187
6.729559433999384,21.79936,68.343
6.74233426399951,21.83808,68.187
6.755094373999782,21.83808,68.343
6.767378660999384,21.8768,68.625
6.779680611999538,21.91552,68.468
6.792087846999493,21.954240000000002,68.187
6.805043514999852,21.954240000000002,68.468
6.817345689999456,21.99296,68.125
6.829350543999681,21.99296,68.343
6.841637646999516,21.99296,68.375
6.853648133999741,22.03168,68.156
6.8659242599997015,22.03168,68.406
6.877920922000158,21.954240000000002,68.187
6.889882767000017,21.91552,68.343
6.9019062139996095,21.8768,68.218
6.914620210000066,21.76064,68.281
6.928496738999456,21.76064,68.156
6.9414903919996505,21.79936,68.031
6.956109695000123,21.83808,68.218
6.9686201969998365,21.8768,68.25
6.980853858000046,21.8768,68.562
6.993539469999632,21.83808,68.187
7.00618072799989,21.83808,68.531
7.0186879019993285,21.83808,68.187
7.031354345000182,21.79936,68.343
7.043357886999729,21.76064,68.375
7.055917478000083,21.79936,68.656
7.068679508000059,21.79936,68.343
7.081575045999671,21.83808,68.531
7.0936435819994585,21.83808,68.312
7.106339594000019,21.8768,68.125
7.1189442750001035,21.91552,68.375
7.131719776999489,21.91552,68.875
7.143949149999571,21.954240000000002,68.25
7.156548230999761,21.954240000000002,68.5
7.169060909000109,21.99296,68.187
7.181052674000057,21.99296,68.343
7.193361025999366,21.99296,68.281
7.205402808999679,21.91552,68.187
7.217439887999717,21.91552,68.187
7.22985461099961,21.83808,68.5
7.243177810999441,21.83808,68.343
7.257074180000018,21.83808,67.937
7.270686987999397,21.91552,68.0
7.284894534999694,21.91552,68.281
7.297677429000032,21.954240000000002,68.593
7.310575430999961,21.954240000000002,68.562
7.323569243999373,21.91552,68.25
7.335915869000019,21.91552,68.375
7.348191963999852,21.91552,68.187
7.360700513999291,21.83808,68.375
7.373743864000062,21.83808,68.656
7.386863824999637,21.83808,68.562
7.39991879199988,21.83808,68.156
7.411969119999412,21.83808,68.437
7.423284255999533,21.79936,68.187
7.435761732999708,21.83808,68.25
7.448606901999483,21.8768,68.687
7.460818577999817,21.8768,68.718
7.47355343900017,21.91552,68.187
7.4857609239998055,21.91552,68.468
7.498200383000039,21.954240000000002,68.156
7.510546368000178,21.91552,68.218
7.521697436000068,21.83808,68.562
7.533737234999535,21.79936,68.187
7.5451949039998,21.721919999999997,68.562
7.557342802999301,21.6832,68.093
7.570856024000022,21.644479999999998,67.937
7.584332219999851,21.6832,68.093
7.597686491999411,21.6832,68.437
7.612252834000174,21.721919999999997,68.437
7.624920780999673,21.721919999999997,68.156
7.637313422999796,21.721919999999997,68.406
7.650198624999575,21.76064,68.343
7.663194325999939,21.76064,68.156
7.675553014999423,21.721919999999997,68.625
7.690195678999771,21.721919999999997,68.343
7.702380443000038,21.6832,68.562
7.714928353999312,21.6832,68.218
7.727575051999338,21.721919999999997,68.468
7.740340473999822,21.721919999999997,68.187
7.752800991000186,21.76064,68.343
7.764971929999774,21.79936,68.312
7.777810761999717,21.83808,68.562
7.79031083100017,21.83808,68.312
7.802970009999626,21.8768,68.406
7.815064403000179,21.8768,68.218
7.827517590999378,21.8768,68.25
7.8395390850000695,21.91552,68.593
7.851844076999441,21.91552,68.531
7.863745343999653,21.83808,68.281
7.875716853000085,21.83808,68.25
7.888891790999878,21.721919999999997,68.156
7.902294256999994,21.76064,68.0
7.916121759999442,21.76064,68.093
7.930240503999812,21.83808,68.187
7.943312078999952,21.83808,68.375
7.955996025999411,21.83808,68.281
7.970293911999761,21.8768,68.187
7.982408080999448,21.8768,68.343
7.994684911999684,21.83808,68.718
8.009941418999915,21.83808,68.593
8.021964353999465,21.76064,68.281
8.034272801999577,21.79936,68.375
8.04697537299944,21.79936,68.218
8.059176650000154,21.83808,68.406
8.071335077000185,21.83808,68.75
8.084219605999351,21.8768,68.625
8.096497044999523,21.91552,68.625
8.107798516999537,21.954240000000002,68.218
8.119023730999288,21.79936,68.437
8.131629243000134,21.83808,68.312
8.143577903999358,21.83808,68.687
8.155853933999424,21.8768,68.312
8.167778113999702,21.8768,68.375
8.179793591999442,21.8768,68.187
8.191650218000177,21.79936,68.406
8.203564892999566,21.79936,68.0
8.216910236999865,21.721919999999997,68.593
8.230207354999948,21.721919999999997,68.187
8.242722656999831,21.721919999999997,68.312
8.256706868999572,21.76064,68.281
8.269715305999853,21.79936,68.093
8.282026857999881,21.83808,68.312
8.294481389999419,21.83808,68.187
8.307205082999644,21.83808,68.281
8.319892101999358,21.83808,68.562
8.332271176000177,21.79936,68.5
8.344718188000115,21.79936,68.25
8.357199823999508,21.76064,68.437
8.370077474000027,21.79936,68.187
8.382516964999922,21.79936,68.593
8.395899845999338,21.79936,68.156
8.408508079000057,21.79936,68.437
8.421300989999509,21.76064,68.093
8.433946952000042,21.83808,68.437
8.446252134999668,21.83808,68.312
8.458702539000114,21.8768,68.593
8.470797955999842,21.8768,68.187
8.483127333000084,21.8768,68.5
8.495057911999538,21.91552,68.093
8.507447129999491,21.91552,68.375
8.519477264999296,21.83808,68.156
8.531464710999899,21.83808,68.187
8.545190482999715,21.721919999999997,68.25
8.558462928000154,21.76064,68.343
8.572378273999675,21.76064,68.281
8.586574139999357,21.83808,67.968
8.599997725999856,21.79936,68.156
8.611832238999341,21.79936,68.218
8.624459064999428,21.79936,68.593
8.636365227999704,21.79936,68.187
8.64908767199995,21.79936,68.437
8.662431992000165,21.76064,68.25
8.674915292999685,21.76064,68.406
8.687378848999288,21.721919999999997,68.312
8.700229137999486,21.76064,68.593
8.712944477999372,21.721919999999997,68.156
8.724795727000128,21.644479999999998,68.406
8.73715070399976,21.644479999999998,68.312
8.751475181999922,21.721919999999997,68.093
8.764446307000071,21.76064,68.375
8.777388245999646,21.79936,68.5
8.790215717000137,21.83808,68.5
8.802573125999515,21.83808,68.187
8.815058571000009,21.83808,68.375
8.827998654000112,21.8768,68.187
8.841090678,21.8768,68.781
8.853504601000168,21.79936,68.375
8.86585388200001,21.76064,68.437
8.880533826999454,21.721919999999997,68.343
8.895279759000005,21.721919999999997,68.187
8.909946103999573,21.76064,68.187
8.92621761800001,21.79936,68.593
8.939736343999357,21.83808,68.5
8.953386336999756,21.83808,68.218
8.967013864999899,21.83808,68.281
8.980503597999814,21.83808,68.468
8.994215865000115,21.83808,68.406
9.00748456600013,21.76064,68.593
9.021041373000116,21.76064,68.25
9.033953934999772,21.79936,68.281
9.047255212999517,21.83808,68.468
9.059727089999797,21.83808,68.218
9.072832073999962,21.8768,68.75
9.085916514000019,21.954240000000002,68.406
9.099083483999493,21.954240000000002,68.718
9.112047472000086,21.99296,68.312
9.124633431999428,21.99296,68.187
9.137546441999802,21.99296,68.406
9.150104112999543,21.99296,68.625
9.162902559999566,22.03168,68.312
9.175142973999755,21.91552,68.562
9.187429627999336,21.91552,68.375
9.201794459999292,21.83808,68.312
9.216077912999936,21.8768,68.0
9.230437207999785,21.8768,68.656
9.246580975000143,21.91552,68.562
9.26027509799951,21.954240000000002,68.218
9.27345339600015,21.954240000000002,68.218
9.287268706999384,21.954240000000002,68.437
9.300935340999786,21.91552,68.187
9.314608310999574,21.8768,68.593
9.326821074999316,21.76064,68.312
9.339015950999965,21.6832,68.437
9.352443441000105,21.6832,68.343
9.365607370999896,21.721919999999997,68.187
9.378059822999603,21.721919999999997,68.468
9.390026147999379,21.76064,68.718
9.402664845999425,21.721919999999997,68.156
9.415671011000086,21.76064,68.437
9.428381806999823,21.721919999999997,68.5
9.440327106999575,21.76064,68.218
9.453106096999363,21.79936,68.312
9.465176873000019,21.79936,68.562
9.47761777300002,21.83808,68.187
9.489659203999508,21.83808,68.437
9.501821950999329,21.79936,68.218
9.5139484729998,21.76064,68.531
9.526010064999355,21.721919999999997,68.125
9.537961092999467,21.721919999999997,68.531
9.551692688999537,21.721919999999997,68.062
9.563782184999582,21.76064,68.375
9.577793886000109,21.79936,68.156
9.589581133000138,21.83808,68.187
9.60230543399939,21.76064,68.281
9.613633467,21.79936,68.656
9.626323462000073,21.79936,68.281
9.638942863000011,21.76064,68.25
9.654757083999357,21.76064,68.531
9.66679816299984,21.6832,68.187
9.678292345000045,21.721919999999997,68.406
9.690657049999572,21.76064,68.187
9.70349303399962,21.76064,68.406
9.715662436999992,21.76064,68.312
9.728503476999322,21.79936,68.562
9.740951544999916,21.83808,68.218
9.753923628999473,21.8768,68.593
9.76586582499931,21.91552,68.25
9.778409735999958,21.91552,68.343
9.79058077099944,21.954240000000002,68.531
9.802789886999562,21.954240000000002,68.406
9.815161888000148,21.954240000000002,68.187
9.82716667800014,21.91552,68.312
9.83911754699966,21.8768,68.187
9.851532812999722,21.79936,68.281
9.865082802999495,21.83808,68.531
9.877557271999649,21.83808,68.375
9.891371398000047,21.8768,68.312
9.905808135999905,21.91552,68.093
9.9185100349996,21.83808,68.218
9.929629741999634,21.8768,68.656
9.94090071699975,21.83808,68.218
9.953729500000009,21.83808,68.531
9.967398373999458,21.79936,68.5
9.980002190999585,21.79936,68.437
9.992010756999662,21.76064,68.468
10.004912566999337,21.76064,68.687
10.017898570999932,21.79936,68.343
10.030714361999344,21.79936,68.656
10.043151677999958,21.83808,68.593
10.055757925999387,21.8768,68.218
10.068682520999573,21.91552,68.468
10.081361187999391,21.91552,68.375
10.093659490999926,21.91552,68.437
10.105827005999345,21.954240000000002,68.656
10.118184862999442,21.954240000000002,68.531
10.130086545999802,21.954240000000002,68.125
10.142358671999318,21.99296,68.375
10.154386086000159,21.91552,68.093
10.166603842999393,21.8768,68.25
10.178642457999558,21.79936,68.593
10.191131423000115,21.83808,68.156
10.204139827999825,21.83808,68.062
10.218073989999539,21.8768,68.312
10.231959638999797,21.91552,68.25
10.244361592999667,21.91552,68.687
10.256880414999614,21.954240000000002,68.218
10.26985957099987,21.91552,68.562
10.282620864999444,21.91552,68.218
10.295337612999901,21.8768,68.25
10.307952981999733,21.8768,68.468
10.320306294000147,21.83808,68.812
10.332872414000121,21.8768,68.375
10.345314880999467,21.8768,68.687
10.35771769999974,21.8768,68.312
10.370131013999526,21.91552,68.281
10.38271316600003,21.954240000000002,68.468
10.395946281999386,21.99296,68.718
10.408032674999959,21.954240000000002,68.406
10.420861073999731,21.99296,68.562
10.432781573999819,21.99296,68.406
10.44522279299963,21.954240000000002,68.156
10.457371427999533,21.954240000000002,68.25
10.469600960999742,21.99296,68.718
10.481642551999357,21.91552,68.281
10.493684207000115,21.8768,68.5
10.507510524999816,21.76064,68.406
10.521237896999992,21.76064,68.062
10.533513542999572,21.721919999999997,68.125
10.546976202999758,21.721919999999997,68.187
10.56117299699963,21.721919999999997,68.406
10.574262332999751,21.76064,68.187
10.586469496999598,21.76064,68.187
10.599504238999543,21.79936,68.375
10.61243593800009,21.76064,68.187
10.623968488999708,21.721919999999997,68.343
10.635936317999949,21.6832,68.687
10.647931378999601,21.644479999999998,68.312
10.660181072999876,21.6832,68.562
10.672903836999467,21.6832,68.218
10.68555207099962,21.721919999999997,68.312
10.6980778369998,21.76064,68.406
10.71049041599963,21.79936,68.687
10.723113113000181,21.83808,68.375
10.735559963999549,21.83808,68.687
10.747418637999544,21.8768,68.343
10.759762029999365,21.8768,68.531
10.772050444999877,21.91552,68.25
10.784625651999704,21.91552,68.625
10.796824527999888,21.91552,68.25
10.80935659899933,21.8768,68.625
10.821351116000187,21.83808,68.218
10.833345345999987,21.76064,68.468
10.846680064999418,21.79936,68.093
10.858896764999372,21.79936,68.562
10.870764334999876,21.79936,68.156
10.88559794899993,21.8768,68.5
10.898183588999927,21.91552,68.5
10.910716747000151,21.91552,68.218
10.923763840999527,21.8768,68.437
10.936310504000176,21.8768,68.75
10.948703338000087,21.83808,68.625
10.962274063999757,21.83808,68.406
10.974336967999989,21.79936,68.593
10.986606630000097,21.83808,68.281
10.998841698999968,21.83808,68.5
11.011345032999998,21.8768,68.25
11.023776332000125,21.8768,68.343
11.036059145999388,21.91552,68.406
11.048900729999332,21.954240000000002,68.656
11.061532099000033,21.954240000000002,68.531
11.073854563000168,21.99296,68.5
11.086060318999444,21.99296,68.187
11.098393055000088,22.03168,68.25
11.110369491999336,22.03168,68.562
11.12271698099994,21.91552,68.468
11.134877423000034,21.8768,68.5
11.146733216999564,21.79936,68.375
11.158923035999578,21.76064,68.125
11.17226684399975,21.721919999999997,68.187
11.185823265999716,21.76064,68.468
11.197818423999706,21.79936,68.375
11.211348252999414,21.83808,68.156
11.224878113999694,21.83808,68.312
11.237013500000103,21.8768,68.343
11.249816970999746,21.8768,68.687
11.262350033000075,21.8768,68.281
11.27454753299935,21.83808,68.343
11.288565152999581,21.83808,68.593
11.300733883999783,21.79936,68.187
11.31313190199944,21.79936,68.531
11.325772168000185,21.79936,68.718
11.338042501999553,21.83808,68.437
11.350585516999672,21.83808,68.625
11.363214869999865,21.91552,68.625
11.376126440000007,21.954240000000002,68.312
11.388848403999873,21.954240000000002,68.625
11.401142482999603,21.954240000000002,68.75
11.413856158999806,21.954240000000002,68.281
11.425807314999474,21.91552,68.593
11.43803767999998,21.91552,68.187
11.449747644999661,21.91552,68.312
11.461721969999417,21.8768,68.343
11.473742791999939,21.83808,68.531
11.485768894000103,21.76064,68.281
11.499198688999968,21.76064,68.562
11.51284413799931,21.79936,68.312
11.526323148999836,21.79936,68.187
11.540894290999859,21.8768,68.125
11.5527837489999,21.8768,68.343
11.56549003300006,21.8768,68.625
11.578449349000039,21.8768,68.281
11.590831877999335,21.8768,68.656
11.603018113999497,21.83808,68.5
11.617155162000017,21.83808,68.218
11.629393143000016,21.76064,68.375
11.641915804999371,21.76064,68.687
11.655043253999793,21.76064,68.593
11.667321107999669,21.79936,68.343
11.679726933999518,21.79936,68.531
11.691440450999835,21.83808,68.218
11.70427589100018,21.8768,68.531
11.716992222999579,21.8768,68.718
11.727945107999403,21.79936,68.312
11.74045864999971,21.79936,68.437
11.752742455999396,21.83808,68.218
11.764775855000153,21.83808,68.406
11.776970889999575,21.83808,68.062
11.789052610999533,21.8768,68.781
11.80123494199961,21.79936,68.437
11.813256051999815,21.76064,68.562
11.827080674000172,21.721919999999997,68.156
11.839341119999517,21.721919999999997,68.031
11.853133709999383,21.76064,68.25
11.866286982999554,21.79936,68.656
11.879862445999606,21.83808,68.687
11.892146507999314,21.83808,68.218
11.905158912999468,21.83808,68.531
11.917835659999582,21.83808,68.312
11.930183915999805,21.79936,68.218
11.945467976000145,21.79936,68.375
11.957960908999667,21.76064,68.781
11.970613335000053,21.76064,68.687
11.983114044000104,21.79936,68.281
11.99598644499929,21.83808,68.593
12.008823133000078,21.83808,68.312
12.02113670000017,21.8768,68.812
12.033936650999749,21.91552,68.375
12.046044355999584,21.91552,68.718
12.058906547999868,21.954240000000002,68.218
12.071170993999658,21.954240000000002,68.562
12.083397358999719,21.99296,68.281
12.095783375999417,21.99296,68.375
12.108079726999676,21.99296,68.75
12.120040482999684,21.91552,68.656
12.131999671999438,21.91552,68.062
12.146069517999422,21.79936,68.406
12.159387916000014,21.79936,68.25
12.173111671999322,21.79936,68.031
12.185498072999508,21.83808,68.218
12.198430892000033,21.8768,68.593
12.211093557999448,21.8768,68.531
12.224288145000173,21.8768,68.25
12.237134688999504,21.8768,68.406
12.249341756999456,21.8768,68.218
12.261494998999297,21.83808,68.687
12.274000540999623,21.79936,68.375
12.286282842999753,21.79936,68.5
12.298981894999997,21.79936,68.312
12.31152302099963,21.83808,68.593
12.324246168999707,21.76064,68.218
12.336949253000057,21.721919999999997,68.312
12.347953210999549,21.76064,68.625
12.360307164000005,21.79936,68.562
12.373182444999657,21.79936,68.406
12.385455914999511,21.83808,68.468
12.39821352799936,21.8768,68.218
12.41035739400013,21.83808,68.187
12.42232314299963,21.79936,68.562
12.434526115000153,21.79936,68.031
12.446656571999483,21.76064,68.656
12.458692307000092,21.721919999999997,68.375
12.470783050999671,21.644479999999998,68.218
12.484270766999543,21.644479999999998,68.25
12.497803252999802,21.6832,68.187
12.511605986000177,21.6832,68.187
12.527386669999942,21.76064,68.5
12.539949973000148,21.76064,68.187
12.55276829200011,21.76064,68.468
12.565418862000115,21.79936,68.375
12.577776237999387,21.76064,68.718
12.590198864999365,21.76064,68.375
12.603672276999532,21.76064,68.656
12.616153656999813,21.6832,68.281
12.627417431999675,21.6832,68.406
12.639913340999556,21.721919999999997,68.343
12.652652841999952,21.721919999999997,68.718
12.66506183599995,21.721919999999997,68.312
12.677607314999477,21.79936,68.625
12.690022005000174,21.83808,68.25
12.702737952999996,21.83808,68.656
12.715032768000128,21.8768,68.406
12.727176857999439,21.8768,68.687
12.739490457000102,21.91552,68.281
12.75162283499958,21.91552,68.437
12.763965874999485,21.91552,68.218
12.776002505999713,21.83808,68.468
12.787977533999765,21.83808,68.125
12.800739627999974,21.76064,68.312
12.813902116999998,21.76064,68.187
12.827689970999927,21.76064,68.343
12.840235160999327,21.79936,68.406
12.854392209999787,21.83808,68.156
12.866672815999664,21.8768,68.406
12.879230582999298,21.8768,68.75
12.892021253000166,21.8768,68.625
12.904671919000066,21.83808,68.312
12.916954829000133,21.83808,68.468
12.931626453999343,21.721919999999997,68.187
12.943309921000036,21.644479999999998,68.343
12.95588426499944,21.6832,68.406
12.968364844999996,21.721919999999997,68.656
12.9815083579997,21.721919999999997,68.375
12.994272787999762,21.721919999999997,68.562
13.006849562999378,21.76064,68.437
13.019100952999906,21.83808,68.25
13.031220177999785,21.83808,68.562
13.043915741000092,21.8768,68.625
13.055931122999937,21.8768,68.343
13.067951624999296,21.91552,68.625
13.080077954999979,21.91552,68.125
13.092408833999798,21.91552,68.468
13.104659679999713,21.83808,68.187
13.116684149999855,21.83808,68.5
13.130435841999315,21.721919999999997,68.156
13.143667325999559,21.76064,68.343
13.155876121999427,21.76064,68.156
13.168347293999432,21.79936,68.093
13.181493559000046,21.83808,68.25
13.19384015200012,21.83808,68.718
13.206702247999601,21.83808,68.312
13.219505014999413,21.8768,68.25
13.232328389999566,21.83808,68.531
13.244552770000155,21.79936,68.281
13.256998758000009,21.79936,68.406
13.269262818999778,21.76064,68.718
13.281454623000172,21.79936,68.406
13.2942320129996,21.83808,68.656
13.306845428999623,21.83808,68.593
13.319213781999679,21.8768,68.25
13.331804030000058,21.91552,68.468
13.34440077399995,21.954240000000002,68.781
13.356372154999917,21.954240000000002,68.468
13.36909907900008,21.99296,68.593
13.381372197000019,21.99296,68.5
13.39333007299956,21.99296,68.25
13.406132903999605,21.99296,68.281
13.419019064999702,21.99296,68.687
13.43103041499944,21.83808,68.281
13.443009955999514,21.79936,68.531
13.45575684799951,21.721919999999997,68.562
13.469075470999996,21.76064,68.062
13.48169912799949,21.76064,68.218
13.495716972000082,21.79936,68.281
13.509520409999823,21.83808,68.593
13.522060704000069,21.83808,68.25
13.533510788999592,21.76064,68.437
13.545034347000183,21.721919999999997,68.187
13.557949308999923,21.76064,68.343
13.571648520000053,21.721919999999997,68.437
13.584221742999944,21.6832,68.718
13.596177314999295,21.644479999999998,68.343
13.60915141499936,21.6832,68.562
13.622182733000045,21.6832,68.281
13.633400777999668,21.6832,68.218
13.645944303999386,21.6832,68.437
13.6587886719999,21.721919999999997,68.687
13.671577645999605,21.76064,68.375
13.684058386999823,21.79936,68.687
13.696057479999581,21.79936,68.343
13.708498474999942,21.83808,68.406
13.720455136000055,21.83808,68.375
13.732810623999285,21.8768,68.687
13.744866070999706,21.8768,68.312
13.756813674999648,21.83808,68.656
13.76882806499998,21.79936,68.343
13.780861462999383,21.721919999999997,68.5
13.79444620599952,21.721919999999997,68.312
13.808322509999925,21.76064,68.625
13.82171796700004,21.76064,68.562
13.837228241999583,21.79936,68.218
13.849342346999947,21.83808,68.468
13.861814990999846,21.83808,68.437
13.874752480999632,21.83808,68.218
13.887397642999531,21.83808,68.375
13.899727402999815,21.79936,68.312
13.914179083999443,21.79936,68.656
13.926450762000059,21.76064,68.25
13.939015344999461,21.79936,68.5
13.951428659999692,21.79936,68.312
13.964022202999331,21.83808,68.843
13.977062352999383,21.83808,68.343
13.989900513000066,21.8768,68.656
14.002561770999819,21.91552,68.343
14.014652546999969,21.91552,68.656
14.027485554000123,21.954240000000002,68.437
14.03976356899966,21.954240000000002,68.687
14.052103600999544,21.954240000000002,68.343
14.064606293999532,21.954240000000002,68.531
14.076965109999946,21.99296,68.406
14.088922154000102,21.91552,68.687
14.100937279999926,21.8768,68.062
14.113818736999747,21.83808,68.125
14.12736002299971,21.76064,68.062
14.141192805000173,21.721919999999997,68.031
14.155181432000063,21.76064,68.375
14.168108810999911,21.79936,68.062
14.180469963000178,21.83808,68.406
14.193113268999696,21.83808,68.343
14.206135465999978,21.83808,68.75
14.218780084000173,21.79936,68.312
14.232545567999296,21.79936,68.25
14.244983522999974,21.721919999999997,68.593
14.25770251099948,21.76064,68.25
14.2702918949999,21.79936,68.406
14.283013762999872,21.79936,68.75
14.295573128999422,21.79936,68.687
14.30854617299974,21.83808,68.343
14.321089442999437,21.8768,68.562
14.333559751999928,21.91552,68.375
14.345522331999746,21.91552,68.593
14.357954622999387,21.954240000000002,68.718
14.370183322999765,21.954240000000002,68.343
14.382231825999952,21.954240000000002,68.687
14.394181253999704,21.99296,68.5
14.407068662999336,21.954240000000002,68.343
14.419668222999462,21.8768,68.468
14.431691572999625,21.79936,68.468
14.443788429999586,21.6832,68.156
14.456086989000141,21.721919999999997,68.125
14.470028478000131,21.721919999999997,68.343
14.482684487999904,21.79936,68.093
14.495514807999825,21.83808,68.406
14.508742226999857,21.83808,68.281
14.521683013999791,21.83808,68.687
14.534594648000166,21.83808,68.343
14.547227809000105,21.83808,68.562
14.562049262000073,21.79936,68.531
14.574268233999646,21.76064,68.25
14.586742511000011,21.76064,68.375
14.599577181999848,21.79936,68.406
14.611857339999915,21.79936,68.687
14.624544326999967,21.76064,68.281
14.637099405999834,21.79936,68.468
14.649916508999922,21.83808,68.218
14.662367775999883,21.8768,68.875
14.674360725000042,21.91552,68.781
14.685692533999827,21.91552,68.593
14.698068183000032,21.91552,68.218
14.710330709000118,21.954240000000002,68.5
14.72277036000014,21.954240000000002,68.062
14.73410328799946,21.8768,68.218
14.745470521999778,21.76064,68.687
14.757476975999452,21.76064,68.218
14.769509222000124,21.6832,68.593
14.782724192999922,21.6832,68.156
14.794711061999806,21.721919999999997,68.281
14.808239803000106,21.721919999999997,68.312
14.822078761999364,21.79936,68.687
14.834227972000008,21.79936,68.218
14.847054866999315,21.79936,68.312
14.859988036999312,21.79936,68.625
14.872445256999526,21.79936,68.218
14.887416217999998,21.76064,68.187
14.900043171000107,21.76064,68.468
14.912445828999807,21.721919999999997,68.718
14.924844039000163,21.76064,68.281
14.937715830999878,21.76064,68.656
14.950053526999909,21.76064,68.5
14.962342293999427,21.83808,68.343
14.975100418999318,21.83808,68.437
14.98747325199929,21.91552,68.718
14.999475992999578,21.91552,68.531
15.011991805999969,21.954240000000002,68.562
15.024301852999997,21.954240000000002,68.25
15.036271953999858,21.954240000000002,68.5
15.048610929999995,21.954240000000002,68.281
15.060971537999649,21.954240000000002,68.812
15.072851267999795,21.8768,68.468
15.084857177999766,21.8768,68.468
15.098736424999515,21.79936,68.343
15.11230852799963,21.83808,68.0
15.126236192999386,21.83808,68.656
15.14067750599952,21.8768,68.281
15.153045123000084,21.91552,68.625
15.16537673899984,21.91552,68.218
15.17799217099946,21.91552,68.593
15.190640084999359,21.91552,68.468
15.20306587899995,21.8768,68.781
15.21720334299971,21.8768,68.406
15.22928176699952,21.83808,68.687
15.241734794999502,21.83808,68.593
15.254402421000123,21.8768,68.375
15.266948730999502,21.8768,68.562
15.279551714999798,21.8768,68.406
15.292224140999679,21.954240000000002,68.75
15.305275298999732,21.99296,68.375
15.317797480999616,21.99296,68.812
15.330531220999546,21.91552,68.25
15.343326082999738,21.8768,68.343
15.355449564999617,21.8768,68.125
15.367655735999506,21.91552,68.343
15.379668749999837,21.91552,68.593
15.39173808599935,21.8768,68.625
15.403701049999654,21.83808,68.312
15.415301731,21.76064,68.437
15.429025485999773,21.76064,68.218
15.443138660999466,21.76064,68.5
15.456960210999569,21.721919999999997,68.187
15.47009335599978,21.79936,68.187
15.482963995999853,21.79936,68.437
15.49527263499931,21.83808,68.187
15.508219565999752,21.83808,68.437
15.521168321000005,21.83808,68.406
15.533707046999552,21.79936,68.593
15.547944385999472,21.79936,68.312
15.560052633999476,21.76064,68.625
15.572898473999885,21.76064,68.562
15.58547361699948,21.79936,68.281
15.597918677000052,21.79936,68.531
15.610519580999608,21.83808,68.75
15.62306480299958,21.8768,68.281
15.635418787000162,21.8768,68.593
15.646904680999796,21.91552,68.406
15.659018465999907,21.954240000000002,68.312
15.671787919000053,21.954240000000002,68.468
15.683757282999977,21.954240000000002,68.625
15.695950590999928,21.99296,68.187
15.708111928999642,21.99296,68.593
15.720162479999999,21.91552,68.187
15.732159204999334,21.91552,68.468
15.744199707999542,21.83808,68.218
15.757527641999332,21.83808,68.625
15.771186242999647,21.8768,68.218
15.785859691999576,21.8768,68.218
15.799589911000112,21.91552,68.468
15.812485639999977,21.954240000000002,68.375
15.825208276000012,21.954240000000002,68.781
15.83790294299979,21.91552,68.437
15.850588936999884,21.91552,68.656
15.862875527000142,21.8768,68.281
15.87519712699941,21.8768,68.656
15.88767274699967,21.83808,68.531
15.900341556999592,21.83808,68.812
15.912690580999879,21.8768,68.406
15.925010963999739,21.8768,68.687
15.936509721999755,21.76064,68.187
15.949138018999292,21.76064,68.437
15.961805197000103,21.79936,68.218
15.974182414000097,21.83808,68.593
15.986137058000168,21.8768,68.343
15.998908494999341,21.8768,68.718
16.010935493000034,21.8768,68.187
16.023084927000127,21.91552,68.531
16.035134325999934,21.91552,68.187
16.047333296999568,21.83808,68.5
16.059311078000064,21.83808,68.75
16.07140703799996,21.76064,68.312
16.08466399400004,21.76064,68.187
16.09849229700012,21.79936,68.437
16.112518717000057,21.83808,68.312
16.127455980999912,21.8768,68.187
16.14004072499938,21.8768,68.687
16.15338158799932,21.8768,68.375
16.166533196999808,21.8768,68.718
16.179196790999413,21.83808,68.312
16.19156268000006,21.83808,68.281
16.204273923000073,21.79936,68.531
16.216600929999913,21.79936,68.75
16.22932084599961,21.79936,68.343
16.241742225000053,21.83808,68.718
16.254365496999526,21.83808,68.593
16.26714186299978,21.8768,68.25
16.28002047100017,21.91552,68.5
16.292180593999547,21.954240000000002,68.75
16.304160805999345,21.954240000000002,68.593
16.316612136999538,21.99296,68.656
16.328982345999975,21.99296,68.312
16.340947933999814,21.99296,68.593
16.353082615999483,22.03168,68.437
16.365441303999432,22.03168,68.406
16.377507887999855,21.91552,68.593
16.389488547999463,21.91552,68.562
16.40272191999975,21.83808,68.468
16.417099006999706,21.8768,68.093
16.431703365999965,21.8768,68.125
16.445257642999422,21.8768,68.218
16.457333571000163,21.83808,68.625
16.468999885999438,21.8768,68.312
16.481883614999788,21.8768,68.687
16.494863121999515,21.8768,68.562
16.50735272699967,21.83808,68.312
16.521797239999614,21.83808,68.437
16.53429535699979,21.76064,68.406
16.54702512899985,21.644479999999998,68.531
16.559960378999676,21.60576,68.187
16.572524354000052,21.644479999999998,68.531
16.585190379999403,21.644479999999998,68.562
16.598015354999916,21.6832,68.187
16.610405020000144,21.721919999999997,68.406
16.62355112499972,21.76064,68.687
16.634954935999303,21.76064,68.531
16.646350361999794,21.76064,68.468
16.658930562000023,21.76064,68.25
16.67095835999953,21.79936,68.375
16.683069424999303,21.79936,68.625
16.695338829999855,21.83808,68.343
16.707728463999956,21.76064,68.625
16.719569823999336,21.76064,68.406
16.731583765999858,21.6832,68.25
16.74490401999992,21.6832,68.312
16.758509626999512,21.721919999999997,68.187
16.772622513999522,21.76064,68.625
16.786510433999865,21.79936,68.531
16.800403121999807,21.79936,68.343
16.81360049199975,21.83808,68.562
16.826053136000155,21.83808,68.531
16.838810427999306,21.79936,68.781
16.85315337099928,21.79936,68.375
16.865528250999887,21.721919999999997,68.343
16.878046656999686,21.76064,68.593
16.890924688999803,21.76064,68.312
16.90326363299937,21.79936,68.5
16.916091871999924,21.83808,68.812
16.92892196699995,21.8768,68.75
16.94126436699935,21.91552,68.468
16.953685904999475,21.954240000000002,68.718
16.96563610099929,21.954240000000002,68.406
16.978406610000093,21.99296,68.406
16.99038816599932,21.99296,68.718
17.0028149209993,22.03168,68.375
17.014755899999727,22.03168,68.687
17.026842259999285,21.99296,68.468
17.038785480000115,21.954240000000002,68.687
17.050860510999883,21.8768,68.468
17.062735855999563,21.8768,68.125
17.076303253999868,21.8768,68.218
17.08950532899962,21.8768,68.625
17.10280395100017,21.91552,68.593
17.11534552499961,21.954240000000002,68.343
17.128285447000053,21.954240000000002,68.406
17.140979089999746,21.79936,68.156
17.154996709999978,21.79936,68.718
17.167393158999403,21.79936,68.312
17.17946172699976,21.76064,68.656
17.190930626999943,21.721919999999997,68.406
17.20400444200004,21.76064,68.281
17.21663280299981,21.76064,68.437
17.229378926999743,21.76064,68.75
17.242310816999634,21.76064,68.375
17.25504855700001,21.79936,68.656
17.267775577000066,21.8768,68.593
17.28020569199998,21.91552,68.406
17.292138286999943,21.91552,68.625
17.304688148999958,21.954240000000002,68.687
17.316669801999524,21.954240000000002,68.25
17.32895219999955,21.954240000000002,68.687
17.3409701089995,21.99296,68.218
17.352980179000042,21.954240000000002,68.687
17.36499172099957,21.91552,68.375
17.377093184999467,21.83808,68.718
17.390362430000096,21.83808,68.281
17.404034598999715,21.83808,68.562
17.415780691999316,21.8768,68.593
17.432104591999632,21.91552,68.406
17.44535678000011,21.8768,68.093
17.45815496999967,21.83808,68.25
17.47158281099928,21.83808,68.625
17.484008605999406,21.83808,68.375
17.495929072999388,21.83808,68.625
17.508641051999803,21.79936,68.531
17.520862551999926,21.76064,68.312
17.53343628699986,21.76064,68.468
17.546273869999823,21.79936,68.781
17.558933943999364,21.79936,68.687
17.57153004799966,21.79936,68.406
17.58460917499997,21.83808,68.625
17.597116827999344,21.91552,68.375
17.609668065999358,21.91552,68.593
17.62165144699975,21.954240000000002,68.781
17.634181723999973,21.954240000000002,68.687
17.646592029999738,21.91552,68.25
17.658993023999756,21.91552,68.531
17.670985556999767,21.954240000000002,68.156
17.68292752799971,21.91552,68.5
17.694879163999758,21.83808,68.75
17.70692126599988,21.79936,68.406
17.720328755000082,21.79936,68.218
17.73411807999946,21.76064,68.281
17.747096979999696,21.6832,68.187
17.76139815999977,21.76064,68.093
17.773205919999782,21.79936,68.25
17.786223827999493,21.79936,68.656
17.799101253000117,21.79936,68.531
17.811852785000156,21.83808,68.312
17.827198637999572,21.79936,68.343
17.839581294999334,21.79936,68.5
17.85189291000006,21.76064,68.75
17.864530455000022,21.76064,68.437
17.877052987999377,21.76064,68.687
17.889902764,21.79936,68.437
17.901982116,21.79936,68.406
17.914549002000058,21.83808,68.562
17.92703463899943,21.8768,68.781
17.939729336999335,21.8768,68.625
17.951806160999695,21.91552,68.75
17.964368790999288,21.91552,68.406
17.976477999999588,21.954240000000002,68.562
17.98856768799942,21.954240000000002,68.187
18.0008317490001,21.954240000000002,68.718
18.01321437399929,21.91552,68.343
18.025176697999996,21.8768,68.687
18.037206607999906,21.79936,68.375
18.050864376999925,21.83808,68.312
18.064512128999922,21.83808,68.218
18.078512084000067,21.8768,68.781
18.09163188399998,21.91552,68.656
18.104338582999844,21.91552,68.343
18.117236295999646,21.91552,68.593
18.130203323999922,21.91552,68.593
18.142804802999308,21.91552,68.281
18.157017308999457,21.8768,68.5
18.16952128199955,21.83808,68.812
18.18217402799928,21.83808,68.718
18.19498392999958,21.83808,68.343
18.208490653999434,21.8768,68.375
18.221652694999648,21.8768,68.562
18.234411651999835,21.91552,68.812
18.247141967999596,21.954240000000002,68.406
18.259637075999308,21.99296,68.75
18.271550151000156,22.03168,68.531
18.284200015999886,22.03168,68.531
18.29619142899992,22.03168,68.375
18.308565573000124,22.070400000000003,68.75
18.320608027999697,22.070400000000003,68.437
18.332546255000125,21.99296,68.75
18.344560388999525,21.83808,68.406
18.356134380000185,21.83808,68.343
18.369865558999663,21.721919999999997,68.375
18.38365760399938,21.721919999999997,68.093
18.397235465999984,21.721919999999997,68.593
18.41120300500006,21.79936,68.187
18.42463305399997,21.83808,68.593
18.437492813999597,21.83808,68.25
18.449835661999714,21.83808,68.281
18.46204375399975,21.79936,68.406
18.47738362200016,21.76064,68.687
18.489482910999868,21.721919999999997,68.687
18.502291116999913,21.6832,68.312
18.51490920499964,21.6832,68.656
18.527689730999555,21.6832,68.281
18.539771033999386,21.721919999999997,68.843
18.552725644999555,21.721919999999997,68.562
18.565342805,21.76064,68.812
18.57814608299941,21.83808,68.343
18.58964308099985,21.8768,68.687
18.601719935999427,21.8768,68.562
18.614338888999555,21.8768,68.5
18.626580836999892,21.91552,68.781
18.63862453999991,21.91552,68.343
18.650960699999814,21.8768,68.187
18.663323707999552,21.91552,68.625
18.675266798999473,21.79936,68.375
18.6872840369997,21.79936,68.312
18.700498111999877,21.721919999999997,68.718
18.714479827000105,21.76064,68.625
18.727079065999533,21.76064,68.187
18.7415999979994,21.83808,68.218
18.755696532,21.83808,68.5
18.76707909400011,21.8768,68.312
18.78001370399943,21.8768,68.437
18.793052604999502,21.8768,68.437
18.807181524000043,21.83808,68.687
18.819731130000037,21.83808,68.406
18.831732238999393,21.79936,68.406
18.844873799999732,21.79936,68.531
18.857667157999458,21.83808,68.812
18.870483171999695,21.83808,68.5
18.88244571999985,21.83808,68.75
18.89532218400018,21.8768,68.5
18.90675812399968,21.91552,68.343
18.919523032999678,21.91552,68.687
18.93158158299957,21.954240000000002,68.843
18.943004402999577,21.83808,68.656
18.954856642999403,21.83808,68.562
18.96691567400012,21.8768,68.281
18.979131541999777,21.8768,68.531
18.991499318000024,21.91552,68.343
19.003546124999957,21.79936,68.625
19.01548540800013,21.79936,68.593
19.028025349000018,21.721919999999997,68.343
19.041398084999855,21.76064,68.125
19.053620865000084,21.76064,68.406
19.066942398999345,21.83808,68.125
19.079760013999476,21.83808,68.437
19.092494393999914,21.83808,68.531
19.105486636999558,21.83808,68.687
19.117360735000148,21.8768,68.406
19.1293612999998,21.83808,68.562
19.141698002999874,21.83808,68.437
19.154372060999776,21.79936,68.562
19.1667319649996,21.79936,68.562
19.179488585999934,21.79936,68.75
19.192008494999754,21.83808,68.5
19.20480553299967,21.83808,68.687
19.217478759000187,21.8768,68.406
19.229408025999874,21.91552,68.593
19.241779385999507,21.954240000000002,68.843
19.253885970999363,21.954240000000002,68.906
19.266351285999917,21.99296,68.406
19.27864526799931,21.99296,68.562
19.29068276199996,21.99296,68.375
19.30314372599969,22.03168,68.406
19.315555856000174,22.03168,68.406
19.327535395999803,21.91552,68.562
19.33955016999971,21.91552,68.437
19.35366084799989,21.83808,68.562
19.36740844399992,21.83808,68.5
19.38100569800008,21.8768,68.218
19.394266366999545,21.91552,68.406
19.40660447799928,21.91552,68.718
19.418956669999716,21.954240000000002,68.718
19.43215448799947,21.954240000000002,68.375
19.44822317999933,21.954240000000002,68.562
19.465194170999894,21.83808,68.281
19.47851852199983,21.79936,68.75
19.491330983999433,21.76064,68.406
19.50433900400003,21.79936,68.718
19.51746997200007,21.79936,68.656
19.5302896029998,21.83808,68.312
19.544177330999446,21.83808,68.437
19.557267178000075,21.76064,68.343
19.570354591999603,21.76064,68.687
19.58381641899996,21.76064,68.468
19.596575855999617,21.83808,68.343
19.609288762999313,21.83808,68.531
19.621711101000074,21.8768,68.218
19.634183393000058,21.8768,68.281
19.64704609599994,21.8768,68.75
19.659153865000007,21.76064,68.375
19.671324258999448,21.721919999999997,68.125
19.685536125,21.644479999999998,68.406
19.699379274999956,21.644479999999998,68.281
19.71461904499938,21.6832,68.218
19.729909472000145,21.721919999999997,68.218
19.743146299999353,21.76064,68.593
19.755829317999996,21.76064,68.343
19.76931581699955,21.76064,68.562
19.78249977899941,21.79936,68.468
19.797767901000043,21.76064,68.468
19.81059092399937,21.76064,68.781
19.823327000000063,21.721919999999997,68.343
19.836420558999635,21.721919999999997,68.343
19.849858735999987,21.76064,68.625
19.86300378499982,21.76064,68.843
19.876944761999766,21.79936,68.781
19.890409468999678,21.83808,68.437
19.903531955999824,21.8768,68.625
19.91567985399979,21.8768,68.656
19.928825830999813,21.91552,68.343
19.941511312999864,21.91552,68.406
19.954024789999494,21.954240000000002,68.75
19.966447863999747,21.954240000000002,68.375
19.978734870000153,21.8768,68.687
19.990861999000117,21.83808,68.562
20.003179020999596,21.79936,68.312
20.016806068999358,21.79936,68.75
20.031023118999656,21.79936,68.281
20.045595699999467,21.83808,68.187
20.06087991899949,21.8768,68.25
20.07464476199948,21.8768,68.531
20.087944247999985,21.91552,68.343
20.101106129000073,21.91552,68.843
20.117023615999642,21.8768,68.718
20.12975988299968,21.83808,68.468
20.142764352000086,21.6832,68.437
20.155846998000015,21.6832,68.531
20.169190548999723,21.6832,68.25
20.182049220999943,21.721919999999997,68.531
20.195026968000093,21.721919999999997,68.468
20.208947049000017,21.76064,68.625
20.22229383099966,21.79936,68.281
20.235475200999645,21.83808,68.562
20.24796832499942,21.83808,68.562
20.261132253999676,21.8768,68.843
20.273770822999722,21.91552,68.25
20.286746041999322,21.91552,68.312
20.299297408999337,21.91552,68.5
20.31173241899978,21.83808,68.281
20.324385259999872,21.83808,68.687
20.338589317999322,21.721919999999997,68.281
20.353180426999643,21.721919999999997,68.187
20.367712878999555,21.76064,68.25
20.383104044999527,21.79936,68.437
20.397259620999648,21.83808,68.468
20.410629988999972,21.83808,68.75
20.42396630699932,21.83808,68.687
20.437062233999313,21.83808,68.375
20.4509803309993,21.83808,68.625
20.464196869999796,21.83808,68.593
20.47708946199964,21.76064,68.281
20.490153035999356,21.721919999999997,68.406
20.503071357999943,21.721919999999997,68.343
20.516690757000106,21.76064,68.656
20.52968636100013,21.76064,68.375
20.542689036999946,21.79936,68.375
20.555583198000022,21.83808,68.5
20.568879802999618,21.83808,68.968
20.582047635999515,21.91552,68.687
20.59467449299973,21.91552,68.437
20.607291172999794,21.91552,68.562
20.620112754999354,21.91552,68.281
20.632688730000154,21.954240000000002,68.593
20.644918549999602,21.83808,68.906
20.657189907999964,21.83808,68.687
20.67123757599984,21.76064,68.468
20.685853613999825,21.76064,68.125
20.700301199999558,21.79936,68.406
20.716709676999926,21.83808,68.687
20.729619806999835,21.8768,68.375
20.74282040900016,21.79936,68.187
20.75616296699991,21.76064,68.625
20.76903648699954,21.76064,68.25
20.781487721999838,21.721919999999997,68.5
20.794038799999726,21.721919999999997,68.812
20.80630766200011,21.6832,68.75
20.820173627999793,21.721919999999997,68.375
20.832990539000093,21.76064,68.656
20.845561872999497,21.76064,68.687
20.85863514399989,21.79936,68.343
20.871877282999776,21.83808,68.5
20.885046075999526,21.8768,68.812
20.897747846999664,21.8768,68.781
20.91097398599959,21.91552,68.281
20.923918579999736,21.954240000000002,68.562
20.93662735899943,21.954240000000002,68.531
20.949165156999698,21.954240000000002,68.75
20.96182951799983,21.954240000000002,68.593
20.97412186800011,21.8768,68.781
20.986515949000022,21.83808,68.531
21.000531521000084,21.79936,68.25
21.01451765099955,21.79936,68.187
21.02923631700014,21.83808,68.75
21.045476917000087,21.8768,68.25
21.059191294999437,21.8768,68.312
21.07252924600016,21.8768,68.593
21.085658901999523,21.8768,68.343
21.099806317000002,21.8768,68.343
21.112895524000123,21.8768,68.437
21.12604092499987,21.79936,68.468
21.13958851299958,21.79936,68.687
21.152549716000067,21.79936,68.281
21.16529103999983,21.83808,68.375
21.177961546000006,21.83808,68.625
21.191224870000042,21.8768,68.843
21.20383588599998,21.954240000000002,68.406
21.217013574999328,21.954240000000002,68.531
21.229171553000015,21.99296,68.656
21.242078801999924,21.99296,68.375
21.255005635999623,21.99296,68.437
21.26732957100012,21.99296,68.687
21.279875624999477,21.99296,68.687
21.29212592499971,21.91552,68.406
21.30431542399947,21.91552,68.562
21.316680703999737,21.83808,68.281
21.330158306999692,21.83808,68.187
21.34479191399987,21.76064,68.562
21.359207657999832,21.76064,68.531
21.375132215999656,21.83808,68.25
21.388926980999713,21.83808,68.625
21.402528652,21.83808,68.437
21.416246325999964,21.83808,68.531
21.43128144899947,21.83808,68.718
21.4441095279999,21.79936,68.656
21.457908356999724,21.76064,68.375
21.471723185999508,21.76064,68.593
21.48423375099992,21.76064,68.531
21.497359246000087,21.76064,68.781
21.510299967999345,21.76064,68.468
21.524020011000175,21.79936,68.437
21.537042879000182,21.8768,68.625
21.550137813999754,21.8768,68.562
21.562608153999463,21.91552,68.625
21.575140670999644,21.91552,68.531
21.58812209899952,21.954240000000002,68.718
21.601009986999998,21.954240000000002,68.343
21.61364734000017,21.954240000000002,68.687
21.62583005399938,21.8768,68.281
21.637973183999748,21.8768,68.156
21.65158074200008,21.76064,68.375
21.665656539999873,21.79936,68.218
21.679621517999294,21.76064,68.437
21.693775525999627,21.79936,68.468
21.708238022999467,21.83808,68.25
21.721288667999943,21.83808,68.843
21.735107529999368,21.8768,68.406
21.748225504999937,21.8768,68.406
21.762806757999897,21.83808,68.656
21.77604531399993,21.79936,68.656
21.788961810999353,21.79936,68.375
21.802415156999814,21.79936,68.5
21.815684368999428,21.79936,68.468
21.828570720999778,21.83808,68.781
21.8412442989993,21.83808,68.437
21.854397092,21.91552,68.375
21.86746159299946,21.954240000000002,68.593
21.879970781999873,21.954240000000002,68.968
21.8926303749995,21.99296,68.468
21.905276527999376,21.99296,68.687
21.91771390699978,21.99296,68.312
21.929981839999527,21.99296,68.312
21.942543829999522,21.91552,68.375
21.955083066999578,21.79936,68.718
21.96727560599993,21.79936,68.281
21.979560947999744,21.721919999999997,68.687
21.99370276299942,21.76064,68.5
22.008188621000045,21.76064,68.406
22.022419975000048,21.79936,68.437
22.037232499999845,21.83808,68.75
22.050585074000082,21.8768,68.406
22.063745642999493,21.8768,68.437
22.077144074999524,21.8768,68.437
22.092967190999843,21.83808,68.468
22.105299701999684,21.83808,68.343
22.117704246999892,21.76064,68.468
22.130794830000013,21.79936,68.5
22.14340424599959,21.79936,68.687
22.157002779999857,21.83808,68.531
22.170185429999947,21.83808,68.718
22.182758875999752,21.8768,68.625
22.19602668100015,21.91552,68.812
22.208819301999938,21.91552,68.687
22.22143227000015,21.99296,68.375
22.23424082800011,21.99296,68.656
22.246639580999727,21.99296,68.468
22.25911289599935,21.99296,68.437
22.271996528999807,22.03168,68.875
22.284195083999293,21.91552,68.5
22.296477672999572,21.91552,68.375
22.310372440999345,21.83808,68.562
22.32457128199985,21.8768,68.312
22.33858867699928,21.8768,68.406
22.35520954599997,21.954240000000002,68.343
22.368996629999856,21.954240000000002,68.718
22.38174508999964,21.99296,68.343
22.39504755100006,21.954240000000002,68.406
22.407966224999655,21.954240000000002,68.625
22.422773372999472,21.91552,68.562
22.435518600999785,21.8768,68.812
22.44875341199986,21.8768,68.468
22.461826169999767,21.91552,68.375
22.475291803999426,21.954240000000002,68.531
22.488958500999615,21.91552,68.562
22.502295298999343,21.8768,68.781
22.515336536000177,21.8768,68.468
22.528336747999674,21.91552,68.75
22.540522214999328,21.8768,68.562
22.553622781999366,21.83808,68.187
22.56618729999991,21.83808,68.437
22.57880177199968,21.8768,68.812
22.591338000999713,21.8768,68.593
22.60472881699934,21.8768,68.593
22.616935436999483,21.79936,68.718
22.62913517600009,21.79936,68.218
22.643667594999897,21.721919999999997,68.156
22.65829595299965,21.721919999999997,68.625
22.672383910999997,21.76064,68.625
22.68838821600002,21.76064,68.281
22.702231813999788,21.79936,68.406
22.715140407000035,21.79936,68.593
22.728916354999456,21.79936,68.625
22.742389861999982,21.79936,68.812
22.755343287999494,21.76064,68.468
22.768435023000166,21.721919999999997,68.687
22.78113679299986,21.721919999999997,68.687
22.794459318999543,21.76064,68.406
22.807337510999787,21.76064,68.562
22.82076560799942,21.79936,68.562
22.834313292999468,21.83808,68.812
22.84683483399931,21.8768,68.437
22.86019147299976,21.8768,68.687
22.872341065999535,21.91552,68.625
22.885533347999626,21.954240000000002,68.343
22.89778089599986,21.954240000000002,68.406
22.910250562999863,21.99296,68.687
22.922787784999855,21.99296,68.468
22.934948705999886,21.91552,68.625
22.94709397999941,21.8768,68.5
22.959457148000183,21.83808,68.281
22.973464527000033,21.83808,68.687
22.98774983400017,21.83808,68.312
23.002224427999863,21.8768,68.25
23.01708556199992,21.91552,68.625
23.029931112999293,21.954240000000002,68.531
23.04341994799961,21.91552,68.843
23.05653040299967,21.954240000000002,68.781
23.071338158999424,21.91552,68.406
23.08384414699958,21.91552,68.687
23.09650220399999,21.83808,68.656
23.110114307000003,21.83808,68.343
23.12311407099969,21.83808,68.562
23.135779743999592,21.8768,68.5
23.14872670600016,21.76064,68.687
23.162181331999818,21.76064,68.25
23.175066691999746,21.76064,68.25
23.188121625999884,21.79936,68.625
23.200268530999892,21.83808,68.875
23.213427916,21.83808,68.343
23.22632729199995,21.83808,68.625
23.2389581489997,21.8768,68.593
23.251565515999573,21.8768,68.343
23.26427730299929,21.79936,68.593
23.276414064000164,21.79936,68.781
23.288676972999383,21.721919999999997,68.75
23.30329736299973,21.721919999999997,68.562
23.318047932999434,21.76064,68.187
23.33322226099972,21.79936,68.187
23.34773042300003,21.83808,68.468
23.36044848199981,21.8768,68.437
23.373950213999706,21.83808,68.75
23.38689823200002,21.8768,68.687
23.40206337499967,21.83808,68.343
23.414838362999944,21.83808,68.687
23.427186107000125,21.76064,68.531
23.440640636999888,21.79936,68.75
23.45371643499948,21.79936,68.5
23.46729039299953,21.83808,68.5
23.48099091399945,21.8768,68.656
23.494005814000047,21.8768,68.593
23.507185391999883,21.8768,68.875
23.52039952999985,21.83808,68.625
23.53294452799946,21.83808,68.75
23.545684218999668,21.8768,68.656
23.558238048999556,21.8768,68.343
23.57108139199954,21.8768,68.406
23.583430575999955,21.91552,68.187
23.595554951999475,21.83808,68.406
23.607728642999973,21.79936,68.281
23.621741078000014,21.721919999999997,68.562
23.636408413000026,21.721919999999997,68.468
23.65119066399984,21.721919999999997,68.468
23.66686811099953,21.79936,68.437
23.680891682999572,21.83808,68.718
23.69443098299962,21.83808,68.375
23.707644481999523,21.83808,68.375
23.72040743799971,21.83808,68.687
23.734829453999737,21.79936,68.593
23.748023463999743,21.721919999999997,68.687
23.76066878399979,21.644479999999998,68.406
23.77347545399971,21.644479999999998,68.625
23.786579253000127,21.644479999999998,68.656
23.80004591099987,21.6832,68.281
23.81270031999975,21.6832,68.531
23.825855928999772,21.76064,68.593
23.839228375999483,21.79936,68.75
23.85253992499929,21.79936,68.562
23.86528755299969,21.83808,68.312
23.877884871999413,21.83808,68.593
23.890233735999573,21.8768,68.375
23.902810253999633,21.8768,68.406
23.91543275799995,21.91552,68.812
23.927555950999704,21.79936,68.5
23.939681574999668,21.79936,68.281
23.95389968099971,21.721919999999997,68.531
23.96753840800011,21.721919999999997,68.312
23.9819042299996,21.76064,68.343
23.998336005000056,21.79936,68.375
24.01201114899959,21.83808,68.687
24.0248782689996,21.83808,68.343
24.038676328999827,21.83808,68.343
24.05222913399939,21.83808,68.625
24.06511590199989,21.79936,68.781
24.077779047999684,21.79936,68.781
24.090695320999657,21.76064,68.468
24.10351715900015,21.79936,68.687
24.116283794999617,21.79936,68.468
24.12951310199969,21.83808,68.875
24.142605764999644,21.8768,68.593
24.156027813000037,21.91552,68.5
24.1695120079994,21.91552,68.718
24.18169270599992,21.954240000000002,68.5
24.19501583999954,21.954240000000002,68.625
24.207754283999748,21.99296,68.468
24.220363570999325,21.99296,68.718
24.23260932699941,21.99296,68.437
24.244861387999663,21.954240000000002,68.687
24.257015045000117,21.91552,68.343
24.269293923000077,21.83808,68.562
24.283731939000063,21.83808,68.343
24.29783868100003,21.8768,68.312
24.312450814999465,21.91552,68.312
24.327736440999615,21.91552,68.562
24.34078250999937,21.954240000000002,68.281
24.354010920999826,21.8768,68.25
24.367714098999386,21.83808,68.781
24.38314820999949,21.79936,68.437
24.39544513599958,21.79936,68.718
24.408180059000188,21.721919999999997,68.625
24.421767808999903,21.76064,68.406
24.434570446999714,21.76064,68.656
24.446894412999427,21.79936,68.843
24.460227339000085,21.79936,68.781
24.47358688999975,21.83808,68.468
24.4871968489997,21.8768,68.656
24.500478828999803,21.83808,68.687
24.512772842999766,21.83808,68.343
24.525709948999975,21.83808,68.406
24.537989114000084,21.83808,68.687
24.55045330899975,21.8768,68.343
24.56298784199953,21.8768,68.312
24.575320512999497,21.8768,68.625
24.587525244000062,21.79936,68.343
24.599854874999437,21.721919999999997,68.468
24.61427317899961,21.76064,68.218
24.62855051799943,21.76064,68.218
24.64288446699993,21.79936,68.562
24.65745768799934,21.83808,68.468
24.670343975999458,21.83808,68.312
24.683357947999866,21.8768,68.468
24.697010819999377,21.83808,68.406
24.71025014299994,21.83808,68.625
24.722656352999365,21.79936,68.343
24.735348714999418,21.76064,68.656
24.74827298799937,21.76064,68.531
24.761481621999337,21.79936,68.75
24.77450487399983,21.79936,68.5
24.787173652000092,21.79936,68.468
24.80026925799939,21.83808,68.625
24.81322748399998,21.91552,68.406
24.826261552999313,21.91552,68.687
24.83846903599988,21.954240000000002,68.531
24.85194747100013,21.954240000000002,68.75
24.86469045800004,21.99296,68.406
24.877284864999638,21.99296,68.562
24.88967235400014,22.03168,68.562
24.90217728599964,21.954240000000002,68.343
24.91434031999961,21.91552,68.375
24.926598459999695,21.83808,68.718
24.94067368099968,21.8768,68.406
24.955367992999527,21.76064,68.312
24.969508784000027,21.76064,68.25
24.984974831999352,21.79936,68.718
24.997909281999455,21.83808,68.437
25.011193501999514,21.83808,68.406
25.02496362599959,21.8768,68.468
25.040460970999447,21.83808,68.656
25.053046641999572,21.83808,68.343
25.066036389000146,21.76064,68.531
25.079540807999365,21.76064,68.468
25.092856581999513,21.76064,68.687
25.105975325000145,21.79936,68.656
25.118922990999636,21.79936,68.437
25.13249118800013,21.83808,68.625
25.14578216100017,21.91552,68.625
25.158744579000086,21.91552,68.937
25.170882075999543,21.954240000000002,68.5
25.183195321999847,21.954240000000002,68.687
25.195404052999947,21.954240000000002,68.343
25.207704178999847,21.99296,68.468
25.220232279999436,21.99296,68.812
25.232400529999722,21.91552,68.437
25.244550538999647,21.91552,68.75
25.25696289299958,21.83808,68.656
25.2709251819997,21.83808,68.531
25.28530962900004,21.83808,68.156
25.299756860999878,21.91552,68.718
25.31442368399985,21.91552,68.468
25.327410871999746,21.954240000000002,68.468
25.34109619299943,21.91552,68.656
25.355435165999552,21.91552,68.625
25.371146276999752,21.8768,68.593
25.383993011999337,21.91552,68.875
25.39722871899994,21.83808,68.718
25.410498346999702,21.83808,68.5
25.424120977999337,21.83808,68.687
25.43708202000016,21.8768,68.656
25.44996981299937,21.8768,68.937
25.46290611799941,21.91552,68.593
25.476377447999766,21.954240000000002,68.625
25.48961043500003,21.99296,68.718
25.503758906999792,21.99296,68.343
25.51668442799928,21.954240000000002,68.281
25.52934187699975,21.954240000000002,68.437
25.542095969000002,21.91552,68.625
25.55473834499935,21.83808,68.281
25.56695613299962,21.721919999999997,68.562
25.579283138999926,21.721919999999997,68.375
25.59238408999954,21.60576,68.25
25.606556945999728,21.644479999999998,68.687
25.621156823000092,21.644479999999998,68.562
25.635414098000183,21.721919999999997,68.281
25.650714796999637,21.76064,68.343
25.663958791999903,21.76064,68.562
25.67824355599987,21.79936,68.5
25.69156608100002,21.79936,68.437
25.706674518,21.721919999999997,68.75
25.719287101999726,21.6832,68.437
25.731654493999486,21.644479999999998,68.687
25.7445539979999,21.6832,68.343
25.75731487399935,21.721919999999997,68.843
25.770266571999855,21.721919999999997,68.562
25.78339536400017,21.721919999999997,68.812
25.796033547999286,21.79936,68.718
25.80978063099974,21.83808,68.343
25.8229333270001,21.83808,68.718
25.83617488999971,21.8768,68.437
25.848931829999856,21.91552,68.781
25.861516795999705,21.91552,68.468
25.874286057000063,21.91552,68.593
25.88696856199931,21.91552,68.5
25.899022792999858,21.83808,68.687
25.91106985499937,21.83808,68.593
25.925583393000124,21.76064,68.312
25.93936148499961,21.79936,68.687
25.952013940999677,21.79936,68.531
25.96823822099941,21.83808,68.281
25.979910807000124,21.8768,68.593
25.992787110999416,21.8768,68.812
26.005829403999996,21.8768,68.75
26.018433410999933,21.8768,68.5
26.032944517000033,21.83808,68.718
26.045098558999598,21.83808,68.687
26.057341370999893,21.79936,68.406
26.070100103000186,21.79936,68.625
26.08288366799934,21.83808,68.843
26.095778115999565,21.83808,68.781
26.108118338999702,21.8768,68.5
26.120863181999994,21.91552,68.687
26.13324391900005,21.954240000000002,68.468
26.14581448499939,21.954240000000002,68.625
26.158434172999478,21.91552,68.875
26.1707608910001,21.8768,68.718
26.18300034299955,21.8768,68.343
26.195350549999603,21.91552,68.562
26.207326345999718,21.91552,68.375
26.21932150199973,21.8768,68.562
26.231280594000054,21.83808,68.812
26.24334586399982,21.76064,68.468
26.256654789000095,21.76064,68.593
26.269160105000083,21.79936,68.468
26.282648171999426,21.79936,68.312
26.296977256999526,21.8768,68.218
26.309613968999656,21.8768,68.468
26.322159893999924,21.8768,68.812
26.335224747999746,21.8768,68.437
26.346717233000163,21.8768,68.406
26.361451545999444,21.83808,68.656
26.373601906999284,21.8768,68.468
26.385966866999297,21.79936,68.562
26.39871900700018,21.83808,68.843
26.411169281000184,21.83808,68.812
26.424130739999782,21.83808,68.5
26.436590805999913,21.8768,68.656
26.448869619000106,21.91552,68.375
26.461598109999613,21.954240000000002,68.687
26.473826649999864,21.954240000000002,68.968
26.486471010999594,21.99296,68.75
26.498223566999513,21.99296,68.468
26.51036036000005,21.954240000000002,68.25
26.52176698599942,21.954240000000002,68.562
26.53389680300006,21.91552,68.531
26.545909335000033,21.8768,68.812
26.55790743599937,21.83808,68.5
26.569919937000122,21.76064,68.687
26.58341427599953,21.76064,68.531
26.597195886999543,21.79936,68.187
26.610755795999466,21.79936,68.781
26.62517752399981,21.83808,68.406
26.637250154999492,21.8768,68.718
26.650067063999813,21.8768,68.437
26.663186895999388,21.8768,68.625
26.67603388599946,21.8768,68.687
26.690181813999516,21.83808,68.437
26.702600310999514,21.83808,68.562
26.714786032999655,21.76064,68.781
26.727069837999807,21.76064,68.718
26.73956952199933,21.79936,68.406
26.752323230000002,21.6832,68.593
26.7654197009997,21.6832,68.343
26.776898200999312,21.721919999999997,68.593
26.789623652000046,21.76064,68.468
26.802355439000166,21.79936,68.75
26.814348290999988,21.83808,68.468
26.826202386999284,21.83808,68.593
26.838403500999448,21.8768,68.343
26.850870287999896,21.8768,68.531
26.863152365000133,21.8768,68.718
26.87537901699943,21.8768,68.593
26.887434143000064,21.79936,68.75
26.899489684999935,21.76064,68.593
26.913126204000037,21.721919999999997,68.218
26.92716446399936,21.76064,68.718
26.940708915999494,21.76064,68.687
26.955952653000168,21.83808,68.312
26.968209097999534,21.83808,68.593
26.981063352999627,21.8768,68.406
26.99353484399944,21.8768,68.625
27.00619280399951,21.8768,68.562
27.02140082799997,21.83808,68.781
27.033894655999575,21.79936,68.687
27.046486790999552,21.79936,68.5
27.059510203000173,21.79936,68.687
27.072345544999735,21.83808,68.375
27.084793355999864,21.83808,68.625
27.09720839700003,21.8768,68.562
27.11019065599976,21.91552,68.75
27.12240421899969,21.954240000000002,68.5
27.13431821999984,21.954240000000002,68.718
27.146760558000096,21.99296,68.343
27.159056939999573,21.99296,68.593
27.17108208099944,21.99296,68.781
27.18378516299981,21.99296,68.687
27.19618423599968,22.03168,68.625
27.208160256000156,21.954240000000002,68.718
27.220170868999958,21.91552,68.312
27.23401606599964,21.83808,68.531
27.246660394999708,21.83808,68.25
27.260501175999707,21.8768,68.312
27.27594165499977,21.91552,68.656
27.2885430059996,21.954240000000002,68.375
27.30102412999986,21.954240000000002,68.593
27.31423308400008,21.954240000000002,68.562
27.327102954999646,21.91552,68.781
27.342193790999772,21.91552,68.718
27.354192723999404,21.79936,68.343
27.366282442999363,21.721919999999997,68.593
27.378595208999286,21.721919999999997,68.312
27.390989865999472,21.76064,68.593
27.40364187399973,21.76064,68.843
27.415064437000183,21.76064,68.5
27.427321584999845,21.79936,68.687
27.439966713000103,21.8768,68.625
27.452546079999593,21.91552,68.593
27.46455349200005,21.91552,68.687
27.47607701800007,21.954240000000002,68.781
27.488293589000023,21.954240000000002,68.437
27.500743222999517,21.954240000000002,68.687
27.512621255999875,21.954240000000002,68.281
27.525391539999873,21.91552,68.593
27.537630928,21.79936,68.343
27.54968598999949,21.79936,68.656
27.563682776999485,21.6832,68.375
27.57726447799996,21.6832,68.187
27.59063596499982,21.721919999999997,68.531
27.604320806000032,21.76064,68.531
27.61820145999991,21.79936,68.281
27.63097696099976,21.79936,68.468
27.644258108999566,21.79936,68.468
27.65731508999943,21.79936,68.781
27.670208865999484,21.79936,68.468
27.682015824999326,21.76064,68.656
27.69415152900001,21.721919999999997,68.468
27.70709413899931,21.721919999999997,68.437
27.719046061999506,21.721919999999997,68.75
27.732012479999867,21.721919999999997,68.437
27.743467811999835,21.721919999999997,68.531
27.756301329999587,21.76064,68.687
27.769243554999775,21.79936,68.437
27.781716517999484,21.83808,68.593
27.79377986899999,21.83808,68.875
27.806395556000098,21.8768,68.718
27.81870188999983,21.91552,68.437
27.830712213999504,21.91552,68.687
27.84317023299991,21.91552,68.281
27.855651515999853,21.954240000000002,68.687
27.867540812999323,21.83808,68.906
27.879541248999885,21.83808,68.312
27.892410896999536,21.76064,68.406
27.90626636700017,21.79936,68.375
27.919666557999335,21.79936,68.5
27.934081309999783,21.8768,68.812
27.947351544999947,21.91552,68.687
27.960691831000076,21.83808,68.25
27.973227643999962,21.79936,68.718
27.98514465399967,21.79936,68.437
27.999940920999506,21.76064,68.593
28.012293015999603,21.76064,68.656
28.02456437299952,21.721919999999997,68.875
28.037495558000046,21.721919999999997,68.437
28.049780674999965,21.76064,68.781
28.06198694199975,21.76064,68.562
28.074806091999562,21.79936,68.437
28.08786982499987,21.83808,68.718
28.100496553000085,21.8768,68.906
28.113071246999425,21.8768,68.593
28.12498643299932,21.91552,68.812
28.137728363999486,21.954240000000002,68.437
28.149674878999576,21.954240000000002,68.375
28.162108863999492,21.954240000000002,68.531
28.17426213699946,21.99296,68.812
28.186418930999935,21.91552,68.531
28.198460871999487,21.8768,68.687
28.210606912999538,21.79936,68.468
28.224077762999514,21.83808,68.281
28.237294364999798,21.83808,68.375
28.251020775000143,21.8768,68.437
28.265519849000157,21.91552,68.687
28.27792176999992,21.91552,68.375
28.29080885699932,21.91552,68.406
28.30380820499977,21.91552,68.593
28.31560569099929,21.91552,68.375
28.3303057309995,21.91552,68.843
28.342901321999307,21.8768,68.562
28.35537197999929,21.83808,68.812
28.36808635899979,21.8768,68.531
28.380990662999466,21.8768,68.718
28.393477771000107,21.8768,68.656
28.40644217299996,21.91552,68.875
28.419227785999283,21.954240000000002,68.593
28.431761455000014,21.99296,68.75
28.444081740999536,21.99296,68.625
28.45690367499992,22.03168,68.375
28.469226456999422,22.03168,68.5
28.481298542999866,22.03168,68.875
28.49365799899988,22.03168,68.5
28.506273846000113,22.070400000000003,68.781
28.51902419399994,21.954240000000002,68.531
28.530522854999617,21.954240000000002,68.187
28.544522776999656,21.76064,68.468
28.556857527999455,21.76064,68.75
28.570055408999906,21.644479999999998,68.593
28.58365298299941,21.6832,68.187
28.597416386000077,21.6832,68.5
28.610019017000013,21.721919999999997,68.281
28.62242583399984,21.721919999999997,68.25
28.635706757999287,21.76064,68.562
28.648771354999553,21.721919999999997,68.781
28.66010373900008,21.721919999999997,68.375
28.67234552699938,21.721919999999997,68.656
28.684512015999644,21.6832,68.406
28.697453121999388,21.6832,68.5
28.710396402999322,21.721919999999997,68.625
28.72302485899945,21.721919999999997,68.906
28.735457500999473,21.6832,68.562
28.74818602399955,21.721919999999997,68.75
28.760829871999704,21.76064,68.687
28.7733203709995,21.79936,68.625
28.785348231999706,21.79936,68.656
28.79779751499973,21.83808,68.843
28.809791454999868,21.83808,68.5
28.8220609229993,21.8768,68.75
28.834044270999584,21.8768,68.312
28.846041986999808,21.8768,68.75
28.858059864000097,21.79936,68.562
28.870102668999607,21.721919999999997,68.781
28.88367102599932,21.721919999999997,68.312
28.895949422999365,21.76064,68.625
28.908510389000185,21.76064,68.312
28.922516966999865,21.83808,68.312
28.93511386999944,21.83808,68.5
28.94805062299929,21.8768,68.843
28.960957519999283,21.8768,68.5
28.973162025999954,21.8768,68.593
28.985561419000078,21.83808,68.687
29.000159023999913,21.83808,68.437
29.012111330000153,21.76064,68.687
29.02460173399959,21.79936,68.625
29.036975653999434,21.83808,68.937
29.049491753999973,21.83808,68.562
29.061957516999428,21.83808,68.812
29.074109637999754,21.91552,68.5
29.086485668999558,21.954240000000002,68.718
29.09932664400003,21.954240000000002,69.062
29.11155982299988,21.99296,68.843
29.123701384000015,21.99296,68.562
29.135928418999356,22.03168,68.687
29.147913942999367,22.03168,68.281
29.159236886000144,21.91552,68.531
29.171376014999623,21.8768,68.468
29.18355261599936,21.79936,68.656
29.19553173999975,21.76064,68.718
29.209467243999825,21.721919999999997,68.593
29.22324853600003,21.721919999999997,68.218
29.23644616099955,21.76064,68.281
29.251163257999906,21.79936,68.468
29.263952069999505,21.83808,68.812
29.275688593999803,21.83808,68.437
29.28777188099957,21.83808,68.437
29.301196329999584,21.83808,68.718
29.31328371299969,21.79936,68.406
29.32595082499938,21.79936,68.656
29.337954877999437,21.76064,68.875
29.35042243299995,21.76064,68.562
29.362857090000034,21.79936,68.812
29.375685551999595,21.79936,68.781
29.38774234199991,21.79936,68.562
29.400265066999964,21.83808,68.656
29.412694315999943,21.8768,68.937
29.425309170999753,21.91552,68.75
29.43728845499936,21.954240000000002,68.843
29.44990331000008,21.954240000000002,68.5
29.46188828999948,21.954240000000002,68.656
29.47344352900018,21.99296,68.375
29.485527518999334,21.99296,68.656
29.49760847000016,21.954240000000002,68.968
29.509659020000072,21.91552,68.687
29.522379639000064,21.83808,68.468
29.53495132399985,21.79936,68.5
29.54827333799949,21.79936,68.406
29.56162962399958,21.79936,68.75
29.576595335999627,21.83808,68.718
29.58945458299968,21.8768,68.531
29.601879320999615,21.8768,68.687
29.614901003999876,21.8768,68.468
29.627462929999638,21.8768,68.437
29.642077014999813,21.83808,68.625
29.654322482999305,21.83808,68.875
29.666614768999352,21.79936,68.75
29.67950998499964,21.83808,68.5
29.691138600999693,21.83808,68.75
29.70393595799942,21.8768,68.5
29.716726691000076,21.8768,68.687
29.728886651999346,21.91552,68.812
29.74134947099992,21.91552,68.468
29.753913380000085,21.83808,68.531
29.766395783000007,21.76064,68.687
29.77898023799935,21.76064,68.25
29.791283402999397,21.79936,68.468
29.803327232999436,21.79936,68.812
29.81582733199957,21.79936,68.343
29.828327815999728,21.83808,68.812
29.84034892499949,21.721919999999997,68.718
29.8525928250001,21.721919999999997,68.312
29.86739114000011,21.644479999999998,68.218
29.880673022999872,21.6832,68.312
29.892657843000052,21.6832,68.687
29.905974063999565,21.76064,68.437
29.918059431000074,21.76064,68.687
29.93005698700017,21.79936,68.375
29.94286765600009,21.79936,68.343
29.956027487999563,21.79936,68.875
29.97161187599977,21.76064,68.562
29.984055557999454,21.76064,68.75
29.996168700999988,21.721919999999997,68.5
30.008571389999815,21.76064,68.593
30.021106819000124,21.76064,68.687
30.033954736999476,21.79936,68.968
30.04620554899975,21.79936,68.562
30.058624333999433,21.83808,68.812
30.071082800999648,21.8768,68.5
30.083784538000145,21.8768,68.843
30.0960024850001,21.91552,68.562
30.108282737999616,21.954240000000002,68.937
30.120708980000018,21.954240000000002,68.531
30.132759528999486,21.954240000000002,68.718
30.145225643999765,21.954240000000002,68.5
30.157495943999493,21.8768,68.687
30.169611712000005,21.8768,68.406
30.181626900999618,21.79936,68.625
30.195325533999494,21.83808,68.468
30.207412179999665,21.83808,68.687
30.220932311999604,21.83808,68.437
30.234572190999643,21.91552,68.312
30.247327049999512,21.91552,68.625
30.260140536000108,21.91552,68.437
30.273424179999893,21.91552,68.906
30.286232832999303,21.91552,68.562
30.301510330999918,21.8768,68.468
30.314242661999742,21.79936,68.75
30.327254105000065,21.83808,68.437
30.34007850299986,21.8768,68.687
30.35278363299949,21.8768,68.562
30.365394423999533,21.76064,68.687
30.378264262999437,21.76064,68.375
30.391024050999476,21.83808,68.687
30.40398138099954,21.83808,68.687
30.41651991299932,21.83808,69.062
30.42945727499955,21.91552,68.562
30.442034368999884,21.91552,68.75
30.454594245999942,21.91552,68.531
30.467109737999635,21.91552,68.312
30.47963844700007,21.954240000000002,68.75
30.491999918000147,21.8768,68.531
30.50442126300004,21.83808,68.843
30.51908642199942,21.79936,68.281
30.533636632999333,21.79936,68.218
30.54797554200013,21.79936,68.187
30.56254127400007,21.79936,68.531
30.575284165000085,21.83808,68.843
30.58855910500006,21.83808,68.718
30.60221914399972,21.83808,68.687
30.618512609999925,21.83808,68.406
30.63111277600001,21.83808,68.656
30.643846035000024,21.79936,68.687
30.656698625999525,21.76064,68.906
30.669983069999944,21.79936,68.593
30.682508193999638,21.83808,68.781
30.69634689599934,21.83808,68.781
30.709956789999524,21.8768,68.562
30.72302708299958,21.954240000000002,68.5
30.736041886999374,21.91552,68.687
30.748312250999334,21.91552,68.843
30.76136219199998,21.954240000000002,68.468
30.774243486999694,21.954240000000002,68.343
30.786843685999884,21.954240000000002,68.625
30.799137602999508,21.954240000000002,68.437
30.81219160799992,21.91552,68.562
30.82446747599988,21.8768,68.781
30.83679787499932,21.79936,68.687
30.850917927999944,21.79936,68.562
30.865584047000084,21.79936,68.25
30.880561983000007,21.8768,68.875
30.8955945459993,21.91552,68.5
30.908710728000187,21.91552,68.531
30.922478226999374,21.91552,68.468
30.938659849000032,21.91552,68.687
30.951000807999662,21.8768,68.437
30.963728433999677,21.79936,68.843
30.97627858299984,21.721919999999997,68.531
30.98935348499981,21.721919999999997,68.781
31.002508292999664,21.721919999999997,68.75
31.01520177400016,21.76064,68.437
31.028189440999995,21.76064,68.656
31.04127138199965,21.83808,68.875
31.054713494999305,21.83808,68.843
31.068013940000128,21.8768,68.687
31.080353041999842,21.91552,68.75
31.093016410999553,21.91552,68.5
31.10591962699982,21.91552,68.406
31.118186822999633,21.954240000000002,68.468
31.131057109999347,21.954240000000002,68.812
31.143172045999563,21.8768,68.531
31.155343558999448,21.8768,68.718
31.16897323000012,21.76064,68.562
31.1831106919999,21.76064,68.406
31.197545731999526,21.79936,68.75
31.212104038999314,21.83808,68.687
31.22676273399975,21.8768,68.687
31.240114155999436,21.8768,68.437
31.253751762999855,21.8768,68.625
31.2668133520001,21.8768,68.656
31.281869145999735,21.83808,68.75
31.295307194999623,21.83808,68.875
31.30818992999957,21.76064,68.562
31.321751855000002,21.79936,68.687
31.334765153999797,21.83808,68.656
31.347553006999988,21.83808,69.031
31.36062777999996,21.8768,68.656
31.37365442400005,21.91552,68.531
31.38619350099998,21.954240000000002,68.812
31.39865935999933,21.954240000000002,68.562
31.411525294000057,21.99296,68.625
31.423935502999484,21.99296,68.437
31.436168907000138,22.03168,68.625
31.44853440999941,22.03168,68.437
31.46083648700005,22.03168,68.781
31.47305888199935,21.954240000000002,68.562
31.485389632999613,21.91552,68.625
31.499776607000058,21.8768,68.468
31.514697868999974,21.8768,68.406
31.529484824000065,21.91552,68.281
31.545151901999816,21.91552,68.656
31.558355254999697,21.83808,68.5
31.570922300999882,21.76064,68.25
31.58369671299988,21.79936,68.812
31.599643030999687,21.79936,68.5
31.612189243999637,21.76064,68.75
31.624600637000185,21.76064,68.562
31.63717430699944,21.721919999999997,68.468
31.650463870999374,21.721919999999997,68.687
31.6634490739998,21.76064,68.937
31.67650915899958,21.76064,68.875
31.689262609999787,21.79936,68.562
31.702432426000087,21.83808,68.781
31.715122227999927,21.8768,68.5
31.727662137000152,21.8768,68.781
31.740309697000157,21.8768,68.625
31.75296221699955,21.91552,68.781
31.765621872999873,21.91552,68.5
31.77790874999937,21.91552,68.656
31.79018426699986,21.954240000000002,68.437
31.802681933999338,21.83808,68.656
31.81490468099946,21.83808,68.437
31.831127871999342,21.721919999999997,68.5
31.844831176999833,21.76064,68.375
31.859694484999636,21.76064,68.406
31.876110961999984,21.83808,68.562
31.889845052000055,21.83808,68.531
31.902635176999866,21.83808,68.812
31.916695995999362,21.8768,68.812
31.932187996999346,21.83808,68.5
31.944990857999983,21.83808,68.531
31.957725459999892,21.79936,68.687
31.971661667999797,21.79936,69.062
31.984452496999438,21.83808,68.906
31.997605480999482,21.83808,68.593
32.010290417999386,21.83808,68.781
32.02376939599981,21.91552,68.687
32.037159411000175,21.954240000000002,68.562
32.05032615499931,21.954240000000002,68.75
32.06276116399931,21.99296,68.875
32.07531499400011,21.99296,68.781
32.087810260999504,22.03168,68.531
32.1005086389996,22.03168,68.687
32.11291423900002,22.03168,68.5
32.125023863000024,21.954240000000002,68.656
32.1372183529993,21.954240000000002,68.375
32.150846838999314,21.83808,68.718
32.1651789309999,21.76064,68.531
32.17988111500017,21.721919999999997,68.437
32.19429605799996,21.76064,68.312
32.20902144199954,21.83808,68.812
32.22242700999959,21.83808,68.531
32.23611162599991,21.83808,68.375
32.2514178929996,21.83808,68.75
32.264323124999464,21.79936,68.687
32.276827224000044,21.79936,68.437
32.28946867200011,21.76064,68.687
32.30255381400002,21.76064,68.875
32.31569854099962,21.79936,68.781
32.32833870899958,21.83808,68.656
32.34120915599942,21.83808,68.781
32.354022448999785,21.8768,68.656
32.367320077999466,21.91552,68.812
32.379871314999946,21.91552,68.687
32.392785506999644,21.954240000000002,68.812
32.405435978999776,21.954240000000002,68.531
32.417878188999566,21.99296,68.656
32.430323566999505,21.99296,68.593
32.443010039999535,21.99296,68.906
32.45515444800003,21.91552,68.687
32.467337770000086,21.91552,68.656
32.48118875899945,21.83808,68.687
32.49522215399975,21.8768,68.531
32.509633736999604,21.8768,68.468
32.52689420800016,21.954240000000002,68.375
32.54130723099934,21.954240000000002,68.718
32.55469254199943,21.91552,68.375
32.56727152399981,21.954240000000002,68.343
32.58252326099955,21.91552,68.625
32.5952874959994,21.91552,68.656
32.60792443199989,21.8768,68.875
32.620599768999455,21.83808,68.531
32.634179038000184,21.8768,68.531
32.64728901199942,21.8768,68.718
32.660796150999886,21.91552,68.593
32.67394958299974,21.954240000000002,68.875
32.68714042400006,21.99296,68.625
32.70036992199948,21.99296,68.875
32.71254236299956,22.03168,68.75
32.72602556499987,22.03168,68.531
32.73842233300002,22.070400000000003,68.625
32.750856286999806,22.070400000000003,68.843
32.76320505300009,22.03168,68.406
32.77630472300007,21.99296,68.843
32.78853655900002,21.954240000000002,68.687
32.801258872999824,21.83808,68.25
32.815119365999635,21.76064,68.187
32.829213914999855,21.79936,68.281
32.84285411400015,21.79936,68.437
32.859511845999805,21.8768,68.375
32.873450678000154,21.8768,68.687
32.886111326999526,21.91552,68.656
32.899505374,21.91552,68.968
32.91239927700008,21.8768,68.875
32.92682919700019,21.8768,68.593
32.93945915599943,21.79936,68.843
32.953185436999775,21.83808,68.531
32.96581718899961,21.83808,68.531
32.978117793999445,21.8768,68.687
32.99114542999996,21.8768,68.968
33.004406096999446,21.91552,68.781
33.01812210599928,21.954240000000002,68.531
33.03106618699985,21.99296,68.781
33.04323760399984,22.03168,68.593
33.05616843699954,22.03168,68.718
33.06855483699928,22.03168,68.562
33.08091105999938,22.070400000000003,68.718
33.093404950999684,22.070400000000003,68.531
33.105613042000186,21.99296,68.656
33.11776400999952,21.954240000000002,68.406
33.13035246399977,21.8768,68.937
33.14483147299961,21.91552,68.437
33.158946790999835,21.91552,68.343
33.17313830199964,21.954240000000002,68.406
33.18781552499968,21.99296,68.625
33.20078751099936,21.99296,68.406
33.21410382799968,21.99296,68.937
33.228079556999546,22.03168,68.781
33.243512738999925,21.954240000000002,68.593
33.257038118999844,21.954240000000002,68.843
33.26982574700014,21.91552,68.718
33.28256873400005,21.91552,68.5
33.29510348999975,21.954240000000002,68.625
33.30770861699966,21.954240000000002,69.031
33.32054299899937,21.954240000000002,68.812
33.33356730699961,21.99296,68.625
33.34653932499987,22.070400000000003,68.75
33.359120225999504,22.070400000000003,68.5
33.37172909699984,21.954240000000002,68.843
33.38419293999959,21.91552,68.562
33.396612747999825,21.954240000000002,68.687
33.40893882599994,21.954240000000002,68.437
33.42140106899933,21.954240000000002,68.656
33.433594886999344,21.8768,68.437
33.4457456629998,21.8768,68.531
33.45891375100018,21.76064,68.593
33.472649280999576,21.79936,68.687
33.4867361179995,21.79936,68.468
33.50147132599977,21.83808,68.593
33.5159616309993,21.8768,68.312
33.529474689999915,21.8768,68.875
33.543938978999904,21.91552,68.718
33.55772983799943,21.8768,68.718
33.573474325999996,21.83808,68.406
33.58623683299993,21.79936,68.656
33.598933835000025,21.76064,68.968
33.61179976999938,21.76064,68.812
33.624937328999295,21.79936,68.531
33.63788822599963,21.79936,68.812
33.65091000599932,21.83808,68.593
33.663367383999685,21.8768,68.468
33.67613597199943,21.91552,68.656
33.688860205999845,21.91552,69.031
33.70185929699983,21.954240000000002,68.562
33.71454884200011,21.954240000000002,68.812
33.726939625999876,21.99296,68.75
33.73958488199969,21.99296,68.281
33.75302977899992,21.99296,68.562
33.76528779,21.8768,68.843
33.77741139799946,21.83808,68.625
33.79139483899962,21.721919999999997,68.343
33.8056452969995,21.76064,68.312
33.82024744499995,21.76064,68.25
33.83587986600014,21.83808,68.843
33.85027759199966,21.8768,68.593
33.86291167899981,21.8768,68.781
33.87650454899995,21.8768,68.687
33.88949983099974,21.8768,68.625
33.904751856000075,21.83808,68.406
33.917408696000166,21.79936,68.687
33.930067807999876,21.79936,68.781
33.943295961999866,21.79936,68.75
33.95604227700005,21.83808,68.593
33.96898840599988,21.721919999999997,68.656
33.98186154099949,21.721919999999997,68.593
33.99537130399949,21.76064,68.812
34.00820434099933,21.83808,68.593
34.02084674900016,21.83808,68.968
34.03350202099955,21.8768,68.687
34.04634190700017,21.8768,68.468
34.05873883499953,21.91552,68.656
34.071193269000105,21.91552,68.812
34.08415639099985,21.954240000000002,68.656
34.096378946000186,21.83808,68.875
34.1086015639994,21.83808,68.687
34.122602989999905,21.76064,68.406
34.1365365419997,21.79936,68.25
34.15067825999995,21.79936,68.781
34.16623141399941,21.8768,68.437
34.17966674199943,21.91552,68.5
34.19290078499944,21.8768,68.687
34.20666037899991,21.91552,68.687
34.222926034999546,21.8768,68.937
34.23534574799942,21.8768,68.843
34.248427496999284,21.79936,68.562
34.26200574199993,21.79936,68.781
34.27475352900001,21.83808,68.625
34.28842025599988,21.83808,68.437
34.30143317199963,21.83808,69.031
34.31446967099964,21.8768,68.625
34.327338101999885,21.91552,68.781
34.340376585999365,21.954240000000002,68.718
34.35288785400007,21.954240000000002,68.75
34.36538862499947,21.99296,68.687
34.37798904800002,21.99296,68.843
34.39025601999947,21.99296,68.562
34.40291836399956,21.99296,68.812
34.41506174799997,21.91552,68.468
34.42717697199987,21.91552,68.687
34.44023075199948,21.79936,68.625
34.45450959499976,21.83808,68.375
34.46905948599942,21.83808,68.687
34.48343673099953,21.8768,68.687
34.498243942000045,21.91552,68.281
34.510873676999836,21.954240000000002,68.531
34.524109382999995,21.954240000000002,68.687
34.537741709999864,21.954240000000002,68.593
34.55335588999969,21.91552,68.781
34.565975800999695,21.91552,68.75
34.57875510899976,21.721919999999997,68.343
34.59196953399987,21.6832,68.531
34.6049379039996,21.721919999999997,68.625
34.61804560600012,21.76064,68.875
34.631018903999575,21.76064,68.562
34.644517753999935,21.79936,68.562
34.65757358300016,21.83808,68.687
34.670611522999934,21.8768,68.593
34.682717977999346,21.8768,69.031
34.69645257999946,21.8768,68.687
34.709396116999415,21.91552,68.687
34.721954233999895,21.91552,68.375
34.73462118599946,21.91552,68.687
34.746940191999784,21.83808,68.468
34.75928844600003,21.79936,68.312
34.77175078499931,21.721919999999997,68.531
34.78593221599931,21.721919999999997,68.375
34.80071334599961,21.76064,68.625
34.8150369899995,21.79936,68.531
34.83007105499928,21.83808,68.625
34.842984926999634,21.83808,68.968
34.85677412299992,21.83808,68.781
34.87075129200002,21.83808,68.75
34.88683793400014,21.79936,68.468
34.89936939400013,21.79936,68.875
34.91186501299944,21.76064,68.531
34.92469408299985,21.79936,68.968
34.9378288580001,21.79936,68.593
34.95088263799971,21.83808,68.812
34.96385420800016,21.83808,68.781
34.976890131999426,21.8768,68.5
34.99001399400004,21.954240000000002,68.656
35.00257243099986,21.954240000000002,69.093
35.01554227299948,21.954240000000002,68.781
35.02817085599963,21.99296,68.5
35.04056775199933,21.99296,68.781
35.053323252000155,21.99296,68.343
35.065730452000025,21.99296,68.718
35.077961134999896,21.91552,69.125
35.09024788299939,21.8768,68.812
35.10396168399984,21.83808,68.468
35.117471670999294,21.8768,68.375
35.132095707999724,21.8768,68.437
35.148210671000015,21.954240000000002,68.937
35.161485161999735,21.954240000000002,68.5
35.174545470999874,21.83808,68.687
35.187762327999735,21.83808,68.75
35.20364698100002,21.83808,68.5
35.21613079100007,21.79936,68.5
35.228694028000064,21.76064,68.656
35.24182153899983,21.76064,68.906
35.25545271299961,21.76064,68.843
35.268423994999466,21.79936,68.593
35.281057442999554,21.79936,68.781
35.29418626499955,21.83808,68.75
35.3076231619998,21.8768,69.031
35.32049207199998,21.954240000000002,68.718
35.332632384000135,21.954240000000002,68.875
35.345470862000184,21.954240000000002,68.531
35.35781521299941,21.99296,68.75
35.37038564999966,21.99296,68.593
35.38286178099952,21.99296,68.968
35.39565065699935,21.954240000000002,68.593
35.407827225999426,21.91552,68.843
35.42021279399978,21.83808,68.781
35.433840351999606,21.83808,68.343
35.44843049999963,21.83808,68.281
35.462555800999326,21.8768,68.843
35.47820041399973,21.91552,68.562
35.49119304099986,21.91552,68.562
35.50488802499967,21.954240000000002,68.781
35.51852633499948,21.954240000000002,68.687
35.53407625699947,21.91552,68.531
35.54691271899992,21.91552,68.937
35.56013770399932,21.79936,68.625
35.572854641999584,21.83808,68.75
35.58556953199968,21.79936,68.468
35.59850122899934,21.79936,68.531
35.61202744000002,21.83808,68.656
35.625604308999755,21.8768,68.656
35.63856928599944,21.91552,68.875
35.65182921699943,21.91552,68.718
35.6643100199999,21.954240000000002,68.843
35.67691076199935,21.954240000000002,68.531
35.68941201300004,21.99296,68.562
35.70227810799952,21.99296,68.562
35.71464386699972,21.99296,68.812
35.726818099999946,21.91552,68.562
35.73891569099942,21.91552,68.656
35.752862682999876,21.79936,68.625
35.766795210000055,21.76064,68.437
35.7815656519997,21.6832,68.656
35.79554192500018,21.644479999999998,68.687
35.81174200999976,21.721919999999997,68.593
35.82482804799929,21.721919999999997,68.343
35.83853106399965,21.721919999999997,68.437
35.85249744900011,21.76064,68.875
35.86739637399933,21.721919999999997,68.625
35.87955521499953,21.721919999999997,68.875
35.89240319700002,21.6832,68.593
35.90606726799979,21.6832,68.468
35.919188953999765,21.6832,68.718
35.93214983599955,21.721919999999997,69.0
35.9447383859997,21.721919999999997,68.875
35.9587141789998,21.76064,68.593
35.97213712199937,21.79936,68.75
35.98525045699989,21.83808,68.812
35.99802112399993,21.8768,68.468
36.010661739999705,21.91552,68.687
36.023163535000094,21.91552,68.906
36.03611615999944,21.91552,68.687
36.04876413599959,21.954240000000002,68.687
36.060938593000174,21.8768,68.75
36.07328063899968,21.83808,68.187
36.08691709300001,21.79936,68.875
36.10115375799978,21.79936,68.656
36.11576262699964,21.83808,68.687
36.13282629100013,21.8768,68.375
36.14624689899938,21.91552,68.375
36.15889276300004,21.91552,68.656
36.17264346100001,21.91552,69.0
36.186502513999585,21.8768,68.843
36.199125368999375,21.8768,68.625
36.21206685800007,21.83808,68.781
36.22475137899983,21.83808,68.687
36.237671522999335,21.83808,68.937
36.25064306100012,21.8768,68.656
36.26401819500006,21.8768,68.625
36.277722107000045,21.91552,68.812
36.29054599199935,21.954240000000002,68.562
36.3038935099994,21.954240000000002,68.812
36.316198243000144,21.99296,68.687
36.32933608999974,21.99296,68.875
36.34156603700012,22.03168,68.531
36.35397595699942,22.03168,68.687
36.366541049999796,21.99296,68.312
36.37901919700016,21.91552,68.718
36.39119535000009,21.83808,68.593
36.40472252099971,21.76064,68.812
36.41893662499933,21.76064,68.687
36.43418487300005,21.79936,68.593
36.44874247600001,21.83808,68.625
36.463948738999534,21.8768,68.406
36.47704639299991,21.8768,68.875
36.49074550499972,21.8768,68.593
36.50448180300009,21.8768,68.562
36.520769955000105,21.83808,68.562
36.53335296899968,21.83808,68.812
36.54647657499936,21.79936,68.468
36.559865597999305,21.76064,68.812
36.57324319599957,21.79936,68.593
36.58639979599957,21.76064,68.781
36.59883499699936,21.79936,68.75
36.61212587299997,21.83808,68.468
36.62511741099934,21.91552,68.687
36.63823301699995,21.91552,69.062
36.651161065999986,21.954240000000002,68.781
36.6638761159993,21.99296,68.531
36.676456473000144,21.99296,68.75
36.68918883599963,21.99296,68.312
36.70167670999945,21.99296,68.656
36.71418656999958,21.91552,68.687
36.72636483499991,21.91552,68.687
36.74084355499963,21.83808,68.687
36.75518643199939,21.83808,68.281
36.76958630199988,21.79936,68.312
36.78553553099937,21.8768,68.843
36.799098350999884,21.91552,68.5
36.812436043999696,21.954240000000002,68.593
36.826188854000065,21.954240000000002,68.75
36.840800730999945,21.954240000000002,68.718
36.85408799000015,21.91552,68.5
36.86707287199988,21.8768,68.968
36.88004610600001,21.8768,68.656
36.89351676299975,21.8768,68.843
36.9066286569996,21.91552,68.812
36.91977427999973,21.91552,68.625
36.932881566000106,21.954240000000002,68.656
36.945928465999714,21.99296,68.843
36.95885296199958,21.99296,69.062
36.97108911699979,21.91552,68.531
36.984220020000066,21.8768,68.625
36.99675362400012,21.91552,68.437
37.00951584299946,21.91552,68.593
37.02196288499999,21.91552,68.437
37.034588075999636,21.954240000000002,68.937
37.04692999399958,21.83808,68.656
37.059413611999844,21.79936,68.437
37.07369117500002,21.76064,68.593
37.088499568999396,21.79936,68.531
37.10279009199985,21.83808,68.531
37.11891699099942,21.8768,68.468
37.13294804999987,21.8768,68.75
37.14646814800017,21.8768,68.75
37.1607595989999,21.91552,68.656
37.177064071999666,21.83808,68.937
37.18994469500012,21.83808,68.625
37.202472666000176,21.79936,68.5
37.21562977799931,21.83808,68.812
37.22838034899996,21.83808,68.625
37.241406415999336,21.8768,68.687
37.254785133999576,21.8768,68.687
37.26822417499989,21.91552,68.812
37.28155351499936,21.954240000000002,68.875
37.294190130999596,21.954240000000002,68.656
37.3072192059999,21.99296,68.718
37.31978276300015,21.99296,68.468
37.332354256000144,22.03168,68.687
37.34483141100009,22.03168,68.5
37.35733346199959,22.03168,68.937
37.36960052999984,21.954240000000002,68.625
37.3818667659998,21.91552,68.656
37.39623946699976,21.8768,68.5
37.41032543899928,21.8768,68.343
37.42469586799962,21.91552,68.437
37.441102136000154,21.954240000000002,68.687
37.45504954399985,21.954240000000002,68.718
37.46822115199939,21.99296,68.531
37.48175376299969,21.954240000000002,68.687
37.494413258999884,21.954240000000002,68.687
37.50697880000007,21.91552,68.906
37.519749530999434,21.8768,68.625
37.53345392399933,21.8768,68.531
37.54718641299951,21.91552,68.687
37.56126697699983,21.91552,68.656
37.575367798000116,21.79936,68.812
37.58806643099979,21.76064,68.468
37.60062611600006,21.79936,68.468
37.61398745799943,21.83808,68.656
37.62674391699966,21.83808,68.656
37.64016618799997,21.8768,68.875
37.65284763699947,21.8768,68.5
37.665609055999994,21.91552,68.75
37.678039520999846,21.91552,68.375
37.69032543799949,21.91552,68.781
37.70265852400007,21.83808,68.656
37.71492651900007,21.79936,68.906
37.72866396900008,21.76064,68.437
37.74306937499932,21.76064,68.437
37.75730347899935,21.79936,68.437
37.77358190299947,21.83808,68.593
37.78631423399929,21.83808,68.625
37.79911408599946,21.83808,68.875
37.813150424000014,21.83808,68.843
37.82667743499951,21.83808,68.625
37.83911289199932,21.79936,68.781
37.85205079699972,21.76064,68.531
37.864707957000064,21.76064,69.062
37.87781210599951,21.79936,68.687
37.89065925599971,21.79936,68.875
37.90359280899975,21.83808,68.843
37.91726302400002,21.8768,68.625
37.93014018999929,21.91552,68.718
37.943143409000186,21.954240000000002,68.625
37.95532336999986,21.954240000000002,68.968
37.96822690599947,21.954240000000002,68.656
37.98098317299991,21.954240000000002,68.781
37.993590123000104,21.99296,68.5
38.0058166129993,21.99296,68.656
38.01867262699943,21.91552,68.625
38.030774281999584,21.91552,68.843
38.04320913099946,21.83808,68.562
38.05758243999935,21.83808,68.437
38.07248206899931,21.83808,68.25
38.08688907499982,21.91552,68.656
38.102204941999844,21.954240000000002,68.625
38.115885108999464,21.954240000000002,68.593
38.12965113500013,21.954240000000002,68.781
38.14367595400017,21.954240000000002,68.75
38.15942808899945,21.91552,68.531
38.172602192999875,21.79936,68.343
38.185130164999464,21.721919999999997,68.562
38.197987202999684,21.76064,68.843
38.21110092099934,21.76064,68.812
38.224336210999354,21.79936,68.656
38.237142686999505,21.79936,68.718
38.24994478000008,21.83808,68.531
38.263008576000175,21.8768,68.968
38.27548812999976,21.8768,68.781
38.28836964899983,21.91552,68.812
38.30105400999946,21.954240000000002,68.625
38.31349378699997,21.954240000000002,68.718
38.326184483999896,21.954240000000002,68.593
38.33870247199957,21.99296,69.093
38.35079218999999,21.8768,68.718
38.36291477299983,21.8768,68.687
38.37648700099999,21.79936,68.718
38.391060316999756,21.79936,68.562
38.40538008800013,21.83808,68.656
38.42204597999989,21.8768,68.843
38.4362119540001,21.91552,68.812
38.44890197899986,21.91552,68.531
38.4623846049999,21.91552,68.75
38.47551512300015,21.91552,68.687
38.490009267999994,21.8768,69.0
38.503042759999516,21.83808,68.968
38.51583653199941,21.83808,68.625
38.529026348000116,21.83808,68.875
38.5418568569994,21.8768,68.781
38.555447165999794,21.8768,68.593
38.569475247999435,21.91552,68.937
38.58274420299949,21.954240000000002,68.656
38.59605101499983,21.954240000000002,68.906
38.608537129999604,21.954240000000002,68.625
38.62139551200016,21.91552,68.687
38.63376984699971,21.954240000000002,68.593
38.64618632699967,21.954240000000002,68.937
38.65866172099959,21.99296,68.562
38.67103992899956,21.954240000000002,68.968
38.683456312999624,21.91552,68.593
38.695915483000135,21.83808,68.5
38.71028623199982,21.83808,68.593
38.72482143399975,21.83808,68.531
38.73970493399975,21.8768,68.5
38.754928061999635,21.91552,68.75
38.768202520999694,21.954240000000002,68.718
38.78130007799973,21.83808,68.375
38.7946186019999,21.8768,68.593
38.810093641000094,21.83808,68.687
38.82261713299977,21.83808,68.656
38.83601793199978,21.79936,68.812
38.84919046699997,21.79936,68.75
38.86262499499935,21.79936,68.562
38.875630997999906,21.83808,68.718
38.88856983000005,21.83808,68.656
38.9022031479999,21.8768,68.875
38.915818577999744,21.954240000000002,68.843
38.92945010399944,21.91552,68.656
38.94224304399995,21.954240000000002,68.687
38.954955628999414,21.99296,68.937
38.96734529300011,21.99296,68.687
38.980297117999726,21.99296,68.5
38.993499381999754,21.99296,68.906
39.005755569999565,21.91552,68.718
39.01804497400008,21.91552,68.593
39.0317541659997,21.83808,68.625
39.04558963499949,21.83808,68.718
39.05977752999934,21.8768,68.5
39.07647692699993,21.91552,68.75
39.09064498099997,21.954240000000002,68.75
39.10373796299973,21.954240000000002,68.406
39.117500276999635,21.954240000000002,69.0
39.130547975999434,21.91552,68.687
39.14564380399952,21.91552,68.656
39.15846058399984,21.83808,68.875
39.17135394399975,21.83808,68.625
39.18428403999951,21.8768,69.0
39.19740963000004,21.8768,68.687
39.21071829799985,21.8768,68.906
39.22357463199933,21.91552,68.656
39.23665238099966,21.954240000000002,68.687
39.24973400199997,21.954240000000002,68.875
39.261934378999285,21.99296,68.656
39.27483561099962,22.03168,68.593
39.2871066459993,22.03168,68.875
39.29948514199987,22.03168,68.718
39.31201247299941,22.03168,68.5
39.32420641899989,21.99296,68.718
39.33638161199997,21.954240000000002,68.468
39.34866272799991,21.8768,68.687
39.36283241399997,21.8768,68.437
39.377600871999675,21.76064,68.375
39.39159717699931,21.79936,68.312
39.40739907399984,21.83808,68.562
39.421512726999936,21.8768,68.562
39.434648396999364,21.8768,68.875
39.448263059000055,21.8768,68.843
39.464400389999355,21.83808,68.562
39.47711675199935,21.83808,68.625
39.48963083499984,21.79936,68.687
39.50343039800009,21.79936,68.906
39.516320588999406,21.83808,68.968
39.5294877489996,21.83808,68.687
39.54214551699988,21.8768,68.843
39.55519763299981,21.91552,68.718
39.569009099999676,21.954240000000002,68.562
39.58222166899941,21.954240000000002,69.062
39.59570707900002,21.954240000000002,68.593
39.60850200299956,21.954240000000002,68.812
39.62137190500016,21.91552,68.5
39.634174380999866,21.91552,68.718
39.6466481439993,21.954240000000002,68.687
39.6589099949997,21.8768,69.0
39.671125028999995,21.83808,68.468
39.68524210599935,21.721919999999997,68.468
39.699495346999356,21.721919999999997,68.281
39.71474711500014,21.76064,68.562
39.72995628999979,21.83808,68.531
39.74499960399953,21.83808,68.625
39.75807485599944,21.83808,68.812
39.7719282449998,21.83808,68.75
39.785016425999856,21.79936,68.531
39.79823968299934,21.79936,68.687
39.810672771999634,21.79936,69.031
39.823176870999305,21.76064,68.937
39.83652634000009,21.76064,68.656
39.84930100699967,21.79936,68.781
39.86231452999982,21.79936,68.593
39.87517316799949,21.79936,68.5
39.888150177999705,21.83808,68.687
39.90114274000007,21.91552,68.906
39.91396966499997,21.91552,68.937
39.92716194500008,21.954240000000002,68.562
39.93967935599994,21.954240000000002,68.687
39.952221056999406,21.954240000000002,68.5
39.96478570099953,21.99296,68.875
39.97788073099946,21.83808,68.562
39.99035468500006,21.76064,68.812
40.002605912000035,21.76064,68.375
40.016236509999544,21.644479999999998,68.406
40.03019095699983,21.6832,68.531
40.04501359200003,21.6832,68.406
40.05989584500003,21.76064,68.468
40.07393074299944,21.79936,68.75
40.08645545099989,21.79936,68.593
40.09976866299985,21.79936,68.531
40.113183317999756,21.79936,69.062
40.12811821200012,21.79936,68.687
40.141129046999595,21.79936,69.0
40.15369945200018,21.721919999999997,68.843
40.16717666899967,21.76064,68.625
40.18025803399996,21.76064,68.75
40.19332947800012,21.79936,68.718
40.20644201199957,21.79936,68.968
40.21946321499945,21.83808,68.718
40.2320072829998,21.8768,68.843
40.244495637999535,21.8768,68.718
40.25747331899947,21.954240000000002,68.5
40.27000004299953,21.954240000000002,68.625
40.282373418000134,21.954240000000002,68.937
40.295144085000175,21.99296,68.531
40.307522772000084,21.954240000000002,68.968
40.31972826999936,21.91552,68.718
40.3320323629996,21.8768,68.531
40.345989114000076,21.83808,68.625
40.36041276099968,21.83808,68.562
40.3746442089996,21.8768,68.593
40.39055295799972,21.91552,68.531
40.4040434869994,21.91552,68.75
40.41736076300003,21.91552,68.406
40.43088383799932,21.91552,69.062
40.443798124999375,21.91552,68.656
40.45644837300006,21.8768,68.812
40.4691496939995,21.83808,68.562
40.482266164000066,21.83808,68.593
40.49526151000009,21.8768,68.781
40.508991214999696,21.91552,68.75
40.52213581399974,21.91552,69.0
40.53574026699971,21.954240000000002,68.625
40.548714235999796,21.99296,68.656
40.56163706799998,21.99296,68.968
40.574316053000075,22.03168,68.531
40.58720662699943,22.03168,68.562
40.5998369379995,21.954240000000002,68.843
40.6125068020001,21.91552,68.75
40.62505320699984,21.91552,68.5
40.637384052000016,21.91552,68.812
40.649612174999675,21.83808,68.593
40.66191383499972,21.76064,68.937
40.67615206799928,21.76064,68.562
40.69033516299987,21.79936,68.281
40.70492438200017,21.79936,68.406
40.72068083799968,21.8768,68.687
40.734632853999756,21.8768,68.593
40.74800267499995,21.8768,69.031
40.762197354999444,21.91552,68.906
40.77547706199948,21.8768,68.562
40.788126508999994,21.83808,68.75
40.80084517399973,21.79936,68.75
40.81453314999999,21.76064,68.531
40.827305768999395,21.79936,68.687
40.84067405499991,21.83808,68.687
40.85356981399946,21.83808,68.906
40.86703627799943,21.8768,68.781
40.88044955699934,21.91552,68.593
40.893631981,21.91552,68.843
40.90603937299966,21.954240000000002,69.031
40.91873061399929,21.954240000000002,68.687
40.931253177000144,21.99296,68.75
40.943550645999494,21.99296,68.687
40.956158299999515,22.03168,68.5
40.968386646,21.91552,68.687
40.98055879899948,21.91552,68.906
40.99414177899962,21.83808,68.781
41.008461837999675,21.83808,68.687
41.02270890299951,21.83808,68.375
41.0373910849994,21.91552,68.406
41.05263594099961,21.91552,68.656
41.065235530999416,21.954240000000002,68.625
41.07865706599932,21.91552,68.812
41.09154844099976,21.91552,68.843
41.106587881999985,21.8768,68.562
41.11939074200018,21.8768,68.812
41.131866935999824,21.83808,69.031
41.1445752339996,21.8768,69.0
41.15754459499931,21.8768,68.687
41.170183610000095,21.91552,68.906
41.18302464699991,21.79936,68.718
41.196586026999285,21.79936,68.5
41.20969583999977,21.83808,68.687
41.22291173699978,21.8768,68.843
41.23544377300004,21.8768,68.843
41.24799545699989,21.91552,68.593
41.260522276999836,21.91552,68.718
41.27303971999936,21.91552,68.406
41.28565508700012,21.954240000000002,68.625
41.29782704699937,21.83808,68.906
41.309953629999654,21.83808,68.781
41.32348524899953,21.76064,68.562
41.33757528499973,21.76064,68.375
41.352238874999784,21.79936,68.375
41.36716512899966,21.83808,68.875
41.3823856959998,21.8768,68.593
41.39513268199971,21.8768,68.781
41.40882808199967,21.8768,68.781
41.42424459099948,21.8768,68.718
41.43744707899987,21.8768,69.062
41.450312725,21.83808,68.718
41.46273803799977,21.79936,68.75
41.47613166799965,21.83808,68.843
41.48899529799928,21.8768,68.656
41.50218431399935,21.8768,68.781
41.51517268399948,21.91552,68.75
41.52862961199935,21.954240000000002,68.937
41.5416412149998,21.99296,68.687
41.55381132000002,21.99296,68.687
41.56676125600006,22.03168,68.718
41.579532370999914,22.03168,68.375
41.59239526500005,21.99296,68.625
41.604761279999366,21.954240000000002,68.875
41.61743373599984,21.954240000000002,68.906
41.629679394999584,21.8768,68.656
41.64186649199928,21.83808,68.687
41.65642854299949,21.76064,68.593
41.67084972500015,21.79936,68.468
41.68560160499965,21.79936,68.5
41.701266217999546,21.8768,68.75
41.714794987999994,21.8768,68.75
41.72821892399952,21.8768,68.5
41.741827088999344,21.91552,68.562
41.75769945199954,21.8768,68.687
41.770702029999484,21.8768,68.687
41.78384336399995,21.721919999999997,68.718
41.79660689499997,21.6832,68.468
41.80960515300012,21.6832,68.5
41.82269605399961,21.721919999999997,68.687
41.83597960099996,21.721919999999997,69.0
41.84920621799938,21.76064,68.843
41.862739788999534,21.83808,68.625
41.875977830999545,21.8768,68.937
41.88816675199996,21.8768,68.812
41.90152447699984,21.91552,69.093
41.914025727999615,21.91552,68.562
41.92633250800009,21.954240000000002,68.812
41.938633336999374,21.954240000000002,68.625
41.95088501200007,21.8768,68.75
41.963079788999494,21.8768,68.531
41.97534061599981,21.79936,68.531
41.98901687899979,21.79936,68.625
42.00365387599959,21.79936,68.437
42.018532319999395,21.83808,68.5
42.034143426999435,21.8768,68.718
42.047162133999336,21.8768,68.687
42.06117277500016,21.91552,68.968
42.07490359999974,21.91552,69.031
42.09018516099968,21.8768,68.937
42.102621258,21.8768,68.687
42.11488672499945,21.79936,68.781
42.128205377000086,21.83808,68.593
42.14155231799941,21.83808,69.0
42.154844280999896,21.8768,68.718
42.16769869499967,21.8768,68.906
42.1808102039995,21.91552,68.812
42.19398661200012,21.99296,68.656
42.20685308999964,21.99296,68.906
42.21996325500004,22.03168,68.687
42.23286752700005,22.03168,68.875
42.24571435599955,22.03168,68.625
42.258333497999956,22.03168,68.718
42.270790971999304,22.03168,68.718
42.28309736799929,21.954240000000002,68.875
42.29552456900001,21.91552,68.656
42.3097059669999,21.8768,68.468
42.3246877749998,21.91552,68.718
42.33902863499952,21.91552,68.437
42.355002120999416,21.954240000000002,68.687
42.368578284999785,21.99296,68.625
42.38200186799986,21.8768,68.843
42.39525315799983,21.8768,68.531
42.41116222599976,21.83808,68.562
42.4236870929999,21.79936,68.781
42.4365070419999,21.76064,68.781
42.449996418999945,21.76064,69.125
42.46362378499998,21.79936,69.031
42.47713658700013,21.79936,68.625
42.4898249150001,21.79936,68.843
42.5036046059995,21.8768,68.812
42.51686226399943,21.91552,68.656
42.529911050999544,21.91552,68.75
42.54223968899987,21.954240000000002,68.937
42.55528825199963,21.954240000000002,68.906
42.56771068499984,21.99296,68.562
42.579751921000025,21.99296,68.656
42.591196978999506,21.954240000000002,68.406
42.60317005399975,21.91552,68.687
42.615071285999875,21.79936,68.937
42.62698455000009,21.76064,68.5
42.64113743599955,21.6832,68.406
42.65475500899993,21.721919999999997,68.625
42.66818576100013,21.721919999999997,68.593
42.68361116599954,21.79936,68.968
42.69622109200009,21.83808,68.593
42.708147636999456,21.83808,68.875
42.72135550099938,21.83808,68.843
42.73317721100011,21.83808,68.656
42.746641243999875,21.79936,68.781
42.75834298100017,21.79936,68.968
42.77048562900018,21.76064,68.937
42.78428464799981,21.76064,68.687
42.79721035900002,21.76064,68.875
42.80940347299929,21.76064,68.687
42.82199208600014,21.79936,68.781
42.835077290999834,21.83808,68.593
42.84650410799986,21.8768,69.0
42.85909230499965,21.91552,68.75
42.87104585899942,21.954240000000002,68.937
42.88411653499952,21.954240000000002,68.687
42.896179372000006,21.954240000000002,68.718
42.90840871099954,21.99296,68.437
42.92052697300005,21.99296,68.656
42.9326852690001,21.91552,68.906
42.94462519099943,21.91552,68.625
42.956651931000124,21.83808,68.625
42.97024719899946,21.83808,68.687
42.984106412000074,21.721919999999997,68.5
42.997634349999316,21.721919999999997,68.75
43.011410039999646,21.76064,68.593
43.02346410900009,21.79936,68.812
43.03584705199955,21.79936,68.75
43.04994303999956,21.79936,68.5
43.06517627899939,21.79936,68.562
43.077968706999854,21.76064,68.687
43.09126550200017,21.76064,68.687
43.10419879799974,21.721919999999997,68.875
43.11705362700013,21.76064,68.687
43.13002138899992,21.76064,68.593
43.14361131299938,21.79936,68.718
43.15655849699942,21.79936,69.031
43.169437167999604,21.83808,69.0
43.18235593499958,21.91552,68.75
43.19486313800007,21.91552,68.968
43.20785137999974,21.91552,68.593
43.22053676399992,21.954240000000002,68.75
43.23287404099938,21.954240000000002,69.093
43.24530936999963,21.954240000000002,68.781
43.257640791000085,21.954240000000002,68.687
43.26987339399966,21.8768,68.937
43.28242386199963,21.83808,68.5
43.29644455200014,21.79936,68.437
43.31111175699971,21.79936,68.781
43.3256187019997,21.83808,68.812
43.34157202699953,21.8768,68.562
43.355212192999716,21.91552,68.562
43.368779077,21.91552,68.75
43.38312233599936,21.91552,68.781
43.39635176899992,21.91552,69.0
43.40993766199972,21.8768,68.687
43.4225411869993,21.83808,68.656
43.436005315999864,21.83808,68.781
43.44906581599935,21.8768,68.781
43.462340594000125,21.8768,69.0
43.47560378900016,21.91552,68.781
43.48855804499999,21.954240000000002,68.687
43.501772021999386,21.99296,68.781
43.514561408999725,21.99296,68.812
43.5275585469999,22.03168,68.75
43.540348190999794,22.03168,68.687
43.55295405299967,22.03168,69.062
43.56551821699941,22.070400000000003,68.593
43.57831026099939,22.070400000000003,68.875
43.59093778799979,21.8768,68.437
43.60375930400005,21.83808,68.375
43.61615130300015,21.721919999999997,68.656
43.63054374799958,21.76064,68.5
43.6454581299995,21.76064,68.437
43.660816780999994,21.83808,68.437
43.67618803999994,21.83808,68.718
43.689633639999556,21.8768,68.687
43.70360856800016,21.8768,68.906
43.71695435699985,21.8768,68.906
43.73261663299945,21.83808,68.687
43.74558336999962,21.83808,68.656
43.75879574699957,21.76064,68.812
43.77239171899964,21.79936,68.687
43.78608871899996,21.83808,68.968
43.799988828000096,21.83808,68.906
43.81367929999942,21.8768,68.562
43.82693782199931,21.8768,68.812
43.840240376999645,21.91552,68.781
43.85266684099952,21.954240000000002,69.062
43.865791278999495,21.954240000000002,68.687
43.87826603299982,21.99296,68.812
43.890874710999924,21.99296,68.75
43.903859783999906,21.99296,68.531
43.91641508399971,21.954240000000002,68.656
43.92862566999975,21.91552,69.031
43.94105373399998,21.83808,68.937
43.95544361900011,21.83808,68.75
43.970628248999674,21.83808,68.406
43.985255580999365,21.8768,68.437
44.0005925989999,21.91552,69.031
44.01403880699945,21.91552,68.656
44.02826974299933,21.954240000000002,68.937
44.041864083999826,21.954240000000002,68.906
44.05700122399958,21.8768,68.656
44.06866459199955,21.8768,68.781
44.08080871199945,21.83808,68.687
44.093483472000116,21.8768,69.062
44.10497518699958,21.8768,68.687
44.11819796399959,21.91552,68.937
44.13074881600005,21.91552,68.687
44.14297460199941,21.954240000000002,68.812
44.15550919799989,21.954240000000002,68.75
44.16860140999961,21.99296,69.125
44.181057667999994,22.03168,68.656
44.19289572999969,21.91552,68.718
44.205330705999586,21.91552,68.562
44.21741156000007,21.91552,68.687
44.229669923000074,21.91552,68.437
44.24186293999992,21.91552,68.718
44.25396817799992,21.83808,69.062
44.26608410500012,21.79936,68.875
44.279027320999376,21.721919999999997,68.5
44.292477432999476,21.76064,68.593
44.30509222299952,21.79936,68.625
44.31958815899998,21.83808,68.843
44.33190588399975,21.8768,68.656
44.344462111999746,21.8768,68.625
44.35733073399933,21.91552,68.843
44.37006463199941,21.8768,68.75
44.38439387499966,21.83808,68.593
44.39661118099957,21.83808,68.812
44.40869152199957,21.79936,69.031
44.42115312399983,21.83808,68.687
44.433585795999534,21.83808,68.906
44.44595369799936,21.8768,68.75
44.45842390799953,21.8768,68.781
44.47074713699931,21.91552,68.812
44.483339749999686,21.954240000000002,69.0
44.496111505000044,21.954240000000002,68.812
44.50848779199987,21.99296,68.968
44.52064051999969,22.03168,68.656
44.53290310699958,22.03168,68.687
44.5449118939996,22.03168,69.0
44.55722929900003,22.03168,68.687
44.569220325999595,21.954240000000002,69.0
44.58126472999993,21.954240000000002,68.843
44.5942957569996,21.8768,68.593
44.608265820999804,21.8768,68.687
44.62089401999947,21.83808,68.531
44.63336557299954,21.79936,68.843
44.64878521799983,21.8768,68.75
44.6611791689993,21.8768,68.593
44.673499038000045,21.91552,68.843
44.68663112400009,21.91552,68.531
44.69921768999939,21.91552,68.781
44.71139269000014,21.8768,69.031
44.723368451999704,21.8768,69.0
44.73533282199969,21.79936,68.75
44.74775067799965,21.83808,68.812
44.75943881500007,21.83808,68.625
44.77217076099987,21.8768,68.875
44.784361025999715,21.83808,69.062
44.79728075299954,21.79936,68.906
44.81033629299964,21.79936,68.593
44.82288100099959,21.83808,68.843
44.83513629199933,21.83808,68.687
44.84735289299988,21.8768,68.75
44.85994688299979,21.8768,69.0
44.87218857300013,21.8768,68.687
44.88440943099977,21.91552,68.75
44.89641060199938,21.91552,68.656
44.90841647700017,21.83808,68.812
44.92040363199976,21.79936,68.75
44.93436108700007,21.76064,68.937
44.94770332400003,21.76064,68.75
44.95986158699998,21.79936,68.5
44.973525882000104,21.83808,68.75
44.986934327999734,21.83808,68.781
44.999554686999545,21.8768,68.593
45.0126026099997,21.8768,68.687
45.02538774099958,21.8768,68.937
45.03746286600017,21.83808,68.656
45.04990289899979,21.83808,68.875
45.061865636999755,21.79936,68.906
45.07448407499942,21.79936,68.625
45.0869430519997,21.83808,68.75
45.09950334399946,21.83808,69.093
45.11167200899945,21.83808,68.718
45.12469730700013,21.8768,68.875
45.13720070199997,21.91552,68.906
45.150135597999906,21.954240000000002,68.843
45.16214508899975,21.99296,68.843
45.174787271999776,21.99296,69.031
45.18686540499948,21.99296,68.687
45.19895230699967,22.03168,68.843
45.211161995999646,22.03168,68.625
45.22356202799983,21.954240000000002,68.781
45.23563318499964,21.954240000000002,68.718
45.247561170000154,21.8768,69.062
45.26069907999954,21.8768,68.593
45.27418544899956,21.8768,68.531
45.28754157399999,21.91552,68.781
45.30139742599931,21.954240000000002,68.5
45.31418546899931,21.99296,68.593
45.32664310200016,21.99296,68.687
45.339769715999864,21.99296,68.937
45.35298004499964,21.954240000000002,68.937
45.367327271999784,21.954240000000002,68.656
45.379854730999796,21.8768,68.781
45.390991203999874,21.79936,68.593
45.404207227999905,21.76064,69.0
45.41713895599969,21.76064,68.687
45.429881686000044,21.79936,69.031
45.44233573499969,21.79936,68.718
45.45495766099975,21.83808,68.843
45.46735132399954,21.8768,68.781
45.48031991700009,21.8768,69.218
45.492673034999825,21.91552,68.687
45.504865027999585,21.954240000000002,68.906
45.51727344399933,21.954240000000002,68.593
45.52925640600006,21.954240000000002,68.781
45.54155038599947,21.99296,68.593
45.553908463999505,21.91552,68.75
45.56584448099966,21.8768,69.0
45.578582250999716,21.79936,68.875
45.59168771199984,21.83808,68.5
45.605491594999876,21.79936,68.375
45.619328118999874,21.76064,68.437
45.63460724699962,21.79936,68.531
45.64736005699979,21.83808,68.937
45.659956638999574,21.83808,68.687
45.672933935999936,21.83808,68.687
45.68667202500001,21.83808,68.781
45.69899275699936,21.79936,68.531
45.71132811499956,21.79936,68.812
45.723590669999794,21.76064,68.968
45.736467867999636,21.79936,68.906
45.74891324500004,21.79936,68.687
45.76125944999967,21.83808,68.875
45.7739915559996,21.8768,68.625
45.78686590599955,21.91552,69.093
45.79979523299971,21.8768,69.031
45.8109771469999,21.8768,69.125
45.82356588799939,21.91552,68.625
45.835667669999566,21.954240000000002,68.781
45.84788823999952,21.954240000000002,68.625
45.86008304899951,21.954240000000002,68.625
45.87243350999961,21.954240000000002,69.031
45.88456985399989,21.8768,68.687
45.89666894699985,21.8768,68.406
45.91046671799995,21.76064,68.718
45.92242228699979,21.79936,68.5
45.93557805399996,21.79936,68.875
45.94940606499949,21.83808,68.593
45.96350662899931,21.8768,68.843
45.97629777699967,21.8768,68.812
45.988988760999746,21.79936,68.593
46.0025853090001,21.76064,68.5
46.01872590399944,21.76064,68.625
46.030750915999306,21.721919999999997,69.0
46.043451628000184,21.6832,68.906
46.05578599299952,21.6832,68.718
46.068615606000094,21.721919999999997,68.875
46.08143177799957,21.721919999999997,68.656
46.09429700799956,21.76064,69.156
46.10680965099982,21.79936,68.843
46.11943032899944,21.83808,69.0
46.13196018799954,21.8768,68.718
46.14393012599976,21.8768,69.0
46.15629037999952,21.91552,68.593
46.16840422599944,21.954240000000002,68.718
46.180480055999396,21.954240000000002,69.125
46.19250989899956,21.954240000000002,68.687
46.20478029500009,21.99296,69.062
46.21678136999981,21.8768,68.906
46.22881854199932,21.8768,68.562
46.24288905699996,21.79936,68.687
46.25509535399942,21.79936,68.843
46.26836913999978,21.83808,68.875
46.28328080099982,21.8768,68.843
46.29656921199967,21.91552,68.5
46.30948125899977,21.8768,68.75
46.321313880999696,21.91552,68.562
46.33387126099933,21.91552,69.062
46.34867094999936,21.8768,68.687
46.36083750199941,21.8768,68.937
46.37296277299993,21.79936,68.656
46.38594118999936,21.83808,68.656
46.39854500399997,21.83808,68.781
46.41172889900008,21.8768,69.093
46.42413347399997,21.8768,68.843
46.436804553999536,21.91552,68.937
46.44926567499988,21.954240000000002,68.906
46.46185953699933,21.954240000000002,68.812
46.47415764499965,21.99296,68.75
46.48633571699975,21.99296,69.125
46.49860351999996,22.03168,68.625
46.51054539300003,22.03168,68.875
46.52285313399989,22.03168,68.687
46.53479462299947,21.954240000000002,68.875
46.546737551999286,21.954240000000002,68.531
46.55921464199946,21.8768,69.125
46.57259988699934,21.8768,68.687
46.58627227799934,21.8768,68.437
46.60048298899983,21.79936,68.75
46.615184499999486,21.83808,68.625
46.62813408399961,21.79936,68.5
46.640703751999354,21.83808,68.656
46.653797532999306,21.83808,68.968
46.668758443000115,21.83808,68.937
46.680817695999394,21.79936,68.593
46.69332576299985,21.79936,68.781
46.70565046399952,21.76064,68.812
46.71872094799983,21.76064,69.093
46.73093732500001,21.79936,68.718
46.74354833899997,21.83808,69.0
46.75590235299933,21.83808,68.687
46.76859218499976,21.8768,68.656
46.78150733599978,21.91552,68.75
46.79411406100007,21.91552,69.25
46.80668971399973,21.954240000000002,68.687
46.81881120900016,21.91552,68.937
46.83133172399994,21.91552,68.843
46.843714825999996,21.954240000000002,68.5
46.855977956999595,21.954240000000002,68.718
46.86831587399956,21.8768,68.562
46.88108138899952,21.8768,68.625
46.89453466899977,21.76064,68.687
46.90740572199957,21.79936,68.75
46.92056177699942,21.79936,68.437
46.934478270999534,21.83808,68.562
46.94743307099998,21.8768,68.625
46.96001614799934,21.91552,69.031
46.97288761799973,21.91552,68.906
46.98587947499982,21.91552,68.687
46.99842319099935,21.91552,68.75
47.012404774999595,21.8768,68.656
47.02493936999963,21.83808,69.125
47.03765701099928,21.83808,68.718
47.050278200999855,21.83808,69.062
47.06285990200013,21.8768,68.687
47.075528805999966,21.8768,68.937
47.08835368200016,21.91552,68.875
47.101409252999474,21.954240000000002,68.593
47.11398276199998,21.99296,68.843
47.12597638099942,21.99296,69.062
47.13849004699932,22.03168,68.687
47.15058261299964,22.03168,68.875
47.162949138999466,22.03168,68.718
47.17512935600007,22.03168,68.593
47.187346116999834,22.03168,68.781
47.19932648699978,21.954240000000002,69.062
47.211361930999374,21.91552,68.687
47.22474468099972,21.8768,68.562
47.23830625199935,21.91552,68.718
47.251536740999654,21.91552,68.718
47.26648958699934,21.954240000000002,68.937
47.2795625029994,21.99296,68.781
47.292102026000066,21.99296,68.687
47.305193215000145,21.99296,68.968
47.31706567799938,21.99296,68.625
47.33162827199976,21.99296,68.781
47.34381296799984,21.954240000000002,68.75
47.356667700999424,21.8768,69.0
47.36938396599999,21.91552,68.687
47.38239662399974,21.91552,68.843
47.39448944600008,21.954240000000002,68.75
47.406963559999895,21.954240000000002,68.937
47.4192916209995,21.99296,68.781
47.43190525799946,22.03168,69.031
47.444189701999676,22.03168,68.906
47.45673076200001,22.070400000000003,68.906
47.46892208200006,22.070400000000003,68.687
47.480971799000145,22.070400000000003,68.75
47.4930080109998,22.070400000000003,69.093
47.50534851999964,22.109119999999997,68.781
47.517240598999706,21.99296,68.906
47.52924317799989,21.99296,68.687
47.54299179499958,21.8768,68.625
47.556303151000066,21.91552,68.687
47.56854999299958,21.91552,68.593
47.582230256,21.954240000000002,68.593
47.59752295199996,21.99296,68.781
47.611439829999654,21.99296,68.656
47.623370342999806,21.954240000000002,68.593
47.636216275999686,21.954240000000002,68.718
47.650097504999394,21.954240000000002,69.062
47.662463742999535,21.91552,68.687
47.67501181099942,21.8768,68.718
47.68787918399994,21.8768,68.937
47.70042046799972,21.91552,68.718
47.71322870399945,21.91552,68.968
47.725933031999375,21.91552,69.187
47.73838852100016,21.99296,69.062
47.75139378699987,21.99296,68.75
47.76385583599949,22.03168,68.968
47.77579172500009,22.03168,68.687
47.78814922699985,22.070400000000003,68.781
47.800389956999425,22.070400000000003,68.562
47.811682049999945,22.070400000000003,68.781
47.8235687209999,22.03168,68.906
47.835899693999636,22.070400000000003,68.687
47.8479544339998,21.954240000000002,68.843
47.85988075499972,21.954240000000002,68.687
47.87300602399955,21.8768,68.562
47.88646867999978,21.8768,68.781
47.900539579,21.91552,68.593
47.91622246299994,21.954240000000002,68.593
47.92924689799929,21.99296,68.875
47.94160718399962,21.99296,68.625
47.9540155349996,21.99296,69.156
47.96707344199967,21.99296,68.812
47.9824991989999,21.954240000000002,68.781
47.99495196799944,21.954240000000002,68.906
48.007413569000164,21.91552,68.687
48.02020670000002,21.91552,68.875
48.03189877299974,21.91552,68.687
48.045555834999504,21.954240000000002,69.156
48.05879867600015,21.954240000000002,68.687
48.072208242999295,21.99296,68.937
48.08524986199973,22.070400000000003,68.937
48.09772723900005,22.070400000000003,68.781
48.11076162599966,22.070400000000003,68.812
48.1233707829997,22.109119999999997,69.093
48.13596435599993,22.109119999999997,68.875
48.148766096000145,22.109119999999997,68.656
48.16110055699937,22.109119999999997,69.0
48.17330941399996,22.03168,68.687
48.185622115000115,21.99296,69.093
48.19978447199992,21.954240000000002,68.656
48.21404766500018,21.954240000000002,68.531
48.229180387999804,21.99296,68.625
48.24525768500007,22.03168,68.625
48.259352712999316,22.03168,68.812
48.272238326999286,22.03168,69.093
48.28618794199974,22.070400000000003,69.031
48.30209748899961,21.99296,68.968
48.31487161199948,21.99296,68.687
48.32715490299961,21.954240000000002,68.875
48.34053154100002,21.954240000000002,68.781
48.35404120600015,21.954240000000002,69.125
48.3671645229997,21.99296,68.812
48.38000178399943,21.99296,69.031
48.39309031599987,22.03168,68.906
48.40605202899951,22.070400000000003,68.687
48.4188147269997,22.070400000000003,69.0
48.432013439,22.109119999999997,68.718
48.44471021499976,22.109119999999997,68.968
48.45711232599933,22.109119999999997,68.718
48.469504100999984,22.14784,68.812
48.48241838800004,22.14784,68.687
48.494670830999894,22.03168,68.906
48.5069006169997,22.03168,68.718
48.52121849899959,21.954240000000002,68.562
48.53547145099947,21.99296,68.812
48.549504780999996,21.99296,68.718
48.56629841999984,22.03168,68.687
48.5802345940001,22.03168,69.125
48.59320635499989,22.070400000000003,69.031
48.60793916199964,22.070400000000003,68.875
48.62265238500004,21.99296,68.656
48.63557073599986,21.954240000000002,68.812
48.649174868000046,21.8768,68.75
48.661924541999724,21.8768,69.125
48.67477863499971,21.91552,68.75
48.687946561999524,21.91552,68.75
48.70087310599956,21.91552,68.937
48.71393661299953,21.99296,68.781
48.72705855499953,21.99296,68.687
48.7397841639995,22.03168,68.875
48.75205065499995,22.03168,69.156
48.76559452899983,22.070400000000003,68.718
48.77802604899989,22.070400000000003,68.875
48.7903719979995,22.070400000000003,68.781
48.80293276999964,22.070400000000003,68.593
48.81516047599962,22.03168,68.687
48.82727278599941,21.954240000000002,68.906
48.83961323099993,21.8768,68.687
48.85400929199932,21.8768,68.5
48.86853441299991,21.8768,68.375
48.883847078000144,21.91552,68.5
48.89948909699979,21.954240000000002,68.687
48.91316935899977,21.954240000000002,68.656
48.926906455999415,21.954240000000002,68.812
48.94085296599951,21.954240000000002,68.812
48.95599948200015,21.91552,68.781
48.968891912999425,21.91552,69.187
48.98119312499966,21.8768,68.781
48.99418383000011,21.8768,69.031
49.00713120599994,21.91552,68.906
49.02051981099976,21.91552,68.687
49.033272652999585,21.954240000000002,68.906
49.046583975999965,21.99296,68.875
49.06028654399961,22.03168,69.093
49.07297471199945,22.03168,68.875
49.086040842999864,22.070400000000003,68.656
49.09859687900007,22.070400000000003,68.812
49.11107982500016,22.070400000000003,68.625
49.12344903899975,22.070400000000003,68.687
49.135825132999344,22.070400000000003,69.156
49.14818689099957,21.99296,68.812
49.16187899399938,21.91552,68.406
