t_s,power_w,temp_c
0.0005191200007175212,14.712,61.187
0.018036793000646867,14.672768,61.156
0.03131043600023986,14.633536,61.281
0.04401737500029412,14.594304,61.031
0.057438350000666105,14.555072000000001,61.25
0.06992067400005908,14.476608,61.218
0.0822769780006638,14.476608,61.562
0.09451100600017526,14.476608,61.218
0.10652333100006217,14.476608,61.531
0.1185303770007522,14.476608,61.187
0.13135523900018597,14.476608,61.406
0.14499794900075358,14.476608,61.406
0.15700707399992098,14.51584,61.687
0.16899767100039753,14.51584,61.375
0.18100260500068543,14.555072000000001,61.718
0.19297454500065214,14.555072000000001,61.375
0.20500955900024564,14.594304,61.562
0.217010909000237,14.633536,61.375
0.22899744100050157,14.672768,61.406
0.24103088800075056,14.672768,61.625
0.25301201199999923,14.712,61.25
0.26500766500066675,14.751232,61.625
0.2770347750001747,14.712,61.312
0.2890505889999986,14.672768,61.406
0.302406443000109,14.672768,61.312
0.3158300100003544,14.712,61.656
0.32812701600050787,14.751232,61.343
0.3414054600007148,14.790464,61.593
0.35374560300078883,14.790464,61.468
0.36581818600006955,14.790464,61.312
0.3782688290002625,14.751232,61.406
0.39055114700022386,14.751232,61.718
0.4027498140003445,14.751232,61.406
0.41478511600053025,14.751232,61.656
0.4269169970002622,14.790464,61.375
0.4389176740005496,14.790464,61.531
0.4509149270006674,14.829696,61.375
0.4629146450006374,14.829696,61.5
0.475146849000339,14.829696,61.843
0.4875582900003792,14.868928,61.625
0.49988131300051464,14.90816,61.375
0.5121477900001992,14.90816,61.5
0.5241441470006976,14.90816,61.312
0.53609928700007,14.868928,61.375
0.5483309470000677,14.868928,61.687
0.5607690770002591,14.868928,61.343
0.5733259950002321,14.90816,61.531
0.586628663000738,14.947392,61.468
0.6001684580005531,14.962176,61.343
0.6126541730000099,14.962176,61.437
0.6242306780004583,14.90816,61.718
0.6355981520000569,14.90816,61.281
0.6477162730006967,14.868928,61.531
0.6599232920007125,14.868928,61.562
0.6734451350002928,14.90816,61.312
0.6854539080004542,14.90816,61.5
0.6974714180005321,14.90816,61.812
0.7094401260001177,14.90816,61.406
0.7214821810002832,14.947392,61.687
0.7334461210002701,14.947392,61.375
0.745427149000534,14.947392,61.531
0.7574198900001647,14.986623999999999,61.312
0.7696050849999665,14.962176,61.5
0.7815895379999347,15.001344,61.656
0.7935672379999232,14.962176,61.406
0.8055437220000385,14.962176,61.5
0.8176406270004009,14.947392,61.437
0.8310624980003922,14.962176,61.218
0.8445476030001373,15.001344,61.406
0.8577047310000125,15.001344,61.437
0.8710566800000379,15.040512000000001,61.625
0.8832177780004713,15.001344,61.343
0.8952939139999216,15.001344,61.625
0.9073726410006202,14.986623999999999,61.343
0.9194911459999275,14.986623999999999,61.906
0.9337992200007648,14.986623999999999,61.406
0.9462780870007919,15.025856,61.718
0.9583590870006446,15.001344,61.406
0.9706348120007533,15.001344,61.562
0.9826439380003649,15.001344,61.375
0.9946522630007166,15.040512000000001,61.5
1.006691341000078,15.040512000000001,61.843
1.018680594000216,15.040512000000001,61.437
1.030667447000269,15.07968,61.75
1.0426244430000224,15.118848,61.406
1.0545817270003681,15.040512000000001,61.562
1.066654918000495,15.040512000000001,61.25
1.0786988280005971,15.001344,61.687
1.091913878000014,15.040512000000001,61.312
1.1053416370004925,15.07968,61.562
1.1173417710006106,15.118848,61.5
1.130546740000682,15.118848,61.312
1.1426877730000342,15.07968,61.468
1.154747395999948,15.07968,61.75
1.1668546360006076,15.040512000000001,61.406
1.1788801140000942,15.040512000000001,61.718
1.194044501999997,15.040512000000001,61.531
1.206040347000453,15.040512000000001,61.375
1.2180258870002945,15.040512000000001,61.5
1.2298582390003503,14.962176,61.781
1.2414123430007749,15.001344,61.437
1.2534051480006383,15.001344,61.687
1.2653471680005168,15.001344,61.375
1.277330756000083,15.040512000000001,61.531
1.2892667599999186,15.040512000000001,61.312
1.3012283640000533,15.07968,61.406
1.3131797270007155,15.07968,61.843
1.3252307740003744,15.040512000000001,61.406
1.337191418000657,15.040512000000001,61.593
1.3497194710007534,15.001344,61.5
1.3633727410006031,15.040512000000001,61.187
1.3765692300003138,15.07968,61.406
1.3889403180000954,15.118848,61.875
1.4018659190005565,15.118848,61.437
1.4139216060002582,15.07968,61.437
1.4260993120005878,15.07968,61.593
1.4382239610004035,15.040512000000001,61.343
1.4505691610002032,15.040512000000001,61.531
1.4641521570001714,15.040512000000001,61.875
1.4765178370007561,15.040512000000001,61.468
1.4887628090000362,15.040512000000001,61.843
1.500230990000091,15.07968,61.406
1.5124577540000246,15.118848,61.375
1.525145812000119,15.118848,61.687
1.5368881450003755,15.158016,61.312
1.5494425350007077,15.158016,61.5
1.5617611410007157,15.158016,61.781
1.5740306269999564,15.197184,61.406
1.586239950000163,15.118848,61.656
1.5985554200005936,15.158016,61.5
1.6134100380004384,15.07968,61.281
1.6264078650001466,15.118848,61.718
1.6390092640003786,15.158016,61.437
1.651322495000386,15.197184,61.656
1.6637805930004106,15.158016,61.375
1.6754702210000687,15.158016,61.625
1.6877901400002884,15.118848,61.281
1.6998744030006492,15.118848,61.531
1.713606940000318,15.118848,61.406
1.7258083910001005,15.118848,61.718
1.7378017080000063,15.118848,61.343
1.7498022570007379,15.118848,61.562
1.7618029340001158,15.118848,61.375
1.773830908000491,15.158016,61.531
1.785861986000782,15.118848,61.875
1.7978717200003302,15.158016,61.406
1.8098546360006367,15.158016,61.625
1.821910547000698,15.158016,61.281
1.8341891200007012,15.118848,61.562
1.8462988250003036,15.07968,61.281
1.8582870860000185,15.07968,61.375
1.8705641870001273,15.040512000000001,61.375
1.883835653999995,15.040512000000001,61.5
1.8971943550004653,15.07968,61.562
1.910919116000514,15.118848,61.281
1.9244486060006238,15.07968,61.406
1.936871632000475,15.118848,61.781
1.9491480610004146,15.07968,61.437
1.961279910000485,15.040512000000001,61.406
1.974027266000121,15.040512000000001,61.531
1.988262601000315,15.07968,61.375
1.9998422740000024,15.07968,61.531
2.011956906000705,15.07968,61.875
2.0239741920004235,15.07968,61.468
2.035936244000368,15.118848,61.687
2.047867414999928,15.118848,61.406
2.059835131,15.118848,61.593
2.0718694730003335,15.158016,61.406
2.0838181810004244,15.158016,61.406
2.0958170660005635,15.158016,61.718
2.1077995340001507,15.118848,61.75
2.119780083000478,15.118848,61.218
2.1331798420005725,15.07968,61.531
2.1465202070003215,15.07968,61.375
2.1600587220000307,15.118848,61.906
2.173648566000338,15.158016,61.75
2.187054820999947,15.118848,61.468
2.1992109910006548,15.118848,61.687
2.211257365000165,15.07968,61.406
2.223365341000317,15.07968,61.593
2.2354590450004252,15.07968,61.312
2.2491438690003633,15.07968,61.406
2.261178211000697,15.07968,61.812
2.2731664070006445,15.07968,61.781
2.285165773000699,15.07968,61.406
2.2971719540000777,15.118848,61.593
2.3091532380003628,15.118848,61.406
2.3213283850000153,15.118848,61.437
2.3332641960005276,15.158016,61.718
2.345243080000728,15.158016,61.437
2.3572152770002504,15.158016,61.625
2.3691892650003865,15.118848,61.406
2.381176726000376,15.118848,61.343
2.3950275380002495,15.07968,61.437
2.408092503000262,15.07968,61.75
2.4213400970002112,15.07968,61.406
2.4341181090003374,15.040512000000001,61.406
2.4475176440000723,15.001344,61.5
2.4596607890007363,15.001344,61.312
2.4718018860003212,15.001344,61.468
2.4839585360005003,15.001344,61.875
2.4960967850001907,14.962176,61.656
2.5098371940002835,15.001344,61.437
2.5220729820002816,15.001344,61.562
2.53408684400074,15.001344,61.343
2.546068608000496,15.001344,61.531
2.558052005000718,15.040512000000001,61.843
2.5701354360007826,15.040512000000001,61.406
2.582080560000577,15.040512000000001,61.718
2.594034355000076,15.07968,61.375
2.606064601000071,15.07968,61.531
2.618026877000375,15.118848,61.281
2.6300072330004696,15.07968,61.531
2.641978053999992,15.040512000000001,61.75
2.6540316919999896,15.040512000000001,61.375
2.666474718000245,15.040512000000001,61.312
2.6796951440001067,15.07968,61.437
2.6931140070000765,15.07968,61.281
2.706248989999949,15.07968,61.562
2.7184686489999876,15.07968,61.437
2.7307407590005823,15.07968,61.718
2.742750492000596,15.040512000000001,61.375
2.7547862420005913,15.001344,61.656
2.7690146009999808,15.001344,61.312
2.781033582999953,15.040512000000001,61.5
2.793020436000006,15.040512000000001,61.812
2.804997432000164,15.040512000000001,61.437
2.8169811800007665,15.040512000000001,61.718
2.8289725770000587,15.07968,61.625
2.8410627290004413,15.040512000000001,61.375
2.8530465730000287,15.07968,61.5
2.8650193140001647,15.118848,61.843
2.8770101660002183,15.118848,61.375
2.8890116760003366,15.118848,61.593
2.9010167690003072,15.07968,61.312
2.9130012530004024,15.07968,61.406
2.9271350180006266,15.040512000000001,61.406
2.940238000000136,15.07968,61.75
2.953548284000135,15.118848,61.437
2.966800838000381,15.118848,61.406
2.9790712510002777,15.118848,61.593
2.9912181400004556,15.118848,61.375
3.0037103520007804,15.07968,61.468
3.0160581430000093,15.040512000000001,61.937
3.0278672950007604,15.001344,61.343
3.039537018000374,14.962176,61.656
3.0515593919999446,15.001344,61.406
3.063562885000465,15.001344,61.625
3.0755653860005623,15.001344,61.343
3.0875723670005755,15.040512000000001,61.5
3.0995363070005624,15.040512000000001,61.875
3.1115123429999585,15.040512000000001,61.5
3.12361951999992,15.07968,61.687
3.135598052000205,15.07968,61.406
3.1475824730005115,15.118848,61.593
3.1595454530006464,15.07968,61.312
3.171695254000042,15.040512000000001,61.656
3.1837863660002768,15.040512000000001,61.375
3.1971077540001716,15.040512000000001,61.625
3.210365812999953,15.07968,61.625
3.223768195000048,15.118848,61.312
3.2371182890001364,15.118848,61.437
3.24920261600073,15.118848,61.875
3.2613736980001704,15.07968,61.406
3.2735536770005638,15.040512000000001,61.687
3.2856801490006546,15.040512000000001,61.593
3.3004729100002805,15.040512000000001,61.312
3.312653304000378,15.040512000000001,61.562
3.3246379490001345,15.040512000000001,61.906
3.3365705280002658,15.040512000000001,61.437
3.3485163550003563,15.07968,61.843
3.3604707590002363,15.07968,61.437
3.3724871160002294,15.118848,61.593
3.3844269910005096,15.118848,61.375
3.3963921470003697,15.118848,61.562
3.4083789680007612,15.158016,61.531
3.4204414390005695,15.118848,61.781
3.43243715600056,15.118848,61.312
3.444894390000627,15.040512000000001,61.531
3.457920090000698,15.07968,61.218
3.471254919000785,15.118848,61.25
3.484493552999993,15.118848,61.406
3.497935136000706,15.118848,61.75
3.509984839000026,15.118848,61.468
3.522057326000322,15.07968,61.625
3.534091508000529,15.07968,61.375
3.5462619180007096,15.040512000000001,61.281
3.5596947020003427,15.07968,61.468
3.5717112830006954,15.07968,61.843
3.58369026300079,15.07968,61.406
3.5956990690001476,15.07968,61.718
3.6076817610000944,15.118848,61.406
3.6197873690007327,15.118848,61.5
3.631310432000646,15.040512000000001,61.312
3.6433307900006184,15.040512000000001,61.406
3.655367628000022,15.07968,61.656
3.6673461600003066,15.07968,61.25
3.679331573000127,15.07968,61.656
3.6913358340007107,15.040512000000001,61.25
3.70332246199996,15.040512000000001,61.125
3.7180682130001514,15.040512000000001,61.375
3.7314329620003264,15.040512000000001,61.312
3.7445732250007495,15.07968,61.625
3.756616944000598,15.118848,61.343
3.7687755770002695,15.07968,61.468
3.780769246000091,15.07968,61.406
3.792969801000254,15.040512000000001,61.406
3.8050128150007367,15.040512000000001,61.812
3.817427553000016,15.001344,61.406
3.8296760450002694,15.040512000000001,61.593
3.841644081000595,15.040512000000001,61.406
3.8536443100001634,15.040512000000001,61.593
3.8655971770003816,15.040512000000001,61.5
3.8775716140007717,15.07968,61.843
3.889543010000125,15.07968,61.531
3.90161044100023,15.07968,61.593
3.913579117000154,15.07968,61.343
3.9255548970004384,15.118848,61.5
3.9375216530006583,15.118848,61.281
3.949490073000561,15.07968,61.468
3.9614471650002088,15.07968,61.562
3.975301785000738,15.001344,61.531
3.988854892000745,15.040512000000001,61.281
4.002265819000058,15.07968,61.531
4.015739308000775,15.118848,61.531
4.028694700999949,15.118848,61.812
4.040802485000313,15.07968,61.5
4.052874332000101,15.07968,61.625
4.0651772580004035,15.040512000000001,61.375
4.077540474000671,15.040512000000001,61.562
4.089643650000653,15.040512000000001,61.343
4.101593094000236,15.040512000000001,61.468
4.113606475000779,15.040512000000001,61.843
4.125614416000644,15.040512000000001,61.75
4.137697752000349,15.07968,61.406
4.149625243000628,15.07968,61.75
4.161587454000255,15.07968,61.375
4.173547394000707,15.118848,61.531
4.185543367000719,15.118848,61.843
4.197635855000044,15.118848,61.406
4.2095859380006,15.07968,61.625
4.221639801000492,15.07968,61.25
4.233239858000161,15.001344,61.468
4.2465804470002695,15.001344,61.343
4.2601969160004955,15.040512000000001,61.75
4.273778920000041,15.07968,61.437
4.287051315000099,15.040512000000001,61.687
4.299250877000304,15.040512000000001,61.562
4.31140653500006,15.040512000000001,61.312
4.323558193000281,15.001344,61.5
4.3357266830007575,15.001344,61.843
4.350639830000546,15.001344,61.781
4.362612058000195,15.001344,61.375
4.374607775000186,15.001344,61.656
4.3865524820002975,15.001344,61.343
4.398507685999903,15.040512000000001,61.562
4.410459914000057,15.07968,61.906
4.422439949999898,15.07968,61.468
4.434410738000224,15.07968,61.687
4.446422646999963,15.118848,61.406
4.458403932000692,15.118848,61.562
4.470576806000281,15.07968,61.312
4.48250109700075,15.040512000000001,61.406
4.4944892290004645,15.040512000000001,61.812
4.506527667000228,15.07968,61.375
4.519729724000172,15.07968,61.406
4.533124202000181,15.118848,61.562
4.546409973000664,15.118848,61.375
4.558465020000767,15.118848,61.468
4.570611396999993,15.07968,61.906
4.582630827000685,15.040512000000001,61.687
4.594744083000478,15.040512000000001,61.406
4.6095005860006495,15.040512000000001,61.562
4.621493487000407,15.040512000000001,61.406
4.633446706000541,15.040512000000001,61.437
4.645441367000785,15.040512000000001,61.906
4.6574062030003915,15.07968,61.406
4.6694102720002775,15.07968,61.718
4.681384708000223,15.07968,61.656
4.693367079999916,15.118848,61.406
4.705337899999904,15.118848,61.5
4.717448852000416,15.158016,61.281
4.729419031999896,15.118848,61.437
4.741402973000731,15.07968,61.625
4.753400898000109,15.07968,61.343
4.765963319000548,15.07968,61.531
4.779177312000684,15.118848,61.437
4.792447403000551,15.158016,61.187
4.805819929000791,15.158016,61.468
4.817864479000491,15.158016,61.687
4.830056522000632,15.07968,61.406
4.8423664880001525,15.040512000000001,61.593
4.854481504000432,15.001344,61.437
4.869559073000346,15.001344,61.281
4.881553412999892,15.001344,61.437
4.893480839999938,15.001344,61.781
4.905425259000367,15.001344,61.437
4.917414640000061,15.001344,61.656
4.929420181000751,15.040512000000001,61.406
4.94140360900019,15.040512000000001,61.656
4.9534009260005405,15.040512000000001,61.406
4.965394179000214,15.07968,61.718
4.977421289000631,15.07968,61.343
4.989429709999968,15.118848,61.625
5.0014017780004,15.040512000000001,61.281
5.013420631000372,15.040512000000001,61.375
5.026628672000697,15.040512000000001,61.187
5.039741221999975,15.07968,61.687
5.053021841000373,15.118848,61.406
5.066523619000691,15.118848,61.656
5.079172635000759,15.07968,61.531
5.091288995000468,15.07968,61.375
5.103442413000266,15.07968,61.437
5.11550283500037,15.040512000000001,61.812
5.128010342999914,15.040512000000001,61.437
5.140130128000237,15.040512000000001,61.656
5.1521130119999725,15.040512000000001,61.312
5.1640820400007215,15.07968,61.593
5.176091453000481,15.040512000000001,61.343
5.188093602000663,15.07968,61.5
5.200084295000124,15.07968,61.843
5.212051339000027,15.07968,61.406
5.2240269910007555,15.118848,61.562
5.23604670900022,15.118848,61.281
5.248003192000397,15.158016,61.531
5.259937467000782,15.07968,61.375
5.271938816000329,15.07968,61.656
5.28570354600015,15.040512000000001,61.343
5.299055271000725,15.07968,61.25
5.312506487000064,15.07968,61.5
5.325885541000389,15.118848,61.25
5.339010123000662,15.118848,61.562
5.35110267500022,15.118848,61.875
5.363137592999919,15.07968,61.687
5.375214016000427,15.040512000000001,61.343
5.387229380999997,15.040512000000001,61.625
5.401003839000623,15.040512000000001,61.25
5.413086502000624,15.07968,61.437
5.425181710000288,15.040512000000001,61.843
5.436546079999971,14.962176,61.406
5.448644168000101,15.001344,61.562
5.460599691000425,15.001344,61.375
5.47257227099999,15.001344,61.625
5.4845439549999355,15.040512000000001,61.312
5.496528728000158,15.07968,61.406
5.508469403000163,15.07968,61.781
5.520991663000132,15.07968,61.625
5.533047158000045,15.040512000000001,61.281
5.545053787000143,15.001344,61.5
5.558455113000491,15.040512000000001,61.218
5.57225331600057,15.07968,61.156
5.585485069000242,15.07968,61.406
5.597648919000676,15.118848,61.593
5.609912707000149,15.07968,61.375
5.622146159000295,15.07968,61.562
5.634231383000042,15.040512000000001,61.406
5.64631718200053,15.040512000000001,61.437
5.65840438900068,15.040512000000001,61.843
5.670277030000761,15.040512000000001,61.468
5.682270219000202,15.040512000000001,61.718
5.694266127999981,15.040512000000001,61.625
5.706554621000578,15.07968,61.312
5.718540194000525,15.07968,61.5
5.730539974000749,15.07968,61.937
5.74255070000072,15.118848,61.5
5.754597650000505,15.118848,61.656
5.7666394800007765,15.158016,61.406
5.778669566000644,15.158016,61.625
5.790687171000172,15.07968,61.312
5.802792459000557,15.07968,61.312
5.816815404000408,15.07968,61.437
5.830309277000197,15.07968,61.625
5.843591304000256,15.118848,61.656
5.856908916000066,15.118848,61.312
5.869168576999982,15.118848,61.468
5.881242376000046,15.118848,61.312
5.893284589999894,15.07968,61.437
5.905405045999942,15.040512000000001,61.687
5.91757539199989,15.040512000000001,61.375
5.929631655000776,15.040512000000001,61.625
5.941607819000637,15.07968,61.343
5.9536027359999935,15.07968,61.468
5.9655785479999395,15.07968,61.875
5.9775462960005825,15.07968,61.468
5.989538652000192,15.07968,61.812
6.0016324520001945,15.118848,61.593
6.013623400000142,15.118848,61.531
6.025622765000662,15.158016,61.406
6.03800761399998,15.07968,61.218
6.050097029000426,15.040512000000001,61.437
6.061851107000621,15.040512000000001,61.593
6.07399802800046,15.001344,61.406
6.086286425000253,15.040512000000001,61.5
6.0999194710002484,15.07968,61.406
6.113184569000623,15.07968,61.187
6.126512773000286,15.07968,61.406
6.138716592000492,15.07968,61.656
6.150892762000694,15.07968,61.406
6.163035748000766,15.040512000000001,61.593
6.1752559510005085,15.001344,61.593
6.19018004300051,15.001344,61.25
6.202279218000513,15.001344,61.5
6.214274679000482,15.040512000000001,61.843
6.226441921000514,15.040512000000001,61.687
6.238429669000652,15.07968,61.406
6.250444171000709,15.07968,61.562
6.26243313500072,15.07968,61.375
6.2744598290000795,15.07968,61.406
6.286461018000409,15.118848,61.75
6.298425534000671,15.158016,61.375
6.310410210000555,15.118848,61.656
6.322441256000275,15.07968,61.187
6.334573969000303,15.040512000000001,61.5
6.347865372000342,15.07968,61.375
6.361191528000745,15.118848,61.718
6.3738099190004505,15.118848,61.406
6.387276336000468,15.118848,61.656
6.399381367999922,15.118848,61.312
6.411417022000023,15.07968,61.625
6.423579303000224,15.040512000000001,61.406
6.4356594380005845,15.040512000000001,61.781
6.449335429000712,15.040512000000001,61.375
6.4614053559998865,15.07968,61.656
6.473389936000785,15.07968,61.437
6.485348660000454,15.07968,61.625
6.497326231999978,15.07968,61.406
6.5092791630004285,15.118848,61.531
6.521386275000623,15.118848,61.812
6.5333936080005515,15.118848,61.406
6.545386861000225,15.158016,61.687
6.557416018999902,15.197184,61.468
6.569540090999908,15.118848,61.312
6.581650691000505,15.118848,61.312
6.593681929000013,15.07968,61.718
6.606972276000306,15.118848,61.281
6.620379427000444,15.158016,61.312
6.633896597000785,15.118848,61.406
6.646153601000151,15.07968,61.218
6.658311082000182,15.07968,61.406
6.670556727000076,15.07968,61.843
6.682667167000545,15.040512000000001,61.375
6.694821800000682,15.001344,61.343
6.708222902000671,15.040512000000001,61.531
6.720309278000059,15.040512000000001,61.343
6.732291778000217,15.040512000000001,61.5
6.744263526000395,15.040512000000001,61.781
6.756272107000768,15.040512000000001,61.406
6.768237711000438,15.07968,61.75
6.780190385999958,15.07968,61.406
6.792125685000428,15.118848,61.562
6.804087801000605,15.118848,61.343
6.816064317000382,15.118848,61.468
6.828036609000264,15.158016,61.875
6.839979012000185,15.07968,61.437
6.851935399000467,15.07968,61.5
6.864245813000707,15.07968,61.281
6.876760649000062,15.118848,61.25
6.890161496000474,15.118848,61.437
6.903585031000148,15.158016,61.406
6.91653261600004,15.118848,61.75
6.928574829999889,15.118848,61.375
6.940722647000257,15.07968,61.5
6.9527606690007815,15.040512000000001,61.343
6.966542359000414,15.040512000000001,61.531
6.978863109000486,15.040512000000001,61.875
6.990799720000723,15.040512000000001,61.375
7.0027411950004534,15.040512000000001,61.718
7.014744624000741,15.07968,61.593
7.026771125000778,15.07968,61.375
7.038759898000535,15.07968,61.531
7.050729917999888,15.118848,61.906
7.062698241000362,15.118848,61.406
7.074719527000525,15.158016,61.687
7.086719020000601,15.158016,61.406
7.098970519999966,15.118848,61.5
7.110971228999915,15.118848,61.218
7.125354888000402,15.07968,61.75
7.137938622000547,15.118848,61.375
7.1512465060004615,15.118848,61.625
7.163345138000295,15.158016,61.625
7.176506393000636,15.158016,61.312
7.188610945000619,15.158016,61.562
7.200698088000536,15.118848,61.25
7.213033175000419,15.07968,61.406
7.225227266000729,15.07968,61.343
7.240758351000295,15.001344,61.593
7.252793333000227,14.962176,61.343
7.26432692400067,15.001344,61.437
7.2763314730000275,15.001344,61.281
7.28835893500036,15.001344,61.406
7.300354235000668,15.040512000000001,61.718
7.31231347100038,15.040512000000001,61.406
7.324339428000712,15.07968,61.593
7.336322889000257,15.07968,61.343
7.348312845000692,15.118848,61.437
7.360274417000255,15.07968,61.875
7.372237780999967,15.040512000000001,61.406
7.3841813680001,15.040512000000001,61.531
7.397418625000682,15.040512000000001,61.437
7.409554346000732,15.07968,61.156
7.4226233110002795,15.07968,61.375
7.435907226000381,15.07968,61.312
7.448115397000038,15.07968,61.718
7.460161227000754,15.07968,61.437
7.472251506000248,15.040512000000001,61.593
7.484394555000108,15.001344,61.281
7.496598661999997,15.001344,61.531
7.508579626000028,15.040512000000001,61.281
7.520668337000643,15.040512000000001,61.437
7.532579955000074,15.040512000000001,61.75
7.544525238999995,15.040512000000001,61.406
7.556489498000701,15.07968,61.656
7.568483679000565,15.07968,61.375
7.5805836859999545,15.118848,61.406
7.59261076400071,15.118848,61.25
7.604577072000211,15.158016,61.406
7.616606229000354,15.158016,61.687
7.628584312999919,15.118848,61.375
7.64051071600079,15.118848,61.437
7.653076881000743,15.07968,61.406
7.666533921000337,15.118848,61.218
7.6796898319998945,15.158016,61.781
7.692933170000288,15.158016,61.343
7.7060206950000065,15.158016,61.562
7.7181239350002215,15.118848,61.343
7.730376619000708,15.118848,61.562
7.742465619000541,15.07968,61.281
7.754555674000585,15.07968,61.812
7.768824578000022,15.07968,61.406
7.780785734000347,15.07968,61.531
7.792763114000081,15.07968,61.406
7.804684268000528,15.07968,61.562
7.816603566000595,15.118848,61.343
7.8286591250007405,15.118848,61.406
7.840292367000075,15.040512000000001,61.781
7.852335477000452,15.07968,61.406
7.864326296999934,15.07968,61.625
7.876338910000413,15.118848,61.343
7.888315458000761,15.07968,61.468
7.900313574999927,15.040512000000001,61.187
7.912292555000022,15.001344,61.687
7.925649336000788,15.040512000000001,61.281
7.9388969300007375,15.07968,61.531
7.952180588999909,15.118848,61.468
7.965279570000348,15.118848,61.281
7.977415835000102,15.07968,61.468
7.989513506000549,15.07968,61.75
8.001710925000225,15.040512000000001,61.375
8.013890391000132,15.001344,61.281
8.02877652999996,15.040512000000001,61.531
8.0407135559999,15.040512000000001,61.312
8.052686200000608,15.040512000000001,61.5
8.064653596000426,15.040512000000001,61.843
8.076745443000618,15.07968,61.437
8.088759977000336,15.07968,61.75
8.100720684000407,15.07968,61.437
8.112567628000761,15.118848,61.593
8.124597906000417,15.118848,61.25
8.136572822000744,15.158016,61.468
8.148527801000455,15.118848,61.718
8.160485661000166,15.118848,61.375
8.172496898000645,15.07968,61.281
8.18598427500001,15.07968,61.375
8.199284318000537,15.118848,61.156
8.21283230500012,15.158016,61.843
8.226268512000388,15.118848,61.437
8.238540973000454,15.118848,61.625
8.250624404000519,15.07968,61.343
8.262655834000725,15.07968,61.531
8.274765826000475,15.040512000000001,61.437
8.289652060000662,15.040512000000001,61.281
8.301638433000335,15.040512000000001,61.406
8.313617093000175,15.07968,61.718
8.325583753000501,15.07968,61.406
8.337516107000738,15.07968,61.562
8.349446030000763,15.118848,61.406
8.361432178000541,15.118848,61.593
8.373431863000405,15.118848,61.843
8.385402715000055,15.158016,61.406
8.39738470300017,15.158016,61.625
8.409326530000726,15.118848,61.343
8.421353383000678,15.118848,61.468
8.433701429999928,15.040512000000001,61.343
8.447585235000588,15.001344,61.718
8.460239627000192,15.001344,61.312
8.472419477000585,15.040512000000001,61.343
8.485754369999995,15.07968,61.562
8.498114161000558,15.040512000000001,61.343
8.51032450799994,15.040512000000001,61.5
8.522431396000684,15.001344,61.218
8.53451761100041,15.001344,61.781
8.549104061000435,15.001344,61.375
8.561142146000748,15.001344,61.656
8.573161736000657,15.001344,61.343
8.585167627999908,15.001344,61.562
8.597175793000133,15.040512000000001,61.312
8.60918651800057,15.040512000000001,61.406
8.621225628000502,15.040512000000001,61.843
8.6331968960003,15.07968,61.375
8.645200421000482,15.07968,61.562
8.65717159199994,15.118848,61.281
8.669367602999955,15.118848,61.531
8.681339991000641,15.040512000000001,61.875
8.69342191800024,15.07968,61.625
8.706950864000646,15.040512000000001,61.281
8.7205665649999,15.07968,61.218
8.733812782000314,15.07968,61.5
8.747052024000368,15.07968,61.281
8.759323844000392,15.07968,61.406
8.77155025600041,15.07968,61.812
8.783710073000293,15.040512000000001,61.343
8.795730431000266,15.001344,61.687
8.807738178999898,15.001344,61.406
8.819806154000617,15.001344,61.468
8.831771277999906,15.040512000000001,61.468
8.843736464999893,15.040512000000001,61.843
8.85573007000039,15.040512000000001,61.406
8.867741050999939,15.07968,61.562
8.880000519000532,15.07968,61.375
8.891993996000565,15.07968,61.531
8.90392654200059,15.118848,61.156
8.915872241000216,15.118848,61.375
8.927819668000666,15.118848,61.718
8.939768567000101,15.07968,61.375
8.951813437000055,15.07968,61.468
8.964515031000701,15.040512000000001,61.406
8.977736128000288,15.07968,61.218
8.99110081300023,15.118848,61.468
9.004473499000596,15.118848,61.343
9.017289975000494,15.118848,61.656
9.029417920000014,15.118848,61.406
9.041000952000104,15.040512000000001,61.437
9.053070399000717,15.001344,61.281
9.067025470000772,14.962176,61.406
9.079186855000444,14.962176,61.75
9.091152491000685,14.962176,61.406
9.103158767999957,15.001344,61.5
9.115125043000262,15.001344,61.375
9.127191258000494,15.001344,61.5
9.138965848000225,15.040512000000001,61.468
9.151041375000204,15.040512000000001,61.812
9.163148167000145,15.07968,61.375
9.175237134000781,15.07968,61.562
9.18749237800057,15.118848,61.312
9.19953049600008,15.07968,61.5
9.211557061000349,15.040512000000001,61.187
9.223560074000488,15.040512000000001,61.312
9.237257569000576,15.040512000000001,61.312
9.250705745000232,15.07968,61.531
9.263940986000307,15.07968,61.343
9.277106594000543,15.07968,61.312
9.289246954000191,15.07968,61.437
9.301319857000635,15.07968,61.75
9.313428697000745,15.040512000000001,61.343
9.325526272999923,15.001344,61.687
9.339874379000321,15.001344,61.343
9.351861775000543,15.001344,61.531
9.363823827000488,15.040512000000001,61.437
9.375900058000298,15.040512000000001,61.875
9.387841020999986,15.040512000000001,61.406
9.39978396800052,15.07968,61.75
9.411773636000362,15.07968,61.281
9.42375818400069,15.118848,61.468
9.43576759700045,15.118848,61.218
9.447768177999933,15.158016,61.437
9.459751702000176,15.07968,61.812
9.47177493900017,15.07968,61.218
9.48400711100021,15.040512000000001,61.593
9.497474007000164,15.07968,61.406
9.509832518000621,15.118848,61.343
9.523508156999924,15.158016,61.406
9.536963948000448,15.118848,61.75
9.549052820000725,15.118848,61.75
9.561164348000602,15.118848,61.375
9.573426792000646,15.07968,61.625
9.58562267400066,15.040512000000001,61.343
9.60022205200039,15.07968,61.468
9.612214729000698,15.07968,61.468
9.624180876000537,15.07968,61.781
9.636123439000585,15.040512000000001,61.375
9.648353722000138,15.040512000000001,61.5
9.660153753000486,15.040512000000001,61.375
9.672140541000772,15.040512000000001,61.5
9.684099777000483,15.07968,61.25
9.696050051999919,15.07968,61.406
9.708050887999889,15.118848,61.625
9.720172657000148,15.118848,61.375
9.732122356000218,15.040512000000001,61.531
9.743512294000539,15.07968,61.156
9.756471014999988,15.040512000000001,61.406
9.76989999000034,15.07968,61.375
9.78195254000002,15.118848,61.718
9.795253672000399,15.158016,61.375
9.808409359000507,15.118848,61.625
9.820594617000097,15.118848,61.343
9.832615230000556,15.07968,61.531
9.844725574000222,15.07968,61.406
9.858043698000074,15.07968,61.75
9.869491174000359,15.07968,61.437
9.8816947360001,15.07968,61.531
9.893793688000187,15.07968,61.406
9.905831005999971,15.07968,61.562
9.917845155000578,15.118848,61.281
9.92985450300057,15.118848,61.468
9.941858412000329,15.118848,61.656
9.95383844800017,15.118848,61.218
9.965821396000138,15.158016,61.562
9.977805656000783,15.158016,61.281
9.989430833999904,15.118848,61.437
10.001432790000763,15.118848,61.312
10.015684670000155,15.040512000000001,61.625
10.02902116200039,15.07968,61.437
10.042646911000702,15.118848,61.187
10.056034605000605,15.158016,61.5
10.06884746600008,15.118848,61.406
10.081105334000313,15.118848,61.843
10.093246143000215,15.07968,61.343
10.105348646000493,15.040512000000001,61.625
10.117437646000326,15.040512000000001,61.375
10.130895902000702,15.040512000000001,61.531
10.142874626000776,15.040512000000001,61.281
10.155155438000293,15.07968,61.468
10.167500989000473,15.07968,61.781
10.17958128400005,15.118848,61.593
10.191599273000065,15.07968,61.406
10.203597870000522,15.118848,61.562
10.215596851000555,15.118848,61.281
10.227580791000037,15.158016,61.406
10.239670462000504,15.07968,61.656
10.251781126000424,15.040512000000001,61.343
10.26378394600033,15.001344,61.5
10.27580744000079,15.001344,61.187
10.288774801000727,15.001344,61.406
10.302025691000381,15.040512000000001,61.375
10.315482315000736,15.07968,61.75
10.32891247400039,15.040512000000001,61.375
10.34103619400048,15.040512000000001,61.562
10.353171882999959,15.040512000000001,61.593
10.365271858000597,15.001344,61.187
10.377375097999902,15.001344,61.406
10.3915398070003,15.001344,61.781
10.403563556000336,15.001344,61.406
10.415576680999948,15.001344,61.656
10.42784082200069,15.001344,61.625
10.439880539000114,15.040512000000001,61.343
10.451832766000734,15.040512000000001,61.531
10.463792962000298,15.040512000000001,61.875
10.475778662000266,15.07968,61.406
10.487706728000376,15.07968,61.656
10.499679819999983,15.118848,61.406
10.51160932700077,15.07968,61.5
10.523656884000047,15.040512000000001,61.25
10.535771484000179,15.040512000000001,61.375
10.548062218000268,15.040512000000001,61.656
10.561371445000077,15.07968,61.531
10.574520220000522,15.07968,61.343
10.587836710999909,15.07968,61.468
10.59990062199995,15.07968,61.312
10.611937683000178,15.07968,61.437
10.623926455999936,15.040512000000001,61.843
10.635947357000077,15.001344,61.625
10.650819639000474,15.040512000000001,61.281
10.66279301800023,15.040512000000001,61.562
10.67474457300068,15.040512000000001,61.312
10.686695584000518,15.040512000000001,61.5
10.698671588000252,15.040512000000001,61.781
10.710656904000643,15.07968,61.281
10.722675085000446,15.07968,61.656
10.73473400400053,15.07968,61.375
10.74672412000018,15.118848,61.531
10.758713756000361,15.118848,61.437
10.7710670510005,15.07968,61.187
10.78310929700001,15.07968,61.343
10.795110806000594,15.040512000000001,61.593
10.807611049000116,15.07968,61.25
10.820101371999954,15.118848,61.468
10.83346525700017,15.118848,61.406
10.846476396000071,15.07968,61.156
10.858583603000625,15.040512000000001,61.406
10.87091072200019,15.040512000000001,61.687
10.883047882000028,15.040512000000001,61.281
10.895091280000088,15.001344,61.5
10.909546973000033,15.001344,61.468
10.921643749000395,15.001344,61.25
10.933698347000245,15.001344,61.437
10.945793970000523,15.001344,61.75
10.957776854000258,15.040512000000001,61.468
10.96989375800058,15.040512000000001,61.562
10.981866017999891,15.040512000000001,61.281
10.993871815000603,15.07968,61.5
11.00583357800042,15.07968,61.218
11.01789425700008,15.07968,61.406
11.029859795999982,15.118848,61.718
11.04182181500073,15.07968,61.343
11.053785787000379,15.040512000000001,61.125
11.06737547100056,15.001344,61.406
11.080894144000013,15.040512000000001,61.093
11.094213035999928,15.07968,61.656
11.107348434000414,15.07968,61.406
11.119636127000376,15.118848,61.593
11.131870283000353,15.07968,61.312
11.14403659600066,15.040512000000001,61.468
11.156077145999916,15.040512000000001,61.25
11.168274980000206,15.040512000000001,61.781
11.182238594999944,15.040512000000001,61.375
11.194307818000198,15.040512000000001,61.562
11.206291310000779,15.040512000000001,61.375
11.218292595000094,15.040512000000001,61.531
11.230323927999962,15.07968,61.25
11.242293500000414,15.07968,61.437
11.254229533999933,15.07968,61.781
11.266202466000323,15.118848,61.375
11.278169765000712,15.118848,61.5
11.290523444999963,15.118848,61.281
11.302681789999951,15.07968,61.406
11.314728100000139,15.07968,61.312
11.328740420000031,15.001344,61.593
11.341238390999933,15.040512000000001,61.531
11.354580868000085,15.07968,61.343
11.366873489000682,15.118848,61.5
11.379522825000095,15.118848,61.343
11.391720595000152,15.118848,61.437
11.40374780000002,15.07968,61.75
11.415891393000493,15.040512000000001,61.343
11.428010729000562,15.040512000000001,61.343
11.441082830000596,15.001344,61.5
11.453281688000061,15.001344,61.25
11.465340413999911,14.962176,61.406
11.47735049900075,14.962176,61.781
11.489474155000607,15.001344,61.375
11.501446543000384,15.001344,61.625
11.513439571000163,15.001344,61.375
11.525434168000174,15.040512000000001,61.5
11.537583296000776,15.040512000000001,61.25
11.54955744400013,15.07968,61.312
11.561512582999967,15.07968,61.75
11.573483595000653,15.001344,61.312
11.585435374000554,15.040512000000001,61.218
11.599360780000097,15.001344,61.406
11.612411054999939,15.040512000000001,61.218
11.626094885999919,15.07968,61.156
11.639274253000622,15.07968,61.312
11.651459735000572,15.07968,61.593
11.663577727000302,15.040512000000001,61.343
11.67565712600026,15.001344,61.406
11.687843792000422,15.001344,61.25
11.700099676000718,15.001344,61.406
11.712128064999888,15.001344,61.843
11.724216968000292,15.001344,61.406
11.736164651000763,15.001344,61.718
11.748102414000641,15.040512000000001,61.375
11.76003902499997,15.040512000000001,61.343
11.772144728000058,15.040512000000001,61.531
11.784100059000593,15.07968,61.843
11.796057919000305,15.07968,61.406
11.80796563200056,15.07968,61.562
11.820177354999942,15.118848,61.343
11.832158287000311,15.040512000000001,61.468
11.844087793000654,15.07968,61.187
11.857213207000314,15.040512000000001,61.312
11.870473505000518,15.07968,61.343
11.883272828999907,15.118848,61.656
11.896356066000408,15.118848,61.281
11.908992345000115,15.118848,61.468
11.921218211999985,15.07968,61.312
11.933339981000245,15.07968,61.406
11.945460277000166,15.040512000000001,61.406
11.957609470000534,15.040512000000001,61.656
11.969669764000173,15.040512000000001,61.312
11.9816577040001,15.07968,61.562
11.993635243999961,15.040512000000001,61.343
12.00563057599993,15.07968,61.437
12.017748312000549,15.07968,61.75
12.029832255000656,15.07968,61.406
12.041873381000187,15.040512000000001,61.625
12.053090674000487,15.07968,61.218
12.065105495000353,15.040512000000001,61.468
12.077147708000666,15.07968,61.218
12.089175138000428,15.040512000000001,61.406
12.101280552999924,15.001344,61.593
12.113282254000296,15.001344,61.187
12.126597593000042,15.001344,61.281
12.139751392000107,15.040512000000001,61.406
12.153098381000746,15.07968,61.187
12.165157075000025,15.07968,61.406
12.177331324000079,15.07968,61.812
12.18936195400056,15.07968,61.406
12.201466825000352,15.040512000000001,61.312
12.213924442999996,15.001344,61.531
12.226132518000668,15.001344,61.25
12.238318224000068,15.001344,61.468
12.2503359250004,15.040512000000001,61.812
12.262418524000168,15.040512000000001,61.406
12.274489187000654,15.040512000000001,61.593
12.286504519000118,15.07968,61.406
12.298510732000068,15.07968,61.562
12.310496400000375,15.07968,61.218
12.322559991000162,15.118848,61.406
12.334527001999959,15.118848,61.718
12.346525630000542,15.118848,61.406
12.358512034000341,15.07968,61.593
12.37060026600011,15.07968,61.437
12.384626410000237,15.040512000000001,61.218
12.398000824000519,15.07968,61.156
12.411139550000371,15.118848,61.343
12.42442602400024,15.118848,61.625
12.436554097000226,15.07968,61.312
12.448594645999947,15.07968,61.5
12.460948900999938,15.040512000000001,61.187
12.473180721000062,15.040512000000001,61.406
12.485252567000316,15.040512000000001,61.843
12.4972399950002,15.040512000000001,61.593
12.509342594999907,15.040512000000001,61.343
12.521334663000744,15.040512000000001,61.562
12.533301514000414,15.040512000000001,61.343
12.545240973000546,15.07968,61.437
12.557216881000386,15.07968,61.343
12.569232021000062,15.07968,61.437
12.58154080300028,15.118848,61.625
12.59365764300037,15.118848,61.343
12.605634191000718,15.158016,61.5
12.617762839000534,15.07968,61.187
12.629833437000343,15.07968,61.343
12.643307117999939,15.001344,61.343
12.656982532000256,15.001344,61.437
12.669815009000558,15.040512000000001,61.531
12.683107884000492,15.040512000000001,61.25
12.6956187830001,15.040512000000001,61.468
12.707698086000164,15.040512000000001,61.25
12.719860175000576,15.040512000000001,61.437
12.732030744999975,15.001344,61.562
12.74535088399989,15.001344,61.531
12.757452939999894,15.001344,61.25
12.769459664000351,15.001344,61.5
12.781421524000507,15.001344,61.312
12.793441720999908,15.001344,61.406
12.805576129000656,15.040512000000001,61.656
12.817593062000014,15.040512000000001,61.375
12.829594538000492,15.040512000000001,61.593
12.841575278000164,15.07968,61.312
12.853669173000526,15.07968,61.531
12.86562962500011,15.118848,61.25
12.877589724000245,15.07968,61.406
12.889578656000594,15.040512000000001,61.406
12.901579459999994,15.001344,61.468
12.915257850000671,15.040512000000001,61.25
12.928756171000714,15.07968,61.406
12.942203739000433,15.07968,61.375
12.955246846000591,15.07968,61.718
12.967376614000386,15.07968,61.406
12.97951195099995,15.040512000000001,61.562
12.991639991000739,15.001344,61.281
13.003735870000128,15.001344,61.437
13.017548953000187,15.040512000000001,61.468
13.029551325000284,15.040512000000001,61.718
13.04165309200016,15.040512000000001,61.375
13.053631016000509,15.040512000000001,61.625
13.0656377410005,15.07968,61.375
13.077631857000597,15.07968,61.5
13.089652118000231,15.07968,61.281
13.101646586000243,15.118848,61.406
13.113631486000486,15.118848,61.687
13.12563344299997,15.158016,61.343
13.137684201000411,15.07968,61.562
13.149656844000674,15.07968,61.156
13.161697362000268,15.040512000000001,61.406
13.17501398100012,15.07968,61.343
13.18841329099996,15.118848,61.687
13.201486576000207,15.118848,61.281
13.213495700000749,15.158016,61.562
13.225717631000407,15.158016,61.531
13.238260596000146,15.118848,61.187
13.249915278000117,15.040512000000001,61.375
13.262084375000086,15.001344,61.687
13.276504676000513,15.001344,61.343
13.288444262000667,15.001344,61.656
13.300418122000337,15.001344,61.375
13.312369869000577,15.001344,61.531
13.324404722000509,15.040512000000001,61.25
13.336366293000538,15.040512000000001,61.406
13.348336729000039,15.040512000000001,61.781
13.36029858800066,15.07968,61.687
13.372274528000162,15.07968,61.343
13.38421549100076,15.118848,61.468
13.396139653000319,15.118848,61.25
13.408051591000003,15.07968,61.437
13.420056619000206,15.07968,61.562
13.432042127000386,15.040512000000001,61.343
13.445624098000735,15.07968,61.5
13.459225334000621,15.118848,61.437
13.4725281609999,15.118848,61.218
13.484259326000029,15.118848,61.437
13.496385702000225,15.07968,61.812
13.508443308000096,15.07968,61.406
13.520628726000723,15.040512000000001,61.656
13.534581268000693,15.040512000000001,61.562
13.546885026000382,15.040512000000001,61.25
13.558874438000203,15.040512000000001,61.406
13.570933003999926,15.040512000000001,61.875
13.582878990000609,15.040512000000001,61.406
13.59483937799996,15.07968,61.625
13.606769620000705,15.07968,61.375
13.61872171899995,15.07968,61.437
13.630681210000148,15.118848,61.312
13.642605179999919,15.118848,61.375
13.654526717999943,15.158016,61.718
13.666475873000309,15.07968,61.343
13.678447876000064,15.07968,61.093
13.691877779000606,15.040512000000001,61.437
13.705124732000513,15.07968,61.125
13.718495914000414,15.118848,61.156
13.732008283000141,15.118848,61.375
13.745279013000072,15.118848,61.687
13.757399437000458,15.07968,61.281
13.769485843999973,15.07968,61.468
13.78155020200029,15.040512000000001,61.25
13.793717891000597,15.040512000000001,61.25
13.807433883000158,15.040512000000001,61.437
13.81954221000069,15.040512000000001,61.687
13.83159290399999,15.040512000000001,61.406
13.843551883000146,15.040512000000001,61.531
13.855521006000345,15.001344,61.125
13.867580789000385,15.001344,61.406
13.879556247999972,15.001344,61.187
13.891549532000681,15.040512000000001,61.343
13.903512032000435,15.040512000000001,61.625
13.915511619999961,15.07968,61.281
13.927512296000714,15.040512000000001,61.406
13.939479948000553,15.001344,61.187
13.951449039000181,15.001344,61.093
13.964847005000593,15.001344,61.312
13.976882626000588,15.040512000000001,61.562
13.990433589000531,15.07968,61.531
14.003705310999976,15.07968,61.218
14.015834311000617,15.040512000000001,61.437
14.028042384999935,15.040512000000001,61.25
14.040140793000319,15.001344,61.406
14.052198334999957,15.001344,61.312
14.067190204000326,15.001344,61.625
14.079188927999894,15.001344,61.25
14.091158532000009,15.001344,61.437
14.10313776700059,15.001344,61.281
14.115111435000472,15.040512000000001,61.406
14.127086895000502,15.07968,61.75
14.139081811000324,15.040512000000001,61.312
14.151059157999953,15.07968,61.562
14.163027834000786,15.07968,61.281
14.175022654000713,15.118848,61.406
14.186995777999982,15.07968,61.25
14.198972069000774,15.040512000000001,61.312
14.211041292000118,15.040512000000001,61.281
14.224372280000352,15.07968,61.406
14.23635052300051,15.07968,61.187
14.248209082999892,15.118848,61.468
14.261189213000762,15.158016,61.281
14.273505931000727,15.158016,61.406
14.285629394999887,15.118848,61.75
14.297643126999901,15.07968,61.312
14.309843298000487,15.07968,61.5
14.321989514000052,15.040512000000001,61.468
14.333997327000361,15.040512000000001,61.281
14.346073269000044,15.07968,61.406
14.358206654000242,15.07968,61.656
14.37027107600079,15.07968,61.343
14.382254824000483,15.118848,61.562
14.39423476400043,15.07968,61.312
14.406182702000478,15.118848,61.406
14.41816251399996,15.118848,61.156
14.430118677000792,15.158016,61.343
14.442095801000505,15.158016,61.625
14.453450601999975,15.07968,61.281
14.46464018200004,15.001344,61.406
14.476598777000618,15.001344,61.218
14.489249328999904,15.040512000000001,61.312
14.502297620000718,15.07968,61.656
14.515522205000707,15.07968,61.687
14.52934783100045,15.07968,61.312
14.541556098000001,15.07968,61.5
14.553670281999985,15.07968,61.218
14.565674606000357,15.040512000000001,61.468
14.577824727000007,15.040512000000001,61.375
14.592907991000175,15.040512000000001,61.687
14.604880761999993,15.040512000000001,61.343
14.616831325000021,15.040512000000001,61.531
14.628768606999984,15.040512000000001,61.375
14.640721538000435,15.040512000000001,61.468
14.652650820000417,15.07968,61.25
14.664609479000319,15.07968,61.437
14.676585515000625,15.07968,61.687
14.688522701000693,15.118848,61.625
14.700434575000145,15.118848,61.218
14.712392082000406,15.07968,61.437
14.724365333000605,15.07968,61.062
14.736322071999894,15.040512000000001,61.343
14.749872299000344,15.07968,61.625
14.763203255000008,15.118848,61.531
14.776779018000525,15.118848,61.281
14.789953009000783,15.118848,61.437
14.801958261000436,15.118848,61.218
14.813979610000388,15.07968,61.375
14.826092098000117,15.040512000000001,61.625
14.838111975000174,15.040512000000001,61.687
14.853041154000493,15.040512000000001,61.312
14.86504922200038,15.040512000000001,61.5
14.877046155000244,15.040512000000001,61.25
14.889017614000295,15.040512000000001,61.468
14.901014962000772,15.07968,61.718
14.913124090000565,15.07968,61.656
14.925130270000409,15.07968,61.312
14.937160963000679,15.118848,61.437
14.94915543100069,15.118848,61.281
14.961154412000724,15.158016,61.406
14.973157712000102,15.118848,61.75
14.985142772000472,15.07968,61.187
14.997178937000172,15.040512000000001,61.406
15.010776877000353,15.07968,61.343
15.024093944000015,15.118848,61.312
15.037353858000643,15.118848,61.343
15.049832405000416,15.07968,61.687
15.062327784000445,15.040512000000001,61.218
15.074512465000225,15.040512000000001,61.531
15.086543446000178,15.001344,61.406
15.098633245000201,15.001344,61.312
15.113441301000421,15.001344,61.406
15.125437624999904,15.001344,61.687
15.137428605000423,15.001344,61.375
15.149403809000432,15.001344,61.687
15.161396037000486,15.040512000000001,61.562
15.173403177000182,15.040512000000001,61.312
15.185408590000407,15.040512000000001,61.5
15.197376465000161,15.07968,61.812
15.209343252000508,15.07968,61.375
15.221429083000658,15.118848,61.562
15.233400671000709,15.118848,61.343
15.245432196000365,15.040512000000001,61.343
15.257425032000356,15.07968,61.093
15.271169568000005,15.040512000000001,61.125
15.284246948000145,15.07968,61.25
15.297772534000615,15.118848,61.531
15.311278599000616,15.118848,61.437
15.323481393000293,15.07968,61.218
15.335576056000718,15.07968,61.468
15.347691232000216,15.040512000000001,61.187
15.359819272000095,15.040512000000001,61.375
15.372069428000032,15.001344,61.687
15.384076920000552,15.040512000000001,61.312
15.396056860000499,15.040512000000001,61.437
15.40827658300077,15.040512000000001,61.312
15.420353741000326,15.040512000000001,61.406
15.432341809000718,15.07968,61.812
15.444338869000603,15.07968,61.406
15.45632543300053,15.07968,61.687
15.468303069000285,15.118848,61.312
15.480261184000483,15.118848,61.468
15.492230403000576,15.158016,61.312
15.504160357000728,15.07968,61.406
15.516097896000247,15.07968,61.312
15.52820804700059,15.040512000000001,61.531
15.541600893000577,15.07968,61.218
15.555018507000568,15.118848,61.437
15.567049616000077,15.158016,61.406
15.580232215000251,15.158016,61.218
15.592307230000188,15.118848,61.406
15.604337923000458,15.07968,61.687
15.61648225099998,15.07968,61.312
15.628528785000526,15.07968,61.437
15.642043298000317,15.07968,61.5
15.654152522000004,15.001344,61.406
15.665671136000128,14.962176,61.218
15.677665988000626,15.001344,61.593
15.689659688000575,15.001344,61.687
15.70163146699997,15.040512000000001,61.593
15.71363185500013,15.001344,61.312
15.725639988000694,15.040512000000001,61.437
15.737636920000114,15.07968,61.218
15.749647612000444,15.07968,61.406
15.761621536000348,15.07968,61.625
15.773639173000447,15.040512000000001,61.25
15.78564260100029,15.040512000000001,61.468
15.799031638000088,15.001344,61.406
15.812414947999969,15.040512000000001,61.093
15.825938132999909,15.07968,61.687
15.839656588000253,15.07968,61.375
15.851919576,15.040512000000001,61.593
15.86398735900002,15.040512000000001,61.281
15.876195177000227,15.001344,61.437
15.888322737000635,15.001344,61.125
15.900466361000326,15.001344,61.406
15.912467710000783,15.001344,61.687
15.924425249000706,15.001344,61.312
15.936397987999953,15.001344,61.562
15.948339782999938,15.001344,61.156
15.960303018000559,15.040512000000001,61.468
15.972286541000358,15.040512000000001,61.281
15.984218096000404,15.07968,61.375
15.996169265999924,15.07968,61.593
16.008095284000774,15.118848,61.25
16.020068440000614,15.118848,61.625
16.032048826999926,15.040512000000001,61.25
16.044024479000655,15.07968,61.187
16.058167683000647,15.040512000000001,61.281
16.07160331400064,15.07968,61.25
16.085036352000316,15.07968,61.562
16.098325963000207,15.118848,61.218
16.110533140999905,15.07968,61.468
16.12258034700062,15.07968,61.187
16.134675457999947,15.040512000000001,61.406
16.14672311100003,15.040512000000001,61.656
16.158830703000604,15.040512000000001,61.562
16.170865300000514,15.040512000000001,61.25
16.182800309999948,15.040512000000001,61.5
16.19472706400029,15.040512000000001,61.312
16.20669996400011,15.040512000000001,61.468
16.218684064000627,15.07968,61.718
16.230707781000092,15.07968,61.312
16.24266323900065,15.07968,61.593
16.254130748000534,15.040512000000001,61.218
16.26564824200068,15.040512000000001,61.406
16.277646230000755,15.07968,61.156
16.289616889000172,15.040512000000001,61.343
16.30121966600018,15.040512000000001,61.562
16.313447101000747,15.001344,61.218
16.325782923000588,15.040512000000001,61.468
16.33916088800015,15.07968,61.5
16.352616711000337,15.07968,61.187
16.365911730000335,15.07968,61.406
16.37823625600049,15.07968,61.531
16.390358504000687,15.07968,61.312
16.40256443399994,15.040512000000001,61.531
16.41469631400014,15.001344,61.437
16.429863772000317,15.001344,61.25
16.441854688000603,15.001344,61.437
16.453829508000126,15.040512000000001,61.718
16.46581652000077,15.040512000000001,61.312
16.477837387999898,15.040512000000001,61.531
16.4898724020004,15.07968,61.593
16.501840053000706,15.07968,61.218
16.513799416000438,15.07968,61.406
16.5257699470003,15.07968,61.687
16.537733438000032,15.118848,61.375
16.549692641000547,15.07968,61.468
16.56167478900079,15.07968,61.218
16.573646856000778,15.040512000000001,61.343
16.587000020000232,15.040512000000001,61.281
16.600415010000688,15.07968,61.718
16.613710541000728,15.118848,61.312
16.627199645000474,15.07968,61.531
16.639362822000294,15.07968,61.531
16.651450797000507,15.07968,61.156
16.663509875000273,15.040512000000001,61.406
16.67562252300013,15.001344,61.718
16.69041877000018,15.040512000000001,61.343
16.702466966999964,15.040512000000001,61.531
16.714430906000416,15.040512000000001,61.531
16.72641718200066,15.040512000000001,61.312
16.738405090000015,15.07968,61.437
16.75037370100017,15.07968,61.75
16.76233044000037,15.07968,61.375
16.774283083000228,15.118848,61.562
16.786256526000216,15.118848,61.312
16.79822692900052,15.158016,61.468
16.810290743000223,15.118848,61.187
16.822262779000084,15.07968,61.343
16.834252383000603,15.040512000000001,61.687
16.847533576999922,15.07968,61.437
16.86094155899991,15.001344,61.156
16.87405993199991,15.040512000000001,61.406
16.886316200000692,15.07968,61.281
16.898470961000385,15.07968,61.406
16.91083216000061,15.040512000000001,61.75
16.922897606000333,15.040512000000001,61.343
16.935022125000614,15.001344,61.281
16.950019883000095,15.001344,61.531
16.962033487000554,15.001344,61.25
16.974049780000314,15.040512000000001,61.468
16.986077497000224,15.040512000000001,61.718
16.99806566100051,15.040512000000001,61.687
17.010051616000055,15.07968,61.375
17.022046468000553,15.07968,61.531
17.034014087000287,15.07968,61.281
17.045964234000166,15.118848,61.406
17.057877356000063,15.118848,61.218
17.069880240000202,15.118848,61.375
17.0818654600007,15.07968,61.625
17.093822359000114,15.07968,61.156
17.10823507400073,15.040512000000001,61.093
17.121745938999993,15.07968,61.375
17.134925721999934,15.118848,61.406
17.148191844000394,15.118848,61.718
17.160461168000438,15.07968,61.312
17.172543991000566,15.07968,61.562
17.18459090900069,15.040512000000001,61.156
17.196653347000392,15.040512000000001,61.468
17.208661958999983,15.040512000000001,61.187
17.220711149000635,15.040512000000001,61.312
17.23265028700007,15.040512000000001,61.718
17.244609074000437,15.040512000000001,61.375
17.25654181200025,15.07968,61.531
17.268488919000447,15.07968,61.218
17.28045033000035,15.07968,61.593
17.29242934100057,15.118848,61.156
17.304386496000006,15.118848,61.375
17.31638032400042,15.118848,61.656
17.328634160000547,15.158016,61.25
17.34082767400014,15.118848,61.562
17.352854815000683,15.118848,61.343
17.36480409700016,15.07968,61.187
17.3783641480004,15.118848,61.281
17.39167523100059,15.118848,61.187
17.40524808200007,15.158016,61.562
17.418254772000182,15.118848,61.187
17.43029116100024,15.118848,61.437
17.44235401500009,15.07968,61.218
17.454832881000584,15.001344,61.593
17.468408420000742,14.962176,61.281
17.48055940500035,14.962176,61.562
17.4925010070001,15.001344,61.312
17.50449905900041,15.001344,61.437
17.51645519000067,15.001344,61.218
17.528533212000184,15.040512000000001,61.312
17.540494975,15.040512000000001,61.718
17.552618119000726,15.040512000000001,61.343
17.564575050000713,15.07968,61.531
17.57656039700032,15.07968,61.25
17.588521616000435,15.118848,61.437
17.600557654000113,15.07968,61.156
17.61251746400012,15.040512000000001,61.25
17.62448946800032,15.040512000000001,61.25
17.637894025000605,15.040512000000001,61.437
17.651269814000443,15.07968,61.468
17.664661572000114,15.118848,61.125
17.677140214000246,15.118848,61.406
17.689350399999967,15.118848,61.656
17.70145268000033,15.07968,61.343
17.71365307399992,15.040512000000001,61.562
17.725760665000053,15.040512000000001,61.406
17.740135459000157,15.040512000000001,61.281
17.75213671200072,15.07968,61.406
17.764165804000186,15.07968,61.718
17.776174033000643,15.040512000000001,61.343
17.788295961000586,15.07968,61.562
17.800285212000745,15.118848,61.343
17.812226015000306,15.07968,61.5
17.824173249000523,15.118848,61.25
17.83626679200006,15.118848,61.343
17.84821581899996,15.158016,61.687
17.860173709000264,15.118848,61.343
17.87217521799994,15.07968,61.468
17.884386747999997,15.07968,61.343
17.897604516000683,15.07968,61.156
17.910809804000564,15.118848,61.375
17.92415336800059,15.158016,61.25
17.937321247,15.158016,61.593
17.94944119000047,15.118848,61.218
17.96149370800049,15.118848,61.468
17.973501008000312,15.07968,61.25
17.985786685000676,15.07968,61.218
18.00010394200035,15.040512000000001,61.375
18.01214289100062,15.040512000000001,61.625
18.024248466000245,15.07968,61.281
18.036210005000612,15.07968,61.562
18.048137687000235,15.07968,61.25
18.060309536000204,15.040512000000001,61.281
18.07238250299997,15.001344,61.687
18.08436804200028,15.040512000000001,61.343
18.096353294000437,15.040512000000001,61.531
18.108315121000487,15.07968,61.25
18.12035637400004,15.07968,61.406
18.132381723000435,15.001344,61.187
18.14436870300051,15.040512000000001,61.25
18.157092536000164,15.001344,61.218
18.170342882000114,15.040512000000001,61.437
18.183722159000354,15.07968,61.5
18.197081947000697,15.07968,61.156
18.209763699000177,15.07968,61.406
18.22193084400078,15.07968,61.125
18.233997025999997,15.040512000000001,61.343
18.24614292300066,15.001344,61.531
18.259475798000494,15.001344,61.531
18.27172963400062,15.040512000000001,61.25
18.283709702000124,15.040512000000001,61.406
18.29569776900007,15.040512000000001,61.25
18.307661931999974,15.040512000000001,61.375
18.319871991000582,15.07968,61.75
18.331833914000526,15.07968,61.343
18.343815613000515,15.07968,61.437
18.355416405000142,15.118848,61.25
18.36762300800001,15.118848,61.375
18.37971194200054,15.158016,61.218
18.391834126000504,15.07968,61.375
18.403828082000473,15.07968,61.375
18.417270849000488,15.040512000000001,61.375
18.430607437000617,15.07968,61.125
18.443833301000268,15.118848,61.218
18.457151168000564,15.118848,61.406
18.46988633000001,15.118848,61.625
18.482147878000433,15.07968,61.375
18.49427130999993,15.07968,61.406
18.506622780000725,15.040512000000001,61.218
18.51958255699992,15.040512000000001,61.187
18.531737156999952,15.040512000000001,61.375
18.543722793000597,15.07968,61.687
18.55571777300065,15.07968,61.343
18.567691504000322,15.07968,61.562
18.57973128499998,15.07968,61.25
18.5917250170005,15.07968,61.5
18.603732637000576,15.118848,61.218
18.615766114000508,15.118848,61.312
18.62774890200035,15.118848,61.531
18.639754442000594,15.158016,61.312
18.651723981000032,15.07968,61.406
18.66327347600054,15.001344,61.125
18.675425452000127,15.001344,61.375
18.68770037700051,15.001344,61.093
18.701064741000664,15.040512000000001,61.531
18.714646712000103,15.07968,61.25
18.728311662000124,15.07968,61.5
18.740377076000186,15.040512000000001,61.406
18.752437753000777,15.040512000000001,61.187
18.764446621999923,15.001344,61.312
18.776464898000086,15.001344,61.625
18.79139193300034,15.001344,61.562
18.803380065000056,15.001344,61.218
18.8153689640003,15.040512000000001,61.531
18.827364008000586,15.001344,61.312
18.839363276000768,15.040512000000001,61.406
18.851355376000356,15.07968,61.781
18.863337140000112,15.040512000000001,61.312
18.875323926999954,15.07968,61.562
18.88730914700045,15.118848,61.218
18.899303423000674,15.118848,61.406
18.911294466000072,15.07968,61.187
18.92328909400021,15.07968,61.312
18.93525728900022,15.040512000000001,61.656
18.948539956000786,15.07968,61.218
18.96047931800058,15.118848,61.187
18.973889060000147,15.118848,61.406
18.98732664199997,15.118848,61.218
18.99944165800025,15.118848,61.343
19.011550273000466,15.118848,61.718
19.0236743129999,15.07968,61.25
19.035738223000408,15.040512000000001,61.25
19.050611751999895,15.040512000000001,61.468
19.062547370000175,15.07968,61.187
19.074552590000167,15.07968,61.406
19.08653432200026,15.07968,61.75
19.098539190000338,15.07968,61.281
19.110502393000388,15.118848,61.593
19.122507740999936,15.07968,61.437
19.134458624000217,15.118848,61.218
19.146441731000778,15.118848,61.406
19.15840288600066,15.158016,61.781
19.170456492000085,15.118848,61.281
19.182430607000242,15.07968,61.468
19.194412914000168,15.07968,61.218
19.207656667000265,15.07968,61.312
19.22006983600022,15.118848,61.312
19.23355970800003,15.158016,61.75
19.24702753100064,15.158016,61.25
19.259222964999935,15.07968,61.562
19.2709864819999,15.040512000000001,61.218
19.283158459000333,15.040512000000001,61.375
19.295279939000466,15.001344,61.406
19.30973540800005,15.001344,61.187
19.32191775299998,15.001344,61.312
19.333876444000452,15.001344,61.593
19.345862976000717,15.001344,61.25
19.357803522000722,15.040512000000001,61.468
19.36975274100041,15.040512000000001,61.312
19.38124412200068,15.07968,61.406
19.393240349000735,15.07968,61.781
19.405308067000078,15.07968,61.312
19.417275847000383,15.118848,61.468
19.429257417999906,15.118848,61.343
19.441226765000465,15.07968,61.437
19.453187632000663,15.07968,61.187
19.467258994000076,15.001344,61.75
19.480733569000222,15.040512000000001,61.5
19.49399649099996,15.07968,61.218
19.5059072439999,15.118848,61.5
19.519183542000064,15.07968,61.312
19.531363486999908,15.07968,61.437
19.5435488410003,15.040512000000001,61.125
19.555641263000325,15.040512000000001,61.343
19.56769141299992,15.040512000000001,61.312
19.58166731500023,15.040512000000001,61.5
19.59367247099999,15.040512000000001,61.25
19.605669115000637,15.07968,61.406
19.61763555000016,15.07968,61.312
19.62961875400015,15.07968,61.375
19.64162166999995,15.07968,61.718
19.65363898600026,15.118848,61.25
19.665614733999973,15.118848,61.437
19.677603985000133,15.118848,61.218
19.689574068000184,15.158016,61.406
19.70151119000002,15.07968,61.187
19.71369238400075,15.07968,61.5
19.727778690000378,15.040512000000001,61.125
19.74020945800021,15.07968,61.406
19.752197014000558,15.07968,61.468
19.765635205000763,15.118848,61.187
19.778979248000724,15.118848,61.343
19.791062103000513,15.118848,61.656
19.803438853999978,15.07968,61.281
19.815568429999985,15.040512000000001,61.531
19.827658036000685,15.040512000000001,61.468
19.84149095900011,15.07968,61.187
19.853506995000316,15.07968,61.312
19.865219279000485,15.025856,61.593
19.877421433000563,15.065088,61.375
19.889422109000407,15.040512000000001,61.5
19.90177284299989,15.07968,61.218
19.913809200000287,15.07968,61.468
19.9258153159999,15.07968,61.218
19.937839289000294,15.118848,61.406
19.949916255000062,15.118848,61.531
19.96186124900032,15.118848,61.562
19.973883814000146,15.07968,61.531
19.98600990200066,15.040512000000001,61.406
19.99872035899989,15.07968,61.156
20.012201303000438,15.07968,61.25
20.02437568000005,15.118848,61.281
20.03753933400003,15.118848,61.5
20.049654030000056,15.118848,61.25
20.06174715599991,15.118848,61.406
20.073887549000574,15.07968,61.187
20.08596787500028,15.040512000000001,61.375
20.09804266500032,15.040512000000001,61.718
20.11000625199995,15.040512000000001,61.343
20.122004784000637,15.040512000000001,61.625
20.133983731000626,15.040512000000001,61.281
20.145914133000588,15.07968,61.406
20.157845559000634,15.07968,61.218
20.16984930700073,15.07968,61.437
20.18180607800059,15.118848,61.593
20.193803617999947,15.118848,61.281
20.205802150000636,15.118848,61.406
20.217783145000794,15.158016,61.187
20.22976135600038,15.07968,61.406
20.241744720000497,15.07968,61.25
20.254944567000166,15.040512000000001,61.531
20.268336549000196,15.07968,61.437
20.28158484600044,15.118848,61.156
20.295006332000412,15.118848,61.437
20.30794729200079,15.118848,61.218
20.31999948900011,15.07968,61.375
20.332124457000646,15.07968,61.593
20.34417243000007,15.040512000000001,61.281
20.357950790999894,15.040512000000001,61.218
20.3697175719999,15.07968,61.468
20.381667655000456,15.07968,61.187
20.39380107100078,15.07968,61.375
20.406108924000364,15.07968,61.718
20.418196898000133,15.118848,61.343
20.430234439000742,15.07968,61.687
20.442241515000205,15.118848,61.25
20.4542641120006,15.158016,61.062
20.466875878000792,15.07968,61.312
20.479070864000278,15.07968,61.687
20.49121154400018,15.040512000000001,61.25
20.50321855600032,15.040512000000001,61.5
20.5152754260007,15.001344,61.156
20.528643886000282,15.040512000000001,61.406
20.541772340000534,15.07968,61.343
20.553791287999957,15.118848,61.75
20.567258183000376,15.118848,61.406
20.579305901000225,15.118848,61.5
20.59133605000079,15.07968,61.25
20.603492090000145,15.040512000000001,61.406
20.615649506999944,15.040512000000001,61.406
20.63062179100052,15.040512000000001,61.156
20.642539936000503,15.040512000000001,61.375
20.65463303100023,15.040512000000001,61.593
20.666668652000226,15.040512000000001,61.218
20.67866958400009,15.07968,61.468
20.69069800500074,15.07968,61.25
20.702756538000358,15.07968,61.406
20.71472434900079,15.118848,61.687
20.72670713700063,15.118848,61.593
20.73868358800064,15.158016,61.25
20.750679528000546,15.118848,61.406
20.762672171000304,15.07968,61.125
20.774755026000093,15.07968,61.281
20.788207585000237,15.07968,61.562
20.80153479599994,15.118848,61.593
20.814859222999985,15.158016,61.218
20.828162978000364,15.118848,61.5
20.840230856000744,15.118848,61.187
20.85220237900012,15.118848,61.343
20.86420369500047,15.07968,61.125
20.876295189000302,15.040512000000001,61.687
20.891155150000486,15.040512000000001,61.25
20.903179827000713,15.040512000000001,61.468
20.915166134000174,15.07968,61.25
20.927147193000565,15.07968,61.437
20.93911100400055,15.07968,61.187
20.9510964480005,15.118848,61.406
20.963072387000466,15.118848,61.656
20.975088295000205,15.118848,61.437
20.9870714030003,15.118848,61.218
20.99904622200029,15.158016,61.375
21.011013585,15.118848,61.218
21.023027861000628,15.118848,61.187
21.035410404000686,15.07968,61.531
21.04874779200054,15.118848,61.156
21.061503978000474,15.07968,61.125
21.074007836999954,15.07968,61.375
21.087536078000085,15.07968,61.156
21.099620501000572,15.07968,61.312
21.11178953400031,15.07968,61.687
21.12386931600031,15.040512000000001,61.25
21.13597370700063,15.025856,61.187
21.150361910000356,15.025856,61.468
21.162352793000537,15.001344,61.25
21.17433474900008,15.025856,61.375
21.1863214720006,15.025856,61.718
21.19827433899991,15.040512000000001,61.343
21.210283495000112,15.07968,61.5
21.222290794999935,15.040512000000001,61.312
21.234284335000666,15.07968,61.406
21.24626545800038,15.07968,61.156
21.25825739800075,15.118848,61.312
21.27027327399992,15.118848,61.656
21.282251293000627,15.07968,61.25
21.294217888000276,15.07968,61.093
21.30752362700059,15.040512000000001,61.375
21.320997819000695,15.07968,61.218
21.33425523599999,15.118848,61.687
21.347594415000458,15.118848,61.25
21.360151492000114,15.118848,61.468
21.37233588500021,15.07968,61.281
21.384406803000275,15.07968,61.437
21.396490170000106,15.040512000000001,61.125
21.408536095000272,15.040512000000001,61.75
21.421107348000078,15.040512000000001,61.343
21.432805774999906,15.07968,61.531
21.445139164000466,15.07968,61.281
21.4566540980004,15.07968,61.468
21.468878653000502,15.118848,61.218
21.481151304000377,15.118848,61.437
21.49339275500006,15.118848,61.656
21.50561247800033,15.158016,61.312
21.51787536900065,15.158016,61.5
21.530094516000645,15.197184,61.312
21.542419233000146,15.118848,61.406
21.554477767000208,15.118848,61.281
21.567646092999894,15.07968,61.593
21.581307459000527,15.118848,61.468
21.594650798000657,15.158016,61.187
21.607302917000197,15.158016,61.468
21.618940766000378,15.158016,61.343
21.63146606600003,15.118848,61.406
21.643875170000683,15.118848,61.781
21.656224528000166,15.07968,61.281
21.668276405000142,15.001344,61.5
21.680589475000488,15.001344,61.437
21.692888526999923,15.001344,61.187
21.705217341000207,15.001344,61.437
21.71735024500049,15.040512000000001,61.25
21.729396426000676,15.040512000000001,61.375
21.741426927000248,15.07968,61.687
21.753596600000492,15.07968,61.312
21.76564191700072,15.07968,61.437
21.77762982400054,15.07968,61.156
21.789624996000384,15.118848,61.312
21.801678793000065,15.07968,61.718
21.813663789000202,15.07968,61.25
21.82565716800036,15.040512000000001,61.156
21.838927322000018,15.07968,61.343
21.852314599000238,15.07968,61.125
21.86559339300038,15.118848,61.156
21.87904723200063,15.07968,61.281
21.89112352600023,15.07968,61.593
21.903259438000532,15.07968,61.156
21.915303635000782,15.040512000000001,61.437
21.927425914000196,15.001344,61.406
21.942286643000443,15.040512000000001,61.218
21.9542538780006,15.040512000000001,61.406
21.966264858000613,15.040512000000001,61.687
21.978276413999993,15.040512000000001,61.312
21.99024896100036,15.07968,61.5
22.002211332000115,15.07968,61.343
22.01417072700042,15.07968,61.437
22.026130089000617,15.118848,61.187
22.03808513200056,15.118848,61.312
22.050042509999912,15.158016,61.593
22.062005777000195,15.118848,61.281
22.07401704499989,15.07968,61.312
22.08596789600051,15.07968,61.281
22.0992975070003,15.07968,61.031
22.112700208000206,15.118848,61.562
22.126110206000703,15.158016,61.281
22.13942464899992,15.158016,61.531
22.151477646000785,15.118848,61.25
22.16353054800038,15.118848,61.375
22.175565688999995,15.07968,61.218
22.187731904999964,15.07968,61.718
22.200727619000645,15.07968,61.718
22.21270743000059,15.07968,61.5
22.224672297000325,15.07968,61.375
22.236630827000226,15.07968,61.406
22.248563052999998,15.118848,61.218
22.260544272000516,15.07968,61.375
22.2724790580005,15.040512000000001,61.625
22.284636347000742,15.040512000000001,61.312
22.29661481400035,15.07968,61.437
22.308567392999976,15.07968,61.187
22.320578021000074,15.07968,61.406
22.33274071699998,15.040512000000001,61.156
22.34480769900074,15.040512000000001,61.562
22.35917346900078,15.001344,61.25
22.372699790000297,15.040512000000001,61.375
22.3855202980003,15.07968,61.437
22.39917065500049,15.07968,61.156
22.41147134000039,15.07968,61.343
22.423697367000386,15.07968,61.75
22.43578290900041,15.040512000000001,61.281
22.447569402000227,15.040512000000001,61.531
22.46008855800028,15.040512000000001,61.281
22.472237718000542,15.040512000000001,61.437
22.48425247400064,15.040512000000001,61.25
22.496199580000393,15.040512000000001,61.406
22.50812483000027,15.07968,61.343
22.520474668000134,15.07968,61.531
22.53246606399989,15.07968,61.218
22.544556214000295,15.118848,61.406
22.556519192999986,15.118848,61.156
22.56845122699997,15.118848,61.312
22.580486911000662,15.158016,61.593
22.592439170000034,15.07968,61.281
22.604392356000062,15.118848,61.375
22.616652272000465,15.07968,61.093
22.630463113000587,15.118848,61.062
22.64404447600009,15.118848,61.343
22.65728877299989,15.158016,61.625
22.669698644000164,15.118848,61.468
22.681716793000305,15.118848,61.312
22.69375334200049,15.07968,61.468
22.705890309000097,15.040512000000001,61.156
22.7185102680005,15.040512000000001,61.406
22.730831625000064,15.07968,61.781
22.742806988000666,15.07968,61.281
22.754786255,15.07968,61.562
22.766818004000015,15.07968,61.281
22.77878773500015,15.07968,61.437
22.790802395000355,15.07968,61.25
22.802761726000426,15.118848,61.406
22.814727488000244,15.118848,61.687
22.826727364000362,15.158016,61.218
22.838946253999893,15.158016,61.531
22.850958419000563,15.118848,61.375
22.862948630000574,15.07968,61.312
22.874927129000753,15.001344,61.312
22.887245702000655,15.001344,61.5
22.900560241000676,15.040512000000001,61.093
22.914071330000297,15.07968,61.156
22.927326699000332,15.07968,61.406
22.939598967000165,15.07968,61.25
22.951702846000444,15.07968,61.343
22.963786340000297,15.001344,61.75
22.975894315000005,15.001344,61.281
22.987863054000627,15.001344,61.468
22.999801648000357,15.001344,61.218
23.01176798600045,15.040512000000001,61.437
23.023733365000226,15.040512000000001,61.25
23.03569666400017,15.040512000000001,61.343
23.04772716500065,15.07968,61.718
23.05969798300066,15.07968,61.375
23.071767973000533,15.07968,61.5
23.083692647000134,15.118848,61.468
23.09562218500014,15.118848,61.156
23.10757610700057,15.118848,61.312
23.119528557000194,15.07968,61.531
23.131500464000055,15.07968,61.156
23.146006685999964,15.040512000000001,61.093
23.15953550300037,15.07968,61.343
23.172794009000427,15.118848,61.187
23.18598163200022,15.118848,61.375
23.19809034300033,15.07968,61.25
23.210126059000686,15.07968,61.593
23.22227288400063,15.040512000000001,61.156
23.23431452100067,15.040512000000001,61.406
23.246407935000207,15.040512000000001,61.187
23.258411491000516,15.040512000000001,61.406
23.270459975999984,15.040512000000001,61.812
23.282448012000714,15.040512000000001,61.281
23.294414798000616,15.07968,61.593
23.306394834000457,15.07968,61.312
23.318322931000694,15.07968,61.531
23.33026421300019,15.118848,61.156
23.34226066500014,15.118848,61.343
23.354256157000236,15.118848,61.687
23.366295042000274,15.158016,61.281
23.378266949000135,15.07968,61.5
23.390281065000636,15.07968,61.406
23.403594196000086,15.07968,61.093
23.416659959000754,15.118848,61.25
23.429186922000554,15.158016,61.656
23.44257295100033,15.158016,61.562
23.45440639000026,15.158016,61.25
23.46763295800065,15.07968,61.343
23.480249556000672,15.040512000000001,61.187
23.49253500800023,15.001344,61.343
23.504593158000716,15.001344,61.781
23.516896723000173,15.001344,61.375
23.528878326000267,15.001344,61.5
23.540975484000228,15.001344,61.406
23.552961184000196,15.040512000000001,61.218
23.56494435500008,15.040512000000001,61.406
23.57691008600068,15.07968,61.093
23.58884855100041,15.040512000000001,61.375
23.60081953000008,15.07968,61.562
23.61302513999999,15.118848,61.281
23.625049465000302,15.118848,61.406
23.637104286000067,15.07968,61.125
23.649116514000525,15.07968,61.281
23.662127780000446,15.040512000000001,61.281
23.678587756000525,15.158016,61.156
23.70865043899994,15.314688,61.375
23.721194075000312,15.314688,61.156
23.732516618000773,15.314688,61.406
23.74502319700059,15.314688,61.593
23.757492527000068,15.236352,61.531
23.76998096100033,15.236352,61.281
23.782256013000733,15.236352,61.437
23.79447320700001,15.236352,61.218
23.806755522999993,15.236352,61.406
23.819015246000163,15.236352,61.625
23.83139638100056,15.27552,61.343
23.843619912000577,15.236352,61.625
23.85595288500008,15.27552,61.5
23.868208065000545,15.314688,61.187
23.880467564000355,15.314688,61.375
23.892677077999906,15.314688,61.75
23.904212460000053,15.236352,61.281
23.916435286000706,15.236352,61.437
23.93018542200025,15.236352,61.406
23.94350591300008,15.236352,61.093
23.956845923999936,15.27552,61.375
23.970168687000296,15.27552,61.343
23.98260147200017,15.27552,61.593
23.99463811700025,15.236352,61.218
24.00677226800053,15.197184,61.531
24.01877515200067,15.197184,61.187
24.031233089000125,15.197184,61.406
24.04339981800058,15.197184,61.156
24.055402062000212,15.197184,61.312
24.067371249000644,15.118848,61.437
24.079605083000388,15.118848,61.187
24.091705090000687,15.118848,61.406
24.103696421000677,15.118848,61.25
24.115662312000495,15.118848,61.437
24.1276728440007,15.158016,61.718
24.139665839999907,15.158016,61.312
24.1516260340004,15.197184,61.468
24.16363691800052,15.158016,61.437
24.17561452100017,15.118848,61.062
24.187672831000782,15.07968,61.343
24.20011041500038,15.118848,61.031
24.213545630000226,15.158016,61.25
24.225881355000638,15.197184,61.218
24.2388542839999,15.197184,61.406
24.250958547000664,15.158016,61.187
24.26297778300068,15.158016,61.375
24.27518070499991,15.118848,61.093
24.287273159000506,15.07968,61.656
24.302104223000242,15.07968,61.281
24.314063200999954,15.07968,61.468
24.326040196000577,15.07968,61.312
24.33798071000001,15.118848,61.437
24.349902472000394,15.118848,61.281
24.36185146600019,15.118848,61.406
24.373822733000452,15.118848,61.562
24.385795216000588,15.158016,61.281
24.397793172000092,15.158016,61.437
24.40976959100044,15.197184,61.187
24.421820060000755,15.158016,61.406
24.433785470000657,15.118848,61.062
24.445810819000144,15.118848,61.187
24.458889159000137,15.118848,61.125
24.472283699999934,15.158016,61.375
24.484380698000678,15.158016,61.218
24.497533952000595,15.197184,61.375
24.509962256000108,15.158016,61.187
24.52216812200004,15.158016,61.687
24.534295202000067,15.118848,61.281
24.546350951000022,15.07968,61.437
24.560577933000786,15.118848,61.25
24.572589457000504,15.118848,61.406
24.5846381020001,15.118848,61.218
24.59667257000001,15.118848,61.343
24.60862934100078,15.118848,61.718
24.620741860000635,15.158016,61.593
24.632675749000555,15.118848,61.5
24.644604039000114,15.158016,61.437
24.656544073000077,15.197184,61.156
24.668505611,15.118848,61.187
24.680708405000587,15.118848,61.5
24.69268379999994,15.040512000000001,61.218
24.70466988299995,15.040512000000001,61.375
24.718559382999956,14.962176,61.312
24.731619193999904,15.001344,61.031
24.744801025000015,15.040512000000001,61.218
24.757081517000188,15.07968,61.562
24.77065679900079,15.040512000000001,61.531
24.782719013000133,15.040512000000001,61.281
24.795004784999946,15.001344,61.406
24.807176504999916,15.001344,61.187
24.819331202000285,14.962176,61.343
24.832196959000612,15.001344,61.687
24.844144065000364,15.001344,61.281
24.85607363500003,15.001344,61.468
24.86800000400035,15.001344,61.281
24.879938406000292,15.040512000000001,61.437
24.891865671000232,15.040512000000001,61.187
24.903813866000746,15.040512000000001,61.406
24.915755116000582,15.07968,61.625
24.927698189000694,15.07968,61.281
24.939680977000535,15.118848,61.437
24.951659988000756,15.07968,61.218
24.963615766000657,15.07968,61.312
24.975641306000398,15.040512000000001,61.156
24.98888473900024,15.07968,61.5
25.002325329000087,15.118848,61.468
25.015688445000706,15.118848,61.156
25.02906212200014,15.118848,61.343
25.04120155400051,15.118848,61.156
25.05336805800016,15.07968,61.406
25.065526019000572,15.040512000000001,61.625
25.07764977000079,15.040512000000001,61.5
25.091352544000074,15.040512000000001,61.25
25.10333261100004,15.040512000000001,61.375
25.11533869499999,15.07968,61.25
25.127335146000405,15.07968,61.406
25.13930282900037,15.07968,61.75
25.15127585600021,15.118848,61.375
25.163246259000516,15.118848,61.625
25.175261399000192,15.118848,61.312
25.187238330000582,15.118848,61.406
25.19923071700032,15.158016,61.156
25.211234433000755,15.118848,61.281
25.223241285000768,15.118848,61.468
25.2352912740007,15.07968,61.468
25.248588404000657,15.07968,61.156
25.262048803000653,15.118848,61.406
25.274247597000794,15.07968,61.343
25.28780201400059,15.07968,61.75
25.300011816000733,15.07968,61.375
25.312064846000794,15.07968,61.5
25.32420155700038,15.040512000000001,61.187
25.336267259000124,15.001344,61.406
25.350164055000278,15.040512000000001,61.375
25.362123193000116,15.040512000000001,61.156
25.374105148000126,15.040512000000001,61.343
25.38611382399995,15.040512000000001,61.593
25.398084419000043,15.07968,61.25
25.410193450000406,15.07968,61.406
25.42227492800066,15.07968,61.281
25.434270067999933,15.118848,61.375
25.446248855000704,15.118848,61.625
25.45821208899997,15.118848,61.25
25.470221309000408,15.158016,61.531
25.482201344000714,15.07968,61.156
25.49416531499992,15.07968,61.312
25.5071096340007,15.07968,61.343
25.520263944000362,15.118848,61.562
25.533737974999895,15.118848,61.468
25.547207878000336,15.158016,61.218
25.55945326500023,15.118848,61.406
25.571691324000312,15.118848,61.25
25.583768706000228,15.07968,61.312
25.595778790000622,15.040512000000001,61.218
25.608079698000438,15.040512000000001,61.312
25.62004062899996,15.07968,61.593
25.631996535000326,15.07968,61.312
25.644033116000173,15.07968,61.5
25.655989790000604,15.07968,61.25
25.667939008000758,15.118848,61.375
25.679939972000284,15.118848,61.75
25.691870757000288,15.118848,61.312
25.703809319000356,15.158016,61.531
25.71584353200069,15.158016,61.187
25.727830575000553,15.158016,61.406
25.73983182700067,15.118848,61.25
25.751784693000445,15.118848,60.937
25.765825013000722,15.040512000000001,61.187
25.77929094800038,15.07968,61.156
25.792643376000342,15.118848,61.375
25.806001947000368,15.118848,61.218
25.81860180900003,15.118848,61.343
25.830702103000476,15.07968,61.343
25.842825790999996,15.07968,61.593
25.85489065999991,15.040512000000001,61.187
25.868263472000763,15.001344,61.437
25.880111727999974,14.962176,61.25
25.891661542000293,14.962176,61.343
25.90376366000055,14.962176,61.125
25.91575195200039,14.962176,61.312
25.92797561000043,15.001344,61.468
25.939983006000148,15.001344,61.218
25.951947584000663,15.001344,61.468
25.963872930000434,15.040512000000001,61.218
25.97582541200063,15.040512000000001,61.343
25.987778694000554,15.07968,61.125
25.999753993000013,15.040512000000001,61.25
26.011709131000316,15.040512000000001,61.406
26.023788209000486,15.001344,61.375
26.037055130000226,15.001344,61.156
26.04942519300039,15.040512000000001,61.218
26.06137047500033,15.07968,61.156
26.074984574000155,15.07968,61.625
26.08715267900061,15.07968,61.218
26.09916657100075,15.07968,61.531
26.111287954000545,15.040512000000001,61.187
26.123374776000674,15.001344,61.312
26.13544780600023,15.001344,61.093
26.147449986000538,15.040512000000001,61.312
26.15943789300036,15.040512000000001,61.562
26.171576589000324,15.040512000000001,61.25
26.18357400000059,15.040512000000001,61.468
26.195560467000178,15.07968,61.156
26.207507285000247,15.07968,61.437
26.21948175200032,15.07968,61.093
26.23147046000031,15.118848,61.25
26.24344403000032,15.118848,61.468
26.25546694700006,15.118848,61.312
26.267448358000365,15.07968,61.406
26.2794838180007,15.07968,61.093
26.291426860000684,15.040512000000001,61.125
26.304709718000595,15.07968,61.218
26.318128163999972,15.118848,61.5
26.33069957600037,15.158016,61.468
26.343789852000555,15.118848,61.156
26.355871970000408,15.118848,61.5
26.367873606000103,15.07968,61.156
26.379871144999925,15.07968,61.281
26.393674689999898,15.040512000000001,61.562
26.40576455200062,15.040512000000001,61.218
26.417792685000677,15.040512000000001,61.531
26.42981457699989,15.040512000000001,61.468
26.441790548000426,15.07968,61.187
26.453753303000667,15.07968,61.312
26.465766939000787,15.07968,61.656
26.478051367000262,15.040512000000001,61.25
26.490054730000338,15.040512000000001,61.375
26.5020736460001,15.040512000000001,61.187
26.51407835400005,15.07968,61.375
26.526073717000145,15.040512000000001,61.093
26.538260734000687,15.040512000000001,61.187
26.550772593000147,15.001344,61.406
26.56409702000019,15.040512000000001,61.375
26.577681486000074,15.040512000000001,61.187
26.591098939999938,15.07968,61.062
26.604525418000776,15.07968,61.281
26.616581423000753,15.07968,61.656
26.6286221320006,15.040512000000001,61.187
26.640691833000346,15.001344,61.437
26.652740030000132,15.001344,61.406
26.66747169900009,15.001344,61.187
26.67951205600002,15.040512000000001,61.375
26.691496571000243,15.040512000000001,61.656
26.70348214200021,15.040512000000001,61.281
26.715486625000267,15.040512000000001,61.468
26.727494884999942,15.07968,61.25
26.739494856999954,15.07968,61.406
26.751465899000323,15.07968,61.187
26.76345111899991,15.118848,61.312
26.775468531000115,15.118848,61.562
26.78746360600053,15.07968,61.187
26.799465690000034,15.07968,61.375
26.8114430680007,15.040512000000001,61.25
26.824662916000307,15.07968,61.093
26.83660115800012,15.118848,61.218
26.849894192000647,15.118848,61.593
26.863214234000225,15.118848,61.5
26.87531849700008,15.118848,61.156
26.887451752000743,15.118848,61.406
26.899462476000735,15.07968,61.187
26.91162526900007,15.040512000000001,61.375
26.926510702000087,15.07968,61.281
26.938499441000204,15.07968,61.531
26.950474580000446,15.07968,61.281
26.962480087000586,15.07968,61.468
26.97445481000068,15.07968,61.218
26.98646364600063,15.118848,61.406
26.99844060900068,15.118848,61.781
27.010440036000546,15.118848,61.281
27.02243316000022,15.158016,61.5
27.03441053900042,15.158016,61.218
27.046436143000392,15.118848,61.343
27.05846254700009,15.118848,61.093
27.070478647000527,15.07968,61.593
27.084286192000036,15.001344,61.125
27.09688131800067,15.040512000000001,61.406
27.110352245000286,15.07968,61.406
27.12370204800027,15.07968,61.125
27.135988523999913,15.07968,61.312
27.148059441999976,15.07968,61.062
27.160187833000236,15.040512000000001,61.218
27.172327041000244,15.001344,61.593
27.184421671000564,15.001344,61.25
27.196437131000494,15.001344,61.375
27.20841995000046,15.040512000000001,61.281
27.220418130000326,15.040512000000001,61.343
27.23240616500061,15.040512000000001,61.781
27.244404920000306,15.040512000000001,61.312
27.256389468000634,15.07968,61.625
27.268359166000664,15.07968,61.218
27.280348897000295,15.07968,61.468
27.292318340000747,15.07968,61.156
27.30430538300061,15.118848,61.343
27.31628621800064,15.07968,61.625
27.328261356999974,15.07968,61.406
27.341500501000155,15.001344,61.125
27.353475544000503,15.040512000000001,61.312
27.366867620999983,15.07968,61.25
27.38030958700074,15.118848,61.093
27.393821347000085,15.118848,61.281
27.40585831200042,15.07968,61.5
27.417899661000774,15.07968,61.187
27.429926609000177,15.040512000000001,61.406
27.44202994400075,15.040512000000001,61.406
27.45492968600047,15.040512000000001,61.187
27.466886296000666,15.07968,61.406
27.478865723000126,15.07968,61.468
27.490872703000605,15.07968,61.218
27.502844704999916,15.07968,61.437
27.514808388000347,15.118848,61.25
27.5267589820005,15.118848,61.406
27.538757033000365,15.118848,61.718
27.550754636999955,15.158016,61.312
27.56273761600005,15.158016,61.562
27.57525661100044,15.118848,61.187
27.58742052300022,15.118848,61.312
27.599696727000264,15.07968,61.312
27.613010209000095,15.118848,60.968
27.625700281000718,15.158016,61.281
27.639001827000357,15.158016,61.218
27.652345070000592,15.158016,61.468
27.664507670000603,15.158016,61.156
27.676764194000498,15.07968,61.312
27.68888922499991,15.040512000000001,61.156
27.701089746000434,15.001344,61.687
27.71575824499996,15.001344,61.25
27.72778128900063,15.001344,61.468
27.739772427999924,15.040512000000001,61.25
27.751874323000266,15.040512000000001,61.406
27.763875061999897,15.040512000000001,61.093
27.775865881000755,15.07968,61.312
27.787817915000232,15.07968,61.656
27.79988003300059,15.07968,61.312
27.811880132000624,15.118848,61.531
27.823900232000597,15.118848,61.187
27.835879563000162,15.118848,61.468
27.847920816000624,15.07968,61.156
27.85987006600044,15.07968,61.531
27.87312725800075,15.07968,61.125
27.886495526000544,15.07968,61.406
27.899726190000365,15.118848,61.312
27.913252063000073,15.118848,61.156
27.925452039999982,15.118848,61.343
27.93754878300024,15.118848,61.593
27.949606451999898,15.07968,61.312
27.961665945000277,15.040512000000001,61.468
27.97382918600033,15.040512000000001,61.218
27.98584672600009,15.040512000000001,61.406
27.99784029700004,15.040512000000001,61.125
28.009838572000263,15.040512000000001,61.406
28.021903794000536,15.07968,61.625
28.034017913000753,15.07968,61.437
28.046013628000765,15.07968,61.312
28.05802582400065,15.118848,61.375
28.07002304300022,15.118848,61.125
28.082145770000352,15.158016,61.312
28.09412334100034,15.158016,61.625
28.106093072000476,15.118848,61.156
28.11807694700019,15.118848,61.281
28.131504160000077,15.07968,61.312
28.14489082900036,15.118848,61.0
28.158266649000325,15.118848,61.312
28.17161917300018,15.158016,61.625
28.183875728000203,15.118848,61.562
28.196015319000253,15.118848,61.25
28.208095165000486,15.07968,61.406
28.220231365000473,15.040512000000001,61.062
28.2330285120006,15.040512000000001,61.375
28.2451553030005,15.07968,61.656
28.25716913100041,15.07968,61.281
28.26926398500018,15.07968,61.531
28.28146185100013,15.040512000000001,61.156
28.29278599400004,15.040512000000001,61.312
28.30488939299994,15.07968,61.187
28.31698539900026,15.07968,61.343
28.329016763000254,15.07968,61.718
28.341008959000646,15.118848,61.437
28.3533843969999,15.118848,61.218
28.365418930000487,15.07968,61.375
28.377429078000205,15.07968,61.0
28.389439352999943,15.040512000000001,61.218
28.401598242000546,15.07968,61.5
28.41353427500053,15.118848,61.187
28.42713141400054,15.118848,61.156
28.44043452799997,15.118848,61.406
28.452511430000413,15.118848,61.156
28.46461585199995,15.07968,61.375
28.476729491000697,15.040512000000001,61.656
28.488773816000503,15.040512000000001,61.343
28.503066494999985,15.040512000000001,61.218
28.515208999000606,15.040512000000001,61.406
28.52720407400011,15.07968,61.187
28.539187277000565,15.07968,61.406
28.551225490000434,15.07968,61.656
28.563213653000275,15.07968,61.281
28.575253433000398,15.07968,61.531
28.587589895000747,15.118848,61.187
28.599817649000215,15.158016,61.406
28.611831509000694,15.158016,61.125
28.623899930000334,15.118848,61.343
28.63614310899993,15.07968,61.5
28.648134984000535,15.07968,61.437
28.661553877000188,15.07968,61.187
28.6750998790003,15.118848,61.343
28.68840948900015,15.118848,61.406
28.70171561100051,15.158016,61.062
28.713857794000432,15.118848,61.281
28.72596554500069,15.118848,61.468
28.738042031000077,15.07968,61.218
28.750129973000185,15.07968,61.156
28.764944524000384,15.07968,61.406
28.77688423700056,15.07968,61.125
28.788853296000525,15.07968,61.343
28.80075403200044,15.07968,61.562
28.812691282000742,15.118848,61.25
28.82466181200016,15.118848,61.562
28.836587766000775,15.118848,61.187
28.848524887000167,15.158016,61.406
28.860482425000555,15.158016,61.656
28.87245830000029,15.158016,61.25
28.883655976000227,15.118848,61.406
28.895646091000344,15.040512000000001,61.156
28.90764715000023,15.040512000000001,61.281
28.920285157000762,15.001344,61.25
28.93371969800046,15.040512000000001,60.968
28.946987674999946,15.07968,61.187
28.960252708000553,15.118848,61.187
28.973041951000596,15.07968,61.406
28.985131269000703,15.07968,61.187
28.99726884500069,15.040512000000001,61.375
29.009401748000528,15.040512000000001,61.187
29.022517752000567,15.040512000000001,61.25
29.034734242000013,15.040512000000001,61.531
29.046767718999945,15.040512000000001,61.406
29.0588000430007,15.040512000000001,61.218
29.07091051400039,15.040512000000001,61.406
29.082918484999936,15.07968,61.156
29.09486607100007,15.07968,61.375
29.10682389700014,15.07968,61.5
29.118813661000786,15.118848,61.25
29.130761246000475,15.118848,61.406
29.142704224000227,15.158016,61.187
29.154664258000594,15.07968,61.343
29.16663677300039,15.07968,60.937
29.18075949500053,15.040512000000001,61.562
29.193928013000004,15.07968,61.125
29.207383515999936,15.07968,61.406
29.220812330000626,15.118848,61.375
29.234093555000072,15.118848,61.093
29.2462129860005,15.07968,61.281
29.25833657700059,15.07968,61.562
29.27048909700079,15.040512000000001,61.281
29.28257406300054,15.040512000000001,61.281
29.29636717500034,15.040512000000001,61.343
29.308446349000405,15.040512000000001,61.156
29.320493202000762,15.07968,61.343
29.332525845999953,15.07968,61.562
29.344487225000194,15.07968,61.218
29.356473756000014,15.07968,61.562
29.368524577000244,15.118848,61.187
29.380571205000706,15.118848,61.281
29.392538024000714,15.118848,61.062
29.404471433000253,15.158016,61.281
29.416442860000643,15.118848,61.531
29.428433935000612,15.07968,61.343
29.442281769000147,15.040512000000001,61.093
29.45550814500075,15.07968,61.25
29.46892335800021,15.118848,61.281
29.481941568000366,15.040512000000001,61.625
29.49464876000002,15.040512000000001,61.25
29.50678083100047,15.040512000000001,61.468
29.518879078000282,15.001344,61.156
29.531073199000275,14.962176,61.343
29.543198998000662,14.962176,61.375
29.556178677999924,14.962176,61.687
29.568118615999992,14.962176,61.218
29.580056761000378,14.962176,61.5
29.591984699000022,15.001344,61.25
29.603944157000115,15.001344,61.406
29.616170119000344,15.040512000000001,61.187
29.628492276000543,15.040512000000001,61.375
29.64059532200008,15.07968,61.593
29.652618366000752,15.07968,61.25
29.664585472,15.118848,61.406
29.676627941000334,15.07968,61.25
29.688769037000384,15.040512000000001,61.25
29.700787665000462,15.040512000000001,61.25
29.71413190000021,15.040512000000001,61.531
29.727645836000193,15.07968,61.437
29.740972247000173,15.07968,61.25
29.75438077200033,15.07968,61.406
29.7665552440003,15.07968,61.218
29.77865845100041,15.07968,61.312
29.790710359000514,15.040512000000001,61.125
29.802753372000552,15.001344,61.281
29.81695945699994,15.001344,61.218
29.828997092999998,15.001344,61.406
29.841005705000498,15.001344,61.187
29.85303681300047,15.040512000000001,61.375
29.86511310700007,15.040512000000001,61.156
29.87720520900075,15.07968,61.25
29.889189372000146,15.040512000000001,61.5
29.901193919000434,15.07968,61.187
29.91317897800036,15.118848,61.437
29.92518051800016,15.118848,61.062
29.937199177000366,15.118848,61.406
29.949187564000567,15.07968,61.593
29.961318036000193,15.040512000000001,61.406
29.974662559000535,15.07968,61.156
29.98803860299995,15.07968,61.312
30.000481115000184,15.118848,61.312
30.01399690800008,15.118848,61.093
30.026150612000492,15.118848,61.312
30.038349565000317,15.07968,61.437
30.050460387000385,15.040512000000001,61.187
30.062542057000428,15.040512000000001,61.5
30.076891665999938,15.001344,61.25
30.08938240400039,14.962176,61.125
30.101542668000548,14.962176,61.25
30.11356369600071,14.962176,61.531
30.12558901200009,15.001344,61.25
30.13759967200076,15.001344,61.406
30.149623068000437,15.001344,61.187
30.16159455900015,15.040512000000001,61.312
30.173586945999887,15.040512000000001,61.062
30.185560068000086,15.07968,61.218
30.197607625000273,15.07968,61.406
30.209578603999944,15.040512000000001,61.437
30.221671378000792,15.040512000000001,60.968
30.23537616700014,14.962176,61.312
30.248614672000258,15.001344,61.25
30.26162696100073,15.040512000000001,61.562
30.274993405000714,15.040512000000001,61.187
30.288196548000087,15.040512000000001,61.406
30.300291882000238,15.040512000000001,61.437
30.312366383000153,15.001344,61.156
30.324470133999966,15.001344,61.281
30.33659446100046,15.001344,61.687
30.350195632000577,15.001344,61.187
30.362156146000416,15.001344,61.5
30.374116052000318,15.040512000000001,61.25
30.38620140200055,15.001344,61.437
30.39814140300041,15.040512000000001,61.062
30.410223361000135,15.040512000000001,61.406
30.42232583200075,15.07968,61.656
30.43429802600076,15.07968,61.437
30.446287661000497,15.07968,61.125
30.4582461910004,15.118848,61.437
30.47035083800074,15.07968,61.156
30.482344761000604,15.07968,61.187
30.496357208000518,15.001344,61.562
30.50969827500012,15.040512000000001,61.312
30.52308548700057,15.07968,61.156
30.53648966000037,15.07968,61.312
30.548692037000365,15.07968,61.281
30.560774763000154,15.07968,61.187
30.5729513160004,15.040512000000001,61.25
30.58503576900057,15.040512000000001,61.5
30.59853024900076,15.040512000000001,61.187
30.61067246500079,15.040512000000001,61.406
30.62267246800002,15.040512000000001,61.156
30.634716280000248,15.040512000000001,61.406
30.646948451000753,15.040512000000001,61.656
30.658975399000155,15.07968,61.531
30.671069325000644,15.07968,61.5
30.68245465400014,15.001344,61.375
30.69425449100072,15.040512000000001,61.406
30.706257727000775,15.040512000000001,61.343
30.718297379000433,15.040512000000001,61.093
30.730304391000573,15.040512000000001,61.218
30.742300810000415,15.001344,61.406
30.754335982000157,15.001344,61.156
30.7672527170007,15.001344,61.406
30.780548662,15.040512000000001,61.281
30.79372022000007,15.040512000000001,61.062
30.806875490000493,15.040512000000001,61.218
30.81923160000042,15.040512000000001,61.468
30.8313835429999,15.040512000000001,61.218
30.84347446100037,15.001344,61.406
30.85567139900013,14.962176,61.093
30.867792621000262,14.962176,61.375
30.879777648000527,15.001344,61.312
30.891773235000073,15.001344,61.562
30.903716405000523,15.001344,61.187
30.915673527000763,15.001344,61.5
30.927658682000583,15.040512000000001,61.125
30.939608988000145,15.040512000000001,61.375
30.951585822000197,15.07968,61.062
30.963589186000718,15.07968,61.25
30.97557142900041,15.07968,61.531
30.987567879999915,15.118848,61.187
30.999552875000518,15.040512000000001,61.406
31.011515148999933,15.040512000000001,60.937
31.023710901999948,15.040512000000001,61.281
31.03594672000054,15.07968,61.531
31.049479441000585,15.118848,61.468
31.061351952000223,15.118848,61.187
31.074449684000683,15.118848,61.437
31.086598331999994,15.118848,61.25
31.098725890999958,15.07968,61.312
31.111031567000282,15.07968,61.625
31.123339132000183,15.07968,61.593
31.136884333000125,15.07968,61.218
31.14885966300062,15.07968,61.437
31.161004791000778,15.07968,61.25
31.1731074850004,15.07968,61.406
31.185195843000656,15.118848,61.187
31.197211815000628,15.118848,61.375
31.209199658000216,15.118848,61.468
31.22131441700003,15.158016,61.093
31.233260082000015,15.158016,61.343
31.24520539600053,15.158016,61.093
31.2571805030002,15.118848,61.312
31.269201882000743,15.118848,61.218
31.284035409999888,15.040512000000001,61.406
31.29688673400051,15.040512000000001,61.031
31.30931267000051,15.07968,61.125
31.322904048000055,15.07968,61.312
31.33527987100024,15.07968,61.125
31.347471752000274,15.07968,61.312
31.359625040000537,15.07968,61.593
31.37210169700029,15.040512000000001,61.437
31.384162950000245,15.001344,61.25
31.397726488000444,15.040512000000001,61.375
31.409680954000578,15.040512000000001,61.156
31.421787424000286,15.040512000000001,61.375
31.43386247000035,15.040512000000001,61.593
31.445865641000637,15.07968,61.218
31.457854828000563,15.07968,61.5
31.469917361000626,15.07968,61.25
31.48190078800053,15.118848,61.406
31.493871350000518,15.118848,61.125
31.505817432000185,15.158016,61.281
31.517827868000495,15.118848,61.5
31.529807006000738,15.07968,61.312
31.541863907000334,15.07968,61.156
31.554789186000562,15.118848,61.281
31.568043434000174,15.118848,61.25
31.58153669800049,15.158016,61.593
31.593571293999958,15.197184,61.312
31.60569770100028,15.158016,61.531
31.617773290000514,15.158016,61.156
31.629859248000685,15.118848,61.375
31.642010360000313,15.07968,61.312
31.65669316200001,15.07968,61.687
31.66846480700042,15.118848,61.25
31.68065822400058,15.118848,61.531
31.69266168300055,15.118848,61.281
31.70490950200019,15.118848,61.406
31.71686544000022,15.158016,61.156
31.728820354000163,15.118848,61.25
31.74078950800049,15.158016,61.656
31.752748102000623,15.158016,61.312
31.764681639000628,15.197184,61.468
31.776619945000675,15.158016,61.125
31.788547722000658,15.118848,61.25
31.80048945100043,15.118848,61.031
31.81234596200011,15.118848,61.25
31.82551739200062,15.158016,61.156
31.838898876000712,15.197184,61.375
31.852308617000745,15.197184,61.156
31.86439121500007,15.158016,61.375
31.8764799569999,15.158016,61.187
31.888117229000272,15.07968,61.187
31.90018251500078,15.040512000000001,61.531
31.91230277700015,15.001344,61.468
31.924318525000672,15.001344,61.156
31.936334465000073,15.040512000000001,61.406
31.948295459000292,15.040512000000001,61.187
31.960226948000127,15.040512000000001,61.375
31.972195430000284,15.07968,61.625
31.98411299899999,15.07968,61.25
31.99607130500044,15.07968,61.437
32.00802497099994,15.118848,61.125
32.02000295800008,15.118848,61.343
32.03193140700023,15.158016,61.125
32.04386574399996,15.118848,61.281
32.056041944000754,15.07968,61.468
32.068060444000366,15.040512000000001,61.187
32.08141156000056,15.07968,61.031
32.09463425500053,15.118848,61.375
32.10798268200051,15.118848,61.281
32.12152330700064,15.118848,61.562
32.13362456100003,15.118848,61.218
32.14563096500024,15.07968,61.468
32.1577168900003,15.040512000000001,61.125
32.16987805000008,15.040512000000001,61.125
32.184781148000184,15.040512000000001,61.375
32.196737406000466,15.07968,61.656
32.20865731000049,15.07968,61.343
32.22066819400061,15.07968,61.5
32.23261712400017,15.07968,61.25
32.244532676000745,15.118848,61.437
32.25645654900018,15.118848,61.125
32.26840410300065,15.118848,61.343
32.28038772200034,15.158016,61.593
32.292350636000265,15.158016,61.25
32.304313998,15.118848,61.531
32.31627934400058,15.118848,61.093
32.32826203500008,15.07968,61.281
32.34149039500062,15.118848,61.218
32.354897256000186,15.158016,61.625
32.368316277000304,15.158016,61.468
32.38150585099993,15.158016,61.218
32.3936167060001,15.158016,61.406
32.40574663300049,15.118848,61.093
32.41787915200075,15.07968,61.25
32.429922261000684,15.07968,61.75
32.44347699800073,15.07968,61.343
32.45547527300005,15.07968,61.468
32.46747972400044,15.118848,61.187
32.47945844700007,15.07968,61.406
32.490675067000666,15.040512000000001,61.125
32.50170560100014,15.07968,61.375
32.51369117200011,15.07968,61.656
32.52570480800023,15.07968,61.25
32.53764832900015,15.118848,61.406
32.54960986700007,15.118848,61.156
32.56157444500059,15.118848,61.375
32.57358808100071,15.07968,61.218
32.58557829200072,15.07968,61.468
32.59898665700075,15.040512000000001,61.187
32.61246056000073,15.07968,61.375
32.62600419200044,15.07968,61.406
32.63913254900035,15.118848,61.187
32.652100869000606,15.07968,61.343
32.664237036000486,15.07968,61.781
32.67626724799993,15.07968,61.187
32.68842047199996,15.040512000000001,61.5
32.7026831660005,15.040512000000001,61.437
32.71491140000035,15.040512000000001,61.187
32.72692125899994,15.07968,61.343
32.7389070220006,15.040512000000001,61.187
32.75087912100025,15.07968,61.281
32.76285681900026,15.07968,61.5
32.77479634000065,15.07968,61.281
32.78674267800034,15.118848,61.406
32.798697688000175,15.118848,61.125
32.81087318400023,15.118848,61.312
32.822859587000494,15.158016,61.312
32.83487229500042,15.07968,61.531
32.84684650500003,15.07968,61.062
32.8600942890007,15.07968,61.375
32.87346178900043,15.07968,61.281
32.8872639250003,15.118848,61.093
32.89962928300065,15.158016,61.281
32.91227986600006,15.118848,61.593
32.924395136000385,15.118848,61.281
32.93651008699999,15.07968,61.406
32.94851809000011,15.040512000000001,61.187
32.96237030800057,15.040512000000001,61.156
32.97452590000012,15.07968,61.312
32.98651687900019,15.07968,61.593
32.99849534600071,15.07968,61.312
33.01049304500066,15.07968,61.437
33.022485240000606,15.118848,61.187
33.03449221900064,15.118848,61.406
33.04646172499997,15.118848,61.125
33.05867271100033,15.158016,61.218
33.07102978000057,15.158016,61.187
33.083153178999964,15.158016,61.406
33.09532678800042,15.040512000000001,61.187
33.10744039400015,15.040512000000001,61.25
33.11944906999997,15.001344,61.0
33.13274386300054,15.040512000000001,61.562
33.14620483700037,15.07968,61.156
33.159712917000434,15.07968,61.437
33.17295145300068,15.07968,61.125
33.18499363400042,15.07968,61.406
33.19697962000009,15.07968,61.25
33.20902375300011,15.040512000000001,61.593
33.221246611000424,15.001344,61.25
33.23574940800063,15.001344,61.531
33.24772957000005,15.001344,61.187
33.25968326800012,15.040512000000001,61.406
33.27175873000033,15.040512000000001,61.156
33.28372657199998,15.040512000000001,61.343
33.29566996500034,15.07968,61.625
33.30759310200028,15.07968,61.5
33.31954459200006,15.07968,61.343
33.33150840200051,15.118848,61.375
33.34348283700001,15.118848,61.156
33.35543269400023,15.07968,61.281
33.36739186400064,15.07968,61.5
33.37941999600025,15.040512000000001,61.125
33.3926127069999,15.07968,61.375
33.4061337789999,15.118848,61.406
33.41937532300017,15.118848,61.156
33.43260829100018,15.118848,61.281
33.44471536900073,15.118848,61.593
33.456841488000464,15.118848,61.218
33.46896655100045,15.040512000000001,61.531
33.48104828400028,15.040512000000001,61.437
33.49604229600027,15.040512000000001,61.125
33.507995706000656,15.040512000000001,61.375
33.52004441400004,15.07968,61.656
33.532062946000224,15.07968,61.625
33.54404218000036,15.07968,61.562
33.555979750000006,15.118848,61.437
33.56787101400005,15.118848,61.187
33.57993130700015,15.118848,61.312
33.5918868280005,15.158016,61.562
33.603864591000274,15.158016,61.281
33.61580209600015,15.118848,61.531
33.627832244000274,15.118848,61.093
33.63983554300012,15.07968,61.375
33.653204578999976,15.118848,60.968
33.66636839200055,15.118848,61.031
33.67975006800043,15.158016,61.218
33.69247396500032,15.07968,61.5
33.7043698690004,15.07968,61.156
33.71685846300079,15.07968,61.406
33.72901130199989,15.040512000000001,61.312
33.74118871900009,15.001344,61.062
33.75606967100066,15.001344,61.312
33.76812461999998,15.001344,61.562
33.78009457400003,15.001344,61.25
33.792038159000185,15.001344,61.406
33.80395246400076,15.040512000000001,61.406
33.81602773300074,15.040512000000001,61.343
33.82797826300066,15.040512000000001,61.281
33.839936441000646,15.07968,61.593
33.8521576990006,15.07968,61.281
33.864242280000326,15.118848,61.406
33.87624369100013,15.118848,61.125
33.888224205999904,15.040512000000001,61.218
33.90016804700008,15.07968,61.0
33.91461145100038,15.040512000000001,61.437
33.92658527700041,15.07968,61.093
33.94004596300056,15.07968,61.437
33.953309395999895,15.118848,61.156
33.965561535000234,15.07968,61.375
33.977702502000284,15.07968,61.281
33.98981966000065,15.040512000000001,61.531
34.001882065000245,15.040512000000001,61.156
34.01397992700004,15.040512000000001,61.437
34.02597826600049,15.040512000000001,61.187
34.03790153099999,15.040512000000001,61.406
34.049846237000565,15.040512000000001,61.187
34.0619161300001,15.040512000000001,61.375
34.073902565000026,15.07968,61.593
34.08585949500048,15.07968,61.312
34.09790221900039,15.07968,61.468
34.109866540999974,15.118848,61.062
34.12198683600036,15.118848,61.312
34.13391003700053,15.158016,61.125
34.14600521000011,15.07968,61.281
34.157965404000606,15.07968,61.375
34.16985702000056,15.07968,61.406
34.1831953990004,15.07968,61.125
34.19654366600025,15.118848,61.281
34.20984614000008,15.118848,61.375
34.22279861900006,15.118848,61.5
34.23479564600075,15.118848,61.312
34.24688829200022,15.07968,61.468
34.258912776000216,15.040512000000001,61.281
34.27237759000036,15.040512000000001,61.406
34.284443643000486,15.001344,61.093
34.296040819000154,14.962176,61.218
34.30801138100014,14.962176,61.593
34.3199576220004,14.962176,61.25
34.33186725500036,15.001344,61.5
34.343805559999964,15.001344,61.218
34.35581605900006,15.001344,61.406
34.36776678100068,15.040512000000001,61.375
34.37976944000002,15.040512000000001,61.593
34.39172713800053,15.07968,61.25
34.40370051700029,15.07968,61.406
34.4156178610001,15.040512000000001,61.156
34.42770417100019,15.040512000000001,61.343
34.44137561500065,15.001344,60.968
34.45387080100045,15.040512000000001,61.468
34.46716047500013,15.07968,61.156
34.48044227600076,15.07968,61.406
34.49264042800041,15.07968,61.156
34.504710386000625,15.07968,61.406
34.51683349599989,15.040512000000001,61.125
34.5289691830003,15.001344,61.312
34.54104099699998,15.001344,61.531
34.5530622160004,15.001344,61.531
34.565039947000514,15.040512000000001,61.187
34.57703483000023,15.040512000000001,61.437
34.58905249700001,15.040512000000001,61.218
34.60102190700036,15.07968,61.375
34.613021398000456,15.07968,61.687
34.625026586000786,15.07968,61.218
34.6370117080005,15.118848,61.406
34.64897251000002,15.118848,61.156
34.66104505900057,15.118848,61.468
34.673095304000526,15.07968,61.062
34.68529272100022,15.07968,61.125
34.69739477500025,15.040512000000001,61.562
34.70947785200042,15.118848,61.375
34.72313457600012,15.118848,61.187
34.736619167000754,15.158016,61.406
34.74920347600073,15.158016,61.125
34.76135061900004,15.158016,61.375
34.77343555300013,15.118848,61.531
34.78547050100042,15.07968,61.437
34.79842096399989,15.07968,61.218
34.81055095500051,15.07968,61.406
34.82250510100039,15.07968,61.093
34.83449595100046,15.07968,61.375
34.84651345900056,15.07968,61.625
34.8585174939999,15.118848,61.218
34.87058649100072,15.118848,61.5
34.8825440290002,15.118848,61.156
34.89475725400007,15.040512000000001,61.375
34.90686788500079,15.07968,61.093
34.91881879800076,15.07968,61.218
34.930770768,15.07968,61.562
34.9427654910005,15.040512000000001,61.125
34.954844312000205,15.040512000000001,61.156
34.9683442000005,15.040512000000001,61.281
34.981641393000245,15.07968,61.218
34.99488031300007,15.07968,61.625
35.00818230599998,15.118848,61.281
35.020197222000206,15.07968,61.406
35.03225450700029,15.07968,61.125
35.04433512000014,15.040512000000001,61.437
35.05635992400039,15.025856,61.125
35.06856662100017,15.001344,61.375
35.08054736000031,15.040512000000001,61.656
35.09250208100002,15.040512000000001,61.25
35.104423266000595,15.040512000000001,61.531
35.11637258000064,15.07968,61.218
35.12835632600036,15.07968,61.406
35.140292391,15.07968,61.281
35.15225418499995,15.118848,61.5
35.164186698000776,15.118848,61.312
35.17616628500036,15.118848,61.406
35.1880969419999,15.158016,61.218
35.20008324800074,15.07968,61.25
35.21203653000066,15.07968,60.968
35.22585370700017,15.07968,61.218
35.23895303900008,15.07968,61.156
35.25253609600077,15.118848,61.437
35.264594853000744,15.158016,61.156
35.27699131600002,15.118848,61.406
35.28903535200061,15.118848,61.156
35.30112355000074,15.07968,61.343
35.31322979600009,15.07968,61.5
35.32524493600067,15.07968,61.312
35.33707690200026,15.07968,61.531
35.349044616000356,15.118848,61.406
35.36103309900045,15.118848,61.218
35.373034797999935,15.118848,61.343
35.38501972800077,15.118848,61.687
35.39700555500076,15.118848,61.343
35.40900616599993,15.158016,61.5
35.42100242500055,15.158016,61.156
35.432982172000266,15.158016,61.281
35.44493692500055,15.197184,61.187
35.456858653999916,15.118848,61.343
35.46881680000024,15.118848,61.406
35.48260498400032,15.07968,61.125
35.49529470300058,15.001344,61.125
35.50859112800026,15.040512000000001,61.25
35.5220602950003,15.07968,61.218
35.535178475000066,15.07968,61.593
35.54724308799996,15.07968,61.281
35.55937355900005,15.040512000000001,61.5
35.57154863899996,15.001344,61.156
35.58359302700046,15.001344,61.406
35.59719963800035,15.001344,61.406
35.609391807000065,15.040512000000001,61.625
35.621640873000615,15.040512000000001,61.281
35.633672141000716,15.040512000000001,61.562
35.645656687000155,15.040512000000001,61.187
35.657640242000525,15.07968,61.375
35.66960942800051,15.040512000000001,61.218
35.6816021350005,15.07968,61.343
35.6935800250003,15.118848,61.656
35.70583325200005,15.118848,61.281
35.717858599000465,15.118848,61.531
35.72983633000058,15.07968,61.125
35.741998673000126,15.040512000000001,61.375
35.75541830200018,15.07968,61.187
35.76952230400002,15.118848,61.281
35.783186452000336,15.118848,61.468
35.79648255700067,15.118848,61.187
35.808675078000306,15.118848,61.406
35.82090046400026,15.118848,61.156
35.83297618100005,15.07968,61.406
35.8451267800001,15.040512000000001,61.343
35.8600325970001,15.040512000000001,61.562
35.87205807300052,15.040512000000001,61.156
35.884147647000646,15.07968,61.5
35.89608870400025,15.07968,61.156
35.908053538000786,15.07968,61.406
35.92005347700069,15.118848,61.25
35.932022087000405,15.118848,61.343
35.943955976000325,15.118848,61.531
35.95589620100054,15.158016,61.281
35.967841931000294,15.158016,61.437
35.97984551800073,15.118848,61.375
35.99181249600042,15.118848,61.0
36.00379422600054,15.07968,61.218
36.01721663900025,15.07968,61.5
36.03077288000077,15.118848,61.437
36.04394795799999,15.158016,61.218
36.05592063200038,15.158016,61.312
36.06839012100045,15.118848,61.156
36.080572914000186,15.118848,61.312
36.092533075000574,15.040512000000001,61.5
36.104790270000194,15.001344,61.437
36.11891840000044,15.001344,61.125
36.13091933100077,15.001344,61.343
36.142945895000594,15.040512000000001,61.125
36.15492692099997,15.040512000000001,61.281
36.16703995200078,15.040512000000001,61.625
36.179039667000325,15.07968,61.25
36.19107835900013,15.07968,61.5
36.203089690000525,15.07968,61.125
36.21508367700062,15.118848,61.343
36.22709459199996,15.118848,61.125
36.239103491000606,15.118848,61.25
36.25111584700062,15.07968,61.625
36.26309271300033,15.07968,61.406
36.27593021300072,15.040512000000001,61.093
36.28930846500043,15.07968,61.281
36.30131262800023,15.118848,61.093
36.31475184100054,15.158016,61.625
36.3274679619999,15.118848,61.281
36.33956723200026,15.118848,61.437
36.35168080600033,15.07968,61.187
36.36379210800078,15.040512000000001,61.406
36.3765858630004,15.040512000000001,61.093
36.388672460000635,15.040512000000001,61.375
36.40082875600001,15.07968,61.625
36.412778069000524,15.07968,61.281
36.42472770299992,15.07968,61.437
36.43666028000007,15.07968,61.187
36.44873625300079,15.07968,61.468
36.46066790200075,15.118848,61.281
36.47263788800046,15.118848,61.562
36.48456400100076,15.158016,61.187
36.49651638600062,15.158016,61.437
36.508449443000245,15.118848,61.125
36.52059722700051,15.118848,61.187
36.534654699000384,15.040512000000001,61.187
36.54794670800038,15.07968,61.562
36.56111480900017,15.118848,61.187
36.57433366400073,15.118848,61.406
36.58650621600009,15.118848,61.437
36.59867118400052,15.118848,61.218
36.61079483899994,15.118848,61.312
36.62289522900028,15.07968,61.687
36.63507360499989,15.07968,61.25
36.64870440800041,15.07968,61.531
36.66067106600076,15.07968,61.218
36.67263775600077,15.07968,61.406
36.68460243000027,15.07968,61.218
36.6958748269999,15.001344,61.281
36.70764832700024,15.040512000000001,61.531
36.71964282600038,15.040512000000001,61.312
36.73161914800039,15.07968,61.406
36.743578190000335,15.07968,61.187
36.755542384000364,15.07968,61.343
36.767527763000544,15.07968,61.218
36.779598488000374,15.040512000000001,61.5
36.79177977600011,15.07968,61.125
36.80563545000041,15.040512000000001,61.343
36.81917345000056,15.07968,61.312
36.832678266000585,15.118848,61.062
36.84574630000043,15.118848,61.312
36.857938213000125,15.118848,61.75
36.870152878000226,15.07968,61.281
36.88223259500046,15.040512000000001,61.437
36.89435279400004,15.040512000000001,61.468
36.90667200600001,15.040512000000001,61.125
36.91921794500013,15.040512000000001,61.406
36.931180027000664,15.040512000000001,61.687
36.94312274799995,15.040512000000001,61.281
36.955094622000615,15.07968,61.593
36.967076545000054,15.07968,61.25
36.97909248399992,15.07968,61.5
36.99109754300025,15.118848,61.156
37.003099274000306,15.118848,61.312
37.01509818900013,15.118848,61.625
37.027116145000036,15.158016,61.312
37.03906721800013,15.07968,61.5
37.05100805100028,15.07968,61.375
37.06513672500023,15.07968,61.093
37.077723050000714,15.118848,61.281
37.091232729000694,15.118848,61.312
37.104508354000245,15.118848,61.531
37.11681786999998,15.118848,61.125
37.12883873800001,15.118848,61.437
37.140842933000386,15.07968,61.156
37.153039837000506,15.040512000000001,61.312
37.16515002000051,15.040512000000001,61.718
37.177338987999974,15.040512000000001,61.25
37.18926574100078,15.040512000000001,61.5
37.2012167820003,15.040512000000001,61.25
37.21319361699989,15.07968,61.406
37.225187027000175,15.07968,61.406
37.23717259800014,15.07968,61.125
37.24913506400026,15.118848,61.281
37.261125754000204,15.118848,61.437
37.2731288290006,15.118848,61.187
37.285131040000124,15.158016,61.343
37.296548242000426,15.040512000000001,61.062
37.308629015000406,15.040512000000001,61.218
37.32069708400013,15.001344,61.562
37.33418586700009,15.001344,61.187
37.34743851500025,15.040512000000001,61.125
37.360643354000786,15.07968,61.375
37.37390013000004,15.07968,61.125
37.38597754300008,15.040512000000001,61.375
37.398004106999906,15.040512000000001,61.625
37.4101233450001,15.001344,61.25
37.42222015100015,15.001344,61.218
37.43655811100052,15.001344,61.437
37.44849900900044,15.001344,61.25
37.46042019300057,15.001344,61.312
37.47240275600052,15.001344,61.156
37.484385862000636,15.040512000000001,61.312
37.49632928700066,15.07968,61.593
37.5082676560005,15.040512000000001,61.218
37.52030516400009,15.07968,61.468
37.532329840000784,15.118848,61.125
37.54430513800071,15.118848,61.281
37.556282739999915,15.07968,61.625
37.56820878899998,15.040512000000001,61.437
37.580151670000305,15.040512000000001,61.187
37.592680041000676,15.07968,61.312
37.60508690400002,15.118848,61.093
37.618293022000216,15.118848,61.031
37.63178244500068,15.118848,61.25
37.64398879000055,15.118848,61.531
37.6559795130006,15.118848,61.218
37.66794418600057,15.07968,61.406
37.67997311799991,15.040512000000001,61.218
37.69196617700072,15.07968,61.343
37.70402070900036,15.07968,61.187
37.7161494840002,15.07968,61.25
37.72810756600029,15.07968,61.625
37.740066031000424,15.07968,61.156
37.75206206600069,15.118848,61.406
37.76409880600022,15.118848,61.312
37.7760564400005,15.118848,61.375
37.787970807999955,15.158016,61.687
37.79988508000042,15.158016,61.25
37.81228493500021,15.197184,61.5
37.824410510000234,15.118848,61.312
37.836528692000684,15.118848,61.093
37.85113408400048,15.07968,61.031
37.86448110299989,15.118848,61.156
37.87790479600062,15.158016,61.531
37.89117997199992,15.118848,61.375
37.903756407999936,15.07968,61.156
37.915874271000575,15.040512000000001,61.312
37.92786691299989,15.040512000000001,61.125
37.93995258300038,15.001344,61.312
37.954151243000524,15.001344,61.562
37.96618382199995,15.001344,61.5
37.97817880100047,15.001344,61.312
37.99020421300065,15.001344,61.406
38.00220492000062,15.001344,61.125
38.01420418700036,15.040512000000001,61.312
38.02619126100035,15.040512000000001,61.625
38.03817519900076,15.07968,61.218
38.05013232100009,15.07968,61.406
38.06206368200037,15.07968,61.125
38.074102790000325,15.118848,61.343
38.08604016700065,15.07968,61.156
38.0980037850004,15.07968,61.093
38.111442134000754,15.001344,61.093
38.12466540500009,15.040512000000001,61.343
38.137889220000034,15.07968,61.156
38.15123860700078,15.07968,61.156
38.1643735560001,15.07968,61.25
38.17652268300026,15.07968,61.656
38.18855759899998,15.040512000000001,61.25
38.200598179000735,15.001344,61.406
38.21260493400041,15.001344,61.187
38.22620482399998,15.040512000000001,61.406
38.23817641000005,15.040512000000001,61.375
38.2502047020007,15.040512000000001,61.75
38.26222393700027,15.040512000000001,61.312
38.27443677800056,15.07968,61.531
38.28644692600028,15.07968,61.218
38.2984278240001,15.07968,61.406
38.310410194000724,15.118848,61.125
38.322489080000196,15.118848,61.25
38.33446914600063,15.158016,61.625
38.346430908,15.07968,61.312
38.358462783000505,15.07968,61.375
38.37173184800031,15.040512000000001,61.343
38.385135380000065,15.07968,61.0
38.39863462700032,15.07968,61.343
38.411984750000556,15.118848,61.281
38.425174836000224,15.118848,61.468
38.43724840899995,15.118848,61.218
38.449438498000745,15.07968,61.437
38.461560808000286,15.040512000000001,61.125
38.4737483050003,15.040512000000001,61.187
38.4869017179999,15.040512000000001,61.218
38.49841792999996,14.962176,61.468
38.51016477400026,14.962176,61.156
38.5222006490003,14.962176,61.437
38.53418519600018,15.001344,61.125
38.54615988600017,15.001344,61.375
38.5581081750006,15.001344,61.187
38.570164148,15.040512000000001,61.25
38.582285561999925,15.07968,61.5
38.59433705400079,15.07968,61.187
38.60630112000035,15.07968,61.406
38.61828809899998,15.040512000000001,61.062
38.63027197300016,15.040512000000001,61.25
38.643742451000435,15.001344,61.156
38.657374790000176,15.040512000000001,61.468
38.669452363000346,15.07968,61.187
38.68155803300033,15.118848,61.406
38.693775035000726,15.07968,61.187
38.70586483200077,15.07968,61.343
38.71794742900056,15.040512000000001,61.656
38.7299501840007,15.040512000000001,61.187
38.742201107000255,15.040512000000001,61.5
38.75429381600043,15.040512000000001,61.156
38.766264378000415,15.040512000000001,61.406
38.77823551600068,15.040512000000001,61.406
38.790202206000686,15.040512000000001,61.125
38.80212575800033,15.07968,61.25
38.814086463999956,15.07968,61.593
38.82617117300015,15.118848,61.187
38.83844625600068,15.118848,61.406
38.85047755600044,15.118848,61.062
38.86253564100025,15.158016,61.375
38.87452575499992,15.07968,61.687
38.886525406000146,15.07968,61.437
38.90079520400013,15.040512000000001,61.125
38.91384087000006,15.040512000000001,61.343
38.9270317240007,15.07968,61.343
38.94052421900051,15.07968,61.062
38.954028330000256,15.07968,61.25
38.966078989999914,15.07968,61.593
38.97810286599997,15.040512000000001,61.187
38.99018722300025,15.001344,61.406
39.00227177200031,15.001344,61.375
39.01563261499996,15.040512000000001,61.093
39.02763079400029,15.040512000000001,61.312
39.03958983600023,15.040512000000001,61.656
39.05157131000033,15.040512000000001,61.25
39.06351767900014,15.040512000000001,61.437
39.075535059000686,15.07968,61.25
39.08755807000034,15.07968,61.375
39.098899366000296,15.040512000000001,61.031
39.1109664100004,15.040512000000001,61.156
39.12302103900038,15.040512000000001,61.406
39.135026930000095,15.040512000000001,61.187
39.14700712400008,15.001344,61.312
39.159022711000034,15.001344,61.343
39.17257645600057,15.001344,61.0
39.186134264999964,15.040512000000001,61.218
39.19940467300057,15.040512000000001,61.187
39.21274596400053,15.07968,61.406
39.22485288200005,15.040512000000001,61.156
39.23689855000066,15.040512000000001,61.406
39.2489799949999,15.001344,61.125
39.26110880200031,15.001344,61.343
39.27329540200026,15.001344,61.562
39.285336622000614,15.001344,61.125
39.297317296000074,15.001344,61.406
39.30923470500056,15.001344,61.218
39.32121515500057,15.040512000000001,61.406
39.3331965010002,15.040512000000001,61.187
39.34515797499989,15.040512000000001,61.375
39.35715017000075,15.07968,61.562
39.36915158000011,15.07968,61.25
39.38116809600069,15.07968,61.375
39.39315757000077,15.118848,61.406
39.405169637000654,15.040512000000001,61.093
39.417152552000516,15.07968,61.062
