t_s,power_w,temp_c
0.0003101600004811189,13.7536,59.5
0.015684628000599332,13.7536,59.593
0.0291022890005479,13.714304,59.531
0.041868428000270796,13.675008,59.843
0.05480548800005636,13.596416,59.5
0.06654248600079882,13.557120000000001,59.781
0.07780064200051129,13.596416,59.468
0.08943292999992991,13.596416,59.656
0.10230873900036386,13.596416,60.093
0.11516457900052046,13.596416,60.0
0.12862281800062192,13.596416,59.687
0.14082934399993974,13.557120000000001,59.937
0.15285966900046333,13.557120000000001,59.656
0.16489492200071254,13.557120000000001,59.843
0.17686207499991724,13.557120000000001,60.218
0.18892510600016976,13.596416,59.781
0.20091011600015918,13.596416,60.093
0.21291029500025616,13.635712,59.781
0.22489351400054147,13.675008,60.031
0.23696448000009696,13.714304,59.718
0.2489776520005762,13.7536,59.937
0.2609347890002027,13.792896,60.218
0.27291368700025487,13.832192,59.875
0.28486007199990127,13.871488,60.031
0.296854969999913,13.910784,59.718
0.30885582200062345,13.95008,60.0
0.3209380210000745,13.871488,59.687
0.3329025820003153,13.832192,60.187
0.3463960560002306,13.871488,59.781
0.35997250900072686,13.871488,59.625
0.37316894300056447,13.871488,59.937
0.38672421100000065,13.910784,59.656
0.39867962000062107,13.910784,59.843
0.41077519600003143,13.910784,60.218
0.42282504200011317,13.871488,59.75
0.4349611960005859,13.871488,60.062
0.44711443899996084,13.871488,59.718
0.4590896250001606,13.792896,59.937
0.47114942300049734,13.792896,59.906
0.4832515920006699,13.792896,60.25
0.4952275780005948,13.792896,59.875
0.5072439820005457,13.832192,60.187
0.5196416860007957,13.832192,59.812
0.5316737380007908,13.871488,60.031
0.5436707490007393,13.910784,59.687
0.5558171760003461,13.910784,59.875
0.567925841000033,13.95008,60.218
0.5800273690001632,13.989376,59.875
0.5920263329999216,14.028672,60.125
0.6040245920003144,14.067968,59.718
0.6160282910004753,14.067968,60.093
0.6280252380001912,14.028672,59.656
0.6400453860005655,14.028672,60.187
0.6535100260007312,14.028672,59.843
0.6659092980007699,14.028672,60.125
0.6795015920006335,14.067968,60.031
0.692723627000305,14.067968,59.687
0.7051794779999909,14.067968,59.937
0.7173042399999758,14.067968,60.343
0.729471212000135,14.028672,59.875
0.741563522999968,14.028672,60.156
0.7545400080007312,13.989376,59.781
0.7665644120006618,13.989376,60.031
0.7785696790006114,13.989376,60.0
0.7906372530005683,13.989376,59.718
0.802640696000708,13.989376,59.843
0.8146374180005296,14.028672,60.187
0.8266325730000972,14.028672,59.812
0.8387880550008049,14.067968,60.125
0.85077501700016,14.067968,59.718
0.8627350020005906,14.107263999999999,60.031
0.8747131630007061,14.14656,60.312
0.8868119389999265,14.162752000000001,59.875
0.8987748990002729,14.162752000000001,60.125
0.9107339239999419,14.201984,59.812
0.9227211100005661,14.162752000000001,60.031
0.9346679090003818,14.162752000000001,59.875
0.9487269790006394,14.123520000000001,60.187
0.9615945949999514,14.14656,59.812
0.9740757270001268,14.123520000000001,60.031
0.9875888490005309,14.162752000000001,59.75
0.9991461879999406,14.162752000000001,59.968
1.0113046149999718,14.162752000000001,59.937
1.0233727009999711,14.123520000000001,59.687
1.0355553210001744,14.123520000000001,59.906
1.047654705000241,14.107263999999999,60.25
1.0598286520007605,14.067968,59.75
1.0716912240004604,13.989376,59.937
1.0836499920005735,13.989376,59.718
1.0956224250003288,14.028672,59.968
1.1075992750002115,14.028672,60.312
1.1197803270006261,14.028672,59.906
1.1317602480003188,14.028672,60.187
1.1437887480005884,14.067968,59.781
1.1557816620006633,14.067968,60.125
1.1678907109999273,14.107263999999999,59.906
1.1800082070003555,14.14656,59.937
1.1920126420000088,14.162752000000001,60.281
1.2039988040005483,14.201984,59.843
1.2160056390002865,14.241216,60.062
1.227978904000338,14.201984,60.031
1.2400235330005671,14.162752000000001,59.625
1.2521594300005745,14.201984,59.937
1.2656862490002823,14.201984,60.312
1.2791765530000703,14.201984,60.125
1.292550883000331,14.201984,59.781
1.304960426999969,14.201984,60.062
1.316918651999913,14.201984,59.718
1.3290971440001158,14.201984,59.937
1.3412213930005237,14.162752000000001,60.281
1.3533242010007598,14.123520000000001,59.875
1.3654084469999361,14.123520000000001,60.187
1.37744037199991,14.107263999999999,59.843
1.3894822480006042,14.084288,60.062
1.4014760270001716,14.084288,60.0
1.41345700400052,14.084288,60.343
1.4254350380006144,14.084288,59.937
1.4374999560004653,14.123520000000001,60.218
1.4495527450008012,14.123520000000001,59.812
1.4615219460001754,14.162752000000001,60.0
1.4735107960004825,14.162752000000001,59.687
1.4854896290007673,14.201984,59.968
1.4976078620002227,14.241216,60.25
1.5095525820006515,14.280448,59.937
1.5214992850005729,14.280448,60.187
1.5335134490005657,14.241216,59.781
1.5459173920007743,14.241216,59.875
1.5593093240004237,14.241216,59.937
1.572861935000219,14.201984,60.281
1.5861475250003423,14.241216,60.187
1.599457660000553,14.241216,59.75
1.6117432290002398,14.241216,60.031
1.6239108730005682,14.201984,59.781
1.6363447379999343,14.201984,59.937
1.6484868120005558,14.162752000000001,59.937
1.6627906630001235,14.123520000000001,60.093
1.6748188430001392,14.084288,59.906
1.6869390589999966,14.123520000000001,60.093
1.6988712340007623,14.123520000000001,59.843
1.7108124660007888,14.123520000000001,60.062
1.722802788000081,14.123520000000001,59.812
1.734751795000193,14.123520000000001,60.0
1.746701091000432,14.162752000000001,60.218
1.7586653950002074,14.162752000000001,59.875
1.770612194000023,14.201984,60.093
1.782610964000014,14.241216,59.718
1.794608774000153,14.241216,59.937
1.806579862000035,14.280448,60.312
1.8185399100002542,14.31968,59.875
1.830570746000376,14.280448,60.218
1.8426187020004363,14.280448,59.968
1.8556574940002974,14.201984,59.781
1.8692750050004179,14.201984,59.937
1.8828198070004873,14.201984,59.875
1.8959800780003206,14.201984,60.187
1.9086815079999724,14.201984,59.812
1.9208888330003902,14.201984,60.093
1.9330952939999406,14.201984,59.656
1.945176948000153,14.162752000000001,59.906
1.9579286530006357,14.123520000000001,59.937
1.9696371360005287,14.123520000000001,60.281
1.9816121920002843,14.123520000000001,59.906
1.993693111000539,14.123520000000001,60.156
2.0057282980005766,14.123520000000001,59.812
2.0177210199999536,14.123520000000001,60.062
2.029720878000262,14.123520000000001,59.843
2.041721344000507,14.123520000000001,59.968
2.053704593000475,14.162752000000001,60.281
2.0657578300006207,14.162752000000001,59.875
2.077750135000315,14.201984,60.093
2.0897451930004536,14.241216,59.812
2.1017214339999555,14.241216,60.031
2.113670665000427,14.280448,59.718
2.1256748109999535,14.31968,59.937
2.137725584000691,14.241216,60.125
2.149685983999916,14.280448,60.031
2.163336040000104,14.241216,59.718
2.17562663300032,14.241216,59.937
2.1890219880006043,14.241216,59.75
2.202518372000668,14.241216,60.343
2.2146909110006163,14.241216,59.843
2.2268040550006845,14.241216,60.093
2.239042133000112,14.201984,59.875
2.251124011000684,14.162752000000001,59.75
2.265965585000231,14.162752000000001,59.937
2.277992517000712,14.123520000000001,60.375
2.289992887000153,14.123520000000001,59.843
2.3019843600004606,14.123520000000001,60.187
2.31394098400051,14.123520000000001,59.875
2.3259060880000106,14.123520000000001,60.125
2.3379460120004296,14.123520000000001,59.812
2.3499228290002065,14.162752000000001,60.0
2.3618868130006376,14.201984,60.25
2.373880335000649,14.201984,59.906
2.3859601330004807,14.241216,60.093
2.3979971130002014,14.241216,59.781
2.4099818020004022,14.280448,59.968
2.4219411140002194,14.31968,59.75
2.433928363000632,14.280448,59.968
2.445887323000534,14.280448,59.75
2.4591995370001314,14.241216,60.062
2.472396832999948,14.201984,60.0
2.4858496630004083,14.201984,59.687
2.499216408000393,14.201984,59.968
2.5114827760007756,14.241216,60.281
2.523609841000507,14.201984,59.937
2.5358022210002673,14.201984,60.062
2.547930118000295,14.162752000000001,59.781
2.5605258150008012,14.123520000000001,59.781
2.5730396510007267,14.123520000000001,59.968
2.5850342290004846,14.123520000000001,60.312
2.5970572240003094,14.123520000000001,59.937
2.6090662990000055,14.123520000000001,60.25
2.6210605240003133,14.123520000000001,59.875
2.6330124120004257,14.123520000000001,60.125
2.6450133260004804,14.123520000000001,59.843
2.6570617300003505,14.162752000000001,60.0
2.6690340670002115,14.162752000000001,60.312
2.6809997150003255,14.201984,59.906
2.692988499999956,14.241216,60.25
2.7049793980004324,14.280448,59.875
2.716922901000544,14.280448,60.031
2.7288558430000194,14.31968,59.812
2.740847572000348,14.241216,59.968
2.752844837000339,14.280448,59.781
2.766235551000136,14.241216,60.062
2.7798216670007605,14.241216,60.0
2.7933900220004944,14.241216,59.781
2.805614563000745,14.241216,59.937
2.817745436000223,14.241216,60.281
2.829867827000271,14.241216,59.875
2.8420345090007686,14.201984,60.125
2.8541189790003045,14.162752000000001,60.031
2.8685961820001467,14.162752000000001,59.843
2.880639433000397,14.123520000000001,59.937
2.892647098999987,14.123520000000001,60.343
2.904629035000653,14.123520000000001,59.937
2.916617468000368,14.123520000000001,60.125
2.928598093000801,14.123520000000001,59.906
2.940591678000601,14.162752000000001,60.218
2.9527050450005845,14.162752000000001,59.781
2.964656068000295,14.201984,60.062
2.97659701000066,14.201984,60.437
2.9886094440007582,14.241216,59.937
3.000695610000548,14.280448,60.187
3.01266714600024,14.280448,59.875
3.024641689999953,14.31968,60.062
3.036736688000019,14.280448,59.937
3.0486979190000056,14.280448,60.093
3.0621976310003447,14.241216,59.843
3.074440764999963,14.241216,60.156
3.0872002140004042,14.241216,60.093
3.1006294260005234,14.241216,59.718
3.112957044000723,14.241216,59.937
3.1251623520001885,14.241216,60.281
3.137475858000471,14.241216,59.968
3.1497612020002634,14.201984,60.187
3.161932589000571,14.162752000000001,59.812
3.174040868000702,14.123520000000001,60.093
3.1860951280004883,14.123520000000001,59.812
3.1980853530003515,14.123520000000001,60.0
3.2100403760005065,14.123520000000001,60.375
3.2220234000005803,14.123520000000001,59.875
3.2340128250007183,14.123520000000001,60.156
3.2460330990006696,14.162752000000001,60.093
3.2580081240002983,14.162752000000001,59.781
3.269986572000562,14.201984,60.0
3.2820568010001807,14.201984,60.312
3.2941102929999033,14.241216,59.906
3.3061225670007843,14.280448,60.156
3.318112568000288,14.280448,59.843
3.330175116000646,14.31968,60.218
3.3421843180003634,14.241216,59.812
3.354144685999927,14.280448,59.937
3.367554727999959,14.241216,59.937
3.3808795830000236,14.241216,60.125
3.3942430950000926,14.241216,59.812
3.4075114990000657,14.241216,59.812
3.4199478590007857,14.241216,59.937
3.432055082000261,14.241216,60.343
3.444135679000283,14.201984,59.906
3.4562954810007795,14.201984,60.187
3.468365486000039,14.162752000000001,59.875
3.480604780000249,14.123520000000001,60.0
3.492647456000668,14.123520000000001,59.875
3.5046365280004466,14.123520000000001,60.031
3.5167273030001525,14.123520000000001,60.375
3.528683638000075,14.123520000000001,59.937
3.5406599100006133,14.162752000000001,60.218
3.5526518950000536,14.162752000000001,59.843
3.5646704730006604,14.201984,60.093
3.5766313200001605,14.201984,60.031
3.5893003330002102,14.241216,60.312
3.6014925200006473,14.280448,59.875
3.613506458000302,14.31968,60.187
3.6255241400003797,14.358912,59.843
3.637552543000311,14.31968,60.125
3.6495431200000894,14.280448,59.75
3.6623558199999025,14.241216,59.781
3.675149702999988,14.241216,59.875
3.6885683220007195,14.241216,60.125
3.7019154170002366,14.241216,59.781
3.7142310670005827,14.241216,60.0
3.7264119580004262,14.241216,59.781
3.7385079160003443,14.241216,59.968
3.7505988170005367,14.201984,59.906
3.7626339720000033,14.162752000000001,60.25
3.774860625000656,14.162752000000001,59.843
3.786933797000529,14.123520000000001,60.093
3.7990158020002127,14.123520000000001,59.812
3.810991178000222,14.123520000000001,59.968
3.822935736000545,14.123520000000001,60.375
3.834890534000806,14.123520000000001,60.031
3.8469370490001893,14.162752000000001,60.281
3.8588847430000897,14.162752000000001,59.812
3.8708413340000334,14.201984,60.062
3.8827749790007147,14.201984,59.781
3.8947341299999607,14.241216,60.0
3.906721026000014,14.280448,60.312
3.9186633120007173,14.31968,59.937
3.9306417910001983,14.358912,60.156
3.9426699700006793,14.280448,59.875
3.9546303679999255,14.280448,59.937
3.9669467220001025,14.280448,59.937
3.980228917000204,14.241216,60.218
3.992517301000589,14.241216,59.875
4.005638528000418,14.280448,60.156
4.017782328000067,14.280448,59.843
4.030067352000515,14.280448,59.968
4.042238354000801,14.241216,59.968
4.054317799000273,14.201984,60.281
4.066467775000092,14.162752000000001,59.906
4.078558613000496,14.162752000000001,60.218
4.090613832000599,14.123520000000001,59.937
4.102669468000386,14.123520000000001,60.093
4.114641931000733,14.162752000000001,59.937
4.126905226000417,14.162752000000001,60.0
4.138960894000775,14.162752000000001,60.375
4.1509480459999395,14.162752000000001,59.843
4.162907548000476,14.201984,60.25
4.174989393000033,14.201984,59.906
4.187033316000452,14.241216,60.093
4.198984339000162,14.280448,59.781
4.210959042000468,14.31968,60.0
4.223075640999923,14.31968,60.25
4.2350439440006085,14.358912,59.875
4.246995989999959,14.280448,60.093
4.259002184000565,14.280448,59.968
4.272512583000207,14.280448,59.75
4.286042022999936,14.241216,60.281
4.298696442000619,14.280448,59.843
4.311992783000278,14.280448,60.062
4.324214635000317,14.280448,59.75
4.336359267000262,14.241216,60.125
4.348485755000183,14.241216,59.75
4.3606268670000645,14.201984,59.781
4.375305967000713,14.162752000000001,59.937
4.38741629300057,14.123520000000001,60.281
4.39935416300068,14.123520000000001,59.875
4.411351812000248,14.123520000000001,60.125
4.423253007000312,14.123520000000001,59.875
4.435218814000109,14.162752000000001,60.062
4.447215150999909,14.162752000000001,60.375
4.45921676800026,14.201984,59.937
4.47122910500002,14.201984,60.218
4.4832326740006465,14.241216,59.937
4.495245940000132,14.241216,60.093
4.507202114000393,14.280448,59.968
4.5192209160004495,14.31968,60.343
4.531201316000079,14.358912,59.937
4.54317477099994,14.31968,60.218
4.555156227000225,14.280448,59.75
4.568667330000608,14.241216,60.062
4.582191778999913,14.241216,59.968
4.595036703000005,14.241216,59.687
4.608557599000051,14.280448,59.906
4.62115575900043,14.280448,60.25
4.633269766000012,14.280448,60.125
4.645371420000629,14.241216,59.812
4.657521269000426,14.201984,60.0
4.669607274000555,14.201984,59.781
4.681874889000028,14.162752000000001,60.0
4.693869880999955,14.123520000000001,60.25
4.7058999470000344,14.162752000000001,59.906
4.7178948440005115,14.162752000000001,60.156
4.729885164000734,14.162752000000001,59.937
4.741876955999942,14.162752000000001,60.062
4.753865163000228,14.162752000000001,60.375
4.765850683000281,14.201984,60.062
4.777836042000672,14.201984,60.312
4.789863164000053,14.241216,59.906
4.801836043000549,14.280448,60.125
4.813821082000686,14.31968,59.812
4.825791593000758,14.31968,60.031
4.837804858000709,14.358912,60.343
4.849838028000704,14.280448,59.937
4.861798074000035,14.31968,59.812
4.875164753000718,14.280448,60.093
4.888595467999949,14.241216,59.937
4.901981508000063,14.280448,59.687
4.91508702200008,14.241216,59.937
4.927371693000168,14.241216,60.25
4.939458689000276,14.241216,59.812
4.951532949000466,14.201984,60.187
4.9637558250005895,14.162752000000001,60.0
4.978561331000492,14.162752000000001,59.781
4.990602086000763,14.123520000000001,59.937
5.002589653000541,14.123520000000001,60.281
5.01455414800057,14.123520000000001,59.937
5.026529970999945,14.123520000000001,60.187
5.038518562000718,14.123520000000001,59.906
5.050489840999944,14.162752000000001,60.125
5.062456575000397,14.162752000000001,59.812
5.074413901000298,14.201984,60.031
5.086498018000384,14.201984,60.312
5.098461552000117,14.241216,60.156
5.110428895000041,14.280448,60.093
5.122412462000284,14.280448,60.031
5.134498211000391,14.31968,59.906
5.146488658000635,14.280448,59.937
5.158478370000012,14.280448,60.156
5.172427512000468,14.241216,60.187
5.186039260000143,14.201984,59.812
5.19948111100075,14.201984,60.062
5.212825709000754,14.241216,59.937
5.225260052000522,14.241216,60.312
5.237391211000613,14.201984,59.875
5.249520482000662,14.201984,60.156
5.261588757000027,14.162752000000001,59.843
5.273770030999913,14.123520000000001,60.031
5.2860796949998985,14.123520000000001,59.812
5.298102593000294,14.084288,60.0
5.3100924320006015,14.123520000000001,60.312
5.32209878499998,14.123520000000001,59.906
5.334092593000605,14.123520000000001,60.218
5.346103681999921,14.123520000000001,59.937
5.358074256000691,14.123520000000001,60.062
5.370051935000447,14.162752000000001,59.843
5.38202839800033,14.162752000000001,60.0
5.394026014000701,14.201984,60.343
5.405983116000243,14.241216,60.187
5.417958267000358,14.280448,59.843
5.429957643000307,14.280448,60.031
5.441947131000234,14.31968,59.906
5.453896265000367,14.241216,59.937
5.465881304000504,14.241216,60.156
5.479394743000739,14.241216,60.125
5.492883861000337,14.241216,59.812
5.506225739000001,14.241216,60.0
5.519330676000209,14.241216,59.718
5.531587698000294,14.241216,59.937
5.543728713000746,14.201984,60.25
5.555834591000348,14.201984,60.156
5.567939573000331,14.162752000000001,59.843
5.582734326000718,14.123520000000001,60.062
5.594756584000606,14.123520000000001,59.843
5.6067139420001695,14.123520000000001,59.968
5.6186621470005775,14.123520000000001,60.406
5.630967971000246,14.123520000000001,60.218
5.643263331000526,14.123520000000001,59.906
5.655260499000178,14.162752000000001,60.125
5.667242178000379,14.162752000000001,59.843
5.679419548000624,14.201984,60.031
5.691431564000595,14.201984,60.375
5.703370905000156,14.241216,59.906
5.715401323000151,14.280448,60.156
5.727355128999989,14.280448,59.812
5.739343848000317,14.31968,60.125
5.751278132000152,14.280448,59.843
5.7632619550004165,14.280448,59.843
5.775370456000019,14.241216,60.25
5.7887440790000255,14.241216,60.156
5.8019040590006625,14.241216,59.843
5.81548060500063,14.241216,60.031
5.827702168000542,14.241216,60.0
5.8399762140006715,14.241216,60.343
5.8521785760003695,14.241216,59.875
5.864239651000389,14.201984,60.218
5.876395994000632,14.162752000000001,59.875
5.888481038000464,14.123520000000001,60.031
5.900465661000453,14.123520000000001,59.781
5.9124551800005065,14.123520000000001,59.937
5.92442901800041,14.123520000000001,60.343
5.936526479000349,14.123520000000001,59.937
5.948474140000144,14.123520000000001,60.281
5.960464907000642,14.162752000000001,59.937
5.97249974100032,14.162752000000001,60.125
5.984455434000665,14.201984,59.875
5.996479258999898,14.201984,60.093
6.008563343000787,14.241216,60.281
6.020541565000713,14.280448,59.906
6.032537005000449,14.31968,60.156
6.04449945000033,14.31968,60.156
6.056486313000278,14.280448,59.843
6.068519930000548,14.241216,59.937
6.081746122000368,14.241216,60.312
6.095427697000559,14.241216,60.218
6.108854059000805,14.241216,59.781
6.1224504450001405,14.241216,60.156
6.134572931000548,14.241216,59.718
6.146670615999938,14.241216,59.937
6.158751180000763,14.201984,59.968
6.170878722000452,14.162752000000001,60.281
6.183666522000749,14.162752000000001,59.937
6.195665898000698,14.123520000000001,60.156
6.20763468000041,14.123520000000001,59.875
6.219603782000377,14.123520000000001,60.0
6.23160783000003,14.123520000000001,60.343
6.243620614000065,14.123520000000001,59.968
6.2558263360006094,14.123520000000001,60.218
6.267919285000062,14.162752000000001,59.937
6.279983048000759,14.162752000000001,60.125
6.292011000999992,14.201984,59.843
6.304058794999946,14.241216,59.968
6.316074267000658,14.241216,60.375
6.3280642340005215,14.280448,59.937
6.34007205800026,14.31968,60.156
6.352043401000628,14.280448,60.093
6.36403128800066,14.280448,59.781
6.377877319000618,14.241216,59.968
6.390674272000069,14.241216,59.812
6.403914416000589,14.241216,60.156
6.416329461000714,14.280448,59.843
6.428474764999919,14.280448,60.031
6.440634980000141,14.241216,59.812
6.452675989999989,14.241216,59.968
6.4646833980004885,14.201984,60.312
6.476796732000366,14.162752000000001,59.937
6.489045752000493,14.162752000000001,60.25
6.501033479000398,14.123520000000001,59.875
6.5130067410000265,14.123520000000001,60.093
6.525081033000788,14.123520000000001,60.031
6.537211487000604,14.123520000000001,60.343
6.549231599999985,14.123520000000001,60.0
6.561207262000607,14.123520000000001,60.218
6.573272369000733,14.162752000000001,59.875
6.585231199000191,14.201984,60.093
6.597219054000561,14.201984,59.937
6.609211997000784,14.241216,59.937
6.621187882999948,14.241216,60.343
6.633135768000102,14.280448,59.937
6.645095878000575,14.31968,60.187
6.656942317000357,14.280448,59.906
6.6690995570006635,14.280448,60.0
6.682542911999917,14.241216,59.937
6.695878485000321,14.241216,60.281
6.708484548000342,14.241216,59.937
6.721743733000039,14.241216,60.125
6.734236766000322,14.241216,60.031
6.746412694000355,14.241216,59.781
6.7585870540006,14.201984,60.0
6.77069414700054,14.201984,60.343
6.783083782000176,14.162752000000001,60.031
6.795270815000549,14.123520000000001,60.25
6.807378771000003,14.123520000000001,59.937
6.819351488999928,14.123520000000001,60.093
6.8313389270006155,14.123520000000001,59.875
6.843328606000796,14.123520000000001,60.031
6.855336973000703,14.123520000000001,60.375
6.867257912000241,14.162752000000001,59.937
6.879258214999936,14.162752000000001,60.218
6.891114543000185,14.201984,59.906
6.90311759800079,14.241216,60.062
6.915060330000415,14.280448,59.843
6.926996182000039,14.31968,60.031
6.938936450000256,14.31968,60.312
6.951119386000755,14.31968,60.218
6.9631680120000965,14.280448,59.812
6.975208733000727,14.241216,59.968
6.988633941999979,14.241216,59.781
7.001848900000368,14.241216,60.312
7.015149495000514,14.241216,59.812
7.028378181000335,14.241216,60.093
7.0406158089999735,14.241216,59.812
7.0527077650003775,14.241216,60.031
7.064773863000482,14.201984,59.812
7.076898301000256,14.162752000000001,59.718
7.091580183000588,14.162752000000001,59.968
7.10360592699999,14.123520000000001,60.156
7.115586965000148,14.123520000000001,59.875
7.127571042999989,14.123520000000001,60.125
7.139527344000271,14.123520000000001,59.906
7.151497662000111,14.123520000000001,60.0
7.16350241300006,14.162752000000001,60.375
7.175457050000659,14.162752000000001,59.968
7.187513708000552,14.201984,60.218
7.199466871999903,14.201984,60.187
7.211423845000354,14.241216,59.843
7.2233812020003825,14.280448,60.031
7.235325053999986,14.280448,60.375
7.247277290000056,14.31968,59.937
7.259221335000802,14.241216,60.25
7.271162627000194,14.280448,59.75
7.284329390000494,14.241216,60.125
7.296359007000319,14.241216,59.843
7.309390691000772,14.241216,59.75
7.322743961000015,14.241216,59.906
7.335775868999917,14.241216,60.187
7.347840976000043,14.201984,59.875
7.359942564000448,14.201984,60.093
7.372047832000135,14.162752000000001,59.843
7.384704041000077,14.123520000000001,59.75
7.396840704000169,14.123520000000001,59.937
7.408818509000412,14.123520000000001,60.218
7.420807068000613,14.123520000000001,59.906
7.432781802000136,14.123520000000001,60.093
7.444804986000236,14.123520000000001,59.937
7.456796712000141,14.123520000000001,60.093
7.468794647000323,14.123520000000001,60.437
7.480773477000184,14.162752000000001,59.968
7.492756563000512,14.162752000000001,60.218
7.504759459000525,14.201984,59.906
7.516774610000539,14.241216,60.125
7.528701822000585,14.241216,59.812
7.540682444000595,14.280448,60.0
7.552664282000478,14.280448,60.437
7.564629831000275,14.241216,59.906
7.576668344000609,14.201984,60.093
7.58991789600077,14.201984,60.093
7.603137942000103,14.201984,59.812
7.6162041570005385,14.201984,59.937
7.629206272000374,14.241216,59.812
7.64137023100011,14.201984,60.218
7.653509998000118,14.201984,59.843
7.665606561999994,14.162752000000001,60.125
7.677706614000272,14.162752000000001,60.031
7.693133847000354,14.123520000000001,59.843
7.705322736000198,14.084288,59.968
7.717331903000741,14.084288,60.281
7.729308877000221,14.084288,59.937
7.741302523000741,14.084288,60.187
7.753252071000134,14.084288,59.843
7.765230868000799,14.123520000000001,60.093
7.7772161299999425,14.123520000000001,59.843
7.789248018000762,14.162752000000001,59.968
7.801251905000754,14.162752000000001,60.312
7.813257007000175,14.201984,59.875
7.825281119000465,14.241216,60.093
7.837400180000259,14.241216,59.781
7.8493391669999255,14.280448,59.937
7.861304748000293,14.241216,60.437
7.873265176000132,14.241216,60.156
7.886675440000545,14.201984,59.843
7.900114057000792,14.201984,59.968
7.912027091000709,14.201984,60.062
7.925234272000125,14.201984,59.781
7.938154430000395,14.201984,59.843
7.950247505000334,14.201984,60.25
7.96232368300025,14.162752000000001,59.812
7.974443000000065,14.162752000000001,60.062
7.986796153000796,14.123520000000001,59.875
7.998909997000737,14.084288,60.062
8.01085586499994,14.084288,59.875
8.022789636000198,14.084288,59.937
8.034721167000498,14.084288,60.218
8.046670203000758,14.084288,60.218
8.05859453300036,14.084288,59.843
8.070784893000564,14.123520000000001,60.0
8.08276289100013,14.123520000000001,59.781
8.09471835900058,14.162752000000001,59.937
8.106662017999952,14.162752000000001,60.281
8.118738101000417,14.201984,59.875
8.130662271000801,14.241216,60.187
8.142621804000555,14.280448,59.75
8.154617338000207,14.280448,60.0
8.166589639000449,14.201984,59.781
8.178558516000521,14.201984,59.937
8.192096018000484,14.201984,59.875
8.205320288000621,14.201984,60.093
8.218434376000005,14.201984,59.812
8.232017513000756,14.201984,60.031
8.24403791200075,14.201984,59.937
8.256127179000032,14.201984,60.281
8.268271681000442,14.162752000000001,59.843
8.280407543000365,14.123520000000001,60.125
8.29475119900053,14.123520000000001,59.875
8.306719115000305,14.084288,60.093
8.318662583000332,14.084288,60.0
8.330615810999916,14.084288,60.281
8.342613841000457,14.084288,59.937
8.354589342000509,14.084288,60.187
8.366538025999944,14.084288,59.843
8.378551673000402,14.123520000000001,60.062
8.39055981599995,14.123520000000001,59.812
8.402514228000655,14.162752000000001,60.031
8.414480929000092,14.201984,60.25
8.426457358000334,14.201984,59.937
8.438517888000206,14.241216,60.093
8.450510862000556,14.280448,59.875
8.462486555000396,14.201984,60.062
8.474478345000534,14.201984,59.625
8.487253120000787,14.162752000000001,60.312
8.500653111000247,14.162752000000001,59.937
8.512743658000545,14.201984,60.156
8.526037308000014,14.201984,59.812
8.539141123000263,14.201984,60.062
8.551237591000245,14.162752000000001,59.937
8.56330896899999,14.162752000000001,60.312
8.57530261500051,14.123520000000001,59.812
8.588615081000171,14.123520000000001,60.125
8.600695548000658,14.084288,59.875
8.61264599200058,14.084288,60.125
8.624615540999912,14.084288,59.781
8.636723977000656,14.084288,60.031
8.648670453000705,14.084288,60.343
8.66064374600046,14.084288,59.968
8.672649232000367,14.123520000000001,60.187
8.684644415000548,14.123520000000001,59.812
8.696649485000307,14.123520000000001,60.062
8.709092914999928,14.162752000000001,59.937
8.721115234000536,14.201984,60.375
8.733105072000399,14.201984,59.906
8.745097373000135,14.241216,60.093
8.757065098000567,14.241216,59.968
8.769033942000533,14.201984,60.031
8.781055461000506,14.162752000000001,59.625
8.794218511000508,14.162752000000001,59.937
8.807308629000545,14.162752000000001,59.812
8.82047171100021,14.162752000000001,60.031
8.833519908000198,14.201984,59.812
8.845934887000112,14.162752000000001,59.937
8.858073596000395,14.162752000000001,59.781
8.87023742600013,14.162752000000001,60.343
8.882359015000475,14.123520000000001,59.937
8.896647147000294,14.084288,60.187
8.908617495000726,14.045056,59.906
8.920585316000142,14.045056,60.093
8.932667126000524,14.045056,59.906
8.944656803000726,14.084288,60.0
8.95662468699993,14.084288,60.312
8.968607964000512,14.084288,59.906
8.98060820200044,14.084288,60.25
8.992614296000284,14.123520000000001,60.062
9.004601477000506,14.123520000000001,59.843
9.016709529000764,14.162752000000001,59.968
9.028693478000605,14.201984,60.281
9.04069592399992,14.201984,59.875
9.052661919999991,14.241216,60.25
9.064687183000387,14.201984,59.875
9.076693917000739,14.201984,59.968
9.090185497000675,14.162752000000001,59.781
9.102458549000403,14.162752000000001,60.312
9.115696003000267,14.162752000000001,59.968
9.129009715999928,14.162752000000001,60.156
9.142113116000473,14.162752000000001,59.781
9.154284178000125,14.162752000000001,59.781
9.166428712000197,14.123520000000001,59.968
9.178555228000732,14.123520000000001,60.375
9.192095706000146,14.084288,59.937
9.204279825000413,14.084288,60.218
9.216230300000461,14.045056,59.875
9.228187592000722,14.084288,60.125
9.240180374000374,14.045056,59.781
9.25222771800054,14.045056,59.968
9.264210099000593,14.045056,60.343
9.276185919000454,14.084288,59.968
9.288245776000622,14.084288,60.156
9.300223836999976,14.123520000000001,60.125
9.312201514000662,14.123520000000001,59.843
9.324175478000143,14.162752000000001,60.0
9.336135266000383,14.201984,60.281
9.348115151000457,14.201984,59.937
9.360068826000315,14.201984,60.343
9.37204349500007,14.162752000000001,59.75
9.384013427000355,14.162752000000001,60.0
9.397068600000239,14.162752000000001,59.843
9.41024752300018,14.162752000000001,60.25
9.423550292000073,14.162752000000001,59.875
9.436581911000758,14.162752000000001,60.093
9.448785776000477,14.162752000000001,59.812
9.460932644999957,14.123520000000001,60.0
9.473009590999936,14.123520000000001,59.75
9.485039431000587,14.084288,60.375
9.499406767000437,14.084288,59.937
9.511354522000147,14.045056,60.281
9.523285541000405,14.045056,59.906
9.535217007000028,14.045056,60.062
9.547164090000479,14.045056,59.875
9.559123750000253,14.045056,60.093
9.57104296000034,14.045056,60.437
9.582967225000175,14.084288,59.937
9.59488041900022,14.084288,60.187
9.606830990000162,14.084288,59.937
9.61874322299991,14.123520000000001,60.062
9.630664225000146,14.162752000000001,59.75
9.64261700499992,14.162752000000001,59.968
9.654566744000476,14.201984,60.375
9.666511715000524,14.162752000000001,59.937
9.678475215000617,14.162752000000001,59.812
9.691615832000025,14.123520000000001,60.031
9.704802498999925,14.123520000000001,59.812
9.718036849000782,14.123520000000001,59.781
9.731842492000396,14.123520000000001,59.968
9.744153498000742,14.162752000000001,60.187
9.756237483000405,14.123520000000001,59.906
9.768318557000384,14.123520000000001,60.125
9.780415439000535,14.084288,59.75
9.792746861000523,14.084288,60.031
9.804839007000737,14.045056,59.906
9.816834156999903,14.045056,60.281
9.828815065000526,14.067968,59.937
9.840801253000791,14.067968,60.125
9.852868726000452,14.045056,59.937
9.864864387000125,14.045056,60.062
9.87684097500005,14.045056,60.437
9.888831195999956,14.084288,59.968
9.90077789499992,14.084288,60.281
9.912713297000664,14.084288,59.906
9.92467583600046,14.123520000000001,60.093
9.936750509000376,14.162752000000001,59.75
9.948701912000615,14.201984,59.968
9.96068512400052,14.162752000000001,60.437
9.972700369999984,14.123520000000001,59.906
9.98469062300046,14.123520000000001,60.125
9.99791367600028,14.123520000000001,60.093
10.011177370000041,14.123520000000001,59.781
10.024574768000093,14.123520000000001,59.718
10.037844862999918,14.123520000000001,59.906
10.050155612000708,14.123520000000001,60.25
10.062207564000346,14.123520000000001,59.906
10.074374370000442,14.084288,60.062
10.086434227000609,14.045056,59.937
10.101390809000804,14.045056,59.781
10.113372005000201,14.005824,59.937
10.125324368000292,14.005824,60.218
10.137376896000205,14.005824,59.937
10.149308682000083,14.005824,60.156
10.16126117300064,14.005824,59.937
10.173254594000355,14.045056,60.031
10.185201068000424,14.045056,59.875
10.197179224000138,14.084288,59.968
10.209115586000735,14.084288,60.25
10.221079246000045,14.123520000000001,59.937
10.233035513000686,14.162752000000001,60.125
10.24500461200023,14.162752000000001,59.812
10.25699860900022,14.201984,60.0
10.268915770000604,14.123520000000001,60.375
10.280879878000633,14.162752000000001,60.187
10.294839481000054,14.084288,59.875
10.307395651000661,14.084288,60.0
10.320540651000556,14.123520000000001,59.968
10.333931168000163,14.123520000000001,59.781
10.346410119000211,14.123520000000001,59.875
10.358422900000733,14.123520000000001,60.187
10.37053962400023,14.084288,59.875
10.382600376000482,14.045056,60.156
10.394841970000016,14.045056,59.906
10.407028841000283,14.005824,60.062
10.419031381999957,14.005824,59.75
10.4310105630002,14.005824,59.968
10.44298052600061,14.005824,60.343
10.454917720000594,14.005824,60.156
10.466950439000357,14.005824,59.875
10.478875985000741,14.045056,60.062
10.490814395000598,14.045056,59.75
10.502750661000391,14.084288,60.031
10.514659213000414,14.084288,60.25
10.52656706200014,14.123520000000001,59.906
10.53854880200015,14.123520000000001,60.125
10.550537039000119,14.162752000000001,59.812
10.562485786000252,14.162752000000001,60.062
10.574433796000449,14.123520000000001,60.281
10.586537719000262,14.123520000000001,59.875
10.599888970000393,14.123520000000001,59.937
10.613147384000513,14.123520000000001,60.031
10.626285217000259,14.084288,59.875
10.639361733999976,14.123520000000001,59.937
10.651420854000207,14.084288,59.75
10.663482631000079,14.084288,59.968
10.675493396000093,14.084288,60.218
10.687610760000098,14.045056,60.156
10.702416613999958,14.005824,59.906
10.714374865000536,14.028672,60.031
10.726336413000354,14.028672,59.875
10.738311368000723,14.028672,59.937
10.750511743000061,14.028672,59.968
10.763142508000783,14.028672,60.218
10.775223869000001,14.005824,59.843
10.787386451000202,14.045056,60.125
10.79939456000011,14.045056,59.781
10.811384108000311,14.045056,59.937
10.823343126000509,14.084288,60.25
10.835296129000199,14.123520000000001,59.875
10.847336783000173,14.123520000000001,60.093
10.859290042000794,14.162752000000001,59.875
10.871535059000053,14.123520000000001,60.093
10.883544192000045,14.123520000000001,59.937
10.897252325000409,14.084288,60.218
10.910662395000145,14.084288,59.843
10.923917353000434,14.123520000000001,59.781
10.937239002000751,14.123520000000001,60.0
10.949369325000589,14.123520000000001,59.781
10.961478655000064,14.084288,59.968
10.973598450000281,14.084288,60.281
10.98573303000012,14.045056,59.843
10.997830776000228,14.045056,60.187
11.009919881000314,14.028672,59.843
11.021911733000707,14.028672,60.062
11.033887649000462,14.005824,59.843
11.04590868700052,14.028672,60.031
11.05789167400053,14.028672,60.312
11.069892167000035,14.028672,60.218
11.08191912500024,14.028672,59.875
11.093935523000255,14.045056,60.062
11.105923855000583,14.045056,59.843
11.117927868000152,14.084288,59.968
11.129901287000393,14.084288,60.281
11.141916885000683,14.123520000000001,59.906
11.1539323220004,14.162752000000001,60.156
11.165928175000772,14.123520000000001,59.843
11.177916442999958,14.084288,59.937
11.189935463999973,14.084288,59.687
11.203146356000616,14.084288,60.281
11.21652912800073,14.084288,59.937
11.229805302999921,14.084288,60.125
11.243177066000499,14.084288,59.968
11.255326335000063,14.084288,59.75
11.267402895000487,14.084288,60.0
11.2794199330001,14.045056,60.312
11.291507278000608,14.067968,60.218
11.306404081000437,14.028672,59.843
11.318394749000618,13.989376,60.125
11.330366535999929,14.028672,59.781
11.342350163999981,13.989376,60.0
11.354340960000627,13.989376,60.312
11.366332237000279,14.028672,59.906
11.378314712000247,14.028672,60.218
11.390346023000347,14.028672,59.875
11.402334418999999,14.067968,60.093
11.414450918000512,14.067968,59.812
11.426445521999995,14.084288,59.968
11.438524643000164,14.084288,60.281
11.450486798000384,14.123520000000001,59.843
11.462478778000332,14.162752000000001,60.218
11.474442213000657,14.084288,59.875
11.486431760999949,14.084288,59.937
11.49976560200048,14.045056,60.031
11.513034321000305,14.045056,60.281
11.526142903000618,14.084288,60.125
11.539160600000287,14.084288,59.75
11.551290635999976,14.084288,60.093
11.563352988000588,14.084288,59.75
11.57541738800046,14.045056,60.0
11.587567872000363,14.005824,60.312
11.59981935399992,14.028672,60.0
11.611993424000502,13.989376,60.187
11.62399158000062,13.989376,59.906
11.636027051000383,13.989376,60.0
11.648068985999998,13.989376,59.812
11.66001962000064,13.989376,60.031
11.672024273000716,13.989376,60.312
11.684034846000031,14.028672,59.937
11.69617745800042,14.028672,60.218
11.708180191000793,14.028672,59.843
11.720157226000083,14.067968,60.031
11.73214187800022,14.045056,60.0
11.744130721000147,14.084288,60.281
11.75609502000043,14.123520000000001,59.843
11.768066390000058,14.084288,60.218
11.77969627099992,14.084288,59.812
11.791868132000673,14.084288,59.937
11.803995383000256,14.084288,59.843
11.817112925000401,14.084288,59.937
11.830334984000729,14.084288,59.875
11.84341898799994,14.084288,60.156
11.85546585100019,14.084288,59.812
11.867506217000482,14.084288,60.0
11.879578009000397,14.045056,59.718
11.891682443000718,14.028672,60.406
11.906102196000575,14.028672,59.906
11.918141410000317,13.989376,60.25
11.93017518400029,13.989376,59.937
11.942183484000452,13.989376,60.093
11.954186921000655,13.989376,59.781
11.966204694000226,13.989376,59.968
11.978275717000542,13.989376,60.312
11.990397272000337,14.028672,59.968
12.002387107000686,14.028672,60.187
12.014385039000445,14.067968,59.875
12.026407005000692,14.084288,60.062
12.03862018000018,14.084288,59.75
12.050597567000295,14.123520000000001,59.968
12.062536903999899,14.123520000000001,60.25
12.074512563000098,14.084288,59.937
12.086511903000428,14.084288,59.781
12.100561013000515,14.067968,60.062
12.113839618999918,14.045056,60.062
12.1270390210002,14.084288,60.281
12.140400448000037,14.084288,59.937
12.153022219999912,14.084288,60.187
12.165156191000278,14.084288,59.875
12.177217454000129,14.067968,60.062
12.18930806300068,14.067968,60.0
12.201408240000092,14.067968,59.75
12.213448702000278,14.028672,59.968
12.225434218000373,14.028672,60.187
12.237521562000438,14.028672,59.937
12.249551208000412,14.028672,60.125
12.261554260000594,13.989376,59.843
12.273540640000647,14.028672,60.031
12.285495946000083,14.028672,60.375
12.297466548000557,14.028672,59.906
12.309465119999913,14.067968,60.218
12.32143268300024,14.067968,59.875
12.333400565000375,14.107263999999999,60.125
12.345377824000025,14.084288,59.812
12.3573297060002,14.123520000000001,59.937
12.369297652000569,14.123520000000001,60.375
12.381263135000154,14.107263999999999,59.906
12.393268747000548,14.045056,59.781
12.406581754999934,14.067968,60.062
12.419841064000138,14.045056,59.687
12.433013617000142,14.045056,59.781
12.446165401000144,14.084288,59.937
12.458259658000316,14.045056,60.187
12.470394525000302,14.067968,59.843
12.482552753000164,14.067968,60.093
12.494731654000134,14.028672,60.031
12.50954473999991,14.028672,59.812
12.521505070000785,13.989376,60.0
12.533486521000668,13.989376,60.25
12.54548589300066,13.989376,59.906
12.557469360000141,13.989376,60.156
12.569431163000445,13.989376,59.843
12.581390181000643,13.989376,60.031
12.593327341000077,13.989376,60.375
12.605272215000696,14.028672,59.968
12.617241728999943,14.028672,60.187
12.629227437000736,14.067968,59.906
12.641235449000305,14.067968,59.968
12.65322781300074,14.107263999999999,59.781
12.665206384000157,14.123520000000001,60.031
12.677185595000083,14.067968,60.312
12.689195656000265,14.067968,60.187
12.702942734000317,14.067968,59.843
12.716161817000284,14.067968,60.031
12.72937264400025,14.067968,60.0
12.742478088000098,14.067968,59.781
12.754965709000317,14.067968,59.906
12.767023676000463,14.067968,60.25
12.779091211000377,14.067968,59.875
12.79116053800044,14.028672,60.125
12.80300732500018,14.028672,59.875
12.814761116000227,13.989376,60.0
12.826742503000787,13.989376,60.375
12.83872360100031,13.989376,59.937
12.850734749999901,13.989376,60.218
12.862727049000569,13.989376,59.843
12.874689266000132,13.989376,60.187
12.886673085000439,13.989376,59.75
12.898622470000191,13.989376,59.937
12.910607153000456,14.028672,59.937
12.922548249000101,14.005824,60.187
12.934548741000071,14.045056,59.843
12.9465210390008,14.084288,60.093
12.958478647999982,14.084288,59.812
12.970418241000516,14.084288,60.031
12.982405772000675,14.045056,60.343
12.994424408000668,14.045056,59.843
13.007663588000469,14.045056,60.156
13.020912048000355,14.045056,60.062
13.03405634200044,14.045056,59.75
13.047029300000759,14.045056,59.937
13.059192456000346,14.045056,60.375
13.071292601000096,14.045056,59.906
13.083417419000398,14.005824,60.218
13.095456920000288,14.028672,59.875
13.107471269000598,13.989376,60.062
13.119464976000017,13.989376,60.093
13.13138485500076,13.95008,59.812
13.14333257599992,13.95008,59.937
13.155408208000154,13.95008,60.218
13.167357463999906,13.95008,59.937
13.179318817999956,13.95008,60.093
13.191281035999964,13.989376,59.781
13.203236533000563,13.989376,60.031
13.21519423800055,14.005824,60.437
13.227140327000598,14.005824,59.906
13.23916891600038,14.045056,60.187
13.251122269000007,14.045056,59.812
13.263106375999996,14.084288,60.093
13.275054513000214,14.045056,59.843
13.287106911000592,14.045056,59.875
13.300457456000004,14.005824,60.0
13.313725469000019,14.028672,60.156
13.326961065000432,14.005824,59.781
13.340146065000226,14.005824,59.75
13.353474977000587,14.005824,60.031
13.365556049000588,14.005824,59.656
13.377661634000106,14.005824,59.937
13.38978946000043,13.989376,60.187
13.401978505999978,13.989376,60.218
13.415591304000372,13.989376,59.906
13.427546161999999,13.95008,60.031
13.439499259000513,13.95008,59.718
13.45144736400016,13.95008,59.937
13.463393356000779,13.95008,60.343
13.475353302000258,13.910784,59.875
13.487358498000503,13.95008,60.156
13.499328204000449,13.95008,59.812
13.511293077000119,13.95008,60.0
13.523197212000014,13.989376,60.312
13.53517059800015,14.028672,59.875
13.547162929000478,14.028672,60.218
13.559159229000215,14.067968,59.781
13.571119078000265,14.045056,60.062
13.583073263000188,14.028672,59.75
13.59523904300022,14.028672,59.937
13.608319302999917,14.028672,59.937
13.621471566000764,14.028672,60.218
13.634167197000352,14.028672,59.906
13.64751620700008,14.028672,60.031
13.659601790000124,14.028672,59.937
13.671661901000334,14.028672,59.75
13.683804928000427,14.028672,59.937
13.695968308000374,13.989376,60.25
13.708049316000142,13.989376,59.968
13.719884871000431,13.95008,60.187
13.731920948000152,13.95008,59.906
13.743966048999937,13.95008,60.062
13.75598033300048,13.95008,59.812
13.76798322400009,13.95008,59.968
13.780025349000425,13.95008,60.25
13.792023184000755,13.989376,59.781
13.80401909900047,13.989376,60.062
13.815998949000459,13.989376,59.937
13.828808250000293,14.028672,59.75
13.840981293000368,14.067968,59.968
13.853019546000723,14.107263999999999,60.218
13.865020549000292,14.084288,59.906
13.877022640000177,14.067968,60.125
13.889008731000104,14.067968,59.687
13.902104925999993,14.028672,59.937
13.915234883000267,13.989376,59.875
13.928554131000055,14.028672,60.156
13.94188873800067,14.028672,60.093
13.955254964000233,14.028672,59.781
13.966913645000204,14.028672,60.062
13.97903657400002,14.028672,59.812
13.991257781000058,14.028672,59.937
14.003382758000043,13.989376,60.281
14.017143884000689,13.989376,59.968
14.029122262000783,13.989376,60.187
14.041078111000388,13.95008,59.875
14.053023591000056,13.95008,60.062
14.064997392000805,13.95008,59.843
14.07702374100063,13.95008,60.375
14.089025992000643,13.95008,60.281
14.101026387000275,13.95008,60.156
14.113030557999991,13.989376,59.937
14.12502701700032,13.989376,59.968
14.137051253000209,14.028672,59.812
14.149010302000534,14.028672,59.906
14.160953766000603,14.067968,60.218
14.17291812700023,14.107263999999999,59.937
14.184883640000407,14.028672,60.125
14.196865026000523,14.028672,59.718
14.21034831399993,14.028672,59.843
14.223612550000325,14.028672,59.937
14.237182882000525,14.028672,60.218
14.250198689000172,14.028672,60.187
14.262543902000289,14.067968,59.843
14.274616045000585,14.028672,60.093
14.286761791000572,14.028672,59.687
14.298943892000352,13.989376,60.0
14.311346899000455,13.989376,60.312
14.323423746000117,13.989376,59.937
14.335365226000249,13.95008,60.187
14.347318835000806,13.95008,59.843
14.359248986000239,13.95008,60.062
14.371183426000243,13.95008,59.718
14.383118505000311,13.95008,59.937
14.395087091000278,13.95008,60.218
14.407011674000387,13.95008,59.906
14.418938881000031,13.989376,60.093
14.430880329000502,13.989376,59.75
14.442848562000108,14.028672,59.968
14.454796251000516,14.028672,59.812
14.466753219000566,14.067968,59.843
14.478668010000547,14.067968,60.25
14.49070437499995,14.028672,59.781
14.502722051000092,14.028672,59.75
14.51566627000011,13.989376,59.968
14.528307690000474,14.028672,59.687
14.541637658000582,14.028672,60.25
14.554895398000554,14.028672,59.937
14.56700405400079,14.028672,60.093
14.579112807000456,14.028672,59.812
14.591195990000415,14.028672,59.937
14.603342633000466,13.989376,59.968
14.618135972000346,13.95008,60.375
14.630106317000354,13.95008,59.875
14.642080247000195,13.95008,60.25
14.654085218000546,13.95008,59.937
14.66609473400058,13.910784,60.062
14.678070071000548,13.910784,59.906
14.69008179499997,13.95008,59.937
14.702070125000319,13.95008,60.312
14.714032726000369,13.95008,59.906
14.725990015000207,13.95008,60.187
14.738064205000228,13.989376,59.781
14.750098041000456,14.028672,59.968
14.762059458000294,14.028672,59.75
14.774041739000495,14.067968,59.937
14.786060439000721,13.989376,60.281
14.798198344000411,14.028672,60.125
14.812034673000198,13.989376,59.781
14.824330123000436,14.028672,60.0
14.837716925000677,14.028672,59.937
14.851149265000458,14.028672,60.343
14.863854784000068,14.067968,59.875
14.8760516680004,14.028672,60.093
14.888237703999948,14.028672,59.781
14.90032280700052,13.989376,60.031
14.912446536000061,13.989376,59.812
14.924478964000627,13.95008,60.375
14.9364631010003,13.95008,60.25
14.948478536000039,13.95008,60.187
14.960438897000131,13.95008,59.906
14.972552897000242,13.95008,60.156
14.984548875000655,13.95008,59.906
14.996561526000733,13.95008,60.031
15.008573985000112,13.95008,60.343
15.020558058999995,13.989376,59.937
15.032614392000141,13.989376,60.156
15.044614371000534,14.028672,59.781
15.056607117000567,14.028672,60.0
15.068584502000704,14.067968,59.75
15.08069587800037,14.067968,60.031
15.092649518000144,13.989376,60.187
15.104653113000495,13.989376,59.812
15.117778237000493,13.989376,59.812
15.130977093000183,13.989376,60.0
15.144519103000675,14.028672,60.0
15.157680389000234,14.028672,60.312
15.169793558000492,14.028672,59.906
15.181896901000073,14.028672,60.187
15.194023030000608,13.989376,59.843
15.206070851000732,13.95008,59.875
15.220812379000563,13.95008,59.968
15.23281552500066,13.95008,60.375
15.244811087000016,13.910784,59.875
15.256775352000659,13.910784,60.218
15.268779715000164,13.910784,59.875
15.280717994000042,13.910784,60.156
15.292678706000515,13.910784,59.812
15.304618201000267,13.95008,60.0
15.316609507000067,13.95008,60.375
15.328583660000731,13.95008,59.906
15.34064681000018,13.989376,60.156
15.352600546000758,13.989376,59.75
15.364589708000494,14.028672,60.0
15.376575318000505,14.067968,59.875
15.388664517000507,13.989376,59.906
15.400640942000791,13.989376,59.875
15.413757330000408,13.989376,60.125
15.42695625000033,13.989376,59.843
15.44026496800052,13.989376,59.968
15.452260594000109,14.028672,60.0
15.464888733000407,14.028672,60.406
15.476919817000635,14.028672,59.906
15.4890742030002,14.028672,60.25
15.501104071000555,13.989376,59.843
15.513271002000693,13.989376,60.218
15.524969557000077,13.95008,59.906
15.53703920299995,13.95008,60.0
15.549153779000335,13.95008,60.406
15.56111337099992,13.95008,59.937
15.57307072399999,13.910784,60.187
15.585106800000176,13.910784,59.906
15.597094170000673,13.95008,60.187
15.609096451999903,13.95008,59.875
15.621093069999915,13.989376,60.0
15.633073464000518,13.989376,60.187
15.645047681000506,14.028672,59.906
15.657008937000683,14.028672,60.156
15.66896036900016,14.067968,59.843
15.680921113000295,14.067968,60.187
15.692877122000027,14.028672,59.781
15.704854251000143,13.989376,60.281
15.718119126000602,13.989376,59.906
15.731368545000805,14.028672,60.093
15.744840183000633,14.028672,59.937
15.757900119000624,14.028672,59.812
15.769982757000435,14.028672,59.968
15.782038801999988,14.028672,60.343
15.794129632000477,13.989376,59.937
15.806156459000704,13.989376,59.937
15.820962566000162,13.95008,60.125
15.83301355399999,13.95008,59.843
15.844996827000614,13.95008,59.937
15.856987108000794,13.910784,60.343
15.868959405000169,13.910784,59.937
15.880666728000506,13.910784,60.156
15.892704978999973,13.95008,59.812
15.904661787000805,13.95008,59.968
15.916620579000664,13.95008,59.906
15.928626989000804,13.989376,59.937
15.940648088000671,13.989376,60.343
15.952657314000135,14.028672,59.906
15.964984221000122,14.028672,60.156
15.976967974000218,14.067968,60.062
15.988964142999976,13.989376,59.812
16.000963897000474,14.028672,59.906
16.016523545999917,13.989376,59.906
16.029347982000218,13.989376,60.187
16.042664860000514,13.989376,59.875
16.054845071000273,14.028672,60.093
16.067167466000683,14.028672,59.875
16.079254648000642,14.028672,59.968
16.09133175000079,13.989376,60.343
16.103288749000058,13.989376,60.187
16.115572678000717,13.95008,59.937
16.127703254000153,13.95008,60.062
16.139667774000372,13.95008,59.812
16.151598084999932,13.910784,59.937
16.163553868000236,13.910784,60.406
16.175467889000174,13.910784,59.906
16.18749574100002,13.910784,60.187
16.199432259000787,13.95008,59.812
16.211378506000074,13.95008,60.062
16.22330289599995,13.95008,59.75
16.235243222999998,13.95008,59.875
16.247200831000555,13.989376,60.312
16.259138725000412,14.028672,59.906
16.271089773000313,14.028672,60.125
16.28302152300057,14.028672,59.906
16.294978650000303,13.989376,60.031
16.306914081000286,13.989376,59.75
16.320164427000236,13.989376,60.281
16.332700913000735,13.989376,59.843
16.346083682000426,13.989376,60.093
16.35950680499991,14.028672,60.093
16.37157286599995,13.989376,59.812
16.383670801000335,13.989376,59.968
16.3958334429999,13.989376,60.375
16.408054296000046,13.95008,59.906
16.422815248000006,13.95008,59.906
16.434811961999912,13.910784,60.0
16.446800419000283,13.910784,59.843
16.45873594600016,13.910784,59.937
16.470663280000736,13.910784,59.812
16.482678618000136,13.910784,59.937
16.49462931400012,13.910784,60.218
16.506542503000674,13.910784,59.937
16.51853768000001,13.910784,60.062
16.53050133600027,13.95008,59.937
16.542493698000726,13.989376,59.968
16.55448084300042,13.989376,60.312
16.56644901100026,13.989376,59.906
16.57843881200006,14.028672,60.218
16.59040627700051,13.989376,59.875
16.602391310000712,13.989376,59.968
16.61558629299998,13.95008,59.937
16.627543709000747,13.95008,60.375
16.640720931000033,13.989376,59.843
16.653943980000804,13.989376,59.875
16.667002316000435,13.989376,60.093
16.679131709000103,13.989376,59.875
16.691203018000124,13.989376,60.093
16.703233718000774,13.95008,59.781
16.71650601700003,13.95008,59.937
16.728577294000388,13.910784,60.218
16.74062428200068,13.910784,59.937
16.752607650000755,13.910784,60.062
16.76459485900068,13.910784,59.875
16.77659810000023,13.871488,60.0
16.78884257000027,13.910784,60.343
16.800853172000643,13.910784,60.25
16.812830524000674,13.910784,59.812
16.824761826000213,13.910784,60.156
16.83673908200035,13.95008,59.75
16.84875806800028,13.989376,59.937
16.860704059000454,13.989376,60.343
16.872706275999917,14.028672,59.906
16.88470737300031,13.989376,60.218
16.897696745000758,13.95008,59.718
16.91046703400025,13.95008,59.75
16.923646623999957,13.95008,59.968
16.936840327000027,13.95008,59.718
16.949916167000083,13.95008,60.25
16.963234132000252,13.989376,59.875
16.97529686500002,13.989376,60.125
16.987529142000312,13.95008,59.812
16.999659846000213,13.95008,60.031
17.0117006570008,13.910784,59.937
17.026347875000283,13.910784,60.281
17.038381422000384,13.871488,59.937
17.050349941000604,13.871488,60.062
17.062301244000082,13.871488,59.875
17.074304230000052,13.871488,60.031
17.08643218100042,13.871488,59.812
17.09847980900031,13.871488,59.937
17.1104760420003,13.871488,60.312
17.12245630600046,13.871488,59.812
17.134437595000236,13.910784,60.093
17.146405186000266,13.95008,59.781
17.158373514000232,13.95008,59.937
17.17032577700047,13.989376,59.781
17.182329434000167,13.989376,59.937
17.19432896300077,13.95008,60.218
17.20638228700045,13.95008,60.031
17.219655706000594,13.910784,59.875
17.232910948000608,13.95008,60.062
17.246136268000555,13.95008,59.937
17.259222221000527,13.95008,60.218
17.27131407500019,13.95008,59.843
17.283447978999902,13.95008,60.125
17.295483702000638,13.95008,59.781
17.30752358600057,13.910784,60.031
17.3195584770001,13.910784,59.75
17.331556150000324,13.871488,60.0
17.34351676500046,13.871488,60.25
17.35545929900036,13.871488,59.968
17.3674107300003,13.871488,60.093
17.379338671999903,13.871488,59.781
17.391277206000268,13.871488,60.0
17.403243069000382,13.871488,59.906
17.41522439000073,13.871488,59.875
17.427185901000485,13.910784,60.25
17.439187190000666,13.910784,60.062
17.451175838999916,13.95008,59.812
17.463144102000115,13.95008,59.937
17.475126863000696,13.989376,59.718
17.487125112000285,13.989376,59.937
17.49909955200019,13.910784,60.093
17.511087913000665,13.95008,59.812
17.524460632000228,13.95008,60.0
17.537850153000363,13.95008,59.937
17.551094002000355,13.95008,59.718
17.564489635000427,13.989376,59.968
17.576636116000373,13.95008,60.25
17.58880631000011,13.95008,60.156
17.600864402000298,13.95008,59.781
17.612890493000123,13.910784,60.031
17.627054038000097,13.910784,59.812
17.639040446000763,13.871488,59.968
17.65098717300043,13.871488,60.375
17.662916362000033,13.871488,59.875
17.6748895540004,13.871488,60.093
17.68697990400051,13.832192,59.812
17.69893747900005,13.871488,60.031
17.710913007000272,13.871488,59.75
17.72285416500017,13.871488,59.843
17.73478681100005,13.910784,60.218
17.746720703999927,13.910784,60.156
17.758721737000087,13.95008,59.75
17.770686032000413,13.95008,60.0
17.782629461000397,13.989376,59.812
17.794588092000595,13.95008,59.937
17.80676199700065,13.95008,60.093
17.821288600000116,13.95008,60.187
17.834503263000443,13.95008,59.875
17.847621313000673,13.95008,60.031
17.860772357000315,13.95008,59.937
17.873164706000352,13.95008,60.312
17.885227630000372,13.95008,59.875
17.897341148000123,13.95008,60.125
17.909450475000085,13.910784,59.843
17.922665426000094,13.910784,60.0
17.934722813000008,13.910784,59.812
17.9468467960005,13.910784,59.968
17.958778898000674,13.871488,60.187
17.970749273000365,13.871488,59.906
17.982690110000476,13.871488,60.187
17.994797549000396,13.871488,59.843
18.006749234999916,13.871488,60.031
18.018670039000426,13.910784,59.937
18.03058985200005,13.910784,60.281
18.042579300000398,13.95008,59.843
18.05453777100047,13.95008,60.093
18.066458414999943,13.989376,59.718
18.078462520000357,13.989376,60.0
18.090455776000454,13.989376,59.781
18.102425576000314,13.95008,59.875
18.115332959000625,13.910784,60.218
18.12859060000028,13.910784,60.125
18.141800015000626,13.910784,59.781
18.155061817000387,13.95008,60.0
18.1681976280006,13.95008,59.937
18.180292105000262,13.95008,60.312
18.192511357000512,13.95008,59.875
18.204584201000216,13.95008,60.156
18.2167020400002,13.910784,60.125
18.23147611100012,13.910784,60.156
18.243474232000153,13.871488,60.031
18.25542198200037,13.871488,59.75
18.267372676000377,13.871488,59.875
18.279322762000447,13.871488,60.187
18.291311026000585,13.832192,59.937
18.303291578000426,13.871488,60.062
18.315246976000708,13.871488,59.781
18.32724304900057,13.871488,59.937
18.339398202000666,13.910784,60.312
18.351465669999925,13.95008,59.875
18.363500848000513,13.95008,60.156
18.37555641200015,13.989376,59.875
18.38775323000027,13.989376,60.0
18.3999271040002,13.95008,59.781
18.411997228000473,13.95008,60.281
18.425101294000342,13.95008,59.906
18.43845868400058,13.95008,60.187
18.451676515000145,13.95008,60.031
18.4647954940001,13.95008,59.718
18.47718525000073,13.95008,59.937
18.489292081000713,13.95008,59.75
18.50148198700026,13.95008,59.968
18.513536206000026,13.910784,60.25
18.525833478000095,13.910784,59.906
18.538032921000195,13.871488,60.125
18.54999766400033,13.871488,59.906
18.561960807000105,13.871488,60.062
18.57397761700031,13.871488,60.375
18.586011803000474,13.832192,59.906
18.59800253100002,13.871488,60.156
18.60997735500041,13.871488,60.062
18.621922448000078,13.871488,59.875
18.633906519999982,13.910784,60.062
18.64587753500018,13.910784,60.343
18.657870408000235,13.95008,59.875
18.669844847000604,13.95008,60.125
18.681820630999937,13.989376,59.781
18.693847776999974,13.95008,60.062
18.70583988100043,13.95008,59.718
18.719086609999977,13.910784,59.906
18.731286404000457,13.910784,59.937
18.744885791000343,13.910784,60.093
18.758094917000562,13.95008,59.937
18.771198950000326,13.95008,59.968
18.783302515000287,13.95008,59.968
18.795365949999905,13.95008,59.781
18.807443050000074,13.910784,59.937
18.819566041000144,13.910784,60.125
18.83429322900065,13.871488,60.093
18.84633413500069,13.871488,60.093
18.85833071900015,13.871488,59.968
18.870293253000455,13.832192,59.75
18.882273740000528,13.832192,59.906
18.894282677000774,13.832192,60.218
18.906266588000108,13.832192,59.875
18.918249027000456,13.871488,60.062
18.93022650600051,13.871488,59.843
18.942627942999934,13.910784,59.968
18.954982913000094,13.910784,59.781
18.967076174000795,13.95008,59.906
18.979070614000193,13.95008,60.187
18.991049661000034,13.989376,59.906
19.003010531000655,13.910784,60.0
19.01496717700047,13.910784,59.937
19.028163311000753,13.910784,59.75
19.04136443600055,13.910784,59.906
19.054718114000025,13.95008,59.843
19.067750143000012,13.95008,60.062
19.080238303999977,13.95008,59.718
19.0922719780001,13.95008,60.0
19.104275954000514,13.910784,59.718
19.116371263000474,13.910784,59.937
19.128435883000748,13.871488,60.312
19.140445139000803,13.871488,59.843
19.152490846000546,13.871488,60.125
19.164429507000023,13.871488,59.812
19.176401738000095,13.832192,60.031
19.188510775000395,13.832192,59.718
19.200454748000084,13.832192,59.937
19.212432387000263,13.871488,60.218
19.22442061900074,13.871488,59.843
19.236393650000537,13.871488,60.125
19.248404154000127,13.910784,59.937
19.260380673000327,13.910784,59.718
19.27239300200017,13.95008,59.875
19.28437012900031,13.989376,60.156
19.29635010400034,13.95008,59.812
19.308277948000068,13.910784,60.031
19.32151779600008,13.910784,59.718
19.33400493299996,13.910784,60.0
19.347246509000797,13.910784,59.906
19.36037169500014,13.95008,60.25
19.37357672500002,13.95008,59.75
19.385723109000537,13.95008,60.062
19.39780347300075,13.95008,59.718
19.409930207000798,13.910784,60.0
19.422023116000673,13.910784,59.937
19.436190884000098,13.910784,60.281
19.4481881720003,13.871488,59.937
19.4601847240001,13.871488,60.125
19.472148602000743,13.871488,59.875
19.484064126000703,13.871488,60.031
19.496040517000438,13.832192,59.781
19.50798964200021,13.871488,59.968
19.51996929699999,13.871488,60.281
19.531984602000193,13.871488,59.843
19.544142122000267,13.910784,59.781
19.556120689000636,13.910784,60.0
19.568046773000788,13.95008,59.656
19.580000187000223,13.95008,59.906
19.592038821000642,13.989376,60.25
19.604015628000525,13.95008,59.906
19.616029173000243,13.95008,60.093
19.629309055000704,13.910784,59.812
19.642540742000165,13.910784,59.718
19.655979640000623,13.95008,59.843
19.669043638999938,13.95008,60.218
19.681388177000372,13.95008,59.812
19.693560065999918,13.95008,60.031
19.705595436000294,13.95008,60.093
19.717690745000255,13.910784,59.843
19.729699585000162,13.910784,60.062
19.74171716100045,13.910784,60.312
19.75369595200027,13.871488,59.875
19.76562971600015,13.871488,60.156
19.777562584000407,13.871488,59.906
19.789550303000397,13.871488,60.031
19.801529189000576,13.871488,59.781
19.813485163000223,13.871488,59.937
19.82545118500002,13.871488,60.25
19.837532700000338,13.910784,59.906
19.849534244000097,13.910784,60.062
19.861503946000084,13.95008,59.812
19.87351736200071,13.95008,59.968
19.885493368000425,13.989376,59.687
19.89747228700071,13.989376,59.937
19.90944662900074,13.95008,60.156
19.92190950800068,13.95008,59.968
19.935250705000726,13.910784,59.875
19.948382034000133,13.910784,59.937
19.96166281100068,13.95008,59.906
19.974522543000603,13.989376,60.281
19.986782276000667,13.989376,59.875
19.99884100700001,13.989376,60.125
20.01091001000077,13.95008,59.906
20.022985029000665,13.910784,59.812
20.037441226000738,13.910784,60.0
20.04945163499997,13.910784,60.312
20.06164038800034,13.910784,59.906
20.07360080900071,13.871488,60.187
20.085524173000522,13.871488,59.906
20.097564439000053,13.871488,60.062
20.109585023000363,13.871488,59.781
20.121546373000456,13.871488,59.968
20.133528267000656,13.910784,60.187
20.145514386000286,13.910784,59.843
20.157540283000344,13.95008,60.156
20.169530306000524,13.95008,59.718
20.181526313000177,13.989376,60.0
20.19355099400036,13.989376,59.812
20.20555413800048,13.95008,59.937
20.217576162000114,13.95008,59.781
20.230768711000565,13.95008,60.187
20.243228582000484,13.95008,59.781
20.256300805000137,13.95008,59.968
20.268458036000084,13.989376,59.687
20.280232400000386,13.989376,59.937
20.29241500900025,13.989376,60.187
20.30450887799998,13.989376,59.906
20.316535447000206,13.95008,59.75
20.33001076200071,13.95008,60.062
20.342471017000207,13.910784,59.75
20.354491697999947,13.910784,60.031
20.366501626000172,13.910784,60.312
20.378493121000247,13.871488,59.906
20.390500201000577,13.871488,60.156
20.40248420700027,13.871488,59.843
20.414469717999964,13.871488,60.031
20.426440700000057,13.910784,59.937
20.438666895000097,13.910784,60.281
20.450612980000187,13.910784,59.937
20.46259532300064,13.95008,60.093
20.474588386000505,13.989376,59.718
20.486636012000417,13.989376,60.031
20.49863432300026,13.989376,59.843
20.5106732130007,13.95008,59.843
20.52262838600018,13.95008,60.218
20.5357727720002,13.95008,59.906
20.549221686000237,13.95008,59.687
20.562287636000292,13.95008,60.0
20.57550828300009,13.989376,59.75
20.587620616000095,13.989376,59.937
20.59962804800034,13.989376,60.281
20.611654489000102,13.95008,59.937
20.623770598000192,13.910784,59.781
20.638526619000004,13.910784,60.062
20.6505211220001,13.871488,59.843
20.662499081000533,13.871488,59.937
20.674474127000394,13.871488,60.25
20.686513753000327,13.871488,59.906
20.698514240000804,13.871488,60.156
20.710510215000795,13.871488,60.093
20.7225025430007,13.871488,59.781
20.734512822000397,13.910784,59.875
20.74654662300054,13.910784,60.281
20.758538726000552,13.95008,59.937
20.770503691000158,13.95008,60.187
20.78259582999999,13.989376,59.843
20.794565212000634,13.989376,60.062
20.806542562000686,13.95008,59.781
20.818540199999916,13.95008,59.906
20.831231475000095,13.910784,60.25
20.844579903000522,13.95008,60.187
20.857788260000234,13.95008,59.843
20.871103886000128,13.95008,59.968
20.883288415000607,13.989376,59.781
20.89536260100067,13.989376,59.937
20.907564314999945,13.95008,60.156
20.919656166000095,13.95008,60.218
20.931650348999938,13.910784,59.937
20.943622579000476,13.871488,60.031
20.955982636000044,13.871488,59.906
20.968042838000656,13.871488,59.937
20.980027004000476,13.871488,60.281
20.99220788399998,13.871488,59.906
21.004507651000495,13.871488,60.125
21.01654881200011,13.871488,59.843
21.028539442000692,13.871488,60.0
21.040539352999986,13.910784,59.781
21.052555777000634,13.910784,59.906
21.06452931900003,13.95008,60.281
21.07654471800015,13.95008,59.906
21.08859916000074,13.989376,60.031
21.10057580600005,13.95008,59.906
21.11256336400038,13.95008,60.031
21.124627951000548,13.910784,59.875
21.138025148999986,13.910784,60.25
21.1512059530005,13.95008,60.156
21.16425689300013,13.95008,59.812
21.17741212800047,13.95008,60.093
21.18956545400033,13.95008,59.812
21.201673019000737,13.95008,59.937
21.213665986000706,13.95008,60.343
21.22568756200053,13.910784,60.281
21.240192369000397,13.910784,59.875
21.252165271000194,13.871488,60.062
21.264180286000737,13.871488,59.843
21.2761537639999,13.871488,59.968
21.288227951000408,13.871488,60.343
21.300202708000143,13.832192,59.968
21.31217695400028,13.871488,60.25
21.324171873000523,13.871488,59.906
21.3361602949999,13.871488,60.062
21.34811162799997,13.910784,59.75
21.360042670999974,13.95008,59.937
21.371984594999958,13.95008,60.25
21.38400700300008,13.95008,59.843
21.396007298000768,13.989376,60.125
21.40794391000054,13.95008,59.781
21.419934284000192,13.95008,59.656
21.432929221999984,13.910784,59.937
21.44613380300052,13.910784,60.281
21.459207913000682,13.95008,60.125
21.47247441700074,13.95008,59.812
21.485204349000014,13.95008,60.031
21.49727805600014,13.95008,59.718
21.5093518270005,13.95008,59.937
21.521415933000753,13.910784,60.343
21.53347095100071,13.910784,59.937
21.54559602000063,13.871488,60.187
21.557547289000468,13.871488,59.875
21.569518014000096,13.871488,60.093
21.581456642000376,13.832192,59.781
21.593417575000785,13.832192,60.375
21.605354315000113,13.832192,60.312
21.6173011030005,13.871488,60.156
21.629280821000066,13.871488,59.843
21.64125375399999,13.871488,60.062
21.65322512000057,13.910784,59.75
21.66522496700054,13.910784,59.937
21.677182188000188,13.95008,60.25
21.689179089999925,13.989376,59.781
21.701144760000716,13.95008,60.218
21.713082811000277,13.910784,59.875
21.72512051600006,13.910784,59.968
21.73847265600034,13.910784,59.968
21.75164510600007,13.95008,60.281
21.763741726000262,13.95008,59.875
21.77709255300033,13.95008,60.125
21.78950544500003,13.95008,59.781
21.801796442000523,13.95008,60.062
21.81391683900074,13.95008,59.781
21.825972880000336,13.910784,59.75
21.838172705000034,13.910784,59.937
21.8501850319999,13.871488,60.218
21.862144204000288,13.871488,59.812
21.87414257799992,13.871488,60.156
21.8861124390005,13.871488,59.812
21.898079196000253,13.871488,59.937
21.91004921700005,13.871488,60.343
21.92200637299993,13.871488,59.937
21.933951560999958,13.871488,60.156
21.94591450900043,13.910784,59.968
21.95787233700048,13.910784,59.937
21.969855447000555,13.95008,59.687
21.981823260000056,13.95008,59.906
21.99379308800053,13.989376,60.281
22.005791879000753,13.95008,59.906
22.0178161419999,13.95008,59.656
22.032058312000117,13.910784,60.0
22.045408051000777,13.910784,59.656
22.058569429000272,13.910784,59.687
22.071808379000686,13.910784,59.937
22.084823060999952,13.95008,60.187
22.096970083000087,13.95008,59.937
22.109045293000236,13.910784,60.031
22.1211285039999,13.910784,59.75
22.133261445000244,13.910784,59.718
22.146906687999945,13.871488,59.875
22.158961641000133,13.871488,60.187
22.170948655000757,13.871488,59.843
22.182893714000784,13.832192,60.093
22.194896153000627,13.832192,59.843
22.2068465250004,13.832192,60.0
22.218798241000513,13.832192,60.312
22.23073600400039,13.871488,59.937
22.24270746500042,13.871488,60.156
22.25465998100026,13.871488,59.781
22.266612433000773,13.910784,60.031
22.27859183000055,13.95008,59.718
22.29057983600069,13.95008,59.906
22.302562401000614,13.95008,60.218
22.314506245000302,13.910784,59.906
22.326462089000415,13.910784,59.75
22.338825346000704,13.910784,60.031
22.352216016000057,13.95008,59.781
22.365416148000804,13.95008,59.687
22.378535667000506,13.95008,59.937
22.391042068000388,13.95008,60.156
22.403168320000077,13.95008,59.875
22.415317999000763,13.95008,60.125
22.427402457000426,13.910784,59.812
22.439545447000455,13.910784,60.062
22.451513708000675,13.871488,60.343
22.4634483990003,13.871488,59.937
22.475376209999922,13.832192,60.093
22.487361239000165,13.832192,59.906
22.499291002000064,13.832192,60.093
22.511263135000263,13.832192,59.812
22.523249829000633,13.871488,60.062
22.535185448000448,13.871488,60.25
22.547164557000542,13.871488,59.906
22.559148147000087,13.910784,60.187
22.571128664000753,13.910784,59.968
22.583108413000446,13.95008,59.687
22.595105284000056,13.989376,59.937
22.607096330000786,13.95008,60.343
22.619044813000073,13.910784,59.875
22.63233864600079,13.871488,60.125
22.645565083000292,13.910784,59.937
22.659153555000557,13.910784,59.718
22.67258544300057,13.910784,59.656
22.68577747800009,13.95008,59.906
22.69792162000067,13.95008,60.218
22.71007555400047,13.910784,59.812
22.72226158600006,13.910784,60.125
22.734402142999897,13.871488,60.031
22.748410795999916,13.871488,60.031
22.760392017000413,13.832192,59.937
22.772359029000654,13.832192,60.25
22.784317113000725,13.832192,59.812
22.796336447000613,13.832192,60.062
22.808457451000322,13.832192,59.875
22.820466770000166,13.832192,59.937
22.83244680700045,13.832192,59.718
22.844473662000382,13.871488,59.937
22.85645238699999,13.871488,60.187
22.868427078999957,13.910784,59.875
22.880410124000264,13.910784,59.968
22.892422803000045,13.95008,59.75
22.90439653500016,13.95008,59.937
22.916351034999934,13.910784,60.406
22.928332639000473,13.871488,59.875
22.94072092100032,13.910784,59.906
22.953930781000054,13.910784,60.062
22.967410030000792,13.910784,59.781
22.98069829399992,13.95008,60.0
22.99289114200019,13.95008,59.906
23.00495118300023,13.95008,60.218
23.01714207800069,13.910784,59.812
23.029257449999932,13.910784,60.125
23.0420897540007,13.910784,59.875
23.054221607000727,13.871488,60.062
23.06627438400028,13.871488,59.781
23.078452318000018,13.832192,59.937
23.090586923000046,13.832192,60.156
23.102768858000672,13.832192,59.937
23.114620248999927,13.832192,60.125
23.126597885000592,13.832192,60.0
23.138666887,13.871488,59.625
23.15083573300035,13.871488,59.906
23.162967969999954,13.871488,60.187
23.17501745000027,13.910784,59.781
23.18716824800049,13.910784,60.0
23.19930394000039,13.95008,59.75
23.21141512000031,13.910784,59.937
23.223397589000342,13.910784,59.625
23.23558755600061,13.910784,59.937
23.24882599400007,13.910784,59.781
23.26185267600067,13.910784,60.0
23.275242961000004,13.910784,59.937
23.288686305000738,13.95008,59.687
23.30086065500018,13.95008,59.906
23.312956346000647,13.910784,60.218
23.324913918000675,13.910784,59.906
23.337124430000586,13.871488,60.187
23.35033067400036,13.910784,59.875
23.362328600000183,13.871488,60.062
23.374318397000025,13.871488,59.75
23.38630025800012,13.871488,59.968
23.398283751000235,13.832192,60.187
23.410252747000413,13.832192,59.906
23.422258033000617,13.832192,60.062
23.43426331899991,13.832192,60.0
23.446402212000066,13.871488,59.812
23.458408106000206,13.871488,59.843
23.470371662000616,13.910784,60.125
23.48233915400033,13.910784,59.875
23.494364826000492,13.95008,60.062
23.50636486300027,13.95008,59.781
23.51836797300075,13.910784,59.937
23.53033393000078,13.910784,59.656
23.542471382000258,13.910784,59.937
23.555579541000043,13.910784,59.843
23.56892873600009,13.95008,60.031
23.581879542000024,13.95008,59.75
23.594062981000206,13.95008,60.0
23.606165232999956,13.95008,59.687
23.618240730000252,13.95008,59.937
23.630314724000527,13.910784,60.218
23.642581815000085,13.910784,59.875
23.654677314000764,13.871488,60.093
23.66659248399992,13.871488,59.812
23.678543431000435,13.832192,59.968
23.69054532500013,13.832192,59.937
23.702484688000368,13.832192,60.218
23.714431187000628,13.832192,59.781
23.726384694000444,13.871488,60.125
23.738423741000588,13.871488,59.781
23.750427298999966,13.871488,59.937
23.76241828000002,13.871488,59.781
23.774555156000133,13.910784,59.843
23.78651989500031,13.95008,60.156
23.798463706000803,13.95008,59.812
23.810437566000473,13.910784,60.125
23.822483493000618,13.910784,59.75
23.835726954000165,13.871488,59.687
23.849001617000795,13.871488,59.875
23.86228245500024,13.871488,60.156
23.875690309000674,13.910784,60.093
23.88895601100012,13.910784,59.781
23.9010721500008,13.910784,59.937
23.913225379000323,13.910784,59.75
23.925303756000176,13.910784,60.0
23.937446137000734,13.871488,59.906
23.951264251000794,13.871488,60.218
23.963686134000454,13.832192,59.781
23.975691931000256,13.832192,60.031
23.987750403000064,13.792896,59.75
23.999683301000005,13.792896,59.906
24.01162356000077,13.792896,60.312
24.02355540100052,13.832192,59.843
24.035521069000424,13.832192,60.125
24.04749048100075,13.832192,59.75
24.059446420000313,13.871488,59.968
24.071801035000135,13.871488,59.656
24.08394952800063,13.910784,59.875
24.09600780800065,13.910784,60.218
24.108013798000684,13.95008,59.937
24.12001876300019,13.871488,60.062
24.132040626000162,13.871488,59.812
24.14550944200073,13.871488,59.75
24.15882938699997,13.871488,60.281
24.17198513099993,13.910784,59.718
24.18541256900062,13.910784,60.093
24.19755344600071,13.910784,59.75
24.209625423000034,13.910784,60.0
24.221696696000436,13.910784,59.718
24.233798690000185,13.871488,59.937
24.246032883000225,13.871488,60.25
24.25806940200073,13.832192,60.093
24.270026077000693,13.832192,59.906
24.281994689000385,13.792896,60.031
24.293947108000793,13.792896,59.781
24.305923752000126,13.792896,59.906
24.317886475000705,13.792896,60.25
24.329854094999973,13.792896,59.843
24.341948377000335,13.832192,60.031
24.353983840000183,13.832192,59.843
24.365982085000724,13.871488,59.937
24.37796807399991,13.871488,59.687
24.39001726600054,13.910784,59.875
24.401996918000805,13.910784,60.218
24.41395884100075,13.871488,59.812
24.425978111000404,13.871488,59.75
24.43969865300005,13.832192,59.968
24.4532537770001,13.832192,59.718
24.466752291000375,13.871488,60.281
24.479825823000283,13.871488,59.812
24.49307923700053,13.871488,60.125
24.505380249000154,13.871488,59.718
24.517523622000226,13.871488,60.0
24.52962548800042,13.871488,59.968
24.541877603000103,13.832192,59.718
24.555855949000033,13.832192,59.937
24.567828240999916,13.792896,60.25
24.57999836700037,13.792896,59.781
24.59203616600007,13.792896,60.0
24.604043340000317,13.792896,59.75
24.616157111000575,13.792896,59.937
24.628155068000524,13.792896,60.281
24.640178978000222,13.792896,60.125
24.65224167500037,13.832192,59.781
24.66426296100053,13.832192,59.937
24.67623630900016,13.871488,59.718
24.688336672000332,13.871488,59.906
24.700540943000306,13.910784,60.218
24.71256399000049,13.910784,59.968
24.724590075999913,13.871488,60.031
24.73666579700057,13.832192,59.718
24.749933066000267,13.832192,59.625
24.7632108960006,13.871488,59.906
24.776591195000037,13.871488,59.687
24.789921252000568,13.910784,60.218
24.80224584900043,13.910784,59.906
24.814275360000465,13.910784,60.031
24.826358025000445,13.871488,59.75
24.83849710800041,13.871488,59.968
24.853264486000626,13.832192,59.968
24.865254699000616,13.832192,60.25
24.877288945000146,13.832192,59.875
24.889306679000583,13.792896,60.093
24.901296795000235,13.792896,59.687
24.913229724000303,13.792896,59.937
24.925187871000162,13.792896,59.687
24.937165154000468,13.792896,59.843
24.949142182000287,13.832192,60.156
24.961078502999953,13.832192,59.812
24.97304458600047,13.871488,59.968
24.9853031319999,13.871488,59.718
24.997498827000527,13.910784,59.875
25.009523153000373,13.910784,59.625
25.02158431299995,13.871488,59.906
25.033627167000304,13.871488,59.687
25.047220374000062,13.871488,60.031
25.060318098000607,13.871488,59.718
25.073667835999913,13.871488,59.718
25.087375864000023,13.910784,59.843
25.099588295000103,13.910784,60.156
25.112039683000148,13.910784,59.843
25.124502495000343,13.910784,60.125
25.137103299000046,13.871488,60.0
25.14875048600061,13.871488,59.812
25.16102535200025,13.871488,59.937
25.173282618000485,13.832192,60.312
25.185679347000587,13.832192,59.875
25.19716434900056,13.832192,60.218
25.2093775809999,13.832192,59.843
25.22155557900078,13.832192,60.0
25.23388040000009,13.832192,59.656
25.246196133000012,13.832192,59.906
25.258457206999992,13.871488,60.218
25.270677671000158,13.871488,60.093
25.282939161000286,13.910784,59.75
25.29518445800022,13.910784,60.0
25.30752800100072,13.95008,59.718
25.31974971300042,13.871488,59.937
25.33119304899992,13.910784,60.062
25.344133582000723,13.871488,59.75
25.356587081000725,13.871488,60.093
25.369290930000716,13.910784,60.062
25.381506626000373,13.95008,59.75
25.39381499800038,13.95008,59.937
25.406146668000474,13.95008,60.218
25.418366620000597,13.95008,59.875
25.430529801000375,13.95008,60.062
25.442600433000734,13.910784,59.875
25.45606620900071,13.910784,60.031
25.468042276000233,13.871488,59.906
25.479999047000092,13.871488,60.218
25.492043086000194,13.871488,59.906
25.504045010000482,13.871488,60.031
25.516156317000423,13.832192,59.812
25.52815789000033,13.871488,60.031
25.540133381000487,13.871488,59.75
25.55206435800028,13.871488,59.906
25.56406788300046,13.871488,60.218
25.57604583900047,13.910784,59.843
25.588103926000258,13.910784,60.093
25.600030135000452,13.95008,59.718
25.61197372100014,13.95008,59.968
25.62394351600051,13.910784,59.718
25.63597632300025,13.910784,59.843
25.647916004000763,13.910784,60.187
25.661246285000743,13.910784,60.062
25.674548436000805,13.910784,59.843
25.68778962400029,13.910784,59.968
25.700296311000784,13.95008,59.843
25.712447363000138,13.910784,60.25
25.72447997800009,13.910784,59.906
25.73654840100062,13.910784,60.125
25.749255802000334,13.871488,59.843
25.76138054800049,13.871488,60.031
25.77332566900077,13.871488,59.781
25.785263878000478,13.832192,59.937
25.797267915000702,13.832192,60.218
25.809236813000098,13.832192,59.843
25.821210608,13.832192,60.062
25.833190067000032,13.832192,59.812
25.845179126999938,13.832192,60.0
25.857127320000473,13.832192,59.687
25.869058745000075,13.871488,59.875
25.881005881999954,13.871488,60.156
25.892988030000197,13.910784,59.843
25.904956608000248,13.910784,60.0
25.91689372900055,13.910784,59.718
25.928848675000154,13.871488,59.875
25.941190073000143,13.871488,59.843
25.954376473000593,13.832192,60.218
25.967771300000095,13.871488,60.062
25.981180337000296,13.871488,59.812
25.99442779600031,13.910784,60.0
26.006661796000117,13.910784,59.687
26.0187582210001,13.871488,59.937
26.030899321000106,13.871488,60.25
26.04297510500055,13.832192,60.156
26.057647981000628,13.832192,59.812
26.069669393999902,13.832192,60.062
26.081715097000597,13.792896,59.75
26.093755487000635,13.792896,59.875
26.10576064399993,13.792896,60.281
26.11728119899999,13.792896,59.875
26.129361880000033,13.792896,60.093
26.141374236000047,13.792896,59.812
26.153355166999972,13.832192,60.0
26.16532726600053,13.832192,59.718
26.17734170299991,13.832192,60.281
26.189348748000157,13.871488,59.812
26.201365617000192,13.910784,60.062
26.213352916000076,13.910784,59.875
26.225350968000384,13.871488,59.906
26.23754170200027,13.832192,59.687
26.250965939000707,13.871488,60.312
26.26450509300048,13.871488,59.843
26.276586734000375,13.871488,60.062
26.289626119000786,13.910784,59.781
26.301838006000253,13.910784,60.031
26.314088551000168,13.910784,59.718
26.326175567000064,13.871488,59.968
26.33832825100035,13.871488,60.25
26.3505232410007,13.832192,59.937
26.362675061000118,13.832192,60.125
26.37466085699998,13.792896,60.0
26.38663077900037,13.792896,59.75
26.39861212699998,13.792896,59.937
26.410559840000133,13.792896,60.312
26.422516162000647,13.792896,59.843
26.434490341000128,13.792896,60.093
26.446537579000506,13.792896,59.718
26.458519022000473,13.832192,59.968
26.470454799000436,13.832192,59.593
26.482434834000742,13.871488,59.937
26.494423445999928,13.871488,60.187
26.506435963000513,13.910784,59.781
26.518404093000754,13.871488,60.156
26.530397633000575,13.832192,59.75
26.542909759000395,13.832192,59.656
26.556450770000083,13.832192,59.937
26.569704054000795,13.832192,60.187
26.58287160600048,13.871488,59.781
26.594975134999913,13.871488,60.125
26.607123403000514,13.871488,60.031
26.619240053000794,13.871488,59.718
26.631426275000194,13.871488,59.937
26.64347863400053,13.832192,60.25
26.65776297800039,13.832192,59.875
26.669788200000767,13.792896,60.156
26.681760842000585,13.792896,60.031
26.693788047999988,13.792896,59.687
26.7058137490003,13.792896,59.937
26.71778408800037,13.7536,60.25
26.729754267000317,13.792896,59.875
26.741704316000323,13.792896,60.156
26.75366578900048,13.792896,59.781
26.765622975000042,13.792896,59.968
26.777554303000215,13.832192,59.718
26.789555842000482,13.871488,59.843
26.80157325500022,13.871488,60.125
26.813561226000274,13.910784,59.843
26.825513707000027,13.832192,60.062
26.837638837000668,13.832192,59.968
26.851842312999906,13.832192,59.718
26.865046857999914,13.832192,59.937
26.878546874000676,13.832192,59.875
26.89195635700071,13.871488,60.25
26.904151667000406,13.871488,59.75
26.916213401000277,13.871488,60.031
26.92836144500052,13.871488,59.718
26.9404681420001,13.832192,59.937
26.952505875000497,13.832192,60.343
26.96452402400064,13.792896,59.937
26.976543708000463,13.792896,60.125
26.98868490299992,13.792896,59.812
27.00069165900004,13.792896,60.031
27.01264727600028,13.7536,59.718
27.024709235000046,13.7536,59.968
27.036661844000264,13.7536,60.218
27.048647958999936,13.792896,60.156
27.060632665999947,13.792896,59.781
27.07260972400036,13.792896,60.031
27.084604319999926,13.832192,59.812
27.09661507600049,13.832192,59.875
27.108605766999972,13.871488,60.25
27.120594634000554,13.871488,59.906
27.132625647000168,13.832192,60.093
27.14582251200045,13.832192,59.937
27.159159063000516,13.792896,59.625
27.17251616000067,13.832192,59.812
27.18577312400066,13.832192,59.843
27.199070249000215,13.871488,60.156
27.21118840300005,13.871488,59.781
27.223312253000586,13.871488,60.031
27.235379748000014,13.832192,59.75
27.247489485000187,13.832192,59.718
27.261848873000417,13.792896,59.875
27.27388900599999,13.792896,60.218
27.28592466000009,13.7536,59.812
27.29797353000049,13.7536,60.031
27.30999823900038,13.7536,59.781
27.32200752300014,13.7536,59.968
27.334011207000003,13.7536,59.75
27.346081774000595,13.7536,59.843
27.358104499000547,13.792896,60.187
27.370151801000247,13.792896,59.718
27.3821807660006,13.832192,59.968
27.394319656000334,13.832192,59.718
27.406339341000603,13.871488,59.875
27.418318447000274,13.871488,60.312
27.430318323000392,13.832192,59.812
27.44247164600074,13.792896,59.75
27.455857384999945,13.832192,60.031
27.469107756000085,13.832192,59.937
27.482290988000386,13.832192,59.687
27.495272097000452,13.871488,59.906
27.507663865000723,13.871488,60.218
27.5198185320005,13.871488,59.843
27.531987664000553,13.832192,59.968
27.544103834000452,13.832192,59.781
27.55627648600057,13.832192,60.031
27.56832081199991,13.792896,59.781
27.58048066400079,13.792896,60.25
27.592493308000485,13.792896,60.25
27.604464894000557,13.7536,60.062
27.61646787400059,13.7536,59.75
27.628586860000723,13.7536,59.906
27.640611857000295,13.792896,59.656
27.652637429000606,13.792896,59.843
27.664610168000763,13.792896,60.281
27.676731297000515,13.832192,59.718
27.688794888000302,13.832192,60.031
27.7008637910003,13.832192,59.718
27.71288184400055,13.871488,59.906
27.72488453599999,13.832192,59.625
27.736881050000193,13.832192,60.031
27.751249910000297,13.792896,59.75
27.764532090000102,13.792896,60.125
27.777649718000248,13.792896,59.937
27.790764242000478,13.832192,59.718
27.80408296800033,13.832192,59.906
27.816176640000776,13.832192,60.156
27.828355980000197,13.832192,59.812
27.840525048000018,13.832192,60.093
27.852704964000623,13.792896,59.968
27.866338394000195,13.792896,59.75
27.87836809500004,13.792896,59.906
27.89044634200036,13.792896,60.281
27.90252900500036,13.7536,59.875
27.914525936000246,13.7536,59.968
27.926566517000538,13.7536,59.718
27.93872454400025,13.7536,59.937
27.95069577800041,13.7536,59.687
27.96271885400074,13.7536,60.281
27.974759211000674,13.792896,59.812
27.986897845000385,13.832192,60.031
27.998936794000656,13.832192,59.718
28.010884090000218,13.871488,59.937
28.022906206000698,13.832192,59.812
28.034927138000057,13.792896,59.812
28.046947527000157,13.792896,60.156
28.06002080000053,13.832192,59.812
28.073340806000488,13.832192,59.75
28.086586697000712,13.832192,59.968
28.100070167000013,13.871488,59.718
28.11217654400025,13.871488,59.906
28.124257991000377,13.871488,60.25
28.13633959800063,13.832192,60.187
28.148447479000424,13.832192,59.812
28.163850279000144,13.832192,59.781
28.176165242000025,13.792896,59.937
28.188493550000203,13.7536,59.656
28.200926663000246,13.7536,59.812
28.213232537000295,13.7536,60.187
28.225496234000275,13.7536,59.75
28.236980627000776,13.792896,60.062
28.249267204000716,13.792896,59.718
28.261688061000314,13.792896,60.0
28.27395895800055,13.832192,60.281
28.28622687799998,13.832192,60.156
28.2984912790007,13.871488,59.843
28.310669051000332,13.871488,59.937
28.322861672000727,13.871488,59.656
28.335189435000757,13.832192,59.906
28.34741409000071,13.832192,59.656
28.360346428000412,13.832192,59.781
28.373114054000325,13.871488,59.75
28.385908658000517,13.871488,60.031
28.398583287000292,13.910784,59.75
28.411234331000742,13.910784,59.906
28.423610258000735,13.910784,59.968
28.43601069700071,13.871488,60.25
28.448288858000524,13.871488,59.875
28.463453918000596,13.832192,59.75
28.475754865000454,13.832192,60.031
28.488181448999967,13.832192,59.718
28.49967560300047,13.792896,59.937
28.511960644000283,13.792896,60.218
28.52430642500076,13.792896,59.875
28.536501382000097,13.792896,59.968
28.547970254000575,13.792896,59.75
28.560185692000232,13.792896,59.937
28.57244030000038,13.832192,59.656
28.584647769000185,13.832192,59.937
28.596953324000424,13.871488,60.125
28.609281439999904,13.871488,60.031
28.62154033600018,13.910784,59.75
28.633780159000707,13.832192,59.968
28.64619067900003,13.832192,59.687
28.658879356999932,13.871488,59.843
28.671571395000683,13.871488,60.156
28.68407033600033,13.910784,60.187
28.697404551000545,13.910784,59.718
28.709731610000745,13.910784,59.937
28.72186736399999,13.910784,59.687
28.734003342000506,13.910784,59.937
28.746058547000757,13.871488,60.25
28.75849053999991,13.871488,59.875
28.77062578100049,13.832192,60.125
28.782669786000042,13.832192,60.125
28.794604601000174,13.792896,59.687
28.806612924000547,13.792896,59.937
28.818563292000363,13.792896,60.281
28.83052303600016,13.792896,59.937
28.842496221000147,13.792896,60.093
28.85450249600035,13.792896,59.75
28.86645680000038,13.832192,59.968
28.87844048200077,13.832192,59.625
28.89046851800049,13.871488,59.906
28.90244973500012,13.871488,60.187
28.914455338000153,13.910784,59.75
28.92641674600054,13.871488,60.125
28.938512402000015,13.832192,59.593
28.95100324500072,13.832192,59.937
28.96450006000032,13.832192,59.937
28.977655960999982,13.832192,60.187
28.990965662000235,13.832192,60.125
29.004383305000374,13.871488,59.75
29.01646667100067,13.871488,60.0
29.02861480899992,13.871488,59.75
29.04090522700062,13.832192,59.937
29.0530263870005,13.832192,60.312
29.066179408000608,13.832192,59.875
29.07759150900074,13.832192,60.156
29.08964709800057,13.792896,59.843
29.101669374000267,13.792896,60.0
29.11368272100026,13.792896,59.937
29.125647810000373,13.7536,60.312
29.137627875000362,13.792896,59.875
29.149613829000373,13.792896,60.031
29.161573989000317,13.792896,59.812
29.173663724000107,13.792896,59.968
29.18522962499992,13.832192,59.75
29.197309535000386,13.832192,59.812
29.209320706000653,13.871488,60.218
29.22131882100075,13.871488,59.875
29.235975630000212,13.832192,59.687
29.248155482000584,13.832192,59.937
29.261452413999905,13.832192,59.718
29.2749376440006,13.832192,59.656
29.28852483100036,13.832192,59.781
29.300991418000194,13.871488,60.156
29.31349359000069,13.871488,59.843
29.325587101000565,13.871488,60.031
29.337812043000667,13.871488,59.812
29.35005119300058,13.832192,59.875
29.36218563500006,13.832192,59.968
29.37424471200029,13.792896,60.218
29.38628292500016,13.792896,59.812
29.39830312000049,13.792896,60.0
29.410320371000125,13.792896,59.687
29.422344919000352,13.7536,59.937
29.434374811000453,13.7536,60.25
29.446410526999898,13.792896,59.906
29.458466149000742,13.792896,60.156
29.470441798000138,13.792896,59.812
29.48245949700049,13.792896,60.031
29.494485069000802,13.832192,59.593
29.50649460800014,13.832192,59.781
29.518489778000003,13.871488,60.25
29.53048619600031,13.832192,59.875
29.54250117600077,13.832192,59.562
29.556438557000547,13.792896,59.937
29.56857869400028,13.792896,59.687
29.581806023000354,13.792896,59.906
29.594981957000527,13.832192,59.906
29.608273034000376,13.871488,60.093
29.620342224000524,13.871488,59.75
29.63246792800055,13.832192,60.062
29.644720360000065,13.832192,59.75
29.65681339100047,13.792896,59.718
29.67049098300049,13.792896,59.875
29.682502250000653,13.792896,60.187
29.694535118000204,13.7536,59.843
29.706578387000263,13.7536,60.062
29.718556276000527,13.7536,59.718
29.730538613000135,13.7536,59.937
29.742535575000147,13.7536,59.687
29.754533977000392,13.7536,59.75
29.766555804000745,13.792896,60.093
29.778547965000143,13.792896,59.75
29.790564032000475,13.832192,60.031
29.802582851000807,13.832192,59.718
29.814539267000328,13.871488,59.875
29.826536900000065,13.871488,60.281
29.838815156000237,13.832192,59.875
29.85076686800039,13.792896,59.718
29.86433818200021,13.792896,60.0
29.877618793000693,13.832192,59.937
29.89086817000043,13.832192,59.75
29.904143757000384,13.871488,59.843
29.916369049999957,13.871488,60.125
29.928424671000357,13.871488,59.843
29.94056436000028,13.832192,60.093
29.952715025000543,13.832192,59.781
29.96505792500011,13.792896,60.0
29.977062470999954,13.792896,59.875
29.989142764999997,13.792896,60.187
30.001120750000155,13.792896,59.781
30.013064525000118,13.7536,60.093
30.025023597000654,13.7536,59.75
30.037064689000545,13.7536,59.968
30.049040561000766,13.7536,59.625
30.06101089799995,13.7536,59.937
30.072948848000124,13.792896,60.25
30.08489739200013,13.792896,59.656
30.096909362000588,13.792896,60.031
30.108856593000382,13.832192,59.656
30.120903062000252,13.871488,59.843
30.132908567999948,13.832192,59.625
30.144854263000525,13.792896,59.718
30.158468587000243,13.792896,59.718
30.17193071100064,13.792896,60.031
30.1850034400004,13.792896,59.937
30.198338037000212,13.792896,59.656
30.2115260999999,13.832192,59.812
30.22367510100048,13.832192,60.218
30.235728066000775,13.832192,59.812
30.2477489970006,13.792896,60.093
30.259815914000683,13.792896,60.0
30.27260053200007,13.792896,59.937
30.284582997000143,13.792896,59.906
30.296560790000512,13.7536,60.25
30.308653372000663,13.7536,59.812
30.320622204000756,13.7536,60.125
30.33257436400072,13.7536,59.75
30.344603999000356,13.7536,59.937
30.356749673000195,13.7536,59.656
30.36870308000016,13.7536,59.843
30.380677065000782,13.792896,60.156
30.392663690000518,13.792896,59.781
30.4046272100004,13.832192,60.0
30.416614026999923,13.832192,59.687
30.428631534000488,13.871488,59.937
30.440659601000334,13.792896,59.718
30.452669012000115,13.792896,60.125
30.46609766200072,13.792896,59.781
30.479267964000428,13.832192,60.0
30.49251606100006,13.832192,59.906
30.505521906000467,13.832192,59.656
30.51781033900079,13.871488,59.937
30.529897961000643,13.832192,60.218
30.541999856000075,13.832192,59.843
30.554052789000707,13.832192,60.093
30.56612697000037,13.792896,59.843
30.578110235000167,13.792896,60.0
30.59018272100002,13.7536,59.718
30.602164098000685,13.7536,59.906
30.614129122000122,13.7536,60.187
30.626084162000552,13.7536,59.781
30.638205898000706,13.7536,60.093
30.650161705000755,13.7536,59.718
30.662142762000258,13.7536,59.937
30.674119339000754,13.792896,59.781
30.686094892000256,13.792896,59.812
30.698100526000417,13.792896,60.031
30.71009259099992,13.832192,60.031
30.72204238300037,13.832192,59.687
30.734029904000636,13.832192,60.0
30.745992815000136,13.792896,59.625
30.758791161000772,13.792896,59.75
30.772084412000368,13.792896,60.218
30.785250681000434,13.792896,60.0
30.798474936000275,13.832192,59.812
30.811629012000594,13.832192,59.906
30.82379974200012,13.832192,59.656
30.83594784700017,13.832192,59.781
30.84805723000045,13.832192,60.312
30.860086833000423,13.792896,60.093
30.874944739000057,13.792896,59.812
30.88696839000022,13.7536,60.062
30.898956038000506,13.714304,59.718
30.910909605000597,13.714304,59.875
30.922906215000694,13.714304,60.218
30.934888903000683,13.714304,60.125
30.94689447300061,13.714304,59.687
30.958855912000217,13.7536,59.968
30.970774821000305,13.7536,59.656
30.982739429000503,13.7536,59.843
30.994671555000423,13.792896,60.25
31.0066038089999,13.792896,59.781
31.018570272000034,13.832192,60.0
31.030516447000082,13.832192,59.75
31.042479710000407,13.792896,59.906
31.05470061899996,13.792896,59.625
31.068437507999988,13.792896,60.218
31.081762441000137,13.792896,59.875
31.0951189590005,13.792896,60.125
31.10815037300017,13.832192,60.031
31.12032366299991,13.832192,59.625
31.132499545000428,13.832192,59.937
31.144578175000788,13.832192,60.25
31.156718887000352,13.792896,59.812
31.168850671000655,13.792896,60.156
31.180975223000132,13.7536,59.843
31.192989433000548,13.7536,60.0
31.20499260300039,13.7536,59.75
31.217011357000047,13.7536,59.843
31.229097027000535,13.7536,60.218
31.241192841000156,13.7536,59.906
31.25320330700015,13.7536,60.031
31.265193707000435,13.7536,59.656
31.277171052000085,13.7536,59.937
31.28927697800009,13.792896,59.625
31.30124161799995,13.792896,60.187
31.31326235600045,13.832192,59.781
31.32525406900004,13.832192,60.0
31.337222901000132,13.792896,59.718
31.349232055000357,13.792896,59.843
31.36282682500041,13.7536,59.625
31.37500555600036,13.7536,60.156
31.388409660000434,13.792896,59.781
31.40148859600049,13.792896,60.093
31.41463784000007,13.832192,59.75
31.426799866000692,13.832192,59.937
31.438888479000525,13.832192,59.718
31.450918978000118,13.792896,60.281
31.46302842500063,13.792896,59.875
31.477321246999963,13.792896,60.25
31.489433254000687,13.7536,59.812
31.50138848500046,13.7536,60.0
31.513326627000424,13.7536,59.718
31.52529913900071,13.714304,59.937
31.53731590999996,13.714304,60.218
31.549280005000583,13.7536,59.812
31.561244677000104,13.7536,60.062
31.573205508000683,13.7536,59.937
31.585187588000736,13.7536,59.656
31.59717488500064,13.792896,59.875
31.60913392400016,13.832192,60.281
31.62108694700055,13.832192,59.843
31.633064708000347,13.871488,60.156
31.645039812000505,13.792896,59.75
31.65700790700066,13.792896,59.937
31.67045684599998,13.792896,59.656
31.68353831100012,13.792896,60.25
31.696715972000675,13.832192,59.75
31.708788777000336,13.832192,60.125
31.721334342000773,13.832192,59.75
31.733384744999967,13.832192,59.937
31.745505584000057,13.832192,59.75
31.75770137100062,13.792896,59.875
31.770002987000225,13.792896,60.25
31.78216562000034,13.792896,60.156
31.794172789000186,13.7536,59.906
31.806151605000196,13.7536,60.093
31.81811870799993,13.7536,59.687
31.830096916000002,13.7536,59.906
31.842108116999952,13.7536,60.343
31.854121590999966,13.7536,59.843
31.866090166000504,13.7536,60.125
31.87811282400071,13.7536,59.687
31.890082743000676,13.792896,59.968
31.902050198000325,13.792896,59.593
31.914006453000184,13.832192,59.937
31.925998389000597,13.832192,60.187
31.93804648800051,13.832192,59.843
31.95000712700039,13.792896,59.968
31.962057818000176,13.792896,59.656
31.97526703299991,13.792896,59.906
31.987131763000434,13.792896,59.843
32.00048591199993,13.832192,60.218
32.01344772199991,13.832192,59.781
32.02555784000015,13.832192,60.093
32.037623828000505,13.832192,59.687
32.04968632800046,13.832192,59.968
32.061765149000166,13.792896,59.875
32.0762191620006,13.792896,60.343
32.08829404700009,13.792896,59.781
32.10046221600078,13.7536,60.125
32.112434183000005,13.7536,59.781
32.12440621499991,13.7536,60.0
32.13636781400055,13.7536,59.75
32.14834307700039,13.7536,59.937
32.16044311499991,13.7536,60.25
32.17242401100066,13.7536,60.125
32.18441389899999,13.7536,59.718
32.19642842900066,13.792896,59.937
32.208383051000055,13.792896,59.593
32.22051915500015,13.832192,59.843
32.2325116990005,13.832192,60.218
32.244463601999996,13.792896,59.906
32.25652149300004,13.792896,59.937
32.27081777100011,13.792896,60.0
32.284097260000635,13.792896,59.656
32.29635465000047,13.832192,59.937
32.3096408600004,13.832192,59.812
32.32259498900021,13.832192,60.156
32.3347332050007,13.832192,59.718
32.34675592700023,13.832192,60.062
32.3588369880008,13.792896,59.781
32.3717560110008,13.792896,60.031
32.38385361700057,13.792896,59.718
32.395841073000156,13.7536,59.875
32.407827889000146,13.7536,60.187
32.419833267000286,13.7536,59.75
32.431812146000084,13.714304,59.968
32.44377179300045,13.714304,59.75
32.455757809000715,13.7536,59.843
32.46769355100059,13.7536,60.218
32.479631275999964,13.7536,60.156
32.49183298300068,13.7536,59.718
32.50382056700073,13.792896,59.968
32.51579503100038,13.792896,59.656
32.5277736550006,13.832192,59.906
32.53974232600012,13.832192,60.281
32.551688884000214,13.792896,59.687
32.563846621000266,13.792896,60.031
32.577044954000485,13.792896,59.968
32.59037055800036,13.792896,59.656
32.60346325499995,13.792896,59.875
32.616826877000676,13.832192,59.75
32.62892371399994,13.832192,59.843
32.641023752000365,13.832192,60.187
32.653135663000285,13.832192,60.125
32.66524270900027,13.792896,59.781
32.680080710000766,13.792896,59.968
32.69205347700063,13.7536,59.687
32.70400624300055,13.7536,59.843
32.716005892000794,13.7536,60.093
32.72796915500021,13.7536,59.781
32.73996419500054,13.714304,60.0
32.752003365000746,13.7536,59.937
32.76397325200014,13.7536,59.656
32.77596595600062,13.7536,59.781
32.788120012000036,13.7536,60.062
32.80014737300007,13.792896,59.75
32.81213969300006,13.792896,59.968
32.824062826000045,13.832192,59.656
32.83603434399993,13.832192,59.968
32.84806151400062,13.792896,59.718
32.8600254160001,13.792896,59.718
32.8727111470007,13.792896,60.125
32.886040399000194,13.792896,60.031
32.898030671000015,13.832192,59.718
32.91115130400067,13.832192,59.906
32.92395921700063,13.832192,59.687
32.9360366610008,13.832192,59.812
32.94814553100059,13.832192,60.156
32.960289313999965,13.832192,59.75
32.9724224090005,13.792896,60.0
32.9841133380005,13.792896,59.75
32.9961823980002,13.792896,59.968
33.008156829000654,13.792896,59.937
33.020137340000474,13.7536,60.156
33.03212009100025,13.7536,59.812
33.0441187790002,13.7536,60.0
33.05606501700004,13.7536,59.718
33.06801125400034,13.7536,59.875
33.07996702800028,13.7536,59.656
33.09198466199996,13.792896,59.75
33.10403196000061,13.792896,60.125
33.11600095100039,13.832192,59.718
33.12799061500027,13.832192,60.0
33.140014936000625,13.832192,59.718
33.152016184000786,13.792896,59.906
33.164146591000645,13.792896,60.218
33.17686515600053,13.832192,60.125
33.19032769400019,13.832192,59.781
33.20346938400053,13.832192,59.968
33.21673015200031,13.871488,59.937
33.22898411700044,13.871488,59.75
33.24107295400063,13.871488,59.843
33.25313740599995,13.832192,60.125
33.26520550500027,13.832192,59.75
33.2773254800004,13.832192,60.062
33.28969068200058,13.792896,59.812
33.30169122700045,13.792896,59.937
33.313677914000436,13.7536,59.625
33.32564616900072,13.7536,59.875
33.33759275800003,13.7536,60.125
33.349573813999996,13.7536,59.75
33.36157720600022,13.7536,59.968
33.37376819200017,13.7536,59.718
33.38584854800047,13.792896,59.937
33.397904551000465,13.792896,60.218
33.41015995700036,13.832192,60.062
33.422181110000565,13.832192,59.687
33.43418376600039,13.871488,59.937
33.44617941400065,13.792896,59.656
33.45820741600073,13.832192,59.781
33.471970578000764,13.792896,60.25
33.48514500500005,13.792896,60.156
33.49836545100061,13.792896,59.687
33.51167713399991,13.832192,59.812
33.52479335099997,13.832192,59.875
33.53694903900032,13.832192,59.625
33.54904056400028,13.832192,59.843
33.56114040900047,13.792896,60.156
33.573251999000604,13.792896,59.875
33.586442172000716,13.792896,60.031
33.59852880000017,13.7536,59.812
33.61049731100047,13.7536,60.031
33.62244809300046,13.7536,59.718
33.63441711500036,13.7536,59.812
33.64646774199991,13.7536,60.125
33.658467646000645,13.7536,60.031
33.67041817200061,13.7536,59.656
33.68240322800011,13.7536,59.937
33.694387035000545,13.792896,59.593
33.706350681,13.792896,59.875
33.71834424900044,13.832192,60.093
33.730350778000684,13.832192,59.718
33.74235551400034,13.832192,60.093
33.75433202400018,13.792896,59.562
33.76637436200053,13.792896,59.875
33.779376043999946,13.792896,59.781
33.79249917300058,13.792896,60.187
33.80485887100076,13.832192,59.75
33.817994607999935,13.832192,60.031
33.83033152100052,13.832192,59.718
33.842439270000796,13.871488,59.937
33.85446525499992,13.832192,59.656
33.866605806000734,13.832192,59.906
33.87888662000023,13.832192,60.187
33.89103542700013,13.792896,60.125
33.90316525700018,13.792896,59.781
33.91514842400011,13.7536,59.968
33.927235404000385,13.7536,59.687
33.93929607900009,13.7536,59.875
33.95123764300024,13.7536,60.187
33.96337419400061,13.7536,59.843
33.975393075000284,13.7536,60.0
33.98744885300039,13.792896,59.781
33.99941371500063,13.792896,59.937
34.01135691200034,13.832192,59.593
34.02331018900077,13.832192,59.781
34.03525441000056,13.871488,60.062
34.04727041000024,13.832192,59.875
34.05921277500056,13.792896,59.937
34.07263668700034,13.792896,59.843
34.08576432800055,13.792896,59.687
34.09897587700016,13.792896,60.218
34.112249829000575,13.832192,59.781
34.12550323600044,13.832192,60.031
34.137618762000784,13.832192,59.718
34.14977012899999,13.832192,59.906
34.16188811900065,13.792896,59.687
34.173957114000586,13.792896,60.25
34.188918544000444,13.7536,59.812
34.20088126100018,13.7536,60.156
34.212864940000145,13.7536,59.718
34.22485380300077,13.714304,59.937
34.23685121100061,13.714304,59.75
34.24884260199997,13.714304,59.937
34.26083693700002,13.7536,60.093
34.27286381900012,13.7536,59.718
34.28488426700005,13.7536,60.031
34.29689053900074,13.7536,59.875
34.30936144299994,13.792896,59.625
34.32151127399993,13.792896,59.906
34.33355207600016,13.832192,60.156
34.345540715000425,13.832192,59.875
34.357530602000224,13.792896,59.937
34.36963851100063,13.792896,59.718
34.382917776000795,13.792896,59.968
34.39530758700039,13.792896,59.875
34.40842658700058,13.832192,60.125
34.421335977000126,13.832192,59.812
34.43343908600036,13.832192,60.0
34.44568805800009,13.832192,59.687
34.45775634900019,13.832192,60.0
34.46987856300075,13.792896,59.687
34.481997609000246,13.792896,60.25
34.494003177000195,13.792896,59.906
34.506008969000504,13.7536,60.156
34.51798445500026,13.7536,59.781
34.52995427800033,13.7536,59.937
34.541960870000366,13.7536,59.718
34.553952133000166,13.7536,59.875
34.56592848300079,13.7536,60.156
34.57788790500035,13.7536,59.812
34.5899115860002,13.7536,60.062
34.60188691200074,13.792896,59.656
34.61387100699994,13.792896,59.906
34.62586687900057,13.832192,59.593
34.63797513999998,13.832192,59.843
34.64995008200003,13.792896,60.281
34.661936193000656,13.792896,59.687
34.675320678999924,13.7536,59.656
34.68888837400027,13.7536,59.937
34.70227305200024,13.792896,59.875
34.71535323400076,13.792896,60.218
34.72869160600021,13.832192,59.812
34.74077439300072,13.832192,60.031
34.752801145000376,13.832192,59.812
34.76485263500035,13.792896,59.937
34.77691350100031,13.792896,59.906
34.79012431400042,13.792896,60.343
34.802138297000056,13.792896,59.843
34.814132760000575,13.7536,60.093
34.826104662000034,13.7536,59.781
34.8382613090007,13.7536,59.937
34.85029692600074,13.714304,59.718
34.86228796500018,13.7536,59.843
34.87427260300046,13.7536,60.25
34.88625093700011,13.7536,59.75
34.89824856800078,13.7536,60.0
34.91030485800002,13.792896,59.75
34.922295129000304,13.832192,59.937
34.934316281000065,13.832192,59.656
34.946328472999994,13.832192,59.875
34.9583306479999,13.792896,60.187
34.97033407100025,13.792896,60.062
34.98340100400037,13.792896,59.687
34.996658251000554,13.792896,59.937
35.00941339200017,13.832192,59.937
35.02271044900044,13.832192,60.281
35.03508992300067,13.871488,59.75
35.04721882500053,13.871488,60.093
35.05938446500022,13.832192,59.843
35.07144043500011,13.832192,59.937
35.0835132050006,13.792896,59.718
35.09553602200049,13.792896,59.906
35.107566934000715,13.7536,60.281
35.11952958800066,13.7536,59.843
35.13150529700033,13.7536,60.062
35.14348718400015,13.7536,59.75
35.15542077900045,13.7536,59.968
35.16735578299995,13.7536,59.656
35.17931523600055,13.7536,59.875
35.1912964510002,13.792896,60.156
35.20323772700067,13.792896,60.062
35.21522278100019,13.792896,60.0
35.227201851000245,13.832192,59.875
35.23932902500019,13.871488,59.593
35.251255868000044,13.832192,59.875
35.26320047200079,13.792896,60.093
35.27596435000032,13.792896,59.718
35.28930012900037,13.792896,59.625
35.302683814000375,13.792896,59.968
35.31589043400072,13.832192,59.625
35.32898808900063,13.832192,59.843
35.34129815200049,13.832192,59.75
35.35351707400059,13.832192,60.093
35.36564988000009,13.832192,59.687
35.37781967899991,13.792896,60.0
35.392391073,13.792896,59.937
35.40439238399995,13.792896,59.937
35.416370206000465,13.7536,59.812
35.428346684000644,13.7536,60.125
35.44035042700034,13.7536,59.75
35.4525507240005,13.7536,59.968
35.46458611700018,13.7536,59.687
35.476570148000064,13.7536,59.875
35.48871777000022,13.7536,60.281
35.50069082400023,13.792896,59.75
35.51269623100052,13.792896,60.031
35.52464512400002,13.832192,59.718
35.53661833800015,13.832192,59.937
35.548612385000524,13.871488,59.718
35.56058591800047,13.792896,59.75
35.57261423900036,13.792896,60.156
35.58585090900033,13.792896,60.093
35.59915862200069,13.792896,59.718
35.612555908000104,13.832192,59.625
35.62577104000047,13.832192,59.937
35.6383767340003,13.832192,59.687
35.65044918500007,13.832192,59.875
35.662567366000076,13.832192,60.187
35.67460087100062,13.792896,59.718
35.68680100800066,13.792896,60.0
35.69880932800061,13.792896,59.781
35.7107256420004,13.792896,59.906
35.722664326000086,13.7536,60.281
35.734600546000365,13.7536,59.875
35.74658038400048,13.7536,60.093
35.75855334100015,13.714304,59.812
35.770507961000476,13.7536,59.937
35.78251234400068,13.7536,59.875
35.79467916700014,13.7536,59.687
35.806662205000066,13.792896,59.75
35.81861772100001,13.792896,60.062
35.830583734000356,13.832192,59.687
35.8425647869999,13.832192,59.937
35.85466981500031,13.792896,59.687
35.86661045100027,13.792896,59.781
35.88032727200061,13.7536,59.812
35.89366999499998,13.7536,60.062
35.90681712300011,13.792896,59.687
35.92028030000074,13.792896,59.968
35.932186630000615,13.832192,59.718
35.944275817000744,13.832192,59.812
35.956344331000764,13.832192,59.875
35.968604310000046,13.792896,60.156
35.98061759000029,13.792896,59.781
35.994389901999966,13.792896,60.062
36.00637041100072,13.7536,59.875
36.01834701700045,13.7536,59.937
36.03031792599995,13.7536,59.718
36.042439947000275,13.7536,59.843
36.05443581700001,13.714304,60.187
36.06641187800051,13.7536,60.0
36.078363715000705,13.7536,59.656
36.09053239400055,13.7536,59.937
36.10255684100048,13.7536,59.593
36.11453978300051,13.792896,59.843
36.126501444000496,13.792896,60.093
36.138590407000265,13.832192,59.656
36.15054521900038,13.832192,60.062
36.16252134500064,13.792896,59.593
36.17453040000055,13.792896,59.812
36.18785478500013,13.792896,59.843
36.20109202999993,13.792896,60.031
36.21432172300047,13.832192,59.687
36.227414193000186,13.832192,59.968
36.23964441099997,13.832192,59.687
36.251798337000764,13.832192,59.656
36.26391568600047,13.832192,59.875
36.276021770000625,13.792896,60.156
36.28829471000063,13.792896,59.75
36.30042021900044,13.7536,60.031
36.31239404000007,13.7536,59.75
36.32435122100014,13.7536,59.937
36.33627572700061,13.7536,59.718
36.348400244000004,13.7536,59.843
36.36075594100021,13.7536,60.156
36.37288247400011,13.7536,59.781
36.38486573600039,13.7536,60.0
36.3968905669999,13.792896,59.656
36.40885862800042,13.792896,59.906
36.42082473700066,13.792896,59.593
36.43278745400039,13.832192,59.812
36.4448708810005,13.832192,60.062
36.45684985400021,13.792896,60.0
36.46882911600005,13.792896,59.593
36.48239527300029,13.7536,59.875
36.49562176600011,13.7536,59.75
36.50873634900017,13.792896,60.062
36.52195650500016,13.792896,59.718
36.53483226000026,13.832192,60.031
36.546945576000326,13.832192,59.656
36.559204468000644,13.832192,59.656
36.57128802300031,13.792896,59.843
36.58325304400023,13.792896,60.218
36.5980925140002,13.7536,59.875
36.61008896000021,13.7536,60.062
36.62207299000056,13.7536,59.687
36.63403913100046,13.714304,59.968
36.646039897000264,13.714304,59.843
36.658013879000464,13.714304,60.25
36.6699758270006,13.714304,59.781
36.681973426000695,13.714304,60.031
36.693954158999986,13.7536,59.687
36.705963246000465,13.7536,59.906
36.71797223700014,13.792896,59.625
36.72994641100013,13.792896,59.718
36.74195450500065,13.832192,60.093
36.75395031100015,13.832192,59.75
36.76594496500002,13.792896,59.906
36.77792128100009,13.7536,59.656
36.79106546500043,13.792896,59.656
36.80465843999991,13.792896,59.812
36.817198817000644,13.832192,60.156
36.83030107900049,13.832192,59.781
36.842625541000416,13.832192,60.093
36.8547308240004,13.832192,59.937
36.866798762000144,13.832192,59.687
36.878844426000796,13.792896,59.843
36.890893323000455,13.792896,60.187
36.90285107900036,13.7536,59.812
36.914776737000466,13.7536,60.156
36.9267268120002,13.7536,59.718
36.93877602900011,13.7536,59.968
36.9507327930005,13.7536,59.718
36.96266933100014,13.7536,59.875
36.974608878000254,13.7536,60.25
36.98656010600007,13.7536,59.718
36.99853255100061,13.7536,60.031
37.01049174700074,13.792896,59.531
37.022435006000705,13.792896,59.906
37.03445999700034,13.832192,59.625
37.04642245700052,13.832192,59.781
37.05839874200046,13.792896,60.218
37.07034526500047,13.792896,59.625
37.08327439799996,13.7536,59.625
37.096603135000805,13.7536,59.875
37.10977282500062,13.792896,59.531
37.12296427500041,13.792896,60.093
37.13614714800042,13.832192,59.812
37.148243407000336,13.832192,60.062
37.16025582200018,13.832192,59.75
37.17243448499994,13.792896,59.937
37.184599003000585,13.792896,59.937
37.19934800400006,13.7536,60.281
37.21128764700006,13.7536,59.875
37.22325705200001,13.7536,60.062
37.23523528900023,13.714304,59.781
37.24719742900015,13.714304,59.906
37.25915969700054,13.714304,59.593
37.27112084500004,13.714304,59.875
37.28307786500045,13.7536,60.187
37.29504109300069,13.7536,59.75
37.30696966300002,13.7536,60.093
37.318913851000616,13.792896,59.75
37.33085166900037,13.792896,59.875
37.34280587300054,13.832192,59.562
37.35475041200061,13.832192,59.875
37.36669802400047,13.792896,60.218
37.37850530800006,13.792896,59.968
37.3920998829999,13.792896,59.75
37.40562293400035,13.792896,59.687
37.41901020200021,13.832192,59.875
37.432242421999945,13.832192,60.281
37.444467807000365,13.832192,59.812
37.456561154000156,13.832192,60.062
37.46884289400077,13.832192,59.781
37.48107080800037,13.792896,60.0
37.49332409900035,13.792896,59.937
37.505349634000595,13.792896,60.25
37.517298781000136,13.7536,59.843
37.52931398000055,13.7536,60.062
37.54132050699991,13.7536,59.718
37.55329647100007,13.7536,59.906
37.56529893300012,13.7536,59.687
37.57728894699994,13.7536,59.781
37.5893012660008,13.7536,60.25
37.60128894300033,13.7536,59.812
37.613294189000044,13.792896,60.031
37.62525271300001,13.792896,59.625
37.637269256000764,13.832192,59.843
37.64925491700069,13.832192,59.656
37.66123017800055,13.792896,59.843
37.67322313600016,13.792896,60.093
37.686417818000336,13.7536,60.0
37.699274788000366,13.792896,59.687
37.71237516100064,13.792896,59.875
37.725641975000144,13.832192,59.843
37.73906521200024,13.832192,60.218
37.75117020700054,13.832192,59.906
37.76330349100044,13.832192,60.062
37.77534237100008,13.832192,59.718
37.78744106100021,13.792896,59.781
37.802390392000234,13.792896,59.937
37.81442018300004,13.7536,59.625
37.82638305799992,13.7536,59.812
37.83845678700072,13.714304,60.125
37.85041723100039,13.714304,59.843
37.86237575399991,13.714304,59.968
37.87432874100068,13.714304,59.656
37.88629964900065,13.7536,59.812
37.89827964600045,13.7536,60.312
37.91028050700061,13.7536,59.812
37.92238463800004,13.792896,60.0
37.93434665000041,13.792896,59.656
37.946338295000714,13.832192,59.937
37.9583135870007,13.832192,59.937
37.970555805000004,13.792896,59.5
37.98254402500061,13.7536,59.781
37.99442152100073,13.792896,60.125
38.00750621299994,13.792896,59.781
38.02070623899999,13.832192,59.687
38.03375752100055,13.832192,59.812
38.04591778300073,13.832192,59.625
38.05805913200038,13.832192,59.906
38.07012626899996,13.832192,60.093
38.08214495500033,13.832192,59.687
38.094422406000376,13.832192,60.031
38.10653341700072,13.792896,59.75
38.1184914610003,13.7536,59.937
38.13044089600044,13.7536,60.281
38.142420956000024,13.7536,59.843
38.154463836000104,13.7536,60.031
38.16653257300004,13.7536,59.687
38.178475255000194,13.7536,59.937
38.190722305000236,13.7536,59.625
38.202766753000105,13.792896,59.875
38.214723420000155,13.792896,59.781
38.22667106300014,13.792896,60.062
38.23878607400002,13.832192,59.625
38.25074274200051,13.871488,59.937
38.26266385500003,13.832192,59.718
38.27554652100025,13.792896,59.781
38.28909350899994,13.792896,59.718
38.303250095000294,13.792896,59.812
38.31768304700017,13.832192,60.031
38.33175182100058,13.871488,59.906
38.345983963000435,13.871488,59.625
38.358738814999924,13.910784,59.937
38.371626249000656,13.910784,60.25
38.38440900600017,13.871488,60.093
38.39755354099998,13.871488,59.812
38.410766880000665,13.871488,60.031
38.42323842099995,13.832192,59.937
38.43552851300046,13.832192,59.656
38.447834254000554,13.832192,59.812
38.46014105100039,13.792896,60.156
38.47248452200074,13.832192,59.812
38.484721907000676,13.832192,60.031
38.49699881500055,13.832192,59.718
38.50933700499991,13.832192,59.906
38.52161004100071,13.832192,60.187
38.534055277000334,13.871488,60.0
38.546338776000084,13.871488,59.718
38.55860624300021,13.910784,59.937
38.57089143900066,13.832192,59.656
38.58322191700063,13.832192,59.75
38.59722934399997,13.832192,59.906
38.61141175600005,13.871488,59.781
38.6256323130001,13.871488,59.937
38.639638300000115,13.910784,59.937
38.65280210000037,13.910784,59.781
38.6654887880004,13.910784,59.906
38.67820795800071,13.910784,60.312
38.69081953800014,13.871488,60.125
38.706429894000394,13.871488,60.093
38.7191517199999,13.832192,59.781
38.73125140200045,13.832192,59.875
38.743266152000615,13.832192,59.687
38.755276804999994,13.792896,59.906
38.767340709000564,13.792896,60.156
38.77951095500066,13.792896,59.75
38.79164177400071,13.832192,59.968
38.80367543700049,13.832192,59.718
38.81581291300063,13.832192,59.812
38.82780180500049,13.832192,60.25
38.83979191400067,13.871488,59.843
38.851749028000086,13.871488,60.093
38.86373849700067,13.871488,59.781
38.87568114700025,13.832192,59.968
38.887801566000235,13.832192,59.875
38.9013164550006,13.832192,59.562
38.91445871800079,13.832192,59.812
38.92761240500022,13.871488,59.718
38.94095743000071,13.871488,60.0
38.95304261500041,13.871488,59.687
38.96517919500002,13.871488,59.937
38.97720757700063,13.871488,59.625
38.98935369300034,13.832192,60.156
39.00357098600034,13.832192,59.75
39.01550922000024,13.792896,60.031
39.027446557000076,13.792896,59.625
39.03951571000016,13.792896,59.937
39.05150437800057,13.792896,59.656
39.06346302900056,13.7536,59.843
39.07538379000016,13.7536,60.187
39.08730202300012,13.792896,59.781
39.09941761000027,13.7536,59.968
39.11139776500022,13.792896,59.687
39.12332915100069,13.792896,59.906
39.13528537000002,13.832192,59.5
39.14722981200066,13.832192,59.75
39.159214608000184,13.871488,60.125
39.17118980400028,13.792896,59.75
39.18317751199993,13.832192,59.562
39.19700246499997,13.792896,59.781
39.21028303799994,13.792896,59.593
39.223265773000094,13.832192,60.218
39.236662320000505,13.832192,59.843
39.249474614000064,13.832192,60.0
39.26164729199991,13.832192,59.781
39.27377135900042,13.832192,59.906
39.28588921800019,13.832192,59.718
39.299550482000086,13.792896,60.218
39.31160616200032,13.792896,59.843
39.323604238999906,13.792896,60.125
39.33557501800078,13.7536,59.781
39.347583176000626,13.7536,60.031
39.35957805199996,13.7536,59.656
39.37151590200028,13.7536,59.875
39.38356156500049,13.7536,60.093
39.39552773700052,13.7536,59.718
39.407481619000464,13.7536,60.031
39.41942564500005,13.792896,59.625
39.43198682300044,13.792896,59.843
39.44402986200021,13.832192,59.781
39.45628551900063,13.832192,60.125
39.46835067200027,13.792896,59.718
39.480343500000345,13.792896,59.937
39.49428663500021,13.7536,59.875
39.507716496000285,13.7536,59.656
39.52111377900019,13.792896,59.687
39.53434510200077,13.792896,59.843
39.547592394000276,13.832192,60.062
39.55985842100017,13.832192,59.718
39.572137440000006,13.832192,59.937
39.58415926199996,13.792896,59.75
39.59621843000059,13.792896,59.968
39.60997198700079,13.792896,59.875
39.621963407000294,13.7536,60.093
39.633940587000325,13.7536,59.75
39.64608190300078,13.7536,59.937
39.65808631600066,13.714304,59.687
39.67007789700074,13.714304,59.937
39.6820320350007,13.7536,60.156
39.69404752100036,13.7536,59.718
39.70606303900058,13.7536,60.031
39.718037626000296,13.7536,59.687
39.73001231000035,13.792896,59.937
39.74201422600072,13.792896,59.625
39.753994925999905,13.832192,59.781
39.76596103300017,13.832192,60.187
39.77794246800022,13.7536,59.718
39.78997225800049,13.7536,60.0
39.80321634900065,13.792896,59.937
39.816395892999935,13.792896,59.593
39.82984309800031,13.792896,59.625
39.843078165000406,13.832192,59.781
39.85530684400055,13.832192,60.0
39.86735362700074,13.832192,59.687
39.87949609499992,13.792896,60.031
39.89166915600072,13.792896,59.968
39.90599608499997,13.792896,59.75
39.91801813100028,13.7536,59.875
39.93000715100061,13.7536,60.156
39.94205473300008,13.7536,59.875
39.954045769000004,13.714304,60.0
39.966055366000546,13.714304,59.656
39.97807024300073,13.714304,59.843
39.990176581000014,13.714304,59.531
40.00215059200036,13.7536,59.812
40.01414169200052,13.7536,60.062
40.02609951000068,13.7536,59.687
40.03816264600027,13.792896,59.906
40.05013822500041,13.792896,59.593
40.06207770600031,13.832192,59.875
40.07404560500072,13.7536,60.125
40.086168360000556,13.792896,60.031
40.10013155900015,13.7536,59.625
40.113328000000365,13.7536,59.968
40.12656431400046,13.792896,59.843
40.13977147500009,13.832192,59.625
40.15239774300062,13.832192,59.781
40.16439726000044,13.832192,60.125
40.17646305100061,13.792896,59.718
40.18869582700063,13.792896,59.937
40.20086063200051,13.792896,59.656
40.21291023100002,13.7536,59.906
40.22490910700071,13.7536,59.812
40.236887471000045,13.714304,60.187
40.24885687300048,13.714304,59.75
40.26082141200004,13.714304,60.0
40.27290595700015,13.714304,59.781
40.28495603600004,13.714304,59.875
40.296962112000074,13.714304,59.562
40.30890828200063,13.7536,59.781
40.32099743500021,13.7536,60.062
40.332944501000384,13.792896,59.656
40.344907503000286,13.792896,59.937
40.356888650000656,13.832192,59.656
40.368858597000326,13.792896,59.937
40.38083075200029,13.7536,60.156
40.39285414200003,13.7536,59.718
40.406156732000454,13.7536,59.718
40.41947561100005,13.792896,59.937
40.43290921500011,13.792896,59.906
40.44600472300044,13.832192,59.656
40.45770323200031,13.832192,59.781
40.46982380999998,13.832192,60.156
40.48199984800067,13.832192,59.812
40.494332213000234,13.792896,59.718
40.5094194050007,13.792896,60.0
40.5214135770002,13.7536,59.687
40.53336102600042,13.7536,59.812
40.545332669000345,13.7536,60.093
40.55730018400027,13.7536,59.812
40.56925061000038,13.7536,60.031
40.58126014300069,13.7536,59.718
40.59325655500015,13.7536,59.812
40.60526397600006,13.7536,59.625
40.61721872199996,13.792896,59.812
40.629199037000035,13.792896,60.187
40.64117928900032,13.832192,59.656
40.653147155000624,13.832192,59.937
40.665106574000674,13.871488,59.593
40.67704394300017,13.792896,59.937
40.68910579900057,13.792896,59.687
40.70302448400071,13.792896,60.062
40.71634339400043,13.792896,59.968
40.72969801900035,13.832192,59.656
40.74296575800054,13.832192,59.937
40.75530125900059,13.832192,59.625
40.76732928799993,13.832192,59.75
40.7794290970005,13.832192,60.187
40.791544523000084,13.832192,59.781
40.80404921600075,13.792896,60.031
40.81617862600069,13.792896,59.937
40.82813484400049,13.7536,59.718
40.8401844100008,13.7536,59.875
40.85220309500073,13.7536,60.187
40.86417851400074,13.7536,59.812
40.876194638000015,13.7536,60.093
40.888254285000585,13.7536,59.656
40.90023600800032,13.7536,59.843
40.91220931499993,13.7536,59.656
40.92418924499998,13.792896,59.781
40.93617087200073,13.792896,60.093
40.94816075600011,13.832192,59.687
40.960130766000475,13.832192,59.937
40.972054566000224,13.832192,59.718
40.98400873600076,13.792896,59.812
40.99643060900053,13.792896,59.75
41.0098450760006,13.7536,60.093
41.022993321000286,13.792896,59.718
41.03614265500073,13.792896,59.718
41.04924571400079,13.832192,59.843
41.061334067000644,13.832192,59.687
41.073600188000455,13.832192,59.875
41.08581206600047,13.792896,60.218
41.097922500000095,13.792896,60.062
41.1126518810006,13.792896,59.718
41.124654021000424,13.7536,60.031
41.13661257400054,13.7536,59.562
41.148634651000066,13.7536,59.843
41.160644184000375,13.714304,60.218
41.172649236000325,13.714304,59.781
41.18463486300061,13.714304,60.093
41.196600457000386,13.7536,59.75
41.20862304599996,13.7536,60.0
41.22058992000075,13.7536,59.625
41.232593980000274,13.792896,59.781
41.24460517700027,13.792896,60.093
41.256569715000296,13.792896,59.656
41.268500395000046,13.832192,60.0
41.28045952499997,13.792896,59.718
41.29265277800005,13.792896,59.593
41.30580115200064,13.792896,59.843
41.31905116300004,13.792896,60.218
41.332388026000444,13.792896,60.093
41.3458812810004,13.832192,59.687
41.35829275300057,13.832192,59.937
41.370420532000026,13.832192,59.718
41.382524597000156,13.832192,59.812
41.39462488500067,13.792896,60.281
41.40679295400059,13.792896,59.843
41.41887372200017,13.7536,60.093
41.430849332000435,13.7536,60.031
41.44280791800065,13.7536,59.687
41.45475994300068,13.714304,59.937
41.466663390000576,13.714304,60.25
41.478293992000545,13.7536,59.812
41.49041143300019,13.7536,60.0
41.50248372100032,13.7536,59.687
41.51451399000052,13.7536,59.937
41.52651997000066,13.792896,59.593
41.53855878400009,13.792896,59.781
41.55054188300073,13.832192,60.187
41.562766562000434,13.832192,59.781
41.5747581100004,13.792896,60.062
41.586724568000136,13.792896,59.625
41.60012601000017,13.7536,59.718
41.6129609919999,13.792896,59.875
41.62609208499998,13.792896,60.156
41.63951208800063,13.832192,60.125
41.65272318500047,13.832192,59.75
41.66478788800032,13.832192,59.937
41.67689259300005,13.832192,59.75
41.689181659000496,13.792896,59.906
41.70136499199998,13.792896,59.843
41.716016194000076,13.7536,60.218
41.72800185300002,13.7536,59.75
41.73999237499993,13.714304,59.968
41.75198129799992,13.714304,59.593
41.763941291000265,13.714304,59.937
41.77594573500028,13.714304,60.281
41.78794707399993,13.714304,59.843
41.79996038200079,13.714304,60.062
41.811937176000356,13.714304,59.656
41.823980182000014,13.7536,59.843
41.83593636700061,13.792896,59.625
41.847974060000524,13.792896,59.875
41.85996247100047,13.792896,60.187
41.87210861700078,13.832192,59.843
41.88405005000004,13.7536,60.031
41.89599378599996,13.7536,59.937
41.909244628000124,13.7536,59.656
41.922441900000194,13.792896,59.937
41.93561219399999,13.792896,59.718
41.94898393800031,13.832192,60.156
41.96114323800066,13.832192,59.687
41.97318505900057,13.832192,59.968
41.9852243840005,13.792896,59.718
41.99731494400021,13.792896,59.875
42.009620331000406,13.792896,59.687
42.02173841200056,13.7536,59.906
42.03369757300061,13.7536,60.156
42.04567443100041,13.7536,60.0
42.057668346000355,13.714304,59.75
42.06965378099994,13.714304,59.937
42.081579820000115,13.714304,59.687
42.09355203800078,13.714304,59.75
42.10552115200062,13.7536,60.093
42.11750197800029,13.7536,59.718
42.129443859000276,13.7536,59.937
42.14141511700018,13.792896,59.656
42.153471563000494,13.792896,59.875
42.165417827000056,13.832192,60.187
42.177344379000715,13.792896,59.718
42.189428057999976,13.7536,59.968
42.20285823700033,13.7536,59.937
42.21618281100018,13.7536,59.593
42.22964892800064,13.7536,59.875
42.242946845000006,13.792896,59.781
42.256386209000084,13.792896,60.156
42.2684731520003,13.792896,59.718
42.28056416000072,13.792896,59.968
42.29270304200054,13.792896,59.656
42.304863846000444,13.792896,59.687
42.31877910500043,13.792896,59.937
42.330745563000164,13.7536,60.156
42.342806233000374,13.7536,59.781
42.35476024200034,13.714304,59.968
42.36669143400013,13.714304,59.656
42.378660676000436,13.714304,59.906
42.39060991600036,13.714304,59.625
42.40254392400038,13.714304,59.812
42.41479682800036,13.7536,60.093
42.426767414000096,13.7536,59.781
42.43875521700011,13.792896,59.937
42.45066388000032,13.792896,59.625
42.462592511000366,13.792896,59.843
42.47457058500004,13.832192,59.687
42.48654782800077,13.7536,59.75
42.49840583200057,13.792896,59.625
42.51152668300074,13.792896,60.031
42.52401083099994,13.792896,59.718
42.53742296100063,13.832192,59.625
42.55066372300007,13.832192,59.875
42.56286974500017,13.832192,60.156
42.57499067400022,13.832192,59.718
42.58703118300036,13.832192,60.062
42.599200627000755,13.792896,59.687
42.61152236700036,13.792896,59.968
42.62367974600056,13.792896,59.718
42.63564143500025,13.7536,59.843
42.64761570100018,13.7536,60.125
42.65958580700044,13.7536,59.718
42.67151552700034,13.7536,60.031
42.6834639030003,13.7536,59.718
42.69540328800031,13.7536,59.875
42.707361041000695,13.7536,59.625
42.71926823100057,13.7536,59.75
42.731218592000005,13.7536,60.125
42.743204218000756,13.792896,59.937
42.755178259000786,13.792896,59.937
42.76716010900054,13.832192,59.812
42.77913882300072,13.792896,59.656
42.79111366400048,13.792896,59.656
42.80458445300064,13.7536,60.156
42.81790230600018,13.7536,59.937
42.83121017400026,13.7536,59.625
42.84457660600037,13.792896,59.875
42.85791468400021,13.792896,59.75
42.86996847299997,13.792896,60.156
42.882049496000036,13.792896,59.812
42.894113558000754,13.792896,60.031
42.906221621999975,13.7536,59.687
42.91884702400057,13.7536,60.062
42.93079933700028,13.7536,59.718
42.94277382600012,13.7536,59.875
42.95466344700071,13.714304,60.156
42.96659566300059,13.714304,59.656
42.97856932000013,13.714304,60.031
42.99056064200067,13.714304,59.718
43.00252562700007,13.714304,59.843
43.01450462899993,13.714304,59.625
43.0264531010007,13.7536,59.875
43.038607440000305,13.7536,60.093
43.050582153000505,13.792896,59.656
43.062535489000766,13.792896,59.937
43.074488698000096,13.832192,59.937
43.086498645000574,13.7536,59.625
43.09850116800044,13.792896,59.687
43.111448410000776,13.7536,60.062
43.12472322100075,13.7536,59.937
43.13807669200014,13.792896,59.687
43.15077643400036,13.792896,59.906
43.162537056000474,13.832192,59.593
43.1746695060001,13.832192,59.812
43.18671487900065,13.832192,60.187
43.198806974000036,13.792896,59.812
43.21086038000067,13.792896,59.843
43.224910205000015,13.792896,59.968
43.23687138200057,13.7536,59.687
43.24885118400016,13.7536,59.875
43.26083751400074,13.7536,60.187
43.27281312300056,13.714304,59.75
43.28477142000065,13.714304,60.093
43.29676431000007,13.7536,59.812
43.30868561300031,13.7536,59.937
43.32066493500042,13.7536,59.625
43.33266253000056,13.7536,59.781
43.34462405800059,13.792896,60.125
43.35660705999999,13.792896,59.781
43.36859611,13.832192,59.906
43.380625707000036,13.792896,59.75
43.392615397000554,13.792896,59.875
43.404955089000396,13.7536,59.781
43.41807421200065,13.7536,60.187
43.43104910300008,13.792896,59.656
43.44417277100001,13.792896,59.718
43.457132941000054,13.832192,59.937
43.46945743300057,13.832192,59.625
43.48152287100038,13.832192,59.875
43.493742139999995,13.792896,60.218
43.5059188160003,13.792896,60.156
43.5211735339999,13.792896,59.718
43.5334482950002,13.7536,59.937
43.545547462000286,13.7536,59.656
43.55754400100068,13.7536,59.875
43.569533147000584,13.714304,60.156
43.58153138200032,13.714304,59.687
43.593515248000585,13.714304,60.0
43.60554538800079,13.714304,59.687
43.617521222000505,13.7536,59.937
43.629502143000536,13.7536,59.718
43.641501529999914,13.7536,59.843
43.653478228000495,13.792896,60.125
43.66543870000078,13.792896,59.75
43.677423302000534,13.832192,60.0
43.68945715500013,13.792896,59.812
43.70142092400056,13.7536,59.5
43.71468894999998,13.7536,59.75
43.72668945700025,13.792896,60.281
43.74002187000042,13.792896,60.062
43.75334621900038,13.832192,59.718
43.76598307700078,13.832192,59.937
43.77812666200043,13.832192,59.718
43.790305161000106,13.832192,59.812
43.80250148499999,13.792896,60.25
43.814844601000004,13.792896,59.781
43.82700604300044,13.7536,60.093
43.839081081000586,13.7536,59.968
43.85103361700021,13.7536,59.687
43.862977256000704,13.7536,59.875
43.874938336000014,13.714304,60.25
43.886901208999916,13.714304,59.75
43.89886996900077,13.7536,60.093
43.910842058000526,13.7536,59.687
43.922754816000634,13.7536,59.906
43.93477369100037,13.7536,59.625
43.94671976300015,13.792896,59.781
43.9586654499999,13.792896,60.156
43.97060704100022,13.832192,59.625
43.982610492000276,13.792896,60.0
43.99456088400075,13.792896,59.593
44.00741141600065,13.7536,59.906
44.020658097000705,13.7536,59.812
44.0336657580001,13.7536,60.187
44.04691026300043,13.792896,59.656
44.0599274920005,13.832192,59.75
44.072032355000374,13.832192,59.968
44.08409884899993,13.832192,59.687
44.09623491399998,13.792896,59.875
44.10846157500055,13.792896,59.812
44.12328388700007,13.7536,60.093
44.135238919000585,13.7536,59.718
44.147248418000345,13.7536,59.937
44.159229083000355,13.714304,59.656
44.17123874200024,13.714304,59.812
44.18322852700021,13.714304,60.25
44.19519687200045,13.714304,59.75
44.207227172000785,13.714304,60.031
44.21923846300069,13.714304,59.781
44.231216440000026,13.7536,59.968
44.24322059400038,13.7536,59.656
44.25518445800026,13.792896,59.843
44.267165156000374,13.792896,60.187
44.27914806100034,13.832192,59.812
44.29114965500048,13.7536,60.031
44.30318827500014,13.7536,59.843
44.3164321080003,13.7536,59.593
44.32977946600022,13.7536,59.781
44.34188404100041,13.792896,60.218
44.355149571000766,13.792896,60.125
44.367580499000724,13.832192,59.687
44.379633296000065,13.832192,60.0
44.391752528000325,13.832192,59.687
44.403895025000566,13.792896,59.937
44.416348514000674,13.792896,60.312
44.42848838700047,13.792896,59.812
44.440471325000544,13.7536,60.093
44.45262940700013,13.7536,59.75
44.464668859000085,13.7536,59.937
44.4766377800006,13.714304,59.687
44.48870248100047,13.7536,59.875
44.50066813800004,13.7536,60.187
44.51263683400066,13.7536,59.656
44.524591418000455,13.7536,60.062
44.53659515600066,13.7536,59.937
44.54845392800053,13.792896,59.875
44.560496484000396,13.792896,59.781
44.57258413100044,13.832192,60.218
44.58458351700028,13.832192,59.843
44.59668434800005,13.792896,60.062
44.60942159500064,13.792896,59.656
44.62285526100004,13.792896,59.593
44.6361518650001,13.792896,59.843
44.64940027300054,13.792896,60.218
44.66266759500013,13.832192,60.093
44.67472468000051,13.832192,59.781
44.68679632600015,13.832192,59.937
44.698914565999985,13.832192,59.718
44.711063816000205,13.792896,59.875
44.72596440400048,13.792896,59.875
44.73807937900074,13.7536,60.156
44.75012113499997,13.7536,59.781
44.76212080799996,13.714304,59.968
44.774111938000715,13.714304,59.656
44.78633152600014,13.714304,59.937
44.79836333000003,13.714304,59.656
44.81032552900069,13.714304,59.781
44.8223464520006,13.714304,60.125
44.834309419999954,13.7536,59.687
44.846339303000605,13.7536,59.968
44.85834384100053,13.792896,59.687
44.870322746000056,13.792896,59.812
44.88231371500024,13.832192,60.281
44.89429806000044,13.7536,59.687
44.90627050000057,13.7536,59.718
44.91954220500065,13.7536,59.968
44.93287605800015,13.792896,59.656
44.94611480200001,13.792896,59.906
44.957968644000175,13.832192,59.593
44.970237227000325,13.832192,60.093
44.98240513300061,13.832192,59.75
44.99451444400074,13.832192,60.062
45.006579977,13.792896,59.687
45.0186740879999,13.792896,59.968
45.03032507200078,13.7536,59.75
45.042362187000435,13.7536,59.906
45.05434496399994,13.7536,60.156
45.06630972400035,13.7536,59.781
45.07829358900017,13.714304,60.031
45.09032283200031,13.7536,59.718
45.10234369099999,13.7536,59.875
45.114438857000096,13.7536,60.25
45.12638902400067,13.7536,59.812
45.13839330600058,13.7536,60.0
45.15036974600025,13.792896,59.625
45.16250081900034,13.792896,59.906
45.17448993200014,13.832192,59.593
45.18642557000021,13.792896,59.875
45.19838485800028,13.792896,60.156
