t_s,power_w,temp_c
0.00031848199978412595,13.832192,60.687
0.018211450000308105,13.7536,60.375
0.03209004200016352,13.7536,60.5
0.045752717000141274,13.675008,60.5
0.05826646300010907,13.635712,60.718
0.07117290299993329,13.596416,60.343
0.08328412900027615,13.596416,60.625
0.09539269900051295,13.596416,60.343
0.10669194199999765,13.557120000000001,60.562
0.11892979999993258,13.596416,60.437
0.13204537199999322,13.557120000000001,60.906
0.14533170600043377,13.557120000000001,60.5
0.15739649700026348,13.557120000000001,60.875
0.16941277400019317,13.557120000000001,60.5
0.18145366000044305,13.596416,60.812
0.19347572900005616,13.596416,60.437
0.20547360500040668,13.596416,60.718
0.2174848889999339,13.635712,61.0
0.2295218710005429,13.675008,60.593
0.24155152500043187,13.714304,60.906
0.25358684200000425,13.7536,60.593
0.2655964949999543,13.792896,60.812
0.27763507700001355,13.832192,60.625
0.2896590660002403,13.871488,61.031
0.3016869590001079,13.910784,60.562
0.3136773779997384,13.95008,60.968
0.32577493999997387,13.910784,60.625
0.33819844000026933,13.871488,60.656
0.3515983810002581,13.871488,60.687
0.3647151370005304,13.871488,61.031
0.377968573000544,13.871488,60.5
0.3909867310003392,13.910784,60.906
0.4032065399997009,13.910784,60.5
0.4153313349997916,13.910784,60.718
0.4275058920002266,13.871488,60.625
0.4396582090002994,13.871488,61.031
0.4517615949998799,13.871488,60.593
0.46376884700021037,13.832192,60.937
0.47575219400005153,13.871488,60.625
0.4877909990000262,13.871488,60.812
0.49976880899976095,13.871488,60.5
0.5117044079997868,13.871488,60.718
0.5236834340003043,13.910784,61.062
0.5357014700002765,13.95008,60.625
0.5479337269998723,13.95008,60.906
0.56015583899989,13.989376,60.625
0.5722662640000635,14.005824,60.75
0.5843017090001013,14.045056,60.5
0.5963147849997767,14.084288,60.656
0.6084918380001909,14.123520000000001,60.937
0.6204791850004767,14.084288,60.687
0.6324543380005707,14.084288,60.468
0.6460240799997337,14.045056,60.843
0.6596702409997306,14.045056,60.687
0.6727813640000022,14.045056,60.968
0.6859835010000097,14.045056,60.593
0.6991413779996947,14.045056,60.781
0.7115609740003492,13.989376,60.75
0.7237092889999985,13.989376,60.468
0.7357882249998511,13.989376,60.656
0.7478704249997463,13.95008,61.062
0.7623495300003924,13.95008,60.593
0.7743581579998136,13.910784,60.937
0.786365441000271,13.95008,60.906
0.7983681490004528,13.95008,60.531
0.8103701199997886,13.95008,60.75
0.8223920279997401,13.95008,61.093
0.8343894549998367,13.989376,60.687
0.8464006430003792,13.989376,61.125
0.8583684679997532,14.028672,60.593
0.8703475900001649,14.045056,60.906
0.8823213349996877,14.084288,60.531
0.8943017370002053,14.123520000000001,60.75
0.9062860109997928,14.123520000000001,61.125
0.9183129439998083,14.201984,60.593
0.930458026999986,14.123520000000001,61.0
0.9424829119998321,14.123520000000001,60.5
0.9544276639999225,14.123520000000001,60.812
0.9671601410000221,14.123520000000001,60.625
0.9802458550002484,14.123520000000001,60.937
0.9923700090002967,14.162752000000001,60.562
1.0056757029997243,14.162752000000001,60.906
1.017754127000444,14.162752000000001,60.562
1.0298331579997466,14.162752000000001,60.781
1.0419797459999245,14.123520000000001,60.468
1.0540874190000977,14.084288,61.125
1.068193926999811,14.084288,60.718
1.0802032589999726,14.107263999999999,61.0
1.092208302000472,14.107263999999999,60.687
1.1041966089997004,14.084288,60.812
1.1161692980003863,14.107263999999999,60.593
1.1281451240001843,14.107263999999999,60.843
1.1401063559997056,14.123520000000001,61.156
1.1520681009997134,14.123520000000001,60.625
1.1639950280004996,14.162752000000001,60.937
1.175951748999978,14.201984,60.562
1.1880484769999384,14.241216,60.812
1.1999933570004941,14.241216,60.843
1.2119626539997626,14.280448,61.125
1.2239224149998336,14.31968,60.781
1.2359032330004993,14.241216,60.968
1.2478620980000414,14.241216,60.562
1.261072170999796,14.241216,60.812
1.274373256999752,14.201984,60.718
1.2878341599998748,14.241216,61.062
1.3008727989999898,14.201984,60.531
1.313588123000045,14.162752000000001,60.875
1.325717077000263,14.162752000000001,60.562
1.337950293999711,14.162752000000001,60.781
1.350057167000159,14.123520000000001,60.75
1.3622100909997243,14.084288,60.468
1.3743356850000055,14.084288,60.687
1.3863391280001451,14.067968,60.968
1.3983332269999664,14.107263999999999,60.625
1.4103634880002573,14.107263999999999,60.875
1.4223872840002514,14.107263999999999,60.656
1.4343664059997536,14.107263999999999,60.875
1.4467223500005275,14.123520000000001,61.187
1.458770948000165,14.162752000000001,60.75
1.470905182000024,14.162752000000001,61.0
1.4829364670003997,14.201984,60.593
1.4949561670000548,14.241216,60.906
1.506975770000281,14.280448,60.468
1.5189824770004634,14.31968,60.718
1.5309902720000537,14.31968,61.156
1.5430039869997927,14.280448,60.906
1.555050535999726,14.241216,60.531
1.5681330160005018,14.241216,60.812
1.580717419999928,14.241216,60.5
1.5938453119997575,14.241216,60.5
1.6070759290005299,14.241216,60.687
1.6194405120004376,14.241216,60.906
1.6314837330000955,14.241216,60.593
1.643662096999833,14.201984,60.843
1.6557714660002603,14.162752000000001,60.562
1.6678307520005546,14.162752000000001,60.718
1.6798295220005457,14.123520000000001,61.187
1.691842373000327,14.123520000000001,60.625
1.7038329510005497,14.123520000000001,60.937
1.715804680000474,14.123520000000001,60.687
1.7277037640005801,14.123520000000001,60.812
1.739711207000255,14.162752000000001,60.593
1.7517012090002027,14.162752000000001,60.687
1.7636586320004426,14.201984,61.062
1.7756336570000713,14.201984,61.0
1.7876181230003567,14.241216,60.5
1.7995979160004936,14.241216,60.843
1.8116002060005485,14.280448,60.562
1.8235701109997535,14.31968,60.781
1.8355481759999748,14.280448,61.062
1.8475534110002627,14.280448,60.593
1.8608658570001353,14.241216,60.875
1.8740950660003364,14.241216,60.75
1.8875715209996997,14.241216,60.468
1.9008681579998665,14.201984,60.593
1.9138225030001195,14.162752000000001,60.625
1.9259526730002108,14.162752000000001,60.906
1.9380313199999364,14.162752000000001,60.593
1.9502015240004766,14.123520000000001,60.843
1.9623631519998526,14.084288,60.5
1.9765248620005877,14.084288,60.718
1.9885968850003337,14.045056,60.718
2.0010525130001042,14.084288,61.125
2.01340995999999,14.107263999999999,60.656
2.0254792940004336,14.084288,60.968
2.037501585999962,14.084288,60.593
2.0494969960000162,14.123520000000001,60.843
2.061477332999857,14.123520000000001,60.625
2.073455622000438,14.162752000000001,60.718
2.085453945000154,14.162752000000001,61.062
2.097462091000125,14.201984,60.625
2.1094295000002603,14.241216,60.906
2.1214119490005032,14.280448,60.593
2.1334018870002183,14.31968,60.75
2.14538545600044,14.241216,61.125
2.1573532490001526,14.241216,61.031
2.170311562000279,14.201984,60.562
2.1835805500004426,14.201984,60.843
2.196883235000314,14.201984,60.781
2.2099937809998664,14.241216,60.5
2.222994593000294,14.201984,60.687
2.2350837359999787,14.201984,60.937
2.247171664000234,14.201984,60.593
2.259222661000422,14.162752000000001,60.812
2.2713282539998545,14.123520000000001,60.781
2.2844963389998156,14.123520000000001,60.531
2.2964558749999924,14.123520000000001,60.781
2.3084120829998938,14.123520000000001,61.0
2.3203240319999168,14.123520000000001,60.656
2.3325099169996975,14.123520000000001,60.968
2.3444927190003,14.123520000000001,60.656
2.3564660150004784,14.162752000000001,60.812
2.368394029999763,14.162752000000001,60.531
2.380452707000586,14.201984,60.687
2.392424372000278,14.201984,61.062
2.4043935400004557,14.241216,60.687
2.41631729799974,14.280448,60.843
2.4282632980002745,14.31968,60.531
2.4403644100002566,14.31968,60.843
2.4522911439999007,14.241216,60.468
2.464260665000438,14.241216,61.0
2.4774960499998997,14.241216,60.625
2.4907451640001455,14.241216,60.875
2.504153454000516,14.241216,60.718
2.518194580999989,14.201984,60.437
2.5304573020002863,14.201984,60.656
2.542623344999811,14.201984,60.937
2.554773707000095,14.162752000000001,60.562
2.566907076999996,14.123520000000001,60.906
2.579022908999832,14.123520000000001,60.562
2.591079474000253,14.084288,60.781
2.603051394000431,14.084288,60.531
2.615065523999874,14.084288,61.093
2.6270499250003922,14.084288,60.656
2.6391248910003924,14.084288,60.906
2.6511257080001087,14.123520000000001,60.562
2.663092988000244,14.123520000000001,60.812
2.6750742209997043,14.162752000000001,60.593
2.687054077000539,14.162752000000001,60.656
2.6990826399996877,14.201984,61.062
2.7110615689998667,14.241216,60.718
2.723090548000073,14.280448,60.906
2.7350539240005673,14.31968,60.562
2.7470164349997503,14.280448,60.906
2.758976418000202,14.241216,60.531
2.771007477999774,14.241216,60.593
2.7841602979997333,14.241216,60.531
2.797559212000124,14.241216,60.906
2.81113243999971,14.241216,60.75
2.8244606620000923,14.241216,60.437
2.8367764089998673,14.241216,60.718
2.84895352500007,14.201984,61.031
2.8611707390000447,14.201984,60.562
2.873306188999777,14.162752000000001,60.562
2.888297770000463,14.123520000000001,60.843
2.900271225999859,14.084288,60.562
2.9123931390004145,14.123520000000001,60.812
2.9243488660004004,14.123520000000001,61.062
2.936298385000555,14.123520000000001,60.687
2.948260895999738,14.123520000000001,60.968
2.9602608820005116,14.162752000000001,60.656
2.972225184999843,14.162752000000001,60.718
2.9842167229999177,14.201984,60.562
2.9961912670005404,14.241216,60.75
3.008177044000149,14.280448,61.062
3.0205397059999086,14.280448,60.687
3.0325273070002368,14.31968,60.875
3.0445266839997203,14.358912,60.687
3.056510733000323,14.280448,60.875
3.068538880000233,14.280448,60.625
3.0817285339999216,14.241216,61.093
3.094921933000478,14.241216,60.937
3.107968666000488,14.201984,60.468
3.1216300910000427,14.201984,60.718
3.1338767469997038,14.201984,60.5
3.1461149229999137,14.201984,60.656
3.1581841919996805,14.162752000000001,61.062
3.1702689829999144,14.123520000000001,60.562
3.1823747660000663,14.123520000000001,60.968
3.1943609270001616,14.084288,60.562
3.206309070000316,14.045056,60.531
3.218366019000314,14.084288,60.75
3.2303422909999426,14.084288,61.156
3.242344549000336,14.084288,60.687
3.2542923390001306,14.084288,60.937
3.2662657310002032,14.123520000000001,60.593
3.2782428040000013,14.123520000000001,60.875
3.29022045200054,14.162752000000001,60.562
3.302183763999892,14.201984,60.843
3.314126625999961,14.241216,61.125
3.3261122109997814,14.241216,60.562
3.338159623000138,14.280448,60.968
3.3501088539997,14.31968,60.656
3.3620551720005096,14.241216,60.875
3.3740708069999528,14.241216,60.437
3.3876214090005305,14.241216,61.031
3.4010168350005188,14.241216,60.687
3.4145067950003067,14.241216,60.5
3.4277679090000674,14.241216,60.843
3.4399523530000806,14.201984,60.5
3.4520143259996985,14.201984,60.718
3.4640571939999063,14.201984,61.125
3.4760503950001294,14.162752000000001,60.625
3.488178868000432,14.123520000000001,60.968
3.500157348000357,14.084288,60.593
3.512107954000385,14.084288,60.75
3.5240463350000937,14.084288,60.531
3.5360556329997053,14.123520000000001,60.781
3.548065537999719,14.123520000000001,61.093
3.560035665000214,14.123520000000001,60.718
3.5719601580003655,14.162752000000001,60.968
3.5839137720004146,14.162752000000001,60.656
3.595877403000486,14.201984,60.875
3.6078611310003907,14.241216,60.531
3.619802807999804,14.241216,60.781
3.631709188000059,14.280448,61.031
3.6436603379997905,14.31968,60.593
3.655596159000197,14.280448,60.968
3.6675714390003122,14.241216,60.75
3.679935477000072,14.241216,60.437
3.6932710259998203,14.241216,60.656
3.7059845880003195,14.201984,60.562
3.7196467160001703,14.201984,60.843
3.732877491999716,14.162752000000001,60.5
3.745087441000578,14.162752000000001,60.718
3.7573994760005007,14.162752000000001,60.562
3.7694550480000544,14.123520000000001,60.625
3.781511899999714,14.123520000000001,60.593
3.7964710950000153,14.084288,60.968
3.8084374139998545,14.084288,60.593
3.820358994000344,14.084288,60.875
3.8322862390004957,14.084288,60.625
3.8442673110002943,14.084288,60.812
3.8562372460000915,14.084288,61.062
3.8682076610002696,14.084288,60.687
3.8801549070003603,14.123520000000001,60.906
3.8921368430001166,14.123520000000001,60.875
3.9041338200004247,14.162752000000001,60.625
3.916077032999965,14.201984,60.718
3.9280259750003097,14.201984,61.125
3.9399833980005496,14.241216,60.656
3.9519244029997935,14.280448,60.906
3.9638727370002016,14.241216,60.593
3.9758086540005024,14.241216,60.781
3.989505601000019,14.201984,60.531
4.001843781000389,14.201984,60.437
4.01509378999981,14.201984,60.687
4.028244049000023,14.201984,60.906
4.041942787000153,14.241216,60.812
4.054111102000206,14.201984,60.562
4.0662175570005274,14.201984,60.75
4.0783539009999,14.162752000000001,60.5
4.090422625999963,14.123520000000001,60.718
4.103538323000066,14.162752000000001,61.0
4.115508578000117,14.123520000000001,60.718
4.127489618000254,14.123520000000001,60.875
4.139557606999915,14.123520000000001,60.562
4.151529941999797,14.123520000000001,60.781
4.163496005000525,14.123520000000001,61.093
4.1754812690005565,14.162752000000001,60.718
4.187557033999838,14.162752000000001,61.031
4.199541722000504,14.201984,60.906
4.211506280999856,14.201984,60.562
4.223480217000542,14.241216,60.75
4.235429991000274,14.280448,60.5
4.247413111000242,14.31968,60.656
4.259396518999893,14.31968,61.0
4.271393783000349,14.280448,60.562
4.283385415999874,14.241216,60.812
4.296387666000555,14.241216,60.562
4.309710127000471,14.201984,60.406
4.3222687360002965,14.201984,60.593
4.3348290089998045,14.201984,60.906
4.347331167000448,14.201984,60.531
4.35949496900048,14.201984,60.843
4.3716261620002115,14.201984,60.531
4.383712134999769,14.162752000000001,60.718
4.39581401400028,14.123520000000001,61.062
4.40766007000002,14.123520000000001,60.687
4.419610388000365,14.084288,61.0
4.431589411999994,14.123520000000001,60.562
4.443772960000388,14.123520000000001,60.875
4.4557747050002945,14.123520000000001,60.843
4.467734718999964,14.14656,60.562
4.479711503000544,14.123520000000001,60.718
4.491677341000468,14.162752000000001,60.968
4.50365927599978,14.162752000000001,60.562
4.515645244000552,14.201984,60.906
4.5276339310003095,14.241216,60.468
4.5396973110000545,14.241216,60.75
4.551630411000588,14.280448,61.062
4.563575608000065,14.31968,60.656
4.575529765999818,14.241216,60.937
4.587558872000045,14.241216,60.843
4.602494480000132,14.201984,60.531
4.615570078000019,14.201984,60.687
4.628765075000047,14.201984,60.562
4.642179219999889,14.201984,60.968
4.654615518000355,14.201984,60.562
4.666714035000041,14.201984,60.875
4.678789512000549,14.162752000000001,60.625
4.690855419999934,14.123520000000001,60.718
4.703050295000139,14.123520000000001,60.5
4.715058568000131,14.123520000000001,60.593
4.727033750999908,14.084288,61.031
4.73911412400048,14.123520000000001,60.687
4.751106810999772,14.123520000000001,60.906
4.763071528999717,14.084288,60.531
4.775024694999956,14.123520000000001,60.875
4.7869944370004305,14.123520000000001,60.718
4.798959316000037,14.162752000000001,61.062
4.810945795000407,14.162752000000001,60.718
4.8229102249997595,14.201984,60.781
4.834880192000128,14.201984,60.5
4.846864559000096,14.241216,60.718
4.858869374999813,14.280448,61.187
4.87086116699993,14.280448,60.75
4.8828230050003185,14.201984,60.875
4.894819148999886,14.201984,60.531
4.907832151000548,14.162752000000001,60.468
4.921907646999898,14.162752000000001,60.687
4.935356609999872,14.123520000000001,60.468
4.948579928000072,14.123520000000001,60.968
4.96064910000041,14.123520000000001,60.562
4.9726601889997255,14.123520000000001,60.781
4.984751027000129,14.123520000000001,60.593
4.996816486999705,14.084288,60.781
5.011606903000029,14.045056,60.687
5.023582534000525,14.067968,60.968
5.0355494599998565,14.067968,60.656
5.047516065999844,14.067968,60.906
5.059705693000069,14.045056,60.625
5.071914744999958,14.045056,60.843
5.083929354000247,14.045056,60.5
5.095926617999794,14.084288,60.656
5.107910249999804,14.084288,61.062
5.119976605999909,14.123520000000001,60.562
5.132159800000409,14.123520000000001,60.781
5.14419553100015,14.162752000000001,60.531
5.156207195999741,14.201984,60.718
5.168205644000409,14.241216,60.468
5.180190363000293,14.201984,60.75
5.19219130700003,14.162752000000001,60.437
5.20618222200028,14.123520000000001,60.812
5.218327270000373,14.123520000000001,60.5
5.2315195150004,14.123520000000001,60.531
5.244639051000377,14.162752000000001,60.656
5.257880002000093,14.162752000000001,60.906
5.2699552869999025,14.162752000000001,60.656
5.282059565000054,14.123520000000001,60.906
5.294219430000339,14.123520000000001,60.531
5.306341886000155,14.084288,60.5
5.320463336000103,14.084288,60.718
5.3324311260003014,14.045056,61.062
5.344410276999952,14.045056,60.687
5.356341265000083,14.045056,60.875
5.36829231899992,14.045056,60.593
5.380272974000036,14.107263999999999,60.875
5.392286015000536,14.084288,60.531
5.404252588999952,14.123520000000001,60.781
5.416233724000449,14.123520000000001,61.093
5.428196458000457,14.162752000000001,60.656
5.440197017999708,14.201984,60.843
5.452209515000504,14.201984,60.5
5.4642043470003046,14.241216,60.781
5.476163209000333,14.280448,60.593
5.4881809540002,14.201984,60.687
5.50024730899986,14.201984,60.625
5.513493252000444,14.123520000000001,60.781
5.527111600000353,14.123520000000001,60.75
5.540554289999818,14.123520000000001,60.5
5.553864524999881,14.162752000000001,60.687
5.566173358000015,14.162752000000001,60.968
5.57829555599983,14.123520000000001,60.562
5.59054697800002,14.123520000000001,60.875
5.602663673000279,14.084288,60.812
5.614800624000054,14.084288,60.562
5.62683254500007,14.067968,60.718
5.638999098000568,14.067968,61.031
5.650986217000536,14.028672,60.531
5.662989913000274,14.067968,60.843
5.674931780999941,14.067968,60.656
5.6869328519997,14.045056,60.875
5.699064075000024,14.084288,60.562
5.711093691999849,14.084288,60.781
5.723088108000411,14.084288,61.062
5.735114813000109,14.123520000000001,60.625
5.747078313999737,14.162752000000001,60.906
5.759034519000124,14.201984,60.593
5.770990148000237,14.201984,60.781
5.782989555000313,14.241216,60.625
5.794936223999684,14.201984,60.687
5.807023827999728,14.162752000000001,60.562
5.82020151100005,14.162752000000001,60.906
5.8334034520003115,14.162752000000001,60.562
5.846778553999684,14.162752000000001,60.468
5.859891305000019,14.201984,60.625
5.872031361000154,14.162752000000001,61.0
5.884076563000235,14.162752000000001,60.562
5.89622141900054,14.123520000000001,60.937
5.908246971000153,14.123520000000001,60.562
5.920416853000461,14.084288,60.781
5.932381794000321,14.045056,60.531
5.944362833000014,14.045056,60.75
5.956294108000293,14.045056,61.062
5.968262121999942,14.045056,60.718
5.980245239999931,14.084288,60.906
5.99227104900001,14.084288,60.718
6.004225110000334,14.084288,60.812
6.016174530999706,14.123520000000001,60.531
6.028136175999862,14.123520000000001,60.75
6.040128095,14.162752000000001,61.031
6.052050314000553,14.201984,60.968
6.063993589999882,14.241216,60.875
6.075936770000226,14.241216,60.812
6.088779841999894,14.241216,60.5
6.1008551260001695,14.201984,60.562
6.114527493000423,14.123520000000001,60.5
6.128360861999681,14.123520000000001,60.875
6.141812351999761,14.123520000000001,60.75
6.154943217000437,14.123520000000001,60.375
6.167492479999964,14.123520000000001,60.687
6.179821442000502,14.123520000000001,61.031
6.191955352999685,14.123520000000001,60.593
6.204088528000284,14.084288,60.906
6.216208935000395,14.084288,60.843
6.230119812000339,14.067968,60.562
6.242138995999994,14.028672,60.781
6.2541172500004905,14.028672,60.5
6.266096113000458,14.067968,60.718
6.278060030000233,14.067968,60.937
6.290054093000435,14.067968,60.718
6.302021370999682,14.045056,60.781
6.314032522999696,14.084288,60.531
6.326008729000023,14.084288,60.687
6.338106670000343,14.123520000000001,61.125
6.350097469000502,14.123520000000001,60.625
6.362067083000511,14.162752000000001,60.875
6.374012535000475,14.201984,60.5
6.385936546000266,14.201984,60.843
6.397891790999893,14.162752000000001,60.5
6.409854909000387,14.162752000000001,61.031
6.422830276000241,14.123520000000001,60.625
6.436292839000089,14.123520000000001,60.843
6.449558686999808,14.162752000000001,60.812
6.46255600800032,14.162752000000001,60.437
6.475706137000088,14.162752000000001,60.656
6.48779748600009,14.123520000000001,60.406
6.49988841800041,14.123520000000001,60.687
6.511940756000513,14.084288,60.875
6.524016614999709,14.084288,60.843
6.537402629000098,14.045056,60.656
6.549390578999919,14.045056,60.812
6.561322045999987,14.045056,60.531
6.573277641999994,14.045056,60.687
6.585245463000319,14.084288,60.937
6.597232164999696,14.084288,60.656
6.609177553000336,14.123520000000001,60.843
6.621208544999718,14.123520000000001,60.562
6.633185263000087,14.162752000000001,60.781
6.645168699999886,14.162752000000001,61.125
6.657091527000375,14.201984,60.625
6.669023250000464,14.241216,60.906
6.681015615999968,14.241216,60.5
6.693018318999748,14.241216,60.843
6.705011324999759,14.201984,60.5
6.717295548000038,14.162752000000001,60.406
6.730973419000293,14.123520000000001,60.468
6.744522770000003,14.123520000000001,60.906
6.757159589999901,14.123520000000001,60.75
6.76966779400027,14.162752000000001,60.468
6.782400298000539,14.162752000000001,60.687
6.7945072310003525,14.123520000000001,60.468
6.806637429000148,14.123520000000001,60.75
6.818749994999962,14.084288,60.875
6.83147081900006,14.084288,60.593
6.843621562000408,14.067968,60.812
6.855655371000466,14.067968,60.468
6.86766568999974,14.067968,60.687
6.8796318149998115,14.067968,61.031
6.891603283999757,14.067968,61.031
6.903558496000187,14.067968,60.625
6.915482219000296,14.084288,60.906
6.9274978820003525,14.084288,60.531
6.939635536999958,14.123520000000001,60.718
6.951602782000009,14.123520000000001,60.468
6.9635620899998685,14.162752000000001,60.656
6.9755175910004255,14.201984,60.937
6.987486660000286,14.241216,60.5
6.999483409999812,14.241216,60.906
7.011483713000416,14.162752000000001,60.531
7.023442349000106,14.162752000000001,60.625
7.036615103000258,14.162752000000001,60.625
7.049776753000515,14.162752000000001,60.906
7.063145486000394,14.162752000000001,60.437
7.076364833999833,14.162752000000001,60.75
7.088602431000254,14.162752000000001,60.687
7.10073813300005,14.162752000000001,60.5
7.113185213000179,14.123520000000001,60.593
7.125368535000234,14.123520000000001,60.687
7.140702788000453,14.084288,60.812
7.152701203000106,14.084288,60.562
7.164665056000558,14.107263999999999,60.75
7.176605354999992,14.107263999999999,60.562
7.18874627400055,14.067968,60.75
7.200689485000112,14.067968,61.031
7.2126589700001205,14.084288,60.625
7.224646088000554,14.084288,60.875
7.2365910280004755,14.123520000000001,60.531
7.248514238000098,14.123520000000001,60.718
7.260440617000313,14.162752000000001,60.468
7.27239093299977,14.201984,60.656
7.284308447000512,14.201984,60.968
7.29626199500035,14.241216,60.625
7.308243673000106,14.162752000000001,60.843
7.319581601999744,14.123520000000001,60.625
7.333628166000381,14.084288,60.406
7.347023268000157,14.107263999999999,60.593
7.360272443000213,14.084288,60.593
7.373626327000238,14.123520000000001,60.812
7.386941585000386,14.123520000000001,60.5
7.399116618000335,14.14656,60.656
7.411183899999742,14.107263999999999,60.5
7.423321811000278,14.107263999999999,60.625
7.4354258640005355,14.067968,60.593
7.448985007999909,14.067968,60.906
7.461015263999798,14.028672,60.562
7.473002861999703,14.028672,60.812
7.485028990000501,14.028672,60.468
7.497038669000176,14.028672,60.75
7.509298537999712,14.067968,61.062
7.521284215000378,14.067968,60.625
7.533376266999767,14.107263999999999,60.843
7.545423259000017,14.107263999999999,60.562
7.557403431999774,14.123520000000001,60.75
7.569428120000339,14.162752000000001,60.718
7.581391747999987,14.162752000000001,60.625
7.592895701000089,14.201984,60.937
7.604892195000502,14.241216,60.906
7.61686827199992,14.162752000000001,60.906
7.6288640299999315,14.162752000000001,60.656
7.6422128570002315,14.162752000000001,60.5
7.655389194000236,14.162752000000001,60.968
7.668876972999897,14.162752000000001,60.562
7.682296333000522,14.162752000000001,60.937
7.6946432149998145,14.162752000000001,60.437
7.706797220999761,14.162752000000001,60.687
7.718878935999783,14.123520000000001,60.437
7.731017998000425,14.084288,61.062
7.743174917000033,14.084288,60.625
7.755194291999942,14.084288,60.906
7.767199810999955,14.084288,60.562
7.779155533999983,14.084288,60.781
7.791159164999954,14.045056,60.531
7.803094310999768,14.045056,60.718
7.815055826999924,14.084288,61.062
7.827023550999911,14.084288,60.593
7.8391579409999395,14.084288,60.906
7.8511358100004145,14.123520000000001,60.562
7.863112973999705,14.123520000000001,60.718
7.875074489999861,14.162752000000001,60.5
7.887033638000503,14.201984,60.656
7.899010291000195,14.241216,60.906
7.910976991000098,14.201984,60.437
7.923227035000309,14.123520000000001,60.781
7.935382738000044,14.084288,60.687
7.948498847999872,14.084288,60.437
7.961651888000233,14.084288,60.687
7.974871524000264,14.084288,60.531
7.988248321000356,14.123520000000001,60.781
8.000591426000028,14.084288,60.5
8.012679157000093,14.084288,60.781
8.024851565000063,14.084288,60.437
8.03698752299988,14.067968,60.687
8.049108312000499,14.067968,61.031
8.06107590800002,14.028672,60.531
8.07331583999985,14.028672,60.906
8.085289837000346,14.028672,60.531
8.097256857000502,14.028672,60.843
8.109224388999792,14.028672,60.531
8.1211737120002,14.028672,61.062
8.133537939000234,14.067968,60.593
8.146046974000456,14.045056,60.781
8.158342812999763,14.084288,60.625
8.17070505599986,14.123520000000001,60.687
8.18299910299993,14.123520000000001,60.437
8.195251547000225,14.162752000000001,60.718
8.207531672999721,14.201984,61.031
8.219721842000581,14.123520000000001,60.937
8.232197916000587,14.162752000000001,60.406
8.246347909000178,14.123520000000001,60.687
8.259347531999992,14.123520000000001,60.656
8.271875256000385,14.123520000000001,60.437
8.285232115999861,14.123520000000001,60.531
8.298360962000515,14.123520000000001,60.875
8.310439572999712,14.123520000000001,60.812
8.322605356000167,14.123520000000001,60.437
8.334869033999894,14.084288,60.656
8.348614587000156,14.045056,60.437
8.360735215999739,14.067968,60.656
8.372686683999746,14.067968,60.937
8.38468055300018,14.067968,60.468
8.396657878000042,14.045056,60.781
8.408640962999925,14.067968,60.531
8.42064379400017,14.045056,60.656
8.432624222999948,14.084288,61.031
8.444595818999915,14.084288,61.0
8.45671833600045,14.084288,60.531
8.468671083000118,14.123520000000001,60.75
8.480605654000101,14.123520000000001,60.562
8.49264355700052,14.162752000000001,60.562
8.504641266999897,14.201984,60.468
8.5166405760001,14.162752000000001,60.593
8.528737235000335,14.084288,60.875
8.540438031000122,14.084288,60.5
8.553847469000175,14.084288,60.5
8.567092864999722,14.084288,60.75
8.58047299000009,14.084288,60.437
8.59351715899993,14.084288,60.531
8.605761282000458,14.084288,60.875
8.617902967000191,14.084288,60.781
8.630007915000533,14.107263999999999,60.468
8.642205506999744,14.067968,60.625
8.655224267000449,14.067968,60.468
8.667423044000316,14.028672,60.562
8.67937604600047,14.028672,60.968
8.69136866700046,14.028672,60.562
8.703697947000364,14.028672,60.875
8.715733547000127,14.028672,60.468
8.72773538399997,14.028672,60.75
8.739885005999895,14.067968,60.437
8.751896060000036,14.067968,60.937
8.76383898200038,14.084288,60.906
8.775775375999729,14.084288,60.843
8.78777238099974,14.123520000000001,60.468
8.799706566999703,14.123520000000001,60.718
8.811655921000238,14.162752000000001,60.437
8.823621149000246,14.123520000000001,60.625
8.835603528999854,14.123520000000001,60.906
8.848884160000125,14.084288,60.437
8.862221241000043,14.084288,60.468
8.875517872999808,14.084288,60.656
8.888887916000385,14.084288,60.625
8.901946357999805,14.084288,60.937
8.914093739999771,14.084288,60.468
8.926171902000533,14.084288,60.812
8.938359446000504,14.045056,60.437
8.950488874000257,14.045056,60.75
8.963675228000284,14.067968,60.437
8.975767822000307,14.028672,60.656
8.987698968000586,14.028672,61.0
8.999647522000487,14.028672,60.687
9.01160631699986,14.028672,60.875
9.023561080000036,14.028672,60.562
9.035497730000316,14.005824,60.781
9.047477805999733,14.045056,60.656
9.059442073000355,14.045056,60.968
9.071395076000044,14.084288,60.5
9.083338798000113,14.084288,60.843
9.095314010000038,14.123520000000001,60.5
9.107286725999984,14.162752000000001,60.656
9.11929426000006,14.123520000000001,60.437
9.131584208999811,14.045056,60.593
9.14388900799986,14.045056,60.781
9.158758689000024,14.028672,60.781
9.172166047000246,14.028672,60.437
9.185396627000046,14.005824,60.437
9.198613190000287,14.045056,60.625
9.21204262900028,14.045056,60.906
9.224136855000324,14.045056,60.531
9.236222665999776,14.067968,60.843
9.24834665399976,14.028672,60.468
9.260400303000097,14.028672,60.468
9.27352646000054,14.028672,60.656
9.285501704000126,13.989376,61.062
9.297484085000178,13.989376,60.625
9.30944720000025,13.989376,60.906
9.321441901000071,13.989376,60.593
9.333416696999848,13.989376,60.843
9.345413830000325,14.028672,60.5
9.357388978000017,14.005824,60.625
9.36936575799973,14.045056,61.031
9.381318953000118,14.045056,60.562
9.393414299000142,14.084288,60.875
9.405473132000225,14.123520000000001,60.531
9.417490906999774,14.123520000000001,60.656
9.429504808999809,14.162752000000001,60.5
9.441499702000328,14.084288,60.656
9.453452736000145,14.084288,60.875
9.465396075000172,14.084288,60.906
9.478481973999806,14.084288,60.531
9.49170407299971,14.084288,60.75
9.504704685999968,14.123520000000001,60.625
9.516822690000481,14.123520000000001,61.0
9.52882785499969,14.084288,60.687
9.540961763000269,14.084288,60.875
9.553068086000167,14.045056,60.5
9.56527146999997,14.045056,60.718
9.577288028000112,14.005824,60.468
9.589439985000354,14.005824,60.656
9.601454654000008,14.005824,60.968
9.613431210000272,14.005824,60.625
9.625409749000028,14.005824,60.843
9.637385984000503,14.005824,60.5
9.64948005000042,14.045056,60.718
9.661438653000005,14.045056,60.437
9.673413416000585,14.084288,60.687
9.685404691999793,14.084288,60.906
9.697405728999911,14.123520000000001,60.562
9.70943163100037,14.123520000000001,60.875
9.721450844999708,14.084288,60.593
9.733494508000149,14.123520000000001,60.468
9.74554389900004,14.045056,60.562
9.757538536000538,14.045056,60.906
9.770959205000509,14.045056,60.531
9.784406917000524,14.045056,60.468
9.797531537000395,14.045056,60.656
9.810897068000486,14.045056,60.437
9.82312288600042,14.045056,60.593
9.83530569300001,14.045056,60.968
9.847501043999728,14.045056,60.875
9.859586342000512,14.028672,60.437
9.872330940999746,14.028672,60.687
9.884371212000588,13.989376,60.406
9.896327989999918,13.989376,60.718
9.908276256000136,13.989376,61.093
9.920263468000485,13.989376,60.656
9.932237591000558,13.989376,60.843
9.944218722999722,13.989376,60.593
9.956166380000468,14.028672,60.718
9.968136534999758,14.028672,60.437
9.980050527000458,14.045056,60.718
9.99201847400036,14.045056,60.906
10.003958355000577,14.084288,60.562
10.015884444000221,14.123520000000001,60.75
10.027802436000457,14.123520000000001,60.437
10.039883541000563,14.123520000000001,60.75
10.05181698999968,14.084288,60.375
10.064473104000172,14.045056,60.937
10.077916207000271,14.045056,60.5
10.09113440100009,14.045056,60.75
10.10428279900043,14.084288,60.656
10.117246802999944,14.084288,60.5
10.129320740000367,14.084288,60.656
10.14138561999971,14.084288,60.968
10.153516968000076,14.045056,60.468
10.16554341400024,14.028672,60.468
10.180651220000072,14.028672,60.781
10.192934065000372,13.989376,60.468
10.204984064999735,13.989376,60.687
10.217031312000472,13.989376,61.0
10.22901826799989,13.989376,60.625
10.241070891000163,13.989376,60.906
10.253059319000386,14.028672,60.531
10.26505754000027,14.005824,60.687
10.27701774199977,14.005824,60.437
10.289186437000353,14.045056,60.593
10.301155119999748,14.045056,60.562
10.313143196000055,14.084288,60.718
10.324505348000457,14.045056,60.75
10.33575447000021,14.084288,60.406
10.347755922000033,14.067968,60.781
10.35973692600055,14.028672,60.531
10.372885644000235,13.989376,60.906
10.386317225999846,13.989376,60.5
10.3994390630005,13.989376,60.437
10.412708620000558,14.028672,60.687
10.425819607999983,14.028672,60.406
10.437917738000579,14.028672,60.562
10.44996335399992,14.028672,61.0
10.462093965999884,13.989376,60.625
10.474132061000091,13.989376,60.531
10.48903044600047,13.95008,60.812
10.501013625000269,13.95008,60.468
10.513004837000153,13.910784,60.593
10.525101813999754,13.95008,60.437
10.53706355200029,13.95008,60.656
10.54906836400005,13.95008,60.812
10.561048855000081,13.95008,60.812
10.57309005299976,13.95008,60.5
10.58505665499979,13.989376,60.656
10.597055643000203,14.005824,60.437
10.609040805999939,14.005824,60.625
10.621004079999693,14.045056,60.843
10.632991804000085,14.045056,60.437
10.644969542000581,14.084288,60.812
10.656943377000061,14.005824,60.437
10.668926268000178,14.005824,60.593
10.682145165000293,14.005824,61.0
10.695431778000057,14.005824,60.906
10.708829854000214,14.005824,60.406
10.7223994269998,14.045056,60.75
10.734582873999898,14.045056,60.593
10.746786288999829,14.045056,60.437
10.758840096000313,14.005824,60.531
10.770973012000468,13.966592,60.875
10.783075494000514,13.966592,60.531
10.795065393000186,13.95008,60.812
10.807162242999766,13.95008,60.468
10.819122284000514,13.95008,60.75
10.831076118000055,13.95008,60.437
10.843067873000109,13.95008,60.593
10.855098990999977,13.95008,60.906
10.86705916000028,13.989376,60.593
10.879004673000054,13.966592,60.781
10.890985676000128,14.005824,60.5
10.902962326999841,14.005824,60.625
10.914908511999784,14.045056,61.0
10.926244293999844,14.005824,60.468
10.938344183000481,14.005824,60.781
10.950360259999798,14.045056,60.531
10.962325294000038,14.005824,60.812
10.974420096000358,13.966592,60.531
10.987517002000459,13.989376,60.406
11.000739004000025,13.989376,60.593
11.014182234000145,14.028672,60.437
11.026720517000285,14.005824,60.75
11.039189035000163,14.028672,60.343
11.051286109000102,14.028672,60.593
11.063369868999871,14.028672,60.375
11.075451773999703,13.989376,60.531
11.08767227899989,13.989376,60.906
11.099671234000198,13.95008,60.5
11.11162990000048,13.95008,60.812
11.123599221999939,13.95008,60.531
11.135554720000073,13.95008,60.718
11.147515849000229,13.95008,61.031
11.15949496400026,13.95008,60.593
11.171477631000016,13.989376,60.875
11.183484107000368,13.989376,60.5
11.195458166000208,13.989376,60.75
11.207631596000283,14.028672,60.593
11.219211839999844,14.045056,60.437
11.231533725999725,14.084288,60.468
11.243821529999877,14.123520000000001,60.968
11.2561746829997,14.084288,60.468
11.268502136999814,14.045056,60.656
11.282493751000402,14.005824,60.531
11.294778770999983,14.045056,60.375
11.30796761900001,14.045056,60.5
11.3212460069999,14.045056,60.781
11.33344887900057,14.045056,60.781
11.345547615999749,14.045056,60.406
11.357762329000252,14.045056,60.562
11.369889100000364,14.067968,60.437
11.382085858999744,14.028672,60.593
11.395643144000132,14.028672,60.937
11.40762251399974,13.989376,60.531
11.419595293000384,13.989376,60.75
11.431567847000224,13.989376,60.437
11.443548658000509,13.989376,60.625
11.455555485999867,13.989376,60.406
11.467516327999874,13.989376,60.937
11.479496883000138,14.028672,60.843
11.491479486000571,14.028672,60.812
11.503434885999923,14.028672,60.468
11.515435922000506,14.045056,60.625
11.52704115800043,13.989376,60.343
11.539324066000518,14.028672,60.437
11.551366735000556,14.005824,60.718
11.563377082999978,14.028672,60.531
11.575360069000453,13.989376,60.656
11.588372650000565,13.989376,60.343
11.601695617000587,13.95008,60.312
11.614917714000512,13.95008,60.5
11.627938519000054,13.989376,60.843
11.640903608999906,13.989376,60.75
11.653333213000224,13.989376,60.437
11.665507570000045,13.989376,60.656
11.677605218999815,13.989376,60.343
11.689761431000079,13.95008,60.937
11.704594083999837,13.95008,60.468
11.71660859199983,13.910784,60.812
11.7285416550003,13.910784,60.5
11.740512449000562,13.910784,60.75
11.752450505000525,13.910784,60.468
11.764381744000275,13.910784,60.656
11.776307863000511,13.910784,60.937
11.788347171999703,13.95008,60.468
11.80028762799975,13.95008,60.875
11.812239572999715,13.989376,60.468
11.824194781000188,13.989376,60.687
11.836142373999792,14.028672,60.375
11.848098862999905,14.028672,60.562
11.860061528000188,14.067968,60.906
11.872024097000576,14.028672,60.531
11.8840038190001,14.028672,60.656
11.897208602999854,13.989376,60.625
11.909271530000296,14.028672,60.437
11.921566822000386,14.028672,60.531
11.934991969999828,14.028672,60.875
11.947553453000182,14.045056,60.5
11.959647998000037,14.067968,60.718
11.971712685000057,14.028672,60.437
11.983950214000288,14.028672,60.437
11.996076311999786,13.989376,60.593
12.008130950000123,13.989376,61.0
12.020078030999684,13.95008,60.468
12.032039671999883,13.95008,60.781
12.043998433000525,13.95008,60.406
12.05600394800058,13.95008,60.687
12.067925299000308,13.95008,60.437
12.07989503600038,13.95008,60.5
12.091863878000368,13.989376,60.812
12.1037899009998,13.989376,60.531
12.115712947999782,14.028672,60.718
12.127222563000032,13.989376,60.343
12.139531360000547,13.989376,60.562
12.151554637000118,13.989376,60.281
12.163555768000151,14.028672,60.5
12.175574244000018,13.989376,60.812
12.187589232000391,13.989376,60.406
12.199425394000173,13.989376,60.718
12.212498554999911,13.95008,60.562
12.224750932000461,13.989376,60.343
12.238429599000483,14.028672,60.5
12.251705458999822,14.028672,60.843
12.263902441000027,14.028672,60.781
12.275963128000512,14.028672,60.437
12.288079466000454,13.989376,60.593
12.300170874000287,13.95008,60.437
12.313147709000077,13.95008,60.687
12.325119846999769,13.95008,60.906
12.337061967000409,13.95008,60.531
12.34941185400021,13.95008,60.781
12.361469788999784,13.95008,60.437
12.37352372300029,13.95008,60.75
12.385531415000514,13.95008,60.406
12.39760973400007,13.95008,60.906
12.40971484000056,13.989376,60.562
12.421800007999991,13.989376,60.687
12.433807571000216,14.028672,60.375
12.445843041000444,14.067968,60.75
12.457935121000446,14.045056,60.343
12.4698996420002,14.067968,60.531
12.481868132000272,14.028672,60.875
12.49391192100029,14.028672,60.437
12.507268072999977,14.028672,60.656
12.520447861999855,14.028672,60.562
12.533742474000064,14.028672,60.312
12.547175142000015,14.067968,60.906
12.559508004000236,14.028672,60.468
12.571656150999843,14.028672,60.812
12.583753511000396,14.028672,60.468
12.596006847999888,13.989376,60.75
12.608276122000461,13.989376,60.437
12.6203060859998,13.95008,60.531
12.632264269999723,13.95008,60.875
12.644270841000434,13.95008,60.468
12.656266306999896,13.95008,60.812
12.668232076000095,13.95008,60.5
12.680212598000253,13.95008,60.687
12.692209247999926,13.95008,60.437
12.704193833999852,13.989376,60.593
12.716340124000453,14.028672,60.937
12.728213919999689,13.989376,60.437
12.740471224999965,13.989376,60.656
12.752458339000441,13.989376,60.531
12.764452205000453,14.005824,60.406
12.776478392999707,14.005824,60.625
12.788516421999702,13.989376,60.843
12.80052404900016,13.989376,60.437
12.812734983000155,13.989376,60.656
12.826002746000086,13.989376,60.437
12.839213416999883,13.989376,60.312
12.851400575000298,14.005824,60.531
12.86357822700029,14.005824,60.812
12.875808939000308,14.005824,60.437
12.887929755999721,13.966592,60.687
12.899970792999738,13.989376,60.406
12.912039095999717,13.95008,60.687
12.924022721000256,13.95008,60.437
12.935966408999775,13.95008,60.593
12.947939921999932,13.95008,60.843
12.959910618999857,13.910784,60.5
12.971887396000056,13.910784,60.75
12.98383562700019,13.910784,60.437
12.995776626999941,13.95008,60.531
13.00773471499997,13.95008,60.375
13.019673249999869,13.989376,60.562
13.031616776999726,13.966592,60.843
13.043593586000497,13.966592,60.437
13.05557215600038,14.005824,60.656
13.067548836999777,14.045056,60.406
13.07952500600004,14.005824,60.718
13.091536761000498,13.966592,60.437
13.104366387000482,13.989376,60.75
13.117566593999982,13.989376,60.406
13.130764016000285,13.989376,60.406
13.144046244000492,13.966592,60.468
13.157112746999701,14.005824,60.343
13.169221436000043,14.005824,60.468
13.18130641100015,14.005824,60.875
13.19347123100033,13.989376,60.437
13.205661140999837,13.95008,60.406
13.220552484000109,13.95008,60.593
13.23248945100022,13.910784,60.406
13.24446968400025,13.910784,60.468
13.257043583000268,13.910784,60.437
13.269267958000455,13.910784,60.812
13.281294243000048,13.910784,60.5
13.29336820899971,13.95008,60.593
13.305438559999857,13.95008,60.375
13.317516719000196,13.95008,60.5
13.329566268000235,13.910784,60.812
13.34182872600013,13.910784,60.468
13.353855938000379,13.95008,60.687
13.36585137200018,13.95008,60.375
13.378017279999767,13.989376,60.625
13.3900441400001,13.95008,60.437
13.402042487000472,13.95008,60.437
13.414468953000323,13.95008,60.437
13.42774049200034,13.95008,60.656
13.441002366999783,13.95008,60.625
13.454407576999984,13.989376,60.375
13.46771095799977,13.989376,60.468
13.479710839999825,13.989376,60.781
13.491798406999806,13.989376,60.468
13.503829235000012,13.95008,60.75
13.515907392999907,13.95008,60.656
13.52978383000027,13.910784,60.437
13.541811009000412,13.910784,60.531
13.553789386000062,13.910784,61.0
13.56592425100007,13.910784,60.5
13.578053420000288,13.910784,60.781
13.590124026000012,13.910784,60.468
13.602240426999742,13.910784,60.625
13.614334169999893,13.910784,60.375
13.62639235900042,13.95008,60.531
13.638376368000536,13.95008,60.843
13.650484576000053,13.989376,60.5
13.662508235000132,14.028672,60.718
13.674659486000564,14.028672,60.437
13.686598819999745,14.028672,60.656
13.698600302000159,13.989376,60.437
13.710552981000546,13.989376,60.812
13.723754851000194,13.989376,60.468
13.736880141000256,13.989376,60.718
13.750274566000371,13.989376,60.625
13.763395056000263,14.028672,60.281
13.775611494000259,13.989376,60.437
13.787641937000444,13.989376,60.812
13.799783555000431,13.989376,60.5
13.81181463899975,13.95008,60.687
13.823862811999788,13.95008,60.531
13.835888487000375,13.95008,60.687
13.847845966000023,13.95008,60.5
13.859788853000282,13.910784,60.625
13.871729178999885,13.910784,60.937
13.883698466999704,13.910784,60.812
13.895640042000196,13.910784,60.687
13.907619091000015,13.95008,60.625
13.919578490000276,13.95008,60.656
13.930980514000112,13.871488,60.281
13.942691387000195,13.910784,60.468
13.954689572999996,13.910784,60.781
13.966634092000277,13.95008,60.75
13.978615220999927,13.989376,60.375
13.990624383000068,13.989376,60.718
14.002601416000289,13.95008,60.375
14.01466882099976,13.95008,60.531
14.027680441000484,13.95008,60.875
14.040991085000314,13.95008,60.687
14.05431091399987,13.95008,60.375
14.067310756000552,13.989376,60.562
14.07942757300043,13.989376,60.375
14.091553254000246,13.989376,60.468
14.103614611000012,13.95008,60.906
14.115714819000459,13.910784,60.468
14.127791345000333,13.910784,60.781
14.139898145000188,13.871488,60.718
14.151850344000195,13.871488,60.625
14.163791023000158,13.871488,60.562
14.175764247000188,13.871488,60.937
14.187715005999962,13.871488,60.5
14.199657539999862,13.871488,60.718
14.21162695699968,13.910784,60.437
14.223597492999943,13.910784,60.625
14.235553468000035,13.95008,60.343
14.24752336399979,13.95008,60.437
14.259488876000432,13.95008,60.843
14.271464948999892,13.989376,60.437
14.283756591000383,14.005824,60.687
14.29577836200042,13.989376,60.375
14.307716639999853,13.989376,60.562
14.320982545999868,13.95008,60.437
14.334274150000056,13.95008,60.843
14.34743144100048,13.95008,60.437
14.360541338000075,13.989376,60.375
14.373622817000069,13.989376,60.625
14.385668269999769,13.989376,60.343
14.397701273000166,13.989376,60.5
14.409844714999963,13.95008,60.906
14.421922074000577,13.910784,60.75
14.436496117999923,13.910784,60.5
14.448441948999971,13.910784,60.687
14.46048496900039,13.910784,60.406
14.47241559899976,13.871488,60.531
14.4843331080001,13.871488,60.968
14.49628569000015,13.871488,60.437
14.508252994000031,13.910784,60.781
14.520333135000328,13.910784,60.437
14.53228658199987,13.832192,60.562
14.543493361999936,13.871488,60.343
14.555459801000325,13.871488,60.531
14.56756935300018,13.910784,60.906
14.579531919999681,13.910784,60.406
14.591569467000227,13.95008,60.687
14.603530209999917,13.910784,60.468
14.615557580999848,13.910784,60.468
14.628840415000013,13.871488,60.468
14.642222229999788,13.871488,60.812
14.65560868600005,13.871488,60.75
14.668793785999696,13.910784,60.406
14.681823326000085,13.910784,60.625
14.693952943000113,13.910784,60.343
14.706088191000163,13.910784,60.593
14.718240977000278,13.910784,61.0
14.730351745000007,13.871488,60.843
14.743655348000175,13.871488,60.5
14.75578659599978,13.871488,60.687
14.767707017000248,13.871488,60.375
14.779644655000084,13.832192,60.625
14.791632055000264,13.832192,60.312
14.803706403999968,13.832192,60.468
14.815634505000162,13.871488,60.781
14.827581520000422,13.871488,60.437
14.839726785000494,13.871488,60.625
14.851660741999694,13.910784,60.437
14.863624366000295,13.910784,60.562
14.87558955700024,13.95008,60.906
14.887549787999887,13.989376,60.468
14.899510369999916,13.989376,60.718
14.911476490000496,13.95008,60.406
14.923470194999936,13.95008,60.218
14.936840072999985,13.910784,60.5
14.949911951000104,13.95008,60.937
14.963213601999996,13.95008,60.812
14.976476978999926,13.95008,60.437
14.988862705999964,13.95008,60.625
15.000924031000068,13.95008,60.312
15.012982828000531,13.95008,60.593
15.025056057000256,13.910784,60.312
15.037120261999917,13.910784,60.5
15.048848575000193,13.910784,60.812
15.06080560600003,13.871488,60.406
15.072742731999824,13.871488,60.718
15.084722739999961,13.871488,60.406
15.096667290000369,13.871488,60.531
15.108629313000165,13.871488,60.906
15.120575558999917,13.910784,60.468
15.132683605999773,13.832192,60.687
15.143874673000028,13.832192,60.375
15.155861209999784,13.871488,60.593
15.167797279000297,13.910784,60.375
15.179705987000489,13.910784,60.375
15.191668489999756,13.95008,60.812
15.203640050000104,13.989376,60.406
15.215593752000132,13.910784,60.687
15.227577151999867,13.910784,60.531
15.239868569999999,13.910784,60.312
15.253044326000236,13.910784,60.437
15.265388227000585,13.95008,60.906
15.278566126999976,13.95008,60.781
15.29183324800033,13.95008,60.375
15.303618013000232,13.989376,60.625
15.315792303999842,13.989376,60.312
15.327890974999718,13.95008,60.531
15.34007467399988,13.910784,60.906
15.353388166000514,13.910784,60.468
15.365394223000294,13.910784,60.843
15.377381080000305,13.910784,60.718
15.389637231000052,13.871488,60.406
15.401605271000335,13.871488,60.562
15.413714502000403,13.871488,61.0
15.425677580999945,13.910784,60.468
15.437730041000577,13.910784,60.781
15.449740035000104,13.910784,60.5
15.461715851000008,13.95008,60.656
15.47367297799974,13.989376,60.375
15.485666714000217,13.989376,60.468
15.497659810000187,14.028672,60.812
15.50965815500058,14.028672,60.5
15.52164453000023,13.95008,60.625
15.53365983599997,13.95008,60.343
15.547058578999895,13.95008,60.343
15.560187164000126,13.989376,60.5
15.572526263999862,13.989376,60.781
15.584902005000004,13.989376,60.437
15.59716606100028,14.028672,60.75
15.609297245000562,14.028672,60.437
15.621387402000437,13.989376,60.625
15.633464055000331,13.95008,60.343
15.645663178999712,13.95008,60.343
15.657753815999968,13.95008,60.5
15.669724543000484,13.910784,60.781
15.68169181400026,13.910784,60.437
15.69382053299978,13.910784,60.656
15.705870945000243,13.910784,60.406
15.717980591000014,13.910784,60.593
15.730297482000424,13.871488,60.781
15.742969240000093,13.832192,60.437
15.755013058999793,13.871488,60.687
15.767018284000187,13.910784,60.343
15.778970545999982,13.910784,60.593
15.79101842900036,13.95008,60.281
15.803045831000418,13.95008,60.437
15.815031823000027,13.989376,60.875
15.826981299999716,13.910784,60.625
15.839121253000485,13.910784,60.343
15.852195594000477,13.910784,60.625
15.86547298700043,13.910784,60.5
15.878721801999745,13.95008,60.312
15.891204974000175,13.95008,60.406
15.90334377399995,13.95008,60.781
15.915437772000587,13.95008,60.375
15.927454358000432,13.95008,60.656
15.939639496999916,13.910784,60.312
15.951812027000415,13.910784,60.593
15.963826275999963,13.871488,60.906
15.975776170000245,13.871488,60.531
15.987701902000481,13.871488,60.781
15.999634259000231,13.871488,60.437
16.01162127400039,13.871488,60.625
16.02361974700034,13.871488,60.343
16.03559607399984,13.871488,60.5
16.04759601800015,13.871488,60.875
16.0595880259998,13.910784,60.75
16.071730538999873,13.910784,60.375
16.083704849999776,13.95008,60.562
16.095646327000395,13.95008,60.375
16.107581115999892,13.989376,60.562
16.11987781300013,13.95008,60.906
16.131964482000512,13.95008,60.375
16.145475872000134,13.910784,60.312
16.158639178999692,13.910784,60.5
16.171906651000427,13.910784,60.343
16.185007682000105,13.95008,60.468
16.19717096400018,13.989376,60.906
16.209286051000163,13.989376,60.718
16.22142517100019,13.95008,60.375
16.23347420600021,13.95008,60.687
16.245591885000067,13.910784,60.343
16.259403357000338,13.910784,60.593
16.27140042100018,13.910784,60.937
16.283373772000232,13.910784,60.468
16.29537794099997,13.910784,60.781
16.307475970999803,13.871488,60.375
16.319481194999753,13.910784,60.406
16.33180922199972,13.871488,60.406
16.343962167999962,13.832192,60.218
16.355934301999696,13.871488,60.437
16.36789184400004,13.871488,60.75
16.37992100700012,13.910784,60.343
16.391911509999773,13.910784,60.625
16.403901310000037,13.95008,60.375
16.415876645000026,13.95008,60.468
16.42786894100027,13.910784,60.843
16.439875638000558,13.910784,60.656
16.453966357000354,13.871488,60.343
16.467309386000125,13.871488,60.5
16.479331571999865,13.871488,60.218
16.492985241000497,13.910784,60.25
16.506195206000484,13.910784,60.437
16.518516736000493,13.910784,60.687
16.53060753200043,13.910784,60.375
16.542810431999897,13.871488,60.656
16.555017810999743,13.871488,60.687
16.568782111000473,13.871488,60.406
16.58074294800008,13.871488,60.5
16.592802608000056,13.832192,60.781
16.604849465999905,13.832192,60.406
16.616854466000404,13.832192,60.656
16.628905901000508,13.832192,60.437
16.64104268400024,13.832192,60.562
16.65317233099995,13.871488,60.312
16.665157682000427,13.871488,60.437
16.677150522000375,13.910784,60.75
16.689241255000525,13.910784,60.375
16.70123137399969,13.95008,60.593
16.713218548999976,13.95008,60.312
16.72554155099988,13.989376,60.343
16.737647677000496,13.910784,60.437
16.749768714999846,13.910784,60.687
16.763069213000563,13.910784,60.406
16.77516378600012,13.95008,60.656
16.788633989000118,13.95008,60.562
16.801928822000264,13.989376,60.343
16.81426667300002,13.95008,60.406
16.82639494399973,13.95008,60.875
16.838480780000282,13.95008,60.437
16.850501589000487,13.910784,60.593
16.862695112000438,13.910784,60.437
16.874801429999934,13.871488,60.562
16.88688909099983,13.871488,60.343
16.89893255700008,13.871488,60.906
16.91097279099995,13.871488,60.437
16.923042499000076,13.871488,60.718
16.93528824799978,13.792896,60.343
16.947506731999965,13.792896,60.437
16.959566168000492,13.792896,60.281
16.971560415000567,13.792896,60.375
16.983571783000116,13.832192,60.625
16.995516683999995,13.871488,60.375
17.00748907399975,13.871488,60.593
17.01946511300048,13.910784,60.375
17.031416990000253,13.910784,60.468
17.04337789100009,13.871488,60.281
17.055393163999724,13.871488,60.406
17.068468303999907,13.871488,60.437
17.08176208199984,13.871488,60.625
17.094994670999768,13.871488,60.343
17.107957805000297,13.910784,60.281
17.120210692,13.910784,60.437
17.132256558000336,13.910784,60.75
17.144377661000362,13.871488,60.375
17.155804003999947,13.871488,60.625
17.167914929999824,13.871488,60.406
17.179906520999793,13.832192,60.562
17.191874911000014,13.832192,60.375
17.203813826999976,13.832192,60.437
17.215756456000236,13.832192,60.75
17.227670027000386,13.832192,60.375
17.239703219999683,13.832192,60.656
17.25163061600051,13.832192,60.375
17.263553435000176,13.871488,60.531
17.275562372000422,13.871488,60.281
17.287509671999942,13.871488,60.312
17.299468494000394,13.910784,60.718
17.311403890000292,13.95008,60.375
17.323387096999795,13.95008,60.531
17.335366942999826,13.95008,60.312
17.347381448000306,13.910784,60.468
17.360687450000114,13.910784,60.406
17.374007467999945,13.910784,60.718
17.38755943599972,13.910784,60.468
17.400920193000275,13.910784,60.281
17.414446495000448,13.95008,60.531
17.42657684599999,13.95008,60.375
17.438820995999777,13.910784,60.781
17.450955923000038,13.910784,60.406
17.463137317000474,13.871488,60.625
17.477610521000315,13.871488,60.375
17.489822604000437,13.832192,60.531
17.501825459999964,13.832192,60.375
17.513810745999763,13.832192,60.843
17.525807617000282,13.832192,60.406
17.537823016999937,13.7536,60.343
17.549353876999703,13.792896,60.281
17.561521765999714,13.792896,60.562
17.573494410999956,13.792896,60.281
17.585495346000243,13.832192,60.468
17.597530107999773,13.832192,60.75
17.609590982000555,13.871488,60.343
17.621668945999772,13.910784,60.531
17.633672568999827,13.910784,60.312
17.645659198999965,13.871488,60.562
17.65793496600054,13.871488,60.187
17.670270415999767,13.871488,60.437
17.68333765100033,13.871488,60.406
17.69655148699985,13.871488,60.656
17.709631458999866,13.910784,60.312
17.722457720999955,13.910784,60.562
17.73458976799975,13.910784,60.468
17.74669160400026,13.910784,60.906
17.758727389999876,13.871488,60.437
17.770913006999763,13.871488,60.687
17.78392049500053,13.871488,60.437
17.795896245000222,13.832192,60.531
17.807824504000564,13.832192,60.406
17.819745914000123,13.832192,60.531
17.831719583999984,13.832192,60.812
17.843661668000095,13.832192,60.375
17.8556407140004,13.832192,60.656
17.867632528000286,13.832192,60.343
17.879599286000484,13.871488,60.562
17.89158220399986,13.871488,60.25
17.903709033999803,13.910784,60.437
17.915802454000186,13.910784,60.781
17.927764666999792,13.95008,60.625
17.93985223100026,13.95008,60.406
17.95193371500045,13.910784,60.468
17.96390264799993,13.910784,60.312
17.976995836999777,13.910784,60.437
17.990582174000338,13.910784,60.312
18.003787145000388,13.95008,60.687
18.01704712799983,13.95008,60.312
18.029196231000242,13.95008,60.5
18.04138933700051,13.95008,60.312
18.05360545199983,13.910784,60.875
18.065741659000196,13.910784,60.437
18.077865000999736,13.871488,60.687
18.090016760999788,13.871488,60.406
18.102021184000478,13.871488,60.625
18.113966148000145,13.832192,60.343
18.125909383999897,13.832192,60.5
18.137838059000387,13.792896,60.718
18.149049157000263,13.792896,60.437
18.161049547999937,13.792896,60.687
18.173030738000307,13.832192,60.312
18.185011192000275,13.832192,60.593
18.197053122000398,13.832192,60.281
18.20900618199994,13.871488,60.468
18.220975788000032,13.910784,60.656
18.23306200800016,13.910784,60.312
18.24503644500055,13.95008,60.718
18.257025124000393,13.910784,60.312
18.26900695400036,13.871488,60.468
18.282162225999855,13.871488,60.468
18.29549312400013,13.871488,60.781
18.30879464500049,13.910784,60.625
18.322078404999957,13.910784,60.312
18.334139950999997,13.910784,60.437
18.346196954000334,13.910784,60.281
18.358270341000207,13.910784,60.406
18.370394579000276,13.871488,60.781
18.382802416999766,13.871488,60.406
18.394858171000124,13.871488,60.656
18.40685827500056,13.871488,60.437
18.41886045800038,13.832192,60.562
18.430868625000585,13.832192,60.375
18.442862679999962,13.832192,60.468
18.45502803999989,13.832192,60.75
18.467046992999713,13.832192,60.375
18.479022806000103,13.871488,60.625
18.49101686100039,13.871488,60.375
18.50296659200012,13.910784,60.531
18.515079853000316,13.910784,60.406
18.527028911999878,13.95008,60.781
18.539131579999776,13.95008,60.281
18.551118305999807,13.95008,60.75
18.563243952000448,13.910784,60.218
18.576630212000055,13.910784,60.437
18.589959062000162,13.910784,60.375
18.603302280000207,13.910784,60.718
18.61661122500027,13.910784,60.562
18.629734973999803,13.95008,60.312
18.64198241899976,13.95008,60.531
18.65412614500019,13.910784,60.375
18.66613648800012,13.910784,60.437
18.678173297000285,13.871488,60.812
18.69186667899976,13.871488,60.468
18.703957698000522,13.871488,60.75
18.715945128000385,13.871488,60.625
18.728246175000095,13.871488,60.281
18.73988840200036,13.832192,60.468
18.752124708999872,13.792896,60.843
18.763771447999716,13.832192,60.406
18.775715835000483,13.832192,60.625
18.78765884600034,13.832192,60.312
18.799629795000328,13.871488,60.593
18.811596966999787,13.871488,60.343
18.823552747000576,13.910784,60.343
18.83554251300029,13.910784,60.75
18.847525717999815,13.95008,60.312
18.859500090999973,13.910784,60.625
18.871486881000237,13.910784,60.25
18.88539336299982,13.871488,60.218
18.899157916999684,13.871488,60.437
18.912270849999913,13.871488,60.437
18.925472429000365,13.910784,60.656
18.938692759999867,13.910784,60.343
18.95072864099984,13.910784,60.5
18.962830509000014,13.910784,60.312
18.97497685899998,13.871488,60.437
18.987162219999846,13.871488,60.531
19.00049171000046,13.832192,60.843
19.01242502400055,13.832192,60.343
19.024370596000153,13.832192,60.625
19.03633108000031,13.832192,60.343
19.048296875999768,13.832192,60.531
19.060248720000345,13.832192,60.25
19.072228117000122,13.832192,60.468
19.084191320999707,13.832192,60.656
19.09619075200044,13.871488,60.406
19.10816928500026,13.871488,60.5
19.120167498999763,13.910784,60.25
19.13217960200018,13.95008,60.437
19.144194520999918,13.95008,60.75
19.15617596700031,13.95008,60.437
19.168161732000044,13.910784,60.687
19.18013380100001,13.910784,60.562
19.19349532399974,13.910784,60.281
19.206899122000323,13.910784,60.437
19.220451088000118,13.910784,60.406
19.23363698600042,13.95008,60.718
19.245991796000453,13.95008,60.281
19.258129601999826,13.95008,60.562
19.270304051000494,13.910784,60.312
19.282375132999732,13.910784,60.531
19.294411269000193,13.871488,60.25
19.306342920000134,13.871488,60.468
19.318338957999913,13.871488,60.75
19.330329844000516,13.871488,60.375
19.341839167000217,13.792896,60.531
19.35405460899983,13.792896,60.25
19.365052031000232,13.792896,60.437
19.377041796999947,13.792896,60.906
19.389105295000263,13.832192,60.437
19.401365444000476,13.832192,60.656
19.413684379999722,13.871488,60.562
19.425701731000117,13.871488,60.187
19.437680584999725,13.910784,60.468
19.449651277000157,13.95008,60.843
19.46162664199983,13.95008,60.437
19.473622583999713,13.910784,60.593
19.485620254999958,13.871488,60.281
19.498988913000176,13.910784,60.562
19.512171354000202,13.910784,60.437
19.52536003499972,13.910784,60.312
19.53720156700001,13.95008,60.343
19.549830793000183,13.95008,60.687
19.56185393600026,13.95008,60.343
19.57402307099983,13.95008,60.5
19.58608906399968,13.910784,60.281
19.59832892400027,13.910784,60.5
19.610352259000138,13.871488,60.906
19.622338055,13.871488,60.375
19.63433502099997,13.871488,60.718
19.64635067600011,13.871488,60.5
19.658303287000308,13.871488,60.312
19.670284411000466,13.871488,60.531
19.682271423999737,13.871488,60.281
19.69425142900036,13.871488,60.406
19.70625354599997,13.910784,60.687
19.71825416000047,13.910784,60.312
19.730248054000185,13.95008,60.468
19.742219130000194,13.95008,60.25
19.754176092999842,13.989376,60.437
19.76612079900042,13.989376,60.875
19.77811366900005,13.95008,60.312
19.790739885999756,13.910784,60.531
19.80413254599989,13.910784,60.5
19.817567865000456,13.95008,60.218
19.830924171000333,13.95008,60.25
19.84392151300017,13.95008,60.437
19.85605112600024,13.95008,60.687
19.868106079000427,13.95008,60.437
19.880326897000486,13.95008,60.562
19.892418204000023,13.910784,60.468
19.90724617700016,13.910784,60.375
19.919236998000088,13.871488,60.437
19.931223691000014,13.871488,60.687
19.942857084000025,13.792896,60.281
19.9550372599997,13.792896,60.562
19.96719164299975,13.792896,60.281
19.979178207000587,13.792896,60.531
19.991181029000472,13.792896,60.281
20.003151464999974,13.832192,60.343
20.01512903799994,13.832192,60.781
20.027111442000205,13.871488,60.281
20.03915743500056,13.871488,60.531
20.051145696000276,13.910784,60.25
20.06312259600054,13.95008,60.437
20.075102120999873,13.910784,60.843
20.087072877000537,13.871488,60.562
20.100956541000414,13.832192,60.312
20.114346801000465,13.832192,60.187
20.127704995000386,13.871488,60.437
20.14132739700017,13.871488,60.156
20.15437767000003,13.910784,60.718
20.166559221999705,13.910784,60.25
20.178673442000218,13.910784,60.625
20.190831247999995,13.871488,60.281
20.202981118000025,13.832192,60.531
20.216874638999798,13.832192,60.343
20.22885393999968,13.832192,60.5
20.24088876299993,13.792896,60.781
20.2528787199999,13.792896,60.375
20.264884037999764,13.792896,60.562
20.276855881999836,13.792896,60.5
20.288949300999775,13.832192,60.343
20.301012382999943,13.832192,60.468
20.313050406000002,13.832192,60.781
20.325030795000202,13.871488,60.375
20.337002799000402,13.910784,60.562
20.349123740000323,13.910784,60.281
20.36108687900014,13.95008,60.437
20.373077027999898,13.95008,60.312
20.385061513000437,13.910784,60.406
20.397042990000045,13.871488,60.687
20.41030729100021,13.910784,60.593
20.424127783000586,13.910784,60.343
20.43749304999983,13.910784,60.437
20.45044568600042,13.95008,60.343
20.462597444000494,13.95008,60.812
20.474585449000188,13.95008,60.343
20.486611536000055,13.910784,60.625
20.498724251000567,13.910784,60.343
20.510769411000183,13.910784,60.531
20.52274397400015,13.871488,60.281
20.534747403999972,13.871488,60.437
20.546301782999763,13.832192,60.718
20.55831948500054,13.792896,60.343
20.57036227699973,13.792896,60.593
20.58235050500025,13.792896,60.375
20.59432871700028,13.792896,60.5
20.606331537999722,13.832192,60.25
20.61833957500039,13.832192,60.375
20.630378111000027,13.871488,60.687
20.642374947000462,13.871488,60.406
20.654328581999835,13.910784,60.531
20.666295912999885,13.910784,60.25
20.678417813000124,13.95008,60.5
20.69048082900008,13.871488,60.218
20.70240851000017,13.871488,60.656
20.715705868999976,13.871488,60.312
20.72937300800004,13.910784,60.593
20.741552350999882,13.910784,60.468
20.7547486149997,13.95008,60.25
20.76720378200025,13.95008,60.437
20.779272143000526,13.95008,60.75
20.79130142899976,13.910784,60.406
20.803421440999955,13.910784,60.5
20.81558491099986,13.871488,60.343
20.82770409099976,13.871488,60.531
20.83971891300007,13.832192,60.343
20.85164640200037,13.832192,60.468
20.863591108000037,13.832192,60.781
20.87555418300053,13.832192,60.375
20.887522025999715,13.832192,60.593
20.899472300000525,13.832192,60.531
20.9114390550003,13.871488,60.437
20.923403442000563,13.871488,60.437
20.935404887000004,13.910784,60.687
20.94737730700035,13.910784,60.406
20.959366719000172,13.95008,60.562
20.971345922999717,13.989376,60.281
20.98331350999979,13.95008,60.531
20.995311466999738,13.910784,60.093
21.00891949800007,13.910784,60.75
21.022031726000023,13.910784,60.281
21.035086126999886,13.910784,60.531
21.048320376999982,13.910784,60.468
21.0617133249998,13.95008,60.25
21.073748564000198,13.95008,60.406
21.085851775000265,13.95008,60.75
21.09796135400029,13.910784,60.375
21.110040274999847,13.910784,60.593
21.123535149000418,13.910784,60.343
21.13553124900045,13.871488,60.531
21.147101790000306,13.832192,60.218
21.159109283999896,13.792896,60.406
21.17110423200029,13.792896,60.687
21.183056427000338,13.792896,60.281
21.195194359000197,13.792896,60.625
21.207183196000187,13.792896,60.531
21.219164543999796,13.832192,60.187
21.231151716000568,13.832192,60.468
21.243130568000197,13.871488,60.75
21.25508154599993,13.871488,60.25
21.26705611000034,13.910784,60.437
21.279000655000345,13.95008,60.25
21.29101144500055,13.910784,60.5
21.30295941500026,13.871488,60.156
21.31671311900027,13.871488,60.718
21.33012936399973,13.871488,60.343
21.34333062099995,13.871488,60.531
21.3565041640004,13.910784,60.562
21.369654858000104,13.910784,60.218
21.381751156000064,13.910784,60.437
21.393915458000265,13.910784,60.781
21.405978955000137,13.871488,60.375
21.418123800000103,13.871488,60.375
21.432337817999723,13.832192,60.562
21.444963873999768,13.832192,60.312
21.45724956000049,13.832192,60.437
21.46949767499973,13.832192,60.843
21.481883237000147,13.832192,60.406
21.494168698000067,13.832192,60.687
21.506529809999847,13.832192,60.593
21.518872394000027,13.832192,60.281
21.530384659000447,13.871488,60.468
21.54262656500032,13.871488,60.218
21.554856310000105,13.910784,60.375
21.567114024999682,13.95008,60.531
21.57936815500034,13.95008,60.25
21.591438628000105,13.95008,60.5
21.603430344000117,13.910784,60.281
21.616559308000433,13.910784,60.187
21.62968382300005,13.871488,60.343
21.643118019999747,13.910784,60.593
21.656303722999837,13.910784,60.5
21.668249997000203,13.95008,60.156
21.680435260000195,13.95008,60.437
21.692506532000152,13.95008,60.187
21.70454580200021,13.910784,60.437
21.716646099999707,13.910784,60.656
21.730985084000167,13.871488,60.343
21.743038116000207,13.871488,60.187
21.755623304999972,13.792896,60.468
21.766734971000005,13.792896,60.531
21.778730111000186,13.792896,60.437
21.79072867600007,13.792896,60.75
21.802723400000104,13.792896,60.343
21.814717195000412,13.832192,60.625
21.826654188000248,13.832192,60.218
21.838580491999892,13.871488,60.5
21.85054910300005,13.871488,60.125
21.862634264000008,13.871488,60.343
21.874665278000066,13.910784,60.625
21.88659276599992,13.95008,60.281
21.898568192999846,13.910784,60.593
21.910507714000232,13.910784,60.187
21.923230479000267,13.871488,60.375
21.93653260500014,13.871488,60.375
21.949769990999812,13.871488,60.593
21.962922763999813,13.910784,60.593
21.97570626900051,13.910784,60.343
21.98770755300029,13.910784,60.406
21.999824812000043,13.910784,60.25
22.01185489799991,13.871488,60.343
22.023819252000067,13.871488,60.781
22.03804200600007,13.832192,60.375
22.050037466000504,13.832192,60.625
22.061962265999682,13.832192,60.312
22.07391641200047,13.832192,60.5
22.085881789999803,13.832192,60.406
22.097853281000425,13.832192,60.718
22.109817315000328,13.832192,60.343
22.121832584000003,13.832192,60.531
22.133781706000264,13.832192,60.281
22.145751179999934,13.871488,60.406
22.157705198000258,13.910784,60.187
22.169689872999697,13.910784,60.375
22.181666036000024,13.95008,60.625
22.19370329100002,13.95008,60.343
22.205688605999967,13.910784,60.531
22.217680929999915,13.910784,60.156
22.231735897999897,13.871488,60.187
22.244831548000548,13.910784,60.406
22.25802176399975,13.910784,60.781
22.27111155700004,13.910784,60.562
22.28360970199992,13.95008,60.281
22.295739408999907,13.910784,60.468
22.307764023000345,13.910784,60.25
22.319814366000173,13.910784,60.468
22.333300565999707,13.871488,60.75
22.345441602000392,13.832192,60.25
22.357678004000263,13.792896,60.5
22.369297602999723,13.792896,60.312
22.381300551000095,13.792896,60.437
22.39326797800004,13.792896,60.218
22.405231884000386,13.792896,60.718
22.417313077000472,13.792896,60.343
22.42927835899991,13.792896,60.625
22.441256858000088,13.832192,60.375
22.453225021000435,13.832192,60.468
22.46530208600052,13.871488,60.187
22.477611643000273,13.910784,60.375
22.48982781900031,13.910784,60.656
22.501803885999834,13.95008,60.375
22.513756559000285,13.910784,60.562
22.52572910500021,13.871488,60.187
22.53890943100032,13.871488,60.312
22.55206434699994,13.871488,60.375
22.565269667000393,13.910784,60.687
22.578397702000075,13.910784,60.375
22.589937392000138,13.95008,60.593
22.601965333000408,13.95008,60.312
22.61403042799975,13.910784,60.437
22.62606166600017,13.910784,60.437
22.63848562900057,13.871488,60.812
22.65064586600056,13.871488,60.312
22.6625771300005,13.871488,60.718
22.67456212399975,13.871488,60.312
22.68649886000003,13.832192,60.468
22.698553267000534,13.832192,60.187
22.710514643999886,13.832192,60.437
22.72249762299998,13.871488,60.625
22.734680293000565,13.871488,60.343
22.74687592400005,13.871488,60.562
22.758897176000573,13.910784,60.312
22.770933470000273,13.910784,60.406
22.782897920000323,13.95008,60.218
22.79490963599983,13.989376,60.312
22.806897446999756,13.95008,60.75
22.818906794999748,13.910784,60.468
22.83166047299983,13.910784,60.187
22.844851615999687,13.910784,60.437
22.85813114800021,13.910784,60.375
22.871279472000424,13.95008,60.781
22.884390738000548,13.95008,60.312
22.896562783000263,13.95008,60.562
22.90863997500037,13.95008,60.281
22.920709390999946,13.910784,60.468
22.932724627000425,13.910784,60.406
22.947363819000202,13.832192,60.718
22.95965414300008,13.832192,60.343
22.97175936900021,13.792896,60.562
22.98370561000047,13.792896,60.343
22.995676172000458,13.792896,60.437
23.007637933000296,13.792896,60.218
23.019616303000475,13.792896,60.437
23.031605330000275,13.832192,60.75
23.04363285599993,13.832192,60.562
23.05560364200028,13.832192,60.562
23.06755749900003,13.871488,60.406
23.07951698800025,13.871488,60.187
23.091557249999823,13.910784,60.343
23.103508547000274,13.95008,60.75
23.115471812000578,13.910784,60.437
23.127476200000274,13.871488,60.468
23.141616804000478,13.832192,60.312
23.15363133699975,13.871488,60.156
23.166898196000147,13.871488,60.343
23.180191295999975,13.910784,60.718
23.193480556000395,13.910784,60.656
23.20560498299983,13.910784,60.281
23.217683967000085,13.910784,60.531
23.229838315000052,13.871488,60.218
23.24195262900048,13.871488,60.187
23.256848091999927,13.832192,60.375
23.26881372600019,13.832192,60.718
23.280802592999862,13.832192,60.281
23.29282003699973,13.832192,60.562
23.304775589999736,13.792896,60.25
23.316742248000082,13.792896,60.437
23.32872577099988,13.832192,60.25
23.34069866899972,13.832192,60.312
23.352640140999938,13.832192,60.656
23.364585422000346,13.871488,60.281
23.37651735700001,13.871488,60.468
23.388489038999978,13.910784,60.25
23.400431279999793,13.95008,60.406
23.4123895849998,13.95008,60.781
23.42432356900008,13.910784,60.375
23.436277298000277,13.910784,60.5
23.448331321000296,13.910784,60.468
23.461814256000252,13.910784,60.312
23.47524992400031,13.910784,60.375
23.487417680999897,13.95008,60.843
23.499287053000444,13.989376,60.312
23.511399670000174,13.989376,60.625
23.523587395000504,13.95008,60.375
23.535874678000255,13.910784,60.437
23.54849017200013,13.871488,60.437
23.560117834000266,13.871488,60.281
23.572434335000253,13.832192,60.343
23.584372094000173,13.832192,60.656
23.59636515300008,13.832192,60.25
23.608386437000263,13.832192,60.5
23.620328261000395,13.832192,60.343
23.632291205,13.832192,60.406
23.64423843700024,13.832192,60.75
23.656205094000143,13.832192,60.437
23.668170183000257,13.871488,60.593
23.68011911099984,13.910784,60.281
23.69205424699976,13.910784,60.468
23.703966213000058,13.95008,60.218
23.716078766000464,13.95008,60.375
23.728041647000282,13.910784,60.75
23.740104117000556,13.910784,60.281
23.752649623000252,13.910784,60.25
23.76560471999983,13.910784,60.437
23.778897051000058,13.910784,60.218
23.792039101999762,13.95008,60.156
23.804842733999976,13.95008,60.343
23.816866291000224,13.95008,60.593
23.82903727899975,13.95008,60.25
23.84121703599976,13.910784,60.437
23.853723340000215,13.910784,60.312
23.86583102900022,13.871488,60.437
23.87791257200024,13.871488,60.843
23.889956066000195,13.871488,60.343
23.90191853000033,13.871488,60.562
23.913928390000365,13.832192,60.343
23.925901639000585,13.832192,60.531
23.93788653699994,13.871488,60.312
23.949864971000352,13.871488,60.406
23.961829196000508,13.871488,60.687
23.973821069999758,13.910784,60.593
23.98580699300055,13.910784,60.312
23.997819027999867,13.95008,60.437
24.009789044999707,13.989376,60.187
24.021740213999692,13.95008,60.406
24.033689525999762,13.910784,60.625
24.045671448000576,13.910784,60.25
24.05775955199988,13.95008,60.625
24.071130383999844,13.95008,60.312
24.084485182999742,13.95008,60.218
24.097911441999713,13.989376,60.375
24.110137761999795,13.95008,60.781
24.122234442000263,13.95008,60.281
24.134284943999774,13.95008,60.531
24.146288371000082,13.910784,60.437
24.161057680999875,13.832192,60.218
24.173072917000354,13.832192,60.437
24.185058423000555,13.832192,60.25
24.19706511500044,13.792896,60.343
24.20903900400026,13.792896,60.656
24.22100834899993,13.792896,60.343
24.233009632000176,13.792896,60.5
24.245032484999683,13.832192,60.125
24.25701584699982,13.832192,60.437
24.26901066499977,13.871488,60.843
24.28101601199978,13.871488,60.343
24.29305310500058,13.910784,60.5
24.305070069000067,13.910784,60.531
24.317057432000183,13.95008,60.156
24.32903400899977,13.910784,60.343
24.341031451999697,13.910784,60.687
24.353499929000463,13.871488,60.312
24.367050323000512,13.871488,60.625
24.380195927000386,13.871488,60.437
24.393453024000337,13.910784,60.187
24.40660867600036,13.910784,60.437
24.418751598999734,13.910784,60.187
24.430812309999965,13.910784,60.375
24.44294351999997,13.910784,60.625
24.45498445300018,13.871488,60.562
24.46986669800026,13.871488,60.312
24.481840204000036,13.832192,60.468
24.493828972999836,13.832192,60.218
24.505810286999804,13.832192,60.656
24.51796629799992,13.832192,60.312
24.53014909400008,13.832192,60.562
24.5421396239999,13.832192,60.218
24.554146635000507,13.832192,60.437
24.566145325000434,13.871488,60.25
24.57827816600002,13.871488,60.312
24.590393247000065,13.910784,60.593
24.602387457000077,13.910784,60.343
24.614603119000094,13.95008,60.5
24.626640915999815,13.95008,60.312
24.63857928300058,13.910784,60.437
24.650582709000446,13.910784,60.343
24.663842685999953,13.910784,60.656
24.677275824999924,13.910784,60.281
24.690368304000003,13.910784,60.437
24.703335848999814,13.95008,60.468
24.715599866000048,13.95008,60.187
24.72780855200017,13.95008,60.343
24.74025078700015,13.910784,60.718
24.752452849000292,13.832192,60.25
24.764449074999902,13.792896,60.531
24.776605437999933,13.792896,60.25
24.788615137000306,13.7536,60.468
24.80056076799974,13.7536,60.25
24.812477532999765,13.7536,60.281
24.824430108999877,13.7536,60.656
24.836360602999775,13.7536,60.281
24.84831484300048,13.792896,60.5
24.860242552999807,13.792896,60.218
24.872228506999818,13.792896,60.406
24.884201339000356,13.832192,60.281
24.896188829000494,13.871488,60.687
24.908291333000307,13.871488,60.312
24.920260517000315,13.910784,60.5
24.932232357999965,13.910784,60.281
24.944232744000146,13.871488,60.375
24.95631992000017,13.871488,60.156
24.969692286999816,13.871488,60.343
24.982812256000216,13.871488,60.25
24.996043783999994,13.871488,60.468
25.009300464000262,13.910784,60.218
25.02172804299971,13.910784,60.375
25.03373402899979,13.910784,60.125
25.045709517999967,13.910784,60.375
25.057835127000544,13.871488,60.375
25.069953664000423,13.871488,60.562
25.081728854000175,13.832192,60.187
25.09369243800029,13.832192,60.468
25.105658070000572,13.832192,60.156
25.117696635000357,13.832192,60.312
25.129681979999987,13.832192,60.656
25.141686046999894,13.832192,60.343
25.153701121999802,13.832192,60.5
25.16568067499975,13.871488,60.187
25.1776642599998,13.871488,60.437
25.1898305120003,13.871488,60.125
25.20179883200035,13.910784,60.375
25.213741327000207,13.95008,60.687
25.225692910999896,13.95008,60.187
25.237717906999933,13.95008,60.562
25.24969141099973,13.910784,60.156
25.262057738000294,13.910784,60.156
25.275181003000398,13.910784,60.312
25.288467286000014,13.910784,60.562
25.301442639000015,13.95008,60.437
25.314364036999905,13.95008,60.218
25.326542929000425,13.95008,60.406
25.338692924000497,13.95008,60.187
25.350837030000548,13.910784,60.312
25.363224574000014,13.871488,60.312
25.377991035999912,13.832192,60.625
25.390388884999993,13.832192,60.281
25.402374742000575,13.832192,60.468
25.414328214000307,13.792896,60.25
25.426309239000147,13.792896,60.406
25.4383526040001,13.792896,60.687
25.450331228999858,13.792896,60.25
25.46230025299974,13.792896,60.437
25.47432646500056,13.832192,60.187
25.486284448999868,13.832192,60.437
25.49829305900039,13.871488,60.156
25.51029059600023,13.871488,60.343
25.522279652999714,13.910784,60.625
25.534278727000128,13.95008,60.531
25.546684062999702,13.910784,60.187
25.558671616000538,13.910784,60.312
25.572520681000242,13.871488,60.187
25.585846996999862,13.832192,60.687
25.59928064700034,13.871488,60.25
25.61262075600007,13.871488,60.25
25.625949088000198,13.910784,60.5
25.638182446999963,13.910784,60.125
25.650197073000527,13.910784,60.375
25.662364380000326,13.871488,60.75
25.674470660000225,13.871488,60.312
25.688154915999803,13.871488,60.656
25.700139268000385,13.832192,60.312
25.712070434000452,13.832192,60.468
25.724042882000504,13.832192,60.406
25.736111496000376,13.832192,60.156
25.748053733999768,13.832192,60.437
25.759985604000576,13.832192,60.593
25.771910016999755,13.832192,60.468
25.783046642000045,13.871488,60.468
25.795104087000254,13.871488,60.156
25.807105464000415,13.910784,60.437
25.819077240000297,13.910784,60.687
25.831034327999987,13.95008,60.343
25.84306575499977,13.95008,60.656
25.855064668000523,13.910784,60.156
25.867026171999896,13.910784,60.437
25.880356583999856,13.910784,60.187
25.8926167919999,13.910784,60.75
25.906062443000337,13.95008,60.25
25.9182625200001,13.95008,60.562
25.93052842399993,13.989376,60.281
25.94282661899979,13.989376,60.5
25.955061929000294,13.95008,60.218
25.967195793999963,13.871488,60.312
25.979712657000164,13.871488,60.781
25.991807031999997,13.871488,60.312
26.0037076360004,13.832192,60.593
26.015641009999854,13.832192,60.437
26.027575216000514,13.832192,60.156
26.03960897900015,13.832192,60.375
26.051560529999733,13.792896,60.718
26.063530033999996,13.832192,60.281
26.075469872000212,13.832192,60.5
26.087444112000412,13.832192,60.25
26.099413648000336,13.871488,60.5
26.111406001000432,13.910784,60.218
26.12333383799978,13.910784,60.406
26.135327183999834,13.95008,60.625
26.147358322999935,13.95008,60.343
26.15946210600032,13.910784,60.5
26.171437243000582,13.910784,60.187
26.184740677000264,13.910784,60.25
26.19783882000047,13.910784,60.437
26.211299128000064,13.910784,60.25
26.224961975000042,13.95008,60.468
26.237301740000476,13.95008,60.218
26.249445909000315,13.95008,60.468
26.261497913999847,13.910784,60.281
26.273749001000397,13.910784,60.343
26.285487291999743,13.871488,60.718
26.297804912000174,13.871488,60.375
26.309264946999974,13.871488,60.625
26.32170241299991,13.871488,60.281
26.33391765899978,13.871488,60.5
26.34617127399997,13.871488,60.156
26.358376375999796,13.871488,60.812
26.370557187000486,13.871488,60.437
26.382854100999793,13.871488,60.562
26.395129510000515,13.910784,60.218
26.407395031000306,13.910784,60.468
26.41886053899998,13.95008,60.187
26.431113610000466,13.989376,60.343
26.44339090700032,13.989376,60.687
26.455462273000194,13.95008,60.312
26.467444513999908,13.95008,60.156
26.48136907099979,13.910784,60.406
26.49322304799989,13.910784,60.25
26.50678326399975,13.910784,60.343
26.519950243000494,13.95008,60.281
26.53293612300058,13.95008,60.593
26.545007648000137,13.95008,60.156
26.556542053999692,13.910784,60.437
26.56929681800011,13.871488,60.156
26.58174526000039,13.832192,60.093
26.596018220000587,13.832192,60.406
26.607992330999878,13.832192,60.625
26.619953802000055,13.792896,60.25
26.631903112000145,13.792896,60.531
26.64390157700018,13.792896,60.218
26.65590938600053,13.792896,60.437
26.667878922000455,13.832192,60.156
26.67986119299985,13.832192,60.312
26.691793926999708,13.832192,60.625
26.703711523000493,13.871488,60.281
26.71566048099976,13.871488,60.468
26.727656160999686,13.910784,60.156
26.740005589999782,13.910784,60.343
26.75204786500035,13.95008,60.656
26.76424550899992,13.910784,60.281
26.776282056000127,13.910784,60.156
26.788367918000404,13.910784,60.468
26.80171109799994,13.910784,60.062
26.814854074999857,13.910784,60.156
26.828169030000026,13.95008,60.281
26.841487120000238,13.95008,60.531
26.853666459000124,13.95008,60.281
26.86577027400017,13.95008,60.468
26.877967309999804,13.910784,60.156
26.890148409000176,13.910784,60.187
26.90344371500032,13.871488,60.375
26.91546595700038,13.871488,60.656
26.927441636000367,13.871488,60.312
26.93942505999985,13.832192,60.468
26.951401027999964,13.832192,60.218
26.9633716190001,13.832192,60.5
26.975373956000112,13.871488,60.093
26.987336227000014,13.871488,60.375
26.99934938000024,13.871488,60.625
27.011332164000123,13.910784,60.218
27.023350438000307,13.910784,60.531
27.035337862000233,13.95008,60.25
27.04735940000046,13.989376,60.375
27.059340007999708,13.989376,60.875
27.071439055000155,13.910784,60.312
27.083426383000187,13.910784,60.218
27.096790331999728,13.910784,60.5
27.1101246799999,13.95008,60.406
27.123367789999975,13.95008,60.093
27.136823808999907,13.95008,60.343
27.14901134000047,13.95008,60.468
27.160738462000154,13.871488,60.281
27.17221257700021,13.871488,60.468
27.184343370000533,13.871488,60.156
27.19641879899973,13.832192,60.406
27.208442576999914,13.832192,60.25
27.22038046200032,13.792896,60.343
27.232340524999927,13.792896,60.625
27.244321997000043,13.792896,60.281
27.25628461999986,13.792896,60.5
27.26826378700025,13.792896,60.187
27.280265452000094,13.792896,60.343
27.29233016099988,13.832192,60.718
27.304396948999965,13.832192,60.593
27.316352468000332,13.871488,60.531
27.32831083400015,13.871488,60.437
27.340320883999993,13.910784,60.187
27.35231589199975,13.910784,60.343
27.364268434999758,13.95008,60.25
27.376268242999686,13.910784,60.25
27.38825710800029,13.871488,60.531
27.401499610000428,13.871488,60.218
27.414739200999975,13.910784,60.218
27.4280334820005,13.910784,60.312
27.441176139000163,13.910784,60.125
27.4528263279999,13.95008,60.281
27.464982690000397,13.95008,60.593
27.477029477000542,13.95008,60.312
27.489244209999924,13.910784,60.531
27.501551780000227,13.871488,60.437
27.513677355000254,13.871488,60.218
27.525656777999757,13.871488,60.375
27.537656874000277,13.871488,60.718
27.549645961999886,13.832192,60.281
27.561644618000173,13.832192,60.5
27.573612072000287,13.832192,60.25
27.586336657000174,13.871488,60.437
27.598685605000355,13.871488,60.218
27.610971508999683,13.910784,60.343
27.623057849999896,13.910784,60.593
27.635240548000183,13.95008,60.281
27.647319561000586,13.95008,60.406
27.659315048999815,13.989376,60.343
27.67133972300053,13.95008,60.218
27.68366214100024,13.95008,60.218
27.697119215000384,13.910784,60.5
27.710531902000184,13.910784,60.468
27.7239290360003,13.910784,60.156
27.737103469999965,13.95008,60.406
27.75027214400052,13.95008,60.281
27.76188037800057,13.871488,60.218
27.77353904699976,13.871488,60.25
27.785718930000257,13.871488,60.531
27.79777707700032,13.832192,60.25
27.810773453000365,13.871488,60.406
27.82280452699979,13.832192,60.156
27.83479252699999,13.832192,60.406
27.846783693999896,13.832192,60.625
27.85876362900035,13.792896,60.25
27.870725964000485,13.792896,60.531
27.88270999500037,13.832192,60.187
27.894716235000487,13.832192,60.375
27.906876277000265,13.832192,60.218
27.918871861000298,13.871488,60.343
27.93087061300048,13.871488,60.531
27.942915159000222,13.910784,60.468
27.954895349999788,13.910784,60.187
27.966902326999843,13.95008,60.406
27.978945146000115,13.910784,60.156
27.99101769400022,13.910784,60.218
28.003512602000228,13.910784,60.625
28.01683251600025,13.871488,60.281
28.028736735000166,13.910784,60.437
28.041939298000216,13.910784,60.437
28.05510979600058,13.95008,60.125
28.067149319000237,13.95008,60.375
28.079185833000338,13.95008,60.718
28.09137512400048,13.910784,60.25
28.1033680190003,13.910784,60.531
28.116197825999734,13.871488,60.281
28.128194337999957,13.871488,60.437
28.14028272700034,13.871488,60.312
28.1523646200003,13.832192,60.687
28.16431197700058,13.832192,60.281
28.176260647000163,13.832192,60.468
28.1882538939999,13.871488,60.218
28.200232676999804,13.871488,60.437
28.212201764000383,13.871488,60.218
28.224152032999882,13.910784,60.343
28.23614067299968,13.910784,60.593
28.248145696999927,13.95008,60.125
28.260127169000043,13.95008,60.5
28.272120704000372,13.989376,60.312
28.284061533000568,13.95008,60.375
28.29601068300053,13.910784,60.093
28.309224190999885,13.910784,60.625
28.322423106000315,13.95008,60.281
28.335536673000206,13.95008,60.437
28.348606845000177,13.95008,60.218
28.360654912000427,13.910784,60.406
28.372845003000293,13.871488,60.312
28.385027029000412,13.871488,60.625
28.39711346600052,13.871488,60.281
28.409326598000007,13.832192,60.562
28.421670874000483,13.832192,60.187
28.433707836000394,13.792896,60.406
28.445679387000382,13.792896,60.093
28.45768037900052,13.792896,60.312
28.469803105999745,13.792896,60.75
28.481794690000243,13.792896,60.25
28.49405060800018,13.792896,60.468
28.50507570500031,13.792896,60.218
28.517213535999872,13.792896,60.312
28.52928886800055,13.832192,60.25
28.54127453000001,13.871488,60.281
28.553256320999935,13.871488,60.531
28.565247839999756,13.910784,60.125
28.577210653000293,13.910784,60.406
28.589377285999944,13.871488,60.406
28.601376902000084,13.871488,60.0
28.616990575000273,13.871488,60.593
28.631286959000136,13.871488,60.5
28.645487497999966,13.910784,60.25
28.659251627999765,13.95008,60.25
28.67242087700015,13.95008,60.406
28.685795770000368,13.95008,60.218
28.69840441100041,13.95008,60.375
28.71102991800035,13.910784,60.343
28.724987051000426,13.910784,60.5
28.737416097999812,13.910784,60.25
28.74964884700057,13.871488,60.437
28.761904476999916,13.871488,60.125
28.77390249200016,13.871488,60.406
28.78590668400011,13.871488,60.562
28.797896283000227,13.871488,60.218
28.80988306600011,13.871488,60.437
28.821854583999993,13.910784,60.312
28.833864535999965,13.910784,60.125
28.845884600000318,13.95008,60.25
28.85787410300054,13.95008,60.593
28.869852054000148,13.989376,60.156
28.88182971600054,13.989376,60.531
28.893854293000004,13.95008,60.187
28.905920215999686,13.95008,60.343
28.91908943300041,13.95008,60.031
28.932272539000223,13.95008,60.625
28.945785359000183,13.95008,60.156
28.95908571900054,13.95008,60.468
28.971286242000133,13.910784,60.125
28.98345252299987,13.910784,60.312
28.99554775999968,13.910784,60.375
29.00763912399998,13.910784,60.593
29.02002314499987,13.871488,60.343
29.03213543899983,13.871488,60.5
29.04422737999994,13.832192,60.187
29.056248148000122,13.832192,60.437
29.068207762000384,13.832192,60.062
29.08021131300029,13.832192,60.375
29.09232763900036,13.832192,60.625
29.10427294800047,13.832192,60.25
29.11625720200027,13.832192,60.406
29.128231921000406,13.871488,60.25
29.140316373000132,13.871488,60.406
29.15228148999995,13.910784,60.031
29.16431957199984,13.910784,60.25
29.17628920199968,13.95008,60.562
29.188306097999885,13.95008,60.281
29.2003090420003,13.910784,60.437
29.2122710550002,13.910784,60.312
29.224386773000333,13.910784,60.125
29.237592407999728,13.910784,60.25
29.25018940100017,13.95008,60.625
29.26335506600026,13.95008,60.437
29.275528035000207,13.95008,60.218
29.287631113000316,13.95008,60.437
29.299663818000226,13.95008,60.125
29.311655465000513,13.910784,60.406
29.323868468,13.910784,60.593
29.335931575999894,13.871488,60.312
29.348210823000045,13.871488,60.5
29.360254664999957,13.871488,60.312
29.372264777000055,13.871488,60.406
29.3842170300004,13.832192,60.218
29.396255526999994,13.871488,60.312
29.408199524000338,13.871488,60.656
29.42026570300004,13.871488,60.281
29.43221648400049,13.910784,60.5
29.444185184999697,13.910784,60.156
29.456141567000486,13.910784,60.375
29.468170271999952,13.95008,60.718
29.480127548999917,13.989376,60.531
29.49207871300041,13.95008,60.281
29.50424195300002,13.910784,60.437
29.51662568499978,13.910784,60.093
29.52987122600007,13.910784,60.406
29.543256198000563,13.910784,60.25
29.55629503900036,13.910784,60.406
29.56936485799997,13.871488,60.187
29.58166551300019,13.871488,60.437
29.59378123100032,13.871488,60.062
29.605860241999835,13.871488,60.375
29.617945877999773,13.832192,60.25
29.632961917000102,13.832192,60.656
29.645343569000033,13.792896,60.25
29.65750860099979,13.792896,60.5
29.669592317000024,13.792896,60.437
29.68160748399987,13.792896,60.156
29.69362588400054,13.792896,60.343
29.70565993299988,13.792896,60.625
29.71768220500053,13.792896,60.218
29.729693885000415,13.832192,60.437
29.74174425399997,13.832192,60.187
29.753797631999987,13.871488,60.375
29.765763612999763,13.871488,60.093
29.777719673999854,13.910784,60.25
29.78982380599973,13.95008,60.5
29.801812284000334,13.871488,60.25
29.8137791930003,13.871488,60.312
29.82719536700006,13.871488,60.375
29.8405315050004,13.871488,60.031
29.8538397049997,13.871488,60.687
29.86702716200034,13.910784,60.25
29.88001902399992,13.910784,60.531
29.892144374000054,13.910784,60.125
29.90428796500055,13.910784,60.437
29.91639664200011,13.871488,60.187
29.928825912999855,13.871488,60.718
29.942168706999837,13.832192,60.343
29.954313449999972,13.832192,60.531
29.966364459000033,13.832192,60.218
29.9783745069999,13.832192,60.437
29.99048484800005,13.832192,60.187
30.00248939100038,13.832192,60.343
30.014469613000074,13.832192,60.625
30.026450506999936,13.832192,60.25
30.038402887000302,13.871488,60.437
30.05032966500039,13.871488,60.218
30.06227087699972,13.910784,60.343
30.074229370000467,13.910784,60.125
30.086178997999923,13.95008,60.218
30.09814328199991,13.95008,60.656
30.110118927999793,13.910784,60.25
30.122080013000414,13.871488,60.187
30.135282191000442,13.910784,60.406
30.147178279999935,13.910784,60.031
30.16064965700025,13.871488,60.625
30.17428149100033,13.871488,60.218
30.18663318900053,13.871488,60.437
30.19866307800021,13.871488,60.187
30.210716648000016,13.871488,60.406
30.222819084000548,13.832192,60.125
30.235132573000556,13.832192,60.375
30.247308421000525,13.832192,60.656
30.259293635000176,13.792896,60.281
30.2712731849997,13.792896,60.468
30.283488203999696,13.792896,60.218
30.295486763000554,13.792896,60.375
30.30753853999977,13.792896,60.125
30.31954938800027,13.792896,60.312
30.33152301700011,13.832192,60.562
30.343527720000566,13.832192,60.531
30.35555549699984,13.832192,60.187
30.367545799000254,13.871488,60.406
30.379549926000436,13.910784,60.125
30.391556421000132,13.910784,60.312
30.403554403999806,13.910784,60.656
30.41558560500016,13.871488,60.156
30.42759126800047,13.871488,60.437
30.440895660000024,13.871488,60.406
30.454329179000524,13.871488,60.093
30.467466617000355,13.871488,60.312
30.48059205499976,13.910784,60.593
30.492683258000397,13.910784,60.281
30.504828864000046,13.910784,60.531
30.516891457999918,13.910784,60.406
30.528980357000364,13.871488,60.156
30.541134604000035,13.871488,60.312
30.553258609000295,13.832192,60.656
30.565236813999945,13.832192,60.281
30.577268942000046,13.832192,60.437
30.589291182000125,13.832192,60.25
30.601354350999827,13.832192,60.437
30.61331239500032,13.832192,60.125
30.62526823100052,13.832192,60.343
30.637252995999916,13.871488,60.687
30.64922905700041,13.871488,60.281
30.661687001000246,13.910784,60.437
30.67388003399992,13.910784,60.187
30.685947940000005,13.95008,60.312
30.69793744100025,13.95008,60.312
30.70993846300007,13.910784,60.656
30.722124200000508,13.910784,60.125
30.734158983999805,13.910784,60.437
30.747711101000277,13.910784,60.093
30.759948584000085,13.910784,60.0
30.774088318000395,13.871488,60.312
30.78738755700033,13.910784,60.625
30.79948570400029,13.910784,60.218
30.811597965000146,13.910784,60.5
30.823714001000553,13.871488,60.187
30.835848919000455,13.871488,60.25
30.849345929000265,13.832192,60.437
30.86129750800046,13.832192,60.656
30.873277409000366,13.832192,60.218
30.88525295799991,13.792896,60.562
30.897219866999876,13.792896,60.218
30.909209047999866,13.792896,60.406
30.921207893999963,13.792896,60.187
30.933223924999766,13.832192,60.312
30.945260788999803,13.832192,60.562
30.957224562000192,13.871488,60.25
30.9692065750005,13.871488,60.468
30.981191052000213,13.910784,60.187
30.99319735500012,13.910784,60.375
31.005157030999726,13.95008,60.156
31.017077567999877,13.871488,60.281
31.029036443999757,13.910784,60.187
31.04187514499972,13.871488,60.5
31.054912001000048,13.871488,60.156
31.068097762000434,13.910784,60.125
31.081518222999875,13.910784,60.312
31.094580105000205,13.910784,60.656
31.106733071000235,13.910784,60.25
31.118808561999685,13.910784,60.468
31.130880755999897,13.910784,60.25
31.142991255999732,13.871488,60.187
31.156183353000415,13.871488,60.343
31.168161558000065,13.832192,60.187
31.180128625999714,13.832192,60.312
31.19207943800029,13.832192,60.593
31.204039946000194,13.832192,60.218
31.2159468509999,13.832192,60.437
31.228168781000022,13.832192,60.156
31.24031230699984,13.832192,60.406
31.252289519999977,13.871488,60.75
31.26428142199984,13.871488,60.25
31.27626349900038,13.910784,60.406
31.288238119999733,13.910784,60.281
31.30025063100038,13.95008,60.281
31.3122670140001,13.95008,60.218
31.324219680999704,13.910784,60.312
31.336244801000248,13.871488,60.281
31.349553992000438,13.910784,60.531
31.362760873999832,13.871488,60.093
31.37564472899976,13.871488,60.062
31.38869710600011,13.871488,60.312
31.40083176799999,13.871488,60.031
31.41305488299986,13.871488,60.281
31.42534040100054,13.871488,60.531
31.437594844999694,13.832192,60.437
31.45203385900004,13.832192,60.187
31.463987070999792,13.792896,60.437
31.475910744999965,13.792896,60.093
31.488007259999904,13.792896,60.25
31.499955991000206,13.792896,60.531
31.51190520199998,13.792896,60.281
31.52383421900049,13.792896,60.468
31.535932878000494,13.792896,60.187
31.547932747999766,13.832192,60.343
31.55988183000045,13.832192,60.75
31.57182006400035,13.871488,60.187
31.583739288999823,13.871488,60.468
31.59579980200033,13.910784,60.25
31.60776763800004,13.910784,60.312
31.619702959999813,13.910784,60.25
31.63164756200058,13.871488,60.218
31.64489444500032,13.871488,60.281
31.658024458,13.871488,60.5
31.671149446000527,13.871488,60.437
31.685089552000136,13.910784,60.125
31.698825326000588,13.910784,60.312
31.71102357500058,13.910784,60.25
31.72323699200024,13.910784,60.593
31.73535264400016,13.871488,60.281
31.74756366099973,13.871488,60.468
31.761424178999732,13.832192,60.25
31.77341406300002,13.832192,60.406
31.785395435999817,13.832192,60.156
31.797385769000357,13.832192,60.187
31.809479084000486,13.792896,60.562
31.821523948000504,13.832192,60.531
31.83348647100047,13.832192,60.125
31.845486788000017,13.832192,60.312
31.857458655999835,13.832192,60.125
31.86966285700055,13.871488,60.25
31.881807087000197,13.910784,60.593
31.893871696000133,13.910784,60.156
31.905864109000504,13.95008,60.437
31.91787021900018,13.95008,60.187
31.929941068000517,13.910784,60.312
31.941917031999765,13.871488,60.031
31.955171948000498,13.910784,60.531
31.968082012000195,13.832192,60.093
31.980357448999712,13.871488,60.468
31.993470917000195,13.871488,60.156
32.00615741599995,13.871488,60.437
32.01831732699975,13.871488,60.281
32.03040168100051,13.871488,60.656
32.042553078999845,13.871488,60.25
32.05488221500036,13.832192,60.531
32.066901093000524,13.832192,60.187
32.07890336299988,13.792896,60.406
32.09100791000037,13.792896,60.156
32.10298950700053,13.792896,60.312
32.11497036699984,13.792896,60.625
32.12696063600015,13.792896,60.25
32.13892872799988,13.792896,60.437
32.15092840499983,13.792896,60.218
32.16290635400037,13.832192,60.375
32.17491665600028,13.832192,60.093
32.18691457299974,13.871488,60.187
32.19891876299971,13.871488,60.531
32.21090298299987,13.910784,60.25
32.22287529900041,13.95008,60.468
32.23487564900006,13.871488,60.156
32.24687535800058,13.871488,60.062
32.26012726600038,13.871488,60.218
32.27340122199985,13.871488,60.593
32.28567355500036,13.910784,60.468
32.298845330000404,13.910784,60.156
32.31106761200044,13.910784,60.312
32.323144189999766,13.910784,60.125
32.33521305500017,13.910784,60.343
32.34728579200055,13.871488,60.625
32.35967573200014,13.871488,60.187
32.3718398660003,13.832192,60.5
32.383784053000454,13.832192,60.156
32.395709614000225,13.832192,60.406
32.40765636099968,13.832192,60.156
32.41963261300043,13.832192,60.343
32.43160601700038,13.832192,60.562
32.443577181000364,13.832192,60.187
32.455569562000164,13.871488,60.437
32.467523252999854,13.871488,60.25
32.47947118299999,13.910784,60.312
32.49147556400021,13.910784,60.25
32.50348080999993,13.95008,60.593
32.515445539999746,13.95008,60.218
32.52740367899969,13.95008,60.468
32.53944076600055,13.910784,60.062
32.55219168399981,13.910784,60.281
32.56552525999996,13.871488,60.218
32.57890968599986,13.871488,60.531
32.59222614000009,13.910784,60.125
32.60544537300029,13.910784,60.406
32.6177646189999,13.910784,60.312
32.62986443000045,13.910784,60.062
32.642015923000145,13.910784,60.375
32.65407749099995,13.871488,60.656
32.66916319600023,13.871488,60.5
32.68113771899971,13.832192,60.218
32.69311473900052,13.832192,60.375
32.70524869499968,13.832192,60.218
32.71762522500012,13.832192,60.343
32.72966413599988,13.832192,60.687
32.74168263000047,13.832192,60.25
32.753661185000055,13.832192,60.468
32.76562322800055,13.832192,60.281
32.777619608999885,13.871488,60.375
32.789642775000175,13.910784,60.031
32.80169240600026,13.910784,60.218
32.81364849700003,13.95008,60.562
32.8256659030003,13.95008,60.218
32.83794956299971,13.910784,60.437
32.84998770600032,13.910784,60.343
32.86316575300043,13.910784,60.125
32.87639017000038,13.910784,60.718
32.88982490200033,13.910784,60.187
32.902935553000134,13.95008,60.5
32.91505459700056,13.95008,60.125
32.92726308500005,13.95008,60.468
32.93945387700023,13.910784,60.125
32.9516365720001,13.910784,60.281
32.963704763999885,13.871488,60.718
32.97566674300015,13.871488,60.25
32.987625296999795,13.832192,60.5
32.99957460299993,13.832192,60.281
33.01150835699991,13.832192,60.375
33.02350313700026,13.832192,60.312
33.03551647899985,13.832192,60.656
33.047480441000516,13.832192,60.25
33.05944376400021,13.871488,60.437
33.071405231000426,13.871488,60.156
33.08333399200001,13.910784,60.375
33.09530326700042,13.910784,60.062
33.107263613000214,13.95008,60.312
33.11923269700037,13.95008,60.593
33.13120872400032,13.910784,60.218
33.14319505599997,13.910784,60.375
33.15726992100008,13.871488,60.375
33.1698168920002,13.871488,60.062
33.18322887100021,13.871488,60.25
33.19650989999991,13.910784,60.593
33.208584556999995,13.910784,60.468
33.22068353499981,13.910784,60.156
33.23272750199976,13.910784,60.437
33.24482062400057,13.871488,60.156
33.25685223900018,13.871488,60.312
33.27039488199989,13.871488,60.75
33.28244608099976,13.832192,60.281
33.29439458700017,13.832192,60.593
33.306360982000115,13.832192,60.281
33.318334352999955,13.832192,60.406
33.330289196000194,13.832192,60.156
33.342289801000334,13.832192,60.437
33.35425328299971,13.832192,60.656
33.36623631900056,13.832192,60.281
33.378224506999686,13.871488,60.156
33.39037427299991,13.910784,60.406
33.40233685900057,13.910784,60.093
33.414320087000306,13.95008,60.25
33.42632085200057,13.95008,60.593
33.43830299199999,13.910784,60.25
33.450332878000154,13.910784,60.406
33.463613715000065,13.871488,60.218
33.476812529999734,13.910784,60.187
33.49028294500022,13.910784,60.375
33.50342857299984,13.910784,60.656
33.51571098400018,13.910784,60.187
33.52776704799999,13.910784,60.468
33.539910315999805,13.910784,60.375
33.551944681999885,13.871488,60.062
33.564099567000085,13.871488,60.437
33.57596016299976,13.871488,60.812
33.58792230099971,13.832192,60.25
33.59990892099995,13.832192,60.437
33.6119161810002,13.832192,60.218
33.623870383000394,13.832192,60.406
33.635786757999995,13.832192,60.218
33.647757601000194,13.832192,60.312
33.65972201099976,13.832192,60.625
33.671650131000206,13.871488,60.25
33.68361655700028,13.871488,60.468
33.69566829999985,13.910784,60.0
33.7076395590002,13.910784,60.343
33.71970669500024,13.95008,60.093
33.73210136899979,13.910784,60.437
33.74440960599986,13.910784,60.531
33.75734619800005,13.871488,60.437
33.770557206000376,13.871488,60.187
33.78289987700009,13.871488,60.343
33.795894073000454,13.910784,60.25
33.809069366000585,13.910784,60.031
33.821187608999935,13.910784,60.218
33.83330652400036,13.910784,60.437
33.84548589000042,13.910784,60.156
33.85782616100005,13.871488,60.437
33.872053257000516,13.871488,60.437
33.883997762000035,13.832192,60.156
33.89596319700013,13.832192,60.25
33.907895156999984,13.832192,60.531
33.91985006300001,13.832192,60.25
33.9317938639997,13.792896,60.437
33.94371001499985,13.832192,60.156
33.95571910000035,13.832192,60.343
33.96768264599996,13.832192,60.718
33.97970523500044,13.832192,60.25
33.991681069999686,13.871488,60.468
34.00366109700008,13.910784,60.156
34.01562137900055,13.910784,60.375
34.02772598899992,13.95008,60.125
34.03967907100014,13.871488,60.343
34.0516531129997,13.910784,60.156
34.06555910299994,13.871488,60.5
34.07851857700007,13.871488,60.125
34.091844727000534,13.910784,60.187
34.10523337599989,13.910784,60.343
34.11692138699982,13.95008,60.093
34.12906171099985,13.95008,60.218
34.141215827999986,13.910784,60.593
34.15330984499997,13.910784,60.218
34.16563853200023,13.910784,60.437
34.17770419600038,13.871488,60.125
34.18978054800027,13.871488,60.437
34.20174575800047,13.832192,60.718
34.21385497600022,13.832192,60.5
34.22583218700038,13.832192,60.218
34.237789333000364,13.832192,60.468
34.24975675099995,13.832192,60.125
34.2618176470005,13.832192,60.25
34.273737479000374,13.871488,60.093
34.28568332800023,13.871488,60.218
34.29767567500039,13.910784,60.468
34.309654486,13.910784,60.281
34.32165208200058,13.95008,60.281
34.33364190199973,13.95008,60.218
34.34566612399976,13.910784,60.25
34.35767175199999,13.910784,60.531
34.37135305799984,13.910784,60.5
34.3843895279997,13.910784,60.093
34.397598071000175,13.910784,60.406
34.41073112200047,13.95008,60.343
34.42286274199978,13.95008,60.093
34.435006169999724,13.95008,60.187
34.44710354700055,13.910784,60.562
34.45917007499975,13.910784,60.218
34.47350364100021,13.871488,60.531
34.485490132999985,13.871488,60.187
34.49750468900038,13.832192,60.406
34.50947732300028,13.832192,60.312
34.5214399080005,13.832192,60.625
34.533426398999836,13.832192,60.156
34.545440155000506,13.832192,60.468
34.55740654900001,13.832192,60.156
34.56940958500036,13.871488,60.437
34.58136052100053,13.871488,60.062
34.59337639000023,13.910784,60.218
34.60547952700017,13.910784,60.531
34.617461793000075,13.95008,60.093
34.629406074000144,13.95008,60.437
34.64138770000045,13.910784,60.125
34.65337361500042,13.910784,60.218
34.6673451759998,13.910784,60.218
34.68056181500015,13.910784,60.562
34.69377656600045,13.910784,60.406
34.706916689000536,13.910784,60.125
34.719468971000424,13.95008,60.375
34.73191331199996,13.95008,60.031
34.744119173999934,13.910784,60.25
34.75658300400028,13.910784,60.625
34.76880275500025,13.910784,60.187
34.78086621000057,13.871488,60.437
34.792878911000116,13.871488,60.218
34.80487586599975,13.871488,60.375
34.8168732690001,13.832192,60.375
34.82886891199996,13.832192,60.593
34.84098843500033,13.832192,60.25
34.85300523099977,13.871488,60.406
34.86501677900014,13.871488,60.0
34.87702746300056,13.871488,60.437
34.88900755400027,13.910784,60.031
34.90101110100022,13.910784,60.312
34.913044635000006,13.95008,60.468
34.92503887000021,13.95008,60.187
34.93705019400022,13.95008,60.468
34.949050156999874,13.910784,60.062
34.96219325600032,13.871488,60.156
34.9756008180002,13.871488,60.25
34.98882373000015,13.871488,60.5
35.00202148800054,13.910784,60.437
35.01535672600039,13.910784,60.156
35.02744875799999,13.910784,60.406
35.03969657500056,13.910784,60.093
35.05178899200018,13.871488,60.25
35.06386470400048,13.871488,60.281
35.07819513300001,13.871488,60.437
35.090211544999875,13.832192,60.218
35.10221557299974,13.832192,60.375
35.11418363099983,13.832192,60.125
35.126157161000265,13.832192,60.25
35.13812496199989,13.792896,60.625
35.150125502000265,13.832192,60.25
35.162129561000256,13.832192,60.437
35.17412344500008,13.832192,60.093
35.18611236700053,13.871488,60.375
35.19808932199976,13.871488,60.031
35.21004784300021,13.910784,60.25
35.22203244499997,13.95008,60.468
35.23395041999993,13.95008,60.312
35.24592302200017,13.910784,60.406
35.257890920000136,13.910784,60.343
35.27116279399979,13.910784,60.0
35.28356290800002,13.910784,60.25
35.2968740160004,13.95008,60.125
35.310210822000045,13.95008,60.468
35.322637145000044,13.95008,60.187
35.334733914000026,13.95008,60.406
35.34683554700041,13.95008,60.125
35.35900028800006,13.910784,60.312
35.37132942199969,13.910784,60.593
35.38343275100033,13.871488,60.281
35.39541044100042,13.871488,60.5
35.40738781100026,13.871488,60.093
35.41942009700051,13.832192,60.437
35.431472350999684,13.832192,60.156
35.44347385099991,13.871488,60.312
35.45544485299979,13.871488,60.625
35.467469009000524,13.871488,60.437
35.47943412299992,13.910784,60.218
35.49146695200034,13.910784,60.343
35.50345901000037,13.95008,60.093
35.515416891000314,13.95008,60.25
35.527387316000386,13.989376,60.656
35.53949736499999,13.95008,60.25
35.55150513599983,13.910784,60.375
35.56461735300036,13.910784,60.343
35.57799156800047,13.910784,60.031
35.591333109000516,13.910784,60.25
35.60492381600034,13.95008,60.25
35.618193674000395,13.95008,60.5
35.630318987000464,13.95008,60.218
35.64244836499984,13.95008,60.375
35.654598993000036,13.910784,60.093
35.666695089000314,13.910784,60.187
35.68051105599989,13.910784,60.281
35.69252436399984,13.871488,60.437
35.70450678999987,13.871488,60.187
35.716438428999936,13.871488,60.375
35.728380180000386,13.832192,60.125
35.740438769999855,13.871488,60.375
35.752384745999734,13.871488,60.687
35.764329378000184,13.871488,60.187
35.77629327500017,13.871488,60.468
35.78870122799981,13.910784,60.031
35.8007247759997,13.95008,60.375
35.81285700300032,13.95008,59.968
35.824849188999906,13.989376,60.218
35.83683347100032,13.989376,60.718
35.84883541799991,13.95008,60.218
35.86096201200053,13.910784,60.187
35.874078484000165,13.910784,60.406
35.88729621099992,13.95008,60.062
35.90049025600001,13.95008,60.125
35.913639946999865,13.95008,60.25
35.925945111000146,13.95008,60.437
35.938096730000325,13.95008,60.125
35.950170105000325,13.95008,60.406
35.96223403900058,13.910784,60.156
35.974433788999704,13.910784,60.406
35.98640686999988,13.871488,60.656
35.99837963200025,13.871488,60.25
36.01038218600024,13.871488,60.468
36.02236093200008,13.871488,60.062
36.034357247000116,13.832192,60.406
36.04642070099999,13.832192,60.125
36.05835845199999,13.871488,60.343
36.07033409399992,13.871488,60.187
36.08257330200013,13.871488,60.531
36.09466859799977,13.910784,60.125
36.106650384000204,13.910784,60.312
36.11859908000042,13.95008,60.031
36.13058557000022,13.989376,60.25
36.14277168700028,13.95008,60.593
36.15477411400025,13.910784,60.156
36.168794829000035,13.910784,60.375
36.180660351999904,13.910784,60.375
36.19301579100011,13.910784,60.062
36.20615274500051,13.95008,60.281
36.21912114600036,13.95008,60.593
36.23116379900057,13.95008,60.218
36.24319080300029,13.95008,60.468
36.25531874100034,13.95008,60.156
36.26735387400004,13.910784,60.093
36.2816502200003,13.910784,60.281
36.29369146499994,13.871488,60.156
36.30569715599995,13.871488,60.281
36.31769267100026,13.871488,60.562
36.329777406000176,13.871488,60.093
36.341749015999994,13.871488,60.437
36.35370839999996,13.871488,60.125
36.36569271400003,13.871488,60.218
36.37770874200032,13.910784,60.562
36.38984896800048,13.910784,60.437
36.40190999100014,13.95008,60.156
36.41389132800032,13.95008,60.343
36.42589849199976,13.989376,60.031
36.437898134000534,14.028672,60.406
36.44988721699974,13.95008,60.625
36.4619988659997,13.95008,60.156
36.475319158000275,13.95008,60.156
36.48869487699994,13.95008,60.375
36.50191599499976,13.95008,60.125
36.51502389000052,13.95008,60.281
36.52734547,13.989376,60.218
36.53950790500039,13.989376,60.5
36.55165632399985,13.95008,60.187
36.56373904300017,13.95008,60.437
36.576119026000015,13.95008,60.187
36.58828731700032,13.910784,60.406
36.60029704000044,13.910784,60.156
36.612423153000236,13.871488,60.218
36.62435619900043,13.871488,60.562
36.63628070100003,13.871488,60.187
36.64825285400002,13.871488,60.406
36.66024094400018,13.871488,60.062
36.67220503200042,13.910784,60.281
36.68418508900049,13.910784,60.593
36.69615644100031,13.910784,60.25
36.70811588900051,13.95008,60.468
36.72009386599984,13.95008,60.218
36.7320145599997,13.989376,60.343
36.743956055000126,13.989376,60.312
36.75627616299971,13.95008,59.937
36.76956173200051,13.910784,60.187
36.782793346999824,13.910784,60.468
36.795893753999735,13.910784,60.343
36.80988013000024,13.95008,60.093
36.82237298400014,13.989376,60.312
36.834777320000285,13.989376,60.218
36.84732697700019,13.95008,60.468
36.85981819800054,13.95008,60.156
36.872022268000364,13.910784,60.437
36.885106098000506,13.910784,60.156
36.897161327000504,13.910784,60.375
36.90914522500043,13.871488,60.125
36.92118573300013,13.871488,60.25
36.93265821000023,13.871488,60.625
36.94493050700021,13.871488,60.5
36.95723080600055,13.871488,60.156
36.969472892999875,13.910784,60.375
36.98185044500042,13.910784,60.156
36.994194265999795,13.910784,60.218
37.006411712000045,13.95008,60.5
37.018628261999766,13.95008,60.187
37.03087649400004,13.989376,60.437
37.04313349400036,13.989376,60.218
37.055382909999935,13.95008,60.25
37.067632422000315,13.95008,60.218
37.08026525200057,13.95008,60.531
37.093106604999775,13.95008,60.125
37.105609475000165,13.989376,60.375
37.11893901500025,13.989376,60.375
37.13110042600056,13.989376,60.062
37.143323056000554,13.989376,60.375
37.15552510900034,13.989376,60.531
37.16768095200041,13.95008,60.218
37.18183713000053,13.910784,60.5
37.1938436850005,13.910784,60.437
37.20583734200045,13.871488,59.968
37.217829688000165,13.871488,60.281
37.22988226100006,13.871488,60.625
37.241889456000536,13.871488,60.25
37.25388938600008,13.871488,60.5
37.26586000200041,13.871488,60.218
37.27785455600042,13.910784,60.343
37.28998777400011,13.910784,60.062
37.301942420999694,13.95008,60.218
37.31389857300019,13.95008,60.5
37.32584931600013,13.989376,60.156
37.337821821000034,13.989376,60.406
37.34981707899988,13.95008,60.187
37.36175335799999,13.95008,60.187
37.37383898799999,13.95008,60.218
37.387258581000424,13.910784,60.531
37.400619163000556,13.95008,60.093
37.41391596500034,13.989376,60.187
37.427348199000335,13.95008,60.343
37.43947255200055,13.95008,60.031
37.45156512700032,13.95008,60.25
37.463582913999744,13.95008,60.562
37.47561059000054,13.910784,60.218
37.48928200499995,13.871488,60.468
37.50127863800026,13.871488,60.437
37.51327879099972,13.871488,60.031
37.525299842000095,13.871488,60.375
37.53669068199997,13.871488,60.625
37.54870114000005,13.871488,60.25
37.5606578349998,13.871488,60.468
37.572622337999746,13.871488,60.187
37.58458610599973,13.910784,60.343
37.59653992099993,13.910784,60.031
37.608493896000255,13.95008,60.25
37.620440317999964,13.95008,60.593
37.63237880399993,13.989376,60.156
37.64434058700044,13.989376,60.468
37.65629366600024,13.95008,60.093
37.66831257300055,13.910784,60.281
37.680574564999915,13.95008,60.031
37.694081233999896,13.95008,60.593
37.70741061300032,13.95008,60.156
37.72066853199976,13.95008,60.437
37.73283743100001,13.95008,60.125
37.74489765199996,13.95008,60.343
37.757110425000064,13.95008,60.187
37.76921199200024,13.910784,60.562
37.78129675800028,13.910784,60.281
37.793325458000254,13.871488,60.531
37.80527933600024,13.871488,60.156
37.81727827400027,13.871488,60.343
37.82926168999984,13.871488,60.093
37.84167681100007,13.871488,60.312
37.853709957999854,13.871488,60.562
37.86567625400039,13.871488,60.281
37.877665238999725,13.871488,60.406
37.889707025999996,13.910784,60.125
37.90168081000047,13.910784,60.312
37.91365200200016,13.95008,60.062
37.925653883999985,13.95008,60.187
37.937671253999724,13.989376,60.531
37.94966436699997,13.910784,60.187
37.96167405699998,13.95008,60.031
37.975308766000126,13.910784,60.343
37.98859430199991,13.871488,60.281
38.00198314099998,13.910784,60.625
38.014392693000445,13.910784,60.218
38.027708534999874,13.95008,60.437
38.03986136900039,13.95008,60.031
38.05189826100013,13.95008,60.437
38.06399944399982,13.910784,60.062
38.0761265809997,13.871488,60.0
38.08963853000023,13.871488,60.25
38.10165970900016,13.832192,60.5
38.11367215100017,13.832192,60.125
38.125662928000565,13.832192,60.406
38.13765805700041,13.832192,60.156
38.14968586000032,13.832192,60.343
38.16165529200043,13.832192,60.625
38.1736228030004,13.871488,60.156
38.18562007699984,13.871488,60.468
38.19760134900025,13.871488,60.093
38.20976087100007,13.910784,60.312
38.2217410559997,13.95008,60.187
38.233694839000236,13.95008,60.218
38.24568142299995,13.95008,60.656
38.25771415500003,13.910784,60.406
38.269681666,13.910784,60.062
38.28294864200052,13.910784,60.343
38.296420620999925,13.910784,60.343
38.30981003600027,13.910784,59.937
38.32310494900048,13.95008,60.187
38.33525467900017,13.95008,60.468
38.347369175000495,13.95008,60.187
38.3595117040004,13.910784,60.343
38.37162943200019,13.910784,60.156
38.38370955800019,13.910784,60.281
38.39570977499989,13.871488,60.625
38.407664070000465,13.871488,60.562
38.4196275180002,13.871488,60.187
38.431576404000225,13.832192,60.375
38.443598734999796,13.832192,60.187
38.45560413699968,13.832192,60.312
38.46755388800011,13.832192,60.625
38.479531736000354,13.871488,60.218
38.49161557299976,13.871488,60.5
38.503591821000555,13.910784,60.093
38.51556243600044,13.910784,60.343
38.52755932499986,13.95008,60.125
38.5401698149999,13.989376,60.218
38.552514627000164,13.95008,60.625
38.56486151900026,13.95008,60.406
38.57764645200041,13.95008,60.093
38.59131056899969,13.910784,60.312
38.6046213540003,13.95008,60.343
38.61790925800051,13.95008,60.062
38.63104781000038,13.989376,60.281
38.64314595199994,13.95008,60.468
38.65527836799993,13.95008,60.125
38.667441090000466,13.95008,60.406
38.67959357200016,13.910784,60.437
38.69248587000038,13.910784,60.062
38.704412865999984,13.871488,60.281
38.71634796000035,13.871488,60.5
38.728282093000416,13.871488,60.187
38.74036144999991,13.871488,60.468
38.75231942499977,13.871488,60.062
38.76425599000049,13.871488,60.343
38.77620253999976,13.871488,60.062
38.78819680400011,13.910784,60.218
38.80016741899999,13.910784,60.437
38.812133074000485,13.95008,60.125
38.82408535200011,13.95008,60.343
38.83601471700058,13.989376,60.062
38.848016949999874,13.989376,60.312
38.86040771700027,13.95008,60.531
38.8725225320004,13.910784,60.437
38.885884488000556,13.95008,60.218
38.899048225000115,13.95008,60.375
38.91231424000034,13.95008,60.25
38.92562806600017,13.95008,60.062
38.93771123100032,13.95008,60.156
38.94984076699984,13.95008,60.5
38.96190662000026,13.95008,60.156
38.97392994199981,13.910784,60.375
38.988199180000265,13.871488,60.406
39.00022102999992,13.871488,60.156
39.012210046999826,13.871488,60.312
39.02415598800053,13.871488,60.531
39.03614874899995,13.832192,60.187
39.04812733200015,13.832192,60.437
39.06006143400009,13.871488,60.062
39.07200500700037,13.871488,60.312
39.08394915700046,13.871488,60.0
39.09589548300028,13.871488,60.156
39.10783665600047,13.910784,60.437
39.11975674099995,13.910784,60.093
39.13170959499985,13.95008,60.375
39.14366299300036,13.989376,60.0
39.155619463999756,13.910784,60.281
39.16757996599972,13.910784,60.531
39.18006808199971,13.910784,60.531
39.193159686999934,13.910784,60.093
39.206189688999984,13.910784,60.375
39.21932744100013,13.95008,60.312
39.232363683000585,13.95008,60.031
39.244557511000494,13.95008,60.25
39.2566317159999,13.95008,60.531
39.26883565600019,13.910784,60.093
39.280875651000315,13.910784,60.406
39.29442168100013,13.871488,60.375
39.30640151300031,13.871488,60.093
39.31833574200027,13.871488,60.25
39.33031947800009,13.832192,60.468
39.34230356599983,13.832192,60.187
39.35429034200024,13.832192,60.406
39.36625586900027,13.871488,60.062
39.37821723599973,13.871488,60.25
39.39027329500004,13.871488,60.093
39.402271175999886,13.910784,60.218
39.414239646999704,13.910784,60.531
39.426199702000304,13.95008,60.187
39.4381573239998,13.95008,60.375
39.450336206999964,13.95008,60.125
39.46230579799976,13.910784,60.25
39.474343521000264,13.910784,59.937
39.48746188000041,13.910784,60.468
39.50065969800016,13.95008,60.156
39.51380615400012,13.95008,60.312
39.527252306000264,13.95008,60.343
39.53946059700047,13.95008,59.968
39.55154376199971,13.95008,60.281
39.56362014299975,13.95008,60.468
39.57570900399969,13.910784,60.218
39.587876749000316,13.910784,60.5
39.59985216400037,13.871488,60.093
39.611809082000036,13.871488,60.375
39.62379051300013,13.871488,60.125
39.635712997000155,13.832192,60.312
39.64766162599972,13.832192,60.531
39.65961604699987,13.871488,60.218
39.67158733399992,13.871488,60.437
39.68355541999972,13.871488,60.187
39.695520819000194,13.910784,60.343
39.70751697100059,13.910784,60.031
39.71950019399992,13.95008,60.156
39.73148770500029,13.95008,60.5
39.74345380700015,13.989376,60.125
39.755424934000075,13.95008,60.437
39.76745206400028,13.910784,60.156
39.78164388900041,13.871488,60.062
39.79475456700038,13.871488,60.468
39.808126795000135,13.910784,60.062
39.82119699000032,13.910784,60.406
39.83417143600036,13.910784,60.312
39.84630007499982,13.910784,60.093
39.85836099900007,13.910784,60.281
39.8704208019999,13.910784,60.562
39.8821548599999,13.871488,60.343
39.896486276999894,13.871488,60.5
39.90858038599981,13.871488,60.156
39.92066620700007,13.832192,60.343
39.932839136999974,13.832192,60.343
39.94489177200012,13.832192,60.593
39.95704255700002,13.832192,60.218
39.9690319880001,13.871488,60.468
39.98101588300051,13.871488,60.062
39.99304634100008,13.871488,60.343
40.0051066570004,13.910784,60.031
40.01727091399971,13.910784,60.312
40.029302140000254,13.95008,60.5
40.041412250000576,13.95008,60.25
40.05340513800002,13.95008,60.437
40.06540365799992,13.910784,60.125
40.07739715400021,13.910784,59.968
40.091223422999974,13.910784,60.187
40.10461949199998,13.910784,60.593
40.11804007499995,13.910784,60.468
40.13096814999972,13.95008,60.156
40.14308574900042,13.95008,60.312
40.15519560299981,13.95008,60.125
40.16729780900005,13.910784,60.406
40.17938772599973,13.910784,60.156
40.19433921000018,13.871488,60.531
40.2063950769998,13.871488,60.187
40.21837967600004,13.871488,60.406
40.23045154400006,13.871488,60.062
40.242453105000095,13.832192,60.343
40.254453096999896,13.832192,60.531
40.266447105000225,13.832192,60.156
40.27853202900042,13.871488,60.468
40.290639323000505,13.871488,60.156
40.30260561799969,13.871488,60.343
40.31460583399985,13.910784,59.968
40.326579712999774,13.95008,60.125
40.33854296699974,13.95008,60.531
40.35053099000015,13.989376,60.187
40.36250950900012,13.910784,60.437
40.374546238999756,13.910784,60.343
40.38771439199991,13.910784,60.093
40.40108754799985,13.910784,60.25
40.41416993599978,13.910784,60.156
40.427409581000575,13.95008,60.531
40.440056168999945,13.95008,60.125
40.45218045599995,13.95008,60.406
40.46424029100035,13.910784,60.156
40.476333985000565,13.910784,60.25
40.4883818190001,13.910784,60.656
40.500402484000006,13.871488,60.187
40.512484591999964,13.871488,60.218
40.52441850000014,13.871488,60.437
40.53637301700019,13.871488,60.156
40.54829671600055,13.832192,60.375
40.56042657099988,13.832192,60.031
40.57236950300012,13.871488,60.156
40.584298994000164,13.871488,60.468
40.596298282000134,13.871488,60.156
40.6082552630005,13.910784,60.375
40.62022408499979,13.910784,59.968
40.632168041000114,13.95008,60.218
40.64415548800025,13.989376,60.5
40.65611074099979,13.95008,60.25
40.66806570600056,13.910784,60.406
40.679999166000016,13.910784,59.968
40.69334960000015,13.910784,60.093
40.706600540999716,13.910784,60.25
40.71983208799975,13.95008,60.593
40.73308798900052,13.95008,60.468
40.74523694900017,13.95008,60.125
40.757323472999815,13.95008,60.406
40.76955170099973,13.95008,60.093
40.781830300000365,13.910784,60.062
40.79674523700032,13.871488,60.25
40.808704394000415,13.871488,60.5
40.820678719999705,13.871488,60.218
40.83265378200031,13.832192,60.375
40.844616074999976,13.832192,60.156
40.85658745700039,13.832192,60.312
40.86855999100044,13.871488,60.093
40.88050727600057,13.871488,60.218
40.89248502600003,13.871488,60.468
40.90419536900026,13.910784,60.187
40.91623645100026,13.95008,60.343
40.928219770000396,13.95008,60.062
40.94032389499989,13.989376,60.281
40.95228116399994,13.989376,60.656
40.96427587500057,13.95008,60.25
40.97626018600022,13.95008,60.406
40.98957970599986,13.95008,60.375
41.00274897899999,13.95008,60.093
41.01610370100025,13.95008,60.031
41.029419029000564,13.95008,60.187
41.04193152900007,13.989376,60.437
41.05397161900055,13.989376,60.156
41.06597941900054,13.95008,60.312
41.07819558200026,13.95008,60.093
41.090342334000525,13.910784,60.343
41.10234981299982,13.910784,60.062
41.114305834000334,13.871488,60.312
41.12628963299994,13.871488,60.468
41.13832223400004,13.871488,60.125
41.150284944000305,13.871488,60.406
41.16225267699974,13.871488,60.125
41.17421241100055,13.871488,60.25
41.18617025599997,13.871488,60.656
41.198139269999956,13.910784,60.531
41.210134748999735,13.910784,60.093
41.22210648300006,13.95008,60.281
41.23405027900026,13.95008,60.062
41.24602265300018,13.989376,60.218
41.25797989000057,13.95008,60.062
41.26992567100024,13.95008,60.125
41.28226257700044,13.910784,60.468
41.29551444499975,13.910784,60.156
41.30862204999994,13.95008,60.093
41.320638267000504,13.95008,60.343
41.3338593819999,13.989376,60.0
41.346054231999915,13.989376,60.25
41.35822018399995,13.95008,60.5
41.37039833000017,13.95008,60.125
41.382388209000055,13.910784,60.406
41.39672807399984,13.910784,60.343
41.40872342500006,13.871488,60.093
41.420660308999686,13.871488,60.281
41.43263831500008,13.871488,60.562
41.4445786870001,13.871488,60.156
41.45649406600023,13.871488,60.406
41.46839834000002,13.871488,60.093
41.480318839000574,13.871488,60.218
41.492285516000265,13.871488,60.125
41.50429049900049,13.910784,60.187
41.516258521000054,13.95008,60.437
41.52817917900029,13.95008,60.0
41.540253318000396,13.95008,60.312
41.552251324999816,13.989376,60.093
41.56418238400056,13.910784,60.281
41.576127170999825,13.95008,60.156
41.59007482200013,13.910784,60.437
41.602164994000304,13.910784,60.031
41.61518907299978,13.95008,60.406
41.62824358600028,13.95008,60.281
41.641688617,13.95008,60.062
41.65393332500025,13.95008,60.187
41.66606945100011,13.95008,60.468
41.678126949000216,13.910784,60.156
41.69152682500044,13.910784,60.125
41.70362906199989,13.871488,60.375
41.715599259000555,13.871488,60.062
41.72757960099989,13.871488,60.218
41.73955264600045,13.871488,60.531
41.75154124399978,13.832192,60.187
41.7635486600002,13.832192,60.437
41.77552445699985,13.871488,60.156
41.78748815800009,13.871488,60.312
41.79947771600018,13.871488,60.031
41.811458698000024,13.910784,60.187
41.82341708600052,13.910784,60.437
41.83536945800006,13.95008,60.093
41.847359817000324,13.95008,60.343
41.85933711800044,13.95008,60.125
41.87135471000056,13.910784,60.281
41.883361549000256,13.910784,60.25
41.89665866799987,13.910784,60.437
41.90857417400002,13.95008,60.187
41.921820026000205,13.95008,60.375
41.935141017000205,13.989376,60.281
41.94754013400052,13.95008,59.968
41.95979722700031,13.95008,60.281
41.97208619400044,13.95008,60.437
41.984178061999955,13.910784,60.468
41.99859319400002,13.910784,60.25
42.01057676799974,13.871488,60.375
42.02259692000007,13.871488,60.031
42.03464491300019,13.871488,60.343
42.04663364000044,13.871488,60.5
42.058593052000106,13.832192,60.25
42.07062568499987,13.871488,60.375
42.08260285800043,13.871488,60.031
42.09459654500006,13.871488,60.281
42.10656933399969,13.910784,60.125
42.11856014000023,13.910784,60.187
42.13057680400016,13.95008,60.437
42.142578650999894,13.95008,60.156
42.15454702399984,13.989376,60.343
42.166547495000486,13.910784,60.093
42.17857039899991,13.95008,59.937
42.193358927999725,13.910784,60.187
42.205451595999875,13.910784,60.468
42.21856963200025,13.95008,60.5
42.23170395800025,13.95008,60.031
42.24442194000039,13.95008,60.312
42.25654654600021,13.95008,60.031
42.26865313500002,13.95008,60.281
42.28071056899989,13.910784,60.562
42.293526796999686,13.910784,60.187
42.305638345999796,13.871488,60.437
42.31761839899991,13.871488,60.375
42.32960552500026,13.871488,60.093
42.341636398000446,13.871488,60.218
42.35363603699989,13.832192,60.625
42.36562719500034,13.832192,60.187
42.37765480300004,13.871488,60.437
42.38967393100029,13.871488,60.093
42.40166422600032,13.871488,60.312
42.41366754499995,13.910784,60.031
42.42565556699992,13.910784,60.156
42.43764490100057,13.95008,60.437
42.44965513199986,13.95008,60.093
42.46167742800026,13.95008,60.406
42.47371422099968,13.910784,60.031
42.485762567000165,13.910784,60.218
42.49906448500042,13.910784,60.187
42.512498474000495,13.910784,60.468
42.525743909000084,13.95008,60.343
42.538878586000465,13.95008,60.125
42.55105106500014,13.95008,60.343
42.563144243999886,13.95008,60.093
42.57531624400053,13.910784,60.218
42.58747118700012,13.910784,60.25
42.604966296000384,13.871488,60.468
42.61697454299974,13.832192,60.437
42.629071465999914,13.832192,60.093
42.64115523700002,13.832192,60.281
42.65320972600057,13.832192,59.968
42.665188627000134,13.832192,60.218
42.67714173500008,13.832192,60.437
42.689117275999706,13.832192,60.156
42.701374240000405,13.871488,60.375
42.71348706800018,13.871488,60.031
42.72549982700002,13.910784,60.187
42.73751796200031,13.95008,60.5
42.74948895899979,13.95008,60.125
42.76152018300036,13.95008,60.437
42.77348615499977,13.910784,60.062
42.78544118300033,13.910784,60.218
42.798795456000335,13.910784,60.281
42.81210252599976,13.910784,60.0
42.82521064100001,13.910784,60.437
42.838313572000516,13.95008,60.125
42.850457250000545,13.95008,60.343
42.862565022000126,13.95008,60.093
42.87463170400042,13.910784,60.281
42.88676664600007,13.910784,60.093
42.90100932000041,13.871488,60.468
42.91302163100045,13.871488,60.125
42.925018325000565,13.871488,60.375
42.93702529100028,13.871488,60.093
42.949507004000225,13.832192,60.25
42.96177628900023,13.832192,60.062
42.973797112000284,13.871488,60.218
42.98575617200004,13.871488,60.5
42.99769167900013,13.871488,60.093
43.00965013000041,13.871488,60.406
43.02162586299983,13.910784,60.125
43.0336006360003,13.95008,60.312
43.04558548900059,13.95008,60.093
43.05766436399972,13.989376,60.187
43.069675106999966,13.910784,60.5
43.08168380100051,13.95008,60.281
43.09523494899986,13.910784,60.031
43.108843283999704,13.910784,60.031
43.12224834400058,13.95008,60.187
43.13542743900052,13.95008,60.468
43.14786694099985,13.95008,60.062
43.16001109900026,13.95008,60.375
43.17204293099985,13.95008,60.125
43.18412558199998,13.910784,60.312
43.196338352000566,13.910784,60.25
43.208421930999975,13.871488,60.593
43.22035634900021,13.871488,60.187
43.232321585000136,13.871488,60.406
43.24427075699987,13.871488,60.093
43.256234233000214,13.832192,60.375
43.268216206000034,13.832192,60.156
43.28015596899968,13.871488,60.125
43.29214600599971,13.871488,60.468
43.304106250000586,13.871488,60.156
43.31606578999981,13.910784,60.312
43.328010768999775,13.910784,60.062
43.3401075970005,13.95008,60.281
43.35207494499991,13.95008,60.0
43.36408690400003,13.95008,60.281
43.37602378700012,13.910784,60.437
43.38833006599998,13.910784,60.0
43.401522154000304,13.910784,60.031
43.41480455100009,13.910784,60.281
43.428200297999865,13.910784,60.25
43.44133420700018,13.95008,60.468
43.45361315599985,13.95008,60.156
43.46570880000036,13.95008,60.406
43.477818780000234,13.910784,60.062
43.489864756000316,13.910784,60.031
43.50458374400023,13.871488,60.281
43.51656465999986,13.871488,60.562
43.52851834300054,13.871488,60.187
43.540619649999826,13.871488,60.437
43.552588917999856,13.832192,60.125
43.56455127299978,13.832192,60.312
43.57646783400014,13.832192,60.093
43.58844459000011,13.871488,60.218
43.600452227999995,13.871488,60.437
43.61242156000026,13.871488,60.125
43.62437789900014,13.910784,60.343
43.636336702000335,13.95008,60.062
43.64828484900045,13.95008,60.25
43.66032285700021,13.989376,59.968
43.67227132300013,13.910784,60.25
43.68423742300001,13.910784,60.125
43.697591535000356,13.910784,60.406
43.71104126800037,13.910784,60.062
43.724421334,13.910784,59.968
43.737514376000036,13.95008,60.218
43.74980820499968,13.95008,60.562
43.76195892299984,13.95008,60.125
43.77397398599987,13.910784,60.406
43.78612598299969,13.910784,60.093
43.79831151899998,13.871488,60.343
43.810007715999745,13.871488,60.156
43.82195608700022,13.871488,60.281
43.83388749599999,13.871488,60.656
43.845867580999766,13.871488,60.156
43.857871506000265,13.832192,60.406
43.86985789499977,13.832192,60.187
43.88181749799969,13.871488,60.343
43.893807790999745,13.871488,60.0
43.90580486900035,13.871488,60.5
43.91790726399995,13.910784,60.156
43.93005612599973,13.910784,60.375
43.942112341999746,13.95008,60.031
43.954093835000094,13.989376,60.187
43.966100288000234,13.95008,60.031
43.977654909000194,13.910784,60.125
43.99020433700025,13.910784,60.437
44.003489230000014,13.910784,60.343
44.01686667100057,13.910784,60.156
44.030075687000135,13.95008,60.218
44.04305326600024,13.95008,60.062
44.05521332900025,13.95008,60.156
44.06725104799989,13.95008,60.468
44.07935949200055,13.95008,60.406
44.09160419900036,13.910784,60.062
44.10635371599983,13.910784,60.375
44.118338057000074,13.871488,60.125
44.13051488800011,13.871488,60.187
44.142527134000375,13.871488,60.125
44.15452357100003,13.832192,60.437
44.16652816900023,13.832192,60.093
44.178515741999945,13.871488,60.343
44.190563510000175,13.871488,60.093
44.20261620600013,13.871488,60.25
44.214587682000456,13.910784,60.531
44.22670857400044,13.910784,60.125
44.23870021099992,13.95008,60.406
44.25067533600031,13.95008,59.968
44.262601753000126,13.989376,60.312
44.27457447699999,13.95008,59.968
44.28655315300057,13.910784,60.093
44.29983638199974,13.910784,60.156
44.31308095199984,13.910784,60.437
44.326361460000044,13.95008,60.125
44.33951773700028,13.95008,60.093
44.351648613999714,13.95008,60.218
44.36375472100008,13.95008,59.968
44.375768566999795,13.95008,60.156
44.387958583,13.910784,60.468
44.400013936000505,13.910784,60.125
44.4117149650001,13.871488,60.375
44.42371271400043,13.871488,60.156
44.435718720000295,13.871488,60.281
44.44771262900031,13.871488,60.625
44.45967172000019,13.871488,60.156
44.47166940599982,13.871488,60.375
44.48364116999983,13.871488,60.062
44.495603716000005,13.871488,60.25
44.50771267100026,13.910784,60.062
44.51967422600046,13.910784,60.218
44.53161411600013,13.95008,60.5
44.543791394000436,13.95008,60.125
44.55586079499972,13.989376,60.343
44.567814220999935,13.95008,60.125
44.57977503999973,13.910784,60.187
44.59235166800045,13.910784,60.312
44.60575717499978,13.910784,60.5
44.61917420100053,13.910784,60.375
44.6325177839999,13.95008,60.093
44.64551590800056,13.95008,60.343
44.65771545999996,13.95008,60.062
44.66977033200055,13.95008,60.281
44.68181355500019,13.910784,60.531
44.69389709999996,13.910784,60.437
44.70886614899973,13.871488,60.156
44.72118151500035,13.871488,60.343
44.73322413000005,13.832192,60.0
44.74532050800008,13.832192,60.375
44.75728055899981,13.832192,60.187
44.76942026699999,13.832192,60.468
44.78152781400058,13.871488,60.125
44.79353871600051,13.871488,60.375
44.805512015000204,13.871488,60.062
44.81746006499998,13.910784,60.218
44.82943803699982,13.910784,59.937
44.84153511900058,13.95008,60.156
44.85349238500021,13.95008,60.437
44.86565900700043,13.989376,60.093
44.87768136500017,13.910784,60.218
44.88975390199994,13.910784,59.937
44.90297843799999,13.910784,60.031
44.9162922280002,13.910784,60.156
44.92962307400012,13.910784,60.406
44.94274773300003,13.95008,60.312
44.954903922000085,13.95008,60.031
44.96700820499973,13.95008,60.187
44.97925835099977,13.910784,60.031
44.99160187899997,13.910784,60.25
45.004213453000375,13.910784,60.5
45.01640257300005,13.871488,60.125
45.02839235300053,13.871488,60.406
45.04042136699991,13.871488,60.031
45.05233421499997,13.832192,60.25
45.064292633999685,13.832192,60.062
45.076242443999945,13.871488,60.218
45.088182206000056,13.871488,60.437
45.10013988799983,13.871488,60.343
45.11209078600041,13.871488,60.343
45.12402501100041,13.910784,60.156
45.13595270800033,13.910784,59.968
45.14806115100055,13.95008,60.156
45.160012049000215,13.989376,60.437
45.17196147499999,13.95008,60.125
45.18386888300029,13.910784,60.218
45.19781813100053,13.871488,60.187
45.21122898199974,13.871488,59.937
45.22334504100036,13.910784,60.187
45.23653850400024,13.910784,60.437
45.249870501999794,13.95008,60.406
45.261958910999965,13.95008,60.062
45.274087227000564,13.910784,60.281
45.286122737999904,13.910784,60.062
45.29820189900056,13.871488,60.156
45.3119433920001,13.871488,60.5
45.32390078699973,13.871488,60.093
45.335828739000135,13.871488,60.343
45.34777230899999,13.832192,60.093
45.3596822770005,13.832192,60.25
45.37162997500036,13.832192,60.062
45.38357629700022,13.832192,60.218
45.39553205900029,13.871488,60.5
45.407492686000296,13.871488,60.062
45.41945142500026,13.871488,60.437
45.43141877200014,13.910784,60.281
45.44341863200043,13.910784,59.968
45.45540994900057,13.95008,60.156
45.467364687000554,13.989376,60.437
45.47937197200008,13.910784,60.125
45.49251762400036,13.871488,60.125
