t_s,power_w,temp_c
0.00032240899963653646,15.001344,61.875
0.017849073999968823,14.923008,61.75
0.03169931800039194,14.88384,61.343
0.04517230199962796,14.844672000000001,61.437
0.05883924400040996,14.790464,61.406
0.07159774499996274,14.751232,61.875
0.0838249979997272,14.751232,61.406
0.09595986499971332,14.790464,61.781
0.10820135900030436,14.868928,61.437
0.120485190999716,14.88384,61.718
0.13338459100032196,14.923008,61.718
0.14695866700003535,14.923008,61.5
0.15897343400047248,14.962176,61.625
0.1710080430002563,14.962176,62.031
0.1833352029998423,14.962176,61.625
0.19537185999979556,14.962176,61.812
0.2073758110000199,14.962176,61.531
0.21940568300033192,14.962176,61.718
0.23158804000013333,14.923008,62.125
0.2435886949997439,14.923008,62.031
0.25561370299965347,14.962176,61.593
0.26763909500004956,15.001344,61.906
0.27966666300017096,15.001344,61.593
0.29173116000038135,15.040512000000001,61.812
0.3037613209999108,15.040512000000001,62.093
0.3157355430003008,15.07968,61.687
0.3277356549997421,15.118848,61.968
0.33973176600011357,15.158016,61.656
0.35175680599968473,15.197184,61.781
0.36397045900048397,15.197184,61.656
0.3760770369999591,15.158016,61.812
0.3881490550002127,15.236352,61.968
0.40029995399982,15.236352,61.625
0.41239933199994994,15.236352,61.906
0.424509207000483,15.27552,61.562
0.43666490699979477,15.27552,61.468
0.4486953550003818,15.314688,61.718
0.46075399599976663,15.314688,62.093
0.47277586800009885,15.236352,61.593
0.4848514690002048,15.197184,62.031
0.4968773090004106,15.158016,61.468
0.5093840589997853,15.118848,61.843
0.5227122070000405,15.118848,61.625
0.5359525129997564,15.158016,62.062
0.5488777379996463,15.197184,61.562
0.5617698429996381,15.236352,61.937
0.5740269850002733,15.27552,61.562
0.586313343999791,15.27552,61.5
0.598471571999653,15.314688,61.75
0.6124571150003248,15.314688,61.5
0.6240375990000757,15.27552,61.656
0.6353510990002178,15.27552,62.031
0.6474821259998862,15.27552,61.687
0.6597021150000728,15.27552,61.906
0.67186869499983,15.27552,61.593
0.6839077840004393,15.236352,61.812
0.6959349360004126,15.236352,62.156
0.7079420230002142,15.197184,61.593
0.7200296569999409,15.197184,61.906
0.732119498999964,15.236352,61.937
0.744103609999911,15.236352,61.562
0.7561011930001769,15.236352,61.781
0.7680948079996597,15.27552,62.187
0.7800790150004104,15.27552,61.718
0.7921092070000668,15.314688,62.031
0.8041240709999329,15.314688,61.593
0.8161280860003899,15.353856,61.875
0.8280980210001871,15.353856,61.531
0.8400927559996489,15.353856,61.875
0.8520942750001268,15.353856,62.125
0.8641319560001648,15.393023999999999,61.625
0.876237989999936,15.393023999999999,62.093
0.8882632539998667,15.393023999999999,61.531
0.9002857340001356,15.432191999999999,61.843
0.9123041180000655,15.432191999999999,61.5
0.9242943409999498,15.47136,61.687
0.9362883399999191,15.47136,62.0
0.9482712990002256,15.353856,61.625
0.9602672500004701,15.353856,62.031
0.9722775379996165,15.314688,61.593
0.9861987590002173,15.236352,61.531
0.9994319930001438,15.27552,61.937
1.0128398549995836,15.27552,61.593
1.0259824949998801,15.314688,61.937
1.0391617750001387,15.314688,61.562
1.051215487999798,15.393023999999999,61.843
1.0633603710002717,15.393023999999999,61.656
1.075480325999706,15.432191999999999,61.468
1.0871970690004673,15.432191999999999,61.687
1.1002668419996553,15.47136,62.031
1.1123862530002953,15.47136,61.75
1.1245566409997991,15.47136,62.0
1.1365556640002978,15.432191999999999,61.625
1.1485852490004618,15.393023999999999,61.781
1.1606375210003534,15.393023999999999,62.062
1.1726457929999015,15.393023999999999,61.781
1.1847194419997322,15.353856,62.062
1.1967731869999625,15.353856,61.625
1.2090968920001615,15.353856,61.875
1.221122603999902,15.314688,61.812
1.2334427240002697,15.27552,62.156
1.245485108000139,15.314688,61.75
1.2575183729995842,15.314688,62.031
1.2695557650004048,15.314688,61.75
1.2818868619997374,15.353856,61.843
1.2939261100000294,15.393023999999999,61.625
1.3060973620004006,15.432191999999999,61.781
1.3180713609999657,15.393023999999999,62.187
1.3302094279997618,15.393023999999999,61.781
1.3422648050000134,15.432191999999999,61.937
1.3544758979996914,15.432191999999999,61.687
1.3665499629996702,15.432191999999999,61.781
1.3786328610003693,15.47136,61.812
1.3906941260001986,15.47136,62.062
1.402714525999727,15.47136,61.718
1.4147651670000414,15.47136,61.968
1.426817215000483,15.393023999999999,61.531
1.4388364309997996,15.353856,61.875
1.4508679669997946,15.353856,61.406
1.4645449580002605,15.27552,61.781
1.4771448620003866,15.314688,61.593
1.4904357289997279,15.314688,61.906
1.5040829580002537,15.353856,61.812
1.5171795480000583,15.393023999999999,61.562
1.5294521149999127,15.432191999999999,61.687
1.5416023110001333,15.432191999999999,61.562
1.5539151670000138,15.47136,61.75
1.5676673910002137,15.47136,62.062
1.5797571049997714,15.47136,61.968
1.5917679370004407,15.47136,61.75
1.603791407999779,15.47136,61.875
1.6157582389996605,15.432191999999999,61.5
1.6277477260000524,15.393023999999999,61.781
1.6397728299998562,15.393023999999999,62.031
1.6517715010004395,15.353856,61.656
1.6637501080003858,15.353856,61.875
1.6757380910003121,15.353856,61.625
1.6877323460003026,15.353856,61.875
1.6997850030002155,15.393023999999999,61.562
1.7117855619999318,15.393023999999999,61.843
1.7239619020001555,15.393023999999999,62.031
1.7361194579998482,15.393023999999999,61.718
1.7481177769996066,15.432191999999999,61.937
1.760119233000296,15.47136,61.718
1.7721009110000523,15.47136,61.812
1.7841065270004037,15.47136,62.25
1.7961103500001627,15.47136,61.781
1.8081181099996684,15.47136,62.062
1.820126829000401,15.510528,61.687
1.831641583000419,15.432191999999999,61.843
1.8438304999999673,15.432191999999999,61.718
1.8558462600003622,15.432191999999999,62.125
1.8678770599999552,15.432191999999999,61.656
1.8799242120003328,15.47136,61.937
1.8919328359997962,15.47136,61.718
1.9039104189996578,15.393023999999999,61.843
1.9158929610002815,15.353856,61.593
1.9279016809996392,15.353856,61.656
1.9406321810001828,15.314688,62.062
1.9539751450001859,15.314688,61.937
1.9665385690004769,15.353856,61.625
1.9786388749998878,15.353856,61.812
1.991987280000103,15.393023999999999,61.562
2.004146498999944,15.432191999999999,61.812
2.016243637000116,15.47136,62.062
2.02835443999993,15.47136,61.656
2.0404982350000864,15.47136,61.687
2.0547142799996436,15.510528,61.937
2.0668639320001603,15.510528,61.656
2.078933228999631,15.510528,61.875
2.0909995179999896,15.47136,62.218
2.1032155720004084,15.47136,62.031
2.1166370669998287,15.47136,61.75
2.1292817399998967,15.393023999999999,62.0
2.1417643610002415,15.393023999999999,61.687
2.1542880070001047,15.432191999999999,61.875
2.1666764490000787,15.432191999999999,61.718
2.1789850169998317,15.432191999999999,62.156
2.1912496470004044,15.432191999999999,61.781
2.203498822000256,15.432191999999999,61.937
2.2157657890002156,15.47136,61.625
2.228017139000258,15.510528,61.906
2.2402809060004074,15.510528,61.656
2.252554976000283,15.549695999999999,61.812
2.264838424000118,15.510528,62.125
2.277168528000402,15.510528,62.0
2.2894271430004665,15.549695999999999,61.687
2.3016600290002316,15.549695999999999,61.875
2.313943348000066,15.549695999999999,61.468
2.3262170990001323,15.588864,61.843
2.338552195000375,15.588864,62.0
2.3508843159997923,15.588864,61.625
2.363137297999856,15.588864,61.906
2.375387400999898,15.510528,61.812
2.387671104000219,15.47136,61.593
2.3999294300001566,15.47136,61.625
2.41379704999963,15.393023999999999,61.593
2.428183947999969,15.314688,61.843
2.4421699069998795,15.314688,61.781
2.4560270620004303,15.353856,61.468
2.4692275910001626,15.393023999999999,61.781
2.482109262999984,15.432191999999999,61.718
2.49512911399961,15.47136,62.0
2.5079857620003168,15.510528,61.906
2.5231730340001377,15.510528,61.656
2.5361028990000705,15.549695999999999,61.937
2.5485407510004734,15.549695999999999,61.656
2.5609165530004248,15.510528,62.187
2.5733286430004227,15.510528,61.75
2.585953284000425,15.47136,62.0
2.5982996450002247,15.47136,61.625
2.610759352999594,15.393023999999999,61.875
2.623138130999905,15.432191999999999,61.593
2.6355258370003867,15.432191999999999,62.093
2.647811716000433,15.432191999999999,61.718
2.6601469090001046,15.432191999999999,62.031
2.6725013659997785,15.47136,61.75
2.684850990999621,15.432191999999999,61.937
2.6971937999996953,15.47136,61.625
2.7095211209998524,15.510528,61.875
2.721850328999608,15.510528,62.125
2.734202994000043,15.549695999999999,62.156
2.7465619960003096,15.510528,61.718
2.7588720679996186,15.510528,61.875
2.7711660109998775,15.549695999999999,61.562
2.78346702700037,15.549695999999999,61.812
2.7957851950004624,15.549695999999999,62.093
2.8082632400000875,15.588864,61.75
2.82061468899974,15.588864,61.968
2.8330038989997774,15.588864,61.906
2.8453006259996982,15.549695999999999,61.593
2.8578928500000984,15.510528,61.812
2.870177449000039,15.47136,62.093
2.8831077630002255,15.393023999999999,62.0
2.8972999349998645,15.432191999999999,61.562
2.9118592539998644,15.432191999999999,61.531
2.9263803000003463,15.47136,61.531
2.940964291000455,15.510528,61.75
2.953621253000165,15.549695999999999,62.093
2.966290182999728,15.549695999999999,61.937
2.978949321000073,15.588864,61.656
2.9918913459996475,15.588864,61.906
3.0052262150002207,15.628032,61.718
3.0176553940000304,15.628032,62.156
3.03042205499969,15.510528,61.781
3.0427207980001185,15.510528,62.031
3.055074808000427,15.47136,61.656
3.067425168999762,15.47136,61.906
3.0797415130000445,15.432191999999999,61.656
3.0921247389997006,15.432191999999999,61.875
3.1044951960002436,15.432191999999999,62.125
3.116945783999654,15.432191999999999,62.093
3.1293481789998623,15.47136,61.718
3.1425701799998933,15.47136,61.968
3.1550371849998555,15.47136,61.687
3.1675006049999865,15.510528,61.875
3.179906903000301,15.510528,61.812
3.1923281150002367,15.549695999999999,62.093
3.204735084999811,15.549695999999999,61.687
3.217146760000105,15.510528,61.968
3.2295791070000632,15.510528,61.781
3.2420195510003396,15.549695999999999,61.843
3.2544001850001223,15.549695999999999,61.843
3.266804050999781,15.549695999999999,62.062
3.2791645890001746,15.588864,61.75
3.291528102000484,15.588864,61.875
3.3040373160001764,15.628032,61.625
3.31642163000015,15.588864,61.843
3.328769943000225,15.510528,61.5
3.3411883059998218,15.47136,62.062
3.3535541549999834,15.47136,61.625
3.367492145000142,15.432191999999999,61.875
3.3812821940000504,15.47136,61.781
3.395397692000188,15.47136,61.75
3.4096210659999997,15.510528,62.062
3.423136162999981,15.549695999999999,61.718
3.435931144999813,15.588864,61.656
3.4486034990004555,15.588864,61.906
3.4612668609997854,15.588864,61.875
3.4757099839998773,15.628032,61.656
3.488046329000099,15.628032,61.781
3.5000613849997535,15.628032,62.187
3.512061528000231,15.588864,61.656
3.5240777039998648,15.549695999999999,61.968
3.536182873999678,15.549695999999999,61.625
3.5482412589999512,15.510528,61.875
3.5602477060001547,15.47136,61.625
3.57225386600021,15.47136,61.718
3.584285369999634,15.510528,62.093
3.596294537000176,15.510528,61.781
3.6082959610002945,15.510528,61.906
3.620326088999718,15.510528,61.625
3.6329730340003152,15.432191999999999,61.625
3.6451525100001163,15.47136,61.687
3.6572151829996074,15.47136,62.062
3.6692543999997724,15.510528,61.718
3.6813595060002626,15.510528,61.906
3.69337417800034,15.47136,61.687
3.7053933610004606,15.47136,61.875
3.7174306260003505,15.510528,61.5
3.7295436679996783,15.510528,61.75
3.7415945969996756,15.510528,62.031
3.7536009799996464,15.549695999999999,61.718
3.7655901150001228,15.549695999999999,61.812
3.7775922419996277,15.588864,61.562
3.7895917140003803,15.549695999999999,61.812
3.8015900330001386,15.47136,62.093
3.8135835200000656,15.432191999999999,61.812
3.8255772949996754,15.432191999999999,61.875
3.8379868259999057,15.393023999999999,61.968
3.8518030200002613,15.393023999999999,61.531
3.8651213439998173,15.393023999999999,61.531
3.8784830289996535,15.432191999999999,61.656
3.89162234000014,15.432191999999999,62.031
3.9037334949998694,15.510528,61.625
3.9160460310004055,15.510528,61.875
3.9281530250000287,15.510528,61.625
3.9420109800003047,15.510528,61.593
3.9542185529999188,15.549695999999999,61.781
3.966220457000418,15.549695999999999,62.093
3.978210584000408,15.549695999999999,61.718
3.9902325829998517,15.510528,61.906
4.002251255000374,15.47136,61.593
4.014278599000136,15.47136,61.843
4.026275285999873,15.432191999999999,61.656
4.0382889339998655,15.432191999999999,61.75
4.050285557000279,15.432191999999999,62.031
4.062316516999999,15.432191999999999,61.718
4.074350646000312,15.432191999999999,61.906
4.086416998999994,15.432191999999999,61.906
4.098446199000136,15.432191999999999,61.593
4.1104666950004685,15.47136,61.781
4.12251759100036,15.47136,62.062
4.134554504000334,15.510528,61.781
4.146576150999863,15.549695999999999,61.968
4.158216765000361,15.549695999999999,61.687
4.170277805999831,15.510528,61.968
4.182425121000051,15.549695999999999,61.625
4.194471153999984,15.549695999999999,61.75
4.2064896649999355,15.549695999999999,61.937
4.2184829919997355,15.588864,61.718
4.230569633999949,15.47136,61.875
4.242196582999895,15.510528,61.562
4.25420936699993,15.510528,61.687
4.266231397999945,15.510528,62.125
4.27826923900011,15.432191999999999,61.625
4.290307238999958,15.393023999999999,62.093
4.30231560700031,15.393023999999999,61.531
4.314985496999725,15.314688,61.593
4.328614101000312,15.353856,61.75
4.342205681000451,15.353856,61.656
4.355784364000101,15.393023999999999,61.906
4.368271592999918,15.393023999999999,61.593
4.380488447000062,15.47136,61.843
4.3926294579996465,15.47136,61.625
4.40467033799996,15.47136,61.875
4.4185178609996,15.47136,61.781
4.430719674000102,15.510528,62.156
4.442748362000202,15.510528,61.687
4.45474895299958,15.510528,61.937
4.466759369000101,15.47136,61.625
4.478822969999783,15.432191999999999,61.875
4.490845930000432,15.432191999999999,61.562
4.5028226160002305,15.393023999999999,61.75
4.514819334999629,15.353856,62.062
4.526935705999676,15.393023999999999,61.687
4.539037612000357,15.393023999999999,61.968
4.551089085000058,15.393023999999999,61.687
4.5630770360003226,15.393023999999999,61.843
4.575078619000124,15.393023999999999,61.75
4.587095050999778,15.432191999999999,62.125
4.599108569999771,15.47136,61.75
4.611137930000041,15.47136,61.968
4.623124888999882,15.510528,61.718
4.635130057000424,15.510528,61.937
4.647126071999992,15.47136,61.625
4.659124839000469,15.510528,61.812
4.671131797999806,15.549695999999999,61.968
4.683166662999611,15.549695999999999,61.687
4.6951192209999135,15.549695999999999,61.875
4.707104002999586,15.549695999999999,61.593
4.71910328299964,15.588864,61.718
4.73116032300004,15.588864,62.156
4.743171666999842,15.510528,61.812
4.755135712999618,15.47136,62.0
4.767176178000227,15.432191999999999,61.593
4.779155360000004,15.393023999999999,61.625
4.7927668450001875,15.393023999999999,61.812
4.804739627000345,15.432191999999999,62.093
4.818374536000192,15.432191999999999,61.656
4.83117582199975,15.353856,61.875
4.8431370839998635,15.393023999999999,61.875
4.855406419000246,15.432191999999999,61.531
4.867528933000358,15.47136,61.687
4.879562389000057,15.47136,61.562
4.894708797000021,15.47136,62.125
4.906766477000019,15.47136,61.718
4.9187827490004565,15.510528,61.937
4.93088494299991,15.510528,61.687
4.94291660700037,15.47136,61.875
4.95490007799981,15.432191999999999,61.562
4.966928445999656,15.432191999999999,61.812
4.9789374219999445,15.393023999999999,62.062
4.990955260999726,15.393023999999999,61.75
5.002951180999844,15.393023999999999,61.906
5.014956508000068,15.432191999999999,61.593
5.026979659999597,15.432191999999999,61.843
5.0390044440000565,15.432191999999999,62.156
5.050991402999898,15.432191999999999,61.75
5.063002138000229,15.432191999999999,62.062
5.075015145999714,15.47136,61.812
5.087020953000319,15.510528,61.968
5.099072490000253,15.510528,61.875
5.111073113000202,15.510528,61.656
5.123076040000342,15.47136,61.843
5.135095384000124,15.510528,62.062
5.1471034960004545,15.549695999999999,61.718
5.159109719000298,15.549695999999999,61.906
5.171110246000353,15.549695999999999,61.656
5.183500737000031,15.549695999999999,61.781
5.195731253999838,15.588864,62.062
5.207735334000063,15.588864,61.687
5.219758453000395,15.510528,62.031
5.231966506999925,15.47136,61.718
5.2439463290002095,15.432191999999999,61.781
5.255942664000031,15.393023999999999,61.625
5.268636619000063,15.393023999999999,62.062
5.280761758000153,15.432191999999999,61.656
5.2942844400004105,15.432191999999999,61.937
5.307679790000293,15.47136,61.531
5.319909283000015,15.510528,61.593
5.332077431000471,15.549695999999999,61.718
5.344196170000032,15.549695999999999,61.625
5.356303292000121,15.549695999999999,62.0
5.371294399000362,15.549695999999999,61.781
5.3833322070004215,15.549695999999999,61.968
5.395332285999757,15.549695999999999,61.781
5.407531955000195,15.549695999999999,61.875
5.419637316999797,15.510528,61.625
5.431774519999635,15.432191999999999,61.75
5.443021650999981,15.432191999999999,62.031
5.45505283500006,15.353856,61.687
5.46711387600044,15.393023999999999,61.875
5.479177125000206,15.393023999999999,61.625
5.4911632200000895,15.393023999999999,61.812
5.50316707500042,15.432191999999999,61.593
5.515139441000429,15.432191999999999,61.812
5.52716950499962,15.432191999999999,61.968
5.539437944000383,15.432191999999999,61.75
5.5514356869998664,15.47136,62.0
5.563431669999773,15.47136,61.75
5.575417093000397,15.510528,61.875
5.587481493999803,15.510528,62.218
5.599461093000173,15.47136,61.843
5.611443284000416,15.510528,62.0
5.6234307860004265,15.549695999999999,62.0
5.635414416999993,15.510528,61.625
5.647402495999813,15.549695999999999,61.781
5.659370317999674,15.549695999999999,62.093
5.671390749999773,15.549695999999999,61.656
5.683601779000128,15.588864,62.0
5.695676229000128,15.510528,61.718
5.707693203999952,15.47136,61.843
5.719683842999984,15.432191999999999,61.531
5.731779828999606,15.393023999999999,61.75
5.745211628000106,15.353856,61.718
5.758759686999838,15.393023999999999,61.906
5.772122588000457,15.432191999999999,61.781
5.785306828999637,15.432191999999999,61.5
5.797405567000169,15.47136,61.781
5.809519344999899,15.510528,61.562
5.82159094600047,15.510528,61.75
5.8337122450002425,15.510528,61.75
5.848759800999687,15.510528,61.968
5.860829962000025,15.549695999999999,61.718
5.872955996999735,15.510528,61.937
5.884963948999939,15.510528,61.687
5.8969593239999085,15.47136,61.781
5.908956971000407,15.47136,62.062
5.9209528900000805,15.432191999999999,61.75
5.932961448999777,15.393023999999999,61.937
5.944949847999851,15.393023999999999,61.625
5.956965831999696,15.393023999999999,61.875
5.968970134999836,15.432191999999999,61.656
5.981047176999709,15.432191999999999,61.75
5.993084409000403,15.432191999999999,62.125
6.005110025000249,15.432191999999999,61.75
6.01712005599984,15.47136,61.937
6.02912243999981,15.432191999999999,61.562
6.041133015000014,15.432191999999999,61.812
6.053155143000367,15.432191999999999,61.75
6.065148278000379,15.432191999999999,62.062
6.077270376999877,15.393023999999999,61.781
6.089306169000338,15.432191999999999,61.875
6.101308264000181,15.47136,61.625
6.113337624000451,15.47136,61.75
6.125338535000083,15.47136,62.093
6.137327766000453,15.47136,61.656
6.149330021999958,15.510528,61.906
6.161323700999674,15.510528,61.625
6.17335824499969,15.432191999999999,61.843
6.1853578760001255,15.393023999999999,61.656
6.197408453000207,15.393023999999999,61.718
6.209835136000038,15.314688,61.625
6.223532414999681,15.314688,61.968
6.236987414000396,15.353856,61.843
6.250374092000129,15.353856,61.5
6.262268696999854,15.393023999999999,61.812
6.274574224000389,15.432191999999999,61.625
6.286824646999776,15.47136,61.75
6.298969849999594,15.47136,62.031
6.31115882999984,15.47136,61.937
6.3257337980003285,15.510528,61.625
6.337823799000034,15.510528,61.843
6.349972299000001,15.510528,61.687
6.362085085000217,15.47136,61.843
6.374064843999804,15.432191999999999,62.125
6.386207966999791,15.432191999999999,61.75
6.39822587100025,15.432191999999999,61.968
6.410237181999946,15.353856,61.656
6.42227236600047,15.393023999999999,61.875
6.434343326999624,15.393023999999999,61.593
6.446380688000318,15.393023999999999,61.843
6.458384415000182,15.432191999999999,62.093
6.470418095000241,15.432191999999999,62.031
6.482628003999707,15.432191999999999,61.968
6.4946367239999745,15.47136,61.875
6.506657218999862,15.47136,61.625
6.518663539000045,15.510528,61.781
6.530670850000206,15.510528,62.062
6.542799349000234,15.47136,61.75
6.5548497660001885,15.510528,62.031
6.5668400530003055,15.510528,61.593
6.578842468000403,15.510528,61.843
6.5908803080001235,15.510528,62.187
6.60290502800035,15.549695999999999,61.687
6.614935155999774,15.549695999999999,61.937
6.626939298999787,15.588864,61.562
6.639163288999953,15.47136,61.875
6.651160712000092,15.393023999999999,61.5
6.6632494980003685,15.353856,61.718
6.675220232000356,15.314688,61.562
6.688669088000097,15.27552,61.906
6.700810131000253,15.27552,61.656
6.714251817999866,15.314688,61.562
6.727588382999784,15.314688,61.687
6.74088853000012,15.353856,61.468
6.752991973000462,15.393023999999999,61.781
6.765144312000302,15.432191999999999,61.937
6.777194889000384,15.432191999999999,61.593
6.789327067000158,15.432191999999999,61.625
6.8029111590003595,15.47136,61.875
6.814900229999694,15.47136,61.562
6.826877235999746,15.47136,61.812
6.838870722999673,15.432191999999999,62.0
6.850880723000046,15.393023999999999,61.687
6.862875554000311,15.393023999999999,61.968
6.87488372900043,15.393023999999999,61.687
6.887043493000419,15.353856,61.781
6.899046387999988,15.353856,61.5
6.911057571999663,15.353856,61.781
6.923172789999626,15.393023999999999,62.125
6.935159749000377,15.393023999999999,61.687
6.947162964000199,15.393023999999999,61.937
6.959117409999635,15.393023999999999,61.75
6.971122257999923,15.432191999999999,61.843
6.9831362249997255,15.432191999999999,62.218
6.995124304000456,15.47136,62.125
7.0071160950001286,15.510528,61.781
7.0191221579998455,15.47136,62.0
7.0312132799999745,15.47136,61.593
7.043162990000383,15.510528,61.781
7.055122204000327,15.510528,62.156
7.067123050999726,15.510528,61.718
7.079103641999609,15.510528,62.031
7.091126090000216,15.549695999999999,61.593
7.103220699999838,15.549695999999999,61.906
7.115159209000012,15.549695999999999,61.656
7.12712421499964,15.47136,61.812
7.139091109999754,15.432191999999999,62.156
7.151068819999637,15.432191999999999,61.625
7.16388556200036,15.393023999999999,61.656
7.177251183999942,15.393023999999999,61.812
7.190673830999913,15.393023999999999,61.781
7.204236896999646,15.432191999999999,61.406
7.216490392000196,15.432191999999999,61.656
7.228910675000407,15.510528,61.937
7.240938019000168,15.47136,61.562
7.2532386180000685,15.47136,61.875
7.265600532000462,15.47136,61.625
7.277607427000476,15.47136,61.781
7.2898202160004075,15.510528,62.218
7.3018911449998996,15.47136,61.781
7.313932602000023,15.47136,62.062
7.325937800999782,15.432191999999999,61.906
7.337980921000053,15.432191999999999,61.625
7.349992041000405,15.432191999999999,61.875
7.362029593000443,15.353856,61.625
7.3740817059997426,15.393023999999999,61.781
7.386089208999692,15.393023999999999,62.156
7.3980917839999165,15.393023999999999,61.75
7.410090104000119,15.393023999999999,61.906
7.422202986000229,15.432191999999999,61.718
7.43430053999964,15.432191999999999,61.906
7.446347019999848,15.432191999999999,62.093
7.458347931999924,15.47136,61.781
7.470371946999876,15.47136,62.093
7.482505502000095,15.510528,61.75
7.494525197999792,15.47136,61.968
7.506542813999658,15.47136,61.656
7.518561036999927,15.510528,61.75
7.530565820999982,15.510528,62.218
7.542709039999863,15.510528,61.937
7.554745663999711,15.549695999999999,61.656
7.566765135999958,15.549695999999999,61.812
7.578939715999695,15.588864,61.593
7.590961812000387,15.549695999999999,61.843
7.602947714000038,15.47136,62.093
7.61495905799984,15.432191999999999,61.625
7.626971552999748,15.432191999999999,61.875
7.641334611000275,15.353856,61.843
7.654744360999757,15.393023999999999,61.468
7.667966138999873,15.393023999999999,61.75
7.681081065000399,15.432191999999999,61.687
7.6934111689997735,15.432191999999999,61.937
7.705566548999741,15.47136,61.593
7.7177441690000705,15.510528,61.875
7.72991970899966,15.510528,61.562
7.7420121109998945,15.510528,61.812
7.754021790000479,15.510528,61.593
7.766013133000342,15.549695999999999,61.75
7.7779920279999715,15.510528,62.062
7.78995888999998,15.510528,61.718
7.8019370490001165,15.47136,61.875
7.81390951100002,15.47136,61.687
7.825864405000175,15.393023999999999,61.875
7.837360694000381,15.314688,62.125
7.84955511499993,15.353856,61.687
7.861603418999948,15.314688,61.968
7.873880146000374,15.353856,61.906
7.8859148179999465,15.353856,61.656
7.897948978000386,15.353856,61.875
7.910027844000069,15.353856,62.156
7.922030515000188,15.393023999999999,61.781
7.934036098000433,15.393023999999999,62.0
7.946053521999602,15.432191999999999,61.625
7.958138723999582,15.47136,61.875
7.970167571999809,15.432191999999999,61.75
7.982227075999617,15.432191999999999,61.781
7.994230227999651,15.47136,62.093
8.00620921799964,15.47136,61.75
8.01822305800033,15.47136,61.843
8.030222272999708,15.47136,61.75
8.042205712000396,15.47136,61.75
8.054185629999665,15.510528,61.531
8.06619819000025,15.510528,61.781
8.07818281300024,15.432191999999999,62.062
8.09018231600021,15.393023999999999,61.781
8.10231817499971,15.393023999999999,61.812
8.114201450999644,15.353856,61.875
8.12756428800003,15.353856,61.531
8.139480652999737,15.353856,61.656
8.152762368000367,15.393023999999999,61.562
8.166059762999794,15.432191999999999,61.968
8.178297321000173,15.47136,61.625
8.190498750000188,15.47136,61.843
8.202607375999833,15.510528,61.593
8.214698081999813,15.47136,61.843
8.228642215000036,15.510528,62.156
8.240658294999776,15.510528,62.156
8.25323746200047,15.510528,61.718
8.265443371000401,15.47136,61.968
8.277537341000425,15.47136,61.656
8.289601614000276,15.432191999999999,61.875
8.3016289899997,15.393023999999999,62.187
8.313830963000328,15.393023999999999,61.812
8.325921700000436,15.393023999999999,62.093
8.337944564000281,15.432191999999999,61.781
8.349952227999893,15.432191999999999,61.937
8.361939155000073,15.432191999999999,61.75
8.373980547000428,15.432191999999999,61.812
8.386012115000085,15.432191999999999,62.156
8.398042179000186,15.47136,62.031
8.410044657999606,15.510528,61.781
8.422100834999583,15.510528,61.968
8.434117746000084,15.47136,61.625
8.447008187000392,15.393023999999999,61.781
8.458441146000041,15.393023999999999,62.125
8.470498571000462,15.432191999999999,61.656
8.48269238299963,15.432191999999999,62.062
8.494744687999628,15.432191999999999,61.593
8.506778848000067,15.47136,61.875
8.518817584000317,15.47136,61.5
8.530896354000106,15.510528,61.718
8.542999315999623,15.510528,62.156
8.55503021200002,15.393023999999999,61.593
8.567039731000477,15.353856,62.0
8.579059683000196,15.353856,61.75
8.592776290000074,15.314688,61.531
8.605246365999847,15.314688,61.593
8.618670036999902,15.353856,61.593
8.631992648999585,15.353856,61.875
8.643645678999746,15.393023999999999,61.593
8.655772193000303,15.432191999999999,61.843
8.668102425999678,15.47136,61.593
8.680327150999801,15.47136,61.687
8.693620322000243,15.47136,61.812
8.70580671100015,15.47136,62.093
8.71781901400027,15.510528,61.75
8.729809108999689,15.510528,61.937
8.74183779699979,15.47136,61.625
8.753833075999864,15.432191999999999,61.875
8.765821091000362,15.432191999999999,62.125
8.777829906000079,15.393023999999999,61.812
8.789885154999865,15.353856,62.062
8.80187124999975,15.393023999999999,61.718
8.81389424200006,15.393023999999999,61.875
8.82592885000031,15.393023999999999,61.656
8.837971457999629,15.393023999999999,61.812
8.849978033999832,15.393023999999999,62.125
8.861975969000014,15.432191999999999,61.75
8.873989071999858,15.432191999999999,62.062
8.886059616999773,15.47136,61.687
8.898214677000396,15.510528,61.906
8.910244900999714,15.510528,61.75
8.922240083999895,15.47136,62.156
8.93427184400025,15.47136,61.718
8.946295923999969,15.510528,61.906
8.95830230699994,15.510528,61.625
8.970304594000481,15.549695999999999,61.875
8.98239136400025,15.549695999999999,61.562
8.994423635999738,15.549695999999999,61.781
9.006391681999958,15.549695999999999,62.062
9.018383345000075,15.510528,61.812
9.030406849000428,15.47136,61.875
9.041886529999829,15.393023999999999,61.593
9.054007828000067,15.353856,61.656
9.068087773000116,15.27552,61.718
9.081667225000274,15.27552,61.968
9.094863688999794,15.27552,61.906
9.108530503000111,15.314688,61.531
9.12153739400037,15.353856,61.843
9.13368400499985,15.393023999999999,61.531
9.145831800999986,15.393023999999999,61.812
9.15793607500018,15.432191999999999,62.062
9.170106270999895,15.432191999999999,62.093
9.184557906000009,15.432191999999999,61.687
9.19653091300006,15.432191999999999,61.968
9.208528144000411,15.432191999999999,61.656
9.220508958999744,15.432191999999999,61.843
9.232571503000145,15.393023999999999,62.156
9.244545917999858,15.393023999999999,61.718
9.256517867999719,15.353856,62.0
9.268767202000163,15.353856,61.656
9.280600684999627,15.353856,61.937
9.29268492600022,15.393023999999999,61.875
9.304695949999768,15.393023999999999,62.187
9.316706749000332,15.393023999999999,61.75
9.32869774000028,15.393023999999999,62.031
9.340698683000483,15.393023999999999,61.75
9.352721162999842,15.432191999999999,61.906
9.364728186999855,15.47136,61.718
9.376722441999846,15.47136,61.875
9.388741144999585,15.47136,62.218
9.400880203999805,15.432191999999999,61.812
9.412922557000456,15.47136,62.031
9.424927435999962,15.510528,61.718
9.437063551000392,15.510528,61.843
9.449103023000134,15.510528,61.625
9.46117427199988,15.510528,61.718
9.473219409000194,15.549695999999999,61.968
9.485259680999661,15.549695999999999,61.812
9.497220014999584,15.510528,62.062
9.50931520100039,15.47136,61.656
9.521334320000278,15.432191999999999,61.531
9.533577221999622,15.393023999999999,61.75
9.547233700000106,15.353856,62.093
9.56060012099988,15.393023999999999,61.937
9.57390804500028,15.393023999999999,61.593
9.587258466000094,15.432191999999999,61.781
9.599370867999824,15.47136,61.531
9.611679820000063,15.47136,61.718
9.623752221000359,15.510528,61.75
9.635959698000079,15.510528,61.906
9.650896850999743,15.47136,61.593
9.663069223000093,15.432191999999999,61.906
9.675138008000431,15.432191999999999,61.875
9.687198888999774,15.432191999999999,61.593
9.699160406999908,15.432191999999999,61.781
9.711166693999985,15.393023999999999,62.062
9.72312296400014,15.393023999999999,61.687
9.73515827600022,15.353856,61.968
9.747138771000209,15.353856,61.625
9.759166914999696,15.353856,61.781
9.771158577999813,15.353856,61.562
9.783218913999917,15.393023999999999,61.781
9.795160016000409,15.393023999999999,62.062
9.807163295000464,15.393023999999999,61.781
9.819131852999817,15.393023999999999,61.875
9.831261760000416,15.432191999999999,61.718
9.843409490999875,15.47136,61.875
9.855559014999926,15.47136,62.218
9.867643063999822,15.47136,61.781
9.87965181599975,15.47136,62.031
9.891680632000316,15.47136,61.718
9.903697511000246,15.510528,61.781
9.915745688000243,15.510528,61.75
9.927762823000194,15.510528,62.187
9.939749301999655,15.510528,61.625
9.951794726000116,15.549695999999999,61.875
9.96375461200023,15.549695999999999,61.625
9.975784164000288,15.47136,61.875
9.987794996000048,15.432191999999999,61.562
9.999791747000017,15.393023999999999,61.656
10.012080665999747,15.353856,62.093
10.024896992000322,15.353856,61.937
10.038026639000236,15.393023999999999,61.562
10.051161854000384,15.393023999999999,61.812
10.063169932999699,15.432191999999999,61.562
10.075511717999689,15.47136,61.781
10.087827966000077,15.510528,62.093
10.09992651199991,15.510528,61.781
10.11208041900045,15.510528,61.625
10.126932930000294,15.510528,61.968
10.138965138000458,15.549695999999999,61.718
10.150955905000046,15.510528,61.875
10.162934830999802,15.510528,62.187
10.17492124599994,15.47136,61.812
10.18692874899989,15.47136,62.062
10.198936220999713,15.47136,61.718
10.210942796000381,15.393023999999999,61.937
10.222948282999823,15.393023999999999,61.875
10.23497415499969,15.393023999999999,61.468
10.247212768999816,15.353856,61.75
10.258696769999915,15.353856,62.031
10.270705584999632,15.353856,61.593
10.282841123999788,15.353856,61.875
10.2948910289997,15.393023999999999,61.625
10.307269709999673,15.393023999999999,61.812
10.319306909999796,15.432191999999999,62.156
10.331380720000197,15.47136,61.781
10.343385631000274,15.432191999999999,62.062
10.35473957999966,15.432191999999999,61.781
10.366790412999762,15.47136,61.875
10.378797692000262,15.510528,61.625
10.390861388999838,15.510528,61.75
10.40284815599989,15.510528,62.031
10.414848170999903,15.510528,61.75
10.426876602999982,15.549695999999999,61.906
10.43889184999989,15.549695999999999,61.718
10.450914394000392,15.47136,61.875
10.462923881000279,15.432191999999999,61.625
10.474929977000102,15.393023999999999,61.625
10.486979784999676,15.353856,61.656
10.500853069000186,15.353856,61.906
10.514465064999968,15.393023999999999,61.843
10.52789004799979,15.393023999999999,61.468
10.541171697999744,15.432191999999999,61.656
10.553341574000115,15.47136,62.093
10.565518233999683,15.47136,61.625
10.577685901999757,15.510528,61.718
10.589978726000481,15.510528,61.968
10.604427321000003,15.510528,61.718
10.616518603000259,15.510528,61.875
10.62850853800046,15.510528,62.156
10.640547785999843,15.510528,61.781
10.652511479999703,15.47136,61.906
10.66452192700035,15.47136,61.906
10.67652703099975,15.432191999999999,61.656
10.688539046000187,15.393023999999999,61.812
10.70054891699965,15.393023999999999,61.593
10.712524323999787,15.432191999999999,61.812
10.72451793900018,15.432191999999999,62.031
10.736542947000089,15.432191999999999,61.75
10.748523504999866,15.432191999999999,61.937
10.760522943999604,15.432191999999999,61.75
10.77253140799985,15.47136,61.875
10.784603041000082,15.47136,62.25
10.796662192999975,15.510528,61.812
10.808691745000033,15.510528,62.093
10.820697328999813,15.47136,61.781
10.832914245999746,15.510528,61.968
10.844324357000005,15.47136,61.437
10.85666703700008,15.47136,61.718
10.868922642999678,15.47136,62.031
10.88104758999998,15.47136,62.031
10.89315999199971,15.47136,61.531
10.905219657000089,15.510528,61.781
10.91739778900046,15.510528,61.656
10.929382156000429,15.432191999999999,61.812
10.941408732000127,15.393023999999999,62.125
10.953423306999866,15.393023999999999,61.562
10.96679011299966,15.27552,61.562
10.980300313999578,15.314688,61.718
10.993655311000111,15.314688,61.5
11.007136103000448,15.353856,61.437
11.020506781000222,15.353856,61.656
11.032697329000257,15.393023999999999,61.968
11.044791459000407,15.432191999999999,61.687
11.056928406000225,15.47136,61.875
11.068969445999755,15.432191999999999,61.656
11.082031539000127,15.47136,61.843
11.094107715999598,15.47136,61.875
11.106441277000158,15.47136,62.125
11.118497837000177,15.47136,61.718
11.131056619999981,15.393023999999999,62.0
11.143692876999921,15.393023999999999,61.625
11.156119432000196,15.353856,61.937
11.168662885999765,15.353856,61.75
11.181152643000132,15.353856,62.125
11.193598943000325,15.393023999999999,61.75
11.206047577999925,15.393023999999999,61.875
11.21844600500026,15.393023999999999,61.75
11.230906192000475,15.393023999999999,61.875
11.24329303400009,15.432191999999999,61.843
11.255679044000317,15.432191999999999,62.125
11.268031325000265,15.47136,61.75
11.280417590999605,15.510528,62.093
11.29285214599986,15.47136,61.781
11.305307278000328,15.47136,61.937
11.317667078999875,15.510528,61.656
11.330054304999976,15.510528,62.093
11.342677954000465,15.510528,61.687
11.355060060000142,15.549695999999999,62.0
11.367468757999632,15.549695999999999,61.625
11.379826958999729,15.588864,61.812
11.392194377000123,15.549695999999999,61.625
11.40455209799984,15.47136,61.718
11.41689845899964,15.432191999999999,62.093
11.429234547000306,15.432191999999999,61.906
11.443575235000026,15.314688,61.875
11.458033238999633,15.314688,61.5
11.472181602000092,15.314688,61.562
11.4867018799996,15.353856,61.625
11.499176084000283,15.393023999999999,62.031
11.511837877999824,15.432191999999999,61.906
11.524596250000286,15.432191999999999,61.625
11.537268764000146,15.47136,61.593
11.552052248999644,15.47136,61.875
11.564429009999913,15.47136,62.156
11.576572549000048,15.510528,61.718
11.58864863100007,15.47136,62.031
11.60067824700036,15.432191999999999,61.687
11.61273301500023,15.432191999999999,61.875
11.624991630000295,15.432191999999999,61.625
11.637017916999866,15.353856,61.843
11.649015787999815,15.353856,62.093
11.661055612999917,15.393023999999999,61.781
11.673097677000442,15.393023999999999,62.031
11.685163197999827,15.393023999999999,61.875
11.697177101000307,15.393023999999999,61.687
11.709193597000194,15.393023999999999,61.843
11.721369040999889,15.432191999999999,62.187
11.733533124999667,15.432191999999999,61.75
11.74559928600047,15.47136,62.0
11.757713351999882,15.47136,61.656
11.769796505000159,15.47136,62.062
11.781903115000205,15.47136,61.75
11.7939975649997,15.510528,61.781
11.806011757000306,15.510528,62.031
11.818066748999627,15.510528,61.75
11.830083629,15.510528,62.0
11.842099419999613,15.510528,61.562
11.854095787000006,15.549695999999999,61.781
11.866063864999887,15.549695999999999,61.562
11.87806333699973,15.47136,61.75
11.890070968000146,15.432191999999999,62.031
11.90207194300001,15.432191999999999,61.781
11.916000651999639,15.353856,61.562
11.929471811999974,15.353856,61.5
11.942988126000273,15.353856,61.625
11.956714492999708,15.393023999999999,62.031
11.968994419999945,15.432191999999999,61.875
11.981244425999648,15.47136,61.625
11.9934790719999,15.47136,61.812
12.00556987300024,15.510528,61.531
12.01764278599967,15.510528,61.843
12.030868052000187,15.549695999999999,62.125
12.042907363999802,15.510528,61.718
12.055292893999649,15.432191999999999,61.968
12.06643762099975,15.432191999999999,61.718
12.078494757999579,15.432191999999999,61.937
12.090600247999646,15.393023999999999,61.593
12.102668776999963,15.393023999999999,61.812
12.114676344000145,15.353856,62.093
12.126702792000287,15.353856,62.0
12.138795802000459,15.353856,61.656
12.150811753000198,15.353856,61.875
12.162842873000045,15.393023999999999,61.718
12.174868809000145,15.393023999999999,61.875
12.186949754000125,15.393023999999999,62.156
12.198985226000332,15.432191999999999,61.687
12.21098354500009,15.432191999999999,61.937
12.223000265000337,15.47136,61.625
12.235260415000084,15.47136,61.843
12.24727550300031,15.432191999999999,61.75
12.259244157000467,15.432191999999999,61.843
12.271166986000026,15.47136,62.031
12.28318501800004,15.510528,61.781
12.295167623999987,15.510528,61.875
12.307162230999893,15.510528,61.562
12.319156262000433,15.510528,61.812
12.331168790000447,15.549695999999999,61.593
12.343197508999765,15.549695999999999,61.781
12.354894795999826,15.47136,61.968
12.366956957000184,15.432191999999999,61.906
12.379033166000227,15.432191999999999,61.531
12.3938413879996,15.353856,61.468
12.4074585999997,15.353856,61.718
12.420894623000095,15.353856,61.968
12.434192145999987,15.393023999999999,61.875
12.447132860000238,15.393023999999999,61.593
12.459257774000434,15.47136,61.812
12.471536484999888,15.47136,61.437
12.483613749999677,15.510528,61.75
12.497669375000442,15.47136,61.781
12.509894580000037,15.510528,62.031
12.521934020000117,15.510528,61.75
12.533977684999627,15.510528,61.937
12.546033988999625,15.47136,61.656
12.558069525000064,15.432191999999999,61.812
12.5700565799998,15.432191999999999,62.218
12.582233080000151,15.393023999999999,61.781
12.594275432000359,15.393023999999999,62.031
12.606362522000381,15.393023999999999,61.687
12.618600847999915,15.393023999999999,61.875
12.630710049999834,15.432191999999999,61.625
12.642760114000339,15.393023999999999,61.812
12.654655710000043,15.353856,62.062
12.666496937000375,15.353856,61.968
12.67855490599959,15.393023999999999,61.718
12.690587594000135,15.393023999999999,61.906
12.702589528999852,15.432191999999999,61.687
12.714580488000138,15.47136,61.875
12.726630840000325,15.432191999999999,62.187
12.738672071999645,15.432191999999999,61.781
12.750689495999723,15.47136,62.0
12.762731976000396,15.47136,61.687
12.774780921000456,15.47136,61.843
12.786842217000412,15.47136,61.656
12.798990876999596,15.510528,61.687
12.811008268000478,15.510528,62.031
12.823001050999665,15.510528,61.812
12.835007945999678,15.432191999999999,61.812
12.847155358000236,15.393023999999999,61.687
12.85916727699987,15.393023999999999,61.625
12.87272448800013,15.314688,61.75
12.885906712000178,15.353856,62.0
12.89916794599958,15.353856,61.906
12.912296729000445,15.393023999999999,61.5
12.925004059000457,15.393023999999999,61.843
12.937220015999628,15.47136,61.625
12.949299650000285,15.47136,61.718
12.961499158000152,15.47136,62.093
12.974939982000251,15.47136,62.031
12.987294118999671,15.510528,61.656
12.999288373999661,15.510528,61.937
13.011254947999987,15.510528,61.75
13.023228498000208,15.47136,61.781
13.035234881000179,15.432191999999999,62.156
13.047214127999723,15.432191999999999,61.843
13.059169598000153,15.393023999999999,62.031
13.07114097199974,15.393023999999999,61.75
13.08316783600003,15.393023999999999,61.906
13.095138282000335,15.432191999999999,61.687
13.107123929000409,15.432191999999999,61.875
13.119123432000379,15.432191999999999,62.156
13.131130134999694,15.432191999999999,61.781
13.143168263000007,15.432191999999999,62.125
13.155157494000377,15.47136,61.718
13.167157476999819,15.47136,61.906
13.179131314999722,15.510528,61.875
13.191116642000452,15.510528,62.25
13.203116368999872,15.47136,61.843
13.215125376999822,15.510528,62.0
13.227140975999646,15.549695999999999,61.656
13.239156607999575,15.549695999999999,61.875
13.250448282999969,15.47136,61.468
13.262599085999682,15.47136,61.718
13.274723425000047,15.47136,62.062
13.286786450000363,15.510528,61.625
13.29881696099983,15.510528,61.937
13.310851537000417,15.393023999999999,61.593
13.322874145000242,15.353856,61.812
13.334901328999877,15.353856,61.468
13.348170211999786,15.314688,62.031
13.361666748000061,15.314688,61.656
13.376106640000216,15.353856,61.562
13.388599179999801,15.393023999999999,61.75
13.401144714999646,15.393023999999999,61.593
13.413380543999665,15.432191999999999,61.718
13.42554363599993,15.47136,62.093
13.437760136999714,15.47136,61.687
13.449892315999932,15.47136,61.968
13.461698565000006,15.510528,61.656
13.473773910999626,15.510528,61.937
13.485824039000363,15.510528,61.687
13.498008155000207,15.47136,61.75
13.510037707000265,15.47136,62.125
13.522048155000448,15.432191999999999,62.0
13.534076105999702,15.393023999999999,61.718
13.546092761999716,15.393023999999999,61.937
13.55807725700015,15.393023999999999,61.625
13.570270045000143,15.432191999999999,61.812
13.582773850000194,15.432191999999999,62.187
13.595164563999788,15.432191999999999,61.812
13.607459691000258,15.432191999999999,62.0
13.61974406599984,15.432191999999999,61.687
13.632062777999636,15.47136,61.656
13.64447445299993,15.510528,61.875
13.656753836000462,15.510528,62.281
13.668402416999925,15.510528,61.875
13.680679207999674,15.510528,62.125
13.693111939000119,15.510528,61.687
13.705378169000141,15.549695999999999,61.937
13.717635408000206,15.549695999999999,61.531
13.729927590999978,15.549695999999999,61.843
13.742219038000258,15.549695999999999,62.031
13.754477651999878,15.588864,61.906
13.766807916999824,15.588864,61.718
13.77911002000019,15.47136,61.875
13.791427868000028,15.432191999999999,61.718
13.803790357000253,15.432191999999999,61.687
13.818033251000088,15.353856,61.625
13.830664867999985,15.353856,61.875
13.84397595900009,15.393023999999999,61.781
13.858616688000438,15.314688,61.531
13.871670141000322,15.353856,61.687
13.883919251000407,15.393023999999999,61.531
13.896300620000147,15.393023999999999,61.968
13.908869226999741,15.432191999999999,61.656
13.921057759000178,15.432191999999999,61.875
13.933641951000027,15.432191999999999,61.656
13.94596379900031,15.47136,61.937
13.958232300999953,15.47136,61.656
13.970521221000126,15.432191999999999,61.843
13.982813724000152,15.432191999999999,61.687
13.99508347400024,15.393023999999999,61.968
14.007354473000305,15.393023999999999,61.75
14.01964422400033,15.353856,61.812
14.031992664999962,15.353856,61.656
14.044256367000344,15.353856,61.812
14.056635752999682,15.393023999999999,62.093
14.069011331000183,15.393023999999999,61.781
14.080606245999661,15.432191999999999,61.968
14.093131908000032,15.432191999999999,61.968
14.105428955000207,15.47136,61.687
14.11778638800024,15.47136,61.843
14.130047595000178,15.510528,62.187
14.14234889799991,15.510528,61.781
14.1546206969997,15.47136,61.968
14.166896560000168,15.510528,61.75
14.179194758999984,15.510528,61.875
14.191448765000132,15.510528,61.656
14.203702898999836,15.549695999999999,62.062
14.21592912899996,15.549695999999999,61.687
14.228537961000256,15.549695999999999,61.906
14.240792511000109,15.549695999999999,61.718
14.25306030899992,15.510528,61.875
14.265374253000118,15.47136,61.656
14.277658723999593,15.432191999999999,61.687
14.2900472299998,15.393023999999999,61.718
14.303403699000228,15.353856,61.937
14.31690874800006,15.393023999999999,61.875
14.330181151000033,15.432191999999999,61.593
14.343673399999716,15.432191999999999,61.718
14.355919532999906,15.47136,62.062
14.368105538000236,15.510528,61.75
14.380249525000181,15.510528,61.937
14.392405128000064,15.510528,61.843
14.406828314999984,15.549695999999999,61.687
14.418975853999655,15.549695999999999,61.875
14.431032831000266,15.549695999999999,62.218
14.44316865699966,15.510528,61.812
14.454482156999802,15.432191999999999,61.968
14.46656297499976,15.393023999999999,61.656
14.478652687999784,15.393023999999999,61.875
14.490768257999662,15.353856,61.687
14.50281464300042,15.353856,61.781
14.51484950699978,15.353856,62.218
14.526864401999774,15.353856,62.031
14.538905282000087,15.353856,61.718
14.550938289999976,15.393023999999999,61.937
14.562983234999592,15.393023999999999,61.687
14.575015155000074,15.393023999999999,61.875
14.587027906000003,15.432191999999999,62.125
14.599051570000483,15.432191999999999,61.781
14.611113953999848,15.47136,62.031
14.623134641999968,15.47136,61.875
14.635166977999688,15.432191999999999,61.937
14.647158673000376,15.47136,61.687
14.65926019499966,15.510528,61.781
14.671235281000008,15.510528,62.062
14.683280385000216,15.510528,61.812
14.695262320000438,15.510528,61.875
14.70725452700026,15.549695999999999,61.656
14.71924247700008,15.549695999999999,61.843
14.731262493000031,15.47136,61.562
14.743257803999768,15.432191999999999,61.812
14.755249243000435,15.393023999999999,61.562
14.768409066000459,15.314688,61.937
14.78196259699962,15.314688,61.843
14.79516158899969,15.353856,61.468
14.808537930999591,15.353856,61.718
14.821923552000044,15.393023999999999,61.968
14.834081076000075,15.432191999999999,61.75
14.846197093999763,15.47136,61.718
14.858331608999833,15.47136,61.875
14.87055342199983,15.47136,61.656
14.883540824999727,15.510528,61.875
14.895540200000141,15.510528,62.187
14.907509398000002,15.510528,61.812
14.919500101000267,15.47136,62.0
14.931640280000465,15.432191999999999,61.656
14.943667303000439,15.432191999999999,61.875
14.955693431000327,15.432191999999999,61.656
14.96769046999998,15.393023999999999,61.875
14.979704884999592,15.393023999999999,62.125
14.991792134999741,15.393023999999999,61.843
15.003763380999771,15.393023999999999,61.968
15.015748707999592,15.432191999999999,61.875
15.027753747000133,15.432191999999999,61.75
15.039854788999946,15.432191999999999,61.875
15.051873460000024,15.393023999999999,62.093
15.063260210000408,15.393023999999999,61.812
15.07530012999996,15.393023999999999,61.937
15.087305777999973,15.432191999999999,61.687
15.099350082000456,15.393023999999999,61.937
15.111829534000208,15.393023999999999,61.75
15.124161718999858,15.432191999999999,61.812
15.136500814999636,15.47136,62.031
15.148892424999758,15.47136,61.687
15.161185183999805,15.47136,62.0
15.173427990000164,15.47136,61.781
15.185725293999894,15.510528,61.531
15.198001028000363,15.510528,61.875
15.210249370000383,15.432191999999999,62.0
15.222548722000283,15.393023999999999,61.718
15.234824008000032,15.393023999999999,61.812
15.248578984000233,15.314688,62.0
15.262304775999837,15.314688,61.5
15.275612890999582,15.353856,61.406
15.289168469999822,15.393023999999999,61.625
15.301606576999802,15.393023999999999,62.0
15.313709859000483,15.432191999999999,61.562
15.325869174000218,15.47136,61.875
15.337951880000219,15.47136,61.625
15.350327873000424,15.47136,61.812
15.362572054999873,15.47136,61.812
15.374661961000129,15.510528,62.062
15.386716089000402,15.510528,61.718
15.398757001000376,15.47136,61.937
15.410798040999907,15.432191999999999,61.625
15.422764136000296,15.432191999999999,61.812
15.434911674999967,15.393023999999999,61.625
15.446948267000153,15.393023999999999,61.781
15.458968089999871,15.393023999999999,62.062
15.47102180300044,15.432191999999999,61.75
15.483081082999888,15.432191999999999,61.906
15.495097867000368,15.432191999999999,61.656
15.507121274999918,15.432191999999999,61.906
15.519278222000139,15.432191999999999,62.156
15.531323422000241,15.47136,61.812
15.543333485999938,15.510528,61.968
15.5553191959998,15.510528,61.718
15.567300011000043,15.510528,61.937
15.579283865000434,15.47136,61.875
15.59136737100016,15.510528,61.625
15.603416762999586,15.549695999999999,61.781
15.615423721999832,15.549695999999999,62.031
15.627441401999931,15.549695999999999,61.625
15.639467656999841,15.549695999999999,61.812
15.651477592999981,15.510528,61.5
15.663709837999704,15.510528,61.781
15.67591997100044,15.510528,62.218
15.688026933000401,15.393023999999999,61.625
15.700055684999825,15.353856,61.875
15.712065491999965,15.353856,61.5
15.724043266999615,15.314688,61.593
15.73756761200002,15.314688,61.718
15.751029203999678,15.353856,62.031
15.764326247000099,15.353856,61.875
15.77691184699961,15.393023999999999,61.625
15.788979576000202,15.432191999999999,61.812
15.801129419000063,15.432191999999999,61.687
15.813233404999664,15.47136,61.781
15.826574513000196,15.47136,61.593
15.838937802000146,15.47136,61.718
15.850998554999933,15.47136,62.156
15.863006186000348,15.47136,62.0
15.875076731000263,15.432191999999999,61.656
15.887188685000183,15.393023999999999,61.812
15.899220573000093,15.393023999999999,61.718
15.91121518,15.393023999999999,61.812
15.92315989800045,15.353856,62.093
15.935170568999638,15.353856,61.687
15.947244889999638,15.393023999999999,61.937
15.959220104000451,15.393023999999999,61.718
15.971162165999885,15.393023999999999,61.875
15.983165956999983,15.393023999999999,62.218
15.995190196999829,15.432191999999999,61.781
16.00716653099971,15.432191999999999,62.062
16.019157042000188,15.47136,61.781
16.031245410999873,15.510528,61.937
16.043240146000244,15.510528,61.718
16.05524569699992,15.47136,61.906
16.067227984000056,15.510528,62.156
16.079224670999793,15.510528,61.718
16.091262126999936,15.510528,61.937
16.103266238000288,15.549695999999999,61.875
16.115408976999788,15.549695999999999,61.531
16.127397727999778,15.549695999999999,61.75
16.139405807000003,15.588864,62.156
16.151410878000206,15.510528,61.75
16.163443821999863,15.47136,61.937
16.17547126200043,15.432191999999999,61.593
16.187486988999808,15.393023999999999,61.875
16.200786272000187,15.393023999999999,61.593
16.212978837000264,15.432191999999999,62.0
16.226358953999807,15.432191999999999,61.625
16.239628797000478,15.432191999999999,61.968
16.251746894999997,15.432191999999999,61.593
16.264447122000092,15.432191999999999,61.75
16.27668381500007,15.47136,61.687
16.288762041000155,15.47136,61.5
16.300894379000056,15.47136,61.718
16.31296057199961,15.47136,62.031
16.325291860000107,15.510528,61.75
16.337352933000147,15.510528,61.968
16.34938898099972,15.47136,61.656
16.361417125000116,15.432191999999999,61.781
16.373417748000065,15.432191999999999,62.218
16.38548646900017,15.393023999999999,61.781
16.397506164000333,15.393023999999999,62.031
16.409550725000372,15.393023999999999,61.718
16.421670327000356,15.393023999999999,61.937
16.433712166999612,15.432191999999999,61.875
16.446620143000473,15.432191999999999,62.187
16.458964295999976,15.432191999999999,61.718
16.471020760999636,15.432191999999999,62.156
16.483158826999897,15.47136,61.718
16.495264029000282,15.510528,61.937
16.507245931999933,15.510528,61.75
16.519283868000457,15.510528,61.875
16.531332108000242,15.47136,62.25
16.5433160270004,15.510528,61.75
16.555319209999652,15.549695999999999,61.875
16.56731253700036,15.549695999999999,61.625
16.579313735999676,15.549695999999999,61.843
16.59131861500009,15.549695999999999,61.562
16.60368116799964,15.588864,61.687
16.615775809999832,15.588864,62.093
16.6278195699997,15.510528,61.906
16.639817569000115,15.47136,61.718
16.651819632000297,15.432191999999999,61.687
16.663854624000123,15.393023999999999,61.625
16.677254965999964,15.393023999999999,61.718
16.69087297799979,15.432191999999999,61.593
16.704267463999713,15.432191999999999,61.875
16.716224341999805,15.47136,61.562
16.728430250999736,15.510528,61.843
16.740613822999876,15.510528,61.593
16.75274785700003,15.549695999999999,61.843
16.764864900000248,15.549695999999999,62.156
16.77698629400038,15.549695999999999,61.781
16.78899674100012,15.549695999999999,62.0
16.800991987999623,15.549695999999999,61.968
16.81299526699968,15.549695999999999,61.75
16.825003699000263,15.510528,61.843
16.837002338000275,15.510528,62.093
16.848986543999672,15.510528,61.687
16.860594515999765,15.393023999999999,61.968
16.87273991100028,15.353856,61.718
16.884861690000434,15.353856,61.875
16.896942379000393,15.393023999999999,61.656
16.90896642700045,15.393023999999999,61.843
16.920978666000337,15.393023999999999,62.093
16.932980184999906,15.393023999999999,61.75
16.944976968000447,15.393023999999999,62.062
16.95699093500025,15.432191999999999,61.687
16.968985126000007,15.47136,61.937
16.98114911399989,15.47136,61.656
16.993178857000203,15.510528,61.906
17.00517372000013,15.432191999999999,62.125
17.01717754299989,15.47136,61.718
17.02929698600019,15.510528,61.875
17.04133117800029,15.510528,61.875
17.053360056999736,15.510528,61.781
17.06538381700011,15.510528,61.781
17.077418584999577,15.549695999999999,62.0
17.089420104000055,15.549695999999999,61.718
17.101440120000007,15.510528,61.968
17.113544458000433,15.47136,61.656
17.125560217000384,15.432191999999999,61.812
17.137591912999596,15.393023999999999,61.625
17.150927644999683,15.353856,62.093
17.164321907000158,15.393023999999999,61.687
17.17787684599989,15.393023999999999,61.875
17.19115203199999,15.432191999999999,61.812
17.203246738000416,15.47136,61.562
17.215378787999725,15.510528,61.687
17.22777001400027,15.510528,62.062
17.239918064999983,15.510528,61.656
17.252170920000026,15.549695999999999,61.937
17.264527680000356,15.549695999999999,61.781
17.276553872000477,15.549695999999999,61.875
17.28855939099958,15.510528,61.625
17.300605872000233,15.510528,61.843
17.312612798999908,15.47136,62.093
17.324649166999734,15.47136,61.812
17.336780417999762,15.432191999999999,61.968
17.34900024699982,15.393023999999999,61.875
17.361165194000023,15.432191999999999,61.562
17.37318303400025,15.432191999999999,61.875
17.385177576999922,15.432191999999999,62.156
17.397435871000198,15.432191999999999,61.75
17.409550225000203,15.432191999999999,61.906
17.42161667399978,15.47136,61.75
17.433652626000367,15.47136,61.875
17.445817797000018,15.510528,61.718
17.458013786000265,15.432191999999999,61.781
17.470444309000413,15.432191999999999,62.093
17.4827306039997,15.432191999999999,62.0
17.49484690999998,15.432191999999999,61.593
17.506897934000335,15.47136,61.875
17.518929758000013,15.47136,61.562
17.53093809300026,15.510528,61.75
17.542946589000167,15.510528,62.093
17.5549736439998,15.510528,61.687
17.56708937500025,15.510528,61.937
17.579135246999613,15.47136,61.687
17.591197343999738,15.432191999999999,61.875
17.603219855000134,15.393023999999999,61.5
17.615229437999915,15.353856,61.718
17.62859477100028,15.353856,61.656
17.642313842000476,15.393023999999999,61.906
17.655658470999697,15.393023999999999,61.531
17.66775151300044,15.432191999999999,61.781
17.679826026000228,15.47136,61.812
17.69190402700042,15.47136,62.093
17.70400385300036,15.510528,61.687
17.71610652599975,15.510528,61.968
17.731053536000218,15.510528,61.875
17.74310033599977,15.510528,61.625
17.75516736099962,15.510528,61.843
17.76722894500017,15.510528,62.187
17.779160797999793,15.47136,61.75
17.79121627099994,15.432191999999999,61.968
17.80322313400029,15.432191999999999,61.75
17.81526919800035,15.393023999999999,61.875
17.827268828999877,15.393023999999999,61.562
17.839271083999847,15.393023999999999,61.843
17.851284796000073,15.432191999999999,62.187
17.863339084000472,15.432191999999999,61.75
17.87545235000016,15.432191999999999,62.062
17.887482062000345,15.432191999999999,61.718
17.899476605000018,15.47136,62.031
17.911468268000135,15.47136,61.562
17.923468443000274,15.510528,61.843
17.935489866000353,15.510528,62.031
17.94748060100028,15.47136,61.875
17.959459591000268,15.510528,61.906
17.97144815000047,15.510528,61.593
17.983489510000254,15.510528,61.875
17.995499669999845,15.549695999999999,61.75
18.007481923999876,15.549695999999999,62.062
18.01945694599999,15.549695999999999,61.625
18.031543908000458,15.588864,61.937
18.043508978000318,15.588864,61.718
18.055476063999777,15.432191999999999,61.687
18.067507472000216,15.353856,61.531
18.07957465599975,15.353856,61.593
18.09159032000025,15.314688,62.093
18.105188554999586,15.27552,61.656
18.117895022000084,15.353856,61.593
18.13148164100039,15.353856,61.781
18.145004482999866,15.393023999999999,61.718
18.157210072000453,15.393023999999999,62.062
18.169306793000032,15.432191999999999,61.625
18.181489788999897,15.47136,61.937
18.19366728099976,15.47136,61.593
18.20727300500039,15.47136,61.906
18.2192757720004,15.47136,61.656
18.23129729199991,15.47136,61.875
18.243288153999856,15.47136,62.093
18.255294409999806,15.432191999999999,61.687
18.26727167199988,15.432191999999999,62.0
18.27925389400025,15.432191999999999,61.937
18.29139663299975,15.353856,61.625
18.303384392000225,15.353856,61.875
18.315404887999648,15.393023999999999,62.156
18.327401061999808,15.393023999999999,61.718
18.339427797999633,15.393023999999999,61.968
18.351458758000263,15.432191999999999,61.687
18.363463284999852,15.393023999999999,61.906
18.37545520399999,15.432191999999999,61.718
18.387698841999736,15.47136,61.843
18.39981661999991,15.47136,62.156
18.41183877900039,15.510528,61.75
18.423860619000152,15.47136,62.125
18.435890970999935,15.47136,61.656
18.447909161999632,15.47136,61.812
18.459896377000405,15.510528,61.625
18.471895399999994,15.510528,61.687
18.483937623999736,15.510528,61.75
18.496535127999778,15.549695999999999,61.875
18.50861018500018,15.549695999999999,61.625
18.520670136999797,15.549695999999999,61.875
18.53295870399961,15.47136,61.562
18.54498736000005,15.432191999999999,61.656
18.556977135000125,15.432191999999999,61.968
18.57092318800005,15.353856,61.875
18.584622577999653,15.393023999999999,61.5
18.596793126000193,15.432191999999999,61.812
18.60868171400034,15.432191999999999,61.5
18.62038674500036,15.47136,61.718
18.632744497999738,15.510528,62.062
18.64503965699987,15.510528,61.718
18.657215133000136,15.510528,61.593
18.670358282999587,15.47136,61.781
18.68268016300044,15.47136,61.625
18.69475698000042,15.47136,61.843
18.706835910000336,15.47136,62.156
18.718906263000463,15.47136,61.781
18.73092352599997,15.432191999999999,61.937
18.742972277999797,15.432191999999999,61.656
18.754971684999873,15.432191999999999,61.937
18.767006389000016,15.353856,61.562
18.779026117000285,15.393023999999999,61.781
18.791071700999964,15.393023999999999,62.156
18.803115077000257,15.393023999999999,62.031
18.815211862999604,15.393023999999999,61.687
18.82716320399959,15.432191999999999,61.875
18.839167858999645,15.432191999999999,61.625
18.851153921999867,15.432191999999999,61.906
18.863307796999834,15.47136,62.125
18.87529485200048,15.47136,61.75
18.88729985900045,15.510528,62.031
18.899263168999823,15.47136,61.781
18.911251984000046,15.47136,61.875
18.923240125999655,15.510528,61.625
18.935239788999752,15.510528,61.812
18.947242363999976,15.510528,62.031
18.959278092000204,15.510528,61.718
18.971259386999918,15.549695999999999,61.843
18.983278986000187,15.588864,61.562
18.99528933700003,15.549695999999999,61.843
19.00726029500038,15.47136,61.531
19.019241013999817,15.432191999999999,61.812
19.03135146400018,15.432191999999999,61.656
19.045167881999987,15.353856,61.843
19.05829416800043,15.353856,61.812
19.071557322000444,15.393023999999999,61.437
19.085033313999702,15.393023999999999,61.656
19.097668067000086,15.432191999999999,62.0
19.109775924999667,15.47136,61.562
19.122109324999656,15.47136,61.843
19.134363363000375,15.510528,61.843
19.147080102000473,15.510528,61.625
19.159264889999577,15.510528,61.843
19.17126560900033,15.549695999999999,62.187
19.183263128000362,15.510528,61.781
19.195266343000185,15.47136,62.062
19.207328471999972,15.47136,61.718
19.219305702000383,15.47136,61.906
19.231328021999616,15.393023999999999,61.656
19.243377030000374,15.393023999999999,61.812
19.25540059800005,15.432191999999999,62.031
19.26712754900018,15.353856,61.687
19.279217647000223,15.353856,61.968
19.291347905000293,15.353856,61.593
19.303375888999653,15.353856,61.875
19.3153842239999,15.353856,61.656
19.3273899349997,15.393023999999999,62.093
19.339403902999948,15.432191999999999,62.093
19.35137310099981,15.432191999999999,62.031
19.363405435999994,15.47136,61.781
19.37540394700045,15.432191999999999,61.875
19.387395738000123,15.432191999999999,61.593
19.39954708500045,15.47136,61.75
19.41156505300023,15.47136,62.093
19.423558571000285,15.47136,61.687
19.4355709069996,15.47136,61.968
19.44754919299976,15.510528,61.593
19.459534712000277,15.549695999999999,61.875
19.471528709999802,15.510528,61.625
19.483552661999965,15.432191999999999,61.625
19.49553818000004,15.393023999999999,62.156
19.507559476000097,15.393023999999999,61.875
19.521040491999884,15.353856,61.625
19.533683597000163,15.353856,61.812
19.54723623100017,15.393023999999999,61.687
19.560708447000252,15.393023999999999,61.968
19.57239357399976,15.432191999999999,61.656
19.584646364000037,15.47136,61.906
19.596870673000012,15.47136,61.593
19.60898899499989,15.510528,61.843
19.621134293999603,15.510528,61.812
19.63559777000046,15.510528,62.156
19.6475963769999,15.510528,61.843
19.659641864999685,15.510528,62.062
19.671660152000186,15.47136,61.562
19.68368480800018,15.47136,61.968
19.695724408000387,15.432191999999999,61.625
19.707879178999974,15.393023999999999,61.781
19.719863321999583,15.393023999999999,62.125
19.73188036099964,15.393023999999999,61.718
19.743905240999993,15.432191999999999,62.031
19.756032074999894,15.432191999999999,61.656
19.76801321000039,15.432191999999999,61.937
19.780031080999834,15.432191999999999,61.593
19.792043608000313,15.432191999999999,61.843
19.80403408700022,15.47136,62.187
19.8160251420004,15.47136,61.687
19.82804230900001,15.510528,62.0
19.840067924999857,15.510528,61.875
19.852071555999828,15.47136,61.687
19.86359840499972,15.432191999999999,61.812
19.875891900999704,15.47136,61.968
19.887921804000143,15.432191999999999,61.718
19.899986108999656,15.432191999999999,61.843
19.912014540999735,15.47136,61.593
19.92401004400017,15.47136,61.781
19.936005194000245,15.510528,61.531
19.947984600999916,15.510528,61.812
19.959966534999694,15.393023999999999,62.0
19.971925941000336,15.353856,61.656
19.98395674099993,15.353856,61.687
19.99592894699981,15.314688,61.531
20.008343374000106,15.353856,61.75
20.02170195399958,15.353856,61.656
20.03536012800032,15.393023999999999,61.906
20.04827264800042,15.393023999999999,61.625
20.060329079999974,15.47136,61.875
20.072498763999647,15.47136,61.875
20.08469945700017,15.510528,61.562
20.09690930099987,15.47136,61.781
20.110266314,15.510528,62.062
20.12234357899979,15.510528,61.781
20.134389675999955,15.510528,62.0
20.14643855600025,15.47136,61.625
20.158448746999966,15.47136,61.875
20.170482458999686,15.432191999999999,61.593
20.182649934999972,15.432191999999999,62.156
20.194672765999712,15.393023999999999,61.75
20.20670228600011,15.393023999999999,62.0
20.218718013000398,15.432191999999999,61.656
20.230864848000238,15.432191999999999,61.875
20.24288537600023,15.432191999999999,61.718
20.254934479999974,15.432191999999999,61.875
20.26698067199959,15.432191999999999,62.125
20.27899355200043,15.47136,61.843
20.29101388700019,15.510528,61.968
20.30300375800016,15.510528,61.625
20.315015357000448,15.510528,62.0
20.32700161200046,15.47136,61.593
20.33904815599999,15.510528,61.812
20.35107498799971,15.549695999999999,61.906
20.363055546000396,15.549695999999999,61.656
20.37506612099969,15.549695999999999,61.843
20.38708840900017,15.549695999999999,61.656
20.39907975099959,15.588864,61.718
20.41112690400041,15.588864,62.156
20.42324589800046,15.510528,62.0
20.435266616999797,15.47136,61.781
20.447252424,15.432191999999999,61.812
20.4593178490004,15.393023999999999,61.625
20.473212347999834,15.353856,61.781
20.48536520000016,15.353856,62.031
20.49800913600029,15.353856,61.937
20.51127021100001,15.393023999999999,61.531
20.523370963999696,15.393023999999999,61.843
20.53545622999991,15.47136,61.531
20.54804560499997,15.47136,61.718
20.560430335000092,15.510528,61.687
20.57585044500047,15.47136,62.093
20.58793532599975,15.510528,61.75
20.600508028999684,15.510528,61.968
20.612546381000357,15.510528,61.937
20.62457580499995,15.47136,61.625
20.63664305400016,15.432191999999999,61.843
20.648743103000015,15.432191999999999,62.125
20.660765102999903,15.393023999999999,61.656
20.672743516999617,15.393023999999999,61.937
20.684825102000104,15.393023999999999,61.625
20.696968577000007,15.393023999999999,61.875
20.708961872000145,15.432191999999999,61.656
20.720961183000327,15.432191999999999,61.812
20.733085713000037,15.432191999999999,62.031
20.745124480999948,15.432191999999999,61.781
20.757172593999712,15.47136,61.968
20.76917894500002,15.47136,61.656
20.781185552000352,15.510528,61.906
20.793191486999604,15.47136,61.781
20.805183469999974,15.47136,61.843
20.817193693000263,15.510528,62.125
20.829177354999956,15.510528,61.937
20.841201690999696,15.510528,61.687
20.853211050000027,15.549695999999999,61.875
20.86522664899985,15.549695999999999,61.468
20.87720989599984,15.549695999999999,61.656
20.889230390999728,15.549695999999999,62.031
20.901207365999653,15.47136,61.656
20.913200564000363,15.432191999999999,61.937
20.925211267999657,15.432191999999999,61.468
20.938320336999823,15.353856,61.625
20.95197684699997,15.353856,61.718
20.96557293800015,15.353856,62.031
20.97903232200042,15.393023999999999,61.843
20.99230833999991,15.432191999999999,61.531
21.00447322400032,15.47136,61.75
21.016549912999835,15.47136,61.562
21.028681067000434,15.510528,61.781
21.040773820999675,15.510528,62.062
21.053693732999818,15.510528,62.062
21.066337766000288,15.47136,61.625
21.077871880000203,15.47136,61.875
21.089863862999664,15.432191999999999,61.562
21.101907911000126,15.432191999999999,61.75
21.113923414000055,15.393023999999999,62.062
21.12598202299978,15.393023999999999,61.656
21.138007894999646,15.314688,61.875
21.150005925000187,15.314688,61.625
21.1620688539997,15.353856,61.875
21.174092166000264,15.353856,61.687
21.18607451600019,15.353856,61.843
21.198096164000162,15.353856,62.093
21.210062002000086,15.393023999999999,61.75
21.222063745000014,15.393023999999999,61.968
21.234065487999942,15.432191999999999,61.687
21.24604972599991,15.432191999999999,61.843
21.258083341999736,15.47136,61.562
21.27009142099996,15.432191999999999,61.75
21.28233128299962,15.432191999999999,62.093
21.294365826000103,15.47136,62.031
21.306581879000078,15.47136,61.656
21.318610055000136,15.47136,61.781
21.330657270999836,15.510528,61.593
21.342684070999894,15.510528,61.656
21.354727830999764,15.510528,61.875
21.366774342999634,15.510528,61.718
21.378792118999627,15.432191999999999,61.875
21.390834726999856,15.393023999999999,61.656
21.402861045999998,15.393023999999999,61.718
21.416997217000244,15.314688,61.656
21.43036046999987,15.314688,61.906
21.44363792799959,15.353856,61.875
21.456796311999824,15.353856,61.531
21.469546715000433,15.393023999999999,61.718
21.48180993799997,15.432191999999999,61.531
21.494167914999707,15.47136,61.687
21.506372286999976,15.47136,62.062
21.51851899400026,15.47136,62.062
21.53244658299991,15.47136,61.718
21.54450000700035,15.47136,61.875
21.5565518960002,15.47136,61.718
21.568349952999597,15.47136,61.75
21.58045355499962,15.432191999999999,62.156
21.592548612000428,15.432191999999999,61.718
21.60455022699989,15.393023999999999,62.062
21.616611684000418,15.353856,61.75
21.62862059500003,15.393023999999999,61.906
21.640660547000152,15.393023999999999,61.718
21.652682001999892,15.393023999999999,61.812
21.6647500830004,15.353856,61.75
21.67712159599978,15.353856,61.937
21.68933646500045,15.314688,61.75
21.701414082000156,15.353856,61.875
21.713411728999745,15.393023999999999,61.656
21.725392448000093,15.393023999999999,61.75
21.737396559000445,15.432191999999999,62.125
21.749427613999615,15.393023999999999,61.781
21.76168130000042,15.393023999999999,61.968
21.773837319999984,15.432191999999999,61.656
21.785878775999663,15.432191999999999,61.875
21.79788554300012,15.432191999999999,61.468
21.809886101999837,15.47136,61.75
21.821909125000275,15.47136,61.937
21.833933236999655,15.510528,61.656
21.84594746000039,15.47136,61.968
21.857943987,15.393023999999999,61.781
21.87010112600001,15.353856,61.531
21.882098484999915,15.353856,61.687
21.895471881999583,15.314688,61.968
21.909024675999717,15.314688,61.906
21.921186456000214,15.353856,61.468
21.93463259100008,15.353856,61.75
21.94644802499988,15.393023999999999,61.531
21.95860122799968,15.432191999999999,61.781
21.970713054000043,15.47136,62.031
21.982968756000446,15.47136,61.593
21.995129255000393,15.47136,61.718
22.008637728000394,15.510528,61.875
22.020704720999674,15.510528,61.687
22.032870181000362,15.510528,61.875
22.045091738000338,15.47136,62.031
22.057295853999676,15.432191999999999,61.718
22.069373407000057,15.432191999999999,61.937
22.081483728999956,15.393023999999999,61.718
22.093557154000337,15.393023999999999,61.843
22.105693460999646,15.393023999999999,61.593
22.11775597399992,15.393023999999999,61.812
22.129814678000002,15.432191999999999,62.093
22.141859813999872,15.432191999999999,62.0
22.153883093999866,15.432191999999999,61.75
22.165855715999896,15.432191999999999,61.906
22.177951798000322,15.47136,61.656
22.190048647000367,15.47136,61.875
22.202089463000448,15.510528,62.062
22.214135270999577,15.510528,61.781
22.226155958999698,15.47136,62.031
22.238176869999734,15.510528,61.687
22.25017058100002,15.510528,61.843
22.262192101000437,15.510528,61.562
22.273996398000236,15.47136,61.687
22.285444269000436,15.47136,62.0
22.29752291099976,15.47136,61.593
22.309557229999882,15.510528,61.875
22.321587550000004,15.510528,61.593
22.33365511900047,15.432191999999999,61.781
22.34566537400042,15.393023999999999,61.625
22.357685773999947,15.393023999999999,61.906
22.37124544800008,15.314688,61.625
22.38466943900039,15.314688,61.843
22.396886579999773,15.353856,61.75
22.41029255400008,15.353856,61.437
22.42297834800047,15.393023999999999,61.718
22.43511433399999,15.432191999999999,62.031
22.447213647999888,15.47136,61.656
22.459266240000034,15.47136,61.906
22.472689559000173,15.47136,61.875
22.48498321399984,15.47136,61.656
22.496984893000445,15.510528,61.812
22.508984684000097,15.510528,62.218
22.52098857100009,15.47136,61.687
22.533171375000165,15.432191999999999,62.0
22.54516540500026,15.432191999999999,61.718
22.557150059999913,15.393023999999999,61.875
22.56914953100022,15.353856,61.5
22.581208075000177,15.393023999999999,61.781
22.592976404000183,15.393023999999999,62.125
22.605102821999935,15.432191999999999,61.718
22.6171676390004,15.432191999999999,62.031
22.62918454999999,15.393023999999999,61.75
22.641224598000008,15.432191999999999,61.875
22.653227460999915,15.47136,61.687
22.665211763000116,15.47136,61.812
22.677180001000124,15.510528,62.125
22.689177872000073,15.510528,61.75
22.701170078999894,15.47136,62.0
22.713329457999862,15.510528,61.843
22.7253344009996,15.510528,61.5
22.737386194000464,15.510528,61.812
22.74939769699995,15.549695999999999,62.062
22.76138727899979,15.549695999999999,61.593
22.773397343000397,15.549695999999999,61.875
22.785384044999773,15.588864,61.656
22.797373020000123,15.510528,61.843
22.809385450999798,15.47136,61.562
22.82138613799998,15.432191999999999,61.656
22.83347741899979,15.393023999999999,62.0
22.8457870430002,15.393023999999999,61.625
22.85905694899975,15.432191999999999,61.5
22.873104348999732,15.353856,61.687
22.885670683999706,15.353856,61.437
22.898086293999768,15.393023999999999,62.062
22.91025437799999,15.432191999999999,61.687
22.922391611999956,15.432191999999999,61.906
22.93453470300028,15.47136,61.656
22.94668109000031,15.47136,61.781
22.95871112199984,15.47136,61.625
22.970726817000468,15.47136,61.781
22.982862324000052,15.47136,62.062
22.994876931000363,15.47136,61.656
23.006931156000064,15.432191999999999,62.0
23.018993636000232,15.432191999999999,61.593
23.031007186999886,15.393023999999999,61.906
23.043003234000025,15.353856,61.625
23.05502465799964,15.393023999999999,61.812
23.067030977000286,15.393023999999999,62.062
23.07901102300002,15.393023999999999,61.656
23.091152961999796,15.393023999999999,61.906
23.103124176000165,15.393023999999999,61.625
23.11513753500003,15.393023999999999,61.812
23.127161102999708,15.432191999999999,61.875
23.139257120000366,15.47136,62.062
23.151223982000374,15.47136,61.75
23.16316524299964,15.510528,61.968
23.17512714500026,15.432191999999999,61.687
23.187124727999617,15.47136,61.875
23.199099878000197,15.510528,62.125
23.211095605000082,15.510528,61.812
23.2230788830002,15.510528,61.875
23.235097458999917,15.510528,61.656
23.247103618000438,15.510528,61.812
23.2590643679996,15.549695999999999,61.593
23.271055166000224,15.510528,61.875
23.283086221999838,15.47136,62.187
23.295090429000084,15.393023999999999,61.687
23.307345010999597,15.393023999999999,61.906
23.319736333000037,15.353856,61.875
23.333364232999884,15.393023999999999,61.468
23.346616859000278,15.393023999999999,61.5
23.360039889999825,15.432191999999999,61.625
23.37226093499976,15.432191999999999,61.968
23.384701281999696,15.47136,61.531
23.39687336499992,15.510528,61.843
23.409068138000293,15.510528,61.718
23.421386144999815,15.510528,61.875
23.43343092899977,15.510528,62.218
23.44541721600035,15.510528,61.687
23.45738065400019,15.510528,62.093
23.46986141799971,15.432191999999999,61.843
23.482267460000003,15.353856,61.562
23.4942214900002,15.353856,61.781
23.50629325099999,15.353856,61.5
23.518359571000474,15.314688,61.718
23.530431107999902,15.314688,62.0
23.54243144300017,15.314688,61.687
23.55442643399965,15.353856,62.031
23.566438097000173,15.353856,61.625
23.578486432999853,15.353856,61.906
23.590510768999593,15.353856,62.281
23.602534079999714,15.393023999999999,61.75
23.6148482159997,15.432191999999999,62.031
23.627165808000427,15.432191999999999,61.656
23.639347555000313,15.47136,62.0
23.651371891000053,15.393023999999999,61.812
23.663420482999754,15.432191999999999,61.687
23.67539940900042,15.47136,61.687
23.68740553600037,15.47136,62.031
23.69939566300036,15.47136,61.562
23.71141138999974,15.47136,61.875
23.72335479600042,15.510528,61.562
23.735335450000093,15.510528,61.843
23.747307847999764,15.47136,62.187
23.759273589999793,15.432191999999999,61.718
23.77122019499984,15.393023999999999,61.937
23.783371958000316,15.353856,61.625
23.796336671999597,15.314688,61.593
23.80963902700023,15.353856,61.75
23.82296659900021,15.353856,62.125
23.836327291999623,15.393023999999999,62.0
23.84867563700027,15.393023999999999,61.625
23.860830087999602,15.432191999999999,61.875
23.873113759000262,15.47136,61.5
23.885193680000157,15.47136,61.875
23.89721747099975,15.47136,61.531
23.909200174000034,15.47136,61.781
23.921331872000337,15.47136,62.031
23.933400208999956,15.47136,61.75
23.94551293099994,15.432191999999999,61.937
23.957527186000334,15.432191999999999,61.625
23.96952937700007,15.393023999999999,61.812
23.981659475000015,15.353856,62.156
23.993662242000028,15.353856,61.75
24.005762963999587,15.393023999999999,62.093
24.017836164999608,15.393023999999999,61.937
24.03002760900017,15.393023999999999,61.656
24.042105642000024,15.393023999999999,61.875
24.054088984999908,15.393023999999999,62.25
24.066114792000008,15.393023999999999,61.687
24.07862019700042,15.393023999999999,62.0
24.09053460999985,15.393023999999999,61.718
24.102816264000467,15.432191999999999,61.937
24.114939514999605,15.432191999999999,61.687
24.127027851999628,15.393023999999999,61.906
24.139052411000193,15.432191999999999,62.156
24.151121932000024,15.432191999999999,61.656
24.163131258999783,15.432191999999999,62.031
24.175093001000278,15.47136,61.562
24.187122264999743,15.47136,61.812
24.199119240000073,15.47136,61.781
24.211125367000022,15.510528,62.156
24.22347563099993,15.47136,61.812
24.23548991900043,15.432191999999999,61.968
24.247504205999576,15.353856,61.656
24.25962995200007,15.353856,61.781
24.273048375000144,15.314688,61.781
24.28658689599979,15.353856,62.062
24.299926564999623,15.353856,61.593
24.312049334999756,15.393023999999999,61.906
24.323597112999778,15.432191999999999,61.562
24.33579150100013,15.47136,61.812
24.347867710000173,15.47136,61.593
24.35999870500018,15.510528,61.781
24.372971546999906,15.510528,61.718
24.38517300700005,15.510528,62.031
24.397366275999957,15.510528,61.687
24.40959506499985,15.510528,61.906
24.421738187999836,15.47136,61.656
24.433816157000365,15.47136,61.812
24.44583793200036,15.432191999999999,62.156
24.45781193000039,15.393023999999999,61.781
24.469840521999686,15.393023999999999,62.0
24.481924667000385,15.432191999999999,61.75
24.493945385999723,15.432191999999999,61.937
24.505961498000033,15.432191999999999,61.687
24.51797053700011,15.432191999999999,61.875
24.53000584900019,15.432191999999999,62.156
24.54211604200009,15.47136,62.0
24.55409180100014,15.47136,61.75
24.566074887000468,15.510528,61.906
24.578086966000228,15.549695999999999,61.656
24.59010410100018,15.510528,61.906
24.602239191999615,15.510528,62.156
24.614308745000017,15.510528,61.718
24.626340761000392,15.549695999999999,61.968
24.63845421899987,15.549695999999999,61.625
24.650752673999705,15.549695999999999,61.875
24.66288648400041,15.549695999999999,61.562
24.67422020899994,15.510528,61.718
24.686562664999656,15.510528,62.031
24.69870089199958,15.510528,61.75
24.710750987999745,15.432191999999999,61.875
24.722786940000333,15.393023999999999,61.718
24.734826251999948,15.393023999999999,61.562
24.749792749000335,15.314688,62.093
24.763186178999604,15.314688,61.593
24.776489238000067,15.353856,61.875
24.78985585099963,15.353856,61.812
24.802104545000475,15.393023999999999,61.593
24.814211251000415,15.432191999999999,61.75
24.82631968500027,15.47136,61.5
24.838453846999982,15.47136,61.75
24.85147190600037,15.47136,62.062
24.863683638999646,15.47136,61.687
24.87571674300034,15.47136,61.968
24.887737590000143,15.47136,61.625
24.899760422000327,15.47136,61.843
24.911769461000404,15.432191999999999,62.218
24.923808708999786,15.432191999999999,61.875
24.935786738999923,15.353856,62.0
24.947752512999614,15.353856,62.0
24.959743663000154,15.393023999999999,61.656
24.971872289999737,15.393023999999999,61.906
24.983891120999942,15.393023999999999,62.218
24.99588803200004,15.393023999999999,61.812
25.00786388600045,15.432191999999999,62.062
25.019822236000437,15.432191999999999,61.687
25.031919660999847,15.47136,61.875
25.04388869899958,15.47136,61.687
25.05585808900014,15.510528,61.875
25.0678404399996,15.47136,62.25
25.07980871000018,15.47136,61.875
25.091793171999598,15.510528,62.031
25.10408058699977,15.510528,61.687
25.116180412000176,15.510528,61.875
25.1282771340002,15.549695999999999,61.656
25.140310941999815,15.510528,61.781
25.152328269000463,15.549695999999999,62.031
25.164343579999695,15.549695999999999,61.781
25.176357323999582,15.47136,61.937
25.188418364000427,15.432191999999999,61.968
25.200456139999915,15.432191999999999,61.5
25.21333342700018,15.353856,61.75
25.226526530999763,15.353856,62.031
25.238467569000022,15.393023999999999,61.906
25.251920200000313,15.393023999999999,61.531
25.265170010000475,15.432191999999999,61.781
25.276704251999945,15.353856,61.531
25.28815609100002,15.393023999999999,61.625
25.30043678600032,15.432191999999999,62.062
25.31253241899958,15.432191999999999,62.0
25.327548453999952,15.432191999999999,61.718
25.339554228999987,15.432191999999999,61.968
25.351602501000343,15.47136,61.562
25.363655158000256,15.432191999999999,61.875
25.375902826999663,15.432191999999999,62.156
25.387937211000462,15.393023999999999,61.718
25.39996810699995,15.393023999999999,62.0
25.411936217000402,15.353856,61.656
25.423923590999948,15.353856,61.906
25.4359235740003,15.393023999999999,61.656
25.447930469000312,15.393023999999999,61.812
25.459943124000347,15.393023999999999,62.187
25.471932546999597,15.393023999999999,62.062
25.483938194000075,15.393023999999999,62.0
25.495915808000063,15.432191999999999,61.968
25.50787851000041,15.47136,61.687
25.51985913200042,15.47136,61.875
25.531865547000052,15.510528,62.156
25.54385324099985,15.47136,61.875
25.555806727000345,15.47136,62.093
25.567788725000355,15.510528,61.656
25.57977139600007,15.510528,61.875
25.59178990700002,15.510528,61.593
25.603811906000374,15.549695999999999,61.843
25.615787312000066,15.510528,62.0
25.627766366999822,15.549695999999999,61.625
25.64006299799985,15.549695999999999,61.937
25.652180615999896,15.47136,61.593
25.664821864999794,15.432191999999999,61.875
25.677058686000237,15.432191999999999,61.656
25.690054536999924,15.353856,62.031
25.703449566000018,15.353856,62.0
25.716758065999784,15.393023999999999,61.531
25.730089126000166,15.393023999999999,61.875
25.742917036000108,15.432191999999999,61.531
25.7551015680001,15.47136,61.781
25.76716366399978,15.47136,62.093
25.779232161000436,15.510528,61.687
25.791400531999898,15.510528,61.656
25.804534562999834,15.510528,61.968
25.81655339400004,15.549695999999999,61.656
25.828514079999877,15.510528,61.812
25.840520847000334,15.510528,62.156
25.85254790199997,15.47136,61.687
25.864539917000002,15.47136,62.093
25.87576855000043,15.432191999999999,61.718
25.888276962999953,15.353856,61.937
25.90040267800032,15.353856,61.625
25.912732398000117,15.353856,61.75
25.924770910000007,15.353856,62.125
25.93682484599958,15.393023999999999,61.812
25.94900425800006,15.393023999999999,62.0
25.961040785000478,15.393023999999999,61.937
25.973154786999658,15.393023999999999,61.687
25.985211731999698,15.432191999999999,61.875
25.997311140999955,15.47136,62.187
26.00936501399974,15.47136,61.75
26.021419110000352,15.47136,62.156
26.033493046999865,15.432191999999999,61.718
26.04584663999958,15.47136,61.875
26.05788067100002,15.510528,61.687
26.06992510300006,15.510528,61.781
26.082053473999622,15.510528,62.062
26.094068528999742,15.510528,61.687
26.10611728100048,15.549695999999999,61.875
26.11810305600011,15.549695999999999,61.687
26.130122143000335,15.432191999999999,61.781
26.142117997999776,15.432191999999999,61.875
26.154161950000343,15.393023999999999,62.062
26.16756152400012,15.314688,61.656
26.18116302300041,15.314688,61.562
26.19440822500019,15.353856,61.875
26.208000251999692,15.393023999999999,61.75
26.221466740000324,15.393023999999999,61.5
26.23375021799984,15.432191999999999,61.718
26.245923133999895,15.47136,62.031
26.25807739300035,15.47136,61.562
26.27022835600019,15.47136,61.875
26.28316711699972,15.510528,61.625
26.29515903599986,15.510528,61.875
26.30716887499966,15.510528,62.187
26.31916229699982,15.510528,61.75
26.33121511399986,15.47136,62.031
26.343223609000233,15.432191999999999,61.968
26.355216551000012,15.432191999999999,61.625
26.367325848999826,15.393023999999999,61.906
26.37945015599962,15.393023999999999,61.593
26.39147961100025,15.393023999999999,61.812
26.403564043999722,15.393023999999999,62.031
26.41556236300039,15.393023999999999,61.75
26.42753703299968,15.393023999999999,61.906
26.43975545400008,15.393023999999999,61.718
26.451931921999858,15.432191999999999,61.875
26.46391491200029,15.47136,62.187
26.47608293200028,15.432191999999999,61.687
26.488159075999647,15.432191999999999,62.031
26.500289014999908,15.393023999999999,61.687
26.512411241000336,15.393023999999999,61.968
26.52451708300032,15.432191999999999,61.812
26.5365225380001,15.47136,62.218
26.548552856999777,15.47136,61.687
26.560683884000355,15.47136,62.031
26.572710106999693,15.47136,61.625
26.584766124000453,15.510528,61.812
26.596761818000232,15.510528,61.656
26.60878861800029,15.432191999999999,61.687
26.620776888000364,15.393023999999999,62.156
26.632876681999733,15.353856,61.593
26.64586053200037,15.314688,61.625
26.659212841000226,15.314688,61.75
26.672876870000437,15.314688,61.718
26.687352922000173,15.353856,61.531
26.700718863000475,15.393023999999999,61.625
26.712949667999965,15.432191999999999,61.937
26.72511125500023,15.47136,61.875
26.737337644000036,15.47136,61.625
26.749424702000397,15.47136,61.843
26.762791635000212,15.510528,61.625
26.774811969999973,15.510528,61.781
26.786837648999608,15.510528,62.156
26.798821088000295,15.47136,61.687
26.810832238999865,15.432191999999999,61.875
26.82285705400045,15.432191999999999,61.656
26.834863084999597,15.432191999999999,61.875
26.846860444000413,15.393023999999999,61.625
26.858888011999625,15.393023999999999,61.781
26.870898555000167,15.393023999999999,62.125
26.88300014000015,15.432191999999999,62.031
26.895028764000017,15.432191999999999,61.718
26.907014794000133,15.432191999999999,61.875
26.919031129999894,15.432191999999999,61.687
26.93103197599976,15.47136,61.875
26.943056408000302,15.47136,62.093
26.95504176600025,15.510528,61.812
26.96706085400001,15.510528,62.0
26.979076964999877,15.47136,61.687
26.99108497999987,15.510528,61.843
27.003070626000408,15.510528,62.156
27.015076880999914,15.510528,61.75
27.027083680000032,15.549695999999999,61.937
27.039177810000183,15.549695999999999,61.75
27.05118076800045,15.549695999999999,61.843
27.06313486199997,15.588864,61.656
27.07510770800036,15.510528,61.687
27.08755128699977,15.393023999999999,62.031
27.0995405499998,15.353856,61.75
27.111509747999662,15.353856,61.437
27.12525950700001,15.27552,61.812
27.138564582000072,15.27552,61.75
27.151750869999887,15.314688,61.562
27.16522266999982,15.314688,61.687
27.178674693000175,15.353856,61.625
27.190852505000294,15.393023999999999,61.937
27.20295725899996,15.432191999999999,61.562
27.21510572599982,15.432191999999999,61.843
27.22739400499995,15.432191999999999,61.562
27.240350654000395,15.47136,61.781
27.25239451000016,15.47136,62.093
27.26444127800005,15.47136,61.75
27.276499567000428,15.47136,62.031
27.288552863000405,15.432191999999999,61.718
27.300553709999804,15.432191999999999,61.812
27.312551644999985,15.393023999999999,61.843
27.324554667000484,15.353856,62.093
27.33656863499982,15.393023999999999,61.812
27.34856890500032,15.393023999999999,61.968
27.36056933600048,15.393023999999999,61.718
27.372572135000155,15.432191999999999,61.843
27.38461029500013,15.432191999999999,61.593
27.396641606999765,15.432191999999999,61.843
27.40870357499989,15.47136,62.125
27.42072298200037,15.47136,61.75
27.432854808999764,15.510528,61.875
27.444854727999882,15.510528,61.812
27.456864822999705,15.47136,61.875
27.468870214000162,15.47136,62.218
27.48089986099967,15.510528,61.75
27.492925413000194,15.510528,61.875
27.50495157200021,15.510528,61.625
27.516955555000095,15.510528,61.906
27.528964017999897,15.549695999999999,61.5
27.54097116899993,15.549695999999999,61.875
27.552959599999667,15.510528,62.187
27.564977791000274,15.47136,62.062
27.576965485000073,15.432191999999999,61.656
27.58896220400038,15.393023999999999,61.875
27.602338960999987,15.353856,61.593
27.616008461999627,15.393023999999999,61.562
27.62924233600006,15.393023999999999,61.625
27.642550835000293,15.432191999999999,61.875
27.654629507999744,15.47136,61.562
27.666693236000356,15.510528,61.812
27.678921898000226,15.432191999999999,61.687
27.690975450000224,15.432191999999999,61.5
27.70549025499986,15.432191999999999,61.75
27.717970923000394,15.47136,62.093
27.73006095599976,15.47136,61.625
27.74210561200016,15.47136,62.0
27.75411586700011,15.432191999999999,61.875
27.76616289100002,15.393023999999999,61.593
27.778191931000038,15.393023999999999,61.843
27.790239787000246,15.353856,62.062
27.802266362999944,15.353856,61.75
27.81431143499958,15.353856,61.937
27.82634565799981,15.353856,61.687
27.838389610000377,15.393023999999999,61.875
27.850439834999634,15.393023999999999,61.593
27.862451721999605,15.393023999999999,61.718
27.874473240999578,15.393023999999999,62.062
27.886691822000103,15.432191999999999,61.718
27.89869215700037,15.47136,62.0
27.910704171999896,15.47136,61.718
27.922724891000144,15.47136,61.843
27.934797003999847,15.432191999999999,61.718
27.946842299999844,15.47136,61.812
27.958856266999646,15.510528,62.0
27.97086204199968,15.510528,61.875
27.982976364000024,15.510528,61.656
27.995003963999807,15.510528,61.718
28.007006505999925,15.549695999999999,61.5
28.01902665000034,15.549695999999999,61.781
28.031123722999837,15.47136,62.0
28.04314021800019,15.432191999999999,61.718
28.05512944899965,15.432191999999999,61.812
28.06712843999958,15.393023999999999,61.625
28.08056510300048,15.353856,61.562
28.094095143999766,15.393023999999999,61.687
28.107370937999804,15.432191999999999,62.0
28.119465836000018,15.432191999999999,61.531
28.13177974700011,15.47136,61.843
28.143876309000007,15.510528,61.625
28.15593750900007,15.510528,61.812
28.16804034300003,15.510528,61.781
28.183159133000117,15.510528,62.125
28.195172683999772,15.549695999999999,61.718
28.207162265999614,15.510528,61.968
28.2191954660002,15.510528,61.875
28.231172087999767,15.47136,61.625
28.243161895000412,15.47136,61.781
28.255160597000213,15.432191999999999,62.093
28.267139972000223,15.393023999999999,61.75
28.2791627710003,15.393023999999999,61.906
28.291594989999794,15.353856,61.593
28.303622813000402,15.353856,61.843
28.31565118100025,15.393023999999999,61.562
28.327669371999946,15.393023999999999,61.843
28.33969815599994,15.393023999999999,62.093
28.351719930999934,15.393023999999999,61.718
28.363748171000225,15.432191999999999,61.968
28.37571538500015,15.432191999999999,61.625
28.387766185000146,15.47136,61.875
28.399760694999713,15.47136,61.656
28.411800902999857,15.432191999999999,61.812
28.423806710000463,15.47136,62.0
28.435862629999974,15.510528,61.937
28.44782850000047,15.510528,61.875
28.459848579999743,15.510528,61.843
28.471793904999686,15.510528,61.531
28.483779262999633,15.549695999999999,61.75
28.495769006000046,15.549695999999999,62.0
28.507751260000077,15.47136,61.656
28.519756458999836,15.432191999999999,61.906
28.531838140000218,15.432191999999999,61.562
28.543965742000182,15.353856,61.812
28.557385604000046,15.353856,62.093
28.56958930499968,15.393023999999999,61.968
28.583223349000036,15.393023999999999,61.593
28.596794416000193,15.432191999999999,61.781
28.60824308700012,15.47136,61.625
28.620346304999657,15.510528,61.75
28.632572086000437,15.510528,61.5
28.644713161000254,15.510528,62.062
28.658027995999873,15.549695999999999,61.843
28.670058540000355,15.549695999999999,61.937
28.682099804000245,15.549695999999999,61.718
28.694064713000444,15.510528,61.843
28.706064695999885,15.510528,61.687
28.7180680069996,15.47136,61.718
28.730348477000007,15.47136,62.093
28.742780984000092,15.393023999999999,61.625
28.754853800999626,15.432191999999999,61.937
28.767002843999762,15.432191999999999,61.875
28.77915995100011,15.432191999999999,61.656
28.79116902199985,15.432191999999999,61.843
28.803215214000375,15.47136,62.062
28.81517077999979,15.47136,61.781
28.827339983000456,15.47136,62.0
28.839327102000425,15.510528,61.656
28.851315756000076,15.510528,61.875
28.86333593099971,15.549695999999999,61.656
28.87532029799968,15.47136,61.812
28.886823883000034,15.393023999999999,61.906
28.898449199000424,15.432191999999999,61.562
28.910492703000273,15.432191999999999,61.875
28.9225033419998,15.432191999999999,61.656
28.93456540599982,15.47136,61.812
28.94660366199969,15.47136,62.187
28.958614492999914,15.510528,61.718
28.970644748999803,15.510528,62.0
28.982767518999935,15.432191999999999,61.75
28.994762029999947,15.393023999999999,61.875
29.006801341000028,15.393023999999999,61.562
29.018818540999746,15.353856,62.125
29.032374151000113,15.314688,61.687
29.04580518199964,15.353856,61.875
29.05918408300022,15.393023999999999,61.875
29.072431427999618,15.393023999999999,61.531
29.08471381900017,15.432191999999999,61.781
29.096768426999915,15.47136,61.562
29.108965182999782,15.47136,61.656
29.121107281999684,15.47136,61.625
29.136158422000335,15.47136,61.968
29.14816698100003,15.510528,61.687
29.160138834999998,15.510528,61.843
29.172129632999713,15.47136,61.625
29.184163664999687,15.432191999999999,61.75
29.19615708800029,15.432191999999999,62.031
29.20845122300034,15.432191999999999,61.968
29.220556616000067,15.353856,61.625
29.232837759000176,15.393023999999999,61.875
29.244957873000203,15.393023999999999,61.625
29.25693612699979,15.393023999999999,61.75
29.268959951000397,15.393023999999999,62.093
29.28095660500003,15.432191999999999,61.75
29.292960875999597,15.432191999999999,61.937
29.304953435000243,15.432191999999999,61.687
29.31694743299977,15.47136,61.906
29.328946423999696,15.47136,61.656
29.340967879000345,15.510528,61.781
29.35297826199985,15.47136,62.125
29.364963140999862,15.47136,61.75
29.376932211000167,15.510528,61.875
29.38893462499982,15.510528,61.656
29.400959089000025,15.510528,61.843
29.412980799999787,15.510528,62.187
29.42498087900003,15.549695999999999,61.687
29.437103168999784,15.549695999999999,62.0
29.449085166999794,15.549695999999999,61.968
29.461086557999806,15.47136,61.687
29.47330005100048,15.432191999999999,61.781
29.484863509000206,15.353856,61.968
29.49773273200026,15.27552,61.593
29.511356439999872,15.27552,61.875
29.524021274000006,15.314688,61.843
29.53679497400026,15.353856,61.5
29.54905752400009,15.353856,61.718
29.561116867999772,15.393023999999999,61.562
29.573238230000243,15.432191999999999,61.718
29.585444203000407,15.432191999999999,61.937
29.597539547999986,15.432191999999999,61.875
29.61090670500016,15.47136,61.656
29.62291580800047,15.47136,61.843
29.634957199999917,15.510528,61.687
29.646962431000247,15.47136,61.781
29.658992431000115,15.432191999999999,62.0
29.670996316999663,15.432191999999999,61.687
29.68316267299997,15.432191999999999,61.968
29.695126141999935,15.353856,61.656
29.70711681299963,15.393023999999999,61.875
29.71916796500045,15.393023999999999,61.656
29.731135627000185,15.393023999999999,61.843
29.743154617999608,15.393023999999999,62.093
29.75520714600043,15.432191999999999,61.656
29.767565827,15.432191999999999,61.968
29.779622259000462,15.432191999999999,61.593
29.791642371000307,15.47136,61.875
29.80363857700013,15.510528,62.156
29.815661696999996,15.510528,62.093
29.827671920000284,15.47136,61.812
29.83974230399963,15.47136,61.937
29.85176648000015,15.510528,61.531
29.86374866999995,15.510528,61.843
29.875749484999687,15.510528,62.125
29.887743131000207,15.549695999999999,61.781
29.899769067000307,15.549695999999999,61.906
29.911752889000127,15.549695999999999,61.656
29.92375677600012,15.549695999999999,61.906
29.935755127000448,15.47136,61.531
29.94777728600002,15.432191999999999,61.843
29.959825302000354,15.432191999999999,61.937
29.972036715000286,15.393023999999999,61.937
29.985528547000285,15.393023999999999,61.625
29.999042012000245,15.393023999999999,61.718
30.01222116400004,15.432191999999999,61.656
30.025070738000068,15.432191999999999,61.531
30.037348425000346,15.47136,61.687
30.049649728000077,15.510528,61.968
30.061876181000116,15.510528,61.718
30.07568987800005,15.510528,61.843
30.0872647289998,15.432191999999999,61.5
30.098518163000335,15.432191999999999,61.718
30.110547426000267,15.432191999999999,62.187
30.122586577999755,15.432191999999999,61.781
30.1346821799998,15.432191999999999,62.0
30.146741843999735,15.393023999999999,61.875
30.158773764000216,15.393023999999999,61.656
30.170803635000084,15.353856,61.781
30.182985798999653,15.353856,61.625
30.194997462000174,15.353856,61.781
30.20700925300025,15.353856,62.125
30.219046932999845,15.393023999999999,61.718
30.231158694999976,15.393023999999999,61.937
30.243170742000075,15.393023999999999,61.718
30.255133476000083,15.393023999999999,61.875
30.26718882000023,15.432191999999999,62.187
30.279343399000027,15.47136,61.781
30.2914902980001,15.47136,61.968
30.303524457000094,15.432191999999999,61.781
30.315513176000422,15.432191999999999,61.937
30.327467492999858,15.47136,61.625
30.339436307000142,15.510528,61.843
30.351402784999664,15.510528,62.031
30.36339787199995,15.510528,61.968
30.37555046699981,15.510528,61.593
30.387681524999607,15.549695999999999,61.843
30.399703011999918,15.549695999999999,61.718
30.411779125000066,15.432191999999999,61.718
30.423887335000472,15.432191999999999,62.187
30.435964760000388,15.393023999999999,61.562
30.448134891000336,15.353856,61.937
30.46148220699979,15.353856,61.781
30.475068505999843,15.393023999999999,61.5
30.488639060999958,15.393023999999999,61.656
30.500711142,15.432191999999999,62.062
30.51290565799991,15.47136,61.937
30.524973386000056,15.510528,61.625
30.537057466999613,15.510528,61.875
30.549249710999902,15.510528,61.687
30.563666498000202,15.510528,61.843
30.575671151999813,15.549695999999999,62.218
30.587729441000192,15.549695999999999,61.968
30.60014793099981,15.510528,61.625
30.61232993500016,15.47136,61.875
30.624352222000198,15.47136,61.718
30.636357164999936,15.393023999999999,61.75
30.648353724000117,15.393023999999999,61.625
30.660490285999913,15.432191999999999,61.781
30.672518526000204,15.432191999999999,62.062
30.684577197999715,15.353856,61.593
30.69676681800047,15.314688,61.875
30.70878878500025,15.353856,61.593
30.720791968000412,15.353856,61.875
30.732918675000292,15.353856,62.125
30.74489737699969,15.393023999999999,61.718
30.756903856000463,15.432191999999999,62.031
30.768892510000114,15.432191999999999,61.875
30.78120443700027,15.393023999999999,61.687
30.79353860500032,15.432191999999999,61.875
30.80559663799977,15.432191999999999,62.093
30.81762996500038,15.47136,61.718
30.82963292400018,15.47136,61.875
30.841705773000285,15.47136,61.656
30.85373510000045,15.47136,61.781
30.86573895499987,15.510528,61.5
30.877824764000252,15.510528,61.781
30.88999361599963,15.432191999999999,61.968
30.90210220999961,15.393023999999999,61.75
30.9141961790001,15.393023999999999,61.656
30.92787732800025,15.314688,61.781
30.94121222800004,15.353856,61.75
30.954790847000368,15.353856,61.406
30.96809614599988,15.393023999999999,61.687
30.980780275999678,15.393023999999999,61.875
30.992945158999646,15.432191999999999,61.625
31.00514060400019,15.47136,61.875
31.01730276699982,15.47136,61.812
31.029437760999826,15.47136,61.593
31.04146008099997,15.510528,61.812
31.05348092799977,15.510528,62.125
31.06549476700002,15.510528,61.656
31.07764121800028,15.47136,61.843
31.089801269000418,15.432191999999999,61.593
31.10189392600023,15.432191999999999,61.812
31.113914933999695,15.393023999999999,61.656
31.12594109299971,15.393023999999999,61.75
31.13801355800024,15.393023999999999,62.0
31.150021157000083,15.393023999999999,61.718
31.162038579999717,15.393023999999999,61.875
31.174052035000386,15.432191999999999,61.593
31.186075026000253,15.393023999999999,61.875
31.19805820900001,15.432191999999999,62.125
31.210062447000382,15.47136,61.781
31.222215521999715,15.47136,61.937
31.234240050000153,15.510528,61.968
31.24625574499987,15.510528,61.781
31.258247822999692,15.47136,61.781
31.270404675000464,15.510528,62.156
31.28253554100047,15.510528,61.625
31.29381396700046,15.432191999999999,61.937
31.305816093999965,15.432191999999999,61.593
31.31793774400012,15.432191999999999,61.875
31.33004214599987,15.47136,61.562
31.34208958599993,15.47136,61.718
31.35411264100003,15.47136,62.093
31.366083118999995,15.393023999999999,61.593
31.37806134099992,15.353856,61.906
31.390047980000418,15.353856,61.468
31.404096307000145,15.27552,61.593
31.41751217000001,15.27552,61.718
31.430717946000186,15.314688,61.687
31.444024749000164,15.314688,61.843
31.457171259999996,15.353856,61.656
31.469349263000368,15.393023999999999,61.812
31.481465888999992,15.432191999999999,61.593
31.493545106000056,15.432191999999999,61.75
31.505690117000086,15.432191999999999,61.687
31.51947757400012,15.47136,62.062
31.531516981000095,15.47136,61.656
31.543523139999706,15.47136,61.937
31.555503442000372,15.47136,61.625
31.567483073000403,15.432191999999999,61.781
31.579449902000306,15.432191999999999,61.593
31.59145426899977,15.393023999999999,61.781
31.603431434999948,15.393023999999999,62.031
31.615395576999617,15.393023999999999,61.718
31.627374055000473,15.393023999999999,61.906
31.639381877999767,15.432191999999999,61.625
31.65139926899974,15.432191999999999,61.781
31.663391379999666,15.432191999999999,62.25
31.675359200999992,15.432191999999999,61.843
31.68737780900028,15.47136,62.0
31.699409568000192,15.47136,62.0
31.711373326000285,15.510528,61.687
31.7234423660002,15.510528,61.875
31.735447244999705,15.47136,61.718
31.747422843000095,15.510528,61.781
31.7594056730004,15.510528,61.937
31.771357558999625,15.510528,61.625
31.783423494999624,15.549695999999999,61.781
31.795395604999612,15.549695999999999,61.625
31.807041721999667,15.588864,61.687
31.81910065000011,15.588864,62.093
31.831167483000172,15.549695999999999,61.781
31.843167529999846,15.510528,61.906
31.855163704000006,15.432191999999999,61.593
31.867190504000064,15.432191999999999,61.812
31.88107521100028,15.393023999999999,61.718
31.894574852000005,15.314688,62.031
31.908031578999726,15.353856,61.562
31.92000935299984,15.393023999999999,61.5
31.932318527999996,15.393023999999999,61.875
31.944446514000447,15.432191999999999,61.562
31.95657056500022,15.47136,61.718
31.96862190899992,15.47136,61.562
31.982893090999823,15.47136,61.687
31.994950674999927,15.47136,61.968
32.00694528199983,15.510528,61.875
32.01897899300002,15.510528,61.718
32.03102918500008,15.47136,61.812
32.04304625700024,15.432191999999999,61.562
32.05502662300023,15.432191999999999,61.75
32.06701569300003,15.393023999999999,62.031
32.07903714799977,15.393023999999999,61.656
32.09104516299976,15.393023999999999,61.875
32.10303609000039,15.393023999999999,61.656
32.11516657199991,15.432191999999999,61.812
32.127126778000274,15.432191999999999,62.156
32.13916730500023,15.432191999999999,61.75
32.15112299900011,15.432191999999999,62.062
32.163258440999925,15.47136,61.687
32.175243063999915,15.47136,61.906
32.18725587900008,15.510528,61.562
32.1992376850003,15.510528,61.875
32.21122221099995,15.47136,62.187
32.22318760100006,15.510528,61.718
32.235192416000245,15.510528,61.906
32.24740475599992,15.510528,61.843
32.25941155500004,15.549695999999999,61.656
32.27138168100009,15.549695999999999,61.687
32.28343360100007,15.549695999999999,61.968
32.29542116799985,15.588864,61.75
32.307367964999685,15.510528,61.968
32.31937268399997,15.47136,61.625
32.33134312899983,15.432191999999999,61.843
32.34344913099994,15.393023999999999,61.625
32.35696096399988,15.393023999999999,62.062
32.370002640000166,15.432191999999999,61.593
32.38233143199977,15.432191999999999,61.906
32.39572198099995,15.47136,61.593
32.40799547500046,15.510528,61.875
32.42018624699995,15.510528,61.531
32.43245407700033,15.549695999999999,61.468
32.44475874100044,15.549695999999999,61.656
32.456971401000374,15.549695999999999,61.968
32.46898315999988,15.549695999999999,61.718
32.480987558999914,15.588864,61.812
32.49345891499979,15.47136,61.687
32.50554437200026,15.47136,61.718
32.51757437099968,15.393023999999999,62.093
32.529574193999906,15.393023999999999,61.781
32.541656258999865,15.393023999999999,62.031
32.55366728199988,15.353856,61.687
32.56564476800031,15.353856,61.875
32.57776225799989,15.393023999999999,61.656
32.58995597400008,15.393023999999999,62.125
32.6020637040001,15.393023999999999,61.718
32.61418976999994,15.393023999999999,62.031
32.6262828429999,15.393023999999999,61.687
32.638435789999676,15.432191999999999,61.906
32.6504958710002,15.47136,61.718
32.662572174999696,15.47136,61.875
32.67466521700044,15.510528,62.093
32.68674126499991,15.47136,61.812
32.69883302699964,15.510528,62.0
32.71085166600005,15.510528,61.593
32.7228592649999,15.510528,61.781
32.73489192000034,15.549695999999999,61.531
32.746907646999716,15.549695999999999,62.062
32.761711291999745,15.549695999999999,61.656
32.773921040999994,15.549695999999999,61.906
32.786039651000465,15.47136,61.625
32.798084082999594,15.47136,61.875
32.81012198600001,15.432191999999999,61.562
32.823254320999695,15.353856,62.125
32.83706852999967,15.353856,61.625
32.85040157399999,15.393023999999999,61.593
32.86378105099993,15.432191999999999,61.843
32.87725688299997,15.432191999999999,61.468
32.889434405999964,15.47136,61.843
32.9015281840002,15.510528,61.687
32.91366257000027,15.510528,62.0
32.92583375800041,15.510528,61.718
32.93871622900042,15.549695999999999,61.906
32.950780244999805,15.549695999999999,61.75
32.962825861000056,15.549695999999999,61.875
32.97483278799973,15.549695999999999,61.593
32.98686217999966,15.510528,61.718
32.998877971000184,15.47136,61.968
33.01086998499977,15.47136,61.75
33.022879375999764,15.432191999999999,61.875
33.034968320999724,15.432191999999999,61.593
33.04701627299983,15.432191999999999,61.875
33.059057057000246,15.432191999999999,62.156
33.07113035400016,15.47136,62.031
33.083202146000076,15.47136,61.75
33.09493872999974,15.353856,61.875
33.10704325900042,15.393023999999999,61.625
33.11907972300014,15.393023999999999,61.843
33.131165820000206,15.432191999999999,61.593
33.1431613550003,15.47136,61.687
33.15521653900032,15.432191999999999,62.062
33.167160967999735,15.432191999999999,61.718
33.17913186199985,15.47136,61.875
33.19117594199997,15.47136,61.656
33.20316824400015,15.47136,61.687
33.21516726699974,15.510528,62.062
33.22716254500028,15.510528,61.687
33.239160352,15.549695999999999,61.875
33.251186991000395,15.549695999999999,61.625
33.263656330999765,15.432191999999999,61.875
33.27589811300004,15.432191999999999,61.625
33.287417698000354,15.432191999999999,61.968
33.300731637000354,15.314688,61.718
33.3139484860003,15.353856,61.875
33.326352768000106,15.393023999999999,61.75
33.339956826999696,15.393023999999999,61.468
33.35332510399985,15.432191999999999,61.75
33.36552349199974,15.47136,61.468
33.37771800799965,15.47136,61.718
33.38989959599985,15.510528,61.937
33.40202390200011,15.510528,61.906
33.415881601000365,15.510528,61.656
33.42789227200046,15.549695999999999,61.843
33.43989036600033,15.510528,61.687
33.451899181000044,15.510528,61.781
33.46387967499959,15.47136,62.0
33.47587684199971,15.47136,61.656
33.487927641999704,15.47136,61.875
33.49993661700046,15.393023999999999,61.625
33.511937494999984,15.432191999999999,61.843
33.52391703000012,15.432191999999999,62.218
33.5359168519999,15.432191999999999,61.781
33.54794669199964,15.432191999999999,61.937
33.559939986000245,15.47136,61.968
33.57194848099971,15.432191999999999,61.718
33.58395332800046,15.47136,61.843
33.595944765999775,15.510528,61.656
33.607921931999954,15.510528,61.781
33.619956155999716,15.549695999999999,62.062
33.631958570999814,15.510528,61.781
33.64395631299976,15.510528,61.968
33.6559370949999,15.549695999999999,61.562
33.66806559399993,15.549695999999999,61.875
33.68006647200036,15.549695999999999,62.125
33.69139229200027,15.47136,61.625
33.70349755799998,15.47136,61.875
33.715591207000216,15.47136,61.531
33.727584373000354,15.510528,61.843
33.73964503000025,15.432191999999999,61.562
33.751666901000135,15.393023999999999,61.812
33.76369030800015,15.353856,62.0
33.7763179880003,15.314688,61.937
33.789745275000314,15.314688,61.531
33.80310273499981,15.314688,61.812
33.816314976000285,15.353856,61.687
33.828709721999985,15.393023999999999,61.468
33.84077879400047,15.393023999999999,61.656
33.85478667299958,15.432191999999999,61.968
33.86719063500004,15.47136,61.875
33.879516674000115,15.47136,61.625
33.89344647100006,15.510528,61.812
33.905516568000166,15.510528,61.656
33.917569256000206,15.510528,61.812
33.929722459000004,15.47136,62.062
33.941789771,15.432191999999999,61.687
33.9538578519996,15.432191999999999,61.968
33.96591869999975,15.393023999999999,61.875
33.978149696999935,15.353856,61.625
33.99018862499997,15.393023999999999,61.843
34.00225222500012,15.393023999999999,62.093
34.014332818000184,15.393023999999999,61.718
34.026427970999976,15.393023999999999,61.906
34.038519796999935,15.393023999999999,61.687
34.05057494900029,15.432191999999999,61.843
34.062566130999585,15.432191999999999,61.656
34.074640228000135,15.47136,61.781
34.08671080499971,15.510528,62.156
34.09876800500024,15.510528,61.718
34.11079915600021,15.47136,61.968
34.122888934,15.510528,61.656
34.134963862000404,15.510528,61.781
34.14700592600002,15.510528,62.218
34.15903016500033,15.549695999999999,62.031
34.171037508000154,15.549695999999999,61.656
34.183317083000475,15.549695999999999,61.937
34.19531856899994,15.588864,61.5
34.20733227999972,15.549695999999999,61.875
34.219551821000096,15.47136,61.625
34.23172870500002,15.432191999999999,61.562
34.243800305999684,15.393023999999999,62.031
34.257425196999975,15.393023999999999,61.875
34.2708141789999,15.393023999999999,61.531
34.28311388200018,15.432191999999999,61.718
34.295454033999704,15.393023999999999,61.437
34.307711784000276,15.393023999999999,61.656
34.31962242000009,15.432191999999999,61.875
34.331817160000355,15.47136,61.593
34.343895128999975,15.47136,61.781
34.356014635000065,15.47136,61.812
34.3681000280003,15.510528,61.593
34.38043698000001,15.510528,61.75
34.39252192500044,15.510528,62.093
34.40453109200007,15.47136,61.75
34.416624516999946,15.432191999999999,61.906
34.42864798800019,15.432191999999999,61.625
34.440668260000166,15.432191999999999,61.843
34.45275253300042,15.393023999999999,61.562
34.46475273899978,15.393023999999999,61.718
34.47677761900013,15.393023999999999,62.062
34.48875916900033,15.432191999999999,61.687
34.50074775899975,15.432191999999999,61.968
34.51286681700003,15.432191999999999,61.656
34.524867983999684,15.432191999999999,61.843
34.536955585000214,15.47136,62.187
34.5489645280004,15.47136,62.031
34.56100531100037,15.510528,61.718
34.572975821,15.510528,61.875
34.58497529200031,15.47136,61.656
34.59697220199996,15.510528,61.875
34.60900015399966,15.510528,62.062
34.620983464000346,15.510528,61.718
34.63309269799993,15.549695999999999,61.906
34.64514218600016,15.549695999999999,61.687
34.65718447299969,15.549695999999999,61.812
34.66918359200008,15.588864,61.562
34.681156726000154,15.549695999999999,61.875
34.693137604000185,15.47136,62.125
34.70514657900003,15.432191999999999,61.687
34.71716166599981,15.432191999999999,61.906
34.73064185000021,15.393023999999999,61.812
34.743044435999764,15.393023999999999,61.5
34.75629888500043,15.432191999999999,61.625
34.76971429900004,15.432191999999999,61.656
34.78209429300023,15.47136,61.937
34.794251592000364,15.510528,61.562
34.806396986000436,15.510528,61.812
34.81848753200029,15.549695999999999,61.625
34.83062204599992,15.549695999999999,61.875
34.843063801000426,15.549695999999999,62.187
34.85503917500046,15.549695999999999,61.781
34.86704424599975,15.549695999999999,62.031
34.878978978000305,15.510528,61.687
34.891112565000185,15.47136,61.812
34.90295100700041,15.432191999999999,61.593
34.91498599799979,15.393023999999999,61.75
34.927229828000236,15.353856,62.062
34.93941762400027,15.353856,61.906
34.95138819800013,15.353856,61.625
34.963396148000356,15.353856,61.937
34.97537811500024,15.393023999999999,61.656
34.98739150599977,15.393023999999999,61.875
34.99946828999964,15.393023999999999,62.25
35.011455793000096,15.432191999999999,61.718
35.02346544000011,15.432191999999999,61.906
35.03569166899979,15.47136,61.687
35.04783821500041,15.47136,61.875
35.05981829299981,15.432191999999999,61.687
35.071782883000196,15.47136,61.843
35.08376020899959,15.47136,62.031
35.09572911899977,15.47136,61.718
35.107736013999784,15.510528,61.843
35.119715771999836,15.510528,61.625
35.131842093999694,15.510528,61.718
35.14383727600034,15.549695999999999,61.531
35.15579933800018,15.549695999999999,61.812
35.16776571999981,15.432191999999999,62.062
35.17972429299971,15.393023999999999,61.906
35.19177768499958,15.393023999999999,61.5
35.20530391800003,15.353856,61.718
35.21887508100008,15.353856,61.687
35.232297982999626,15.353856,62.062
35.24584056900039,15.393023999999999,61.593
35.257327289000386,15.432191999999999,61.906
35.26942567399965,15.47136,61.593
35.28163244700045,15.47136,61.843
35.29374033699969,15.510528,61.781
35.30702905900034,15.510528,62.156
35.319228215000294,15.510528,61.718
35.3311805809999,15.510528,61.968
35.34317329900023,15.510528,61.75
35.35517945799984,15.47136,61.875
35.36716955199972,15.432191999999999,61.656
35.37917311900037,15.432191999999999,61.812
35.39124046300003,15.393023999999999,62.218
35.403212508999786,15.393023999999999,61.718
35.41526020499987,15.393023999999999,62.093
35.4272958370002,15.432191999999999,61.562
35.439459215999705,15.432191999999999,61.906
35.45145020600012,15.432191999999999,61.625
35.463421579999704,15.432191999999999,62.093
35.47539928999959,15.432191999999999,61.75
35.48749037899961,15.47136,62.0
35.499889157000325,15.432191999999999,61.656
35.51199887100029,15.432191999999999,61.875
35.52410551200046,15.432191999999999,61.656
35.53613829599999,15.393023999999999,61.812
35.54829207500006,15.432191999999999,62.156
35.560315194000395,15.432191999999999,61.687
35.57234266500018,15.47136,61.937
35.58474064300026,15.47136,61.593
35.59695813600047,15.47136,61.781
35.609070376999625,15.47136,61.75
35.621154073999605,15.510528,62.093
35.633264652000435,15.510528,61.812
35.645297435999964,15.432191999999999,62.0
35.65731245900042,15.393023999999999,61.531
35.66933909799991,15.393023999999999,61.781
35.683020088000376,15.314688,61.593
35.69542894599999,15.353856,61.656
35.70743334399958,15.353856,61.656
35.72077275599986,15.393023999999999,61.843
35.7325686690001,15.432191999999999,61.625
35.744784946000436,15.47136,61.812
35.75685974600037,15.47136,61.5
35.76899672499985,15.510528,61.781
35.78235117700024,15.510528,62.062
35.79461164700024,15.510528,62.0
35.80662628600021,15.510528,61.656
35.81860239599973,15.510528,61.937
35.83072222200008,15.47136,61.562
35.842746141000134,15.432191999999999,61.781
35.854750956000316,15.432191999999999,62.156
35.86682838100023,15.393023999999999,61.718
35.878897581000274,15.393023999999999,62.0
35.890938429000016,15.393023999999999,61.75
35.90262697900016,15.432191999999999,61.843
35.914758228999744,15.432191999999999,61.593
35.926847302999704,15.432191999999999,61.812
35.93883291699967,15.432191999999999,62.156
35.95086400400032,15.47136,61.718
35.96285413100031,15.47136,62.0
35.97487248200014,15.510528,61.75
35.986895953000385,15.549695999999999,61.875
35.99889161499959,15.549695999999999,61.625
36.01088996599992,15.47136,61.875
36.02292153399958,15.510528,62.031
36.0350128150003,15.549695999999999,61.906
36.04703225400044,15.549695999999999,61.656
36.05905370900018,15.549695999999999,61.812
36.071029851000276,15.549695999999999,61.562
36.08354293600041,15.588864,61.718
36.095939761999944,15.510528,62.0
36.10809341200002,15.510528,61.562
36.11950793899996,15.393023999999999,61.843
36.1315086249997,15.393023999999999,61.656
36.14349859200047,15.353856,61.625
36.15576408600009,15.314688,61.562
36.16912938600035,15.314688,61.906
36.18269107699962,15.353856,61.625
36.195822099,15.353856,61.531
36.209146758000315,15.393023999999999,61.75
36.2211894940001,15.432191999999999,61.562
36.23344948399972,15.432191999999999,61.687
36.24556287799987,15.47136,62.0
36.25766615900011,15.47136,61.593
36.27158929899997,15.510528,61.593
36.28359123399969,15.510528,61.875
36.29554519900012,15.510528,61.593
36.30757171099958,15.47136,61.843
36.319535820000056,15.432191999999999,62.156
36.331608733000394,15.432191999999999,61.718
36.3436157240003,15.393023999999999,61.937
36.3556214350001,15.393023999999999,61.687
36.36766177000027,15.393023999999999,61.875
36.37964728899988,15.393023999999999,61.687
36.39166202399974,15.393023999999999,61.843
36.40363486899969,15.432191999999999,62.093
36.415714630000366,15.432191999999999,61.718
36.42798153199965,15.432191999999999,61.968
36.439752868999676,15.47136,61.718
36.45183349299987,15.510528,61.937
36.46409850700002,15.549695999999999,61.625
36.47614873099974,15.549695999999999,62.187
36.488239659999635,15.510528,61.812
36.50028338799984,15.510528,61.968
36.51230269900043,15.549695999999999,61.593
36.5242939460004,15.549695999999999,61.843
36.53631242499978,15.588864,61.593
36.54832965599962,15.549695999999999,61.75
36.560352743000294,15.588864,62.0
36.57235166999999,15.588864,61.687
36.58440205399984,15.549695999999999,61.968
36.596431412999664,15.47136,61.687
36.60854083899994,15.47136,61.812
36.62054616600017,15.432191999999999,61.562
36.634004876999825,15.393023999999999,62.062
36.64731500800008,15.432191999999999,61.5
36.66089897100028,15.47136,61.781
36.67308785499972,15.47136,61.531
36.68522310499975,15.510528,61.562
36.697539351999694,15.510528,61.718
36.70959219999986,15.510528,62.062
36.722087365000334,15.510528,61.937
36.7372369069999,15.510528,61.656
36.749320124000405,15.510528,61.875
36.7613334509997,15.510528,61.625
36.773350202000074,15.510528,61.843
36.785394217999965,15.47136,62.062
36.797386295999786,15.432191999999999,61.75
36.8093746630002,15.432191999999999,61.937
36.821364821000316,15.393023999999999,61.625
36.833426852999764,15.393023999999999,61.906
36.84540053100045,15.393023999999999,61.593
36.85738841700004,15.393023999999999,61.75
36.869390351999755,15.432191999999999,62.187
36.88136943799964,15.432191999999999,61.687
36.89338158099963,15.432191999999999,61.906
36.90538034800011,15.432191999999999,61.75
36.917362762000266,15.47136,61.625
36.92985798999962,15.510528,61.843
36.94192223000027,15.510528,62.062
36.95395632600048,15.510528,61.812
36.9659969180002,15.47136,61.937
36.97798521999994,15.510528,61.625
36.989993811000204,15.549695999999999,61.875
37.0019945289996,15.549695999999999,61.562
37.01399105600012,15.549695999999999,61.718
37.025998174999586,15.549695999999999,62.031
37.03801623799973,15.549695999999999,61.656
37.05001990100027,15.588864,61.906
37.06203751599969,15.510528,61.562
37.07404056999985,15.47136,61.843
37.0860315609998,15.432191999999999,61.5
37.09817513100006,15.393023999999999,62.0
37.11158427299961,15.393023999999999,61.687
37.12489962000018,15.393023999999999,61.812
37.138270264999846,15.432191999999999,61.75
37.150867575999655,15.47136,61.531
37.16305470000043,15.47136,61.75
37.17524735999996,15.510528,62.093
37.18739944299978,15.510528,61.718
37.199567046000084,15.549695999999999,61.625
37.2144997510004,15.549695999999999,61.875
37.22655122299966,15.549695999999999,61.625
37.23866794500009,15.549695999999999,61.875
37.25069240799985,15.510528,62.156
37.26271456700033,15.47136,61.656
37.274726069999815,15.47136,61.906
37.2868206789999,15.47136,61.687
37.29896383400046,15.393023999999999,61.843
37.31115790199965,15.353856,61.593
37.32333328099958,15.393023999999999,61.75
37.33533924800031,15.393023999999999,62.0
37.34742998500042,15.393023999999999,61.968
37.35943550400043,15.393023999999999,61.718
37.37144374299987,15.393023999999999,61.843
37.383523376000085,15.432191999999999,61.718
37.39552934200037,15.432191999999999,61.781
37.40751774100045,15.47136,62.031
37.41957250900032,15.510528,61.781
37.4315737070001,15.47136,62.031
37.443557720999706,15.47136,61.656
37.45554243999959,15.47136,61.875
37.46753608600011,15.510528,61.718
37.47960775000047,15.510528,61.687
37.4916259419997,15.510528,62.0
37.50364506099959,15.510528,61.656
37.51570283700039,15.549695999999999,61.812
37.527714083999854,15.549695999999999,61.593
37.5398061650003,15.47136,61.843
37.55176486599976,15.432191999999999,61.593
37.5637685290003,15.432191999999999,61.937
37.57783285700043,15.314688,61.593
37.59006426999986,15.353856,61.875
37.60348288400019,15.353856,61.812
37.61684498500017,15.393023999999999,61.562
37.63020804500047,15.432191999999999,61.687
37.642318719000286,15.47136,62.093
37.654454864999934,15.47136,61.625
37.66660189200047,15.510528,61.625
37.67873371800033,15.510528,61.875
37.692265935999785,15.510528,61.625
37.70428812699993,15.510528,61.875
37.71628302099998,15.510528,62.156
37.72826722700029,15.510528,61.75
37.740275338000174,15.47136,61.875
37.7522638319997,15.432191999999999,61.687
37.76426317500045,15.432191999999999,61.937
37.77627950999977,15.393023999999999,61.656
37.78829942900029,15.393023999999999,61.875
37.80029976399965,15.432191999999999,62.125
37.812414214000455,15.432191999999999,62.0
37.824461973000325,15.432191999999999,61.718
37.83652608600005,15.432191999999999,61.906
37.84855003699977,15.432191999999999,61.562
37.86053465900022,15.47136,61.875
37.872548626000025,15.510528,62.093
37.88465453200024,15.510528,61.718
37.896693906999644,15.510528,62.031
37.908861703000184,15.432191999999999,61.687
37.920756882000205,15.432191999999999,61.843
37.93284816300002,15.432191999999999,61.625
37.94508792899978,15.47136,61.687
37.95736414299972,15.47136,62.062
37.96942783899976,15.47136,61.718
37.98158693000005,15.47136,61.875
37.993638146000194,15.510528,61.812
38.00565246499991,15.510528,61.781
38.01765056000022,15.432191999999999,61.687
38.0297085279999,15.393023999999999,62.187
38.04177331200026,15.393023999999999,61.562
38.054516228000466,15.314688,61.906
38.066902845000186,15.353856,61.562
38.08029208199969,15.353856,61.468
38.09362067799975,15.393023999999999,61.687
38.10683192600027,15.393023999999999,61.906
38.11906161099978,15.432191999999999,61.625
38.131125980000434,15.47136,61.968
38.14329655900019,15.47136,61.562
38.15532214199993,15.47136,61.562
38.16927344299984,15.510528,61.843
38.18134353999994,15.510528,62.187
38.19334678599989,15.510528,61.812
38.20534443300039,15.47136,62.093
38.21736057599992,15.47136,61.656
38.22937614300008,15.432191999999999,61.906
38.24140143800014,15.432191999999999,61.625
38.25339889299994,15.393023999999999,61.812
38.265381242999865,15.393023999999999,62.125
38.27740900200024,15.432191999999999,61.812
38.28939823200017,15.432191999999999,62.093
38.30138112700024,15.432191999999999,61.937
38.31339422899964,15.432191999999999,61.687
38.32538221200048,15.432191999999999,61.812
38.33738484999958,15.47136,62.156
38.34939894499985,15.510528,61.781
38.36138798400043,15.510528,62.0
38.373389086000316,15.510528,61.718
38.38543895800012,15.47136,61.968
38.397487805999845,15.510528,61.625
38.409538701999736,15.510528,61.718
38.421564285000386,15.510528,62.031
38.433669582999755,15.549695999999999,61.625
38.44568950200028,15.549695999999999,61.968
38.45775041399975,15.549695999999999,61.593
38.46978204599964,15.588864,61.875
38.48183943799995,15.549695999999999,61.687
38.493821531999856,15.47136,61.656
38.506093873999816,15.393023999999999,62.062
38.51734375599972,15.353856,61.812
38.531480245999774,15.27552,61.5
38.544826377999925,15.27552,61.468
38.558299809000346,15.27552,61.687
38.57178933799969,15.314688,61.937
38.58483533300023,15.353856,61.968
38.59699935200024,15.393023999999999,61.531
38.60918775600021,15.393023999999999,61.75
38.62133625499973,15.432191999999999,61.562
38.635497033999854,15.432191999999999,61.875
38.64767436500006,15.432191999999999,62.187
38.659680683999795,15.47136,61.781
38.67165836200002,15.432191999999999,62.062
38.683737194999594,15.432191999999999,61.875
38.695883452999624,15.393023999999999,61.625
38.70786817099997,15.393023999999999,61.843
38.71984549700028,15.353856,61.625
38.731871592999596,15.353856,61.75
38.743898104000436,15.353856,62.0
38.75585267699989,15.353856,61.718
38.767800050000005,15.353856,61.843
38.77975532799974,15.393023999999999,61.593
38.79182135999963,15.353856,61.843
38.80378438099979,15.393023999999999,62.156
38.81576596400009,15.432191999999999,61.718
38.827741273000356,15.432191999999999,62.062
38.83975498400014,15.47136,61.75
38.85172795800008,15.47136,61.875
38.86372531699999,15.432191999999999,61.781
38.875753076000365,15.47136,61.812
38.88784419700005,15.47136,62.031
38.89982430700002,15.47136,61.718
38.91179897700022,15.510528,61.875
38.9237828309997,15.510528,61.656
38.93578399800026,15.510528,61.781
38.9477853239996,15.549695999999999,61.812
38.95977061800022,15.510528,62.093
38.9753360120003,15.432191999999999,62.031
38.98749247900014,15.432191999999999,61.593
39.000123967000036,15.353856,61.812
39.01373903500007,15.353856,61.656
39.02734418199998,15.393023999999999,61.468
39.0395058969998,15.393023999999999,61.687
39.05292767900028,15.432191999999999,61.906
39.065046224999605,15.47136,61.5
39.07721702900017,15.510528,61.781
39.089397464000285,15.510528,61.75
39.10159617200043,15.47136,61.5
39.11650497200026,15.432191999999999,61.75
39.12852767500044,15.432191999999999,62.0
39.14056343500033,15.47136,61.968
39.15257660200041,15.432191999999999,61.906
39.16454483899997,15.432191999999999,61.875
39.176539797999794,15.393023999999999,61.562
39.18853062800008,15.393023999999999,61.75
39.20054616299967,15.353856,62.156
39.21269162200042,15.353856,61.656
39.22468702799961,15.353856,61.875
39.23672630800047,15.353856,61.625
39.24872561800021,15.353856,61.875
39.26085705999958,15.393023999999999,61.656
39.272848435000014,15.393023999999999,61.812
39.28487110599963,15.393023999999999,62.062
39.29691406599977,15.432191999999999,61.656
39.30890566400012,15.432191999999999,61.875
39.320921038999586,15.47136,61.593
39.333113315000446,15.432191999999999,61.968
39.345127890000185,15.432191999999999,62.125
39.35714761700001,15.47136,62.031
39.369418006999695,15.510528,61.687
39.38155360899964,15.510528,61.875
39.393579673000204,15.510528,61.625
39.40570564300015,15.510528,61.687
39.41793168000004,15.549695999999999,61.531
39.42996987100014,15.549695999999999,61.687
39.44200089500009,15.432191999999999,61.875
39.454009228999894,15.432191999999999,61.718
39.46624707400042,15.393023999999999,61.812
39.48020362399984,15.314688,61.781
39.49354805999974,15.314688,61.437
39.50689799999964,15.353856,62.0
39.52049434699984,15.353856,61.468
39.53376383700015,15.393023999999999,61.875
39.54600657799983,15.432191999999999,61.562
39.558246567000424,15.432191999999999,61.75
39.570463228000335,15.47136,61.781
39.58438620800007,15.47136,62.031
39.59657570000036,15.47136,61.75
39.60865802100034,15.47136,61.906
39.62074494999979,15.47136,61.656
39.63283690299977,15.432191999999999,61.781
39.6449375279999,15.393023999999999,61.562
39.656962791000296,15.393023999999999,62.156
39.66897694999989,15.353856,61.687
39.6809900850003,15.353856,62.0
39.69305362100022,15.353856,61.593
39.70470249000027,15.314688,61.875
39.71697998400032,15.314688,61.625
39.72912669099969,15.353856,61.781
39.741281141999934,15.353856,62.187
39.75345239299986,15.353856,61.718
39.76545413599979,15.393023999999999,62.0
39.777526664000106,15.393023999999999,61.562
39.78956907999964,15.432191999999999,61.875
39.80158490299982,15.432191999999999,61.625
39.81359086999964,15.393023999999999,61.812
39.82564509399981,15.432191999999999,62.062
39.837652725000225,15.432191999999999,61.593
39.84977130199968,15.47136,61.937
39.86187727200013,15.47136,61.75
39.873984425000344,15.47136,61.531
39.88607986700026,15.47136,61.687
39.89812935400005,15.510528,62.0
39.910207930999604,15.510528,61.718
39.92228762800005,15.432191999999999,61.875
39.93444508700031,15.393023999999999,61.656
39.9465106710004,15.393023999999999,61.562
39.96110339799998,15.314688,61.75
39.97463113499998,15.353856,61.937
39.98828502000015,15.353856,61.875
40.00192968800002,15.393023999999999,61.531
40.01423463900028,15.432191999999999,61.812
40.02643763499964,15.47136,61.625
40.03865516000042,15.47136,61.75
40.050855180000326,15.47136,62.156
40.063295111000116,15.47136,62.0
40.075471897999705,15.510528,61.656
40.08751677800046,15.510528,61.906
40.09953292099999,15.47136,61.562
40.11151677500038,15.47136,61.812
40.123516790000394,15.432191999999999,62.156
40.13554794100037,15.432191999999999,61.781
40.147722617,15.353856,62.031
40.1597429200001,15.353856,61.625
40.17176754299999,15.393023999999999,61.906
40.18383453499973,15.393023999999999,61.562
40.195813397000165,15.393023999999999,61.781
40.20777872300005,15.432191999999999,62.125
40.220093914000245,15.432191999999999,61.75
40.232239373000084,15.432191999999999,61.968
40.244256283999675,15.47136,61.875
40.256269739000345,15.47136,61.593
40.268283673999576,15.510528,61.875
40.28029507999963,15.510528,62.156
40.29229093499998,15.47136,61.687
40.30434858300032,15.432191999999999,61.937
40.31649733799986,15.432191999999999,61.656
40.328672845000256,15.47136,61.875
40.340847937000035,15.47136,61.5
40.352893168000264,15.47136,61.718
40.36494940800003,15.47136,62.062
40.37697035200017,15.510528,61.75
40.38905772900034,15.510528,62.031
40.401109809000445,15.432191999999999,61.656
40.41315078400021,15.393023999999999,61.781
40.42520596800023,15.353856,61.718
40.43859363699994,15.314688,62.062
40.45180264600003,15.353856,61.531
40.46495558799961,15.353856,61.531
40.47813397200025,15.393023999999999,61.718
40.4904223780004,15.393023999999999,61.593
40.502584157000456,15.432191999999999,61.687
40.51469435099989,15.47136,62.093
40.52692925199972,15.47136,61.656
40.53903998900023,15.47136,61.968
40.55113981500017,15.47136,61.625
40.56313365300048,15.510528,61.875
40.57519670900001,15.47136,61.718
40.58716856299998,15.432191999999999,62.093
40.59931770200001,15.432191999999999,61.718
40.61140539900043,15.432191999999999,61.937
40.623552648999976,15.353856,61.625
40.635568120000244,15.353856,61.937
40.647568327000045,15.393023999999999,61.593
40.659565173000374,15.393023999999999,61.812
40.67168176700034,15.393023999999999,62.125
40.683760152000104,15.432191999999999,61.718
40.695768550999674,15.432191999999999,62.062
40.70772725200004,15.432191999999999,61.781
40.719730402000096,15.47136,61.968
40.73172612899998,15.47136,61.625
40.743729503000395,15.510528,61.875
40.75573191799958,15.510528,62.125
40.76775039699987,15.47136,61.718
40.779753388000245,15.510528,61.875
40.79173544999958,15.549695999999999,61.625
40.80372436000016,15.549695999999999,61.875
40.81573295100043,15.549695999999999,61.812
40.827727236999635,15.549695999999999,61.968
40.839755539999715,15.588864,61.625
40.85173923399998,15.588864,61.906
40.86374676899959,15.510528,61.531
40.87573910300034,15.47136,61.875
40.8877575180004,15.432191999999999,61.437
40.899743644999944,15.393023999999999,61.656
40.913433497999904,15.314688,61.562
40.9268266400004,15.314688,61.875
40.940313095999954,15.353856,61.468
40.953683900000215,15.353856,61.437
40.965966675000345,15.393023999999999,61.687
40.97808762099976,15.432191999999999,62.093
40.99022747900017,15.47136,61.687
41.002404458000456,15.47136,61.906
41.015748734000226,15.47136,61.656
41.02854643499995,15.47136,61.656
41.04090761200041,15.47136,61.875
41.053235282999594,15.47136,62.125
41.065623884999695,15.432191999999999,61.75
41.07788909099963,15.432191999999999,62.0
41.08943648500008,15.432191999999999,61.687
41.10066937400006,15.393023999999999,61.937
41.11291605099996,15.393023999999999,61.625
41.12495117100025,15.393023999999999,61.781
41.13697614600005,15.393023999999999,62.093
41.14905036999971,15.393023999999999,61.781
41.1611001780002,15.432191999999999,62.062
41.173126081999726,15.432191999999999,61.75
41.18520456199985,15.432191999999999,61.937
41.19719539200014,15.47136,61.656
41.20918273500047,15.47136,61.843
41.221211197999764,15.510528,62.093
41.233518005000406,15.510528,62.125
41.24553389199991,15.47136,61.718
41.25754241899995,15.510528,61.843
41.269549761000235,15.549695999999999,61.656
41.281753109999954,15.549695999999999,61.75
41.293768901000476,15.549695999999999,62.125
41.30581896399963,15.549695999999999,61.593
41.317810210999596,15.549695999999999,61.875
41.32980907300043,15.549695999999999,61.593
41.34180940799979,15.47136,61.812
41.35383697500038,15.47136,61.656
41.365858877999926,15.432191999999999,61.687
41.3791775210002,15.353856,61.687
41.39243267500024,15.353856,61.906
41.4056516669998,15.393023999999999,61.718
41.41907018500024,15.393023999999999,61.468
41.43262729900016,15.432191999999999,61.75
41.44478206999975,15.47136,62.093
41.456903399999646,15.510528,61.656
41.46904844300025,15.510528,61.875
41.481223630000386,15.510528,61.875
41.49423810500048,15.549695999999999,61.718
41.506322633999844,15.510528,61.812
41.51870918700024,15.47136,62.125
41.530808788000286,15.47136,61.718
41.54285053199965,15.432191999999999,62.0
41.55490491599994,15.393023999999999,61.625
41.56692313900021,15.393023999999999,61.906
41.578948594000394,15.353856,61.593
41.59098192100009,15.353856,61.75
41.60298641600002,15.353856,62.187
41.61502124799972,15.393023999999999,61.656
41.62703722999959,15.393023999999999,62.031
41.63904796499992,15.393023999999999,61.718
41.6510685559997,15.393023999999999,61.875
41.66308402699997,15.432191999999999,61.812
41.67508042600002,15.432191999999999,62.156
41.68710325699976,15.47136,61.843
41.69908605500041,15.47136,62.031
41.711086997000166,15.47136,61.718
41.723074434999944,15.432191999999999,61.906
41.73517077300039,15.47136,61.531
41.74716070700015,15.510528,61.812
41.75916648200018,15.510528,62.093
41.77113555100004,15.510528,61.718
41.783187375000125,15.510528,61.906
41.79515462099971,15.549695999999999,61.562
41.80712314599987,15.549695999999999,61.875
41.81909314400036,15.432191999999999,61.562
41.831104167000376,15.432191999999999,61.843
41.84312955800033,15.393023999999999,62.0
41.856560012000045,15.314688,61.875
41.8697911649997,15.314688,61.5
41.88198526500037,15.353856,61.812
41.8955919480004,15.393023999999999,61.687
41.90878421999969,15.393023999999999,62.0
41.92087911700037,15.432191999999999,61.625
41.93314646700037,15.47136,61.937
41.94517902700045,15.47136,61.531
41.957278627999585,15.47136,61.625
41.970967553000264,15.510528,61.843
41.983125171999745,15.510528,62.218
41.9951090579998,15.510528,61.875
42.00710353700015,15.47136,62.0
42.01912758399976,15.432191999999999,61.656
42.03112119799971,15.432191999999999,61.875
42.04509381200023,15.393023999999999,61.781
42.05736336999962,15.393023999999999,61.531
42.069647712000005,15.393023999999999,61.75
42.081779570000435,15.393023999999999,62.062
42.09383805000016,15.432191999999999,61.687
42.10597077300008,15.393023999999999,61.875
42.11834705399997,15.353856,61.625
42.13041961399995,15.353856,61.812
42.14247511800022,15.353856,62.187
42.15457836800033,15.393023999999999,61.812
42.16658007800015,15.432191999999999,62.0
42.178607804999956,15.432191999999999,61.687
42.19064487699961,15.393023999999999,62.0
42.202653563999775,15.432191999999999,61.593
42.21465649000038,15.432191999999999,61.75
42.22667266500048,15.47136,62.093
42.23875136999959,15.47136,61.937
42.25076831299975,15.47136,61.687
42.26289261900001,15.47136,61.875
42.27488117699977,15.510528,61.562
42.286905480000314,15.510528,61.75
42.298938423000436,15.432191999999999,62.156
42.3109476540003,15.393023999999999,61.656
42.32300303000011,15.393023999999999,61.75
42.33696082700044,15.314688,61.843
42.35023367699978,15.353856,61.468
42.36374346200046,15.353856,61.656
42.37722556599965,15.393023999999999,61.656
42.38961218300028,15.393023999999999,62.031
42.40185719599958,15.432191999999999,61.656
42.414018270999804,15.47136,61.875
42.42618491400026,15.47136,61.562
42.44008056599978,15.47136,61.625
42.45225012100036,15.510528,61.781
42.46429909699964,15.510528,62.062
42.47631709600046,15.47136,61.718
42.4883468070002,15.47136,61.875
42.5003933830003,15.432191999999999,61.687
42.51242917400032,15.432191999999999,61.875
42.524448741000015,15.353856,61.562
42.53652206999959,15.353856,61.75
42.54856611800005,15.393023999999999,62.0
42.56057608399988,15.393023999999999,61.718
42.57254909000039,15.393023999999999,61.906
42.58456750500045,15.393023999999999,61.656
42.59657849599989,15.393023999999999,61.875
42.60861870299959,15.432191999999999,62.218
42.6206791679997,15.47136,62.125
42.63282305800021,15.47136,61.718
42.644906563000404,15.510528,61.906
42.65697624299992,15.510528,61.687
42.668961856999886,15.47136,61.937
42.680959727999834,15.510528,62.156
42.69299228700038,15.549695999999999,61.687
42.70497918100045,15.47136,61.906
42.717365350000364,15.432191999999999,61.562
42.72956924299979,15.432191999999999,61.843
42.74161847400046,15.47136,61.531
42.75363391300016,15.510528,61.781
42.765622376000465,15.47136,62.187
42.77785094000046,15.393023999999999,61.687
42.78985220300001,15.353856,61.968
42.801918971000305,15.353856,61.937
42.815417939000326,15.314688,61.5
42.828635748000124,15.314688,61.687
42.84212649199981,15.353856,61.593
42.85516659899986,15.353856,61.937
42.86730703400008,15.393023999999999,61.625
42.87949025299986,15.432191999999999,61.937
42.89157695799986,15.432191999999999,61.531
42.90379000299981,15.47136,61.843
42.91679794900028,15.47136,61.718
42.92897099299989,15.47136,62.093
42.94097871899976,15.47136,61.718
42.95296942099958,15.47136,62.0
42.96497653999995,15.432191999999999,61.687
42.97697674699975,15.432191999999999,61.843
42.98896319300002,15.432191999999999,61.687
43.00095891900037,15.353856,61.812
43.0129716700003,15.353856,62.156
43.02497942900027,15.393023999999999,61.687
43.03697771499992,15.393023999999999,61.937
43.048979361999955,15.393023999999999,61.687
43.06095819100028,15.393023999999999,61.843
43.07327667899972,15.393023999999999,62.156
43.08555663700008,15.432191999999999,61.781
43.09760452499995,15.47136,62.031
43.109625627999776,15.47136,61.875
43.12162401000023,15.510528,61.656
43.13371730699964,15.47136,61.875
43.14576036299968,15.47136,62.218
43.15779769100027,15.510528,61.687
43.16982231400016,15.510528,62.0
43.18191068299984,15.510528,61.656
43.19394327400005,15.549695999999999,61.937
43.205963065000105,15.549695999999999,61.625
43.21800551300021,15.549695999999999,61.656
43.23002744800033,15.549695999999999,62.156
43.242057510999985,15.47136,61.625
43.25403614900006,15.47136,62.062
43.266038820000176,15.432191999999999,61.593
43.27874826199968,15.353856,61.5
43.291959670000324,15.353856,61.718
43.305366219999996,15.353856,62.0
43.318179728999894,15.314688,61.875
43.331775564000054,15.353856,61.5
43.343905597999765,15.353856,61.781
43.355932108999696,15.432191999999999,61.593
43.368028861999846,15.432191999999999,61.843
43.380079022000245,15.432191999999999,61.718
43.39511140899958,15.432191999999999,62.031
43.40713872000015,15.47136,61.656
43.419162064000375,15.47136,62.0
43.4311670699999,15.432191999999999,61.687
43.443256143000326,15.432191999999999,61.875
43.45524556500004,15.393023999999999,61.5
43.467215306999606,15.393023999999999,61.781
43.479184505000376,15.353856,62.031
43.491220775999864,15.353856,61.687
43.50316136499987,15.353856,61.906
43.51516998700026,15.353856,61.656
43.527161265999894,15.353856,61.75
43.53916841600039,15.393023999999999,62.187
43.55119246300001,15.393023999999999,62.062
43.56316697300008,15.393023999999999,61.781
43.57513431500047,15.432191999999999,61.937
43.5871586180001,15.47136,61.656
43.599164328999905,15.47136,61.812
43.61116767099975,15.47136,62.281
43.62316320500031,15.47136,61.812
43.63516814800005,15.510528,61.968
43.647153058000185,15.510528,61.625
43.65911665499971,15.510528,61.843
43.6711350380001,15.510528,61.656
43.68334795499959,15.510528,61.812
43.69536278600026,15.549695999999999,62.062
43.70736219199989,15.549695999999999,61.687
43.719321501000195,15.47136,62.0
43.73129073099972,15.432191999999999,61.687
43.74324981599966,15.393023999999999,61.812
43.75633222899978,15.353856,61.687
43.77006662799977,15.353856,62.062
43.783606076999604,15.353856,61.937
43.797067604000404,15.393023999999999,61.562
43.810192226000254,15.432191999999999,61.875
43.82228161900002,15.432191999999999,61.562
43.834450502000436,15.47136,61.75
43.84657698400042,15.510528,61.687
43.86066339300032,15.510528,62.0
43.872799634999865,15.510528,61.75
43.884838818999924,15.510528,61.937
43.896960852999655,15.510528,61.75
43.908936802000426,15.47136,61.812
43.92073162700035,15.393023999999999,61.625
43.9329881929998,15.393023999999999,61.781
43.94519934900018,15.353856,61.75
43.95764100799988,15.314688,61.937
43.96993062999991,15.314688,61.625
43.9822944309999,15.353856,61.875
43.994550420999985,15.353856,61.656
44.00687837999976,15.353856,61.875
44.01911100899997,15.353856,62.093
44.031391479000376,15.353856,61.718
44.04368135799996,15.393023999999999,61.656
44.05595577999975,15.432191999999999,61.875
44.0682525709999,15.432191999999999,61.593
44.08056116999978,15.47136,61.812
44.09224949600048,15.432191999999999,62.156
44.104520398000204,15.47136,61.75
44.116557661000115,15.47136,61.906
44.12855076300002,15.510528,61.625
44.14055900200037,15.510528,61.812
44.15262173799965,15.510528,61.593
44.164629752999645,15.510528,61.718
44.17663495099987,15.549695999999999,62.0
44.18866735099982,15.549695999999999,61.843
44.20066557300015,15.432191999999999,61.812
44.21263960299984,15.393023999999999,61.593
44.224694403000285,15.393023999999999,61.531
44.23862490299962,15.353856,61.656
44.25184645599984,15.353856,61.937
44.26404004400047,15.393023999999999,61.531
44.276064186999974,15.393023999999999,61.562
44.28846145999978,15.432191999999999,61.875
44.3005520050001,15.47136,61.531
44.31268405500032,15.47136,61.656
44.32487450700046,15.510528,62.0
44.3371673620004,15.47136,61.562
44.34929662800005,15.510528,61.968
44.36131078699964,15.510528,61.687
44.37329496100028,15.510528,61.937
44.385303039000064,15.47136,61.625
44.39731601400035,15.432191999999999,61.656
44.40931295599967,15.432191999999999,62.031
44.42134516399983,15.393023999999999,61.75
44.433436508999876,15.393023999999999,61.968
44.445440202999634,15.393023999999999,61.687
44.457434906000344,15.393023999999999,61.875
44.469395527000415,15.393023999999999,62.156
44.481383893000384,15.432191999999999,62.093
44.4934059240004,15.432191999999999,61.75
44.50562712900046,15.432191999999999,61.968
44.518274168999596,15.353856,61.687
44.53049319799993,15.393023999999999,61.781
44.54255119800018,15.432191999999999,61.593
44.55455258799975,15.432191999999999,61.75
44.56656601099985,15.393023999999999,62.093
44.5785949860001,15.432191999999999,61.687
44.59067919500012,15.432191999999999,61.875
44.602721035000286,15.47136,61.656
44.61480690799999,15.47136,61.781
44.62687505200029,15.47136,62.125
44.63902073400004,15.47136,62.062
44.650997548000305,15.510528,61.656
44.663011483000446,15.510528,61.937
44.67500160899999,15.393023999999999,61.5
44.687022455999795,15.393023999999999,61.812
44.6990155579997,15.393023999999999,62.031
44.71187207700041,15.314688,61.625
44.72544631100027,15.314688,61.593
44.73816564200024,15.353856,61.812
44.751688481999736,15.353856,61.437
44.76438838800004,15.393023999999999,61.687
44.77650763800011,15.432191999999999,61.468
44.78856967000047,15.47136,62.031
44.800723704999655,15.47136,61.687
44.812769993000074,15.47136,61.968
44.825962871999764,15.510528,61.687
44.83799725599965,15.510528,61.937
44.85001640700011,15.510528,61.718
44.86200550900048,15.47136,61.843
44.87401118799971,15.432191999999999,62.031
44.88600800200038,15.432191999999999,61.781
44.89799003200005,15.393023999999999,61.937
44.90997807799977,15.353856,61.625
44.92196010800035,15.393023999999999,61.843
44.93411817499964,15.393023999999999,62.187
44.9460929400002,15.393023999999999,61.75
44.95809570700021,15.432191999999999,62.0
44.97007037700041,15.432191999999999,62.0
44.98217487399961,15.432191999999999,61.718
44.99428980399989,15.47136,61.875
45.00628329000028,15.47136,61.625
45.01828906500032,15.510528,61.812
45.03029003899974,15.510528,62.187
45.042325862000325,15.47136,61.75
45.05433650099985,15.510528,61.937
45.06635120400006,15.510528,61.625
45.07835969900043,15.510528,61.843
45.090391073999854,15.549695999999999,62.093
45.10239934499987,15.549695999999999,61.75
45.114733735999835,15.47136,61.875
45.12716483500026,15.510528,61.656
45.13929346100031,15.510528,61.875
45.15134099700026,15.393023999999999,61.781
45.16332891500042,15.353856,62.187
45.17532211300022,15.353856,61.562
45.18886527399991,15.314688,61.937
45.2023782590004,15.314688,61.812
45.21574925599998,15.314688,61.468
45.229349987000205,15.353856,61.75
45.24213699899974,15.393023999999999,61.687
45.25430824999967,15.432191999999999,62.031
45.26647070099989,15.432191999999999,61.593
45.27862780800024,15.47136,61.875
45.29245404999983,15.432191999999999,61.625
45.30466027800048,15.47136,61.875
45.31670682100048,15.47136,61.781
45.328772341999866,15.47136,62.125
45.34077344399975,15.432191999999999,61.75
45.35278600299989,15.393023999999999,61.875
45.364828226999634,15.393023999999999,61.625
45.37695608499962,15.353856,61.875
45.38910723899971,15.353856,61.656
45.401160182999774,15.353856,61.781
45.4133972919999,15.393023999999999,62.093
45.42556755100031,15.393023999999999,61.718
45.43761979099963,15.393023999999999,61.937
45.449611228999856,15.393023999999999,61.687
45.46161441200002,15.432191999999999,61.906
45.473599289999584,15.432191999999999,61.656
45.48560823200023,15.47136,61.812
45.49762415100031,15.47136,62.156
45.509634310000365,15.47136,61.781
45.52164619700034,15.47136,62.062
45.53377015099977,15.47136,61.781
45.54580853399966,15.510528,61.656
45.55796653699963,15.510528,61.687
45.56997560800028,15.510528,62.031
45.58197783000014,15.510528,61.718
45.5939696839996,15.549695999999999,61.875
45.606120262999866,15.549695999999999,61.562
45.61834412400003,15.47136,61.812
45.630408779999925,15.432191999999999,62.187
45.642435963000025,15.393023999999999,61.718
45.65447175400004,15.353856,62.0
45.66658687600011,15.353856,61.937
45.67970893799975,15.393023999999999,61.531
45.693373479,15.393023999999999,61.781
45.706830494000315,15.432191999999999,61.406
45.71826070000043,15.353856,61.562
45.73047031999977,15.393023999999999,61.968
45.74254768100036,15.432191999999999,61.906
45.7546528820003,15.432191999999999,61.687
45.769586673999584,15.432191999999999,61.843
45.78160144100002,15.47136,61.625
45.79366734599989,15.47136,62.093
45.805730818000484,15.432191999999999,61.75
45.81776491300025,15.432191999999999,62.031
45.82979244800026,15.393023999999999,61.718
45.84187016099986,15.393023999999999,61.906
45.85385142300038,15.353856,61.593
45.86582484399969,15.353856,61.718
45.87782005900044,15.353856,62.093
45.88984785000048,15.353856,61.781
45.901835960000426,15.353856,62.0
45.91382438999972,15.393023999999999,61.75
45.925823348999984,15.393023999999999,61.843
45.937825474999954,15.393023999999999,61.625
45.94986830699963,15.432191999999999,61.781
45.9618541130003,15.47136,62.156
45.97382884600029,15.47136,61.781
45.985833533000005,15.47136,62.062
45.99781274700035,15.47136,61.75
46.00979404099962,15.47136,61.875
46.021804678999615,15.510528,62.156
46.03384645500046,15.510528,61.687
46.04581904499992,15.510528,62.031
46.0578154750001,15.510528,61.875
46.06980326499979,15.549695999999999,61.562
46.08187003300009,15.549695999999999,61.718
46.094130919000236,15.47136,61.468
46.106101940999906,15.432191999999999,61.812
46.118055394000294,15.432191999999999,61.812
46.13018629199996,15.353856,61.718
46.142783731000236,15.353856,61.843
46.156620916000065,15.393023999999999,61.687
46.17013409300034,15.432191999999999,61.437
46.18378698499964,15.432191999999999,62.0
46.19584328899964,15.47136,61.687
46.20798670000022,15.510528,61.875
46.220041372000196,15.510528,61.593
46.2323708670001,15.510528,61.875
46.24554608299968,15.510528,61.593
46.257568754000204,15.549695999999999,61.875
46.26958643299986,15.510528,62.156
46.28166241700001,15.510528,61.718
46.29369705699992,15.47136,61.937
46.30573598400042,15.47136,61.812
46.3177987199997,15.393023999999999,61.75
46.329543398999704,15.353856,61.687
46.34162946400011,15.353856,62.0
46.35361792599997,15.353856,61.687
46.36560174799979,15.353856,61.906
46.37758403400039,15.353856,61.656
46.389636337999946,15.393023999999999,61.875
46.40164272099992,15.393023999999999,61.593
46.41363118299978,15.393023999999999,61.812
46.42560809299994,15.432191999999999,62.062
46.4376207790001,15.47136,61.75
46.44961007300026,15.47136,62.031
46.46162407199972,15.47136,61.718
46.47360347799986,15.432191999999999,61.937
46.485614084999725,15.47136,62.187
46.49760046699976,15.510528,61.75
46.50963645000047,15.510528,62.031
46.52166696099994,15.510528,61.687
46.53380400399965,15.510528,61.875
46.54587752400039,15.549695999999999,61.531
46.557864481999786,15.549695999999999,61.812
46.569877201000054,15.47136,62.125
46.581909184000324,15.432191999999999,62.125
46.59395108799981,15.393023999999999,61.531
46.60681227799978,15.314688,61.812
46.620304910000414,15.353856,61.75
46.63388836099966,15.353856,61.531
46.64742105799996,15.393023999999999,61.656
46.65952747499978,15.432191999999999,61.968
46.67162793999978,15.432191999999999,61.656
46.6838250159999,15.47136,61.937
46.69594980199963,15.510528,61.843
46.70820246299991,15.510528,61.562
46.72258289599995,15.510528,61.812
46.734723491000295,15.510528,62.093
46.746749746000205,15.510528,61.75
46.75876633700045,15.510528,61.968
46.77078692699979,15.47136,61.687
46.782854752000276,15.432191999999999,61.875
46.794875726999635,15.432191999999999,61.843
46.806933887000014,15.393023999999999,62.125
46.818956301999606,15.393023999999999,61.718
46.830963643999894,15.393023999999999,61.968
46.843031821000295,15.432191999999999,61.656
46.85531597099998,15.432191999999999,61.906
46.867355698999745,15.432191999999999,61.75
46.87939715399989,15.432191999999999,61.812
46.8914455539998,15.47136,62.031
46.90345859300032,15.47136,61.687
46.91545198299991,15.47136,61.875
46.92756380799983,15.432191999999999,61.593
46.93964465699992,15.393023999999999,61.875
46.951692065000316,15.393023999999999,62.187
46.9637305440001,15.432191999999999,61.718
46.97574124699986,15.47136,61.968
46.98781038299967,15.47136,61.875
46.999826526000106,15.47136,61.812
47.01180625199959,15.47136,61.687
47.02378991400019,15.510528,61.5
47.035864458000106,15.510528,61.75
47.04787807299999,15.393023999999999,61.968
47.059861478999665,15.393023999999999,61.718
47.071835476999695,15.353856,61.781
47.08577480900021,15.27552,61.812
47.09901389799961,15.27552,61.437
47.11220354600027,15.314688,61.656
47.124883770999986,15.314688,61.562
47.13822887900005,15.353856,61.843
47.15034473600008,15.393023999999999,61.531
47.162526836000325,15.432191999999999,61.875
47.17492177300028,15.47136,61.562
47.187163010000404,15.47136,62.125
47.2011388560004,15.47136,61.687
47.213178551000055,15.47136,62.093
47.225315337999746,15.47136,61.718
47.237330680000014,15.47136,61.875
47.24937075999969,15.432191999999999,61.562
47.261415255999964,15.432191999999999,61.812
47.27340269399974,15.393023999999999,62.125
47.28543832499963,15.353856,61.656
47.297595783999896,15.353856,62.0
47.30962469499991,15.393023999999999,61.75
47.321811978999904,15.393023999999999,61.875
47.333972317999724,15.393023999999999,61.625
47.345980652000435,15.393023999999999,61.875
47.358106077999764,15.432191999999999,62.187
47.3701028280002,15.432191999999999,61.75
47.382086777999575,15.47136,61.937
47.39408589699997,15.510528,61.937
47.40606075800042,15.510528,61.781
47.4180709809998,15.47136,61.843
47.430068147000384,15.510528,62.093
47.44207001799987,15.510528,61.75
47.454083665000326,15.510528,61.937
47.46608035099962,15.549695999999999,61.593
47.478082380999695,15.549695999999999,61.812
47.49007314699975,15.549695999999999,61.531
47.502056233000076,15.588864,61.781
47.514067160000195,15.549695999999999,61.968
47.52639134299989,15.393023999999999,61.531
47.538498912999785,15.353856,61.937
47.55068104400016,15.353856,61.562
47.56434856099986,15.27552,61.5
47.5777283260004,15.27552,61.656
47.591031672999634,15.314688,61.531
47.60425565700007,15.353856,61.843
47.617618141000094,15.353856,61.562
47.629671788999985,15.393023999999999,61.781
47.641795198999716,15.432191999999999,61.531
47.65396705799958,15.47136,62.062
47.66607536399988,15.432191999999999,61.75
47.679618877000394,15.47136,62.0
47.69164961200022,15.47136,61.687
47.703613914000016,15.47136,61.875
47.715594983999836,15.432191999999999,61.656
47.72759535000023,15.393023999999999,61.812
47.73957021200022,15.393023999999999,62.125
47.75153035299991,15.353856,61.75
47.7635015019996,15.353856,62.0
47.77545719600039,15.353856,61.718
47.78746133799996,15.393023999999999,61.875
47.79944573600005,15.393023999999999,61.625
47.81140629299989,15.393023999999999,61.812
47.82335068999964,15.393023999999999,62.093
47.835357328999635,15.393023999999999,62.031
47.84729503699964,15.432191999999999,61.75
47.85931338800037,15.47136,61.937
47.87128345000019,15.47136,61.656
47.88342471600026,15.510528,61.875
47.89541289000044,15.47136,62.156
47.907368934999795,15.47136,61.75
47.91935701300008,15.510528,61.875
47.93131949100007,15.510528,61.656
47.943289200000436,15.510528,61.75
47.95531574300003,15.510528,61.5
47.967406032000326,15.549695999999999,61.812
47.979383902000336,15.549695999999999,62.062
47.99134660300024,15.510528,61.75
48.00330527300048,15.47136,61.937
48.01523971700044,15.432191999999999,61.5
48.027289300999655,15.393023999999999,61.812
48.04066384999987,15.393023999999999,61.625
48.054011004999666,15.393023999999999,61.937
48.06731080000009,15.393023999999999,61.562
48.079406816999835,15.432191999999999,61.875
48.091692662999776,15.47136,61.781
48.10386260300038,15.510528,61.593
48.11596853999981,15.510528,61.75
48.127453627999785,15.47136,61.968
48.13966619199982,15.47136,61.687
48.15189450100024,15.47136,61.875
48.1639003399996,15.47136,61.625
48.175870689000476,15.47136,61.875
48.187919953000346,15.47136,61.562
48.20043579000048,15.432191999999999,61.75
48.21256556800017,15.432191999999999,61.937
48.2246302880003,15.432191999999999,61.781
48.23675584200009,15.353856,61.937
48.24879368100028,15.393023999999999,61.656
48.26084777699998,15.393023999999999,61.812
48.27289044900044,15.393023999999999,61.718
48.285094885000035,15.432191999999999,62.125
48.29715934900014,15.432191999999999,61.718
48.30919139599973,15.432191999999999,61.906
48.32124881999971,15.432191999999999,61.656
48.33343933600008,15.47136,61.875
48.34543771799963,15.510528,61.687
48.357445093000024,15.510528,61.906
48.369438099000035,15.47136,62.062
48.38158806899992,15.47136,61.812
48.3936294289997,15.510528,61.875
48.40560224300043,15.510528,61.656
48.41763947399977,15.510528,61.75
48.42968534600004,15.549695999999999,62.093
48.44173505700019,15.549695999999999,61.656
48.453805217999616,15.588864,61.968
48.46580052799982,15.549695999999999,61.75
48.477814591000424,15.47136,61.875
48.48982919700029,15.432191999999999,61.812
48.5019461109996,15.432191999999999,62.156
48.51584294599979,15.393023999999999,62.0
48.52929708099964,15.393023999999999,61.5
48.54271358300048,15.393023999999999,61.75
48.55484985699968,15.432191999999999,61.468
48.56716411999969,15.47136,61.781
48.57924231299967,15.510528,61.531
48.59127976800028,15.510528,61.781
48.60339565800041,15.549695999999999,61.906
48.61562918300024,15.549695999999999,61.968
48.62770391899994,15.549695999999999,61.625
48.63972262199968,15.549695999999999,61.843
48.65175415700014,15.549695999999999,61.562
48.66373861900047,15.510528,61.812
48.67580273099975,15.47136,62.093
48.687773433000075,15.47136,61.75
48.699754279000445,15.432191999999999,61.937
48.71172897999986,15.432191999999999,61.718
48.72391373600021,15.393023999999999,61.812
48.73615660500036,15.353856,62.156
48.74759465199986,15.393023999999999,61.781
48.759610826000426,15.393023999999999,62.093
48.77160485700006,15.393023999999999,61.781
48.78370320999966,15.393023999999999,61.968
48.7957045359999,15.432191999999999,61.625
48.80770570200002,15.47136,61.875
48.81970693299991,15.47136,62.187
48.83171881999988,15.510528,61.75
48.84373329800019,15.47136,62.093
48.85572867300016,15.47136,61.656
48.86775515200043,15.510528,61.843
48.87975122999978,15.510528,61.781
48.89179210899965,15.510528,62.031
48.9038037399996,15.549695999999999,61.781
48.91575277700031,15.549695999999999,61.937
48.927734230999704,15.549695999999999,61.656
48.93972365300033,15.549695999999999,61.875
48.951689042,15.47136,61.593
48.9636788480002,15.432191999999999,61.812
48.975650190000124,15.432191999999999,62.0
48.98750834400016,15.353856,61.687
49.000130391999846,15.393023999999999,61.875
49.01337319300001,15.393023999999999,61.781
49.026790398999765,15.432191999999999,61.562
49.03983604200039,15.432191999999999,61.718
49.05193561200031,15.510528,62.0
49.06401802799974,15.510528,61.781
49.07618409499992,15.549695999999999,61.906
49.08829972900003,15.510528,61.906
49.10209620899968,15.549695999999999,61.687
49.11410326399982,15.549695999999999,61.875
49.12606798100023,15.549695999999999,62.156
49.138065338999695,15.510528,61.718
49.150075818000005,15.47136,62.0
49.162110072999894,15.47136,61.718
49.17408263099969,15.47136,61.906
49.186121525999624,15.432191999999999,61.593
49.19809837200046,15.432191999999999,61.875
49.21030968800005,15.47136,62.156
49.22260081500008,15.47136,62.062
49.23470671999985,15.47136,61.718
49.246824785999706,15.47136,61.906
49.25890723399971,15.47136,61.625
49.271025076000114,15.510528,61.843
49.28341226900011,15.510528,62.218
49.295462076999684,15.549695999999999,61.843
49.307532621000064,15.549695999999999,62.031
49.31962726199981,15.47136,61.656
49.33179803300027,15.510528,61.875
49.34306468300019,15.510528,61.468
49.35513775599975,15.510528,61.875
49.36719873200036,15.510528,62.031
49.37915935300043,15.510528,61.75
49.39141815899984,15.549695999999999,61.968
49.40340930900038,15.588864,61.562
49.41542894000031,15.549695999999999,61.906
49.42746082699978,15.47136,61.5
49.439436137000484,15.432191999999999,62.093
49.45141535000039,15.432191999999999,61.593
49.46509829200022,15.353856,61.875
49.47833069199987,15.353856,61.718
49.4915300040002,15.393023999999999,61.468
49.504823622,15.393023999999999,61.625
49.51733302699995,15.432191999999999,62.0
49.52942229200016,15.47136,61.593
49.54155315800017,15.510528,61.843
49.55377657000008,15.510528,61.875
49.56662448000043,15.510528,61.625
49.57887141300034,15.510528,61.843
49.590945990000364,15.549695999999999,62.187
49.60296354100046,15.549695999999999,61.781
49.614988899999844,15.510528,62.0
49.627019571000346,15.47136,61.656
49.639095587000156,15.47136,61.906
49.65109950599981,15.393023999999999,61.656
49.66309705599997,15.393023999999999,61.812
49.67513585600045,15.432191999999999,62.187
49.687190302999625,15.432191999999999,61.781
49.69884051600002,15.432191999999999,62.031
49.71111880999979,15.432191999999999,61.937
49.72343390500009,15.432191999999999,61.687
49.7357266959998,15.47136,61.875
49.7479976300001,15.47136,62.218
49.76026395500048,15.510528,61.812
49.7725593060004,15.549695999999999,62.031
49.78418193400012,15.549695999999999,61.718
49.796501957000146,15.510528,61.968
49.808019142000376,15.549695999999999,61.593
49.82032850900032,15.549695999999999,61.781
49.83180668499972,15.549695999999999,62.125
49.84384356400005,15.588864,61.593
49.855844826000066,15.588864,61.937
49.86783219999961,15.588864,61.593
49.8797861969997,15.588864,61.843
49.89183088499976,15.549695999999999,61.687
49.903854676000265,15.510528,61.781
49.91584896200038,15.47136,62.0
49.9275116230001,15.393023999999999,61.875
49.942070013000375,15.314688,61.437
49.955479154000386,15.314688,61.437
49.968971209999836,15.353856,61.687
49.98227593299998,15.353856,61.968
49.994611285000246,15.393023999999999,61.562
50.00671261400021,15.432191999999999,61.937
50.018795126999976,15.432191999999999,61.875
50.0309159440003,15.47136,61.625
50.042995001000236,15.47136,61.812
50.05501338399972,15.47136,62.093
50.06702802200016,15.47136,61.812
50.07902842099975,15.47136,62.031
50.09102286699999,15.432191999999999,61.656
50.103005377000045,15.432191999999999,61.875
50.115002702999845,15.432191999999999,61.593
50.12699666899971,15.393023999999999,61.781
50.138993675000165,15.353856,62.156
50.15107314800025,15.393023999999999,61.75
50.16309591499976,15.393023999999999,62.0
50.17506773700006,15.393023999999999,61.75
50.18709114400008,15.432191999999999,62.0
50.1990748369999,15.393023999999999,61.687
50.211188326999945,15.432191999999999,61.843
50.223162549000335,15.432191999999999,62.156
50.23523299699991,15.47136,61.75
50.24747631399987,15.510528,61.781
50.25958513099977,15.510528,61.937
50.27158018600039,15.47136,61.687
50.28367665099995,15.510528,61.781
50.29568556100003,15.510528,62.062
50.30768483999964,15.510528,61.687
50.319726806999824,15.549695999999999,61.937
50.33177075900039,15.549695999999999,61.656
50.34376114099996,15.549695999999999,61.781
50.35574995499974,15.588864,61.562
50.367741041000045,15.510528,61.781
50.37972265500048,15.47136,62.062
50.39172497300024,15.432191999999999,61.593
50.40369372199984,15.393023999999999,61.937
50.41720360300042,15.393023999999999,61.781
50.429308515999764,15.432191999999999,61.593
50.44279858800019,15.432191999999999,61.656
50.45487005999985,15.47136,61.968
50.46705999999995,15.510528,61.687
50.47910417500043,15.549695999999999,61.906
50.49121452899999,15.549695999999999,61.593
50.50331272200037,15.549695999999999,61.875
50.51530079999975,15.549695999999999,61.625
50.52666233200034,15.510528,61.781
50.53875060500013,15.47136,62.0
50.55030052700022,15.510528,61.718
50.56231110200042,15.47136,62.031
50.57435703700048,15.47136,61.625
50.58640834899961,15.432191999999999,61.843
50.59843165999973,15.432191999999999,61.812
50.6104747469999,15.393023999999999,62.062
50.62247434599976,15.393023999999999,61.718
50.634640252999816,15.393023999999999,61.906
50.64665709899964,15.393023999999999,61.656
50.6586657859998,15.432191999999999,61.875
50.67066829600026,15.432191999999999,61.656
50.68284805999974,15.432191999999999,61.75
50.69487085899982,15.432191999999999,62.031
50.706857752999895,15.47136,61.718
50.71887194299961,15.510528,61.937
50.73085358899971,15.510528,61.625
50.74286054799995,15.47136,61.906
50.75483736099977,15.510528,62.281
50.766858400000274,15.510528,61.718
50.77884427000026,15.510528,62.0
50.79086290899977,15.549695999999999,61.656
50.802859882999655,15.549695999999999,61.906
50.81483941700026,15.549695999999999,61.593
50.82681530300033,15.588864,61.718
50.83884575000047,15.588864,61.781
50.850847683999746,15.47136,61.937
50.86290667600042,15.432191999999999,61.625
50.87490381000043,15.432191999999999,61.75
50.88716143199963,15.393023999999999,61.5
50.900817460000326,15.393023999999999,61.5
50.91418090499974,15.393023999999999,61.562
50.92754534100004,15.432191999999999,61.906
50.940394371000366,15.432191999999999,61.656
50.95248814800016,15.47136,61.812
50.96460205299991,15.510528,61.5
50.976640949000284,15.510528,61.593
50.98875014999976,15.510528,61.75
51.00246736400004,15.510528,62.125
51.01448888300001,15.549695999999999,61.656
51.026493665999624,15.510528,61.968
51.038500368000314,15.510528,61.593
51.05056284800048,15.47136,61.843
51.06259969599978,15.47136,61.593
51.074620127000344,15.393023999999999,61.843
51.086631629000294,15.393023999999999,62.031
51.098648316000435,15.393023999999999,61.656
51.11064388199975,15.432191999999999,61.937
51.12266168899987,15.432191999999999,61.875
51.13470244000018,15.432191999999999,61.656
51.14669589500045,15.432191999999999,61.843
51.15873776599983,15.47136,62.125
51.170754517000205,15.47136,61.718
51.18284336600027,15.510528,61.937
51.1948483719998,15.510528,61.812
51.20697802199993,15.549695999999999,61.906
51.218954611999834,15.510528,62.218
51.23094358599974,15.510528,61.843
51.242934896000406,15.549695999999999,61.968
51.254961790999914,15.549695999999999,61.687
51.267401848999725,15.588864,61.875
51.27946800999962,15.588864,61.656
51.29150191299959,15.588864,61.75
51.303513159999966,15.588864,62.093
51.31551307799964,15.549695999999999,61.968
51.32753018099993,15.510528,61.656
51.339794298000015,15.47136,61.843
51.351838282000244,15.432191999999999,61.656
51.36550835900016,15.393023999999999,61.562
51.3791722269998,15.432191999999999,61.656
51.392606233999686,15.432191999999999,61.937
51.405823690000034,15.47136,61.593
51.41801078099979,15.510528,61.593
51.430136271000265,15.510528,61.875
51.44234221100032,15.549695999999999,61.531
51.454545943000085,15.549695999999999,61.718
51.468972681000196,15.549695999999999,62.031
51.481178877000275,15.549695999999999,62.0
51.49318717999995,15.549695999999999,61.718
51.50516796099964,15.549695999999999,61.875
51.51717584800008,15.510528,61.593
51.52919890300018,15.510528,61.718
51.5412137659996,15.47136,62.125
51.553195059000245,15.432191999999999,61.656
51.56521094599975,15.432191999999999,62.0
51.57720113600044,15.432191999999999,61.562
51.589205567000135,15.432191999999999,61.906
51.60120708500017,15.47136,61.718
51.61319545100014,15.47136,61.812
51.6251750170004,15.47136,62.062
51.63719407200006,15.510528,61.625
51.649179301000004,15.510528,61.906
51.66120997300004,15.549695999999999,61.687
51.67320262700014,15.549695999999999,61.843
51.68523217799975,15.510528,62.25
51.69721318400025,15.510528,61.812
51.70917681300034,15.549695999999999,62.031
51.72116985100001,15.549695999999999,61.718
51.73323393099963,15.549695999999999,61.781
51.74521772099979,15.549695999999999,61.781
51.7571935750002,15.588864,61.562
51.76921195700015,15.588864,61.718
51.78120489899993,15.588864,62.031
51.79319448200022,15.510528,61.718
51.805206367999745,15.47136,61.875
51.81719278200035,15.47136,61.468
51.83067216600011,15.393023999999999,61.843
51.84381701199982,15.432191999999999,61.718
51.85715975099993,15.432191999999999,61.968
51.870345174999784,15.432191999999999,61.593
51.88308217000031,15.47136,61.625
51.89521412399972,15.510528,61.75
51.90735711799971,15.510528,61.531
51.919497808000415,15.549695999999999,61.718
51.93236802299998,15.510528,62.093
51.944543753999824,15.549695999999999,61.656
51.956524375999834,15.549695999999999,61.875
51.968531301999974,15.549695999999999,61.718
51.98051957200005,15.510528,61.781
51.9925333150004,15.47136,61.562
52.00454110499959,15.47136,61.718
52.01652614300019,15.432191999999999,62.031
52.02850481299993,15.393023999999999,61.75
52.04050655500032,15.432191999999999,61.906
52.05257671599975,15.432191999999999,61.875
52.06460274700021,15.432191999999999,61.687
52.076618089000476,15.432191999999999,61.843
52.08862437599964,15.432191999999999,62.156
52.100645862999954,15.47136,61.75
52.11264542899971,15.47136,61.937
52.12465478800004,15.510528,61.625
52.1366855870001,15.549695999999999,61.875
52.14870560199961,15.549695999999999,61.656
52.16077176199997,15.510528,61.875
52.17272675100048,15.549695999999999,62.031
52.18480462299976,15.549695999999999,61.625
52.19685379099974,15.549695999999999,61.906
52.20886410900039,15.588864,61.5
52.22086005999972,15.588864,61.843
52.233098032999806,15.588864,62.062
52.24516704100006,15.588864,61.812
52.25717009500022,15.549695999999999,62.125
52.26917433400013,15.510528,61.687
52.28139304199976,15.47136,61.562
52.29368832900036,15.432191999999999,61.718
52.30605884899978,15.432191999999999,62.031
52.31818945899977,15.47136,61.625
52.3317588609998,15.47136,61.593
52.345162978999724,15.47136,61.843
52.35735019799995,15.510528,61.593
52.36951860099998,15.549695999999999,61.781
52.38161362600022,15.549695999999999,61.5
52.39373162799984,15.549695999999999,61.687
52.40587219000008,15.549695999999999,62.062
52.417937070000335,15.588864,61.718
52.42999587000031,15.588864,61.937
52.44202369300001,15.549695999999999,61.718
52.45403263499975,15.510528,61.781
52.46603575399968,15.510528,62.187
52.47806239300007,15.510528,61.718
52.49008247199981,15.432191999999999,62.031
52.50207374999991,15.432191999999999,61.875
52.51416541500021,15.432191999999999,61.656
52.52643446000002,15.47136,61.875
52.5385214529997,15.47136,62.187
52.55057356500038,15.47136,61.875
52.562708366999686,15.47136,62.0
52.5747178849997,15.47136,61.687
52.58678010899985,15.510528,61.937
52.598802460000115,15.510528,61.75
52.610846667999795,15.549695999999999,61.812
52.622855642000104,15.510528,62.25
52.63489815400044,15.510528,61.781
52.64693228099986,15.549695999999999,62.0
52.65892538299977,15.549695999999999,61.718
52.67092270900048,15.549695999999999,61.875
52.68298301300001,15.588864,61.531
52.694974482999896,15.588864,62.062
52.70699974600029,15.588864,61.656
52.718990223999754,15.588864,61.906
52.73097058999974,15.510528,61.593
52.74298449300022,15.47136,61.968
52.75515398399966,15.47136,61.5
52.76834404700003,15.393023999999999,61.718
52.78186768799969,15.393023999999999,61.656
52.79516274599973,15.393023999999999,61.968
52.80835325800035,15.393023999999999,61.875
52.82184649800001,15.432191999999999,61.625
52.834031317000154,15.47136,61.781
52.84618061499987,15.510528,61.5
52.85832121000021,15.510528,61.718
52.87048020400016,15.510528,62.062
52.88353135200032,15.549695999999999,61.718
52.89555107900014,15.549695999999999,61.937
52.9076046629998,15.510528,61.718
52.91963408599986,15.510528,61.875
52.93165675700038,15.47136,61.718
52.94368275600027,15.47136,62.0
52.95569310599967,15.432191999999999,61.75
52.96768032,15.393023999999999,61.937
52.979656493999755,15.393023999999999,61.656
52.99172370999986,15.432191999999999,61.875
53.00374839699998,15.432191999999999,62.25
53.01572252200003,15.432191999999999,61.875
53.027765226000156,15.432191999999999,62.062
53.03997385399998,15.432191999999999,61.718
53.0520781590003,15.47136,61.937
53.064106781999726,15.510528,61.656
53.07609486000001,15.510528,61.875
53.088086777999706,15.549695999999999,62.187
53.10007322399997,15.47136,61.843
53.11209061499994,15.510528,62.0
53.12410263000038,15.510528,61.656
53.13611832399965,15.510528,61.968
53.14811321799971,15.549695999999999,61.593
53.16013291299987,15.549695999999999,62.156
53.17249444200024,15.549695999999999,61.625
53.184543608999775,15.588864,62.0
53.19654420000006,15.549695999999999,61.718
53.20854760600014,15.47136,61.875
53.2206440709997,15.432191999999999,61.593
53.23284351500024,15.432191999999999,61.781
53.24621931100046,15.353856,62.0
53.25830022399987,15.393023999999999,61.906
53.27160917099991,15.432191999999999,61.5
53.28505853699971,15.432191999999999,61.75
53.29755046900027,15.47136,61.781
53.31011021100039,15.510528,61.562
53.32235384799969,15.510528,61.656
53.334628782000436,15.549695999999999,62.031
53.34678492900002,15.549695999999999,61.687
53.358901841999796,15.549695999999999,61.875
53.370925088999684,15.549695999999999,61.625
53.383078804000434,15.549695999999999,61.875
53.395108067000365,15.510528,62.218
53.40724053299982,15.47136,61.781
53.419210562000444,15.47136,62.093
53.43122964899976,15.432191999999999,61.687
53.443222943000364,15.432191999999999,61.875
53.455335825000475,15.432191999999999,61.687
53.46730255800048,15.432191999999999,62.187
53.47939550299998,15.432191999999999,62.156
53.49137964500005,15.47136,62.031
53.50337882700023,15.432191999999999,61.656
53.51540316200044,15.47136,61.906
53.527633550000246,15.510528,61.687
53.53968127799999,15.510528,61.937
53.551708109000174,15.549695999999999,62.125
53.563715195999976,15.549695999999999,61.843
53.57572513000014,15.510528,62.062
53.587806235000244,15.549695999999999,61.687
53.59981978500036,15.549695999999999,61.843
53.61178773499978,15.549695999999999,61.625
53.62377526900036,15.588864,61.75
53.63583422800002,15.588864,62.062
53.6478756839997,15.588864,61.593
53.65986980999969,15.588864,61.875
53.67185708800025,15.510528,61.687
53.683959824999874,15.47136,61.843
53.69591849399967,15.47136,61.562
53.70803531199999,15.432191999999999,62.156
53.721327649999694,15.393023999999999,61.625
53.73425332199986,15.432191999999999,61.875
53.7465709449998,15.47136,61.875
53.7598109620003,15.47136,61.531
53.77184268899964,15.510528,61.781
53.78411570299977,15.549695999999999,62.125
53.79620208800043,15.549695999999999,61.656
53.8083854030001,15.549695999999999,61.937
53.82247574699977,15.549695999999999,61.937
53.83457352400001,15.549695999999999,61.656
53.84656614600044,15.549695999999999,61.906
53.85857720100012,15.549695999999999,62.25
53.87057523099975,15.510528,61.718
53.88269528100045,15.510528,61.968
53.894724607999706,15.47136,61.718
53.906720750000204,15.432191999999999,61.875
53.91871916400032,15.432191999999999,61.625
53.93071338600021,15.432191999999999,61.875
53.94271759300045,15.47136,62.187
53.954742535999685,15.47136,61.781
53.9667307740001,15.47136,62.031
53.97875142900011,15.47136,61.75
53.99078382799962,15.510528,61.875
54.00282173100004,15.510528,61.656
54.01482177700018,15.549695999999999,61.812
54.02681702300015,15.549695999999999,62.125
54.038834029999634,15.510528,61.875
54.05087906999961,15.510528,62.031
54.062870316000044,15.549695999999999,61.875
54.07488745000046,15.549695999999999,61.718
54.08690608899997,15.549695999999999,61.843
54.09890466300021,15.588864,62.156
54.110912678000204,15.588864,61.593
54.12288974799958,15.588864,61.937
54.13490771400029,15.588864,61.593
54.146892495999964,15.510528,61.843
54.15902752199963,15.47136,61.593
54.171029264000026,15.47136,61.593
54.18345527499969,15.393023999999999,62.093
54.19564719800019,15.432191999999999,61.875
54.20924920899961,15.432191999999999,61.531
54.222846804000255,15.47136,61.812
54.23597097699985,15.47136,61.75
54.24808981099977,15.510528,62.093
54.260298150999915,15.549695999999999,61.718
54.27242508099971,15.549695999999999,61.937
54.284570763000374,15.549695999999999,61.718
54.29896822000046,15.588864,61.875
54.31097431499984,15.588864,61.875
54.32300287399994,15.588864,62.281
54.33528683199984,15.549695999999999,61.812
54.34745341100006,15.510528,62.062
54.359441937000156,15.510528,61.687
54.371416253999996,15.432191999999999,61.968
54.38353588799964,15.47136,61.656
54.39560736000021,15.47136,61.875
54.4076118869998,15.47136,62.25
54.419628892999754,15.47136,61.75
54.43165889200009,15.47136,62.093
54.44367234699985,15.47136,61.75
54.455678313000135,15.510528,62.0
54.46770715999992,15.510528,61.687
54.479740552000294,15.549695999999999,61.875
54.491771191000225,15.549695999999999,62.218
54.50378301300043,15.549695999999999,61.812
54.515748626999994,15.510528,62.093
54.527777666000475,15.549695999999999,61.875
54.539790511999854,15.588864,61.562
54.551772990000245,15.549695999999999,61.75
54.56378138800028,15.588864,62.062
54.5757603459997,15.588864,61.656
54.58776868099994,15.588864,61.906
54.600126657000146,15.628032,61.687
54.612097965999965,15.549695999999999,61.843
54.6241168610004,15.510528,61.625
54.636288912000055,15.47136,61.718
54.64842886600036,15.432191999999999,62.062
54.66169608400014,15.393023999999999,61.937
54.67498678999982,15.432191999999999,61.531
54.68727977199978,15.47136,61.718
54.70050231700043,15.47136,61.531
54.712640959000055,15.510528,61.75
54.724771889000294,15.549695999999999,62.031
54.7369351389998,15.549695999999999,61.906
54.749072085999615,15.549695999999999,61.75
54.76123405599992,15.549695999999999,61.875
54.77326559100038,15.549695999999999,61.625
54.78532074299983,15.549695999999999,61.875
54.797366710999995,15.549695999999999,62.187
54.80938061300003,15.510528,61.812
54.82139480400019,15.47136,62.062
54.833471556000404,15.47136,61.718
54.84547438699974,15.432191999999999,61.875
54.85746624100011,15.432191999999999,61.593
54.86950817599973,15.432191999999999,61.781
54.88152396700025,15.432191999999999,62.031
54.89355399800024,15.432191999999999,61.718
54.90560313399965,15.47136,62.031
54.91762798000036,15.47136,61.718
54.92963324300035,15.47136,61.843
54.9416184089996,15.510528,61.843
54.95361682299972,15.510528,62.125
54.965614916999584,15.549695999999999,61.718
54.97762194000006,15.510528,62.062
54.98960355300005,15.510528,61.687
55.00158177499998,15.549695999999999,61.875
55.01356706899969,15.549695999999999,61.656
55.02559284400013,15.549695999999999,61.75
55.03760633000002,15.588864,62.062
55.04959389600026,15.588864,61.718
55.06158792600036,15.588864,61.875
55.07357222799965,15.588864,61.656
55.08557976300017,15.510528,61.75
55.09754102399984,15.510528,61.656
55.109574991000045,15.47136,61.968
55.12358741299977,15.393023999999999,61.687
55.136807365000095,15.393023999999999,61.875
55.14983684799972,15.393023999999999,61.687
55.16330599200046,15.432191999999999,61.593
55.17661416999999,15.47136,61.656
55.18873892400006,15.510528,62.093
55.200873310000134,15.510528,61.593
55.21299771200029,15.549695999999999,61.906
55.22514883399981,15.549695999999999,61.843
55.23871346800024,15.549695999999999,61.625
55.25073441099994,15.549695999999999,61.875
55.26272792899999,15.549695999999999,62.281
55.274726855000154,15.549695999999999,61.781
55.286747862000084,15.510528,62.031
55.29877152500012,15.47136,61.656
55.31075515500015,15.47136,61.937
55.32281318599962,15.432191999999999,61.625
55.3349025790003,15.432191999999999,61.843
55.34692125000038,15.47136,62.187
55.358661897000275,15.47136,61.781
55.37085442900025,15.510528,62.0
55.38298939099968,15.47136,61.875
55.39506473500023,15.510528,61.656
55.40715860799992,15.510528,61.843
55.41918908699972,15.549695999999999,62.156
55.43116855599965,15.588864,61.75
55.443158713999765,15.588864,62.0
55.455161224999756,15.510528,61.812
55.46713355799966,15.549695999999999,61.906
55.4791640049998,15.588864,61.593
55.49114072300017,15.588864,61.875
55.50312352099991,15.588864,62.031
55.51518363200012,15.588864,61.656
55.527165342000444,15.588864,61.906
55.539162668000245,15.628032,61.625
55.551177499000005,15.588864,61.906
55.563137672000266,15.510528,61.656
55.57513179800026,15.47136,61.75
55.58728368900029,15.47136,61.593
55.6008623710004,15.432191999999999,61.875
55.614342458000465,15.432191999999999,61.468
55.62665572900005,15.47136,61.562
55.64016493700001,15.510528,61.656
55.652354365000065,15.510528,62.0
55.66452920000029,15.549695999999999,61.75
55.67664035300004,15.588864,61.968
55.68879864399969,15.588864,61.75
55.70113924399993,15.588864,61.875
55.71322294000038,15.588864,61.687
55.72521991400026,15.588864,61.875
55.7372311930003,15.588864,62.156
55.749243303000185,15.549695999999999,61.625
55.76122558899988,15.510528,62.093
55.77320643500025,15.510528,61.875
55.785259090999716,15.47136,61.687
55.79726796900013,15.47136,61.781
55.80929217599987,15.47136,62.125
55.82130105400029,15.47136,61.75
55.83343038400017,15.47136,62.062
55.84539410999969,15.47136,61.718
55.85738381900046,15.510528,61.906
55.869362680999984,15.510528,61.656
55.88136224699974,15.549695999999999,61.875
55.89336642200033,15.549695999999999,62.031
55.90537677199973,15.549695999999999,61.812
55.91739403500014,15.549695999999999,62.062
55.92941984200024,15.549695999999999,61.687
55.94140177600002,15.588864,61.875
55.95341238200035,15.588864,61.531
55.96542030100045,15.588864,61.75
55.977399993999825,15.588864,62.031
55.98938874400028,15.588864,61.687
56.00140696699964,15.628032,61.875
56.01341834100003,15.628032,61.562
56.02538334699966,15.549695999999999,61.812
56.03739462500016,15.510528,61.875
56.04944040099963,15.47136,61.906
56.06243829899995,15.393023999999999,61.75
56.07584574399971,15.393023999999999,61.562
56.089078209000036,15.432191999999999,61.75
56.102351153999734,15.47136,61.5
56.11574855100025,15.47136,61.656
56.127892729999985,15.510528,61.968
56.13997524200022,15.510528,61.875
56.1521155800001,15.549695999999999,61.625
56.16419066900016,15.549695999999999,61.843
56.179107179999846,15.549695999999999,61.875
56.191163772000436,15.549695999999999,62.187
56.203119273000084,15.549695999999999,61.812
56.21510274299999,15.549695999999999,61.968
56.22717287100022,15.510528,61.656
56.2391649809997,15.47136,61.937
56.25113219400009,15.47136,61.656
56.26313646499966,15.432191999999999,61.75
56.27528742699997,15.432191999999999,62.156
56.28728763300023,15.47136,61.781
56.29925651099984,15.47136,62.031
56.311165322000306,15.47136,61.718
56.3231608240003,15.47136,61.875
56.33519079100006,15.47136,61.562
56.3471244680004,15.510528,61.843
56.35909532900041,15.549695999999999,62.093
56.37106980699991,15.549695999999999,61.75
56.38311318199976,15.588864,62.062
56.395175374000246,15.549695999999999,61.75
56.40717001200028,15.549695999999999,61.906
56.4192140920004,15.588864,61.562
56.4312134339998,15.588864,61.781
56.44319533599992,15.588864,62.031
56.455216821999784,15.588864,61.906
56.46812214199963,15.628032,61.625
56.48046952599998,15.628032,61.843
56.49277201200039,15.588864,61.625
56.505512974999874,15.549695999999999,61.781
56.517809029999626,15.510528,62.031
56.53025382400028,15.47136,61.875
56.54487525500008,15.432191999999999,61.812
56.55899520100047,15.47136,61.75
56.5736774019997,15.510528,62.156
56.58786112500002,15.549695999999999,61.687
56.60063376800008,15.588864,62.0
56.612945631,15.588864,61.937
56.625011567,15.628032,61.625
56.63717331400039,15.588864,61.875
56.65044907599986,15.628032,61.625
56.66247808299977,15.628032,61.875
56.67450923399974,15.628032,62.093
56.68655779300025,15.588864,61.718
56.69874638900001,15.549695999999999,61.937
56.710774627999854,15.549695999999999,61.625
56.7228777170003,15.47136,61.812
56.73491952400036,15.47136,62.156
56.74699973299994,15.47136,62.031
56.75900134699987,15.47136,61.812
56.77102907399967,15.510528,61.968
56.783115395000095,15.510528,61.656
56.79513483299979,15.47136,61.875
56.80713331100014,15.510528,62.218
56.81914097400022,15.549695999999999,61.75
56.8311553880003,15.549695999999999,62.125
56.84317597900008,15.588864,61.687
56.85516277700026,15.588864,62.0
56.86716771900046,15.549695999999999,61.75
56.8791601490002,15.588864,61.843
56.8911652200004,15.588864,62.062
56.903161457999886,15.588864,61.75
56.91516575999958,15.628032,62.0
56.927126925000266,15.628032,61.593
56.939126844000384,15.628032,61.875
56.95115761099987,15.628032,61.593
56.96315458499976,15.588864,61.875
56.97512119000021,15.549695999999999,62.093
56.987113619999946,15.510528,61.875
56.99910240200006,15.47136,61.687
57.01234267499967,15.432191999999999,61.781
57.02577629700045,15.47136,61.75
57.0392358400004,15.47136,62.062
57.05288226799985,15.510528,61.687
57.06506023899965,15.510528,62.031
57.07716550399982,15.549695999999999,61.687
57.089303601999745,15.549695999999999,61.812
57.10138112200002,15.588864,61.75
57.11340443300014,15.588864,61.656
57.12537884700032,15.588864,61.75
57.13739118099966,15.588864,62.062
57.149359387000004,15.549695999999999,61.718
57.16136500100038,15.549695999999999,61.968
57.17340898400016,15.510528,61.593
57.18541696699958,15.510528,61.812
57.19738840399987,15.432191999999999,62.187
57.209395427000345,15.432191999999999,61.781
57.22137345600004,15.47136,62.031
57.23352294699998,15.47136,61.718
57.245538385000145,15.47136,61.875
57.25751756699992,15.47136,61.718
57.26949566100029,15.47136,61.843
57.28150946700043,15.510528,62.156
57.29353565800011,15.510528,61.75
57.30554527300046,15.549695999999999,62.0
57.31754851900041,15.549695999999999,61.812
57.329545716999746,15.549695999999999,62.0
57.34157462799976,15.510528,61.718
57.35360155499984,15.549695999999999,62.156
57.36572118799995,15.549695999999999,61.75
57.37780715700046,15.549695999999999,61.906
57.38983744400048,15.588864,61.625
57.40191787599997,15.588864,61.843
57.41445492999992,15.628032,61.562
57.42653776200041,15.588864,61.781
57.438631666999754,15.510528,62.125
57.45071302700035,15.47136,61.843
57.46277813100005,15.47136,61.468
57.47672450400023,15.393023999999999,61.875
57.49001569000029,15.393023999999999,61.5
57.50206456900014,15.393023999999999,61.625
57.51473877799981,15.432191999999999,61.656
57.52808167799958,15.47136,61.906
57.54026678500031,15.510528,61.625
57.55235800199989,15.510528,61.906
57.56450986100026,15.549695999999999,61.593
57.57673506500032,15.549695999999999,61.875
57.59000493900021,15.549695999999999,62.218
57.60206828199989,15.549695999999999,62.0
57.614064649000284,15.549695999999999,61.75
57.62608043900036,15.549695999999999,61.937
57.63823047400001,15.510528,61.656
57.650270553000155,15.510528,61.843
57.66228659999979,15.47136,62.187
57.67430434200014,15.432191999999999,61.75
57.68634995800039,15.432191999999999,62.031
57.69836366799973,15.432191999999999,61.718
57.71041974800028,15.47136,61.875
57.72245384300004,15.47136,61.593
57.73455514000034,15.47136,61.875
57.74658837100014,15.47136,62.187
57.75858950499969,15.510528,61.781
57.77068308999969,15.510528,62.0
57.78271795300043,15.549695999999999,61.718
57.79475803300011,15.549695999999999,61.906
57.80675567900016,15.510528,61.781
57.818758540999625,15.549695999999999,62.156
57.830767196000124,15.549695999999999,61.781
57.84280004300035,15.549695999999999,61.906
57.854801305000365,15.549695999999999,61.562
57.86679639100021,15.588864,61.875
57.878820310000265,15.588864,61.531
57.89080947599996,15.628032,61.781
57.902809234000415,15.588864,62.093
57.91486640200037,15.510528,61.687
57.926857168000424,15.47136,61.875
57.938853374000246,15.47136,61.562
57.95291725300012,15.393023999999999,61.593
57.966306713999984,15.432191999999999,61.562
57.97969588700016,15.432191999999999,62.062
57.99189725100041,15.47136,61.562
58.00404514100046,15.47136,61.687
58.01635297200028,15.510528,61.875
58.028517118999844,15.549695999999999,61.593
58.04065003300002,15.549695999999999,61.843
58.05278227399958,15.549695999999999,62.218
58.06481336199977,15.549695999999999,61.843
58.076957059999586,15.549695999999999,62.031
58.08896997000011,15.549695999999999,61.75
58.100948512000286,15.510528,61.906
58.11295521400007,15.510528,61.687
58.12496879700029,15.47136,61.843
58.136982635000095,15.432191999999999,62.156
58.1489738170003,15.432191999999999,61.781
58.16097850400001,15.432191999999999,62.0
58.17298603800009,15.47136,61.656
58.18498653200004,15.47136,61.875
58.19696596999984,15.47136,61.656
58.20899884899973,15.47136,62.125
58.22100539100029,15.47136,61.75
58.233156706000045,15.510528,62.031
58.2451612320001,15.549695999999999,61.718
58.2571516779999,15.549695999999999,61.937
58.269433524000306,15.549695999999999,61.687
58.28153738099991,15.510528,61.875
58.29360654900029,15.549695999999999,62.156
58.30560784299996,15.588864,61.687
58.31757214499976,15.549695999999999,61.875
58.329593854999985,15.588864,61.5
58.3416026699997,15.588864,61.781
58.35360310000033,15.588864,61.5
58.36559495399979,15.588864,61.781
58.37759275999997,15.549695999999999,62.093
58.3897806519999,15.510528,61.75
58.401778553999975,15.47136,61.875
58.41382416899978,15.432191999999999,61.875
58.427477156999885,15.432191999999999,61.562
58.441219395999724,15.432191999999999,62.031
58.45469017100004,15.47136,61.625
58.46808609599975,15.47136,61.875
58.4801980809998,15.510528,61.562
58.492346932000146,15.549695999999999,61.875
58.50444714100013,15.549695999999999,61.781
58.516666104999786,15.549695999999999,62.187
58.53165519400045,15.549695999999999,61.812
58.543664425000316,15.549695999999999,61.937
58.55567138300012,15.549695999999999,61.718
58.56769450200045,15.549695999999999,61.968
58.579724340999746,15.510528,61.843
58.5917449640001,15.510528,62.218
58.60374622600011,15.47136,61.812
58.615750464000484,15.432191999999999,62.062
58.627742061999925,15.432191999999999,61.718
58.63974921299996,15.47136,61.968
58.651765419000185,15.47136,61.656
58.66374136899958,15.47136,61.843
58.67574307900031,15.47136,62.218
58.68776302999959,15.47136,61.781
58.69977178000045,15.510528,61.968
58.71173979299965,15.510528,61.687
58.72371081500023,15.549695999999999,61.906
58.7357371979997,15.549695999999999,61.656
58.74774060399977,15.510528,61.906
58.7597470820001,15.549695999999999,62.093
58.771760345000075,15.549695999999999,61.656
58.783856170000035,15.549695999999999,62.0
58.79582415099958,15.588864,61.625
58.80777168399982,15.588864,61.875
58.81975886500004,15.588864,61.468
58.83172995099994,15.628032,62.093
58.84373130899985,15.588864,61.781
58.855744282999694,15.510528,61.968
58.867733832999875,15.47136,61.625
58.879745719999846,15.47136,61.781
58.893780350999805,15.393023999999999,61.718
58.9071634109996,15.432191999999999,62.0
58.920292929000425,15.432191999999999,61.562
58.93284889500046,15.47136,61.875
58.945298137000464,15.47136,61.625
58.957479693000096,15.510528,61.812
58.96968422400005,15.549695999999999,61.812
58.98191208499975,15.549695999999999,62.187
58.99566126799982,15.549695999999999,61.75
59.007767428999614,15.549695999999999,62.093
59.019740402000025,15.549695999999999,61.718
59.031756385000335,15.549695999999999,61.937
59.04374356700009,15.510528,61.656
59.05573010900025,15.47136,61.843
59.06772138700035,15.47136,62.187
59.079723705000106,15.432191999999999,62.031
59.09198999799992,15.432191999999999,61.687
59.10406796700045,15.432191999999999,61.906
59.11615483100013,15.47136,61.687
59.12819155000034,15.47136,61.875
59.140206541000225,15.47136,62.156
59.15220441099973,15.47136,61.781
59.16429297200011,15.47136,61.937
59.17632738700013,15.510528,61.687
59.18845889299973,15.549695999999999,61.937
59.2005282529999,15.549695999999999,61.656
59.212530634999894,15.549695999999999,61.875
59.22455769000044,15.510528,62.187
59.23663233000025,15.549695999999999,61.75
59.24863224799992,15.549695999999999,62.0
59.26064336699983,15.549695999999999,61.593
59.272648117000244,15.588864,61.843
59.284678500000155,15.588864,61.562
59.29668728300021,15.588864,61.718
59.30868435299999,15.588864,62.031
59.32067511900004,15.510528,61.875
59.333037895000416,15.47136,61.718
59.34509135099961,15.47136,61.781
59.35806300799959,15.393023999999999,61.562
59.3714854939999,15.393023999999999,62.062
59.38482125700011,15.393023999999999,61.687
59.396854872000404,15.432191999999999,61.843
59.41032561500015,15.47136,61.656
59.42243980799958,15.510528,61.875
59.434557329999734,15.510528,61.843
59.44672397300019,15.549695999999999,62.125
59.45841617000042,15.549695999999999,61.718
59.47232990199973,15.588864,62.062
59.484504576999825,15.588864,61.687
59.496547792000456,15.588864,61.937
59.508563743000195,15.549695999999999,61.75
59.52062401399962,15.510528,61.812
59.53274841599978,15.510528,62.125
59.54475466999975,15.510528,61.812
59.55675129199972,15.432191999999999,62.0
59.56876913100041,15.47136,62.0
59.580769561000125,15.47136,61.718
59.592758855000284,15.47136,61.812
59.60476270900017,15.47136,62.125
59.61674214699997,15.47136,61.812
59.62875022499975,15.47136,62.0
59.64077468800042,15.510528,61.75
59.65298155599976,15.549695999999999,61.875
59.66497644999981,15.549695999999999,61.718
59.67699211299987,15.588864,61.843
59.68900111899984,15.510528,62.187
59.70104670300043,15.549695999999999,61.75
59.71334397299961,15.549695999999999,61.968
59.72542254899963,15.588864,61.718
59.73749491699982,15.588864,61.875
59.749506836000364,15.588864,61.593
59.76150982600029,15.588864,61.687
59.77354532899972,15.628032,62.031
59.785584737000136,15.588864,62.062
59.79762366399973,15.510528,61.656
59.809627966000335,15.47136,61.812
59.82175028799975,15.47136,61.531
59.8354935819998,15.432191999999999,62.156
59.84897613399971,15.432191999999999,61.562
59.86109109500012,15.47136,61.875
59.874636911999914,15.47136,61.593
59.887115180000364,15.510528,61.812
59.899257981999654,15.549695999999999,61.593
59.91135755100004,15.549695999999999,61.718
59.923518368999794,15.549695999999999,61.718
59.93562405099965,15.549695999999999,62.0
59.94766038600028,15.549695999999999,61.75
59.959702768999705,15.588864,61.906
59.9717376640001,15.549695999999999,61.625
59.983797488000164,15.549695999999999,61.843
59.9957802859999,15.510528,62.125
60.00805698000022,15.47136,61.781
60.02015657999982,15.432191999999999,62.0
60.03246159500031,15.432191999999999,61.75
60.04452903499987,15.432191999999999,61.875
60.05651791299988,15.432191999999999,61.656
60.06852125499972,15.47136,61.812
60.08061928799998,15.47136,62.187
60.092649991000144,15.47136,61.75
60.10466696599997,15.47136,62.031
60.116718756999944,15.510528,61.937
60.12884568699974,15.510528,61.687
60.140934344000016,15.549695999999999,61.875
60.152959990000454,15.549695999999999,62.218
60.16495338000004,15.510528,61.812
60.17696523500035,15.549695999999999,61.968
60.18898096199973,15.549695999999999,61.625
60.20095796700025,15.549695999999999,61.875
60.212971773999925,15.588864,61.625
60.22496289100036,15.588864,61.781
60.236946840999735,15.588864,62.031
60.248943014999895,15.588864,61.718
60.26095317399995,15.549695999999999,61.968
60.272936931000004,15.510528,61.625
60.28496513800019,15.47136,61.75
60.29698908899991,15.432191999999999,61.687
60.310338293000314,15.393023999999999,61.968
60.32234976299969,15.432191999999999,61.656
60.33561915700011,15.47136,61.812
60.34819467499983,15.47136,61.531
60.36033366900028,15.510528,61.875
60.372464215000036,15.549695999999999,61.562
60.384524678999696,15.549695999999999,62.062
60.39667759300028,15.549695999999999,61.781
60.41099242400014,15.549695999999999,62.0
60.42304405499999,15.549695999999999,61.656
60.435104391000095,15.549695999999999,61.843
60.447199991999696,15.549695999999999,61.875
60.45967227500023,15.510528,62.125
60.4719857379996,15.510528,61.75
60.48371124799996,15.510528,62.062
60.495769952000046,15.47136,61.625
60.50783486399996,15.47136,61.875
60.51980524499959,15.47136,61.625
60.531770890999724,15.47136,61.781
60.54376463300014,15.47136,62.093
60.55578906299979,15.47136,61.75
60.56773768400035,15.47136,61.968
60.579735618000086,15.510528,61.718
60.591727664000246,15.510528,61.906
60.60373497399996,15.549695999999999,61.625
60.61577620600019,15.549695999999999,61.812
60.627772028000436,15.510528,62.093
60.63978247399973,15.510528,61.781
60.65179708100004,15.549695999999999,61.906
60.66379923899967,15.549695999999999,61.687
60.67577528400034,15.549695999999999,61.843
60.68778627499978,15.588864,61.75
60.7000677369997,15.588864,62.062
60.71214442499968,15.588864,61.687
60.72418658399965,15.588864,61.906
60.736255527999674,15.510528,61.562
60.74825928700011,15.47136,61.843
60.76038125600007,15.47136,61.406
60.7743693579996,15.353856,61.718
60.78707169500012,15.393023999999999,61.593
60.800362721000056,15.393023999999999,61.875
60.81373151000025,15.393023999999999,61.718
60.82691542900011,15.432191999999999,61.531
60.83901311000045,15.47136,61.718
60.85110326999984,15.510528,62.031
60.86324891999993,15.510528,61.718
60.875334696999744,15.510528,62.0
60.88877999899978,15.549695999999999,61.75
60.90077230099996,15.549695999999999,61.906
60.91273240999999,15.549695999999999,61.843
60.92473255200002,15.510528,62.156
60.93681960899994,15.47136,61.718
60.94895421900037,15.47136,61.937
60.960952569000256,15.47136,61.718
60.973068266000155,15.432191999999999,61.875
60.98519628400027,15.432191999999999,61.625
60.997208617999604,15.432191999999999,61.875
61.00918885600004,15.432191999999999,62.156
61.02147492600034,15.47136,61.812
61.03367760200035,15.47136,62.031
61.04566779200013,15.47136,61.75
61.05771782299962,15.47136,61.875
61.0697573260004,15.510528,61.625
61.08183078300044,15.549695999999999,61.781
61.09383354900001,15.549695999999999,62.093
61.10580392999964,15.510528,62.0
61.11781700099982,15.510528,61.718
61.129841879000196,15.549695999999999,61.937
61.1418314929997,15.549695999999999,61.625
61.15382513900022,15.549695999999999,61.75
61.16584220999994,15.549695999999999,62.093
61.17785012799959,15.549695999999999,61.656
61.18994438499976,15.588864,61.937
61.2019895200001,15.549695999999999,61.687
61.213995582999814,15.510528,61.75
61.22602878199996,15.432191999999999,61.5
61.238246369999615,15.432191999999999,61.687
61.251616950000425,15.393023999999999,61.687
61.26499066700035,15.432191999999999,61.875
61.27834191800048,15.432191999999999,61.718
61.29190821599968,15.432191999999999,61.5
61.304082538999864,15.47136,61.687
61.316331199999695,15.510528,62.031
61.32844526500048,15.549695999999999,61.718
61.34062595700016,15.549695999999999,61.968
61.35278664700036,15.549695999999999,61.625
61.36478262899982,15.549695999999999,61.875
61.376763154999935,15.549695999999999,61.656
61.388750400999925,15.510528,61.781
61.40075281499958,15.510528,62.093
61.41276591699989,15.47136,61.781
61.424879021999914,15.47136,62.0
61.43701440000041,15.393023999999999,61.875
61.44916353900044,15.393023999999999,61.656
61.46121459400001,15.432191999999999,61.875
61.47323576100007,15.432191999999999,62.156
61.48542905999966,15.432191999999999,61.781
61.49751397300042,15.432191999999999,62.031
61.50985642799969,15.432191999999999,61.656
61.52189711600022,15.47136,61.875
61.53400049300035,15.47136,61.625
61.54604159599967,15.510528,61.906
61.55810167599975,15.549695999999999,62.093
61.57010425000044,15.510528,61.843
61.58210042399969,15.510528,61.968
61.59415266399992,15.549695999999999,61.656
61.60617904599985,15.549695999999999,61.937
61.61819541299974,15.549695999999999,61.687
61.63020720300028,15.549695999999999,62.031
61.642233298000065,15.549695999999999,61.625
61.65432464300011,15.588864,61.843
61.666372753999894,15.588864,61.625
61.6783797449998,15.47136,61.812
61.69044020799993,15.47136,61.781
61.70249110399982,15.432191999999999,61.656
61.71604287300033,15.353856,61.656
61.72943835000024,15.353856,61.906
61.74260361300003,15.393023999999999,61.625
61.7560973970003,15.393023999999999,61.75
61.7688533999999,15.432191999999999,61.656
61.78114039800039,15.47136,62.031
61.793371714000386,15.510528,61.687
61.80549534800048,15.510528,61.937
61.81764602200019,15.510528,61.593
61.83113164600036,15.549695999999999,61.656
61.843171084999994,15.549695999999999,61.875
61.855165691000366,15.549695999999999,62.187
61.867176233000464,15.510528,61.718
61.87917234300039,15.47136,61.968
61.89121472700026,15.47136,61.656
61.903215092999744,15.47136,61.906
61.91524288399978,15.432191999999999,61.625
61.92720987299981,15.432191999999999,61.875
61.93918879800003,15.432191999999999,62.093
61.95117281199964,15.432191999999999,61.75
61.96317464999993,15.47136,62.062
61.975137702999746,15.47136,61.781
61.98717051800031,15.47136,61.875
61.999176932999944,15.510528,61.625
62.011167282000315,15.510528,61.875
62.02316985699963,15.549695999999999,62.093
62.035165262999726,15.549695999999999,61.781
62.047170365000056,15.510528,62.093
62.0591668269999,15.510528,61.687
62.07116325700008,15.549695999999999,61.781
62.08322736900027,15.549695999999999,61.562
62.09516664500006,15.549695999999999,62.0
62.10716230700018,15.549695999999999,61.687
62.119169073000194,15.588864,61.906
62.13113193499976,15.588864,61.656
62.14310903600017,15.549695999999999,61.906
62.155107610000414,15.510528,61.593
62.167116392000025,15.432191999999999,61.625
62.17920888899971,15.432191999999999,62.0
62.19318639799985,15.393023999999999,61.906
62.206300650999765,15.393023999999999,61.468
62.21972332899986,15.432191999999999,61.718
62.232375296999635,15.47136,61.468
62.24476562600012,15.47136,62.062
62.25691393299985,15.510528,61.625
62.26913568100008,15.510528,61.968
62.281321043999924,15.549695999999999,61.687
62.29348791099983,15.549695999999999,61.875
62.30551480600025,15.549695999999999,61.625
62.31751945999986,15.549695999999999,61.812
62.3295477949996,15.549695999999999,62.125
62.341602018999765,15.510528,61.656
62.353647506000016,15.47136,61.937
62.365706562000014,15.47136,61.656
62.37773457700041,15.432191999999999,61.875
62.38980332899973,15.432191999999999,61.593
62.401838064,15.432191999999999,61.718
62.413846430000376,15.47136,62.062
62.4258146989996,15.47136,61.75
62.437849754000126,15.47136,61.968
62.4498732889997,15.47136,61.875
62.46183778199975,15.47136,61.656
62.47382902800018,15.510528,61.812
62.4858537150003,15.549695999999999,62.125
62.49784540899964,15.549695999999999,61.656
62.509856622999905,15.549695999999999,62.0
62.521983008999996,15.549695999999999,61.781
62.53458259099989,15.549695999999999,61.875
62.546761266999965,15.588864,61.625
62.55885587499961,15.588864,61.718
62.570901842999774,15.588864,62.0
62.583021028000076,15.588864,61.75
62.59505560300022,15.628032,61.875
62.60712224300005,15.628032,61.625
62.61950293999962,15.510528,61.531
62.63151325800027,15.510528,61.843
62.643497207999644,15.47136,61.937
62.656894253000246,15.393023999999999,61.625
62.67035280300024,15.393023999999999,61.562
62.68411136299983,15.432191999999999,61.875
62.697517208000136,15.432191999999999,61.625
62.710895084000185,15.47136,62.093
62.72321590699994,15.510528,61.625
62.73564594900017,15.549695999999999,61.875
62.747900018999644,15.549695999999999,61.593
62.76003629200022,15.549695999999999,61.625
62.77330770200024,15.549695999999999,61.843
62.785464872000375,15.549695999999999,62.25
62.79771814099968,15.549695999999999,61.75
62.80977086100029,15.549695999999999,61.968
62.8218087639998,15.47136,61.625
62.83400676800011,15.47136,61.937
62.84607046400015,15.432191999999999,61.625
62.85810910300006,15.432191999999999,61.875
62.870194367000295,15.432191999999999,62.187
62.88220842999999,15.432191999999999,61.812
62.89423702099975,15.47136,62.031
62.90624525899966,15.47136,61.718
62.91822671299997,15.47136,61.875
62.93022506299985,15.47136,61.625
62.942266934000145,15.510528,61.781
62.95432640600029,15.510528,62.156
62.96636517299976,15.549695999999999,62.062
62.97839702800047,15.549695999999999,61.812
62.99059637499977,15.510528,61.968
63.002670152000064,15.549695999999999,61.687
63.01481913000043,15.549695999999999,61.781
63.02687469800003,15.549695999999999,62.093
63.03891836100047,15.588864,61.687
63.05097235999983,15.588864,61.906
63.06296203800048,15.588864,61.562
63.074957187999644,15.588864,61.875
63.08698107500004,15.549695999999999,61.75
63.098971616999734,15.510528,61.781
63.110960975000125,15.47136,62.0
63.1230244139997,15.432191999999999,61.875
63.136408723000386,15.393023999999999,61.625
63.14963021099993,15.432191999999999,61.812
63.1615235979998,15.47136,61.5
63.174908547000086,15.47136,61.656
63.1869886909999,15.510528,61.687
63.199121413000285,15.549695999999999,61.906
63.2111703569999,15.549695999999999,61.656
63.22316784299983,15.549695999999999,61.843
63.23749528099961,15.549695999999999,61.562
63.24953376099984,15.588864,61.812
63.26155214299979,15.588864,62.093
63.273653792000005,15.549695999999999,62.0
63.28569524700015,15.510528,61.625
63.29772425400006,15.510528,61.875
63.309934961999716,15.47136,61.625
63.32194595300007,15.432191999999999,61.812
63.33402676900005,15.432191999999999,62.062
63.346047967999766,15.432191999999999,61.718
63.35810388699974,15.47136,62.0
63.37009794900041,15.47136,61.75
63.38206810700012,15.47136,61.968
63.39410872999997,15.47136,61.656
63.406074919000275,15.510528,61.781
63.41836745300043,15.510528,62.062
63.43044334099977,15.549695999999999,61.812
63.442498620999686,15.549695999999999,62.0
63.45451857199987,15.510528,61.75
63.4666738220003,15.510528,61.968
63.47875303799992,15.549695999999999,61.781
63.4908678390002,15.549695999999999,62.187
63.502862700999685,15.549695999999999,61.687
63.514884156000335,15.549695999999999,61.968
63.52696161200038,15.549695999999999,61.625
63.53900117900048,15.588864,61.781
63.55061615900013,15.588864,61.593
63.56276360100037,15.510528,61.781
63.574885633999656,15.47136,61.718
63.58955042700018,15.510528,61.937
63.60472124900025,15.510528,61.531
63.62278408800012,15.588864,61.625
63.637471216999984,15.628032,61.687
63.65034581500004,15.667200000000001,62.0
63.66290098100035,15.706368000000001,61.656
63.67552872400029,15.706368000000001,61.656
63.68806619299994,15.706368000000001,61.625
63.703776327000014,15.706368000000001,61.843
63.716116765999686,15.706368000000001,62.218
63.728442741000435,15.706368000000001,61.75
63.74076913299996,15.706368000000001,62.031
63.75304365000011,15.667200000000001,61.75
63.76535615299963,15.628032,61.968
63.77761915100018,15.628032,61.687
63.789922437000314,15.549695999999999,62.156
63.80219097099962,15.549695999999999,61.781
63.81449656099994,15.549695999999999,62.062
63.82675479000045,15.588864,61.718
63.83958852399974,15.588864,62.0
63.85195590799958,15.588864,61.687
63.864305692000016,15.588864,61.875
63.8766730440002,15.588864,61.812
63.88922590600032,15.628032,62.031
63.90155309700003,15.628032,61.875
63.913880480000444,15.667200000000001,61.937
63.926209014999586,15.628032,61.718
63.93855508700017,15.628032,61.906
63.950879398000325,15.628032,62.218
63.963163643999906,15.628032,62.062
63.975444882000374,15.667200000000001,61.656
63.987781640999856,15.667200000000001,61.906
64.00004265500047,15.667200000000001,61.625
64.01232270899982,15.706368000000001,61.843
64.02462068299974,15.667200000000001,61.718
64.03692749000038,15.588864,61.718
64.04922981599975,15.549695999999999,61.937
64.06150196599992,15.510528,61.937
64.07548414699977,15.47136,61.625
64.08908110199991,15.510528,61.562
64.10296667199964,15.510528,61.718
64.11593445699964,15.549695999999999,62.0
64.1286932439998,15.588864,61.875
64.14119397600007,15.588864,61.593
64.15392281100048,15.628032,61.843
64.16668422200019,15.628032,61.593
64.17911343200012,15.628032,61.812
64.19142923100026,15.628032,62.156
64.20372531700013,15.628032,62.062
64.21602572400025,15.628032,61.687
64.22832945800019,15.588864,61.968
64.24062343199967,15.549695999999999,61.562
64.25299209700006,15.549695999999999,61.812
64.26530056699994,15.47136,62.187
64.27758926200022,15.510528,61.75
64.28988201999982,15.510528,62.031
64.30217647399968,15.510528,61.968
64.31445044799966,15.510528,61.687
64.32671722099985,15.549695999999999,61.875
64.33901452400005,15.510528,62.156
64.35127537700009,15.549695999999999,61.781
64.36352503000035,15.588864,62.062
64.3757903630003,15.588864,61.75
64.38805201699961,15.628032,61.906
64.40030202199978,15.549695999999999,61.718
64.41257561099974,15.588864,62.25
64.42497243700018,15.588864,61.718
64.43726701899959,15.588864,61.968
64.4495702410004,15.628032,61.625
64.46184981500028,15.628032,61.875
64.47409290799988,15.628032,61.593
64.486375554,15.667200000000001,61.812
64.49873132199991,15.588864,62.187
64.51097147099972,15.549695999999999,62.093
64.52316563400018,15.510528,61.656
64.53549573700002,15.47136,61.906
64.54984650500046,15.47136,61.781
64.5640795090003,15.510528,61.687
64.57902837300026,15.510528,62.062
64.5919183320002,15.549695999999999,61.593
64.60487754099995,15.588864,61.906
64.61760899900037,15.588864,61.843
64.63024112699986,15.628032,61.843
64.6453089380002,15.588864,62.187
64.65773523600001,15.628032,61.781
64.67004092299976,15.628032,62.031
64.68233006500031,15.588864,61.812
64.69462762300009,15.588864,61.937
64.70693769399986,15.549695999999999,61.687
64.71916452999994,15.549695999999999,61.875
64.73140666299969,15.47136,62.125
64.74372210999991,15.47136,62.062
64.75597742700029,15.47136,61.75
64.76824336899972,15.510528,61.937
64.78053254299994,15.510528,61.656
64.79282501299986,15.510528,61.875
64.805202861,15.510528,62.218
64.81749914000011,15.549695999999999,61.875
64.82989641299991,15.549695999999999,62.062
64.8421813949999,15.588864,61.968
64.85446381699967,15.588864,61.687
64.8667561909997,15.549695999999999,61.968
64.87903134899989,15.549695999999999,62.25
64.89129210600004,15.588864,61.75
64.90358211199964,15.588864,62.125
64.91583128500042,15.588864,61.656
64.92809111400038,15.588864,62.0
64.94041382500018,15.588864,61.593
64.95268530300018,15.628032,61.593
64.96494557999995,15.628032,61.75
64.97718374499982,15.549695999999999,62.062
64.98946936700031,15.47136,61.75
65.0017603010001,15.47136,61.656
65.01639270899977,15.432191999999999,61.812
65.03042605900009,15.47136,61.75
65.04459426199992,15.47136,62.062
65.05740245800007,15.510528,61.593
65.07006409099995,15.510528,61.968
65.08299971500037,15.549695999999999,61.843
65.09560403399973,15.588864,61.562
65.10818224000013,15.588864,61.875
65.12076783799967,15.588864,62.125
65.13323839300028,15.588864,61.781
65.14552996800012,15.588864,61.875
65.15796404200046,15.588864,61.875
65.1702084790004,15.549695999999999,61.625
65.18251275700004,15.510528,61.875
65.19480935499996,15.510528,62.156
65.20706092799992,15.432191999999999,61.812
65.21930558900021,15.47136,62.0
65.23153642600028,15.47136,61.718
65.24378886300019,15.47136,62.0
65.25599019499987,15.47136,61.843
65.26820458299972,15.47136,62.218
65.2804970850002,15.47136,61.781
65.29278552300002,15.510528,62.093
65.30508816899965,15.549695999999999,61.781
65.31735395099986,15.549695999999999,62.0
65.32966991000012,15.588864,61.593
65.34199329300009,15.510528,61.875
65.35428601900003,15.549695999999999,62.156
65.36659535400031,15.588864,61.906
65.37884667100025,15.588864,61.687
65.39108653099993,15.588864,61.937
65.40331592799976,15.588864,61.531
65.41563316700012,15.588864,61.875
65.42790957200032,15.628032,62.156
65.44030754899995,15.549695999999999,61.812
65.45255748999989,15.510528,62.062
65.46485898500032,15.47136,61.875
65.47714716700011,15.432191999999999,61.562
65.49116643700017,15.432191999999999,61.562
65.50532292699972,15.432191999999999,61.625
65.51912203099982,15.47136,61.937
65.53181595299975,15.510528,61.937
65.54440110300038,15.549695999999999,61.656
65.55697508499998,15.549695999999999,61.875
65.5695977080004,15.588864,61.875
65.58460551799999,15.588864,62.125
65.59780691000014,15.588864,61.875
65.61022235899964,15.628032,62.031
65.6225944480002,15.588864,61.937
65.63492090300042,15.549695999999999,61.625
65.64722162900034,15.549695999999999,61.875
65.65966917599962,15.549695999999999,62.187
65.67171891900034,15.47136,61.812
65.68382764000035,15.47136,62.062
65.69580675799989,15.510528,61.718
65.70778705900011,15.510528,61.906
65.72005444099977,15.510528,61.625
65.73208328700002,15.510528,61.843
65.74410906200046,15.510528,62.156
65.75608693200047,15.510528,61.843
65.76811283400002,15.549695999999999,62.0
65.78008385599969,15.549695999999999,61.75
65.79211030199986,15.588864,61.906
65.80410733999997,15.549695999999999,61.875
65.81625318199985,15.549695999999999,62.187
65.8282489080002,15.588864,61.718
65.84030354799961,15.588864,62.0
65.85230791400045,15.588864,61.562
65.8643967629996,15.588864,61.968
65.87644215399996,15.588864,61.562
65.88855743499971,15.628032,61.687
65.90054832900023,15.628032,62.093
65.91255823099982,15.549695999999999,61.718
65.92453808499977,15.510528,61.968
65.93655697899976,15.47136,61.625
65.94933640700037,15.432191999999999,61.593
65.96328453899969,15.393023999999999,61.75
65.97704981900006,15.432191999999999,61.531
65.99088198000027,15.432191999999999,61.937
66.00345548200039,15.47136,61.625
66.01558551499966,15.510528,61.875
66.02767097200012,15.549695999999999,61.625
66.03976695599977,15.549695999999999,61.812
66.05230960900008,15.549695999999999,61.718
66.06469609800024,15.549695999999999,62.0
66.07679713899961,15.549695999999999,61.718
66.08895335000034,15.549695999999999,61.968
66.10107931899984,15.549695999999999,61.625
66.11317655200037,15.510528,61.781
66.12524674399992,15.47136,62.187
66.13732951200018,15.47136,61.906
66.14941842500048,15.432191999999999,62.062
66.16151175300001,15.432191999999999,61.656
66.17359848999968,15.432191999999999,61.906
66.1856695460001,15.432191999999999,61.718
66.19773500199972,15.47136,61.843
66.20979655300016,15.47136,62.25
66.22188088999974,15.47136,62.125
66.23405636500047,15.47136,61.75
66.24608687599994,15.510528,61.906
66.25834740899973,15.549695999999999,61.687
66.27041894499962,15.549695999999999,61.906
66.28258494800048,15.510528,62.187
66.29468163599995,15.510528,61.812
66.3067562440001,15.549695999999999,62.093
66.31890304700028,15.549695999999999,61.781
66.33101925600022,15.549695999999999,61.812
66.34310407199973,15.549695999999999,61.593
66.35516888799975,15.588864,61.718
66.36722371999986,15.588864,62.062
66.37936095300029,15.549695999999999,62.031
66.39140474499982,15.510528,61.718
66.40342021499964,15.47136,61.812
66.41556391300037,15.432191999999999,61.656
66.42900831899988,15.432191999999999,61.843
66.44264585099972,15.432191999999999,61.687
66.45494449699981,15.47136,61.906
66.46759822599961,15.47136,61.531
66.47977254800026,15.510528,61.875
66.49187400499977,15.549695999999999,61.625
66.50399514299988,15.549695999999999,61.75
66.51624057200024,15.549695999999999,62.187
66.52795481799967,15.549695999999999,61.687
66.53994555099962,15.588864,62.0
66.55191990100047,15.588864,61.718
66.56389489000048,15.549695999999999,62.0
66.57589525599997,15.549695999999999,61.625
66.58800080899982,15.510528,61.875
66.60016866800015,15.510528,62.093
66.61214772099993,15.432191999999999,62.062
66.62428901899966,15.432191999999999,61.687
66.63634772299974,15.47136,61.875
66.64835199299978,15.47136,61.718
66.6603953040003,15.47136,61.812
66.6724827449998,15.47136,62.187
66.68463940299989,15.47136,61.875
66.69664181700045,15.510528,62.031
66.7087219289997,15.510528,61.75
66.72069272600038,15.549695999999999,61.875
66.73268576400005,15.549695999999999,61.687
66.74482094999985,15.549695999999999,61.875
66.75686787700033,15.510528,62.156
66.76885966700047,15.549695999999999,61.781
66.78088889799983,15.588864,61.937
66.79288379199988,15.588864,61.562
66.80489270199996,15.588864,61.781
66.81684663499982,15.588864,61.75
66.82884578500034,15.588864,62.093
66.84087888799968,15.588864,61.625
66.85290619900024,15.549695999999999,61.906
66.86491098100032,15.510528,61.656
66.87695445200006,15.47136,61.781
66.88900448300046,15.432191999999999,61.593
66.90291786299986,15.393023999999999,62.031
66.91662694800016,15.432191999999999,61.625
66.9291134719997,15.47136,61.812
66.9408515590003,15.510528,61.593
66.95313663700017,15.549695999999999,61.812
66.96482633800042,15.588864,61.625
66.97647830999995,15.588864,61.812
66.98874118000003,15.628032,62.062
67.00104779400044,15.588864,61.75
67.01309011299963,15.628032,62.031
67.02510987200003,15.628032,61.656
67.03726275400004,15.588864,61.937
67.04930536099982,15.588864,61.843
67.06135395300043,15.549695999999999,62.125
67.07340187200043,15.549695999999999,61.75
67.08546956800001,15.47136,61.875
67.09747863800021,15.47136,61.687
67.10950127700016,15.510528,61.906
67.12152439599959,15.510528,61.625
67.1337078710003,15.510528,61.812
67.14572919700004,15.510528,62.187
67.15772319500047,15.510528,61.718
67.16972189700027,15.510528,62.0
67.1817374000002,15.549695999999999,61.687
67.1937784390002,15.549695999999999,61.875
67.20576939700004,15.588864,61.656
67.21775241799969,15.549695999999999,61.875
67.22974673600038,15.549695999999999,62.156
67.2417533099997,15.588864,61.687
67.25375521200021,15.588864,62.031
67.26574761000029,15.588864,61.593
67.27776205600003,15.588864,61.843
67.28978699900017,15.588864,62.125
67.3017933809997,15.628032,62.031
67.31377771500047,15.628032,61.687
67.32578662499964,15.549695999999999,61.812
67.33776663899971,15.510528,61.718
67.34979138899962,15.47136,61.687
67.36293460300021,15.393023999999999,62.093
67.3764274590003,15.393023999999999,61.968
67.38974488500025,15.432191999999999,61.625
67.40316260300006,15.432191999999999,61.875
67.41567079099968,15.47136,61.562
67.42780325700005,15.510528,61.656
67.43996813900048,15.510528,61.718
67.45215331100007,15.549695999999999,62.125
67.46419870200043,15.549695999999999,61.718
67.47633878400029,15.549695999999999,61.968
67.48855749199993,15.549695999999999,61.625
67.50056272199981,15.549695999999999,61.937
67.51255054400008,15.549695999999999,61.593
67.52467753699966,15.510528,61.781
67.53678037000009,15.510528,62.156
67.54880275300002,15.47136,61.718
67.56083355099963,15.432191999999999,61.937
67.57288876700022,15.432191999999999,61.656
67.58506936200047,15.432191999999999,61.812
67.59718944300039,15.47136,61.875
67.60950636199959,15.47136,62.125
67.62159194699962,15.47136,61.843
67.63374604500041,15.47136,62.031
67.64621656800045,15.510528,61.718
67.65844903600009,15.510528,61.875
67.67052127599982,15.549695999999999,61.656
67.68265511800018,15.549695999999999,61.906
67.69468287699965,15.510528,62.156
67.70667495500038,15.549695999999999,61.781
67.71870159300033,15.549695999999999,61.875
67.73074976899989,15.549695999999999,61.718
67.74293423600011,15.588864,61.843
67.75492244199995,15.588864,62.125
67.766913079,15.588864,61.937
67.77892960600002,15.628032,61.718
67.79109884100035,15.588864,62.0
67.80307558999993,15.510528,61.656
67.81508120400031,15.47136,61.812
67.82707676999962,15.47136,62.187
67.84058405799988,15.432191999999999,61.718
67.85329621999972,15.47136,61.656
67.86561870700007,15.47136,61.875
67.87816273600038,15.510528,61.593
67.89048400699994,15.510528,61.843
67.90270197900008,15.549695999999999,61.531
67.91484999699969,15.588864,61.687
67.9270349440003,15.588864,62.031
67.93937915999959,15.588864,61.75
67.95139395800015,15.588864,61.875
67.96339496400014,15.588864,61.718
67.97543536299963,15.588864,61.937
67.98752139600037,15.549695999999999,62.25
67.99949196899979,15.510528,62.062
68.01147284600029,15.510528,61.812
68.02352255799997,15.47136,61.906
68.03563892700004,15.47136,61.656
68.04780729800041,15.47136,61.875
68.05985880099979,15.47136,61.625
68.07197792199986,15.47136,61.781
68.08401454500017,15.510528,62.031
68.09598339100012,15.47136,61.656
68.10795988399968,15.510528,62.031
68.11996908200035,15.510528,61.781
68.13206538699978,15.549695999999999,61.875
68.1440873849997,15.588864,62.281
68.15609495199988,15.588864,61.843
68.1681217180003,15.549695999999999,61.968
68.18012941300003,15.549695999999999,61.687
68.19215813099981,15.588864,61.906
68.20415628899991,15.588864,61.781
68.2162572340003,15.588864,62.125
68.2284420850001,15.588864,61.718
68.24064437699963,15.628032,61.968
68.2526935120004,15.628032,61.687
68.26477026399971,15.588864,61.875
68.27685968900005,15.510528,61.562
68.28897132200018,15.47136,61.781
68.30096157600019,15.432191999999999,62.093
68.31460093100031,15.432191999999999,62.0
68.32788696500029,15.47136,61.593
68.34131332299967,15.47136,61.781
68.35425496300013,15.47136,61.812
68.36659892300031,15.510528,61.562
68.3787031640004,15.549695999999999,61.687
68.39090420699995,15.549695999999999,62.0
68.4042746590003,15.549695999999999,61.656
68.41602522599987,15.588864,61.906
68.42803311300031,15.588864,61.656
68.44008909599961,15.588864,61.843
68.45211064700015,15.549695999999999,62.281
68.46409408399995,15.549695999999999,61.812
68.47610485000041,15.510528,62.062
68.48811939299958,15.510528,61.968
68.50011572699987,15.47136,61.656
68.51215852600035,15.47136,61.843
68.52414695599964,15.47136,61.656
68.53617330599991,15.47136,61.781
68.54816810400007,15.47136,62.093
68.56013995699959,15.47136,61.781
68.57209709000017,15.47136,62.0
68.58425451600033,15.510528,61.656
68.59627405100036,15.510528,61.843
68.60843410100006,15.549695999999999,62.218
68.62051459800023,15.549695999999999,61.781
68.6325851419997,15.510528,62.156
68.64477229699969,15.510528,61.718
68.6569654040004,15.549695999999999,61.875
68.6690755970003,15.588864,61.625
68.68119631900026,15.588864,62.156
68.69322030100011,15.588864,61.781
68.70533292599976,15.588864,61.937
68.71740871800012,15.628032,61.656
68.72974778200023,15.588864,61.875
68.74185045499962,15.510528,61.562
68.75395872799982,15.47136,61.875
68.76606594500026,15.47136,61.968
68.77890169399961,15.393023999999999,61.968
68.79261273199972,15.432191999999999,61.687
68.80487761699987,15.47136,61.875
68.81840912900043,15.47136,61.562
68.8306030370004,15.510528,61.718
68.84274999900026,15.549695999999999,62.062
68.85483292699973,15.549695999999999,62.125
68.86697579300017,15.588864,61.656
68.87920407000001,15.549695999999999,61.843
68.8913312550003,15.588864,61.718
68.90329581199967,15.588864,61.875
68.91524382500029,15.588864,62.25
68.92718921300002,15.549695999999999,61.75
68.93917066700033,15.510528,61.968
68.95113064700035,15.510528,61.687
68.96316349399967,15.510528,61.937
68.97514094800044,15.432191999999999,61.625
68.98716825799966,15.47136,61.843
68.9991212949999,15.47136,62.218
69.0112319359996,15.47136,61.75
69.02319844500016,15.47136,62.031
69.03516889000002,15.47136,61.718
69.04716711200035,15.47136,61.843
69.05917218200011,15.510528,61.687
69.07112662700001,15.510528,61.875
69.08319163499982,15.549695999999999,62.125
69.09516687999985,15.549695999999999,62.062
69.10712167699967,15.510528,61.781
69.11909257000025,15.549695999999999,61.968
69.13106621499992,15.549695999999999,61.562
69.14310386200032,15.549695999999999,61.875
69.15509475599993,15.588864,62.093
69.16708932999973,15.588864,61.687
69.17909174400029,15.588864,61.875
69.19109658999969,15.628032,61.718
69.20307673200023,15.588864,61.875
69.2150950819996,15.510528,61.687
69.22711660099958,15.47136,61.781
69.23916276,15.47136,62.0
69.25262527900031,15.432191999999999,61.937
69.26489864399991,15.432191999999999,61.562
69.27822704699975,15.47136,61.75
69.29144962299961,15.47136,61.531
69.30364304999966,15.510528,62.093
69.31581478099997,15.549695999999999,61.75
69.32788689300014,15.549695999999999,62.0
69.3400658239998,15.588864,61.687
69.35359871299988,15.588864,61.906
69.3656339600002,15.588864,61.687
69.37773880900022,15.588864,61.875
69.38977901599992,15.588864,62.218
69.40179992600042,15.549695999999999,61.781
69.41384870999991,15.510528,61.906
69.4258518280003,15.510528,61.75
69.43785600200044,15.47136,61.875
69.44989425699987,15.47136,61.843
69.46184575700045,15.47136,62.156
69.47384986700035,15.47136,61.875
69.48594332399989,15.47136,62.031
69.49796970700027,15.510528,61.718
69.50995986399994,15.47136,62.0
69.52199824699983,15.510528,61.718
69.53415628200037,15.510528,61.875
69.5461709199999,15.549695999999999,62.156
69.55815896599961,15.588864,61.812
69.57016602000022,15.549695999999999,62.062
69.58238757599975,15.549695999999999,61.812
69.59454141799961,15.549695999999999,61.875
69.60668181999972,15.588864,61.562
69.61869047399978,15.588864,61.812
69.63070440899992,15.588864,62.062
69.64274685599958,15.588864,61.656
69.65473742999984,15.588864,61.562
69.66697962600028,15.628032,61.875
69.67901685699962,15.549695999999999,61.5
69.69108288900043,15.510528,61.906
69.70308539899997,15.47136,61.906
69.71544708700003,15.393023999999999,61.625
69.72784064799998,15.393023999999999,61.875
69.74125996600014,15.432191999999999,61.875
69.75343345599958,15.47136,61.562
69.76562941199973,15.47136,61.687
69.77778270999988,15.510528,62.093
69.78985168600047,15.549695999999999,61.687
69.80202245700002,15.549695999999999,61.937
69.81407907999983,15.549695999999999,61.687
69.82632287700017,15.549695999999999,61.812
69.83838855700014,15.588864,61.656
69.85038905100009,15.588864,61.812
69.86243482600003,15.549695999999999,62.156
69.87445778500023,15.549695999999999,61.687
69.88647354299974,15.510528,62.0
69.89846635699996,15.510528,61.593
69.91050224399987,15.432191999999999,61.843
69.92249265700048,15.432191999999999,61.812
69.93458537799961,15.47136,62.062
69.94656852699973,15.47136,61.781
69.95854809299999,15.47136,62.0
69.97052394599996,15.47136,61.75
69.98261017000004,15.47136,61.875
69.99462615300035,15.510528,61.625
70.00662485500015,15.510528,61.875
70.01860938000027,15.549695999999999,62.093
70.03061701099978,15.549695999999999,61.75
70.04263699300009,15.549695999999999,62.062
70.05465659200036,15.510528,61.687
70.06667254199965,15.549695999999999,61.75
70.0787526539998,15.588864,61.656
70.0907778210003,15.588864,61.75
70.10285697299969,15.588864,62.093
70.1148694350004,15.588864,61.687
70.12687044100039,15.588864,61.875
70.13886127099977,15.588864,61.656
70.15084662899972,15.510528,61.812
70.16282312200019,15.47136,62.218
70.17481417599993,15.47136,61.906
70.18815774700033,15.393023999999999,61.593
70.20153287100038,15.393023999999999,61.875
70.21436980399994,15.432191999999999,61.781
70.22782941100013,15.432191999999999,61.5
70.24034012700031,15.47136,61.687
70.25250293000045,15.510528,62.0
70.26454265699977,15.510528,61.593
70.27656462300001,15.549695999999999,61.937
70.28867910500048,15.549695999999999,61.625
70.30075601699991,15.549695999999999,61.843
70.3127252459999,15.549695999999999,61.718
70.32472497199979,15.549695999999999,62.218
70.33673842600001,15.549695999999999,61.781
70.34874039199985,15.510528,61.906
70.36073010200016,15.47136,61.656
70.37276963699969,15.47136,61.937
70.38477614699968,15.432191999999999,61.625
70.39676832100031,15.432191999999999,61.812
70.40874036599962,15.432191999999999,62.031
70.42072645900043,15.47136,61.781
70.43273837800007,15.47136,62.0
70.44477628099958,15.47136,61.718
70.456844456,15.47136,61.875
70.46900428299978,15.47136,62.156
70.48097466400031,15.510528,61.843
70.49296933400001,15.549695999999999,62.093
70.50495987500017,15.549695999999999,61.718
70.51712373400005,15.510528,62.0
70.52909539499979,15.510528,61.812
70.54111649799961,15.549695999999999,61.781
70.55312636800045,15.549695999999999,62.156
70.5651296140004,15.549695999999999,61.937
70.5771339160001,15.549695999999999,61.687
70.58915335399979,15.549695999999999,61.875
70.60143081600017,15.588864,61.656
70.61344122999981,15.588864,61.875
70.62548262099972,15.47136,62.125
70.63755092500014,15.47136,61.625
70.6495318670004,15.432191999999999,61.906
70.66194523600007,15.393023999999999,61.656
70.67409779799982,15.432191999999999,61.875
70.68688564199965,15.432191999999999,61.75
70.70020332500007,15.47136,62.093
70.71241428899975,15.47136,61.593
70.72467418199994,15.510528,61.968
70.73680495099961,15.549695999999999,61.562
70.74899322700003,15.549695999999999,61.843
70.76229526099996,15.549695999999999,61.843
70.77432932400006,15.549695999999999,61.625
70.78637813899968,15.549695999999999,61.843
70.79853108499992,15.549695999999999,62.062
70.81051113099966,15.549695999999999,61.687
70.82250080799986,15.510528,61.875
70.83467183500034,15.47136,61.687
70.84673095499966,15.47136,61.875
70.85872156000005,15.432191999999999,62.218
70.87072378199991,15.432191999999999,61.75
70.88269525099986,15.432191999999999,62.093
70.894695297,15.47136,61.75
70.90669223900022,15.47136,61.937
70.91869913299979,15.47136,61.687
70.93067076300031,15.47136,61.875
70.94268760900013,15.510528,62.125
70.95468608700048,15.510528,61.781
70.96665618000043,15.549695999999999,62.031
70.97862598499978,15.549695999999999,61.781
70.99064385499969,15.510528,61.968
71.00262217300042,15.510528,61.875
71.01462343500043,15.549695999999999,62.156
71.02662184899964,15.549695999999999,61.75
71.03862784699959,15.549695999999999,62.0
71.05063115699977,15.549695999999999,61.718
71.06264169899987,15.588864,61.843
71.07462702500015,15.588864,61.625
71.08665887900042,15.588864,61.875
71.09865540499959,15.510528,62.031
71.11068521200013,15.432191999999999,61.687
71.12265882500014,15.432191999999999,61.843
