model,precision,batch_size,power_mode,schedule,mode,seq_len,gen_tokens,p_peak_w,p_avg_w,p_idle_w,p_p95_w,peak_to_avg,dpdt_max_w_per_s,dpdt_p95_w_per_s,transient_count,temp_max_c,thermal_ramp_c_per_s,energy_total_j,energy_per_inf_j,duration_s,n_inferences,throughput_infps
resnet18,FP16,1,7W,default,inference,128,64,5.552401103287928,3.661590490067375,2.28925694567291,5.31071356376499,1.5163905189151181,597.2041148147882,95.16197448543271,4.809619238476953,40.52375382165842,1.114841694988271,9.141893475139725,0.1828378695027945,2.495,50.0,20.0
resnet18,FP16,1,7W,default,inference,128,64,5.523840844899882,3.64275612119485,2.2774815410022478,5.283396489802842,1.5163905189151183,594.1322359083072,94.6724834473283,4.809619238476953,40.52375382165842,1.114841694988271,9.09486970381107,0.1818973940762214,2.495,50.0,20.0
resnet18,FP16,1,7W,default,inference,128,64,5.609413316376322,3.69918780578337,2.3127631013653547,5.365244122295694,1.5163905189151181,603.3362237200555,96.13910035698817,4.809619238476953,40.52375382165842,1.114841694988271,9.23576269840737,0.18471525396814742,2.495,50.0,20.0
resnet18,FP16,1,7W,default,train,128,64,5.405900644984673,4.774860405795752,3.9962645379362907,5.172030256359574,1.1321588874981476,265.73307240442193,112.18673971943477,27.655310621242485,41.73637715063756,1.7758505553072126,11.913369753499005,0.2382673950699801,2.495,50.0,20.0
resnet18,FP16,1,7W,default,train,128,64,5.336788541921897,4.713815879425869,3.9451740231914063,5.105908085125639,1.132158887498148,262.3357899360066,110.75248074448294,27.655310621242485,41.73637715063756,1.7758505553072126,11.761062470716688,0.23522124941433376,2.495,50.0,20.0
resnet18,FP16,1,7W,default,train,128,64,5.433595886893892,4.799322733667787,4.016738002096987,5.198527345099926,1.1321588874981479,267.09446289359954,112.76148925694574,27.655310621242485,41.73637715063756,1.7758505553072126,11.974403738202968,0.23948807476405937,2.495,50.0,20.0
resnet18,FP16,1,15W,default,inference,128,64,11.993382069176324,6.364599036392087,2.106374931831933,11.686272019348554,1.8843892601245524,1909.2618877255159,203.53490148896384,4.809619238476953,42.936083607908834,2.3993065376781093,15.899568767405103,0.31799137534810207,2.495,50.0,20.0
resnet18,FP16,1,15W,default,inference,128,64,11.90994477550622,6.320320873999786,2.0917209982915113,11.604971273256837,1.8843892601245522,1895.979258697237,202.11892047129112,4.809619238476953,42.936083607908834,2.3993065376781093,15.788956349588162,0.31577912699176325,2.495,50.0,20.0
resnet18,FP16,1,15W,default,inference,128,64,11.524031993220019,6.115526254091639,2.0239438687218367,11.228940415278013,1.8843892601245522,1834.5446639386153,195.56974863027853,4.809619238476953,42.936083607908834,2.3993065376781093,15.277353635292119,0.30554707270584236,2.495,50.0,20.0
resnet18,FP16,1,15W,default,train,128,64,10.906228257776066,9.547891361951523,7.111017829242059,10.52686237608177,1.1422656421539874,753.0523986628801,261.75171337433045,20.04008016032064,45.442394267534574,3.721383442306451,23.819753041443644,0.4763950608288729,2.495,50.0,20.0
resnet18,FP16,1,15W,default,train,128,64,11.049933242229416,9.673698336397822,7.204715547870873,10.665568678420417,1.1422656421539874,762.9749292284079,265.2006624529704,20.04008016032064,45.442394267534574,3.721383442306451,24.133611981454614,0.4826722396290923,2.495,50.0,20.0
resnet18,FP16,1,15W,default,train,128,64,11.19866304226464,9.803904301233427,7.3016895185959045,10.809125011479619,1.1422656421539874,773.2444128685763,268.7702081353916,20.04008016032064,45.442394267534574,3.721383442306451,24.458445372339902,0.48916890744679803,2.495,50.0,20.0
resnet18,FP16,1,25W,default,inference,128,64,19.174577906161893,9.016554175287926,1.9069987690144465,18.120721135454332,2.126597093900297,3252.493981003434,291.17166023655807,4.809619238476953,45.95637779243891,3.975771329781598,22.531550590003988,0.45063101180007975,2.495,50.0,20.0
resnet18,FP16,1,25W,default,inference,128,64,20.021694256176424,9.414897778993726,1.9912483334426982,18.921279000301215,2.1265970939002976,3396.186365947482,304.035373599865,4.809619238476953,45.95637779243891,3.975771329781598,23.526975104138312,0.47053950208276624,2.495,50.0,20.0
resnet18,FP16,1,25W,default,inference,128,64,19.608593229852662,9.22064329256155,1.9501635621098774,18.530882479688508,2.1265970939002976,3326.1139707041634,297.76231182667925,4.809619238476953,45.95637779243891,3.975771329781598,23.0415507720384,0.460831015440768,2.495,50.0,20.0
resnet18,FP16,1,25W,default,train,128,64,18.641931685847737,15.867430677110454,11.475931229501574,17.59634521109927,1.1748550893459795,1272.5108885829904,464.8069773740233,18.43687374749499,50.12958796103149,6.255016917314125,39.58575360093975,0.7917150720187951,2.495,50.0,20.0
resnet18,FP16,1,25W,default,train,128,64,18.71307032032796,15.927981663462164,11.519724012932677,17.663493830204583,1.1748550893459793,1277.366859975897,466.58070631072763,18.43687374749499,50.12958796103149,6.255016917314125,39.736815009354814,0.7947363001870963,2.495,50.0,20.0
resnet18,FP16,1,25W,default,train,128,64,18.799325413517924,16.001399307878188,11.572822454356197,17.74491105785907,1.1748550893459795,1283.2546910831904,468.73134015191874,18.43687374749499,50.12958796103149,6.255016917314125,39.91997590294591,0.7983995180589182,2.495,50.0,20.0
resnet18,FP16,1,MAXN,default,inference,128,64,32.0078522340601,14.48869828109433,2.016465221454965,30.65798872829569,2.2091599682095495,5787.512473410557,509.1811228155265,4.809619238476953,50.450655124734915,6.400638796973794,36.209780130720546,0.724195602614411,2.495,50.0,20.0
resnet18,FP16,1,MAXN,default,inference,128,64,32.40841861691679,14.670018958918009,2.041700534777707,31.041662070722793,2.209159968209549,5859.941042508521,515.5533354555263,4.809619238476953,50.450655124734915,6.400638796973794,36.66293208059003,0.7332586416118007,2.495,50.0,20.0
resnet18,FP16,1,MAXN,default,inference,128,64,31.66488519058623,14.33345056322452,1.9948586134822386,30.329485594873635,2.2091599682095495,5725.498751666316,503.7252008433888,4.809619238476953,50.450655124734915,6.400638796973794,35.821789048236816,0.7164357809647364,2.495,50.0,20.0
resnet18,FP16,1,MAXN,default,train,128,64,30.970903898233708,26.221431230630767,18.045809919352493,29.281631050621023,1.1811294214197892,2249.986556175743,914.619062012751,13.627254509018035,57.29657690950755,9.995067506293688,65.41289552768819,1.308257910553764,2.495,50.0,20.0
resnet18,FP16,1,MAXN,default,train,128,64,29.745935604103675,25.18431516873676,17.33205790663307,28.12347726359287,1.1811294214197894,2160.994571873621,878.4438391050173,13.627254509018035,57.29657690950755,9.995067506293688,62.825669681392235,1.2565133936278448,2.495,50.0,20.0
resnet18,FP16,1,MAXN,default,train,128,64,30.3589477287234,25.703320210439003,17.68924154956113,28.703053336724395,1.1811294214197894,2205.528920748269,896.5470425589574,13.627254509018035,57.29657690950755,9.995067506293688,64.12039773313771,1.2824079546627543,2.495,50.0,20.0
resnet18,FP16,2,7W,default,inference,128,64,6.170506594890062,4.053529195335488,2.49924744768489,5.934003841825539,1.5222553724272272,694.1697796802204,105.52012222469985,4.308797127468582,40.67043301163812,0.9880590292052435,11.294620700098056,0.2258924140019611,2.785,50.0,17.905223175104137
resnet18,FP16,2,7W,default,inference,128,64,6.072384301989191,3.98907069863502,2.4595048615094584,5.8396423734293,1.5222553724272272,683.1312159258079,103.84216010268511,4.308797127468582,40.67043301163812,0.9880590292052435,11.115015660625765,0.2223003132125153,2.785,50.0,17.905223175104137
resnet18,FP16,2,7W,default,inference,128,64,5.970861350679077,3.922378241410687,2.418384902711689,5.742010586825818,1.522255372427227,671.7100848307064,102.10604426420159,4.308797127468582,40.67043301163812,0.9880590292052435,10.9291859868755,0.21858371973751,2.785,50.0,17.905223175104137
resnet18,FP16,2,7W,default,train,128,64,5.823975895130203,5.110216052020751,4.218583017299414,5.524309469326515,1.1396731245496377,294.6352345036931,124.89110019540236,28.725314183123878,41.797476052038235,1.5857877089654717,14.231226786463726,0.2846245357292745,2.785,50.0,17.905223175104137
resnet18,FP16,2,7W,default,train,128,64,5.879037370267848,5.158529444651997,4.258466665189742,5.576537815386862,1.1396731245496377,297.420797310171,126.07185511818165,28.725314183123878,41.797476052038235,1.5857877089654717,14.36577273136303,0.2873154546272606,2.785,50.0,17.905223175104137
resnet18,FP16,2,7W,default,train,128,64,5.959484274663913,5.22911714446097,4.316738188078996,5.652845410702424,1.1396731245496377,301.49061026417894,127.79698286222684,28.725314183123878,41.797476052038235,1.5857877089654717,14.562349461992468,0.2912469892398494,2.785,50.0,17.905223175104137
resnet18,FP16,2,15W,default,inference,128,64,12.902234037541598,6.650418664307688,2.128979185882605,12.31039769182088,1.9400634289066563,1971.0887685300042,237.5806638656016,4.308797127468582,42.91965496787037,2.1429343635497173,18.54076264303537,0.37081525286070743,2.785,50.0,17.905223175104137
resnet18,FP16,2,15W,default,inference,128,64,13.113040679329645,6.759078329062488,2.163764088350401,12.511534455340831,1.9400634289066565,2003.2939356933741,241.46243982452077,4.308797127468582,42.91965496787037,2.1429343635497173,18.843695910064543,0.37687391820129085,2.785,50.0,17.905223175104137
resnet18,FP16,2,15W,default,inference,128,64,13.12619578968988,6.765859092085091,2.1659347942966303,12.52408612970537,1.9400634289066565,2005.303656661416,241.70467693194888,4.308797127468582,42.91965496787037,2.1429343635497173,18.862600060928838,0.37725200121857677,2.785,50.0,17.905223175104137
resnet18,FP16,2,15W,default,train,128,64,12.443364521518548,10.813828301376198,8.053119153989345,11.939021934680161,1.1506900400790505,939.7091871818875,292.44616653824806,19.748653500897664,45.56923913149962,3.335255121421762,30.11400824311437,0.6022801648622874,2.785,50.0,17.905223175104137
resnet18,FP16,2,15W,default,train,128,64,12.363056069929968,10.744036742579823,8.00114498505804,11.861968468682425,1.1506900400790505,933.6443813461639,290.5587430229213,19.748653500897664,45.56923913149962,3.335255121421762,29.91965490974155,0.598393098194831,2.785,50.0,17.905223175104137
resnet18,FP16,2,15W,default,train,128,64,12.397700334981565,10.774144124972057,8.023566123165857,11.895208565414029,1.1506900400790507,936.2606780957971,291.37295870304155,19.748653500897664,45.56923913149962,3.335255121421762,30.003496999357765,0.6000699399871553,2.785,50.0,17.905223175104137
resnet18,FP16,2,25W,default,inference,128,64,21.167652442135676,10.122139756636972,2.1317546040731274,20.599248384775365,2.091223096209108,3754.9897697568454,347.55748673466,4.308797127468582,45.80923367739394,3.5950005641351552,28.228439111418908,0.5645687822283781,2.785,50.0,17.905223175104137
resnet18,FP16,2,25W,default,inference,128,64,21.392520959761733,10.229669420991623,2.1544006910244726,20.818078624035852,2.0912230962091076,3794.879832461457,351.24966455388267,4.308797127468582,45.80923367739394,3.5950005641351552,28.528315882129988,0.5705663176425998,2.785,50.0,17.905223175104137
resnet18,FP16,2,25W,default,inference,128,64,21.784416340461522,10.417069503464983,2.1938677403066493,21.199450640132056,2.0912230962091085,3864.399263081614,357.68430221392913,4.308797127468582,45.80923367739394,3.5950005641351552,29.050933821099424,0.5810186764219885,2.785,50.0,17.905223175104137
resnet18,FP16,2,25W,default,train,128,64,20.890161889913312,18.166896479933282,13.013526105619578,20.212678756913935,1.1499026216716808,1510.783797344194,495.63353715983584,15.439856373429084,50.34580730714702,5.66868406947521,50.58857674012833,1.0117715348025667,2.785,50.0,17.905223175104137
resnet18,FP16,2,25W,default,train,128,64,19.77351264141782,17.19581490532816,12.317909469295994,19.13224325512461,1.149902621671681,1430.0273340466008,469.14026153491494,15.439856373429084,50.34580730714702,5.66868406947521,47.88444756693142,0.9576889513386284,2.785,50.0,17.905223175104137
resnet18,FP16,2,25W,default,train,128,64,20.89847546192952,18.174126285187683,13.01870504521009,20.22072271374738,1.1499026216716808,1511.3850377733645,495.83078240506313,15.439856373429084,50.34580730714702,5.66868406947521,50.608709268451605,1.012174185369032,2.785,50.0,17.905223175104137
resnet18,FP16,2,MAXN,default,inference,128,64,35.81250276847445,16.06168592022977,2.2181418183073958,34.329669057589534,2.2296851617157096,6181.129883964756,542.7209574020923,4.308797127468582,50.3566279621668,5.736397924371981,44.793738334224486,0.8958747666844897,2.785,50.0,17.905223175104137
resnet18,FP16,2,MAXN,default,inference,128,64,35.418733055274934,15.885082640107244,2.1937526525102586,33.95220356665654,2.2296851617157096,6113.166419992605,536.7535700590408,4.308797127468582,50.3566279621668,5.736397924371981,44.3012171158379,0.886024342316758,2.785,50.0,17.905223175104137
resnet18,FP16,2,MAXN,default,inference,128,64,35.05823869122823,15.723403148205657,2.171424483230226,33.6066356432177,2.22968516171571,6050.946180848317,531.2904543517044,4.308797127468582,50.3566279621668,5.736397924371981,43.85031620230875,0.877006324046175,2.785,50.0,17.905223175104137
resnet18,FP16,2,MAXN,default,train,128,64,32.28504982841175,27.795686934004944,19.442559377573595,31.200548554088,1.1615129320266795,2477.1603421808527,768.5509248371546,12.567324955116696,57.14384797865724,8.988190290073817,77.39942561756577,1.5479885123513153,2.785,50.0,17.905223175104137
resnet18,FP16,2,MAXN,default,train,128,64,33.436424365686875,28.786958322835833,20.135935039862275,32.313246764099105,1.1615129320266795,2565.5027594263975,795.959585197282,12.567324955116696,57.14384797865724,8.988190290073817,80.15970408482589,1.6031940816965178,2.785,50.0,17.905223175104137
resnet18,FP16,2,MAXN,default,train,128,64,33.76276864406039,29.06792314843108,20.332464642372738,32.628628668629446,1.16151293202668,2590.542432853602,803.7282644557102,12.567324955116696,57.14384797865724,8.988190290073817,80.9420742479179,1.6188414849583581,2.785,50.0,17.905223175104137
resnet18,FP16,4,7W,default,inference,128,64,6.9945526631534785,4.499431507170582,2.7459964234200736,6.700730362866951,1.554541424179146,732.5505041110481,116.50233118929847,3.803486529318542,40.44664401295212,0.8945360865498269,14.20302645794833,0.28406052915896657,3.1550000000000002,50.0,15.817959093978228
resnet18,FP16,4,7W,default,inference,128,64,6.928858453971561,4.457171964800005,2.7202054869384225,6.637795790303258,1.5545414241791458,725.6702462345289,115.40811846635346,3.803486529318542,40.44664401295212,0.8945360865498269,14.06962885039867,0.28139257700797343,3.1550000000000002,50.0,15.817959093978228
resnet18,FP16,4,7W,default,inference,128,64,6.799541175595289,4.373985195785756,2.669436724301419,6.513910782156285,1.5545414241791458,712.1266442306666,113.25419024257229,3.803486529318542,40.44664401295212,0.8945360865498269,13.807039258940797,0.27614078517881596,3.1550000000000002,50.0,15.817959093978228
resnet18,FP16,4,7W,default,train,128,64,6.4934543432053875,5.619959091234464,4.651548954009199,6.083654925870117,1.155427332795594,336.8591934506283,129.88000759565767,25.9904912836767,41.73052936135552,1.3778484697312698,17.7294321032598,0.354588642065196,3.1550000000000002,50.0,15.817959093978228
resnet18,FP16,4,7W,default,train,128,64,6.653670981402385,5.758623491538504,4.766319228262368,6.233760353375498,1.155427332795594,345.17070911977066,133.08460981292768,25.9904912836767,41.73052936135552,1.3778484697312698,18.166880317814275,0.3633376063562855,3.1550000000000002,50.0,15.817959093978228
resnet18,FP16,4,7W,default,train,128,64,6.741630908343339,5.834751106356245,4.829328819849787,6.3161691630059895,1.1554273327955942,349.73378271345973,134.84395628329415,25.9904912836767,41.73052936135552,1.3778484697312698,18.40704209767481,0.3681408419534962,3.1550000000000002,50.0,15.817959093978228
resnet18,FP16,4,15W,default,inference,128,64,14.23317071471125,7.239452302860117,2.2787143651127377,13.448263684188683,1.9660562870326665,2262.0545107142525,220.72396038148685,3.803486529318542,42.80123808078992,1.900837970775796,22.8629470623454,0.45725894124690797,3.1550000000000002,50.0,15.817959093978228
resnet18,FP16,4,15W,default,inference,128,64,14.725071810866945,7.4896491560225025,2.357467168440399,13.913038243578026,1.9660562870326663,2340.2315462945394,228.3522225751846,3.803486529318542,42.80123808078992,1.900837970775796,23.653094875980017,0.4730618975196003,3.1550000000000002,50.0,15.817959093978228
resnet18,FP16,4,15W,default,inference,128,64,14.735223052574293,7.494812406827833,2.3590923706364464,13.922629681630635,1.9660562870326665,2341.8448665134642,228.5096451423235,3.803486529318542,42.80123808078992,1.900837970775796,23.669400961702173,0.47338801923404344,3.1550000000000002,50.0,15.817959093978228
resnet18,FP16,4,15W,default,train,128,64,13.784200929116754,11.99409478095773,8.906971798065506,13.343757262192844,1.1492489579956515,1021.2106509431352,313.87395151719755,18.38351822503962,45.50621224358604,2.9706844059214075,37.837201402616344,0.7567440280523269,3.1550000000000002,50.0,15.817959093978228
resnet18,FP16,4,15W,default,train,128,64,13.272987206163544,11.549270603048711,8.576639540392875,12.848878243578113,1.1492489579956517,983.3370809427621,302.23332961112794,18.38351822503962,45.50621224358604,2.9706844059214075,36.433935685972344,0.7286787137194469,3.1550000000000002,50.0,15.817959093978228
resnet18,FP16,4,15W,default,train,128,64,13.415031404928095,11.672868016625909,8.668424597719063,12.9863837339989,1.1492489579956517,993.8605091363136,305.46775532688696,18.38351822503962,45.50621224358604,2.9706844059214075,36.823842578970016,0.7364768515794003,3.1550000000000002,50.0,15.817959093978228
resnet18,FP16,4,25W,default,inference,128,64,24.669232746813254,11.284856782963269,2.299749404532555,22.93592266796535,2.186047481263241,4026.093158496,372.10074052274524,3.803486529318542,45.82914207815472,3.1681477266890834,35.64741375073654,0.7129482750147308,3.1550000000000002,50.0,15.817959093978228
resnet18,FP16,4,25W,default,inference,128,64,24.30421475567324,11.117880541930713,2.2657211914793387,22.59655157754159,2.1860474812632416,3966.5211218647983,366.5949566095877,3.803486529318542,45.82914207815472,3.1681477266890834,35.11995724285987,0.7023991448571973,3.1550000000000002,50.0,15.817959093978228
resnet18,FP16,4,25W,default,inference,128,64,25.75219346506646,11.78025348753411,2.4007066694988386,23.942792380583725,2.1860474812632416,4202.835612686933,388.43568248688496,3.803486529318542,45.82914207815472,3.1681477266890834,37.212308338078486,0.7442461667615697,3.1550000000000002,50.0,15.817959093978228
resnet18,FP16,4,25W,default,train,128,64,22.42244225248696,19.326107293250228,13.82297188800797,21.484870603536876,1.1602151386336423,1788.511072953632,508.5779083280888,12.99524564183835,50.30224313419781,4.963544990753307,60.96316897391002,1.2192633794782004,3.1550000000000002,50.0,15.817959093978228
resnet18,FP16,4,25W,default,train,128,64,22.796064562531214,19.64813576676615,14.053302314565386,21.842870276164195,1.1602151386336423,1818.3128060160748,517.0522774805365,12.99524564183835,50.30224313419781,4.963544990753307,61.97899052283715,1.239579810456743,3.1550000000000002,50.0,15.817959093978228
resnet18,FP16,4,25W,default,train,128,64,22.529942497016712,19.418762733564822,13.889243565346062,21.587875834526564,1.1602151386336421,1797.0857578840998,511.01619087073277,12.99524564183835,50.30224313419781,4.963544990753307,61.255445591158406,1.2251089118231682,3.1550000000000002,50.0,15.817959093978228
resnet18,FP16,4,MAXN,default,inference,128,64,40.72809189846944,17.821520281152388,2.3934731415764183,38.148224295331985,2.285332073579743,7290.948185940904,575.4220997513357,3.803486529318542,50.51133164443388,5.046168271587855,56.29773145961191,1.1259546291922382,3.1550000000000002,50.0,15.817959093978228
resnet18,FP16,4,MAXN,default,inference,128,64,40.52035006358481,17.730618027914762,2.381264749800597,37.95364159471202,2.2853320735797427,7253.759236407694,572.4870434483414,3.803486529318542,50.51133164443388,5.046168271587855,56.010573542604234,1.1202114708520847,3.1550000000000002,50.0,15.817959093978228
resnet18,FP16,4,MAXN,default,inference,128,64,39.97791780315491,17.493264224193695,2.349387561699076,37.44556899490821,2.285332073579743,7156.655607908816,564.8233524743691,3.803486529318542,50.51133164443388,5.046168271587855,55.26077888468508,1.1052155776937016,3.1550000000000002,50.0,15.817959093978228
resnet18,FP16,4,MAXN,default,train,128,64,34.37562570437948,29.502708333189425,20.461628034631133,32.92579463604758,1.165168475929656,2696.3501337235475,753.6002718046311,12.678288431061805,57.296274235939414,7.967950734099172,93.07171735322865,1.861434347064573,3.1550000000000002,50.0,15.817959093978228
resnet18,FP16,4,MAXN,default,train,128,64,35.99782765360915,30.894955019176496,21.42722188789334,34.47957837508007,1.165168475929656,2823.592165049679,789.1630231673134,12.678288431061805,57.296274235939414,7.967950734099172,97.46381548133125,1.949276309626625,3.1550000000000002,50.0,15.817959093978228
resnet18,FP16,4,MAXN,default,train,128,64,36.45212067793427,31.284849728576912,21.697633689627725,34.91471107498062,1.165168475929656,2859.2259326332214,799.1222701510488,12.678288431061805,57.296274235939414,7.967950734099172,98.6938100222057,1.973876200444114,3.1550000000000002,50.0,15.817959093978228
resnet18,FP16,8,7W,default,inference,128,64,7.598905322599215,4.879312021427951,2.8904088578555256,7.326435335013053,1.5573722871642393,916.9623246165528,132.87023685207686,3.3566433566433567,40.56689805222051,0.7972728541966206,17.4520898261027,0.349041796522054,3.575,50.0,13.947147282556493
resnet18,FP16,8,7W,default,inference,128,64,7.357268678847022,4.724155386277995,2.7984971066449025,7.093462930454329,1.5573722871642393,887.8039538827319,128.6451127421594,3.3566433566433567,40.56689805222051,0.7972728541966206,16.897132995741927,0.3379426599148385,3.575,50.0,13.947147282556493
resnet18,FP16,8,7W,default,inference,128,64,7.720783755023256,4.957571043646694,2.9367679695570907,7.443943636008975,1.5573722871642393,931.6694338608015,135.001335411126,3.3566433566433567,40.56689805222051,0.7972728541966206,17.732002953089967,0.35464005906179935,3.575,50.0,13.947147282556493
resnet18,FP16,8,7W,default,train,128,64,7.02713247962348,6.213458693688913,5.0736585407217,6.735235906843267,1.130953439307648,390.48262514341644,128.3844108014311,27.13286713286713,41.84557444634024,1.2245711782296846,22.21226951195193,0.44424539023903864,3.575,50.0,13.947147282556493
resnet18,FP16,8,7W,default,train,128,64,7.122248323918448,6.297561045730211,5.1423331127700385,6.826400781230196,1.1309534393076477,395.7680078625739,130.1221596859297,27.13286713286713,41.84557444634024,1.2245711782296846,22.512923978686832,0.45025847957373666,3.575,50.0,13.947147282556493
resnet18,FP16,8,7W,default,train,128,64,7.352722122544629,6.501348213809626,5.308737454826066,7.047301042979179,1.1309534393076477,408.5749407296127,134.33287336289388,27.13286713286713,41.84557444634024,1.2245711782296846,23.241435380083143,0.46482870760166284,3.575,50.0,13.947147282556493
resnet18,FP16,8,15W,default,inference,128,64,16.266814073059507,8.22912517868697,2.5621389484530113,15.312081402011447,1.9767367393061117,2571.7281195180203,259.18284164229397,3.3566433566433567,42.95150644699383,1.6623002123994068,29.444256621071613,0.5888851324214323,3.575,50.0,13.947147282556493
resnet18,FP16,8,15W,default,inference,128,64,16.901682919675665,8.550295334526243,2.662135308635713,15.909688494299271,1.9767367393061115,2672.0987303650936,269.2983511081983,3.3566433566433567,42.95150644699383,1.6623002123994068,30.593420873919932,0.6118684174783986,3.575,50.0,13.947147282556493
resnet18,FP16,8,15W,default,inference,128,64,16.312142489126227,8.252056110846725,2.569278496477266,15.354749400398873,1.9767367393061115,2578.8943883207767,259.905069586288,3.3566433566433567,42.95150644699383,1.6623002123994068,29.526304741182955,0.5905260948236591,3.575,50.0,13.947147282556493
resnet18,FP16,8,15W,default,train,128,64,15.029956546231942,12.972793459931895,9.651054412849694,14.285073021768406,1.1585751821806038,1049.9045155946267,285.98133976042317,12.027972027972027,45.487855967684766,2.631358105995303,46.374347191542704,0.9274869438308541,3.575,50.0,13.947147282556493
resnet18,FP16,8,15W,default,train,128,64,15.107784481684105,13.039969018884983,9.701029383674001,14.359043810549318,1.1585751821806043,1055.3411181968554,287.4622048037072,12.027972027972027,45.487855967684766,2.631358105995303,46.614482263707245,0.9322896452741449,3.575,50.0,13.947147282556493
resnet18,FP16,8,15W,default,train,128,64,14.890530894812217,12.852451117402763,9.561526239946483,14.152557295225089,1.1585751821806043,1040.1650582272666,283.3284289241654,12.027972027972027,45.487855967684766,2.631358105995303,45.94415475908578,0.9188830951817155,3.575,50.0,13.947147282556493
resnet18,FP16,8,25W,default,inference,128,64,26.076506852360115,12.26848299674713,2.4166270637472245,25.041438386611222,2.1254874672992616,4566.912323775726,407.32661590924386,3.3566433566433567,45.9822938381431,2.7739890134702594,43.90612528149151,0.8781225056298303,3.575,50.0,13.947147282556493
resnet18,FP16,8,25W,default,inference,128,64,27.097730089321068,12.748948420642835,2.5112684099421045,26.02212567391247,2.125487467299262,4745.764384468088,423.27857632918557,3.3566433566433567,45.9822938381431,2.7739890134702594,45.62560234320998,0.9125120468641995,3.575,50.0,13.947147282556493
resnet18,FP16,8,25W,default,inference,128,64,27.071373477536778,12.736548153791217,2.5088258242956756,25.99681524894593,2.125487467299261,4741.148415931652,422.8668743498633,3.3566433566433567,45.9822938381431,2.7739890134702594,45.58122459332391,0.9116244918664782,3.575,50.0,13.947147282556493
resnet18,FP16,8,25W,default,train,128,64,25.639293950605705,22.156708910020235,15.64258037535315,24.61159592961748,1.1571797081745516,2157.1196188443055,555.5320773983884,11.748251748251748,50.18524123779446,4.38451388130176,79.20209099275843,1.5840418198551687,3.575,50.0,13.947147282556493
resnet18,FP16,8,25W,default,train,128,64,24.61503065609366,21.27157128854585,15.017675456333327,23.62838810889378,1.1571797081745516,2070.9449195054476,533.3391450618194,11.748251748251748,50.18524123779446,4.38451388130176,76.03804931482567,1.5207609862965135,3.575,50.0,13.947147282556493
resnet18,FP16,8,25W,default,train,128,64,25.836506844374235,22.327134378402874,15.76290032440375,24.800903952798322,1.1571797081745514,2173.7117996998586,559.805131437085,11.748251748251748,50.18524123779446,4.38451388130176,79.81129940494372,1.5962259880988745,3.575,50.0,13.947147282556493
resnet18,FP16,8,MAXN,default,inference,128,64,42.95278770434882,18.980511455436424,2.46574556969269,40.55716568824817,2.2629942193705337,7826.016933978479,665.5559007239107,3.3566433566433567,50.54490974831494,4.4715643050202125,67.93072736090988,1.3586145472181976,3.575,50.0,13.947147282556493
resnet18,FP16,8,MAXN,default,inference,128,64,44.56142028421602,19.69135400470049,2.5580906506306915,42.076079396998736,2.2629942193705337,8119.110502136237,690.4817545007764,3.3566433566433567,50.54490974831494,4.4715643050202125,70.474813252587,1.40949626505174,3.575,50.0,13.947147282556493
resnet18,FP16,8,MAXN,default,inference,128,64,42.8271605219262,18.92499775533623,2.458533821979743,40.438545158015486,2.2629942193705332,7803.127605728713,663.6093003512364,3.3566433566433567,50.54490974831494,4.4715643050202125,67.73204535831181,1.3546409071662362,3.575,50.0,13.947147282556493
resnet18,FP16,8,MAXN,default,train,128,64,39.80434785349701,33.73268249455031,22.926106060906505,37.57556366669674,1.1799935525414444,2978.076153818877,786.9965920044352,9.23076923076923,57.41509465901522,6.992144404888475,120.57624418569662,2.4115248837139323,3.575,50.0,13.947147282556493
resnet18,FP16,8,MAXN,default,train,128,64,40.60041730161091,34.407321306261906,23.384618097493064,38.32705841146212,1.1799935525414442,3037.6363669126185,802.7361776640304,9.23076923076923,57.41509465901522,6.992144404888475,122.98771603087903,2.4597543206175807,3.575,50.0,13.947147282556493
resnet18,FP16,8,MAXN,default,train,128,64,41.23198289173137,34.942549307093095,23.74838086423435,38.92326044267267,1.1799935525414444,3084.8887532708363,815.223254927083,9.23076923076923,57.41509465901522,6.992144404888475,124.90086901341076,2.498017380268215,3.575,50.0,13.947147282556493
resnet18,FP16,16,7W,default,inference,128,64,8.366078356499106,5.225355848812106,2.9761410219690267,8.003731830195946,1.6010542819588043,971.0176080287342,135.86672641547804,2.973977695167286,40.57903691010251,0.6858204121492684,21.09540846407769,0.4219081692815538,4.035,50.0,12.364817244036917
resnet18,FP16,16,7W,default,inference,128,64,8.241567330699274,5.147587701159112,2.9318475841383314,7.88461355064621,1.6010542819588043,956.5661059875858,133.84464333698105,2.973977695167286,40.57903691010251,0.6858204121492684,20.78144882425573,0.4156289764851146,4.035,50.0,12.364817244036917
resnet18,FP16,16,7W,default,inference,128,64,8.115529811678188,5.06886612348288,2.8870111130127105,7.764034892426456,1.601054281958804,941.9374299189883,131.79776971409413,2.973977695167286,40.57903691010251,0.6858204121492684,20.463640069394707,0.4092728013878941,4.035,50.0,12.364817244036917
resnet18,FP16,16,7W,default,train,128,64,7.730689361216401,6.828758573860316,5.626423497463032,7.4207480200231135,1.1320782947003822,422.9034488155733,150.18642442367312,25.77447335811648,41.703887630098464,1.0943096939029449,27.553070292827964,0.5510614058565593,4.035,50.0,12.364817244036917
resnet18,FP16,16,7W,default,train,128,64,8.03359600438066,7.096325441436756,5.846880040858389,7.711510430396222,1.1320782947003822,439.4738034214603,156.0710827698286,25.77447335811648,41.703887630098464,1.0943096939029449,28.632664574954983,0.5726532914990997,4.035,50.0,12.364817244036917
resnet18,FP16,16,7W,default,train,128,64,8.111069190252657,7.164759918305249,5.9032653039373,7.785877535812296,1.1320782947003822,443.71193484352557,157.57617762374937,25.77447335811648,41.703887630098464,1.0943096939029449,28.908787962715135,0.5781757592543026,4.035,50.0,12.364817244036917
resnet18,FP16,16,15W,default,inference,128,64,17.906114844248798,8.965241274489442,2.6313252455093847,16.997597835294144,1.9972819800400214,2863.000825335145,262.1651058618617,2.973977695167286,43.05860211096762,1.4905677353575875,36.201374990278836,0.7240274998055767,4.035,50.0,12.364817244036917
resnet18,FP16,16,15W,default,inference,128,64,17.579123933635252,8.80152332485521,2.5832735354855387,16.687197726574254,1.9972819800400219,2810.7183924843157,257.3776012891211,2.973977695167286,43.05860211096762,1.4905677353575875,35.54028682701735,0.710805736540347,4.035,50.0,12.364817244036917
resnet18,FP16,16,15W,default,inference,128,64,18.27883297356423,9.151853947632354,2.686096625658426,17.351405063893587,1.997281980040021,2922.594563068275,267.62210692985144,2.973977695167286,43.05860211096762,1.4905677353575875,36.95491135941238,0.7390982271882476,4.035,50.0,12.364817244036917
resnet18,FP16,16,15W,default,train,128,64,16.39962297006281,14.163673382002226,10.567358435646646,15.704945011607451,1.157865091050589,1166.5680809041405,326.732254606203,12.88723667905824,45.46851061500506,2.3309585522362295,57.14957951640392,1.1429915903280783,4.035,50.0,12.364817244036917
resnet18,FP16,16,15W,default,train,128,64,16.59059187947804,14.328605299279356,10.690412296063998,15.887824595288597,1.1578650910505888,1180.152431872182,330.5369580708389,12.88723667905824,45.46851061500506,2.3309585522362295,57.815069991014795,1.156301399820296,4.035,50.0,12.364817244036917
resnet18,FP16,16,15W,default,train,128,64,17.039661737347195,14.716448288363422,10.979777616194287,16.31787212973984,1.1578650910505888,1212.096493223021,339.4838471185403,12.88723667905824,45.46851061500506,2.3309585522362295,59.37999337965384,1.1875998675930768,4.035,50.0,12.364817244036917
resnet18,FP16,16,25W,default,inference,128,64,28.349123840078654,13.231498741657095,2.5211925460352616,27.059730531550116,2.1425482021039928,4829.356134667332,411.62148654409975,2.973977695167286,46.11466740569543,2.478123440673984,53.43873316805461,1.0687746633610922,4.035,50.0,12.364817244036917
resnet18,FP16,16,25W,default,inference,128,64,29.914422087943016,13.962076586452948,2.660400314751501,28.55383486534387,2.1425482021039928,5096.009267884123,434.349186888754,2.973977695167286,46.11466740569543,2.478123440673984,56.38935541189943,1.1277871082379887,4.035,50.0,12.364817244036917
resnet18,FP16,16,25W,default,inference,128,64,29.339713631295574,13.693840634476194,2.6092893638375783,28.005265672912707,2.142548202103993,4998.106001934446,426.0045780539568,2.973977695167286,46.11466740569543,2.478123440673984,55.30601710354619,1.1061203420709238,4.035,50.0,12.364817244036917
resnet18,FP16,16,25W,default,train,128,64,29.35322770500124,23.974567075525098,17.054567725360986,26.65172164360737,1.2243486029396147,2219.7094699625886,548.3899285965978,7.1871127633209415,50.16578251725288,3.8706664162707343,96.7354825146997,1.934709650293994,4.035,50.0,12.364817244036917
resnet18,FP16,16,25W,default,train,128,64,29.24486861436659,23.88606361305168,16.991609829607253,26.553335314506775,1.224348602939615,2211.515287637717,546.3655163386634,7.1871127633209415,50.16578251725288,3.8706664162707343,96.37837804146282,1.9275675608292564,4.035,50.0,12.364817244036917
resnet18,FP16,16,25W,default,train,128,64,29.40760881031817,24.01898343307748,17.086163781948983,26.701097817708032,1.224348602939615,2223.82180321848,549.4059003582535,7.1871127633209415,50.16578251725288,3.8706664162707343,96.91469900548512,1.9382939801097023,4.035,50.0,12.364817244036917
resnet18,FP16,16,MAXN,default,inference,128,64,49.35419844137814,21.291026606363697,2.67665227825813,45.85583725978207,2.318075091157258,8645.222185338038,726.2658459659691,2.973977695167286,50.41203262928612,3.9370560522336118,86.0012100348523,1.720024200697046,4.035,50.0,12.364817244036917
resnet18,FP16,16,MAXN,default,inference,128,64,47.94005105607401,20.68097415780469,2.599958077152564,44.541928526386755,2.318075091157258,8397.510364766373,705.4561280586189,2.973977695167286,50.41203262928612,3.9370560522336118,83.53701468482078,1.6707402936964155,4.035,50.0,12.364817244036917
resnet18,FP16,16,MAXN,default,inference,128,64,50.06179712232563,21.59627930660916,2.715027850778069,46.513279402162425,2.318075091157258,8769.170056198695,736.6784303225594,2.973977695167286,50.41203262928612,3.9370560522336118,87.23422251813338,1.7446844503626675,4.035,50.0,12.364817244036917
resnet18,FP16,16,MAXN,default,train,128,64,44.82109123504483,38.539007075577345,26.379576318753212,42.935432380386814,1.1630058643479821,3650.713405639785,921.7299193006628,10.161090458488228,57.32689520405088,6.186238081203308,155.49626728076407,3.1099253456152813,4.035,50.0,12.364817244036917
resnet18,FP16,16,MAXN,default,train,128,64,44.92503581822903,38.628382878718696,26.440753188603374,43.0350039325208,1.163005864347982,3659.1797743251027,923.8675029611679,10.161090458488228,57.32689520405088,6.186238081203308,155.85687864126032,3.1171375728252064,4.035,50.0,12.364817244036917
resnet18,FP16,16,MAXN,default,train,128,64,45.208784379642,38.872361494916,26.60775418355633,43.306814966921785,1.1630058643479821,3682.291319547173,929.7026919627336,10.161090458488228,57.32689520405088,6.186238081203308,156.84127774735586,3.136825554947117,4.035,50.0,12.364817244036917
resnet18,INT8,1,7W,default,inference,128,64,4.890078024132403,3.378174663262732,2.3480196337331183,4.660979038236557,1.447550381959657,490.68589342239454,88.7577558589744,5.210420841683367,40.635001821265604,1.1237043988732174,8.43373168304242,0.16867463366084842,2.495,50.0,20.0
resnet18,INT8,1,7W,default,inference,128,64,4.895517202506079,3.3819321686604464,2.350631309364825,4.666163392404288,1.4475503819596567,491.2316777813763,88.85648010504596,5.210420841683367,40.635001821265604,1.1237043988732174,8.443112427225524,0.16886224854451048,2.495,50.0,20.0
resnet18,INT8,1,7W,default,inference,128,64,4.821523691818533,3.330815805727796,2.3151025887583625,4.595636459995806,1.447550381959657,483.8069349204237,87.51345491723868,5.210420841683367,40.635001821265604,1.1237043988732174,8.3154986320375,0.16630997264074998,2.495,50.0,20.0
resnet18,INT8,1,7W,default,train,128,64,4.622537842711429,4.013802004683508,3.449272394505357,4.315330183631657,1.1516606542419425,186.01234707002368,85.69512815316324,26.853707414829657,41.676386820710626,1.7429630503442648,10.013888026116899,0.20027776052233798,2.495,50.0,20.0
resnet18,INT8,1,7W,default,train,128,64,4.7454669851052165,4.120542772409659,3.5410003828457177,4.430089620259373,1.1516606542419427,190.95905363642373,87.97405565351956,26.853707414829657,41.676386820710626,1.7429630503442648,10.280191669043033,0.20560383338086066,2.495,50.0,20.0
resnet18,INT8,1,7W,default,train,128,64,4.685086819078233,4.068113989847206,3.495945556484283,4.373722239003692,1.1516606542419425,188.52933715138383,86.8546951979315,26.853707414829657,41.676386820710626,1.7429630503442648,10.149389014274954,0.20298778028549908,2.495,50.0,20.0
resnet18,INT8,1,15W,default,inference,128,64,10.096912619231984,5.37181311767772,1.9959283749843257,9.47445101576065,1.8796098073488015,1483.486654729004,188.1695370880669,4.809619238476953,42.951483756174405,2.391812100732192,13.416067520138519,0.2683213504027704,2.495,50.0,20.0
resnet18,INT8,1,15W,default,inference,128,64,10.446353390087898,5.557724453897444,2.065004812131978,9.802349215065444,1.8796098073488015,1534.8281627455797,194.6818355075271,4.809619238476953,42.951483756174405,2.391812100732192,13.880379845389562,0.27760759690779124,2.495,50.0,20.0
resnet18,INT8,1,15W,default,inference,128,64,10.274458768853926,5.466272163873255,2.0310251824207564,9.64105167489936,1.8796098073488015,1509.5725835168773,191.47834821142865,4.809619238476953,42.951483756174405,2.391812100732192,13.651978359530311,0.27303956719060624,2.495,50.0,20.0
resnet18,INT8,1,15W,default,train,128,64,9.489836807376998,8.28824734217129,6.368730478555649,9.16986664089,1.144975097339569,612.4464169138374,245.3992215394246,20.440881763527052,45.46970492227225,3.8074036663715245,20.677385838274894,0.4135477167654979,2.495,50.0,20.0
resnet18,INT8,1,15W,default,train,128,64,9.487279456357289,8.286013799253501,6.3670142130693,9.167395516435421,1.144975097339569,612.2813729304055,245.33309058668289,20.440881763527052,45.46970492227225,3.8074036663715245,20.671813631414885,0.4134362726282977,2.495,50.0,20.0
resnet18,INT8,1,15W,default,train,128,64,9.74141657342871,8.507972440678916,6.5375683370313515,9.412963856476171,1.1449750973395687,628.6826419842852,251.9048633114905,20.440881763527052,45.46970492227225,3.8074036663715245,21.225552471415558,0.42451104942831114,2.495,50.0,20.0
resnet18,INT8,1,25W,default,inference,128,64,17.159204590774298,8.39058689188305,2.0143468779668137,16.43499119105834,2.04505415555304,2881.375166551375,268.09602215777784,4.809619238476953,45.91009141219517,3.979968625043866,20.965251685837572,0.41930503371675143,2.495,50.0,20.0
resnet18,INT8,1,25W,default,inference,128,64,17.487604691281984,8.551169485559585,2.0528982987906734,16.749530989825494,2.04505415555304,2936.5201407423456,273.22695699549473,4.809619238476953,45.91009141219517,3.979968625043866,21.36649352221615,0.42732987044432297,2.495,50.0,20.0
resnet18,INT8,1,25W,default,inference,128,64,17.03224949538861,8.328507804617333,1.9994434132590362,16.31339430331883,2.0450541555530406,2860.0568556019184,266.11247123701605,4.809619238476953,45.91009141219517,3.979968625043866,20.810136947652595,0.4162027389530519,2.495,50.0,20.0
resnet18,INT8,1,25W,default,train,128,64,16.173104569887517,14.134646343151596,10.280809654987083,15.648438057890948,1.1442171369023024,1149.6867861719293,367.0851439757169,14.428857715430862,50.235775106471955,6.273077767274943,35.26070321897177,0.7052140643794353,2.495,50.0,20.0
resnet18,INT8,1,25W,default,train,128,64,16.287308766576952,14.234456241995288,10.353406205815723,15.758937392766532,1.1442171369023022,1157.8051443567695,369.6772662119404,14.428857715430862,50.235775106471955,6.273077767274943,35.50969191921952,0.7101938383843904,2.495,50.0,20.0
resnet18,INT8,1,25W,default,train,128,64,16.207428680138822,14.164644242277834,10.302628573089391,15.681648670660982,1.1442171369023022,1152.1267614922212,367.8642071975607,14.428857715430862,50.235775106471955,6.273077767274943,35.335536857720385,0.7067107371544077,2.495,50.0,20.0
resnet18,INT8,1,MAXN,default,inference,128,64,25.81976388038459,11.817545663417713,1.9053878437489211,24.747278359530657,2.184866859479292,4434.5632133320105,407.71278770861954,4.809619238476953,50.49142852309941,6.389709736037092,29.53433193958931,0.5906866387917862,2.495,50.0,20.0
resnet18,INT8,1,MAXN,default,inference,128,64,27.767837857729763,12.70916703105082,2.0491473487681366,26.614434434452942,2.184866859479292,4769.14633488206,438.4742879161955,4.809619238476953,50.49142852309941,6.389709736037092,31.76266616279644,0.6352533232559288,2.495,50.0,20.0
resnet18,INT8,1,MAXN,default,inference,128,64,27.28593250356722,12.48860194166254,2.0135848003299457,26.152546169414673,2.184866859479292,4686.3787400358315,430.8646530540199,4.809619238476953,50.49142852309941,6.389709736037092,31.211431350610006,0.6242286270122002,2.495,50.0,20.0
resnet18,INT8,1,MAXN,default,train,128,64,26.13987752397825,22.044068483951925,15.438890703294751,24.584509390151442,1.1858009578861575,1766.6725257277496,612.8308241790401,12.424849699398797,57.31927342021761,10.023750138141967,54.994602399106796,1.099892047982136,2.495,50.0,20.0
resnet18,INT8,1,MAXN,default,train,128,64,26.112638545382673,22.021097530509504,15.422802654947137,24.558891178113274,1.1858009578861577,1764.8315700817438,612.1922257124935,12.424849699398797,57.31927342021761,10.023750138141967,54.93729544362289,1.0987459088724578,2.495,50.0,20.0
resnet18,INT8,1,MAXN,default,train,128,64,26.118615608375958,22.02613805856232,15.426332863617601,24.564512595472596,1.185800957886158,1765.2355319199385,612.332353700353,12.424849699398797,57.31927342021761,10.023750138141967,54.949870338150546,1.0989974067630108,2.495,50.0,20.0
resnet18,INT8,2,7W,default,inference,128,64,5.219427761430575,3.6436624647522025,2.496599480691734,5.009475345244236,1.4324674175837901,527.5030421469826,94.72584319835354,4.66786355475763,40.59562732275784,1.022502265485633,10.152264246939556,0.20304528493879112,2.785,50.0,17.905223175104137
resnet18,INT8,2,7W,default,inference,128,64,5.149067611377608,3.5945443143570985,2.462944236838817,4.941945444824383,1.43246741758379,520.3920723442922,93.44889774648216,4.66786355475763,40.59562732275784,1.022502265485633,10.015407321536633,0.20030814643073266,2.785,50.0,17.905223175104137
resnet18,INT8,2,7W,default,inference,128,64,4.989047346700405,3.482834782459251,2.3864020318397468,4.78836202394374,1.43246741758379,504.219575993992,90.54473752179562,4.66786355475763,40.59562732275784,1.022502265485633,9.704153274900897,0.19408306549801793,2.785,50.0,17.905223175104137
resnet18,INT8,2,7W,default,train,128,64,5.164978578997892,4.497915095065199,3.8654059034071,4.825658684616168,1.1483050412989229,231.77233741289905,92.02136279313423,26.570915619389584,41.80132899606026,1.5871269608361125,12.526385183168335,0.2505277036633667,2.785,50.0,17.905223175104137
resnet18,INT8,2,7W,default,train,128,64,5.093047581211081,4.435274076172306,3.81157363687773,4.75845328601597,1.1483050412989226,228.5445185101678,90.73981082884767,26.570915619389584,41.80132899606026,1.5871269608361125,12.351934239934794,0.24703868479869587,2.785,50.0,17.905223175104137
resnet18,INT8,2,7W,default,train,128,64,5.28807798825428,4.605116060687663,3.9575319743999997,4.940670920245702,1.1483050412989229,237.29627858344207,94.21455202432746,26.570915619389584,41.80132899606026,1.5871269608361125,12.82493252321658,0.2564986504643316,2.785,50.0,17.905223175104137
resnet18,INT8,2,15W,default,inference,128,64,11.01777997849479,5.966347246748993,2.241966798101878,10.611803762707968,1.8466541625612347,1703.3528589781824,187.21916472245977,4.308797127468582,42.8859337044682,2.1599617107059492,16.63288103371184,0.3326576206742368,2.785,50.0,17.905223175104137
resnet18,INT8,2,15W,default,inference,128,64,11.100282033808382,6.011023752499894,2.2587548324562823,10.69126583426111,1.8466541625612345,1716.107707238384,188.62107744116042,4.308797127468582,42.8859337044682,2.1599617107059492,16.75742943400175,0.335148588680035,2.785,50.0,17.905223175104137
resnet18,INT8,2,15W,default,inference,128,64,10.89347798023798,5.899035239564925,2.2166730498537346,10.49208196617651,1.846654162561235,1684.1357240816149,185.1069682243997,4.308797127468582,42.8859337044682,2.1599617107059492,16.445229768820575,0.3289045953764115,2.785,50.0,17.905223175104137
resnet18,INT8,2,15W,default,train,128,64,10.466550280188947,9.116591800806551,7.002510393088807,10.054489099018397,1.1480771003987438,678.8157400990306,226.57828805703116,20.46678635547576,45.52562176099517,3.3986276578487975,25.38743537348657,0.5077487074697314,2.785,50.0,17.905223175104137
resnet18,INT8,2,15W,default,train,128,64,10.572103120513807,9.20853060900001,7.07312915873826,10.155886393638527,1.1480771003987436,685.6614464212269,228.863279885297,20.46678635547576,45.52562176099517,3.3986276578487975,25.643462033704076,0.5128692406740815,2.785,50.0,17.905223175104137
resnet18,INT8,2,15W,default,train,128,64,10.260399004393014,8.93702957826563,6.86458754242024,9.856453862980574,1.148077100398744,665.4456489891974,222.11555660299803,20.46678635547576,45.52562176099517,3.3986276578487975,24.88739934907294,0.4977479869814588,2.785,50.0,17.905223175104137
resnet18,INT8,2,25W,default,inference,128,64,18.918019512930634,9.140597662072633,2.1729895969375272,17.97349910749184,2.069669863211217,3305.817231057924,291.01012847296647,4.308797127468582,46.011452189298154,3.626721022949526,25.487573909551656,0.5097514781910332,2.785,50.0,17.905223175104137
resnet18,INT8,2,25W,default,inference,128,64,18.76503861808808,9.066682059607807,2.155417678651057,17.828156093386347,2.0696698632112165,3279.0846823443817,288.6568699919925,4.308797127468582,46.011452189298154,3.626721022949526,25.281468198465785,0.5056293639693157,2.785,50.0,17.905223175104137
resnet18,INT8,2,25W,default,inference,128,64,18.35898463689394,8.870489425984527,2.108776904423774,17.44237517886736,2.0696698632112165,3208.129038871565,282.41066535342026,4.308797127468582,46.011452189298154,3.626721022949526,24.734406131536446,0.4946881226307289,2.785,50.0,17.905223175104137
resnet18,INT8,2,25W,default,train,128,64,16.706994364874337,14.397025861555374,10.39219875689721,15.978268209098085,1.1604476178296874,1213.7263406704956,348.029937286054,13.285457809694792,50.186185243566804,5.648442840756049,40.08857719193041,0.8017715438386083,2.785,50.0,17.905223175104137
resnet18,INT8,2,25W,default,train,128,64,17.72878042462181,15.277536144008671,11.027777101392717,16.955485975406077,1.1604476178296874,1287.9568472571755,369.3151625352669,13.285457809694792,50.186185243566804,5.648442840756049,42.54036166226851,0.8508072332453702,2.785,50.0,17.905223175104137
resnet18,INT8,2,25W,default,train,128,64,17.444268004462455,15.032361423678367,10.8508027423591,16.683383426087953,1.1604476178296879,1267.287646618589,363.3883729773948,13.285457809694792,50.186185243566804,5.648442840756049,41.8576716542081,0.8371534330841619,2.785,50.0,17.905223175104137
resnet18,INT8,2,MAXN,default,inference,128,64,29.618409985650576,13.43452940512341,2.1371036365489755,28.143441704470366,2.2046481192229375,5269.553653914545,480.6014964772958,4.308797127468582,50.43026791708164,5.706162434127246,37.466890901948176,0.7493378180389635,2.785,50.0,17.905223175104137
resnet18,INT8,2,MAXN,default,inference,128,64,29.79434455835568,13.514331061982427,2.149798119990353,28.310614904960392,2.2046481192229375,5300.855019210562,483.456289120288,4.308797127468582,50.43026791708164,5.706162434127246,37.68944577388818,0.7537889154777636,2.785,50.0,17.905223175104137
resnet18,INT8,2,MAXN,default,inference,128,64,31.023284605503907,14.071762443631387,2.2384717606460653,29.478354921793223,2.2046481192229375,5519.501648757163,503.39761703176197,4.308797127468582,50.43026791708164,5.706162434127246,39.24403843074739,0.7848807686149477,2.785,50.0,17.905223175104137
resnet18,INT8,2,MAXN,default,train,128,64,27.64324245176472,23.90722529172232,16.774662317833247,26.542583062187145,1.1562714666572356,2301.166540981488,600.3245914189639,13.644524236983841,57.28030054219633,9.037258784760148,66.57044858831546,1.3314089717663091,2.785,50.0,17.905223175104137
resnet18,INT8,2,MAXN,default,train,128,64,27.71873959938365,23.972518909869965,16.820476015682804,26.615074171547064,1.1562714666572351,2307.451314207471,601.9641528552442,13.644524236983841,57.28030054219633,9.037258784760148,66.7522607976791,1.335045215953582,2.785,50.0,17.905223175104137
resnet18,INT8,2,MAXN,default,train,128,64,26.84783309627407,23.219316458522307,16.291986547576442,25.778844187364825,1.1562714666572351,2234.9525504037697,583.0507930511011,13.644524236983841,57.28030054219633,9.037258784760148,64.65494400527854,1.2930988801055707,2.785,50.0,17.905223175104137
resnet18,INT8,4,7W,default,inference,128,64,5.9112341250179705,4.088065929567402,2.777861267250576,5.715104127393214,1.445973285867113,587.2386138662614,99.59623782989101,4.120443740095086,40.64402716013679,0.8685114460742852,12.90294962715634,0.2580589925431268,3.1550000000000002,50.0,15.817959093978228
resnet18,INT8,4,7W,default,inference,128,64,5.827699896430771,4.030295686227736,2.738606097657487,5.634341497377125,1.4459732858671133,578.9400887920604,98.18879993767544,4.120443740095086,40.64402716013679,0.8685114460742852,12.720612416210443,0.25441224832420883,3.1550000000000002,50.0,15.817959093978228
resnet18,INT8,4,7W,default,inference,128,64,5.84480465988911,4.042124925139354,2.7466441247245093,5.650878738530391,1.4459732858671133,580.6393240737884,98.47699188767993,4.120443740095086,40.64402716013679,0.8685114460742852,12.757948427036556,0.2551589685407311,3.1550000000000002,50.0,15.817959093978228
resnet18,INT8,4,7W,default,train,128,64,5.599459664809667,4.973605025120433,4.223675615334471,5.352935985514692,1.1258352113865495,284.7723612042598,108.60922333358553,30.427892234548334,41.63729536777644,1.3753941695707481,15.691310101324241,0.3138262020264848,3.1550000000000002,50.0,15.817959093978228
resnet18,INT8,4,7W,default,train,128,64,5.696683565852569,5.059962158082336,4.297011659282304,5.4458794746544354,1.1258352113865497,289.716888269876,110.49501464450296,30.427892234548334,41.63729536777644,1.3753941695707481,15.963759671791232,0.31927519343582467,3.1550000000000002,50.0,15.817959093978228
resnet18,INT8,4,7W,default,train,128,64,5.635628385682875,5.005731148470814,4.250957702095461,5.387512330216126,1.1258352113865495,286.6117979823353,109.31076543195906,30.427892234548334,41.63729536777644,1.3753941695707481,15.792665347930706,0.31585330695861413,3.1550000000000002,50.0,15.817959093978228
resnet18,INT8,4,15W,default,inference,128,64,12.38795331585447,6.6751467278446786,2.4285074524222323,11.905098531548933,1.8558323615838157,1824.611903547801,198.92990425924302,3.803486529318542,42.916365617077204,1.9049143381409543,21.08001481815834,0.4216002963631668,3.1550000000000002,50.0,15.817959093978228
resnet18,INT8,4,15W,default,inference,128,64,12.200620387287422,6.574203920485089,2.391783112128916,11.72506742262152,1.8558323615838157,1797.019783794456,195.92164933655533,3.803486529318542,42.916365617077204,1.9049143381409543,20.761238922783573,0.41522477845567146,3.1550000000000002,50.0,15.817959093978228
resnet18,INT8,4,15W,default,inference,128,64,11.877125738408578,6.399891490345781,2.3283659240276706,11.414181873480603,1.855832361583816,1749.3725113170133,190.7268638954859,3.803486529318542,42.916365617077204,1.9049143381409543,20.21076284186119,0.4042152568372238,3.1550000000000002,50.0,15.817959093978228
resnet18,INT8,4,15W,default,train,128,64,12.021318293169736,10.388633532163878,7.87730959558071,11.422656775218778,1.1571606848919025,777.1387748493631,261.4346551397074,16.481774960380346,45.51221431077016,2.9758607197138947,32.774862214861756,0.6554972442972351,3.1550000000000002,50.0,15.817959093978228
resnet18,INT8,4,15W,default,train,128,64,11.323106433943293,9.785249863549465,7.419786481700786,10.759215858854182,1.1571606848919023,732.0016696141718,246.2502325847342,16.481774960380346,45.51221431077016,2.9758607197138947,30.871260885552367,0.6174252177110473,3.1550000000000002,50.0,15.817959093978228
resnet18,INT8,4,15W,default,train,128,64,11.722417977209442,10.130328596762261,7.6814466902308105,11.138641691685155,1.1571606848919023,757.8158503844605,254.93429477002752,16.481774960380346,45.51221431077016,2.9758607197138947,31.959941884772554,0.639198837695451,3.1550000000000002,50.0,15.817959093978228
resnet18,INT8,4,25W,default,inference,128,64,20.1515476457862,9.874552783027063,2.3105101565382555,19.592270409110522,2.0407554740528413,3384.766661547915,322.0744755477185,3.803486529318542,45.94907912299982,3.1617873967481724,31.185601981904703,0.6237120396380941,3.1550000000000002,50.0,15.817959093978228
resnet18,INT8,4,25W,default,inference,128,64,19.81228388141353,9.708308581462383,2.2716112894583187,19.262422422819906,2.0407554740528413,3327.782021990469,316.6521526123621,3.803486529318542,45.94907912299982,3.1617873967481724,30.660573090398145,0.6132114618079629,3.1550000000000002,50.0,15.817959093978228
resnet18,INT8,4,25W,default,inference,128,64,20.48243762992989,10.036693709929276,2.3484489135260174,19.913977017404957,2.0407554740528413,3440.344794138833,327.3629635576882,3.803486529318542,45.94907912299982,3.1617873967481724,31.697671998892293,0.6339534399778458,3.1550000000000002,50.0,15.817959093978228
resnet18,INT8,4,25W,default,train,128,64,19.1619620014036,16.65909047651341,11.936000990221707,18.444796023067816,1.1502405865685663,1521.6812582613768,386.4775489982868,11.410459587955625,50.20354482776156,4.994415545511475,52.5523105306954,1.051046210613908,3.1550000000000002,50.0,15.817959093978228
resnet18,INT8,4,25W,default,train,128,64,19.070946456493907,16.579963078321686,11.879307336717536,18.357186875285105,1.150240586568566,1514.4535720312613,384.6418567703793,11.410459587955625,50.20354482776156,4.994415545511475,52.302697407630845,1.046053948152617,3.1550000000000002,50.0,15.817959093978228
resnet18,INT8,4,25W,default,train,128,64,19.439070213951158,16.900003739167648,12.108611910706987,18.71153303342105,1.1502405865685663,1543.68685317452,392.0665436317611,11.410459587955625,50.20354482776156,4.994415545511475,53.312288910536594,1.066245778210732,3.1550000000000002,50.0,15.817959093978228
resnet18,INT8,4,MAXN,default,inference,128,64,32.76305755747938,14.778890981192484,2.2978867325180894,31.098169169246265,2.216882010914988,5613.407166969009,456.67808850746553,3.803486529318542,50.5214667555797,5.024142190573545,46.685312259428656,0.9337062451885731,3.1550000000000002,50.0,15.817959093978228
resnet18,INT8,4,MAXN,default,inference,128,64,33.9972497076617,15.335615310275257,2.3844486708324975,32.26964457890209,2.216882010914989,5824.865546550825,473.88126043387535,3.803486529318542,50.5214667555797,5.024142190573545,48.44395904684498,0.9688791809368996,3.1550000000000002,50.0,15.817959093978228
resnet18,INT8,4,MAXN,default,inference,128,64,33.31085754586699,15.02599478991594,2.336307515535091,31.618132139121766,2.2168820109149885,5707.263620246782,464.3137693697406,3.803486529318542,50.5214667555797,5.024142190573545,47.465893054390165,0.9493178610878032,3.1550000000000002,50.0,15.817959093978228
resnet18,INT8,4,MAXN,default,train,128,64,30.914622685549936,26.268022731552264,18.42679074123447,29.40967542681005,1.176891881108978,2426.036487195206,658.831146057151,11.09350237717908,57.16966506497603,7.949844106140349,82.86115187712338,1.6572230375424675,3.1550000000000002,50.0,15.817959093978228
resnet18,INT8,4,MAXN,default,train,128,64,29.997070322127026,25.488382411017202,17.879879799868785,28.536790207739156,1.1768918811089781,2354.0312249858557,639.2769020571455,11.09350237717908,57.16966506497603,7.949844106140349,80.40181583688968,1.6080363167377936,3.1550000000000002,50.0,15.817959093978228
resnet18,INT8,4,MAXN,default,train,128,64,30.394389988312874,25.825983232777865,18.11670385625961,28.914768051495145,1.1768918811089784,2385.2110332290804,647.7443051267819,11.09350237717908,57.16966506497603,7.949844106140349,81.46676058936055,1.6293352117872109,3.1550000000000002,50.0,15.817959093978228
resnet18,INT8,8,7W,default,inference,128,64,6.51543505391233,4.417452814350798,2.931778620796347,6.240256373023986,1.4749303111390126,677.9748823078963,100.06752960760302,3.3566433566433567,40.727469604129496,0.7908925993971107,15.797906959031167,0.3159581391806233,3.575,50.0,13.947147282556493
resnet18,INT8,8,7W,default,inference,128,64,6.370370606469126,4.319099389549881,2.866503341074812,6.101318706518802,1.4749303111390129,662.8799499098963,97.83955238591054,3.3566433566433567,40.727469604129496,0.7908925993971107,15.446170716584103,0.3089234143316821,3.575,50.0,13.947147282556493
resnet18,INT8,8,7W,default,inference,128,64,6.340715694085026,4.298993414264039,2.8531593912986444,6.072916266088485,1.4749303111390126,659.7941566256261,97.3840964112208,3.3566433566433567,40.727469604129496,0.7908925993971107,15.374266761921717,0.30748533523843435,3.575,50.0,13.947147282556493
resnet18,INT8,8,7W,default,train,128,64,6.451055194582362,5.686891736541723,4.870710359471619,6.128585157124819,1.1343727810273627,347.9131830975854,122.44164785366205,31.888111888111887,41.704504661360176,1.2171426000135126,20.329388664186954,0.4065877732837391,3.575,50.0,13.947147282556493
resnet18,INT8,8,7W,default,train,128,64,6.0855641121875665,5.364695110787197,4.59475531837852,5.7813639421354726,1.1343727810273623,328.2018084411505,115.50459196832108,31.888111888111887,41.704504661360176,1.2171426000135126,19.177606507131767,0.38355213014263534,3.575,50.0,13.947147282556493
resnet18,INT8,8,7W,default,train,128,64,6.172629316959757,5.441446956589894,4.660491757153615,5.864077003111449,1.1343727810273625,332.89733988766096,117.15709792610238,31.888111888111887,41.704504661360176,1.2171426000135126,19.45197749506368,0.3890395499012736,3.575,50.0,13.947147282556493
resnet18,INT8,8,15W,default,inference,128,64,13.598039210472962,7.204512227199907,2.646420349229818,13.001110178660607,1.887433705662257,2009.9691843638582,215.67547500076356,3.3566433566433567,42.95065336953232,1.6488659553096066,25.777030668787248,0.515540613375745,3.575,50.0,13.947147282556493
resnet18,INT8,8,15W,default,inference,128,64,13.888773218738843,7.358548900060884,2.7030023596049166,13.279081496116225,1.8874337056622574,2052.943497675952,220.28674243138892,3.3566433566433567,42.95065336953232,1.6488659553096066,26.328158616834134,0.5265631723366827,3.575,50.0,13.947147282556493
resnet18,INT8,8,15W,default,inference,128,64,13.545613457474339,7.176736018244145,2.636217365004534,12.950985820259774,1.8874337056622572,2002.2199679979324,214.84396179468737,3.3566433566433567,42.95065336953232,1.6488659553096066,25.677650146201394,0.5135530029240278,3.575,50.0,13.947147282556493
resnet18,INT8,8,15W,default,train,128,64,12.883064995351122,11.14591991843203,8.451501823299823,12.348865978849979,1.155854796161452,865.1228913225527,265.11482058384826,18.74125874125874,45.56885526032341,2.6101449920800657,39.84355677902565,0.7968711355805129,3.575,50.0,13.947147282556493
resnet18,INT8,8,15W,default,train,128,64,12.624360273587783,10.922098792610269,8.281787284991733,12.100888503124756,1.155854796161452,847.7503656874295,259.79105206143254,18.74125874125874,45.56885526032341,2.6101449920800657,39.043458644435844,0.7808691728887169,3.575,50.0,13.947147282556493
resnet18,INT8,8,15W,default,train,128,64,13.233341467941566,11.44896531284809,8.68128893124544,12.684618163374745,1.1558547961614523,888.6446382701197,272.32300312574074,18.74125874125874,45.56885526032341,2.6101449920800657,40.92685959004541,0.8185371918009082,3.575,50.0,13.947147282556493
resnet18,INT8,8,25W,default,inference,128,64,22.916191218642727,11.13951712556356,2.519984512182345,22.076760576132067,2.0571978982871193,3936.916157446939,348.3709589389444,3.3566433566433567,46.00903687446446,2.812936067855198,39.866152901194866,0.7973230580238974,3.575,50.0,13.947147282556493
resnet18,INT8,8,25W,default,inference,128,64,22.337710257576774,10.858318626601642,2.4563717133289025,21.519469639193368,2.057197898287119,3837.5352864868796,339.57691610644605,3.3566433566433567,46.00903687446446,2.812936067855198,38.859798475878144,0.7771959695175629,3.575,50.0,13.947147282556493
resnet18,INT8,8,25W,default,inference,128,64,22.626255505185128,10.998579924675397,2.4881016612988485,21.797445341440437,2.0571978982871193,3887.106283544179,343.96336862150537,3.3566433566433567,46.00903687446446,2.812936067855198,39.36176622655347,0.7872353245310694,3.575,50.0,13.947147282556493
resnet18,INT8,8,25W,default,train,128,64,21.189852092647747,18.048616241939246,12.870815716974455,20.139412513028326,1.1740430295929982,1587.360921512078,441.11619184254755,11.188811188811188,50.283819147568046,4.372892977335564,64.52048724227211,1.2904097448454421,3.575,50.0,13.947147282556493
resnet18,INT8,8,25W,default,train,128,64,21.546950719457097,18.352777689014275,13.0877191006485,20.47880877316762,1.1740430295929978,1614.1116700706057,448.5500326113089,11.188811188811188,50.283819147568046,4.372892977335564,65.60780853618901,1.3121561707237803,3.575,50.0,13.947147282556493
resnet18,INT8,8,25W,default,train,128,64,22.351679876828825,19.038211814585207,13.576515371680584,21.24364528031786,1.174043029592998,1674.3950364305074,465.30234687062534,11.188811188811188,50.283819147568046,4.372892977335564,68.05810960977236,1.361162192195447,3.575,50.0,13.947147282556493
resnet18,INT8,8,MAXN,default,inference,128,64,36.94687769832278,16.56974416743672,2.4867322444097293,34.873738973603025,2.2297796106551675,6566.9248707377255,553.6782846403794,3.3566433566433567,50.3450291731404,4.4712365910121825,59.30103473944924,1.1860206947889849,3.575,50.0,13.947147282556493
resnet18,INT8,8,MAXN,default,inference,128,64,38.54944515226121,17.288455311031555,2.594594028945076,36.38638422424019,2.2297796106551675,6851.764638694106,577.6940297910817,3.3566433566433567,50.3450291731404,4.4712365910121825,61.87321171836152,1.2374642343672304,3.575,50.0,13.947147282556493
resnet18,INT8,8,MAXN,default,inference,128,64,36.26674119085188,16.264720072579625,2.440955239989005,34.231765835260276,2.2297796106551675,6446.037650364838,543.4858992958688,3.3566433566433567,50.3450291731404,4.4712365910121825,58.20939178692635,1.1641878357385271,3.575,50.0,13.947147282556493
resnet18,INT8,8,MAXN,default,train,128,64,34.68703153903745,29.76173582243033,21.037872247676457,33.21884897739947,1.1654908754648343,2665.5361878747963,730.5927677087413,11.748251748251748,57.38301951641792,6.984168957397152,106.38847000299586,2.127769400059917,3.575,50.0,13.947147282556493
resnet18,INT8,8,MAXN,default,train,128,64,34.1550088153427,29.30525629531043,20.715197588089215,32.70934494298618,1.1654908754648343,2624.6527291336206,719.3870825595043,11.748251748251748,57.38301951641792,6.984168957397152,104.75670501563998,2.0951341003127997,3.575,50.0,13.947147282556493
resnet18,INT8,8,MAXN,default,train,128,64,34.67711063068277,29.75322360790895,21.031855163097987,33.209347986921756,1.165490875464834,2664.773812454858,730.3838093871018,11.748251748251748,57.38301951641792,6.984168957397152,106.35804162056984,2.1271608324113966,3.575,50.0,13.947147282556493
resnet18,INT8,16,7W,default,inference,128,64,7.115919191093997,4.7197396913194645,3.05565813095762,6.791952501942027,1.5076931476076068,709.5337607039266,118.93898834614613,3.4696406443618337,40.47278073921212,0.688832941979253,19.05134473503997,0.38102689470079937,4.035,50.0,12.364817244036917
resnet18,INT8,16,7W,default,inference,128,64,7.037065319195849,4.667438682972194,3.021797364926911,6.716688612886522,1.5076931476076068,701.6711806532733,117.62098578050703,3.4696406443618337,40.47278073921212,0.688832941979253,18.840230435273263,0.3768046087054653,4.035,50.0,12.364817244036917
resnet18,INT8,16,7W,default,inference,128,64,6.993450021086114,4.6385101850355,3.0030684506820795,6.675058989901187,1.5076931476076065,697.3222658242861,116.89197814364692,3.4696406443618337,40.47278073921212,0.688832941979253,18.72345984560017,0.3744691969120034,4.035,50.0,12.364817244036917
resnet18,INT8,16,7W,default,train,128,64,7.342207708665011,6.4579671271461585,5.498822333452832,6.968015253214837,1.136922434585016,299.0562767615837,136.39188071051134,33.45724907063197,42.1320511881595,1.0610025667531735,26.057864527237314,0.5211572905447462,4.035,50.0,12.364817244036917
resnet18,INT8,16,7W,default,train,128,64,6.9072899440744235,6.075427605222363,5.173098026535758,6.555262885288114,1.1369224345850162,281.341593040169,128.31266881394296,33.45724907063197,42.1320511881595,1.0610025667531735,24.514319501016438,0.49028639002032876,4.035,50.0,12.364817244036917
resnet18,INT8,16,7W,default,train,128,64,6.638966567262297,5.8394190890300814,4.972141769841914,6.300614493876567,1.136922434585016,270.4124838101442,123.3281830224541,33.45724907063197,42.1320511881595,1.0610025667531735,23.562026337992783,0.47124052675985567,4.035,50.0,12.364817244036917
resnet18,INT8,16,15W,default,inference,128,64,15.03577559414433,7.8708432673430275,2.696515738369464,14.358020950751177,1.9103131752768314,2271.640073244931,225.86864315706373,2.973977695167286,43.02875801270133,1.4681466753110546,31.781534014868498,0.6356306802973699,4.035,50.0,12.364817244036917
resnet18,INT8,16,15W,default,inference,128,64,15.439960006690205,8.082423451041077,2.769002164015377,14.743986292343585,1.9103131752768314,2332.705197738924,231.94033425642573,2.973977695167286,43.02875801270133,1.4681466753110546,32.635869767299454,0.652717395345989,4.035,50.0,12.364817244036917
resnet18,INT8,16,15W,default,inference,128,64,15.081046824983476,7.894541596719091,2.704634680135305,14.401251529498833,1.9103131752768316,2278.4797564721384,226.54871126659788,2.973977695167286,43.02875801270133,1.4681466753110546,31.877225065443206,0.6375445013088641,4.035,50.0,12.364817244036917
resnet18,INT8,16,15W,default,train,128,64,14.761031969161145,12.845385856485086,9.612547862520007,14.189029257167272,1.1491310680798998,980.4240937753871,291.58065185577055,13.382899628252787,45.43070246340268,2.3199926625252516,51.82754139038964,1.0365508278077928,4.035,50.0,12.364817244036917
resnet18,INT8,16,15W,default,train,128,64,14.658128717209426,12.755837105424286,9.545536122645625,14.090113594925565,1.1491310680798996,973.5892852232423,289.54796218035756,13.382899628252787,45.43070246340268,2.3199926625252516,51.466237210514166,1.0293247442102833,4.035,50.0,12.364817244036917
resnet18,INT8,16,15W,default,train,128,64,14.326256436395854,12.467034296038838,9.329417209670638,13.771101651048975,1.1491310680799,951.5464103859276,282.99235440343176,13.382899628252787,45.43070246340268,2.3199926625252516,50.30099860076635,1.006019972015327,4.035,50.0,12.364817244036917
resnet18,INT8,16,25W,default,inference,128,64,25.23365927040235,11.936181296693837,2.6150669982214247,23.98391408612671,2.1140479222941875,4333.480674777507,390.3635301838863,2.973977695167286,45.97337823478601,2.44917750072369,48.207723334083965,0.9641544666816793,4.035,50.0,12.364817244036917
resnet18,INT8,16,25W,default,inference,128,64,24.962315209696865,11.807828453863754,2.5869465068289377,23.72600885843053,2.114047922294188,4286.881636933556,386.16585023995293,2.973977695167286,45.97337823478601,2.44917750072369,47.68933322400667,0.9537866644801334,4.035,50.0,12.364817244036917
resnet18,INT8,16,25W,default,inference,128,64,25.11762377362516,11.881293469623543,2.6030417665658563,23.873625469013238,2.1140479222941884,4313.5534189846085,388.56846646906075,2.973977695167286,45.97337823478601,2.44917750072369,47.986042956076744,0.9597208591215349,4.035,50.0,12.364817244036917
resnet18,INT8,16,25W,default,train,128,64,23.448730312183923,19.932557683654757,14.37439832628021,22.178386997726072,1.1764034844064455,1883.572841145361,435.6023889854774,9.169764560099132,50.191947095723464,3.877799116986743,80.42357500563742,1.6084715001127483,4.035,50.0,12.364817244036917
resnet18,INT8,16,25W,default,train,128,64,24.74254784903476,21.03236532108592,15.167526499474189,23.402111508806012,1.1764034844064453,1987.50169108158,459.63737947153686,9.169764560099132,50.191947095723464,3.877799116986743,84.86106182616973,1.6972212365233945,4.035,50.0,12.364817244036917
resnet18,INT8,16,25W,default,train,128,64,24.929214583900396,21.191041096310965,15.281955808247064,23.578665506840647,1.1764034844064453,2002.4961230809754,463.1050501969471,9.169764560099132,50.191947095723464,3.877799116986743,85.5012843863108,1.710025687726216,4.035,50.0,12.364817244036917
resnet18,INT8,16,MAXN,default,inference,128,64,39.18362562896891,17.812721858108915,2.573675909918376,37.774320998616396,2.1997550930786742,7202.343924675101,559.6091737261116,2.973977695167286,50.419096557000536,3.9384921263256234,71.9502136324707,1.439004272649414,4.035,50.0,12.364817244036917
resnet18,INT8,16,MAXN,default,inference,128,64,39.24347768860375,17.839930368648634,2.5776071388837547,37.832020378823906,2.1997550930786742,7213.3453343499505,560.4639634782196,2.973977695167286,50.419096557000536,3.9384921263256234,72.06011587882857,1.4412023175765714,4.035,50.0,12.364817244036917
resnet18,INT8,16,MAXN,default,inference,128,64,38.77174479165038,17.625482451952077,2.546622573945811,37.377254144482656,2.199755093078674,7126.636090120915,553.7268110977011,2.973977695167286,50.419096557000536,3.9384921263256234,71.19390500200339,1.4238781000400678,4.035,50.0,12.364817244036917
resnet18,INT8,16,MAXN,default,train,128,64,37.41679781478714,31.896802981763,22.084972277864544,35.627040851226305,1.1730579342443879,3189.5831252467196,716.5376775242593,8.674101610904584,57.46036082708763,6.184430454443831,128.6992031940515,2.57398406388103,4.035,50.0,12.364817244036917
resnet18,INT8,16,MAXN,default,train,128,64,35.78198667891158,30.50317092988261,21.120037790576927,34.07042760467903,1.1730579342443885,3050.2241657289883,685.2307821482975,8.674101610904584,57.46036082708763,6.184430454443831,123.07608997090985,2.461521799418197,4.035,50.0,12.364817244036917
resnet18,INT8,16,MAXN,default,train,128,64,37.28065167627204,31.780742099737758,22.00461308438872,35.497406988311994,1.1730579342443885,3177.9773906211985,713.9304571421632,8.674101610904584,57.46036082708763,6.184430454443831,128.23091353357404,2.5646182706714806,4.035,50.0,12.364817244036917
resnet18,FP8,1,7W,default,inference,128,64,4.832732899982908,3.4125932080120527,2.375751722249751,4.673189613989817,1.4161467849835325,425.4267563120137,79.32037368623804,5.210420841683367,40.54167441086321,1.1071629498938573,8.519171596938936,0.17038343193877872,2.495,50.0,20.0
resnet18,FP8,1,7W,default,inference,128,64,4.6779830740917285,3.303317935468198,2.2996773409446885,4.523548552899114,1.4161467849835325,411.80408817966844,76.78044146328997,5.210420841683367,40.54167441086321,1.1071629498938573,8.246377641914432,0.16492755283828864,2.495,50.0,20.0
resnet18,FP8,1,7W,default,inference,128,64,4.7910604454723975,3.38316655891579,2.355265714100186,4.632892894589358,1.4161467849835325,421.7583191115988,78.63639740768019,5.210420841683367,40.54167441086321,1.1071629498938573,8.44571113508682,0.1689142227017364,2.495,50.0,20.0
resnet18,FP8,1,7W,default,train,128,64,4.496113620951736,4.077821298975121,3.5349331910405644,4.387433362950809,1.1025774037920062,188.31453057519428,92.54915624996315,44.08817635270541,41.74682899967775,1.7304032720979612,10.173553097435478,0.20347106194870956,2.495,50.0,20.0
resnet18,FP8,1,7W,default,train,128,64,4.700403866840204,4.263105565808333,3.695550210911188,4.586785495948454,1.1025774037920062,196.87099177677626,96.75431908191858,44.08817635270541,41.74682899967775,1.7304032720979612,10.63580957915547,0.2127161915831094,2.495,50.0,20.0
resnet18,FP8,1,7W,default,train,128,64,4.558608121603947,4.134501673919573,3.5840675998294254,4.448417243759502,1.1025774037920064,190.932040617425,93.83555908432926,44.08817635270541,41.74682899967775,1.7304032720979612,10.31496213961809,0.2062992427923618,2.495,50.0,20.0
resnet18,FP8,1,15W,default,inference,128,64,10.498022306815056,5.478714149992986,2.120682567974599,9.72542318559888,1.9161471139771904,1562.9048376312257,178.1393121929688,4.809619238476953,42.84871897238108,2.381624748557284,13.683435168421745,0.2736687033684349,2.495,50.0,20.0
resnet18,FP8,1,15W,default,inference,128,64,11.118879140263923,5.802727284955368,2.2461005015074886,10.300588227784145,1.91614711397719,1655.3355945980607,188.6745354996572,4.809619238476953,42.84871897238108,2.381624748557284,14.492678469786629,0.2898535693957326,2.495,50.0,20.0
resnet18,FP8,1,15W,default,inference,128,64,10.51019441828385,5.485066538794454,2.1231414296394826,9.736699493805947,1.9161471139771904,1564.7169743692489,178.34585886448622,4.809619238476953,42.84871897238108,2.381624748557284,13.699300661300146,0.2739860132260029,2.495,50.0,20.0
resnet18,FP8,1,15W,default,train,128,64,9.456261342258664,8.234580411422714,6.221713996554224,9.045145961417946,1.1483598276775921,624.0254281916369,198.70887943052963,14.428857715430862,45.67831892627051,3.8071000187175796,20.543641934151804,0.4108728386830361,2.495,50.0,20.0
resnet18,FP8,1,15W,default,train,128,64,9.732150198490448,8.47482641235583,6.403234102247564,9.309040420699999,1.1483598276775921,642.2315305202577,204.50626208367157,14.428857715430862,45.67831892627051,3.8071000187175796,21.14300797014745,0.422860159402949,2.495,50.0,20.0
resnet18,FP8,1,15W,default,train,128,64,9.685479326928524,8.434185081618661,6.372527165931139,9.264398587088898,1.1483598276775921,639.1516864300401,203.52554504821163,14.428857715430862,45.67831892627051,3.8071000187175796,21.041615925297947,0.4208323185059589,2.495,50.0,20.0
resnet18,FP8,1,25W,default,inference,128,64,17.420061600245724,8.454953653928238,2.04265298212665,16.60958334107715,2.060337917068561,2921.2095319909477,288.9828841361635,4.809619238476953,46.10917500454195,4.010835452648893,21.124305071733914,0.4224861014346783,2.495,50.0,20.0
resnet18,FP8,1,25W,default,inference,128,64,16.741916865086953,8.125811172231046,1.9631346430200876,15.962989674854214,2.0603379170685607,2807.489907464055,277.7330834221883,4.809619238476953,46.10917500454195,4.010835452648893,20.301958021704998,0.40603916043409993,2.495,50.0,20.0
resnet18,FP8,1,25W,default,inference,128,64,17.330820384537468,8.411639780524778,2.03218867725918,16.52449412361167,2.0603379170685607,2906.244470675105,287.5024540153638,4.809619238476953,46.10917500454195,4.010835452648893,21.016087390944136,0.4203217478188827,2.495,50.0,20.0
resnet18,FP8,1,25W,default,train,128,64,16.30248113371421,14.049958702743698,10.108858178093156,15.638279304705105,1.160322352444398,1147.6565462352294,368.80281234760275,13.627254509018035,49.994242860114895,6.277783392897768,35.049582062266474,0.7009916412453294,2.495,50.0,20.0
resnet18,FP8,1,25W,default,train,128,64,15.815056636930597,13.629881906190759,9.806615527413188,15.170713640427545,1.160322352444398,1113.3430015704073,357.7760536753201,13.627254509018035,49.994242860114895,6.277783392897768,34.00164188929209,0.6800328377858418,2.495,50.0,20.0
resnet18,FP8,1,25W,default,train,128,64,16.081438341182366,13.859457509634574,9.971793750742092,15.42624232091395,1.160322352444398,1132.0956505797417,363.8022726833477,13.627254509018035,49.994242860114895,6.277783392897768,34.57435025966096,0.6914870051932192,2.495,50.0,20.0
resnet18,FP8,1,MAXN,default,inference,128,64,27.0293491534468,12.294263290652355,1.9667699217258265,25.74408959971862,2.1985334553553857,4671.189360373643,443.70769826493876,4.809619238476953,50.30101437898297,6.378838433213239,30.718573339844312,0.6143714667968863,2.495,50.0,20.0
resnet18,FP8,1,MAXN,default,inference,128,64,28.77556967935757,13.088529359998342,2.093832322953627,27.407276435062087,2.1985334553553857,4972.969721239649,472.3732604956915,4.809619238476953,50.30101437898297,6.378838433213239,32.70313475078348,0.6540626950156695,2.495,50.0,20.0
resnet18,FP8,1,MAXN,default,inference,128,64,27.098950596549937,12.325921413904286,1.9718344175087934,25.81038145814794,2.198533455355386,4683.217823162157,444.8502598538209,4.809619238476953,50.30101437898297,6.378838433213239,30.79767465384137,0.6159534930768273,2.495,50.0,20.0
resnet18,FP8,1,MAXN,default,train,128,64,25.47850714287649,21.70030318831672,15.184926967622667,24.11728607560308,1.1741083487070323,1848.871315800296,660.8443955378468,16.432865731462925,57.36630063456706,10.036778429414063,54.13506090291595,1.082701218058319,2.495,50.0,20.0
resnet18,FP8,1,MAXN,default,train,128,64,25.16340583172198,21.431928202735946,14.997129842365224,23.819019445564837,1.1741083487070325,1826.0056992044067,652.6715094917621,16.432865731462925,57.36630063456706,10.036778429414063,53.465554303715244,1.069311086074305,2.495,50.0,20.0
resnet18,FP8,1,MAXN,default,train,128,64,25.533505652609833,21.747145977394837,15.21770551108071,24.16934622125968,1.1741083487070323,1852.8623332679801,662.2709099217698,16.432865731462925,57.36630063456706,10.036778429414063,54.25191812917681,1.0850383625835363,2.495,50.0,20.0
resnet18,FP8,2,7W,default,inference,128,64,5.2411932350823704,3.6130375102762105,2.5250552449189265,4.962462246552374,1.4506334961027543,556.0302835311197,86.08845816011912,4.308797127468582,40.62801943774306,1.0159393878006633,10.066318170289291,0.20132636340578583,2.785,50.0,17.905223175104137
resnet18,FP8,2,7W,default,inference,128,64,5.322301339220302,3.6689497061243244,2.5641307826014623,5.0392569546695585,1.4506334961027545,564.6349199407476,87.42068754307459,4.308797127468582,40.62801943774306,1.0159393878006633,10.22209567091192,0.2044419134182384,2.785,50.0,17.905223175104137
resnet18,FP8,2,7W,default,inference,128,64,5.177808164273112,3.5693427583078137,2.4945181518720294,4.902448046201859,1.4506334961027543,549.305856990651,85.04733588669966,4.308797127468582,40.62801943774306,1.0159393878006633,9.944579806257709,0.19889159612515417,2.785,50.0,17.905223175104137
resnet18,FP8,2,7W,default,train,128,64,5.027765565746091,4.4909038699001345,3.8307384337740062,4.837536096697743,1.1195442412927656,235.5975069720638,107.2862803737414,38.06104129263914,41.592082651064494,1.571986235457867,12.506231605036863,0.25012463210073727,2.785,50.0,17.905223175104137
resnet18,FP8,2,7W,default,train,128,64,4.903549070981182,4.379951135579002,3.7360958148248438,4.718019430820474,1.1195442412927656,229.77681065901322,104.63565446246476,38.06104129263914,41.592082651064494,1.571986235457867,12.197251356777162,0.24394502713554325,2.785,50.0,17.905223175104137
resnet18,FP8,2,7W,default,train,128,64,4.963005822020298,4.433059131534981,3.781396905015806,4.775226588867711,1.1195442412927659,232.56291158879975,105.90438777524156,38.06104129263914,41.592082651064494,1.571986235457867,12.34514606054859,0.2469029212109718,2.785,50.0,17.905223175104137
resnet18,FP8,2,15W,default,inference,128,64,11.768728623828729,6.343987972237536,2.396642723974015,11.247910270230845,1.8550994540549037,1778.173832073611,180.71963694512894,4.308797127468582,42.954690203469745,2.135204705664101,17.68623643685175,0.35372472873703503,2.785,50.0,17.905223175104137
resnet18,FP8,2,15W,default,inference,128,64,11.386244805036064,6.137808288470917,2.318751807236314,10.882353054060154,1.8550994540549042,1720.3831616020677,174.84624661733736,4.308797127468582,42.954690203469745,2.135204705664101,17.111433544486623,0.34222867088973247,2.785,50.0,17.905223175104137
resnet18,FP8,2,15W,default,inference,128,64,10.979645474385952,5.9186290257303895,2.2359498871204715,10.493747544215328,1.8550994540549037,1658.9488033964778,168.60254045621136,4.308797127468582,42.954690203469745,2.135204705664101,16.5003894693957,0.330007789387914,2.785,50.0,17.905223175104137
resnet18,FP8,2,15W,default,train,128,64,10.27858428839806,8.968727847769694,6.872065558149017,9.917428674137092,1.1460470718769882,687.7664891291821,244.6160048260117,23.698384201077197,45.37081343749102,3.4096060328576443,24.976615811769953,0.49953231623539907,2.785,50.0,17.905223175104137
resnet18,FP8,2,15W,default,train,128,64,10.355007243782206,9.03541180627323,6.92316048959207,9.991166378457377,1.1460470718769884,692.8801454692634,246.43476483211154,23.698384201077197,45.37081343749102,3.4096060328576443,25.16232103558997,0.5032464207117994,2.785,50.0,17.905223175104137
resnet18,FP8,2,15W,default,train,128,64,10.556489665006087,9.211218216121557,7.057867796417192,10.185569370690047,1.1460470718769884,706.3618520524174,251.22976612213225,23.698384201077197,45.37081343749102,3.4096060328576443,25.6519165758449,0.513038331516898,2.785,50.0,17.905223175104137
resnet18,FP8,2,25W,default,inference,128,64,18.541879317102776,9.021709732252738,2.161500240457117,17.73842455293835,2.055251151654248,3006.368338243929,276.91994644843516,4.308797127468582,45.97941438634917,3.5724987904057044,25.156530793560936,0.5031306158712188,2.785,50.0,17.905223175104137
resnet18,FP8,2,25W,default,inference,128,64,18.25316458775168,8.881233115018532,2.127843622039787,17.46222037986984,2.055251151654248,2959.5563184771304,272.6080390077999,4.308797127468582,45.97941438634917,3.5724987904057044,24.764819637681704,0.4952963927536341,2.785,50.0,17.905223175104137
resnet18,FP8,2,25W,default,inference,128,64,18.052230866149852,8.783467096768113,2.104419983036934,17.269993497156424,2.055251151654247,2926.9770546183668,269.60712661515294,4.308797127468582,45.97941438634917,3.5724987904057044,24.492204587799538,0.48984409175599075,2.785,50.0,17.905223175104137
resnet18,FP8,2,25W,default,train,128,64,18.164434306493106,15.539890025449404,11.137902203326716,17.243538701687253,1.1688907885928106,1395.9775451865291,393.58693912631173,13.644524236983841,50.109893748006904,5.588579664109109,43.27289527467281,0.8654579054934562,2.785,50.0,17.905223175104137
resnet18,FP8,2,25W,default,train,128,64,17.82154681814977,15.246545692779863,10.92765357969921,16.91803483100194,1.1688907885928104,1369.6258721216761,386.1572534711126,13.644524236983841,50.109893748006904,5.588579664109109,42.45603887696089,0.8491207775392178,2.785,50.0,17.905223175104137
resnet18,FP8,2,25W,default,train,128,64,17.529681149383173,14.996851134815243,10.748690050178842,16.640966089407733,1.1688907885928104,1347.1953404060055,379.83310853669883,13.644524236983841,50.109893748006904,5.588579664109109,41.7607310955182,0.8352146219103641,2.785,50.0,17.905223175104137
resnet18,FP8,2,MAXN,default,inference,128,64,29.681355848759242,13.51684640912672,2.1504674358223452,28.338513323685223,2.1958787538429134,5288.315279940578,465.63679398622395,4.308797127468582,50.33314853027904,5.717739731637644,37.69864584352142,0.7539729168704283,2.785,50.0,17.905223175104137
resnet18,FP8,2,MAXN,default,inference,128,64,29.497189920056726,13.432977512276102,2.137124284165771,28.16267942138985,2.1958787538429134,5255.5025102084755,462.7476256800493,4.308797127468582,50.33314853027904,5.717739731637644,37.4647344899439,0.749294689798878,2.785,50.0,17.905223175104137
resnet18,FP8,2,MAXN,default,inference,128,64,28.06228480853057,12.779523805410463,2.033162836732061,26.79269222038711,2.195878753842913,4999.84604137281,440.2370429691379,4.308797127468582,50.33314853027904,5.717739731637644,35.642244308089744,0.7128448861617949,2.785,50.0,17.905223175104137
resnet18,FP8,2,MAXN,default,train,128,64,27.89470273287303,23.968799013776025,16.503975831995174,26.803959287652518,1.1637922582954865,2292.8108741109113,709.3768511529216,13.285457809694792,57.212945181432275,8.950287826838274,66.74537283194508,1.3349074566389014,2.785,50.0,17.905223175104137
resnet18,FP8,2,MAXN,default,train,128,64,27.234452640411828,23.401472596406467,16.113337090532237,26.169526407421706,1.1637922582954867,2238.5414808815012,692.5863466600528,13.285457809694792,57.212945181432275,8.950287826838274,65.16555178112903,1.3033110356225805,2.785,50.0,17.905223175104137
resnet18,FP8,2,MAXN,default,train,128,64,27.2722240185669,23.433928026390504,16.135684627918888,26.205820842677113,1.1637922582954865,2241.6461071395197,693.5468925226827,13.285457809694792,57.212945181432275,8.950287826838274,65.25592968339524,1.3051185936679048,2.785,50.0,17.905223175104137
resnet18,FP8,4,7W,default,inference,128,64,5.696240736197037,3.9058074324413483,2.660926747394458,5.443510239558251,1.4584028615656988,553.6103609523307,92.43325149242449,4.120443740095086,40.495780367170816,0.8713010685245965,12.328983083312071,0.24657966166624143,3.1550000000000002,50.0,15.817959093978228
resnet18,FP8,4,7W,default,inference,128,64,5.854638167686207,4.014417635879319,2.734920102255633,5.594879902492594,1.458402861565699,569.0048049868685,95.0035764310378,4.120443740095086,40.495780367170816,0.8713010685245965,12.671819586141101,0.253436391722822,3.1550000000000002,50.0,15.817959093978228
resnet18,FP8,4,7W,default,inference,128,64,5.6350463979452226,3.8638476009952427,2.632340586980165,5.3850309683504936,1.4584028615656988,547.6629613853587,91.44024717264595,4.120443740095086,40.495780367170816,0.8713010685245965,12.19653363181561,0.2439306726363122,3.1550000000000002,50.0,15.817959093978228
resnet18,FP8,4,7W,default,train,128,64,5.3952319858279125,4.834669822214562,4.157983829498188,5.18724742900223,1.115946317789408,227.22878555685602,94.44869240306039,35.18225039619651,41.78603607230703,1.3681433274950354,15.252745208077247,0.30505490416154496,3.1550000000000002,50.0,15.817959093978228
resnet18,FP8,4,7W,default,train,128,64,5.625650312302179,5.041147788762904,4.335562046341632,5.408783198870563,1.115946317789408,236.933220256295,98.48238543022998,35.18225039619651,41.78603607230703,1.3681433274950354,15.904155941520294,0.31808311883040585,3.1550000000000002,50.0,15.817959093978228
resnet18,FP8,4,7W,default,train,128,64,5.6383721432526235,5.052547827230386,4.34536647505063,5.421014607096054,1.115946317789408,237.4690204229092,98.7050932399031,35.18225039619651,41.78603607230703,1.3681433274950354,15.940121558305089,0.3188024311661018,3.1550000000000002,50.0,15.817959093978228
resnet18,FP8,4,15W,default,inference,128,64,12.199325968168347,6.487175000025754,2.431067352252638,11.562832075560475,1.880529809681397,1768.082541881283,195.8142247262416,3.803486529318542,42.87838853461095,1.9232259081889607,20.48646099606605,0.409729219921321,3.1550000000000002,50.0,15.817959093978228
resnet18,FP8,4,15W,default,inference,128,64,12.577768340560917,6.688417421413737,2.506482903786649,11.921529401434865,1.8805298096813974,1822.9312567595775,201.8886914588276,3.803486529318542,42.87838853461095,1.9232259081889607,21.121983394722236,0.4224396678944447,3.1550000000000002,50.0,15.817959093978228
resnet18,FP8,4,15W,default,inference,128,64,12.365322069338381,6.5754459225686706,2.4641468603507626,11.720167410974506,1.8805298096813972,1792.1408225817836,198.4786668391094,3.803486529318542,42.87838853461095,1.9232259081889607,20.765220057098787,0.41530440114197575,3.1550000000000002,50.0,15.817959093978228
resnet18,FP8,4,15W,default,train,128,64,11.81292356638838,10.264712354259679,7.817524903490568,11.273590082286551,1.1508285043648807,825.3097167076963,236.54811608593226,16.798732171156892,45.45614143951606,2.98142289101642,32.38338339495779,0.6476676678991558,3.1550000000000002,50.0,15.817959093978228
resnet18,FP8,4,15W,default,train,128,64,11.446038978281399,9.94591195375217,7.5747290038883754,10.923456059105767,1.1508285043648807,799.6773308065009,229.2014285661209,16.798732171156892,45.45614143951606,2.98142289101642,31.377623541218043,0.6275524708243608,3.1550000000000002,50.0,15.817959093978228
resnet18,FP8,4,15W,default,train,128,64,11.937766820799203,10.373193551881494,7.900143337860733,11.3927334651127,1.1508285043648805,834.0318886875297,239.04804224485045,16.798732171156892,45.45614143951606,2.98142289101642,32.72562271862219,0.6545124543724438,3.1550000000000002,50.0,15.817959093978228
resnet18,FP8,4,25W,default,inference,128,64,20.80091360461643,10.188630281462078,2.3758312154710053,20.203989777768104,2.0415809613254,3636.0493253458612,322.7040501464166,3.803486529318542,45.92983526958143,3.1778858655290088,32.18259132211203,0.6436518264422406,3.1550000000000002,50.0,15.817959093978228
resnet18,FP8,4,25W,default,inference,128,64,20.57090519392057,10.075968371377193,2.349560198133055,19.980581918535016,2.0415809613253995,3595.8433063973025,319.13571429780234,3.803486529318542,45.92983526958143,3.1778858655290088,31.826728746901374,0.6365345749380275,3.1550000000000002,50.0,15.817959093978228
resnet18,FP8,4,25W,default,inference,128,64,20.538920432358502,10.060301708056969,2.345906974222655,19.949515023689546,2.0415809613253995,3590.2522937663334,318.6395047420472,3.803486529318542,45.92983526958143,3.1778858655290088,31.777242819049686,0.6355448563809937,3.1550000000000002,50.0,15.817959093978228
resnet18,FP8,4,25W,default,train,128,64,17.75111630310519,15.457598599407925,11.103815657374488,17.07914624462803,1.1483747743187684,1384.7099589559818,340.05638306215053,10.45958795562599,50.16384241340594,4.956885362926833,48.764322337929286,0.9752864467585858,3.1550000000000002,50.0,15.817959093978228
resnet18,FP8,4,25W,default,train,128,64,19.299722994287983,16.806118895929984,12.07251210051944,18.56913029422235,1.1483747743187682,1505.512001552681,369.7228886045285,10.45958795562599,50.16384241340594,4.956885362926833,53.018519909171715,1.0603703981834343,3.1550000000000002,50.0,15.817959093978228
resnet18,FP8,4,25W,default,train,128,64,19.18987221143277,16.710461288925877,12.003797388621061,18.463437922349218,1.1483747743187684,1496.9428800156816,367.61848799915634,10.45958795562599,50.16384241340594,4.956885362926833,52.71674739567135,1.054334947913427,3.1550000000000002,50.0,15.817959093978228
resnet18,FP8,4,MAXN,default,inference,128,64,33.17416626948071,14.9198485329825,2.31317708848233,31.479145859279182,2.223492161877138,5792.873783862105,475.62590162629766,3.803486529318542,50.32400155790753,5.028877459283036,47.13317256146023,0.9426634512292046,3.1550000000000002,50.0,15.817959093978228
resnet18,FP8,4,MAXN,default,inference,128,64,32.85240425647752,14.775138325085235,2.2907411812653447,31.173824144272864,2.2234921618771377,5736.6876927143185,471.01272321811734,3.803486529318542,50.32400155790753,5.028877459283036,46.676019716701205,0.9335203943340241,3.1550000000000002,50.0,15.817959093978228
resnet18,FP8,4,MAXN,default,inference,128,64,33.308858366365556,14.980425358569843,2.3225689348359886,31.606955918754018,2.2234921618771377,5816.393721352003,477.5570142125912,3.803486529318542,50.32400155790753,5.028877459283036,47.32454032014236,0.9464908064028472,3.1550000000000002,50.0,15.817959093978228
resnet18,FP8,4,MAXN,default,train,128,64,31.120176364817656,26.717878581916473,18.528606010831787,29.737031218552467,1.1647697353442126,2523.2246393912396,644.6698939416551,10.45958795562599,57.28062188251683,7.9314211925703155,84.28684272157392,1.6857368544314784,3.1550000000000002,50.0,15.817959093978228
resnet18,FP8,4,MAXN,default,train,128,64,30.702929450935002,26.3596559210578,18.280181850700504,29.338328963188633,1.1647697353442126,2489.3942496956042,636.0264170999139,10.45958795562599,57.28062188251683,7.9314211925703155,83.15675834820101,1.6631351669640202,3.1550000000000002,50.0,15.817959093978228
resnet18,FP8,4,MAXN,default,train,128,64,30.579752818361307,26.253904003888273,18.20684385711255,29.220626951307324,1.1647697353442126,2479.4070853986,633.4747520409992,10.45958795562599,57.28062188251683,7.9314211925703155,82.82314296842284,1.656462859368457,3.1550000000000002,50.0,15.817959093978228
resnet18,FP8,8,7W,default,inference,128,64,6.671774312896301,4.4309309706320645,2.9357076648221456,6.257592999281,1.5057274322521401,735.7300110857474,107.5012048521079,3.6363636363636362,40.64158829685608,0.7706092942840211,15.847784093365131,0.3169556818673026,3.575,50.0,13.947147282556493
resnet18,FP8,8,7W,default,inference,128,64,6.367665887602973,4.22896319161746,2.801894170360123,5.972363514006072,1.5057274322521401,702.1944499862293,102.60115569104487,3.6363636363636362,40.64158829685608,0.7706092942840211,15.12542083001162,0.3025084166002324,3.575,50.0,13.947147282556493
resnet18,FP8,8,7W,default,inference,128,64,6.645780104437141,4.413667415554052,2.9242697184175386,6.233212501793027,1.50572743225214,732.8634993632427,107.08236443612827,3.6363636363636362,40.64158829685608,0.7706092942840211,15.786038808824797,0.31572077617649597,3.575,50.0,13.947147282556493
resnet18,FP8,8,7W,default,train,128,64,6.198533801390745,5.5185735420051385,4.68869749382343,5.951215673919197,1.1232130466704893,307.09681030832576,114.21163667588665,31.608391608391607,41.90138157743301,1.2218510817562238,19.72641069770939,0.3945282139541878,3.575,50.0,13.947147282556493
resnet18,FP8,8,7W,default,train,128,64,6.077332524082243,5.410667675288421,4.597018373668099,5.8348502616574205,1.1232130466704897,301.09207969632445,111.97843174514871,31.608391608391607,41.90138157743301,1.2218510817562238,19.340695906134318,0.38681391812268634,3.575,50.0,13.947147282556493
resnet18,FP8,8,7W,default,train,128,64,6.140868906483176,5.467234310255201,4.645078590241094,5.895851576956165,1.1232130466704895,304.2398919046696,113.14912701841595,31.608391608391607,41.90138157743301,1.2218510817562238,19.542896105995503,0.39085792211991005,3.575,50.0,13.947147282556493
resnet18,FP8,8,15W,default,inference,128,64,13.603347018740799,7.135565753842084,2.532791906007941,12.861678316867962,1.9064146401308395,2086.536408152888,199.7165592857759,3.3566433566433567,42.805244999394304,1.6825472857021415,25.527636140729424,0.5105527228145885,3.575,50.0,13.947147282556493
resnet18,FP8,8,15W,default,inference,128,64,14.045444131818638,7.367465522009778,2.6151054710541324,13.279671833124635,1.9064146401308395,2154.3470521881663,206.2071762032478,3.3566433566433567,42.805244999394304,1.6825472857021415,26.3572624250527,0.5271452485010539,3.575,50.0,13.947147282556493
resnet18,FP8,8,15W,default,inference,128,64,13.954765486191931,7.319900504558755,2.5982221158493672,13.193937082062765,1.9064146401308397,2140.4383946143016,204.8758841998673,3.3566433566433567,42.805244999394304,1.6825472857021415,26.1870975775263,0.5237419515505259,3.575,50.0,13.947147282556493
resnet18,FP8,8,15W,default,train,128,64,13.09040735861041,11.168180874180054,8.468711676274127,12.346699664774896,1.1721163460805322,864.6059546170476,280.6546742442504,15.104895104895105,45.61581275763221,2.6320911367061908,39.923772251829035,0.7984754450365807,3.575,50.0,13.947147282556493
resnet18,FP8,8,15W,default,train,128,64,12.946003330716993,11.044981476461308,8.375290895421376,12.210499689178944,1.1721163460805324,855.0682390237117,277.55869225547536,15.104895104895105,45.61581275763221,2.6320911367061908,39.483361700504865,0.7896672340100973,3.575,50.0,13.947147282556493
resnet18,FP8,8,15W,default,train,128,64,13.317704023261443,11.362100757143121,8.61575904196533,12.561082882681818,1.1721163460805322,879.6186310249066,285.52785119183255,15.104895104895105,45.61581275763221,2.6320911367061908,40.6169928693799,0.812339857387598,3.575,50.0,13.947147282556493
resnet18,FP8,8,25W,default,inference,128,64,22.931197380581047,11.226297618066184,2.5274863260993596,22.284684675922634,2.04263223377211,3895.2920684333008,368.38782337787126,3.3566433566433567,45.880738604288254,2.783402347048944,40.173198480140286,0.8034639696028057,3.575,50.0,13.947147282556493
resnet18,FP8,8,25W,default,inference,128,64,22.449139641078766,10.990299315712916,2.4743537170706587,21.81621787316014,2.04263223377211,3813.405559933736,360.6436049469538,3.3566433566433567,45.880738604288254,2.783402347048944,39.32868081599455,0.7865736163198911,3.575,50.0,13.947147282556493
resnet18,FP8,8,25W,default,inference,128,64,22.688628528194524,11.107544546232702,2.500750284044105,22.048954709540162,2.04263223377211,3854.0872193768632,364.49097446645703,3.3566433566433567,45.880738604288254,2.783402347048944,39.74824175021932,0.7949648350043864,3.575,50.0,13.947147282556493
resnet18,FP8,8,25W,default,train,128,64,21.3428280216692,18.365311309011513,13.07277701709085,20.47784519639775,1.1621272115979147,1659.9243504217761,442.33124784028433,12.587412587412587,50.05078384366711,4.3760193954034365,65.65042831601164,1.3130085663202329,3.575,50.0,13.947147282556493
resnet18,FP8,8,25W,default,train,128,64,21.533614857253774,18.529481662894064,13.189636589630219,20.66089981693093,1.1621272115979149,1674.7626705265543,446.2853151724084,12.587412587412587,50.05078384366711,4.3760193954034365,66.23728763289631,1.3247457526579263,3.575,50.0,13.947147282556493
resnet18,FP8,8,25W,default,train,128,64,21.379275762917608,18.39667426212427,13.09510176213557,20.512815782408452,1.1621272115979149,1662.759049420179,443.0866292195001,12.587412587412587,50.05078384366711,4.3760193954034365,65.76254137908276,1.3152508275816552,3.575,50.0,13.947147282556493
resnet18,FP8,8,MAXN,default,inference,128,64,37.11123758182888,16.67268392960597,2.494584490291559,35.33394115548805,2.2258706359766003,6782.979491519594,531.0366298485268,3.3566433566433567,50.379894537129125,4.455598515022765,59.66371128014865,1.193274225602973,3.575,50.0,13.947147282556493
resnet18,FP8,8,MAXN,default,inference,128,64,35.78022914821566,16.074711876738107,2.4051152833534277,34.066676123783054,2.2258706359766003,6539.705391906743,511.9908022517671,3.3566433566433567,50.379894537129125,4.455598515022765,57.523849931697534,1.1504769986339507,3.575,50.0,13.947147282556493
resnet18,FP8,8,MAXN,default,inference,128,64,37.36960694673497,16.788759572426393,2.5119518499502087,35.5799369381898,2.2258706359766003,6830.202764511522,534.7337201569089,3.3566433566433567,50.379894537129125,4.455598515022765,60.07909153141088,1.2015818306282176,3.575,50.0,13.947147282556493
resnet18,FP8,8,MAXN,default,train,128,64,34.415165492879254,29.267360183285014,20.533867474214716,32.69003715091736,1.1758889519709474,2600.2869000207024,771.9596094683616,11.188811188811188,57.255877487777795,7.014738217667618,104.62653116224226,2.092530623244845,3.575,50.0,13.947147282556493
resnet18,FP8,8,MAXN,default,train,128,64,34.82213139450907,29.613452304439566,20.77668437690606,33.07660308058543,1.1758889519709472,2631.0357889947245,781.0881792134078,11.188811188811188,57.255877487777795,7.014738217667618,105.86375986589772,2.117275197317954,3.575,50.0,13.947147282556493
resnet18,FP8,8,MAXN,default,train,128,64,34.338841205240264,29.202452449003594,20.488328457185517,32.61753876938402,1.1758889519709474,2594.5201096403935,770.2475948249636,11.188811188811188,57.255877487777795,7.014738217667618,104.39449550747406,2.087889910149481,3.575,50.0,13.947147282556493
resnet18,FP8,16,7W,default,inference,128,64,7.056028765409834,4.738952559744592,3.029513934889222,6.804887858212335,1.4889426885906876,664.3008853124976,120.85425415707446,3.22180916976456,40.54566099005127,0.7004496056945242,19.128196801563888,0.38256393603127775,4.035,50.0,12.364817244036917
resnet18,FP8,16,7W,default,inference,128,64,6.860709981246131,4.607773041781697,2.945653593889721,6.616520935822219,1.4889426885906878,645.9122923019116,117.50887295643538,3.22180916976456,40.54566099005127,0.7004496056945242,18.59870687646032,0.3719741375292064,4.035,50.0,12.364817244036917
resnet18,FP8,16,7W,default,inference,128,64,7.177852810957076,4.820771723424122,3.081819226698575,6.9223758951725385,1.4889426885906878,675.7702009856575,122.94083212500806,3.22180916976456,40.54566099005127,0.7004496056945242,19.45844975203567,0.3891689950407134,4.035,50.0,12.364817244036917
resnet18,FP8,16,7W,default,train,128,64,6.668487954579046,5.880575712259845,4.954535491648389,6.3712884747959615,1.13398556210688,315.43231577115404,128.1589287553067,28.500619578686493,41.786319222594614,1.0870948588531233,23.726958804899745,0.4745391760979949,4.035,50.0,12.364817244036917
resnet18,FP8,16,7W,default,train,128,64,6.760211353462841,5.961461573551923,5.022683899245396,6.458923968502771,1.1339855621068797,319.7710090877476,129.9217230533262,28.500619578686493,41.786319222594614,1.0870948588531233,24.053317242012433,0.4810663448402487,4.035,50.0,12.364817244036917
resnet18,FP8,16,7W,default,train,128,64,6.9362426541395745,6.116693973821356,5.153471168081207,6.627109950819029,1.1339855621068797,328.09762843517274,133.3047962590956,28.500619578686493,41.786319222594614,1.0870948588531233,24.67964924530589,0.4935929849061178,4.035,50.0,12.364817244036917
resnet18,FP8,16,15W,default,inference,128,64,15.855882835670577,8.22418471308376,2.8219539046415623,14.998781768095547,1.9279580151508073,2357.644010445081,251.480186638241,2.973977695167286,42.851706489272615,1.4650064470216564,33.20895936422294,0.6641791872844588,4.035,50.0,12.364817244036917
resnet18,FP8,16,15W,default,inference,128,64,15.490867671489244,8.034857372284392,2.7569902581205623,14.653497759230087,1.927958015150807,2303.3691507937647,245.69091066001525,2.973977695167286,42.851706489272615,1.4650064470216564,32.44446243395092,0.6488892486790183,4.035,50.0,12.364817244036917
resnet18,FP8,16,15W,default,inference,128,64,15.328794511409141,7.950792699295427,2.7281452551859586,14.500185579536229,1.9279580151508073,2279.2701574373596,243.12037018816577,2.973977695167286,42.851706489272615,1.4650064470216564,32.10501233565535,0.6421002467131071,4.035,50.0,12.364817244036917
resnet18,FP8,16,15W,default,train,128,64,14.075323841693793,12.14447335432569,9.143336712879544,13.387697688847512,1.1589900550673415,1001.3987332353433,254.52792727467045,12.391573729863692,45.493131967315485,2.3194151010099944,48.99948673443906,0.9799897346887811,4.035,50.0,12.364817244036917
resnet18,FP8,16,15W,default,train,128,64,14.43284018759651,12.452945669803793,9.375579492350363,13.727748178029794,1.1589900550673415,1026.8344830571268,260.99299305311297,12.391573729863692,45.493131967315485,2.3194151010099944,50.244084560068714,1.0048816912013743,4.035,50.0,12.364817244036917
resnet18,FP8,16,15W,default,train,128,64,14.48250586139611,12.495798215071506,9.407842336440433,13.774987519292578,1.1589900550673413,1030.3679820648638,261.8911110041521,12.391573729863692,45.493131967315485,2.3194151010099944,50.41698235992549,1.0083396471985098,4.035,50.0,12.364817244036917
resnet18,FP8,16,25W,default,inference,128,64,25.87339611342858,12.461661694581297,2.72926202447392,25.09183742256689,2.076239649859786,4551.818474652794,390.2406639398875,2.973977695167286,45.86085032377362,2.4813065067928273,50.331123098133375,1.0066224619626676,4.035,50.0,12.364817244036917
resnet18,FP8,16,25W,default,inference,128,64,25.3385933311895,12.204079299275826,2.672848211700785,24.573189448939853,2.0762396498597857,4457.732442273454,382.1743941737178,2.973977695167286,45.86085032377362,2.4813065067928273,49.29077939728735,0.9858155879457471,4.035,50.0,12.364817244036917
resnet18,FP8,16,25W,default,inference,128,64,24.26181434816269,11.685459503579539,2.559263896203778,23.528936770872487,2.076239649859786,4268.298382416293,365.93366012354784,2.973977695167286,45.86085032377362,2.4813065067928273,47.1961376538296,0.943922753076592,4.035,50.0,12.364817244036917
resnet18,FP8,16,25W,default,train,128,64,24.374273074347794,21.312175739205703,15.440637834050234,23.660704277238413,1.1436783073024817,1877.3887150018882,480.7849120413039,12.88723667905824,50.291462700867314,3.878387811971784,85.99003009921447,1.7198006019842893,4.035,50.0,12.364817244036917
resnet18,FP8,16,25W,default,train,128,64,23.23967764622709,20.320117552147146,14.721893236402384,22.55932468666824,1.1436783073024814,1789.9983486779663,458.40490663775535,12.88723667905824,50.291462700867314,3.878387811971784,81.98728939318661,1.6397457878637323,4.035,50.0,12.364817244036917
resnet18,FP8,16,25W,default,train,128,64,23.012715437976553,20.12166820952924,14.578116999510172,22.339006908363842,1.1436783073024814,1772.5169539630647,453.9280549590363,12.88723667905824,50.291462700867314,3.878387811971784,81.18658911961055,1.6237317823922108,4.035,50.0,12.364817244036917
resnet18,FP8,16,MAXN,default,inference,128,64,41.75334078820642,18.820546805593324,2.7178706360301885,39.93510403218187,2.218497752456249,7431.475438345892,604.0026923337053,2.973977695167286,50.48069376755599,3.9413707702463006,76.0144818268987,1.520289636537974,4.035,50.0,12.364817244036917
resnet18,FP8,16,MAXN,default,inference,128,64,40.516692680822885,18.26312090510983,2.6373728958563203,38.7523083591345,2.2184977524562486,7211.370415312777,586.113374443722,2.973977695167286,50.48069376755599,3.9413707702463006,73.76308916440962,1.4752617832881925,4.035,50.0,12.364817244036917
resnet18,FP8,16,MAXN,default,inference,128,64,40.25903629583457,18.146980879859388,2.6206011427528364,38.505872161579504,2.2184977524562486,7165.511399951916,582.386124185609,2.973977695167286,50.48069376755599,3.9413707702463006,73.29401013445542,1.4658802026891085,4.035,50.0,12.364817244036917
resnet18,FP8,16,MAXN,default,train,128,64,37.73004798280092,32.66678675140769,22.847113336294022,36.40401670687542,1.1549972230181176,2867.024372974375,775.7524432707008,10.408921933085502,57.33129192542993,6.20731814149917,131.79704641893846,2.635940928378769,4.035,50.0,12.364817244036917
resnet18,FP8,16,MAXN,default,train,128,64,38.20044741397036,33.07405996539885,23.131959756901693,36.85788384107581,1.1549972230181171,2902.769003747462,785.424138048538,10.408921933085502,57.33129192542993,6.20731814149917,133.44022629757376,2.668804525951475,4.035,50.0,12.364817244036917
resnet18,FP8,16,MAXN,default,train,128,64,38.31197795623529,33.1706234376239,23.199496139064443,36.96549461659855,1.1549972230181176,2911.2439673401514,787.7172729711551,10.408921933085502,57.33129192542993,6.20731814149917,133.82982018472495,2.676596403694499,4.035,50.0,12.364817244036917
resnet18,INT4,1,7W,default,inference,128,64,4.239089823895475,3.0823413305731955,2.29052568108112,4.054318469777934,1.375282413355295,334.72956423270267,72.45940207260388,5.210420841683367,40.53995691618933,1.142608955431087,7.693659390996473,0.15387318781992945,2.495,50.0,20.0
resnet18,INT4,1,7W,default,inference,128,64,4.5332061939294395,3.296200220338539,2.449446847363481,4.335615040700076,1.3752824133552943,357.953758214208,77.48677757012094,5.210420841683367,40.53995691618933,1.142608955431087,8.227460576241988,0.16454921152483976,2.495,50.0,20.0
resnet18,INT4,1,7W,default,inference,128,64,4.441526405804881,3.2295377027099694,2.399909112175221,4.247931345911755,1.3752824133552946,350.7144835579139,75.91968111649021,5.210420841683367,40.53995691618933,1.142608955431087,8.06106800326723,0.1612213600653446,2.495,50.0,20.0
resnet18,INT4,1,7W,default,train,128,64,4.188017320613112,3.7908553313228057,3.365060273738271,4.044480007667951,1.1047684373520312,158.49884858637856,83.34423624208206,53.3066132264529,41.67455359615169,1.7765934616238714,9.458033989578658,0.18916067979157314,2.495,50.0,20.0
resnet18,INT4,1,7W,default,train,128,64,4.15092680491109,3.7572822182178354,3.335258147489407,4.008660707567978,1.1047684373520308,157.09512850066858,82.60611114221793,53.3066132264529,41.67455359615169,1.7765934616238714,9.374270401382857,0.18748540802765715,2.495,50.0,20.0
resnet18,INT4,1,7W,default,train,128,64,4.138236980895369,3.745795807503444,3.325061909172565,3.9964058061185983,1.1047684373520312,156.6148720114331,82.35357548878807,53.3066132264529,41.67455359615169,1.7765934616238714,9.345612261343241,0.18691224522686484,2.495,50.0,20.0
resnet18,INT4,1,15W,default,inference,128,64,9.433150285564425,5.198584490204678,2.1855139698006782,8.965039826269571,1.8145613105526393,1315.103259274309,165.15432986703118,4.809619238476953,43.07209294560692,2.368819441063395,12.983518306350486,0.2596703661270097,2.495,50.0,20.0
resnet18,INT4,1,15W,default,inference,128,64,9.287974867205467,5.118578696234153,2.151879086936499,8.827068589939847,1.8145613105526397,1294.863926700276,162.6126181157691,4.809619238476953,43.07209294560692,2.368819441063395,12.78370301190107,0.2556740602380214,2.495,50.0,20.0
resnet18,INT4,1,15W,default,inference,128,64,9.2659824156222,5.106458713594071,2.146783778507146,8.806167491329873,1.814561310552639,1291.7978942634936,162.22757722344645,4.809619238476953,43.07209294560692,2.368819441063395,12.753433230429465,0.2550686646085893,2.495,50.0,20.0
resnet18,INT4,1,15W,default,train,128,64,8.831600036702948,7.8802120019818735,6.128629883934426,8.613392057313902,1.1207312740420943,573.7162250789166,188.6485337499902,16.432865731462925,45.86007198208634,3.7524336567104704,19.659950046038553,0.39319900092077104,2.495,50.0,20.0
resnet18,INT4,1,15W,default,train,128,64,8.75396051546812,7.8109362326399445,6.074752456510556,8.537670825288163,1.1207312740420943,568.6726256343466,186.99010472454395,16.432865731462925,45.86007198208634,3.7524336567104704,19.487117365354237,0.38974234730708474,2.495,50.0,20.0
resnet18,INT4,1,15W,default,train,128,64,8.62201320210201,7.693203002183884,5.983188499306906,8.408983618416434,1.1207312740420945,560.1010967812381,184.17162708795252,16.432865731462925,45.86007198208634,3.7524336567104704,19.193390568544366,0.3838678113708873,2.495,50.0,20.0
resnet18,INT4,1,25W,default,inference,128,64,15.93908504003058,7.80805152557982,2.029369903847415,15.137588134793416,2.041365248143256,2489.5409125430724,267.08616161000344,4.809619238476953,45.84218848825358,3.9666023273320725,19.505883312528514,0.39011766625057026,2.495,50.0,20.0
resnet18,INT4,1,25W,default,inference,128,64,16.137994648602923,7.905491025323074,2.054695145052227,15.326495573523998,2.0413652481432565,2520.608794243629,270.4192264457524,4.809619238476953,45.84218848825358,3.9666023273320725,19.749304287120754,0.39498608574241506,2.495,50.0,20.0
resnet18,INT4,1,25W,default,inference,128,64,15.364551937439892,7.5266060061592945,1.9562201474948142,14.59194542977111,2.0413652481432565,2399.8040386310754,257.4588937521908,4.809619238476953,45.84218848825358,3.9666023273320725,18.802783000925093,0.3760556600185019,2.495,50.0,20.0
resnet18,INT4,1,25W,default,train,128,64,14.52982256649687,12.510298261335098,9.302290678972966,13.851889514208406,1.1614289494122938,1141.5704045226933,375.5178343970525,17.23446893787575,50.180467365434666,6.284112421057575,31.206322488475827,0.6241264497695166,2.495,50.0,20.0
resnet18,INT4,1,25W,default,train,128,64,14.984546230782573,12.901819124075605,9.593414103531973,14.285396663270594,1.161428949412294,1177.2968612642653,387.26999756905167,17.23446893787575,50.180467365434666,6.284112421057575,32.18295198590418,0.6436590397180837,2.495,50.0,20.0
resnet18,INT4,1,25W,default,train,128,64,14.918751376175516,12.845169206196125,9.551290886958988,14.22267166766591,1.161428949412294,1172.1275305002082,385.56955413944775,17.23446893787575,50.180467365434666,6.284112421057575,32.04164155753842,0.6408328311507684,2.495,50.0,20.0
resnet18,INT4,1,MAXN,default,inference,128,64,25.087526782662277,11.564683223499086,2.0090679542575196,24.020335753325348,2.169322436059916,4363.808454013481,417.40534507282,4.809619238476953,50.41623315256557,6.362151292661487,28.901485973197566,0.5780297194639513,2.495,50.0,20.0
resnet18,INT4,1,MAXN,default,inference,128,64,25.554906872885166,11.780133025913788,2.0464968475023384,24.467834097376226,2.169322436059916,4445.106112671558,425.18159777121144,4.809619238476953,50.41623315256557,6.362151292661487,29.439920041998,0.58879840083996,2.495,50.0,20.0
resnet18,INT4,1,MAXN,default,inference,128,64,24.430747514204715,11.261925432614644,1.956471530835236,23.39149502777895,2.169322436059915,4249.56606778924,406.47787583433507,4.809619238476953,50.41623315256557,6.362151292661487,28.144859105222224,0.5628971821044445,2.495,50.0,20.0
resnet18,INT4,1,MAXN,default,train,128,64,22.311481040678906,19.460455543594225,13.780068182034137,21.670143593824797,1.1465035333164721,1799.521273415927,529.443633322597,13.627254509018035,57.39761934275239,10.00783998148383,48.54997102983104,0.9709994205966208,2.495,50.0,20.0
resnet18,INT4,1,MAXN,default,train,128,64,22.59318859184349,19.70616569012094,13.954057047020918,21.9437535381432,1.146503533316472,1822.2422541647304,536.1284548793135,13.627254509018035,57.39761934275239,10.00783998148383,49.16296903847911,0.9832593807695822,2.495,50.0,20.0
resnet18,INT4,1,MAXN,default,train,128,64,23.047986832280586,20.10284849764924,14.23495058120029,22.385478727005463,1.146503533316472,1858.923777335986,546.9206578893561,13.627254509018035,57.39761934275239,10.00783998148383,50.152613847686595,1.003052276953732,2.495,50.0,20.0
resnet18,INT4,2,7W,default,inference,128,64,4.638692841453112,3.386071716553401,2.4756243269357325,4.496584712218398,1.369933430168078,402.27062148423653,79.66506117683844,5.026929982046679,40.44861081407956,0.99286128419947,9.433226126725202,0.18866452253450405,2.785,50.0,17.905223175104137
resnet18,INT4,2,7W,default,inference,128,64,4.6678113923258255,3.4073271660748716,2.4911646085127774,4.524811205148934,1.3699334301680781,404.79580216695183,80.16514411311883,5.026929982046679,40.44861081407956,0.99286128419947,9.492441488520704,0.1898488297704141,2.785,50.0,17.905223175104137
resnet18,INT4,2,7W,default,inference,128,64,4.62182580804697,3.3737594150687436,2.4666225586249864,4.480234406831338,1.3699334301680774,400.80790079054253,79.375386198542,5.026929982046679,40.44861081407956,0.99286128419947,9.398925398988869,0.1879785079797774,2.785,50.0,17.905223175104137
resnet18,INT4,2,7W,default,train,128,64,4.648457996523747,4.106482464327977,3.612623210954816,4.409936000446681,1.1319804813252659,181.11357170653835,84.89439544241769,35.5475763016158,41.81082947776708,1.5839632721491772,11.436733490293694,0.22873466980587387,2.785,50.0,17.905223175104137
resnet18,INT4,2,7W,default,train,128,64,4.6122755766785835,4.074518644772712,3.5845034667603106,4.375610175414425,1.1319804813252656,179.7038295305212,84.23359896739404,35.5475763016158,41.81082947776708,1.5839632721491772,11.34771285310336,0.2269542570620672,2.785,50.0,17.905223175104137
resnet18,INT4,2,7W,default,train,128,64,4.741455767898999,4.18863738917825,3.684897911014179,4.4981618637879714,1.1319804813252656,184.73695790194216,86.59280587966352,35.5475763016158,41.81082947776708,1.5839632721491772,11.66553855365135,0.233310771073027,2.785,50.0,17.905223175104137
resnet18,INT4,2,15W,default,inference,128,64,10.275444663219528,5.7257161248783905,2.3253449206016494,9.951544851755294,1.794613012435675,1482.8307648324715,173.81493834817704,4.308797127468582,42.95972736697949,2.1682570556242626,15.960767523528931,0.31921535047057864,2.785,50.0,17.905223175104137
resnet18,INT4,2,15W,default,inference,128,64,10.017453070521793,5.581957224820275,2.2669611270725003,9.701685600865916,1.7946130124356747,1445.6004664601123,169.45086513783534,4.308797127468582,42.95972736697949,2.1682570556242626,15.560031208066812,0.31120062416133626,2.785,50.0,17.905223175104137
resnet18,INT4,2,15W,default,inference,128,64,10.072715467865924,5.612750714537108,2.2794670710171374,9.755206031738767,1.7946130124356747,1453.5752826949358,170.38565973818248,4.308797127468582,42.95972736697949,2.1682570556242626,15.645869855999951,0.312917397119999,2.785,50.0,17.905223175104137
resnet18,INT4,2,15W,default,train,128,64,9.657461938007607,8.37952601570661,6.411378785494365,9.235892781896897,1.1525069460856892,596.0466717515536,200.28342939197753,16.876122082585276,45.2876348424355,3.3727819462109316,23.33476888367782,0.4666953776735564,2.785,50.0,17.905223175104137
resnet18,INT4,2,15W,default,train,128,64,9.874824600715295,8.568125887877379,6.555681126356618,9.443767093019472,1.1525069460856894,609.462027929152,204.79125347539747,16.876122082585276,45.2876348424355,3.3727819462109316,23.859969762623358,0.47719939525246713,2.785,50.0,17.905223175104137
resnet18,INT4,2,15W,default,train,128,64,9.788410753717802,8.493146862986482,6.4983128541367465,9.361125397834625,1.1525069460856892,604.1286715849353,202.9991406268347,16.876122082585276,45.2876348424355,3.3727819462109316,23.651172962700173,0.47302345925400346,2.785,50.0,17.905223175104137
resnet18,INT4,2,25W,default,inference,128,64,17.454421404847803,8.674557366261308,2.228867578094611,16.87890619208238,2.012139717092052,2865.068140374517,300.2373335414336,4.308797127468582,45.912928866898426,3.6007597369647666,24.186584369222878,0.48373168738445754,2.785,50.0,17.905223175104137
resnet18,INT4,2,25W,default,inference,128,64,16.54451377753003,8.222348397078603,2.1126756080172586,15.999000457671077,2.0121397170920523,2715.7107200828386,284.5858127342749,4.308797127468582,45.912928866898426,3.6007597369647666,22.925725754327267,0.45851451508654534,2.785,50.0,17.905223175104137
resnet18,INT4,2,25W,default,inference,128,64,17.03774990105166,8.467478553464789,2.1756601079650535,16.475973372806248,2.0121397170920523,2796.6733066049655,293.0700755521367,4.308797127468582,45.912928866898426,3.6007597369647666,23.60920284238422,0.47218405684768444,2.785,50.0,17.905223175104137
resnet18,INT4,2,25W,default,train,128,64,16.19605503299062,13.973311393261119,10.117669346163485,15.565462503861793,1.1590706438275942,1226.737974705733,368.2197407812528,14.362657091561939,50.20650610411034,5.626303715249719,38.914082000965195,0.7782816400193039,2.785,50.0,17.905223175104137
resnet18,INT4,2,25W,default,train,128,64,15.93777614532091,13.750478653043665,9.956322624433158,15.31723969075249,1.1590706438275942,1207.1751540729433,362.3477315250918,14.362657091561939,50.20650610411034,5.626303715249719,38.29351817888479,0.7658703635776958,2.785,50.0,17.905223175104137
resnet18,INT4,2,25W,default,train,128,64,16.2408580240934,14.011965630033803,10.145657757463253,15.608521092922565,1.159070643827594,1230.1314881541766,369.2383435049705,14.362657091561939,50.20650610411034,5.626303715249719,39.021729651341204,0.780434593026824,2.785,50.0,17.905223175104137
resnet18,INT4,2,MAXN,default,inference,128,64,26.24796823620615,12.17827724388435,2.097855821563613,25.2654762499039,2.155310452419473,4565.88116976253,405.7954306377443,4.308797127468582,50.421475606015065,5.712118658071817,33.95948381305923,0.6791896762611845,2.785,50.0,17.905223175104137
resnet18,INT4,2,MAXN,default,inference,128,64,28.17073864066098,13.070385572081987,2.251532290927507,27.11627512129088,2.155310452419473,4900.350531523153,435.5215960030691,4.308797127468582,50.421475606015065,5.712118658071817,36.44715409057214,0.7289430818114429,2.785,50.0,17.905223175104137
resnet18,INT4,2,MAXN,default,inference,128,64,26.300115673937935,12.202472105312893,2.102023679618026,25.31567174837636,2.1553104524194735,4574.952310120833,406.6016336840371,4.308797127468582,50.421475606015065,5.712118658071817,34.02695189484021,0.6805390378968041,2.785,50.0,17.905223175104137
resnet18,INT4,2,MAXN,default,train,128,64,26.193297793645733,22.329333969490207,15.448987119055225,24.898082093604383,1.1730442936379146,2103.159603961176,550.6752360884865,10.771992818671453,57.205471334296476,9.003072494956792,62.179623674669784,1.2435924734933956,2.785,50.0,17.905223175104137
resnet18,INT4,2,MAXN,default,train,128,64,25.14343746310983,21.43434617045321,14.829772278257634,23.900135637895293,1.1730442936379148,2018.8623209546788,528.6034797967667,10.771992818671453,57.205471334296476,9.003072494956792,59.68738612680656,1.1937477225361313,2.785,50.0,17.905223175104137
resnet18,INT4,2,MAXN,default,train,128,64,26.31216384596597,22.43066522608888,15.519095133924349,25.011070414209435,1.1730442936379148,2112.703811853278,553.1742185358298,10.771992818671453,57.205471334296476,9.003072494956792,62.46179686489553,1.2492359372979107,2.785,50.0,17.905223175104137
resnet18,INT4,4,7W,default,inference,128,64,5.158181920401736,3.7295491384744293,2.6667122686499747,5.020138375828931,1.383057771565302,480.3105628845505,81.60800002606607,4.437400950871632,40.47193209105736,0.8765566242166741,11.770668263267995,0.2354133652653599,3.1550000000000002,50.0,15.817959093978228
resnet18,INT4,4,7W,default,inference,128,64,5.214654677464235,3.770380952028093,2.695907941936994,5.075099805901222,1.3830577715653019,485.5690943111079,82.5014599371253,4.437400950871632,40.47193209105736,0.8765566242166741,11.899535778906728,0.23799071557813456,3.1550000000000002,50.0,15.817959093978228
resnet18,INT4,4,7W,default,inference,128,64,5.203730261246934,3.762482210238777,2.6902601623115223,5.064467749503775,1.3830577715653016,484.55185362757095,82.32862389281664,4.437400950871632,40.47193209105736,0.8765566242166741,11.874606902560757,0.23749213805121513,3.1550000000000002,50.0,15.817959093978228
resnet18,INT4,4,7W,default,train,128,64,5.189441524324544,4.686336128716256,4.11122803330956,5.022252044135227,1.10735580670909,194.58706532967648,99.36281897792377,38.985736925515056,41.72360616092081,1.4015473640189116,14.784878033854568,0.29569756067709135,3.1550000000000002,50.0,15.817959093978228
resnet18,INT4,4,7W,default,train,128,64,5.045004325124065,4.5559018109248255,3.9968006407621472,4.882468212766553,1.1073558067090903,189.17114329160736,96.59726372297685,38.985736925515056,41.72360616092081,1.4015473640189116,14.373372024253928,0.28746744048507855,3.1550000000000002,50.0,15.817959093978228
resnet18,INT4,4,7W,default,train,128,64,4.776331576909781,4.313276318209216,3.783950196438342,4.622451358814577,1.10735580670909,179.09679495103492,91.45295647527334,38.985736925515056,41.72360616092081,1.4015473640189116,13.607915125905752,0.272158302518115,3.1550000000000002,50.0,15.817959093978228
resnet18,INT4,4,15W,default,inference,128,64,11.112599470516676,6.090253253263481,2.443836539986055,10.629782013935987,1.8246530987134164,1585.2807425555347,178.07881272151337,3.803486529318542,42.89830698505565,1.8841410655764557,19.230330746144976,0.3846066149228995,3.1550000000000002,50.0,15.817959093978228
resnet18,INT4,4,15W,default,inference,128,64,11.325592218164413,6.206983796618774,2.4906770169450763,10.833520705684178,1.8246530987134166,1615.6654695535508,181.4920101214587,3.803486529318542,42.89830698505565,1.8841410655764557,19.59891426205979,0.39197828524119577,3.1550000000000002,50.0,15.817959093978228
resnet18,INT4,4,15W,default,inference,128,64,11.184725514548065,6.129781886997885,2.4596981988496007,10.698774343553854,1.8246530987134164,1595.569966867365,179.2346287231149,3.803486529318542,42.89830698505565,1.8841410655764557,19.355144718412628,0.38710289436825257,3.1550000000000002,50.0,15.817959093978228
resnet18,INT4,4,15W,default,train,128,64,10.763283865181368,9.49053343874729,7.149875572235502,10.403598463191512,1.1341073644225077,818.231117402486,212.6462570640013,16.164817749603802,45.60266416190589,2.9845055780168575,29.940858326810922,0.5988171665362184,3.1550000000000002,50.0,15.817959093978228
resnet18,INT4,4,15W,default,train,128,64,10.815331563621983,9.536426535003761,7.184450017389316,10.453906841405072,1.1341073644225077,822.1878137961452,213.67454437861863,16.164817749603802,45.60266416190589,2.9845055780168575,30.085642463768256,0.6017128492753652,3.1550000000000002,50.0,15.817959093978228
resnet18,INT4,4,15W,default,train,128,64,10.568752741775448,9.319005478072267,7.0206516899425795,10.215568144391161,1.1341073644225075,803.4427479357197,208.80297690964773,16.164817749603802,45.60266416190589,2.9845055780168575,29.39971968557396,0.5879943937114792,3.1550000000000002,50.0,15.817959093978228
resnet18,INT4,4,25W,default,inference,128,64,17.98075505600181,8.930141454484392,2.2508804537006513,17.464195790441032,2.0134905082575743,3001.1411277530947,260.9963593138648,3.803486529318542,45.89820615384088,3.178646241201798,28.207039885228323,0.5641407977045665,3.1550000000000002,50.0,15.817959093978228
resnet18,INT4,4,25W,default,inference,128,64,19.045956149188402,9.459173545183637,2.3842252611042736,18.498795304736348,2.0134905082575743,3178.932260557763,276.4580908369828,3.803486529318542,45.89820615384088,3.178646241201798,29.87805812821773,0.5975611625643547,3.1550000000000002,50.0,15.817959093978228
resnet18,INT4,4,25W,default,inference,128,64,18.93434669701823,9.40374271414051,2.3702536824049565,18.39039221939911,2.013490508257574,3160.303692618839,274.8380442599229,3.803486529318542,45.89820615384088,3.178646241201798,29.702972473631625,0.5940594494726326,3.1550000000000002,50.0,15.817959093978228
resnet18,INT4,4,25W,default,train,128,64,17.66508538888054,15.18342782296679,11.056227343532827,16.807584307534654,1.16344514524974,1255.3302527070582,377.5992073485062,12.99524564183835,50.31079658545488,4.950878320226681,47.89768045122417,0.9579536090244833,3.1550000000000002,50.0,15.817959093978228
resnet18,INT4,4,25W,default,train,128,64,18.52077230256748,15.918904624069654,11.591784848313631,17.621734345648832,1.1634451452497403,1316.13775213035,395.889902991,12.99524564183835,50.31079658545488,4.950878320226681,50.21781745910242,1.0043563491820484,3.1550000000000002,50.0,15.817959093978228
resnet18,INT4,4,25W,default,train,128,64,17.647426162034357,15.16824943065643,11.045174782935224,16.7907822973836,1.16344514524974,1254.0753387787406,377.2217333701634,12.99524564183835,50.31079658545488,4.950878320226681,47.849798655813956,0.9569959731162792,3.1550000000000002,50.0,15.817959093978228
resnet18,INT4,4,MAXN,default,inference,128,64,29.272919934273638,13.488529431144581,2.267237644972587,28.162746086189486,2.1702084043856855,5048.3971123489155,427.7735250434208,3.803486529318542,50.44831958996858,5.032374288499244,42.61166166363495,0.852233233272699,3.1550000000000002,50.0,15.817959093978228
resnet18,INT4,4,MAXN,default,inference,128,64,29.860767883904643,13.759401089572888,2.3127674726739533,28.728299935273103,2.1702084043856855,5149.7771556818225,436.36391473354456,3.803486529318542,50.44831958996858,5.032374288499244,43.46737329047575,0.8693474658095149,3.1550000000000002,50.0,15.817959093978228
resnet18,INT4,4,MAXN,default,inference,128,64,30.599860839454905,14.09996421432011,2.370011484399468,29.439362831902105,2.170208404385685,5277.240857660822,447.1644908168454,3.803486529318542,50.44831958996858,5.032374288499244,44.543247478312054,0.8908649495662411,3.1550000000000002,50.0,15.817959093978228
resnet18,INT4,4,MAXN,default,train,128,64,27.64378514914606,23.80396684899384,16.7638901306552,26.521150603261717,1.1613100171291206,2135.8993849942335,633.0721329198328,13.312202852614895,57.205132562703945,7.94876358905414,75.09016612379511,1.5018033224759022,3.1550000000000002,50.0,15.817959093978228
resnet18,INT4,4,MAXN,default,train,128,64,29.271381227678607,25.20548414801459,17.75090553720663,28.08264880212083,1.1613100171291209,2261.655732918393,670.3458172365546,13.312202852614895,57.205132562703945,7.94876358905414,79.51128498505287,1.5902256997010573,3.1550000000000002,50.0,15.817959093978228
resnet18,INT4,4,MAXN,default,train,128,64,27.666845173057382,23.82382375504924,16.777874312096852,26.54327414255879,1.1613100171291206,2137.681119681594,633.6002320366488,13.312202852614895,57.205132562703945,7.94876358905414,75.15280519499964,1.5030561038999928,3.1550000000000002,50.0,15.817959093978228
resnet18,INT4,8,7W,default,inference,128,64,5.996280580214124,4.185554646355512,2.9355439996590937,5.691246352574139,1.432613138962423,540.1266149969152,99.6529535136905,3.3566433566433567,40.52436063503792,0.7914954115993296,14.969885096504902,0.299397701930098,3.575,50.0,13.947147282556493
resnet18,INT4,8,7W,default,inference,128,64,5.948036787226676,4.151879265559836,2.911925729111113,5.64545674896884,1.4326131389624228,535.7809616786058,98.85118375065349,3.3566433566433567,40.52436063503792,0.7914954115993296,14.84944309450374,0.29698886189007484,3.575,50.0,13.947147282556493
resnet18,INT4,8,7W,default,inference,128,64,5.865835511486678,4.094500707801016,2.8716832056776513,5.567437099208637,1.4326131389624233,528.3765221731601,97.48507024070297,3.3566433566433567,40.52436063503792,0.7914954115993296,14.644225270528938,0.29288450541057875,3.575,50.0,13.947147282556493
resnet18,INT4,8,7W,default,train,128,64,5.7638614538465776,5.1911901303585575,4.494289386298179,5.579209274745289,1.1103159986645423,229.579144837477,113.59606730446001,44.19580419580419,41.74558207107973,1.2341511465757522,18.558687073985745,0.3711737414797149,3.575,50.0,13.947147282556493
resnet18,INT4,8,7W,default,train,128,64,5.472700145496074,4.928957298713599,4.267260477241548,5.297375666320853,1.1103159986645423,217.98196042974615,107.85776497976316,44.19580419580419,41.74558207107973,1.2341511465757522,17.62119548904782,0.35242390978095645,3.575,50.0,13.947147282556493
resnet18,INT4,8,7W,default,train,128,64,5.79512215562034,5.219344909548772,4.518664476038807,5.609468502637526,1.1103159986645423,230.82428322911034,114.21216344263253,44.19580419580419,41.74558207107973,1.2341511465757522,18.659341398621756,0.37318682797243513,3.575,50.0,13.947147282556493
resnet18,INT4,8,15W,default,inference,128,64,12.68175170560876,6.808418600951196,2.631553657571202,12.042408973872309,1.8626574611374522,1909.364716609111,215.4356287021063,3.3566433566433567,43.051286031148145,1.6623618421019495,24.35742952739414,0.4871485905478828,3.575,50.0,13.947147282556493
resnet18,INT4,8,15W,default,inference,128,64,12.560168765536693,6.74314468848539,2.606324332942223,11.92695556313047,1.8626574611374522,1891.0591874279544,213.37019659604388,3.3566433566433567,43.051286031148145,1.6623618421019495,24.1239091144981,0.48247818228996203,3.575,50.0,13.947147282556493
resnet18,INT4,8,15W,default,inference,128,64,12.888183920402577,6.919245319819707,2.6743898100595787,12.238434035207481,1.8626574611374527,1940.4451537954399,218.94246711140948,3.3566433566433567,43.051286031148145,1.6623618421019495,24.75391719256428,0.49507834385128563,3.575,50.0,13.947147282556493
resnet18,INT4,8,15W,default,train,128,64,12.405411992834598,10.581589392125997,8.01706062739012,11.641580671900169,1.1723580960404445,734.7619328385362,252.79489988828092,14.265734265734265,45.62673136328731,2.61450428561896,37.82506180634604,0.7565012361269209,3.575,50.0,13.947147282556493
resnet18,INT4,8,15W,default,train,128,64,12.334929000566015,10.52146868966603,7.971510634972014,11.575437488508472,1.1723580960404443,730.5872855425476,251.35861216283837,14.265734265734265,45.62673136328731,2.61450428561896,37.610153704914566,0.7522030740982913,3.575,50.0,13.947147282556493
resnet18,INT4,8,15W,default,train,128,64,12.633696516932618,10.776311913230288,8.164590662752577,11.855809163865487,1.1723580960404443,748.2830297807634,257.4468343382399,14.265734265734265,45.62673136328731,2.61450428561896,38.521118998032016,0.7704223799606403,3.575,50.0,13.947147282556493
resnet18,INT4,8,25W,default,inference,128,64,21.713657533678035,10.421592926999944,2.5336040133720847,20.495292202220988,2.0835257801542943,3540.405396030781,338.4200239222252,3.3566433566433567,46.00296339535891,2.782188590375025,37.29222965303765,0.745844593060753,3.575,50.0,13.947147282556493
resnet18,INT4,8,25W,default,inference,128,64,21.799856534627196,10.462964625766627,2.543661928968052,20.576654529560475,2.0835257801542943,3554.460117471402,339.76348565445716,3.3566433566433567,46.00296339535891,2.782188590375025,37.440272558028354,0.7488054511605671,3.575,50.0,13.947147282556493
resnet18,INT4,8,25W,default,inference,128,64,21.024768802979267,10.090956878595613,2.453222748716045,19.84505739914418,2.0835257801542943,3428.0822935940823,327.68329104517596,3.3566433566433567,46.00296339535891,2.782188590375025,36.10909425952957,0.7221818851905915,3.575,50.0,13.947147282556493
resnet18,INT4,8,25W,default,train,128,64,20.02903049637104,17.01350607690194,12.294355925002257,18.904392897975754,1.1772429742487391,1377.951129756094,390.78494904822196,10.34965034965035,50.17600921921019,4.396382546336045,60.817015601155546,1.2163403120231109,3.575,50.0,13.947147282556493
resnet18,INT4,8,25W,default,train,128,64,20.211490316805534,17.168495169574953,12.406354654788014,19.076607530841425,1.1772429742487394,1390.503944818628,394.344909259214,10.34965034965035,50.17600921921019,4.396382546336045,61.371044501753566,1.2274208900350714,3.575,50.0,13.947147282556493
resnet18,INT4,8,25W,default,train,128,64,19.979357767317993,16.971311958831496,12.263865472114137,18.85750931134865,1.1772429742487396,1374.5337604965523,389.8157880648379,10.34965034965035,50.17600921921019,4.396382546336045,60.6661871754702,1.213323743509404,3.575,50.0,13.947147282556493
resnet18,INT4,8,MAXN,default,inference,128,64,34.0473322486586,15.420762479446267,2.4949611075653926,32.15962519813009,2.207889025853226,6051.75901677849,506.13163828547323,3.3566433566433567,50.409277135195204,4.466611274950392,55.19089383680404,1.1038178767360807,3.575,50.0,13.947147282556493
resnet18,INT4,8,MAXN,default,inference,128,64,34.1315811110251,15.458920584939793,2.501134796400275,32.23920299933013,2.2078890258532256,6066.733870278207,507.3840422747739,3.3566433566433567,50.409277135195204,4.466611274950392,55.32746165905756,1.1065492331811513,3.575,50.0,13.947147282556493
resnet18,INT4,8,MAXN,default,inference,128,64,34.41460416888193,15.587107760356119,2.521874498317004,32.506534236815355,2.207889025853226,6117.039936252254,511.5913300264093,3.3566433566433567,50.409277135195204,4.466611274950392,55.78624343454187,1.1157248686908374,3.575,50.0,13.947147282556493
resnet18,INT4,8,MAXN,default,train,128,64,31.879226014164423,26.839511468179662,18.964537790591034,30.05993826530011,1.1877722160464708,2549.2375610866848,645.5101762225017,10.06993006993007,57.361938124346985,6.995102793107078,95.93873051609336,1.9187746103218672,3.575,50.0,13.947147282556493
resnet18,INT4,8,MAXN,default,train,128,64,31.72066147376012,26.70601403638075,18.870209803537367,29.910422706374646,1.187772216046471,2536.5578717468156,642.2994638804412,10.06993006993007,57.361938124346985,6.995102793107078,95.46153948565562,1.9092307897131124,3.575,50.0,13.947147282556493
resnet18,INT4,8,MAXN,default,train,128,64,31.414945533062266,26.448628035455897,18.688343358349062,29.622153402094412,1.1877722160464708,2512.1111502767385,636.1091394771387,10.06993006993007,57.361938124346985,6.995102793107078,94.54150462546002,1.8908300925092005,3.575,50.0,13.947147282556493
resnet18,INT4,16,7W,default,inference,128,64,6.365606158903855,4.395042723827996,3.015942356262232,6.104917576685716,1.4483604731285837,619.2415894800412,104.37627020068633,2.973977695167286,40.561633250629754,0.6935022113771885,17.73931046908516,0.35478620938170324,4.035,50.0,12.364817244036917
resnet18,INT4,16,7W,default,inference,128,64,6.633173722648114,4.5797809631740956,3.1427124278805434,6.361527533707402,1.4483604731285837,645.2703696669115,108.7635514168274,2.973977695167286,40.561633250629754,0.6935022113771885,18.484952591175457,0.36969905182350915,4.035,50.0,12.364817244036917
resnet18,INT4,16,7W,default,inference,128,64,6.470239991987161,4.467285673718286,3.0655165211125994,6.205266374704391,1.4483604731285837,629.4202935177183,106.09194172691807,2.973977695167286,40.561633250629754,0.6935022113771885,18.03089810493645,0.36061796209872904,4.035,50.0,12.364817244036917
resnet18,INT4,16,7W,default,train,128,64,6.58537284612852,5.693866274514042,4.9398447400010355,6.135645186285675,1.1565731488294508,290.6283006907903,119.07881816050659,28.99628252788104,41.74858785702008,1.1010878605999548,22.973105516017576,0.4594621103203515,4.035,50.0,12.364817244036917
resnet18,INT4,16,7W,default,train,128,64,6.315107584629305,5.460188653887326,4.737112341757741,5.883836854474551,1.1565731488294508,278.70084638857185,114.19179525669531,28.99628252788104,41.74858785702008,1.1010878605999548,22.03028382394198,0.4406056764788396,4.035,50.0,12.364817244036917
resnet18,INT4,16,7W,default,train,128,64,6.232016643940359,5.388346297203667,4.674783851648736,5.80642035245192,1.156573148829451,275.0338438574356,112.6893182902011,28.99628252788104,41.74858785702008,1.1010878605999548,21.74042066926965,0.434808413385393,4.035,50.0,12.364817244036917
resnet18,INT4,16,15W,default,inference,128,64,13.658958387857073,7.278077761133193,2.6899120499273774,13.056277673828236,1.8767260856705081,1984.8933330317245,209.5079426499624,2.973977695167286,42.94342656190164,1.4746076563743713,29.387080702027646,0.5877416140405529,4.035,50.0,12.364817244036917
resnet18,INT4,16,15W,default,inference,128,64,14.271637993999427,7.60453968374427,2.8105694389104356,13.641923726458264,1.876726085670508,2073.9267447300563,218.90552921121747,2.973977695167286,42.94342656190164,1.4746076563743713,30.70525332683031,0.6141050665366062,4.035,50.0,12.364817244036917
resnet18,INT4,16,15W,default,inference,128,64,14.249720020321153,7.59286084907275,2.8062530467059177,13.620972849951778,1.8767260856705081,2070.741667318425,218.56934035684074,2.973977695167286,42.94342656190164,1.4746076563743713,30.658097076476626,0.6131619415295325,4.035,50.0,12.364817244036917
resnet18,INT4,16,15W,default,train,128,64,13.406956833921011,11.560768622097994,8.749556983298827,12.735902819994921,1.1596942445759268,957.7650682440619,244.4278873865954,11.895910780669144,45.56412287819794,2.338406508336373,46.645583607539066,0.9329116721507813,4.035,50.0,12.364817244036917
resnet18,INT4,16,15W,default,train,128,64,13.1048373831712,11.30025215220701,8.552389842176218,12.448905255040836,1.1596942445759268,936.1822840261596,238.91982019431975,11.895910780669144,45.56412287819794,2.338406508336373,45.59444737476187,0.9118889474952374,4.035,50.0,12.364817244036917
resnet18,INT4,16,15W,default,train,128,64,13.283669702631713,11.454458590927336,8.669098174198025,12.618786539059059,1.1596942445759268,948.9576924036212,242.18018767246235,11.895910780669144,45.56412287819794,2.338406508336373,46.2166421063821,0.9243328421276421,4.035,50.0,12.364817244036917
resnet18,INT4,16,25W,default,inference,128,64,23.127865490311017,11.109314198868391,2.6242782466666164,22.022289641819132,2.081844574408279,3982.533741728917,350.2482710297021,2.973977695167286,46.071967160133795,2.473689962837644,44.866893338276405,0.8973378667655281,4.035,50.0,12.364817244036917
resnet18,INT4,16,25W,default,inference,128,64,23.105896000975008,11.0987613028424,2.6217854073261675,22.00137035475206,2.0818445744082785,3978.750676118913,349.91556520094474,2.973977695167286,46.071967160133795,2.473689962837644,44.824273636291885,0.8964854727258377,4.035,50.0,12.364817244036917
resnet18,INT4,16,25W,default,inference,128,64,22.100276345944934,10.615718684103244,2.5076795125897346,21.043822096705668,2.081844574408279,3805.586654165358,334.68646653486513,2.973977695167286,46.071967160133795,2.473689962837644,42.87342219174287,0.8574684438348573,4.035,50.0,12.364817244036917
resnet18,INT4,16,25W,default,train,128,64,21.342469046978156,18.47045527035548,13.26095469683346,20.513775425866292,1.1554923110764992,1540.7871721285867,431.698968690928,12.639405204460965,50.16001042110055,3.8860289430582955,74.52256479333579,1.4904512958667158,4.035,50.0,12.364817244036917
resnet18,INT4,16,25W,default,train,128,64,21.63250309507556,18.721460011206762,13.441164791733586,20.792547920062198,1.155492311076499,1561.7257401923541,437.5655532540033,12.639405204460965,50.16001042110055,3.8860289430582955,75.53529116037592,1.5107058232075183,4.035,50.0,12.364817244036917
resnet18,INT4,16,25W,default,train,128,64,22.37365427739852,19.36287594726996,13.901672534800028,21.504921398375437,1.155492311076499,1615.2320253282267,452.5569865482771,12.639405204460965,50.16001042110055,3.8860289430582955,78.12320574911186,1.5624641149822371,4.035,50.0,12.364817244036917
resnet18,INT4,16,MAXN,default,inference,128,64,37.45688988930231,16.879354671962954,2.6484872335221556,35.607906453354545,2.2190949012712657,6961.680531156025,575.2512620623756,2.973977695167286,50.40306882238601,3.935892376227888,68.16967317084733,1.3633934634169467,4.035,50.0,12.364817244036917
resnet18,INT4,16,MAXN,default,inference,128,64,38.38295239129978,17.296670083515185,2.713966901514676,36.48825575727535,2.2190949012712657,7133.7970979570155,589.4734418695367,2.973977695167286,50.40306882238601,3.935892376227888,69.85506078000319,1.3971012156000637,4.035,50.0,12.364817244036917
resnet18,INT4,16,MAXN,default,inference,128,64,37.04286150515446,16.692779332661036,2.6192122752175013,35.21431574106264,2.2190949012712653,6884.729845987386,568.8927429430744,2.973977695167286,50.40306882238601,3.935892376227888,67.41616214218946,1.3483232428437892,4.035,50.0,12.364817244036917
resnet18,INT4,16,MAXN,default,train,128,64,34.358618868893885,29.669058662145353,20.546583549134077,33.13022391389935,1.1580623187324754,2825.4748837852194,665.595239068757,9.417596034696405,57.32873854100003,6.227441460699038,119.70370508318427,2.3940741016636853,4.035,50.0,12.364817244036917
resnet18,INT4,16,MAXN,default,train,128,64,31.839955833585115,27.494164449141767,19.040413563531473,30.701608530904846,1.1580623187324757,2618.353079089342,616.8036932992121,9.417596034696405,57.32873854100003,6.227441460699038,110.92880937701631,2.218576187540326,4.035,50.0,12.364817244036917
resnet18,INT4,16,MAXN,default,train,128,64,34.8531465225341,30.09608892264246,20.842312949423643,33.607071134075255,1.1580623187324754,2866.142277024435,675.1752298450672,9.417596034696405,57.32873854100003,6.227441460699038,121.42661462831794,2.428532292566359,4.035,50.0,12.364817244036917
resnet50,FP16,1,7W,default,inference,128,64,5.55404598834322,3.709107159474748,2.3421139582070896,5.398787417330278,1.497407799112964,622.110025002902,98.51807182580428,4.809619238476953,40.553586580445355,1.0915502480359103,9.260039284699968,0.18520078569399934,2.495,50.0,20.0
resnet50,FP16,1,7W,default,inference,128,64,5.6877313056335055,3.7983849883797918,2.3984884009628864,5.528735676740332,1.497407799112964,637.0841494981852,100.88939171017356,4.809619238476953,40.553586580445355,1.0915502480359103,9.482927480529419,0.18965854961058837,2.495,50.0,20.0
resnet50,FP16,1,7W,default,inference,128,64,5.440447204119135,3.6332435341541243,2.294209907948054,5.288364189258313,1.4974077991129642,609.3857979003052,96.50304832635881,4.809619238476953,40.553586580445355,1.0915502480359103,9.070640564052539,0.18141281128105077,2.495,50.0,20.0
resnet50,FP16,1,7W,default,train,128,64,5.372147551444057,4.785635520393731,3.9813940984610316,5.179972605827088,1.1225567698482126,294.69095348535643,116.02732731877056,30.06012024048096,41.893356533259194,1.7663514423682654,11.939448854957273,0.23878897709914548,2.495,50.0,20.0
resnet50,FP16,1,7W,default,train,128,64,5.286388836351129,4.709239637890147,3.9178367894160115,5.097281691134531,1.1225567698482124,289.9866304416565,114.17511562666078,30.06012024048096,41.893356533259194,1.7663514423682654,11.748852490484072,0.23497704980968145,2.495,50.0,20.0
resnet50,FP16,1,7W,default,train,128,64,5.23590737240895,4.664269561277446,3.880424078633888,5.048606073456782,1.1225567698482128,287.2174528269316,113.08481993313022,30.06012024048096,41.893356533259194,1.7663514423682654,11.636658837742903,0.23273317675485805,2.495,50.0,20.0
resnet50,FP16,1,15W,default,inference,128,64,12.233890325258473,6.135253805322724,2.0236707247428045,11.213798148630131,1.9940316592354816,1800.2804595034206,210.24979608246096,4.809619238476953,42.92076161267068,2.403531682868072,15.32569930131929,0.3065139860263858,2.495,50.0,20.0
resnet50,FP16,1,15W,default,inference,128,64,12.325261689191244,6.181076229209315,2.038784932027204,11.297550741179666,1.9940316592354816,1813.7262299552553,211.8200905778246,4.809619238476953,42.92076161267068,2.403531682868072,15.44016248605897,0.3088032497211794,2.495,50.0,20.0
resnet50,FP16,1,15W,default,inference,128,64,12.747340530710263,6.392747312546499,2.108603164200815,11.684435600023775,1.9940316592354819,1875.8373222206237,219.073873961584,4.809619238476953,42.92076161267068,2.403531682868072,15.96891116980467,0.3193782233960934,2.495,50.0,20.0
resnet50,FP16,1,15W,default,train,128,64,11.445271589879674,9.80553589051065,7.346367858014923,10.807272955575195,1.1672255058447019,791.8176840815735,266.9943648020012,15.230460921843687,45.64254610208195,3.7643315252589424,24.462879551135643,0.4892575910227129,2.495,50.0,20.0
resnet50,FP16,1,15W,default,train,128,64,11.263813367294718,9.650074737823077,7.22989540530796,10.635929835745417,1.1672255058447016,779.2638684349596,262.76132214358086,15.230460921843687,45.64254610208195,3.7643315252589424,24.075034613791907,0.48150069227583814,2.495,50.0,20.0
resnet50,FP16,1,15W,default,train,128,64,11.477240533521869,9.832924722816076,7.36688773980046,10.837459840816793,1.1672255058447019,794.0293900003459,267.74013371924445,15.230460921843687,45.64254610208195,3.7643315252589424,24.531209289888857,0.4906241857977771,2.495,50.0,20.0
resnet50,FP16,1,25W,default,inference,128,64,20.090003240051793,9.514849984485725,2.0087028542224012,19.04090719197327,2.111436677699512,3425.5053800446103,314.7105254415971,4.809619238476953,46.183285543053934,3.9424558482174055,23.774738793762857,0.4754947758752571,2.495,50.0,20.0
resnet50,FP16,1,25W,default,inference,128,64,19.732428929925,9.345498796309728,1.9729507177610015,18.702005342530832,2.111436677699512,3364.536115457179,309.1091127549086,4.809619238476953,46.183285543053934,3.9424558482174055,23.3515812799962,0.467031625599924,2.495,50.0,20.0
resnet50,FP16,1,25W,default,inference,128,64,20.460322981190018,9.690237551183534,2.0457293450651837,19.39188890850734,2.1114366776995124,3488.647842016778,320.5115957013884,4.809619238476953,46.183285543053934,3.9424558482174055,24.212979395844137,0.4842595879168827,2.495,50.0,20.0
resnet50,FP16,1,25W,default,train,128,64,18.07919098793101,15.49751403416694,11.047070483136851,17.224969167293583,1.1665865214299738,1361.1323511743437,442.10515653614794,14.829659318637274,50.264190076526184,6.252824760216856,38.6615404261197,0.773230808522394,2.495,50.0,20.0
resnet50,FP16,1,25W,default,train,128,64,18.708541788377286,16.03699463752144,11.431627660268825,17.824583837017208,1.1665865214299742,1408.5144345483586,457.49518335389564,14.829659318637274,50.264190076526184,6.252824760216856,40.00737893349026,0.8001475786698051,2.495,50.0,20.0
resnet50,FP16,1,25W,default,train,128,64,19.03870236631436,16.32000886053198,11.633368278953526,18.139144692036574,1.1665865214299742,1433.3713124923206,465.5688684036515,14.829659318637274,50.264190076526184,6.252824760216856,40.713412546362996,0.81426825092726,2.495,50.0,20.0
resnet50,FP16,1,MAXN,default,inference,128,64,30.999283812964705,13.887175772317553,1.9464626992209257,29.612599309060705,2.232223766819321,5486.621222037643,470.53228039198524,4.809619238476953,50.46425949201223,6.356561572141504,34.70757043709733,0.6941514087419466,2.495,50.0,20.0
resnet50,FP16,1,MAXN,default,inference,128,64,32.082049119272334,14.3722370472678,2.014450149945735,30.64692950052243,2.2322237668193217,5678.261878767556,486.9673706921421,4.809619238476953,50.46425949201223,6.356561572141504,35.91986144879484,0.7183972289758969,2.495,50.0,20.0
resnet50,FP16,1,MAXN,default,inference,128,64,32.67553906658308,14.638110906390986,2.051715722007752,31.21387098567759,2.232223766819321,5783.304774585015,495.97584262919537,4.809619238476953,50.46425949201223,6.356561572141504,36.58434757932221,0.7316869515864443,2.495,50.0,20.0
resnet50,FP16,1,MAXN,default,train,128,64,30.304403316279057,25.734085665389262,17.715179425878578,28.786436541363233,1.1775978253245882,2624.667102079492,667.3946190674995,12.024048096192384,57.26503338631635,10.028463006093057,64.2037860834828,1.284075721669656,2.495,50.0,20.0
resnet50,FP16,1,MAXN,default,train,128,64,29.01673635532063,24.640616457764406,16.962442240589716,27.563269634852062,1.1775978253245887,2513.142150553826,639.0362979375467,12.024048096192384,57.26503338631635,10.028463006093057,61.475697586068534,1.2295139517213707,2.495,50.0,20.0
resnet50,FP16,1,MAXN,default,train,128,64,29.594529250192434,25.131270297680036,17.300205195260837,28.112120517302632,1.1775978253245885,2563.1848452460076,651.7610450625207,12.024048096192384,57.26503338631635,10.028463006093057,62.69982633843958,1.2539965267687916,2.495,50.0,20.0
resnet50,FP16,2,7W,default,inference,128,64,6.348602484374466,4.071432902192271,2.53021659924515,5.967442242425658,1.5593042147289347,639.6596494129085,94.53378829994575,4.308797127468582,40.69601573970435,1.0087270048955979,11.345663335275809,0.22691326670551618,2.785,50.0,17.905223175104137
resnet50,FP16,2,7W,default,inference,128,64,6.232867056317295,3.9972104208034867,2.4840905893222196,5.858655389880799,1.5593042147289347,627.9986132214138,92.81043131205921,4.308797127468582,40.69601573970435,1.0087270048955979,11.138831169309746,0.22277662338619492,2.785,50.0,17.905223175104137
resnet50,FP16,2,7W,default,inference,128,64,6.194676262044065,3.9727182185042254,2.468869762085624,5.822757511634557,1.559304214728935,624.1506624108631,92.24175175309828,4.308797127468582,40.69601573970435,1.0087270048955979,11.070579944666637,0.22141159889333273,2.785,50.0,17.905223175104137
resnet50,FP16,2,7W,default,train,128,64,5.895660095849536,5.258225978916518,4.417520910267543,5.688238618256144,1.1212260788123,292.45737556421614,114.826794869531,31.597845601436266,41.69955114071837,1.5609981904004373,14.644078095747517,0.29288156191495035,2.785,50.0,17.905223175104137
resnet50,FP16,2,7W,default,train,128,64,5.9283692851971725,5.287398676524734,4.442029366581503,5.719797030884115,1.1212260788123,294.07993241415693,115.46385523503845,31.597845601436266,41.69955114071837,1.5609981904004373,14.725323607779766,0.29450647215559533,2.785,50.0,17.905223175104137
resnet50,FP16,2,7W,default,train,128,64,5.761285043604116,5.138379451276205,4.316835899011497,5.55859115739749,1.1212260788122996,285.7916291537903,112.20963982515684,31.597845601436266,41.69955114071837,1.5609981904004373,14.310307368261485,0.2862061473652297,2.785,50.0,17.905223175104137
resnet50,FP16,2,15W,default,inference,128,64,12.848846580637787,6.747449290403457,2.2133500528269088,12.38579763809712,1.9042524111907038,2003.2448730476149,204.13095459228842,4.308797127468582,43.13653760837948,2.154709027131244,18.81050108427143,0.3762100216854286,2.785,50.0,17.905223175104137
resnet50,FP16,2,15W,default,inference,128,64,12.96084872194809,6.806266147166826,2.2326436091652226,12.49376342697917,1.9042524111907035,2020.7069630447297,205.9103441957497,4.308797127468582,43.13653760837948,2.154709027131244,18.97447038589987,0.3794894077179974,2.785,50.0,17.905223175104137
resnet50,FP16,2,15W,default,inference,128,64,12.78330746459211,6.713032048413623,2.2020602452125413,12.322620431985502,1.9042524111907035,1993.026765345993,203.0897278769114,4.308797127468582,43.13653760837948,2.154709027131244,18.714552891124104,0.37429105782248207,2.785,50.0,17.905223175104137
resnet50,FP16,2,15W,default,train,128,64,12.232481433606292,10.692079358777493,8.042477220180777,11.80506189180805,1.1440694576929258,812.2554673409766,278.9716121312703,17.235188509874327,45.52853528113911,3.317639364103014,29.776475437446287,0.5955295087489257,2.785,50.0,17.905223175104137
resnet50,FP16,2,15W,default,train,128,64,12.583591275397456,10.998974923054853,8.273321053438426,12.143903478093268,1.1440694576929258,835.5696975877188,286.97895545987217,17.235188509874327,45.52853528113911,3.317639364103014,30.631151868936115,0.6126230373787223,2.785,50.0,17.905223175104137
resnet50,FP16,2,15W,default,train,128,64,12.0278072555687,10.513179225869195,7.907910294952977,11.60753930798048,1.1440694576929256,798.6647890279222,274.3038523052117,17.235188509874327,45.52853528113911,3.317639364103014,29.27825472335041,0.5855650944670082,2.785,50.0,17.905223175104137
resnet50,FP16,2,25W,default,inference,128,64,22.592353711504234,10.739575897074712,2.243231829034638,21.682983097421445,2.1036541785284117,3881.191232939962,370.7555620512412,4.308797127468582,45.833937603468314,3.579832240751564,29.9469084070397,0.598938168140794,2.785,50.0,17.905223175104137
resnet50,FP16,2,25W,default,inference,128,64,22.571766359415122,10.729789425372642,2.241187677102902,21.663224412112726,2.1036541785284113,3877.6544854430863,370.417709900358,4.308797127468582,45.833937603468314,3.579832240751564,29.919619194272013,0.5983923838854402,2.785,50.0,17.905223175104137
resnet50,FP16,2,25W,default,inference,128,64,21.008610968129183,9.986722714484149,2.0859794162799417,20.162987988732137,2.1036541785284117,3609.116506715685,344.7652894810312,4.308797127468582,45.833937603468314,3.579832240751564,27.84760527635192,0.5569521055270384,2.785,50.0,17.905223175104137
resnet50,FP16,2,25W,default,train,128,64,20.29716156943649,17.53622530707733,12.562368803345649,19.481898143728706,1.1574418789683827,1468.188267788418,478.3126680073645,15.798922800718133,50.177018393624415,5.579446445043937,48.83509686034955,0.976701937206991,2.785,50.0,17.905223175104137
resnet50,FP16,2,25W,default,train,128,64,20.494077481096472,17.706355587688474,12.68424448025038,19.670904656817513,1.157441878968383,1482.4321131778838,482.95308902174975,15.798922800718133,50.177018393624415,5.579446445043937,49.30887776741686,0.9861775553483372,2.785,50.0,17.905223175104137
resnet50,FP16,2,25W,default,train,128,64,20.04482659887792,17.318214385627453,12.406193027176462,19.239698554505093,1.157441878968383,1449.935703652323,472.3662694143134,15.798922800718133,50.177018393624415,5.579446445043937,48.22797735320442,0.9645595470640884,2.785,50.0,17.905223175104137
resnet50,FP16,2,MAXN,default,inference,128,64,34.24135676802443,15.37713969025446,2.1279853222408196,32.701745452511396,2.226770222405244,6027.8304347716785,498.3881722304603,4.308797127468582,50.35565582400608,5.7181038938350675,42.88711232395374,0.8577422464790747,2.785,50.0,17.905223175104137
resnet50,FP16,2,MAXN,default,inference,128,64,34.59146932677776,15.53436855708166,2.149743641901068,33.03611572450864,2.2267702224052446,6089.464065458296,503.48411394252935,4.308797127468582,50.35565582400608,5.7181038938350675,43.32562639146005,0.866512527829201,2.785,50.0,17.905223175104137
resnet50,FP16,2,MAXN,default,inference,128,64,35.27032904420641,15.83923149740578,2.1919324933632187,33.68445153163548,2.2267702224052437,6208.97017303982,513.3650207086463,4.308797127468582,50.35565582400608,5.7181038938350675,44.17589447957382,0.8835178895914764,2.785,50.0,17.905223175104137
resnet50,FP16,2,MAXN,default,train,128,64,31.947331381136546,27.615968439774136,19.09441554611806,30.89053093117466,1.1568426959499318,2584.4675797159703,812.3802209128296,15.439856373429084,57.370807999693795,8.97866025387384,76.9023535312798,1.538047070625596,2.785,50.0,17.905223175104137
resnet50,FP16,2,MAXN,default,train,128,64,33.45664149040181,28.920648941755353,19.996506367740935,32.34991387802456,1.1568426959499318,2706.5673882601322,850.7600675849324,15.439856373429084,57.370807999693795,8.97866025387384,80.53550517785473,1.6107101035570945,2.785,50.0,17.905223175104137
resnet50,FP16,2,MAXN,default,train,128,64,32.46461441035672,28.06311914663442,19.40358744523689,31.390702517454077,1.156842695949932,2626.314618600294,825.5340739385781,15.439856373429084,57.370807999693795,8.97866025387384,78.14753679601749,1.5629507359203498,2.785,50.0,17.905223175104137
resnet50,FP16,4,7W,default,inference,128,64,6.788907898855912,4.336195580845822,2.629548736286979,6.435504403619006,1.5656369211860277,759.1115920270672,105.86504631327442,3.803486529318542,40.7305418476109,0.8822768657330794,13.68929816832157,0.2737859633664314,3.1550000000000002,50.0,15.817959093978228
resnet50,FP16,4,7W,default,inference,128,64,7.000046344180575,4.471053441226833,2.7113290226536018,6.635651822747953,1.565636921186028,782.720343796337,109.15750242342054,3.803486529318542,40.7305418476109,0.8822768657330794,14.115042216687915,0.2823008443337583,3.1550000000000002,50.0,15.817959093978228
resnet50,FP16,4,7W,default,inference,128,64,6.888074129108522,4.39953480650581,2.6679588074395184,6.529508435046285,1.5656369211860277,770.2000080203179,107.4114272208979,3.803486529318542,40.7305418476109,0.8822768657330794,13.889259062530368,0.27778518125060736,3.1550000000000002,50.0,15.817959093978228
resnet50,FP16,4,7W,default,train,128,64,6.595447483944466,5.79162997362346,4.80441863195101,6.260617399156247,1.1387895141750755,336.4105470354259,123.59343539437418,24.08874801901743,41.737893852408966,1.442661178371259,18.272150017315443,0.3654430003463089,3.1550000000000002,50.0,15.817959093978228
resnet50,FP16,4,7W,default,train,128,64,6.50373225755055,5.711092503571014,4.7376091632086395,6.173558265787801,1.1387895141750755,331.7324763574675,121.87476506372684,24.08874801901743,41.737893852408966,1.442661178371259,18.01806045332131,0.3603612090664262,3.1550000000000002,50.0,15.817959093978228
resnet50,FP16,4,7W,default,train,128,64,6.784619019367062,5.9577463042252825,4.942219630538531,6.440185291854182,1.1387895141750757,346.0595207964887,127.13835937392562,24.08874801901743,41.737893852408966,1.442661178371259,18.796234347099286,0.3759246869419857,3.1550000000000002,50.0,15.817959093978228
resnet50,FP16,4,15W,default,inference,128,64,14.52652654420723,7.559103322555627,2.3651867896057692,14.047379192855024,1.9217261524738645,2232.681502094516,249.18211654844526,3.803486529318542,42.92905570730731,1.8671607148835108,23.87131469165663,0.47742629383313256,3.1550000000000002,50.0,15.817959093978228
resnet50,FP16,4,15W,default,inference,128,64,14.236282904398617,7.408070544323943,2.3179297649789024,13.766709037171324,1.9217261524738645,2188.071966309812,244.20339543007327,3.803486529318542,42.92905570730731,1.8671607148835108,23.39435984343201,0.4678871968686402,3.1550000000000002,50.0,15.817959093978228
resnet50,FP16,4,15W,default,inference,128,64,13.84353246695062,7.203696764562242,2.253982740655024,13.386913199109006,1.921726152473864,2127.707457701293,237.46631447814752,3.803486529318542,42.92905570730731,1.8671607148835108,22.74895646643921,0.4549791293287842,3.1550000000000002,50.0,15.817959093978228
resnet50,FP16,4,15W,default,train,128,64,13.70355971858345,11.939511377203935,8.937112696273394,13.097472264566353,1.1477487885096878,887.0415285398567,295.7102913653731,16.798732171156892,45.51731518311778,2.974049868002592,37.666503080292294,0.7533300616058459,3.1550000000000002,50.0,15.817959093978228
resnet50,FP16,4,15W,default,train,128,64,13.290955855931221,11.580021681564194,8.668022963739148,12.703117238695807,1.1477487885096878,860.333376167437,286.8066771987631,16.798732171156892,45.51731518311778,2.974049868002592,36.532393040077345,0.7306478608015469,3.1550000000000002,50.0,15.817959093978228
resnet50,FP16,4,15W,default,train,128,64,13.135291815426696,11.444396149162934,8.566502840405091,12.554337980242726,1.147748788509688,850.2571280053936,283.4475895078266,16.798732171156892,45.51731518311778,2.974049868002592,36.104524648100096,0.7220904929620019,3.1550000000000002,50.0,15.817959093978228
resnet50,FP16,4,25W,default,inference,128,64,23.909041765402133,11.286242542072179,2.3070473701462957,22.97183408654674,2.1184235299104586,4042.9820033195106,359.70232163541823,3.803486529318542,45.92990473037218,3.1458653222356547,35.646648211771385,0.7129329642354277,3.1550000000000002,50.0,15.817959093978228
resnet50,FP16,4,25W,default,inference,128,64,24.17862584846883,11.413499475947951,2.333060259160205,23.230850775268383,2.1184235299104586,4088.568255036098,363.75811029924336,3.803486529318542,45.92990473037218,3.1458653222356547,36.04857853866878,0.7209715707733756,3.1550000000000002,50.0,15.817959093978228
resnet50,FP16,4,25W,default,inference,128,64,24.659977107679826,11.640720922658062,2.379507129242899,23.69333360383353,2.118423529910459,4169.964008883556,370.9998545380646,3.803486529318542,45.92990473037218,3.1458653222356547,36.76623837513353,0.7353247675026706,3.1550000000000002,50.0,15.817959093978228
resnet50,FP16,4,25W,default,train,128,64,22.9218249949797,19.589585527377196,13.904610440938123,21.771427004074695,1.1701026018618705,1668.5123960134501,522.8855521650689,13.62916006339144,50.17770063256283,4.932337844702841,61.801221471445075,1.2360244294289016,3.1550000000000002,50.0,15.817959093978228
resnet50,FP16,4,25W,default,train,128,64,23.160499260056177,19.793562738176227,14.049392659583125,21.99812271181183,1.1701026018618708,1685.8858368270294,528.3301153667097,13.62916006339144,50.17770063256283,4.932337844702841,62.444728745353515,1.2488945749070703,3.1550000000000002,50.0,15.817959093978228
resnet50,FP16,4,25W,default,train,128,64,22.234233620908867,19.001952124138253,13.48751057209704,21.118344389034522,1.1701026018618705,1618.4616373465292,507.2004313086927,13.62916006339144,50.17770063256283,4.932337844702841,59.94735569940844,1.1989471139881689,3.1550000000000002,50.0,15.817959093978228
resnet50,FP16,4,MAXN,default,inference,128,64,38.917086353087164,17.234769359221904,2.3189545069655053,36.916056050294934,2.258056695853814,6849.600260498985,567.0460294581136,3.803486529318542,50.440701187457115,5.027046786745292,54.445496690873,1.08890993381746,3.1550000000000002,50.0,15.817959093978228
resnet50,FP16,4,MAXN,default,inference,128,64,39.031354433973355,17.285373970300096,2.3257634052157288,37.024448719789305,2.258056695853814,6869.712009603312,568.7109861039539,3.803486529318542,50.440701187457115,5.027046786745292,54.60535918323217,1.0921071836646434,3.1550000000000002,50.0,15.817959093978228
resnet50,FP16,4,MAXN,default,inference,128,64,39.606056751566946,17.53988587810509,2.3600082229663637,37.56960111830222,2.258056695853814,6970.862468519574,577.0847544882351,3.803486529318542,50.440701187457115,5.027046786745292,55.409375004121,1.10818750008242,3.1550000000000002,50.0,15.817959093978228
resnet50,FP16,4,MAXN,default,train,128,64,36.36294145877545,30.971401223580333,21.51415729205627,34.546425587735314,1.1740812498689994,3163.0002115875386,813.5391459261452,12.36133122028526,57.371218380656074,7.9176909896332415,97.69463657790567,1.9538927315581134,3.1550000000000002,50.0,15.817959093978228
resnet50,FP16,4,MAXN,default,train,128,64,36.86215006121797,31.39659207174201,21.80951437714445,35.0206961540092,1.1740812498689992,3206.42345656738,824.7078172100812,12.36133122028526,57.371218380656074,7.9176909896332415,99.03583729038039,1.9807167458076078,3.1550000000000002,50.0,15.817959093978228
resnet50,FP16,4,MAXN,default,train,128,64,35.912896604869495,30.588084605623806,21.24788796985663,34.1188627880033,1.1740812498689994,3123.853434373648,803.4704030965752,12.36133122028526,57.371218380656074,7.9176909896332415,96.48552183959595,1.929710436791919,3.1550000000000002,50.0,15.817959093978228
resnet50,FP16,8,7W,default,inference,128,64,7.555238321226139,4.796622663431966,2.8387685044048108,7.256425672003992,1.5751162539478127,865.6030054612293,129.01509928912697,3.3566433566433567,40.60579846803685,0.7785946445835075,17.155680949392703,0.3431136189878541,3.575,50.0,13.947147282556493
resnet50,FP16,8,7W,default,inference,128,64,7.5637767916436704,4.802043514366702,2.841976707755456,7.264626442555908,1.5751162539478127,866.5812572835039,129.16090430041297,3.3566433566433567,40.60579846803685,0.7785946445835075,17.1750692556315,0.34350138511262995,3.575,50.0,13.947147282556493
resnet50,FP16,8,7W,default,inference,128,64,7.314029398134446,4.64348544420314,2.748137836682475,7.024756656756443,1.575116253947813,837.9677198626737,124.89615666429026,3.3566433566433567,40.60579846803685,0.7785946445835075,16.607967806435735,0.33215935612871467,3.575,50.0,13.947147282556493
resnet50,FP16,8,7W,default,train,128,64,7.225693439624818,6.408255303185483,5.304914470784119,6.956212432526016,1.1275601700876359,445.325601441957,134.3708394641727,29.09090909090909,41.7612848584448,1.2427025383769326,22.90825049442477,0.4581650098884954,3.575,50.0,13.947147282556493
resnet50,FP16,8,7W,default,train,128,64,7.154279562981426,6.344920433315219,5.252484276950709,6.887461924258197,1.1275601700876359,440.9243037902854,133.04280878668226,29.09090909090909,41.7612848584448,1.2427025383769326,22.68184080951434,0.45363681619028684,3.575,50.0,13.947147282556493
resnet50,FP16,8,7W,default,train,128,64,6.926209975643229,6.142652214386849,5.0850415720635525,6.667898153364892,1.127560170087636,426.86818211827676,128.80156852885142,29.09090909090909,41.7612848584448,1.2427025383769326,21.958771766998364,0.4391754353399673,3.575,50.0,13.947147282556493
resnet50,FP16,8,15W,default,inference,128,64,16.51208507501635,8.37586883105316,2.5873180772782707,15.673734036608607,1.9713877339862982,2539.2510479983043,259.6932403886611,3.3566433566433567,43.03521764474769,1.6677279616748824,29.970556695811027,0.5994111339162206,3.575,50.0,13.947147282556493
resnet50,FP16,8,15W,default,inference,128,64,16.084278646724467,8.158861075086847,2.520284065494369,15.26764818217318,1.9713877339862975,2473.4623897855254,252.96492975330003,3.3566433566433567,43.03521764474769,1.6677279616748824,29.194058951540434,0.5838811790308087,3.575,50.0,13.947147282556493
resnet50,FP16,8,15W,default,inference,128,64,15.925331450957628,8.078234015768874,2.4953782494770764,15.11677104818338,1.9713877339862973,2449.0192724206563,250.4650932921958,3.3566433566433567,43.03521764474769,1.6677279616748824,28.90555898798477,0.5781111797596954,3.575,50.0,13.947147282556493
resnet50,FP16,8,15W,default,train,128,64,15.127775723977658,13.052336397562094,9.712665726411048,14.418976256227737,1.1590090282076406,1015.1142504691968,288.5545375388714,12.587412587412587,45.43231655436127,2.6269078705697955,46.65988991458438,0.9331977982916877,3.575,50.0,13.947147282556493
resnet50,FP16,8,15W,default,train,128,64,15.284934219946818,13.18793369848407,9.8135680642871,14.568771220351378,1.1590090282076406,1025.6600062862753,291.55225497943366,12.587412587412587,45.43231655436127,2.6269078705697955,47.14462727815064,0.9428925455630127,3.575,50.0,13.947147282556493
resnet50,FP16,8,15W,default,train,128,64,15.702498364820332,13.548210568388406,10.081661737308897,14.96677074124857,1.1590090282076406,1053.6796782909473,299.51707617425166,12.587412587412587,45.43231655436127,2.6269078705697955,48.43255601186357,0.9686511202372714,3.575,50.0,13.947147282556493
resnet50,FP16,8,25W,default,inference,128,64,27.104683309625436,12.528407653475618,2.471769713130892,25.518159179771217,2.1634579636388254,4601.956439642661,380.9758378555635,3.3566433566433567,45.95434555851267,2.7781330853953743,44.83681043198976,0.8967362086397952,3.575,50.0,13.947147282556493
resnet50,FP16,8,25W,default,inference,128,64,27.451875975772285,12.688888084333117,2.5034314118491423,25.845029544555672,2.163457963638826,4660.904389984652,385.85588073861885,3.3566433566433567,45.95434555851267,2.7781330853953743,45.411139656853834,0.9082227931370767,3.575,50.0,13.947147282556493
resnet50,FP16,8,25W,default,inference,128,64,27.94202217461244,12.915444923928813,2.548129537094129,26.306485912832855,2.163457963638826,4744.123641445812,392.74523844266344,3.3566433566433567,45.95434555851267,2.7781330853953743,46.22194389870056,0.9244388779740111,3.575,50.0,13.947147282556493
resnet50,FP16,8,25W,default,train,128,64,25.613689016404358,21.777099058793546,15.575193159167316,24.207443574607787,1.1761754376582865,2111.3276818775194,526.2595303702194,11.188811188811188,50.19478924111779,4.396166363207265,77.84742371328531,1.5569484742657063,3.575,50.0,13.947147282556493
resnet50,FP16,8,25W,default,train,128,64,25.8848687078281,22.00765963907878,15.74009232976563,24.46373493016049,1.176175437658287,2133.6809316924628,531.8311954655201,11.188811188811188,50.19478924111779,4.396166363207265,78.67161738281808,1.5734323476563616,3.575,50.0,13.947147282556493
resnet50,FP16,8,25W,default,train,128,64,25.10172473819688,21.34182022043693,15.263877498288938,23.72358721291834,1.1761754376582867,2069.126640394599,515.7406988015516,11.188811188811188,50.19478924111779,4.396166363207265,76.29141590565717,1.5258283181131436,3.575,50.0,13.947147282556493
resnet50,FP16,8,MAXN,default,inference,128,64,43.236926120666475,19.357345905385813,2.5182440465931095,41.64849255403684,2.2336185100993946,7843.247664305063,652.6949784321102,3.3566433566433567,50.40218233229657,4.450311754372543,69.28338384451698,1.3856676768903395,3.575,50.0,13.947147282556493
resnet50,FP16,8,MAXN,default,inference,128,64,42.530923245574435,19.041265575687696,2.4771243903965434,40.968426737046556,2.233618510099394,7715.177611739241,642.0373167369843,3.3566433566433567,50.40218233229657,4.450311754372543,68.1520761272703,1.363041522545406,3.575,50.0,13.947147282556493
resnet50,FP16,8,MAXN,default,inference,128,64,43.495270919688565,19.473007912059725,2.5332907973794634,41.89734630946842,2.2336185100993946,7890.11182471879,656.5948938089615,3.3566433566433567,50.40218233229657,4.450311754372543,69.69735873775821,1.3939471747551642,3.575,50.0,13.947147282556493
resnet50,FP16,8,MAXN,default,train,128,64,39.57707055530166,33.56820589285738,23.207237754462795,37.62386731221426,1.179004641523688,2903.0974465957647,803.4831241369545,9.23076923076923,57.37157691816938,7.007654211691975,119.99857273100466,2.399971454620093,3.575,50.0,13.947147282556493
resnet50,FP16,8,MAXN,default,train,128,64,39.758008919552566,33.72167294284038,23.313336553064048,37.795876026167775,1.179004641523688,2916.369821126722,807.1564865193824,9.23076923076923,57.37157691816938,7.007654211691975,120.54718194229162,2.4109436388458323,3.575,50.0,13.947147282556493
resnet50,FP16,8,MAXN,default,train,128,64,41.412522807961096,35.12498708609118,24.28351187522957,39.36873652671231,1.179004641523688,3037.733403054403,840.7459859273525,9.23076923076923,57.37157691816938,7.007654211691975,125.56370545924132,2.5112741091848263,3.575,50.0,13.947147282556493
resnet50,FP16,16,7W,default,inference,128,64,8.570327287183542,5.16204355189524,2.9247054587814527,7.9019839861535965,1.6602586167714437,977.8162964121775,130.4867806304006,3.22180916976456,40.70837124473576,0.7053971549286547,20.838179121025902,0.41676358242051803,4.035,50.0,12.364817244036917
resnet50,FP16,16,7W,default,inference,128,64,8.542299242079277,5.145161817434638,2.915140622600926,7.876141663432937,1.6602586167714433,974.6184863004787,130.060042041492,3.22180916976456,40.70837124473576,0.7053971549286547,20.770030798946276,0.4154006159789255,4.035,50.0,12.364817244036917
resnet50,FP16,16,7W,default,inference,128,64,8.617418460530011,5.190407309728369,2.940775768249425,7.945402829472389,1.6602586167714435,983.1890803412357,131.2037632379703,3.22180916976456,40.70837124473576,0.7053971549286547,20.952678167833664,0.41905356335667326,4.035,50.0,12.364817244036917
resnet50,FP16,16,7W,default,train,128,64,7.885920899908212,6.941006229286966,5.653168604956183,7.541209023036612,1.1361351134701856,475.02339951850814,140.46502653522876,20.817843866171003,41.711260586429894,1.0788057421780686,28.005525314774715,0.5601105062954943,4.035,50.0,12.364817244036917
resnet50,FP16,16,7W,default,train,128,64,8.209196994511652,7.225546413610672,5.88491506702966,7.850353970405268,1.1361351134701854,494.4965481070748,146.2232614684761,20.817843866171003,41.711260586429894,1.0788057421780686,29.153586139374614,0.5830717227874923,4.035,50.0,12.364817244036917
resnet50,FP16,16,7W,default,train,128,64,7.796417138533113,6.86222707677779,5.58900617418198,7.455617678481601,1.1361351134701854,469.6319707256342,138.87077414845893,20.817843866171003,41.711260586429894,1.0788057421780686,27.68766771934955,0.553753354386991,4.035,50.0,12.364817244036917
resnet50,FP16,16,15W,default,inference,128,64,18.049624961381372,8.992870305136849,2.6320484256865706,16.92090340369598,2.007103888851948,2829.7386127887635,287.48623621317904,2.973977695167286,42.91614335814976,1.4761699201441718,36.313426816688775,0.7262685363337755,4.035,50.0,12.364817244036917
resnet50,FP16,16,15W,default,inference,128,64,18.2297796812169,9.082628847699672,2.6583191070850845,17.089792265297216,2.0071038888519483,2857.9824554218076,290.35565884397465,2.973977695167286,42.91614335814976,1.4761699201441718,36.675873972705915,0.7335174794541183,4.035,50.0,12.364817244036917
resnet50,FP16,16,15W,default,inference,128,64,18.06633543195724,9.001195968132514,2.6344851947532857,16.936568895862692,2.0071038888519475,2832.3584048302914,287.7523930059931,2.973977695167286,42.91614335814976,1.4761699201441718,36.34704604432524,0.7269409208865047,4.035,50.0,12.364817244036917
resnet50,FP16,16,15W,default,train,128,64,16.636335164733733,14.298847769878698,10.55934081859602,15.845713967680478,1.1634738289737638,1164.2277041767768,332.00718585173166,13.135068153655514,45.808089234431144,2.338263307276448,57.69165994771911,1.1538331989543822,4.035,50.0,12.364817244036917
resnet50,FP16,16,15W,default,train,128,64,16.61398271840015,14.279635952838255,10.545153373066189,15.824423793638378,1.163473828973764,1162.6634571824718,331.5611036629186,13.135068153655514,45.808089234431144,2.338263307276448,57.61414589669118,1.1522829179338236,4.035,50.0,12.364817244036917
resnet50,FP16,16,15W,default,train,128,64,17.05147903483197,14.655661872405105,10.822839093288806,16.241128640195456,1.163473828973764,1193.2798956601569,340.29210838245217,13.135068153655514,45.808089234431144,2.338263307276448,59.13130027390455,1.182626005478091,4.035,50.0,12.364817244036917
resnet50,FP16,16,25W,default,inference,128,64,28.892006922966743,13.528487754002562,2.5855906322311983,27.74600367696223,2.135642020625602,5064.8684190660915,450.0488399698453,2.973977695167286,45.902990980354225,2.4594460397826494,54.64216257300919,1.0928432514601838,4.035,50.0,12.364817244036917
resnet50,FP16,16,25W,default,inference,128,64,29.8812732558401,13.99170505508543,2.674121614861754,28.696030699404208,2.1356420206256024,5238.290217723929,465.4585748047405,2.973977695167286,45.902990980354225,2.4594460397826494,56.51311781447083,1.1302623562894167,4.035,50.0,12.364817244036917
resnet50,FP16,16,25W,default,inference,128,64,28.60074295090846,13.392105359741109,2.559524966399528,27.466292708415022,2.1356420206256024,5013.808840628947,445.51184075413397,2.973977695167286,45.902990980354225,2.4594460397826494,54.09130802852209,1.0818261605704418,4.035,50.0,12.364817244036917
resnet50,FP16,16,25W,default,train,128,64,27.58646170383272,23.675999293096652,16.783944423994008,26.414958734000212,1.1651656752615407,2028.2160208294797,559.6874089352746,10.90458488228005,50.38208761179197,3.8884351739431806,95.523578159423,1.91047156318846,4.035,50.0,12.364817244036917
resnet50,FP16,16,25W,default,train,128,64,27.916354899571274,23.959129154147963,16.984655523611412,26.730842490518743,1.1651656752615405,2052.470478394315,566.3804408264438,10.90458488228005,50.38208761179197,3.8884351739431806,96.66589857752194,1.933317971550439,4.035,50.0,12.364817244036917
resnet50,FP16,16,25W,default,train,128,64,27.197495880866477,23.342170524171635,16.547292807502306,26.04251096331847,1.1651656752615407,1999.6184166073463,551.7958831586972,10.90458488228005,50.38208761179197,3.8884351739431806,94.17670708946268,1.8835341417892537,4.035,50.0,12.364817244036917
resnet50,FP16,16,MAXN,default,inference,128,64,47.65353811448867,21.387152509407144,2.6744261735942048,46.06901739231993,2.228138509487331,8625.746573213493,651.1182108853608,2.973977695167286,50.548523421220274,3.931587537765112,86.38962031224422,1.7277924062448844,4.035,50.0,12.364817244036917
resnet50,FP16,16,MAXN,default,inference,128,64,47.02268330659443,21.10402163347278,2.6390211506572583,45.45913904399909,2.228138509487331,8511.555813981398,642.4984720349606,2.973977695167286,50.548523421220274,3.931587537765112,85.24596320969704,1.7049192641939408,4.035,50.0,12.364817244036917
resnet50,FP16,16,MAXN,default,inference,128,64,46.06538396542809,20.674380775379717,2.585295309612072,44.53367072112466,2.228138509487331,8338.275469261423,629.4183302665886,2.973977695167286,50.548523421220274,3.931587537765112,83.51050494404149,1.6702100988808297,4.035,50.0,12.364817244036917
resnet50,FP16,16,MAXN,default,train,128,64,42.48077358298031,36.790950429188264,25.565531320363014,41.06621073891799,1.1546527906296762,3264.3940932297164,818.7599520586961,9.169764560099132,57.383633970112086,6.198089217823986,148.43181269883866,2.968636253976773,4.035,50.0,12.364817244036917
resnet50,FP16,16,MAXN,default,train,128,64,42.439852478845516,36.755510247978044,25.54090442021068,41.02665226235715,1.1546527906296764,3261.249550431664,817.9712526440269,9.169764560099132,57.383633970112086,6.198089217823986,148.2888305176761,2.965776610353522,4.035,50.0,12.364817244036917
resnet50,FP16,16,MAXN,default,train,128,64,43.85639196339323,37.982320156587214,26.393397948559336,42.39602254651179,1.1546527906296762,3370.102161534699,845.2731518948011,9.169764560099132,57.383633970112086,6.198089217823986,153.23835251826262,3.064767050365252,4.035,50.0,12.364817244036917
resnet50,INT8,1,7W,default,inference,128,64,4.615003888955245,3.2673795072010545,2.2739133088576433,4.483423162264487,1.4124480730763382,456.0962186639024,78.09088970145756,5.611222444889779,40.49013730398943,1.0811883453121987,8.155886926372396,0.16311773852744793,2.495,50.0,20.0
resnet50,INT8,1,7W,default,inference,128,64,4.595346089830659,3.2534619696297287,2.2642274814720524,4.464325836664124,1.4124480730763382,454.153458037105,77.75825834075918,5.611222444889779,40.49013730398943,1.0811883453121987,8.121146590125843,0.16242293180251685,2.495,50.0,20.0
resnet50,INT8,1,7W,default,inference,128,64,4.702460678938623,3.3292980949710778,2.3170051812543506,4.56838642715949,1.4124480730763385,464.7394857483275,79.57075379357238,5.611222444889779,40.49013730398943,1.0811883453121987,8.310445342185435,0.1662089068437087,2.495,50.0,20.0
resnet50,INT8,1,7W,default,train,128,64,4.797763950889212,4.321956235063943,3.7461902102225855,4.6289279255888705,1.1100908222913157,174.51422206680144,89.84117933658042,32.46492985971944,41.6737495937342,1.7492023818464415,10.781669690564737,0.21563339381129473,2.495,50.0,20.0
resnet50,INT8,1,7W,default,train,128,64,4.614217746883783,4.156612823227987,3.602873657010081,4.4518408162493035,1.1100908222913157,167.83789881847133,86.40416000853598,32.46492985971944,41.6737495937342,1.7492023818464415,10.369199513874038,0.20738399027748078,2.495,50.0,20.0
resnet50,INT8,1,7W,default,train,128,64,4.658763322196321,4.196740688820634,3.6376557346305587,4.494818807587832,1.110090822291316,169.4582028813141,87.23830421847862,32.46492985971944,41.6737495937342,1.7492023818464415,10.469303579874811,0.20938607159749623,2.495,50.0,20.0
resnet50,INT8,1,15W,default,inference,128,64,10.199795085899625,5.563230157739856,2.137378309519933,9.837909330832408,1.8334303627019886,1447.1688172045767,164.3386770445881,4.809619238476953,42.929582124786585,2.3902352910622366,13.89497828257867,0.2778995656515734,2.495,50.0,20.0
resnet50,INT8,1,15W,default,inference,128,64,10.315633747872841,5.626411538570978,2.1616524288939227,9.949638070861006,1.8334303627019883,1463.6042551739226,166.2050647807115,4.809619238476953,42.929582124786585,2.3902352910622366,14.052782991285607,0.2810556598257121,2.495,50.0,20.0
resnet50,INT8,1,15W,default,inference,128,64,9.883761358140475,5.390857247271961,2.0711530933170175,9.533088387568794,1.8334303627019888,1402.3292736503913,159.24675467908827,4.809619238476953,42.929582124786585,2.3902352910622366,13.464451811527663,0.2692890362305533,2.495,50.0,20.0
resnet50,INT8,1,15W,default,train,128,64,9.62232442383081,8.375207018775876,6.426686581072535,9.214983481078773,1.1489058601487814,663.9913616800376,203.71635926348037,17.635270541082164,45.37746782112279,3.759478915329501,20.893544596008656,0.4178708919201731,2.495,50.0,20.0
resnet50,INT8,1,15W,default,train,128,64,9.756627373791373,8.492103410916458,6.516386629448829,9.343600997058768,1.1489058601487814,673.2589767275107,206.55971673088757,17.635270541082164,45.37746782112279,3.759478915329501,21.185164848120195,0.4237032969624039,2.495,50.0,20.0
resnet50,INT8,1,15W,default,train,128,64,9.70241652456877,8.444918649220158,6.480179563265881,9.291685050549594,1.1489058601487814,669.5181409369405,205.41200684814254,17.635270541082164,45.37746782112279,3.759478915329501,21.067453498353732,0.42134906996707466,2.495,50.0,20.0
resnet50,INT8,1,25W,default,inference,128,64,17.039484374329813,8.237998283685249,1.9923202711955164,16.16296748396771,2.068401059038245,2832.023288680625,292.8791575410577,4.809619238476953,45.913127964300806,3.9898863914499234,20.57819220249549,0.4115638440499098,2.495,50.0,20.0
resnet50,INT8,1,25W,default,inference,128,64,16.877367475783227,8.159620399551907,1.9733649568102825,16.00918993399926,2.0684010590382447,2805.0788799129355,290.0926494738876,4.809619238476953,45.913127964300806,3.9898863914499234,20.38240736392433,0.4076481472784866,2.495,50.0,20.0
resnet50,INT8,1,25W,default,inference,128,64,17.01677217522413,8.227017725052079,1.989664675891832,16.141423608133792,2.0684010590382447,2828.2484399004975,292.4887742645549,4.809619238476953,45.913127964300806,3.9898863914499234,20.550763203573307,0.41101526407146616,2.495,50.0,20.0
resnet50,INT8,1,25W,default,train,128,64,16.016968904130213,13.61386510515484,9.838955811647041,15.060456517587529,1.176518849012647,1227.5414479660508,360.27186065119105,14.028056112224448,50.324450663761176,6.2881087725114595,33.9609073419088,0.679218146838176,2.495,50.0,20.0
resnet50,INT8,1,25W,default,train,128,64,15.480865469498923,13.158195878026692,9.509636448203107,14.556368477302211,1.1765188490126472,1186.454448899881,348.2132131597601,14.028056112224448,50.324450663761176,6.2881087725114595,32.82420293933626,0.6564840587867252,2.495,50.0,20.0
resnet50,INT8,1,25W,default,train,128,64,15.88020928218394,13.497624194895693,9.75494666577176,14.931864000987684,1.1765188490126472,1217.0601824187393,357.1957078687608,14.028056112224448,50.324450663761176,6.2881087725114595,33.670934821088444,0.6734186964217689,2.495,50.0,20.0
resnet50,INT8,1,MAXN,default,inference,128,64,27.89496422971442,12.54832012123847,2.0190261175549775,26.46386880486005,2.223003873044426,4835.012625853859,462.47388229570714,4.809619238476953,50.52373878211643,6.389207665725709,31.3590459174545,0.6271809183490901,2.495,50.0,20.0
resnet50,INT8,1,MAXN,default,inference,128,64,28.49260508038766,12.817163940144983,2.062283118226865,27.03084888536483,2.2230038730444264,4938.60125335434,472.3822400248399,4.809619238476953,50.52373878211643,6.389207665725709,32.03090363069884,0.6406180726139767,2.495,50.0,20.0
resnet50,INT8,1,MAXN,default,inference,128,64,28.63435896991379,12.880930760907198,2.0725432068529477,27.165330374715598,2.2230038730444264,4963.171345646938,474.7323943781423,4.809619238476953,50.52373878211643,6.389207665725709,32.190260950321886,0.6438052190064377,2.495,50.0,20.0
resnet50,INT8,1,MAXN,default,train,128,64,25.233409701621785,21.91419780721568,15.19083723274474,24.450009652266644,1.1514639925953936,1995.433110726093,643.6660374390766,14.829659318637274,57.30098190791864,10.002116633487278,54.66886667424028,1.0933773334848056,2.495,50.0,20.0
resnet50,INT8,1,MAXN,default,train,128,64,25.634668024837808,22.262674464580872,15.432399904945433,24.838810452146394,1.1514639925953936,2027.1642225166743,653.9015291125336,14.829659318637274,57.30098190791864,10.002116633487278,55.53820371720107,1.1107640743440215,2.495,50.0,20.0
resnet50,INT8,1,MAXN,default,train,128,64,25.642019072901466,22.269058553107243,15.43682533044066,24.845933278519684,1.1514639925953936,2027.745536135334,654.0890432073031,14.829659318637274,57.30098190791864,10.002116633487278,55.554129962257136,1.1110825992451427,2.495,50.0,20.0
resnet50,INT8,2,7W,default,inference,128,64,5.111815153275386,3.5654814270762722,2.4492427433691795,4.9236000380958975,1.433695633486197,507.3896223544462,96.36646063304515,5.385996409335727,40.601539097819575,1.0076796448324041,9.934321323075768,0.19868642646151535,2.785,50.0,17.905223175104137
resnet50,INT8,2,7W,default,inference,128,64,5.0075545750473625,3.4927598704272484,2.399287990118596,4.8231782952231175,1.4336956334861972,497.04090397802435,94.40097037055953,5.385996409335727,40.601539097819575,1.0076796448324041,9.731700912440768,0.19463401824881538,2.785,50.0,17.905223175104137
resnet50,INT8,2,7W,default,inference,128,64,5.186784948930747,3.6177727181315866,2.4851632965337647,4.99580947401579,1.4336956334861972,514.8309900809749,97.77976953508177,5.385996409335727,40.601539097819575,1.0076796448324041,10.080017913667167,0.20160035827334333,2.785,50.0,17.905223175104137
resnet50,INT8,2,7W,default,train,128,64,4.909599758661638,4.341988441181911,3.753194917630605,4.694084634461518,1.130726123564995,254.08814519716105,94.3923247072023,40.93357271095152,41.787626837458355,1.615447342411849,12.09236846226695,0.241847369245339,2.785,50.0,17.905223175104137
resnet50,INT8,2,7W,default,train,128,64,5.056392841816378,4.471810402570691,3.86541242633235,4.83443398877828,1.1307261235649952,261.68517633208364,97.21457928008647,40.93357271095152,41.787626837458355,1.615447342411849,12.453920551332395,0.2490784110266479,2.785,50.0,17.905223175104137
resnet50,INT8,2,7W,default,train,128,64,5.150848599485384,4.555345889812466,3.9376201188227253,4.924743452381352,1.1307261235649952,266.57357649687685,99.03059259820425,40.93357271095152,41.787626837458355,1.615447342411849,12.686565549145328,0.2537313109829066,2.785,50.0,17.905223175104137
resnet50,INT8,2,15W,default,inference,128,64,10.934362586469557,5.839794311008788,2.225702159636794,10.35331782551364,1.8723883075567973,1635.4016199274229,167.3133566796477,4.308797127468582,42.96827811851499,2.107451101944456,16.27999747038631,0.3255999494077262,2.785,50.0,17.905223175104137
resnet50,INT8,2,15W,default,inference,128,64,11.261260627518736,6.014383118111378,2.292242634236065,10.662844721915263,1.872388307556797,1684.294235446179,172.31542315653752,4.308797127468582,42.96827811851499,2.107451101944456,16.766710732295177,0.3353342146459035,2.785,50.0,17.905223175104137
resnet50,INT8,2,15W,default,inference,128,64,11.533094656708368,6.159563489134063,2.347574765491599,10.92023367145246,1.8723883075567969,1724.951183500767,176.4749215748313,4.308797127468582,42.96827811851499,2.107451101944456,17.17144006814584,0.3434288013629168,2.785,50.0,17.905223175104137
resnet50,INT8,2,15W,default,train,128,64,10.548431298976968,9.272856777750183,7.105186950657272,10.19972822746563,1.1375600369766814,701.1366416925346,251.13715366566953,18.67145421903052,45.51757605172683,3.3589590072608724,25.823725743991652,0.5164745148798331,2.785,50.0,17.905223175104137
resnet50,INT8,2,15W,default,train,128,64,10.582113470084607,9.302465914861891,7.127874506355437,10.232296955617867,1.137560036976681,703.3754394498476,251.93905911885994,18.67145421903052,45.51757605172683,3.3589590072608724,25.90618342177264,0.5181236684354528,2.785,50.0,17.905223175104137
resnet50,INT8,2,15W,default,train,128,64,10.6626315916744,9.37324734087241,7.182109708784703,10.310153362350265,1.1375600369766814,708.7273447490114,253.85603533090804,18.67145421903052,45.51757605172683,3.3589590072608724,26.10330068313811,0.5220660136627622,2.785,50.0,17.905223175104137
resnet50,INT8,2,25W,default,inference,128,64,19.372199339698522,9.349929688173809,2.234864004716067,18.322047103572718,2.071908558221706,3214.5723650300074,274.23953518692485,4.308797127468582,45.96302330102515,3.587082035493731,26.073360101403566,0.5214672020280713,2.785,50.0,17.905223175104137
resnet50,INT8,2,25W,default,inference,128,64,18.779967498750807,9.0640908954348,2.166541477130442,17.761919701629083,2.071908558221706,3116.298953931038,265.8556969899077,4.308797127468582,45.96302330102515,3.587082035493731,25.27626557528523,0.5055253115057046,2.785,50.0,17.905223175104137
resnet50,INT8,2,25W,default,inference,128,64,19.183670213847968,9.258936712107158,2.2131144372139104,18.14373799867152,2.0719085582217063,3183.288332312022,271.5706518590263,4.308797127468582,45.96302330102515,3.587082035493731,25.81961566579727,0.5163923133159454,2.785,50.0,17.905223175104137
resnet50,INT8,2,25W,default,train,128,64,17.817279907583796,15.08858013572938,11.000756746546722,16.72010502037631,1.1808453643290744,1311.7537486671483,364.28173849613455,10.771992818671453,50.26325294462889,5.6230162335067035,42.018168998907015,0.8403633799781403,2.785,50.0,17.905223175104137
resnet50,INT8,2,25W,default,train,128,64,17.645300756788387,14.942939431204852,10.894573265499611,16.558716218183758,1.1808453643290746,1299.0922034190182,360.7655528403112,10.771992818671453,50.26325294462889,5.6230162335067035,41.61259367765193,0.8322518735530386,2.785,50.0,17.905223175104137
resnet50,INT8,2,25W,default,train,128,64,17.952504937775878,15.203095578883033,11.084247474138332,16.847002993463253,1.1808453643290746,1321.7093614872954,367.0464707864769,10.771992818671453,50.26325294462889,5.6230162335067035,42.337067742203665,0.8467413548440733,2.785,50.0,17.905223175104137
resnet50,INT8,2,MAXN,default,inference,128,64,29.80922639928603,13.408512819909284,2.1338288849667597,28.218476759677912,2.223156795959099,5122.544190288867,493.6344210976661,4.308797127468582,50.47692385888439,5.727492104325805,37.39444280795044,0.7478888561590088,2.785,50.0,17.905223175104137
resnet50,INT8,2,MAXN,default,inference,128,64,29.828950861793142,13.41738509672888,2.135240817878884,28.237148639296617,2.223156795959099,5125.933725779289,493.9610539830945,4.308797127468582,50.47692385888439,5.727492104325805,37.41918633115564,0.7483837266231128,2.785,50.0,17.905223175104137
resnet50,INT8,2,MAXN,default,inference,128,64,29.80806298903816,13.40798950538195,2.133745604764895,28.217375434047998,2.223156795959099,5122.34426492595,493.61515527249924,4.308797127468582,50.47692385888439,5.727492104325805,37.39298335786632,0.7478596671573264,2.785,50.0,17.905223175104137
resnet50,INT8,2,MAXN,default,train,128,64,26.56641884949599,22.793162303122468,15.897698812462592,25.39333897026497,1.1655433544583946,2110.09821890085,629.862173069607,12.926391382405745,57.35617105743828,8.965288371613127,63.4679762126925,1.26935952425385,2.785,50.0,17.905223175104137
resnet50,INT8,2,MAXN,default,train,128,64,27.903480186948727,23.94031940572038,16.697814121832387,26.671360368569367,1.1655433544583944,2216.2973555892995,661.5625074016971,12.926391382405745,57.35617105743828,8.965288371613127,66.66225609065094,1.3332451218130188,2.785,50.0,17.905223175104137
resnet50,INT8,2,MAXN,default,train,128,64,27.14090506303832,23.286053632599693,16.241479012818104,25.942457887529244,1.1655433544583942,2155.7280925713003,643.4826439697401,12.926391382405745,57.35617105743828,8.965288371613127,64.84044111065958,1.2968088222131917,2.785,50.0,17.905223175104137
resnet50,INT8,4,7W,default,inference,128,64,5.743176894422051,3.935404170721471,2.650233374090772,5.492582664219134,1.4593613883803869,524.9726808935166,103.28405992796016,3.803486529318542,40.512393152546096,0.8902329853224611,12.420885141207535,0.24841770282415068,3.1550000000000002,50.0,15.817959093978228
resnet50,INT8,4,7W,default,inference,128,64,5.9224313183711255,4.058234900228445,2.7329517137025383,5.664015611447961,1.459361388380387,541.3579807427977,106.50773299355731,3.803486529318542,40.512393152546096,0.8902329853224611,12.808562319162338,0.25617124638324673,3.1550000000000002,50.0,15.817959093978228
resnet50,INT8,4,7W,default,inference,128,64,5.695552091360138,3.902770168313906,2.6282565405664964,5.447035892372568,1.4593613883803869,520.619389849196,102.42758569707209,3.803486529318542,40.512393152546096,0.8902329853224611,12.317886013794418,0.24635772027588834,3.1550000000000002,50.0,15.817959093978228
resnet50,INT8,4,7W,default,train,128,64,5.51787015150447,4.9163041990986525,4.224204907329017,5.27994583643919,1.1223614178545152,264.081483873937,100.06658966033578,41.204437400950866,41.78033337190163,1.4049314146535667,15.509473839273355,0.3101894767854671,3.1550000000000002,50.0,15.817959093978228
resnet50,INT8,4,7W,default,train,128,64,5.730507399002665,5.1057594352779825,4.386989329524582,5.483414406516699,1.1223614178545152,274.25815681193325,103.92276670105564,41.204437400950866,41.78033337190163,1.4049314146535667,16.107148618994145,0.32214297237988293,3.1550000000000002,50.0,15.817959093978228
resnet50,INT8,4,7W,default,train,128,64,5.639289973294811,5.024486661413193,4.317157838980358,5.3961301729532165,1.1223614178545152,269.89255333184343,102.26853844675513,41.204437400950866,41.78033337190163,1.4049314146535667,15.850757250792757,0.31701514501585515,3.1550000000000002,50.0,15.817959093978228
resnet50,INT8,4,15W,default,inference,128,64,12.424999538563176,6.7223945548210375,2.488602760989744,12.005544858573238,1.8482996553144078,1911.0794201373465,193.35759522934046,3.803486529318542,42.81468175985393,1.8949904793712393,21.227097086492797,0.42454194172985593,3.1550000000000002,50.0,15.817959093978228
resnet50,INT8,4,15W,default,inference,128,64,12.10038263948053,6.546764538254581,2.4235852526338113,11.69188667841058,1.8482996553144078,1861.1503498512495,188.30591351437386,3.803486529318542,42.81468175985393,1.8949904793712393,20.672515622617723,0.4134503124523545,3.1550000000000002,50.0,15.817959093978228
resnet50,INT8,4,15W,default,inference,128,64,12.369318712094708,6.692269122341316,2.477450450033631,11.951743757184472,1.8482996553144078,1902.515195951272,192.49109131737578,3.803486529318542,42.81468175985393,1.8949904793712393,21.131970941366276,0.42263941882732553,3.1550000000000002,50.0,15.817959093978228
resnet50,INT8,4,15W,default,train,128,64,11.530710484245724,10.034993497650257,7.583736445554135,11.059320369638284,1.1490501201565997,739.737780581811,249.8101971495799,14.896988906497622,45.6905921349673,2.984036007771078,31.657140948870477,0.6331428189774095,3.1550000000000002,50.0,15.817959093978228
resnet50,INT8,4,15W,default,train,128,64,11.533087731289804,10.037062377851722,7.585299958494029,11.06160043179874,1.1490501201565992,739.8902897836236,249.8616996613778,14.896988906497622,45.6905921349673,2.984036007771078,31.66366759307403,0.6332733518614806,3.1550000000000002,50.0,15.817959093978228
resnet50,INT8,4,15W,default,train,128,64,11.830568172682597,10.29595486319627,7.780952539339972,11.346919494276223,1.1490501201565992,758.9747617927912,256.3065451731972,14.896988906497622,45.6905921349673,2.984036007771078,32.480389188466674,0.6496077837693335,3.1550000000000002,50.0,15.817959093978228
resnet50,INT8,4,25W,default,inference,128,64,20.51889569757951,9.828359263097873,2.292235484852945,19.41501656485089,2.0877234081807474,3391.196391217309,331.81844948883565,3.803486529318542,45.902635926553,3.1306174301286456,31.04505800126031,0.6209011600252061,3.1550000000000002,50.0,15.817959093978228
resnet50,INT8,4,25W,default,inference,128,64,21.086050746201995,10.100021230578857,2.355594300406519,19.951659707159145,2.087723408180747,3484.9311702471637,340.99011796590077,3.803486529318542,45.902635926553,3.1306174301286456,31.903162727737854,0.6380632545547571,3.1550000000000002,50.0,15.817959093978228
resnet50,INT8,4,25W,default,inference,128,64,21.760811928926888,10.423225530574173,2.430974162443919,20.59011996998253,2.087723408180747,3596.450216959805,351.90192397763644,3.803486529318542,45.902635926553,3.1306174301286456,32.924075371548625,0.6584815074309724,3.1550000000000002,50.0,15.817959093978228
resnet50,INT8,4,25W,default,train,128,64,18.937242121306657,16.12308845447261,11.71026618582894,17.892995702025104,1.174541848776708,1315.4007458829258,406.6441864176271,12.36133122028526,50.1981706925277,4.9649740385395225,50.86404764829572,1.0172809529659144,3.1550000000000002,50.0,15.817959093978228
resnet50,INT8,4,25W,default,train,128,64,19.303315273808888,16.434761599949294,11.936635687355434,18.238882674499283,1.1745418487767079,1340.828571897115,414.5049677455018,12.36133122028526,50.1981706925277,4.9649740385395225,51.847293368678926,1.0369458673735785,3.1550000000000002,50.0,15.817959093978228
resnet50,INT8,4,25W,default,train,128,64,20.037207474781738,17.059594339401873,12.390454304134199,18.932306242389476,1.174541848776708,1391.8054956948617,430.26402046665163,12.36133122028526,50.1981706925277,4.9649740385395225,53.81847415835666,1.076369483167133,3.1550000000000002,50.0,15.817959093978228
resnet50,INT8,4,MAXN,default,inference,128,64,33.06334254218415,14.902675869094686,2.3132683729355143,31.49288000456205,2.2186178396828207,5627.164358293968,523.7438746421149,3.803486529318542,50.41171149756164,5.042303574406704,47.078453697933696,0.941569073958674,3.1550000000000002,50.0,15.817959093978228
resnet50,INT8,4,MAXN,default,inference,128,64,33.929581602514325,15.293116730443758,2.3738745690303755,32.317973920805905,2.2186178396828202,5774.592573086011,537.4656391988838,3.803486529318542,50.41171149756164,5.042303574406704,48.311879974816165,0.9662375994963233,3.1550000000000002,50.0,15.817959093978228
resnet50,INT8,4,MAXN,default,inference,128,64,32.48969142031301,14.644113483265704,2.273133017726633,30.94647650883198,2.21861783968282,5529.532694375835,514.6568846961267,3.803486529318542,50.41171149756164,5.042303574406704,46.26163949515546,0.9252327899031091,3.1550000000000002,50.0,15.817959093978228
resnet50,INT8,4,MAXN,default,train,128,64,31.442346706006585,26.679758584693694,18.526245175546464,29.827193608702256,1.1785094159002327,2538.1714942289104,698.8766063495168,12.678288431061805,57.27431978607164,7.9303688083176525,84.16456307097218,1.6832912614194435,3.1550000000000002,50.0,15.817959093978228
resnet50,INT8,4,MAXN,default,train,128,64,31.141300057860416,26.424311624249842,18.34886452183823,29.541611341466734,1.178509415900233,2513.869617912159,692.1851700589459,12.678288431061805,57.27431978607164,7.9303688083176525,83.35872437699317,1.6671744875398633,3.1550000000000002,50.0,15.817959093978228
resnet50,INT8,4,MAXN,default,train,128,64,31.323044237936475,26.578526921661982,18.455950588625814,29.714019555684025,1.1785094159002327,2528.5408478118957,696.2248416834261,12.678288431061805,57.27431978607164,7.9303688083176525,83.84521540292769,1.676904308058554,3.1550000000000002,50.0,15.817959093978228
resnet50,INT8,8,7W,default,inference,128,64,6.395023094711231,4.350618715838685,2.865170558558355,6.1488846079738435,1.469911181007375,649.9960859284038,103.45130852757363,3.3566433566433567,40.564570810120166,0.7822850924727937,15.559739348408305,0.3111947869681661,3.575,50.0,13.947147282556493
resnet50,INT8,8,7W,default,inference,128,64,6.197938979786939,4.216539788165501,2.776870704863126,5.95938607719663,1.4699111810073753,629.9642734701504,100.26310900476388,3.3566433566433567,40.564570810120166,0.7822850924727937,15.080213721601762,0.30160427443203525,3.575,50.0,13.947147282556493
resnet50,INT8,8,7W,default,inference,128,64,6.216472938754958,4.229148685361124,2.785174498732551,5.977206681334481,1.4699111810073753,631.8480822707681,100.56293001854922,3.3566433566433567,40.564570810120166,0.7822850924727937,15.125308722255467,0.30250617444510935,3.575,50.0,13.947147282556493
resnet50,INT8,8,7W,default,train,128,64,6.371290291389108,5.655673774351796,4.792808577326958,6.094257012501213,1.1265307274762906,344.40271361288495,113.5439314399825,29.65034965034965,41.75155720760311,1.2492110343131073,20.21940729136855,0.40438814582737104,3.575,50.0,13.947147282556493
resnet50,INT8,8,7W,default,train,128,64,6.234190218836018,5.533972635439919,4.6896749303523935,5.963118257184991,1.1265307274762908,336.991712879231,111.10064593164134,29.65034965034965,41.75155720760311,1.2492110343131073,19.784317681596164,0.3956863536319233,3.575,50.0,13.947147282556493
resnet50,INT8,8,7W,default,train,128,64,6.211026720262531,5.5134108362732155,4.672250168715971,5.940961942347741,1.126530727476291,335.73960044978173,110.6878449802404,29.65034965034965,41.75155720760311,1.2492110343131073,19.710807891501787,0.3942161578300357,3.575,50.0,13.947147282556493
resnet50,INT8,8,15W,default,inference,128,64,13.636995790385866,7.230256124737172,2.4951666393113863,13.050735939504001,1.8861013434543559,2127.797398897261,226.7844363940395,3.3566433566433567,42.99683633162781,1.6933974930521465,25.868607758538108,0.5173721551707622,3.575,50.0,13.947147282556493
resnet50,INT8,8,15W,default,inference,128,64,13.746356498457176,7.288238538275471,2.5151764123307028,13.15539518741563,1.8861013434543559,2144.8610860723893,228.60311456369075,3.3566433566433567,42.99683633162781,1.6933974930521465,26.076058820691195,0.5215211764138239,3.575,50.0,13.947147282556493
resnet50,INT8,8,15W,default,inference,128,64,13.333479089248023,7.069333329050087,2.439632065656468,12.76026754157636,1.8861013434543559,2080.4393108601366,221.73692702601176,3.3566433566433567,42.99683633162781,1.6933974930521465,25.29285378672595,0.505857075734519,3.575,50.0,13.947147282556493
resnet50,INT8,8,15W,default,train,128,64,12.716680200673098,11.094592326526584,8.413299373777969,12.23614156200505,1.1462052706766148,873.022916195553,254.45532211222528,16.223776223776223,45.52964170150688,2.5937163441035462,39.660703732156755,0.7932140746431351,3.575,50.0,13.947147282556493
resnet50,INT8,8,15W,default,train,128,64,13.314491299010289,11.616149078734066,8.808808552267148,12.811362540370489,1.1462052706766146,914.0637208842468,266.4172660464293,16.223776223776223,45.52964170150688,2.5937163441035462,41.52515329641423,0.8305030659282846,3.575,50.0,13.947147282556493
resnet50,INT8,8,15W,default,train,128,64,13.015205493406384,11.355038950155407,8.610802387046867,12.523386163904384,1.146205270676615,893.5172132532359,260.42868531098526,16.223776223776223,45.52964170150688,2.5937163441035462,40.59174257286169,0.8118348514572338,3.575,50.0,13.947147282556493
resnet50,INT8,8,25W,default,inference,128,64,23.334672605228373,11.14601456977458,2.52217492333324,22.194189016993263,2.093544060897482,3805.048910961008,347.5229466665866,3.3566433566433567,45.83436543011386,2.7791992412010558,39.886405903649035,0.7977281180729807,3.575,50.0,13.947147282556493
resnet50,INT8,8,25W,default,inference,128,64,22.66654551002494,10.826877701493425,2.4499590652567047,21.55871667550444,2.093544060897482,3696.1013238661812,337.5725393563568,3.3566433566433567,45.83436543011386,2.7791992412010558,38.744363374689826,0.7748872674937965,3.575,50.0,13.947147282556493
resnet50,INT8,8,25W,default,inference,128,64,23.57624331974308,11.261402976938626,2.5482855788658214,22.42395294767332,2.093544060897482,3844.440437884693,351.12065587625835,3.3566433566433567,45.83436543011386,2.7791992412010558,40.299327384767615,0.8059865476953523,3.575,50.0,13.947147282556493
resnet50,INT8,8,25W,default,train,128,64,21.963564881742936,18.6371390803427,13.455040234693247,20.69017848744452,1.1784837140003288,1346.6456416887395,476.65427702013574,12.867132867132867,50.260601840121566,4.390142579025334,66.62255095157359,1.3324510190314718,3.575,50.0,13.947147282556493
resnet50,INT8,8,25W,default,train,128,64,22.022881846754522,18.68747237244246,13.491378240619333,20.746056419830783,1.1784837140003286,1350.2825254478714,477.9415764737922,12.867132867132867,50.260601840121566,4.390142579025334,66.80247836977983,1.3360495673955968,3.575,50.0,13.947147282556493
resnet50,INT8,8,25W,default,train,128,64,22.05232211768394,18.712453855495358,13.509413565577209,20.77378982574772,1.1784837140003286,1352.0875881847583,478.5804905631349,12.867132867132867,50.260601840121566,4.390142579025334,66.8917801730428,1.337835603460856,3.575,50.0,13.947147282556493
resnet50,INT8,8,MAXN,default,inference,128,64,35.86447626247517,16.30926753095318,2.440468341727142,34.55831974895646,2.1990243396528006,6614.123740235729,544.3627809595262,3.3566433566433567,50.46406215199914,4.443343015717476,58.37497541910374,1.1674995083820747,3.575,50.0,13.947147282556493
resnet50,INT8,8,MAXN,default,inference,128,64,35.085483317557454,15.95502272753244,2.3874602451753573,33.80769712517609,2.199024339652801,6470.461925889165,532.5389706035678,3.3566433566433567,50.46406215199914,4.443343015717476,57.107044063340254,1.142140881266805,3.575,50.0,13.947147282556493
resnet50,INT8,8,MAXN,default,inference,128,64,35.661990282658365,16.21718761343449,2.426689787712579,34.36320815206659,2.199024339652801,6576.7812926179295,541.2893823611001,3.3566433566433567,50.46406215199914,4.443343015717476,58.04539820715691,1.1609079641431381,3.575,50.0,13.947147282556493
resnet50,INT8,8,MAXN,default,train,128,64,36.18258865521047,30.352417290310985,21.032423025768047,33.75463149206535,1.1920826044639476,2565.715195534861,725.945337163863,9.79020979020979,57.350908515352984,6.994053646189303,108.50208104890237,2.1700416209780475,3.575,50.0,13.947147282556493
resnet50,INT8,8,MAXN,default,train,128,64,35.951438085494914,30.158512464546412,20.89805849449494,33.53899179933137,1.1920826044639476,2549.3242585892704,721.3076734558622,9.79020979020979,57.350908515352984,6.994053646189303,107.80892119544987,2.1561784239089974,3.575,50.0,13.947147282556493
resnet50,INT8,8,MAXN,default,train,128,64,34.79679887359987,29.189922529946816,20.226883179258927,32.461832244076774,1.1920826044639479,2467.448542079616,698.141698241398,9.79020979020979,57.350908515352984,6.994053646189303,104.34646143213395,2.086929228642679,3.575,50.0,13.947147282556493
resnet50,INT8,16,7W,default,inference,128,64,7.135716205677875,4.676591491607201,3.0107383176404388,6.7389909726022355,1.525836973035579,774.3678475182065,111.23955581418161,2.973977695167286,40.560799448005554,0.7024469949787912,18.87742159217686,0.37754843184353715,4.035,50.0,12.364817244036917
resnet50,INT8,16,7W,default,inference,128,64,7.327867596449814,4.802523287839445,3.091811827055605,6.920459300442222,1.525836973035579,795.2201144218847,114.23502743082746,2.973977695167286,40.560799448005554,0.7024469949787912,19.38575498276753,0.3877150996553506,4.035,50.0,12.364817244036917
resnet50,INT8,16,7W,default,inference,128,64,7.154850686022824,4.689131809270943,3.018811636632139,6.757061631046786,1.525836973035579,776.4443211238003,111.53784557696868,2.973977695167286,40.560799448005554,0.7024469949787912,18.9280415498668,0.378560830997336,4.035,50.0,12.364817244036917
resnet50,INT8,16,7W,default,train,128,64,6.602414665905831,5.920081833263039,5.026577685290892,6.376468883682878,1.1152573312093397,295.59658085887287,119.36947327230412,30.73110285006196,41.69126683202109,1.0670242093590725,23.885912592931792,0.4777182518586358,4.035,50.0,12.364817244036917
resnet50,INT8,16,7W,default,train,128,64,6.950127917308374,6.231860327492255,5.291300178321427,6.712282800288542,1.1152573312093397,311.1640441938666,125.65601384420366,30.73110285006196,41.69126683202109,1.0670242093590725,25.143853626731698,0.502877072534634,4.035,50.0,12.364817244036917
resnet50,INT8,16,7W,default,train,128,64,6.843248444431014,6.136026415545256,5.209930255260516,6.609060923506677,1.1152573312093397,306.3789453557565,123.72366832721075,30.73110285006196,41.69126683202109,1.0670242093590725,24.757189977701863,0.49514379955403726,4.035,50.0,12.364817244036917
resnet50,INT8,16,15W,default,inference,128,64,14.447156159981596,7.585308021928885,2.5879111357942293,13.866233231377668,1.90462353252041,2170.126189431412,231.32097352390113,2.973977695167286,43.00612130320227,1.5059511570146935,30.630311348511505,0.6126062269702301,4.035,50.0,12.364817244036917
resnet50,INT8,16,15W,default,inference,128,64,15.117476145021287,7.937251581164787,2.7079851859823774,14.50959952085964,1.9046235325204102,2270.81582957411,242.0538173995295,2.973977695167286,43.00612130320227,1.5059511570146935,32.05149830167596,0.6410299660335192,4.035,50.0,12.364817244036917
resnet50,INT8,16,15W,default,inference,128,64,15.256478323562733,8.010233026667304,2.732884569761692,14.643012395060047,1.9046235325204095,2291.695528298236,244.27945398198838,2.973977695167286,43.00612130320227,1.5059511570146935,32.34620543709404,0.6469241087418809,4.035,50.0,12.364817244036917
resnet50,INT8,16,15W,default,train,128,64,14.70410762176919,12.59161944289087,9.46478781937004,13.867898337954067,1.1677693793446888,990.3870954434511,279.2146124001715,12.639405204460965,45.44394991259264,2.324630099862605,50.80325104387402,1.0160650208774804,4.035,50.0,12.364817244036917
resnet50,INT8,16,15W,default,train,128,64,14.608249100448056,12.509532583090758,9.40308529458439,13.777491203927111,1.1677693793446888,983.9305973718381,277.39436593813514,12.639405204460965,45.44394991259264,2.324630099862605,50.472056207122264,1.0094411241424452,4.035,50.0,12.364817244036917
resnet50,INT8,16,15W,default,train,128,64,14.378752723141153,12.313007154897317,9.25536231999815,13.561046077756444,1.1677693793446888,968.4729948853543,273.0364855631217,12.639405204460965,45.44394991259264,2.324630099862605,49.67913749556979,0.9935827499113958,4.035,50.0,12.364817244036917
resnet50,INT8,16,25W,default,inference,128,64,25.07021508633225,12.040856546126669,2.6338879224752167,24.154637774979008,2.0820956541000313,4225.539615020076,383.4883829845725,2.973977695167286,45.88537926925301,2.4711071692418147,48.629044341533074,0.9725808868306615,4.035,50.0,12.364817244036917
resnet50,INT8,16,25W,default,inference,128,64,25.276549016911048,12.139955706231294,2.6555654567874223,24.353436282955737,2.082095654100031,4260.3168275242815,386.64458508016827,2.973977695167286,45.88537926925301,2.4711071692418147,49.0292731319414,0.9805854626388281,4.035,50.0,12.364817244036917
resnet50,INT8,16,25W,default,inference,128,64,24.993701625062826,12.004108253069743,2.6258493842795803,24.080918625162845,2.082095654100031,4212.643408882119,382.31798921500496,2.973977695167286,45.88537926925301,2.4711071692418147,48.48063011820145,0.9696126023640289,4.035,50.0,12.364817244036917
resnet50,INT8,16,25W,default,train,128,64,23.62700362605001,20.309498739952826,14.566628617530773,22.640531571928314,1.1633474527646017,1769.1863451211602,453.1628593847612,10.161090458488228,50.36191302227556,3.8719339291644244,81.94541994426473,1.6389083988852946,4.035,50.0,12.364817244036917
resnet50,INT8,16,25W,default,train,128,64,24.400152144095664,20.974088253780643,15.043293687161023,23.38139967817022,1.1633474527646017,1827.0795855221104,467.9917474956669,10.161090458488228,50.36191302227556,3.8719339291644244,84.62692712957212,1.6925385425914425,4.035,50.0,12.364817244036917
resnet50,INT8,16,25W,default,train,128,64,23.35339646083129,20.074309188827314,14.39794307340015,22.378348022948355,1.1633474527646015,1748.6986832790733,447.91510950919235,10.161090458488228,50.36191302227556,3.8719339291644244,80.99646956492474,1.6199293912984947,4.035,50.0,12.364817244036917
resnet50,INT8,16,MAXN,default,inference,128,64,40.23042563553643,18.116388147926866,2.6215483287253964,38.56704635929588,2.220664809510618,7126.0267953318635,580.8059925275763,2.973977695167286,50.490264879099165,3.9510521283944016,73.17377638675472,1.4634755277350946,4.035,50.0,12.364817244036917
resnet50,INT8,16,MAXN,default,inference,128,64,38.86770616625037,17.50273431622303,2.5327489961110077,37.26067029897783,2.220664809510618,6884.6479061143655,561.1324339859483,2.973977695167286,50.490264879099165,3.9510521283944016,70.69517149634724,1.4139034299269448,4.035,50.0,12.364817244036917
resnet50,INT8,16,MAXN,default,inference,128,64,40.95191866616401,18.44128771292992,2.6685632140702347,39.25870832211498,2.2206648095106174,7253.825062133095,591.222175531746,2.973977695167286,50.490264879099165,3.9510521283944016,74.48607594246987,1.4897215188493973,4.035,50.0,12.364817244036917
resnet50,INT8,16,MAXN,default,train,128,64,38.4540194753701,33.05669181525802,23.168724990535274,36.81179847159709,1.1632748881913475,3085.511575955515,743.4213161497914,8.674101610904584,57.21525765681852,6.210852310156646,133.36759864220716,2.667351972844143,4.035,50.0,12.364817244036917
resnet50,INT8,16,MAXN,default,train,128,64,38.24235428393798,32.87473551792815,23.041195731506818,36.609172673910535,1.163274888191347,3068.527775372355,739.3292493816258,8.674101610904584,57.21525765681852,6.210852310156646,132.63349389366385,2.652669877873277,4.035,50.0,12.364817244036917
resnet50,INT8,16,MAXN,default,train,128,64,38.52166093572042,33.11483925834045,23.20947928395364,36.876551229324676,1.163274888191347,3090.9390582258443,744.7290104861954,8.674101610904584,57.21525765681852,6.210852310156646,133.60219516185975,2.672043903237195,4.035,50.0,12.364817244036917
resnet50,FP8,1,7W,default,inference,128,64,4.856175328292931,3.3594951472535004,2.3646499184438174,4.608831250828703,1.4455074692585927,428.07299439074836,87.06738556754112,4.809619238476953,40.63543212457336,1.1168126867247623,8.386106851829094,0.1677221370365819,2.495,50.0,20.0
resnet50,FP8,1,7W,default,inference,128,64,4.846721962933929,3.352955322617485,2.360046728049322,4.599859382486506,1.4455074692585927,427.23967801670364,86.89789419810315,4.809619238476953,40.63543212457336,1.1168126867247623,8.369781878645345,0.1673956375729069,2.495,50.0,20.0
resnet50,FP8,1,7W,default,inference,128,64,4.859375537867861,3.36170904766079,2.366208217887059,4.611868461164215,1.4455074692585925,428.35509361551,87.12476279594014,4.809619238476953,40.63543212457336,1.1168126867247623,8.391633279033496,0.16783266558066992,2.495,50.0,20.0
resnet50,FP8,1,7W,default,train,128,64,4.596259248801496,4.114441123960457,3.596625481681329,4.424434579718184,1.1171041486133244,199.7631863192959,88.56426165239557,47.69539078156313,41.854221632488674,1.750578498587803,10.265865059546371,0.20531730119092742,2.495,50.0,20.0
resnet50,FP8,1,7W,default,train,128,64,4.730788098352316,4.234867540528521,3.7018958465855545,4.55393425797884,1.1171041486133242,205.61009576965992,91.15646709305288,47.69539078156313,41.854221632488674,1.750578498587803,10.56633875812307,0.2113267751624614,2.495,50.0,20.0
resnet50,FP8,1,7W,default,train,128,64,4.58874892283138,4.107718092827291,3.5907485656290206,4.4172050166912955,1.1171041486133246,199.4367716057484,88.41954690975224,47.69539078156313,41.854221632488674,1.750578498587803,10.249090550366429,0.20498181100732857,2.495,50.0,20.0
resnet50,FP8,1,15W,default,inference,128,64,9.914797103418177,5.357867819536965,2.022684918351382,9.501576032758091,1.8505117030444078,1479.3700881480613,168.06735004870015,4.809619238476953,42.92859879958563,2.4227644597207263,13.382181551885493,0.2676436310377099,2.495,50.0,20.0
resnet50,FP8,1,15W,default,inference,128,64,10.387097588748532,5.6130947843561225,2.1190373760611214,9.954192352070143,1.8505117030444078,1549.8412438689038,176.07339295287827,4.809619238476953,42.92859879958563,2.4227644597207263,14.01965408670473,0.2803930817340946,2.495,50.0,20.0
resnet50,FP8,1,15W,default,inference,128,64,10.591555588769708,5.723582061839864,2.1607481754618014,10.150129113301205,1.8505117030444074,1580.3480758654584,179.53919400774515,4.809619238476953,42.92859879958563,2.4227644597207263,14.295614759170284,0.28591229518340566,2.495,50.0,20.0
resnet50,FP8,1,15W,default,train,128,64,9.656164554382162,8.25702696797391,6.295807003770534,9.137493697592902,1.1694481066653908,590.070494971784,217.86092488421787,19.639278557114228,45.46747933008272,3.7340781280909017,20.597572173984197,0.41195144347968393,2.495,50.0,20.0
resnet50,FP8,1,15W,default,train,128,64,9.825210962210901,8.401579263082382,6.406025046594529,9.297459953080422,1.1694481066653908,600.4006107210479,221.6749243816906,19.639278557114228,45.46747933008272,3.7340781280909017,20.958165198926494,0.41916330397852986,2.495,50.0,20.0
resnet50,FP8,1,15W,default,train,128,64,9.710256000777466,8.303280791539917,6.331074557998893,9.188679678087246,1.1694481066653912,593.3759239926402,219.08132792039635,19.639278557114228,45.46747933008272,3.7340781280909017,20.712954680656253,0.4142590936131251,2.495,50.0,20.0
resnet50,FP8,1,25W,default,inference,128,64,17.11390994502801,8.225772062134103,1.9847766699948994,16.240950805758658,2.080523240342252,2829.204772003237,260.49410880574806,4.809619238476953,45.845199716052655,4.037867145965857,20.551714289724416,0.4110342857944883,2.495,50.0,20.0
resnet50,FP8,1,25W,default,inference,128,64,17.26107206251547,8.296505286658553,2.001843718871186,16.380606367711614,2.0805232403422513,2853.5330386816877,262.734091648243,4.809619238476953,45.845199716052655,4.037867145965857,20.72843800759999,0.41456876015199984,2.495,50.0,20.0
resnet50,FP8,1,25W,default,inference,128,64,16.816870368063597,8.083000488519982,1.9503276618887533,15.959062846061645,2.080523240342252,2780.099348910503,255.972812379045,4.809619238476953,45.845199716052655,4.037867145965857,20.195006060095867,0.4039001212019173,2.495,50.0,20.0
resnet50,FP8,1,25W,default,train,128,64,15.92702465673004,13.736552199436932,9.908253982623492,15.285124570518306,1.1594630461479916,1179.228191592657,323.104797599861,12.024048096192384,50.2372545986817,6.251910168034387,34.26813913322019,0.6853627826644038,2.495,50.0,20.0
resnet50,FP8,1,25W,default,train,128,64,15.546384899397593,13.408262515175737,9.671456748185834,14.919825575086673,1.1594630461479916,1151.0458322153363,315.38292019952763,12.024048096192384,50.2372545986817,6.251910168034387,33.44916531701581,0.6689833063403162,2.495,50.0,20.0
resnet50,FP8,1,25W,default,train,128,64,15.833948221816321,13.65627673466646,9.850350828908429,15.195799355489221,1.1594630461479916,1172.3368632756117,321.2165954207174,12.024048096192384,50.2372545986817,6.251910168034387,34.0678784887878,0.681357569775756,2.495,50.0,20.0
resnet50,FP8,1,MAXN,default,inference,128,64,26.33387678710803,12.166335969678958,1.9525572138405405,25.503315891208928,2.164487061078827,4631.475018731387,416.23795445442306,4.809619238476953,50.45548336469457,6.39986248263669,30.4039215374045,0.60807843074809,2.495,50.0,20.0
resnet50,FP8,1,MAXN,default,inference,128,64,26.402394895271986,12.197991556536477,1.9576375720215942,25.569672963162304,2.164487061078827,4643.525652554033,417.32096389567596,4.809619238476953,50.45548336469457,6.39986248263669,30.48302949410035,0.609660589882007,2.495,50.0,20.0
resnet50,FP8,1,MAXN,default,inference,128,64,26.045883099227815,12.033281957456465,1.931203572773672,25.224405419497486,2.1644870610788267,4580.824080331671,411.68587484578245,4.809619238476953,50.45548336469457,6.39986248263669,30.071416849227923,0.6014283369845584,2.495,50.0,20.0
resnet50,FP8,1,MAXN,default,train,128,64,25.923292752641338,22.474249818116913,15.534019113025586,25.141281746033172,1.153466432136217,1962.51520916053,698.3562559587562,16.03206412825651,57.314503784096786,10.036070025634038,56.067343331223015,1.1213468666244604,2.495,50.0,20.0
resnet50,FP8,1,MAXN,default,train,128,64,25.563795870286082,22.162583286400455,15.318597735237432,24.792629570850178,1.1534664321362167,1935.2996040288826,688.6716491772792,16.03206412825651,57.314503784096786,10.036070025634038,55.28981729231106,1.1057963458462212,2.495,50.0,20.0
resnet50,FP8,1,MAXN,default,train,128,64,24.33567673586187,21.09786297880577,14.582671698014622,23.601558302594434,1.153466432136217,1842.3252082618556,655.5869369545067,16.03206412825651,57.314503784096786,10.036070025634038,52.633620110169105,1.052672402203382,2.495,50.0,20.0
resnet50,FP8,2,7W,default,inference,128,64,5.079317881533828,3.5791338699489263,2.4889589612352445,4.918463503456989,1.4191472199966382,502.95094903143746,81.80866839094575,4.308797127468582,40.579751068799304,0.9734934103282145,9.97212612331402,0.1994425224662804,2.785,50.0,17.905223175104137
resnet50,FP8,2,7W,default,inference,128,64,5.071749669208399,3.5738009402720143,2.4852503983283256,4.91113496506321,1.4191472199966377,502.2015492773121,81.68677301308526,4.308797127468582,40.579751068799304,0.9734934103282145,9.957267599079582,0.19914535198159164,2.785,50.0,17.905223175104137
resnet50,FP8,2,7W,default,inference,128,64,5.069641422079378,3.5723153670352743,2.484217318551344,4.909093482958288,1.4191472199966377,501.9927919364516,81.65281709729362,4.308797127468582,40.579751068799304,0.9734934103282145,9.953128518447091,0.19906257036894182,2.785,50.0,17.905223175104137
resnet50,FP8,2,7W,default,train,128,64,4.815181678739142,4.372176267907986,3.74321417718723,4.701145148839799,1.101323776464101,205.3842395432523,93.94139637066276,46.31956912028725,41.781416196961054,1.5471734322794135,12.175261389629927,0.24350522779259853,2.785,50.0,17.905223175104137
resnet50,FP8,2,7W,default,train,128,64,5.033489215968162,4.570399117440861,3.9129215574820635,4.914282572943827,1.1013237764641008,214.69581499601546,98.20044955988841,46.31956912028725,41.781416196961054,1.5471734322794135,12.727255375822711,0.2545451075164542,2.785,50.0,17.905223175104137
resnet50,FP8,2,7W,default,train,128,64,4.919414965905911,4.466819904406436,3.8242427954801212,4.802909909757396,1.101323776464101,209.83015162884695,95.9749272316031,46.31956912028725,41.781416196961054,1.5471734322794135,12.438816869241252,0.24877633738482505,2.785,50.0,17.905223175104137
resnet50,FP8,2,15W,default,inference,128,64,11.241442906767228,6.063703249273387,2.2954048480933014,10.806360429552331,1.853890674500651,1677.7875251434707,170.5484794999888,4.308797127468582,42.9892119358598,2.197114324078188,16.90148588972616,0.33802971779452323,2.785,50.0,17.905223175104137
resnet50,FP8,2,15W,default,inference,128,64,11.254497192218013,6.070744810909324,2.298070419618295,10.818909469288727,1.853890674500651,1679.7358797684633,170.74653134734098,4.308797127468582,42.9892119358598,2.197114324078188,16.921112980587782,0.33842225961175565,2.785,50.0,17.905223175104137
resnet50,FP8,2,15W,default,inference,128,64,11.443537117175634,6.172714105840127,2.336670727766433,11.000632899422223,1.8538906745006507,1707.9501250818498,173.61453254911785,4.308797127468582,42.9892119358598,2.197114324078188,17.205334112231192,0.3441066822446238,2.785,50.0,17.905223175104137
resnet50,FP8,2,15W,default,train,128,64,10.113455958130046,8.878436453961502,6.77780567769371,9.745658852632893,1.1391032656000468,639.2144587656409,210.43340961479075,17.235188509874327,45.5712174170004,3.3866244990219414,24.724329223152417,0.49448658446304833,2.785,50.0,17.905223175104137
resnet50,FP8,2,15W,default,train,128,64,10.859285811281913,9.53318820094994,7.277643698862179,10.464365033884837,1.1391032656000468,686.354153434552,225.9520928068681,17.235188509874327,45.5712174170004,3.3866244990219414,26.547656769158927,0.5309531353831786,2.785,50.0,17.905223175104137
resnet50,FP8,2,15W,default,train,128,64,10.760683426776621,9.446626791213879,7.211562647607206,10.369348532559965,1.1391032656000468,680.1220533388487,223.90044636142923,17.235188509874327,45.5712174170004,3.3866244990219414,26.306603876182525,0.5261320775236505,2.785,50.0,17.905223175104137
resnet50,FP8,2,25W,default,inference,128,64,19.443410799462782,9.119635136719943,2.184756450868894,18.038012107871978,2.132038234860347,3153.1081491573104,298.4494725437025,4.308797127468582,46.06859409584273,3.5850965911066908,25.432858249194297,0.5086571649838859,2.785,50.0,17.905223175104137
resnet50,FP8,2,25W,default,inference,128,64,20.139488933079605,9.446119963415565,2.262971184302914,18.683776677252574,2.132038234860347,3265.9900739489244,309.13402547373084,4.308797127468582,46.06859409584273,3.5850965911066908,26.343359842007917,0.5268671968401584,2.785,50.0,17.905223175104137
resnet50,FP8,2,25W,default,inference,128,64,19.301895265864943,9.053259435157017,2.1688550754304563,17.90672552781575,2.1320382348603464,3130.1587918237697,296.27725920137146,4.308797127468582,46.06859409584273,3.5850965911066908,25.247749548710928,0.5049549909742186,2.785,50.0,17.905223175104137
resnet50,FP8,2,25W,default,train,128,64,17.726243245803946,15.31064593344352,11.198841199387482,17.004194626344365,1.1577723972496785,1229.4023944044266,372.8962441575348,13.644524236983841,50.25444371153812,5.607518183111738,42.63215487914777,0.8526430975829554,2.785,50.0,17.905223175104137
resnet50,FP8,2,25W,default,train,128,64,17.182161461381988,14.8407074673733,10.855108722137222,16.482275095698768,1.1577723972496783,1191.667639259479,361.450725154319,13.644524236983841,50.25444371153812,5.607518183111738,41.32362161698063,0.8264724323396127,2.785,50.0,17.905223175104137
resnet50,FP8,2,25W,default,train,128,64,17.835373487027994,15.404904737231975,11.267785996351625,17.108879631264003,1.1577723972496785,1236.9711148604401,375.19195095294276,13.644524236983841,50.25444371153812,5.607518183111738,42.89461643297778,0.8578923286595556,2.785,50.0,17.905223175104137
resnet50,FP8,2,MAXN,default,inference,128,64,29.361568482724152,13.642107726137086,2.1672500818920084,28.52882623027947,2.1522750789066087,5234.827548421232,437.3815423239419,4.308797127468582,50.335272058612205,5.726189714648862,38.05064430551302,0.7610128861102603,2.785,50.0,17.905223175104137
resnet50,FP8,2,MAXN,default,inference,128,64,28.99927298148478,13.473776314975916,2.140508153742219,28.176806023833365,2.1522750789066083,5170.234457228817,431.9846451792156,4.308797127468582,50.335272058612205,5.726189714648862,37.58113337801411,0.7516226675602822,2.785,50.0,17.905223175104137
resnet50,FP8,2,MAXN,default,inference,128,64,30.50231995910804,14.172128952310187,2.251451773367246,29.637224123288462,2.1522750789066087,5438.210322675617,454.3746277050132,4.308797127468582,50.335272058612205,5.726189714648862,39.52898251807859,0.7905796503615719,2.785,50.0,17.905223175104137
resnet50,FP8,2,MAXN,default,train,128,64,28.074037629867618,23.81370629287204,16.529794469434766,26.58184395090932,1.1789024893731384,2184.763238948703,581.4754569596528,10.412926391382404,57.299926920292464,8.994922182947928,66.31432396789734,1.3262864793579467,2.785,50.0,17.905223175104137
resnet50,FP8,2,MAXN,default,train,128,64,28.251232418039933,23.964011165216945,16.634125505396167,26.749620466357886,1.1789024893731381,2198.5528001239113,585.1455532166212,10.412926391382404,57.299926920292464,8.994922182947928,66.73287981451988,1.3346575962903975,2.785,50.0,17.905223175104137
resnet50,FP8,2,MAXN,default,train,128,64,28.134778149795537,23.865229230922854,16.565558057259658,26.63935598546267,1.1789024893731381,2189.4901562807486,582.7335275673331,10.412926391382404,57.299926920292464,8.994922182947928,66.45780053402524,1.3291560106805047,2.785,50.0,17.905223175104137
resnet50,FP8,4,7W,default,inference,128,64,5.656424632283416,3.9092414892606464,2.672158828706104,5.447172643516338,1.4469366110593527,516.1407117326075,99.65509293175285,3.803486529318542,40.469663999841224,0.9055168187027076,12.338958755069239,0.24677917510138478,3.1550000000000002,50.0,15.817959093978228
resnet50,FP8,4,7W,default,inference,128,64,5.804248716707795,4.011404972646523,2.741992594374177,5.589528170386369,1.4469366110593525,529.6294494257711,102.25946297617716,3.803486529318542,40.469663999841224,0.9055168187027076,12.661423103008753,0.2532284620601751,3.1550000000000002,50.0,15.817959093978228
resnet50,FP8,4,7W,default,inference,128,64,5.828041425435564,4.027848477182876,2.753232538476478,5.612440699151866,1.4469366110593525,531.8005002953803,102.67864377562265,3.803486529318542,40.469663999841224,0.9055168187027076,12.713324661103908,0.25426649322207817,3.1550000000000002,50.0,15.817959093978228
resnet50,FP8,4,7W,default,train,128,64,5.59870525654763,5.015912283689981,4.32240287186306,5.4097974636548,1.1161888286509098,249.61008314623302,113.41727515072876,41.521394611727416,41.73854769206618,1.3665818653786328,15.823780252658958,0.3164756050531792,3.1550000000000002,50.0,15.817959093978228
resnet50,FP8,4,7W,default,train,128,64,5.29684052282868,4.745469930236397,4.089352383910503,5.118118049217007,1.11618882865091,236.151885611297,107.30216924790162,41.521394611727416,41.73854769206618,1.3665818653786328,14.970611351365244,0.2994122270273049,3.1550000000000002,50.0,15.817959093978228
resnet50,FP8,4,7W,default,train,128,64,5.6713791993279985,5.081021287574392,4.378509783120107,5.48001929054366,1.1161888286509098,252.85014456556885,114.88948706168244,41.521394611727416,41.73854769206618,1.3665818653786328,16.029180688644757,0.3205836137728951,3.1550000000000002,50.0,15.817959093978228
resnet50,FP8,4,15W,default,inference,128,64,12.318427926315124,6.543676699949304,2.4112539187539217,11.72088773085966,1.8824933582691452,1795.933466824894,206.37805841886393,3.803486529318542,43.05044423619276,1.8719222479707796,20.66432419645109,0.4132864839290218,3.1550000000000002,50.0,15.817959093978228
resnet50,FP8,4,15W,default,inference,128,64,12.103546604420949,6.4295295126828655,2.3691922666840584,11.516429835384214,1.8824933582691452,1764.6053980409768,202.7780219313941,3.803486529318542,43.05044423619276,1.8719222479707796,20.30385796440069,0.40607715928801386,3.1550000000000002,50.0,15.817959093978228
resnet50,FP8,4,15W,default,inference,128,64,12.55500225199818,6.669347435861264,2.4575618383433393,11.9459863496056,1.8824933582691448,1830.4242112142906,210.3415308926464,3.803486529318542,43.05044423619276,1.8719222479707796,21.061180726498094,0.4212236145299619,3.1550000000000002,50.0,15.817959093978228
resnet50,FP8,4,15W,default,train,128,64,11.856768953286181,10.30138831800023,7.784021665233221,11.380126620637636,1.1509874773449849,830.121467642332,245.10415439629887,19.334389857369253,45.44749908928709,2.9665504259163478,32.49514253117161,0.6499028506234322,3.1550000000000002,50.0,15.817959093978228
resnet50,FP8,4,15W,default,train,128,64,11.480186944156168,9.974206644400544,7.536793897756767,11.018683215285128,1.1509874773449849,803.7560377905456,237.31941849798406,19.334389857369253,45.44749908928709,2.9665504259163478,31.463066582861668,0.6292613316572333,3.1550000000000002,50.0,15.817959093978228
resnet50,FP8,4,15W,default,train,128,64,12.304558651107122,10.690436597529624,8.077997597718637,11.809915164270091,1.1509874773449846,861.472322383177,254.36090180060407,19.334389857369253,45.44749908928709,2.9665504259163478,33.7223731630588,0.674447463261176,3.1550000000000002,50.0,15.817959093978228
resnet50,FP8,4,25W,default,inference,128,64,20.192225704597536,9.706083508641239,2.26387332810897,19.24825920909352,2.0803680172976646,3232.4652326983824,301.9079784424913,3.803486529318542,45.82555386982558,3.16746450024082,30.656328467060654,0.6131265693412131,3.1550000000000002,50.0,15.817959093978228
resnet50,FP8,4,25W,default,inference,128,64,19.97562294665724,9.60196598898159,2.239588674516561,19.041782414943476,2.0803680172976646,3197.790457634375,298.6694003019977,3.803486529318542,45.82555386982558,3.16746450024082,30.32747688866447,0.6065495377732895,3.1550000000000002,50.0,15.817959093978228
resnet50,FP8,4,25W,default,inference,128,64,20.215176181965514,9.717115440096226,2.266446445819758,19.27013677444039,2.080368017297665,3236.1392516624696,302.2511269555779,3.803486529318542,45.82555386982558,3.16746450024082,30.691172440328465,0.6138234488065692,3.1550000000000002,50.0,15.817959093978228
resnet50,FP8,4,25W,default,train,128,64,19.793225510048845,17.163422236246173,12.29013777955707,19.011185725947605,1.1532213819368136,1557.703509902935,430.2608195465087,13.62916006339144,50.20929743816393,4.953672801962055,54.14959921988564,1.0829919843977127,3.1550000000000002,50.0,15.817959093978228
resnet50,FP8,4,25W,default,train,128,64,19.178630178571456,16.63048437964384,11.9085192657532,18.420873349266756,1.1532213819368133,1509.3355819709132,416.90088026442106,13.62916006339144,50.20929743816393,4.953672801962055,52.468211268992164,1.0493642253798432,3.1550000000000002,50.0,15.817959093978228
resnet50,FP8,4,25W,default,train,128,64,19.103107625292278,16.564996040230344,11.861625312830077,18.348334728102696,1.1532213819368133,1503.3920460747518,415.2591874715188,13.62916006339144,50.20929743816393,4.953672801962055,52.261599365841064,1.0452319873168212,3.1550000000000002,50.0,15.817959093978228
resnet50,FP8,4,MAXN,default,inference,128,64,33.794270410992276,14.923011771121413,2.3171158817394133,31.525378358152185,2.2645743988750304,5952.337890819552,496.87915876813065,3.803486529318542,50.557621823815786,5.050310665890739,47.14447968330257,0.9428895936660514,3.1550000000000002,50.0,15.817959093978228
resnet50,FP8,4,MAXN,default,inference,128,64,33.432589647972705,14.763299304531994,2.2923171146726835,31.18798025011821,2.264574398875031,5888.6334200936,491.56134509480074,3.803486529318542,50.557621823815786,5.050310665890739,46.639919259992716,0.9327983851998544,3.1550000000000002,50.0,15.817959093978228
resnet50,FP8,4,MAXN,default,inference,128,64,33.36921452871877,14.73531386087185,2.2879717776216237,31.12886003273594,2.2645743988750304,5877.470873333967,490.6295369640502,3.803486529318542,50.557621823815786,5.050310665890739,46.551508207297765,0.9310301641459553,3.1550000000000002,50.0,15.817959093978228
resnet50,FP8,4,MAXN,default,train,128,64,30.154279641382445,26.10682052748751,18.324075162612726,29.18518828194904,1.1550345477586372,2552.051786863634,628.6791770830359,12.99524564183835,57.32141459054711,7.951819191005646,82.35715275117926,1.647143055023585,3.1550000000000002,50.0,15.817959093978228
resnet50,FP8,4,MAXN,default,train,128,64,30.97851550022512,26.820423302782952,18.82494469120948,29.982935036809163,1.1550345477586372,2621.8094670792743,645.8634682557027,12.99524564183835,57.32141459054711,7.951819191005646,84.60829983003529,1.6921659966007059,3.1550000000000002,50.0,15.817959093978228
resnet50,FP8,4,MAXN,default,train,128,64,31.16942829121489,26.985710818520246,18.940958085434282,30.167712316078738,1.155034547758637,2637.9670186830576,649.8437621894824,12.99524564183835,57.32141459054711,7.951819191005646,85.1297194784795,1.70259438956959,3.1550000000000002,50.0,15.817959093978228
resnet50,FP8,8,7W,default,inference,128,64,6.24567102368463,4.243883330622072,2.810623962114678,5.998145168375526,1.471687729636322,661.1827322819398,101.2426330001929,3.3566433566433567,40.54037424500047,0.797766162131435,15.178587758863202,0.30357175517726404,3.575,50.0,13.947147282556493
resnet50,FP8,8,7W,default,inference,128,64,6.410834279188986,4.356110437078393,2.884949331129639,6.156762741930046,1.4716877296363218,678.6673375601931,103.91993745614873,3.3566433566433567,40.54037424500047,0.797766162131435,15.579976970479642,0.31159953940959284,3.575,50.0,13.947147282556493
resnet50,FP8,8,7W,default,inference,128,64,6.48088740822041,4.4037109759839765,2.916474046781517,6.224039554275107,1.471687729636322,686.083341234138,105.05550210663195,3.3566433566433567,40.54037424500047,0.797766162131435,15.750224100492446,0.31500448200984893,3.575,50.0,13.947147282556493
resnet50,FP8,8,7W,default,train,128,64,6.079795894593942,5.390365733921248,4.581474750469476,5.828999741567813,1.1279004421414582,295.1932813302258,112.89878086567907,31.888111888111887,41.72962294671563,1.2221071168237203,19.270452638797657,0.38540905277595316,3.575,50.0,13.947147282556493
resnet50,FP8,8,7W,default,train,128,64,6.151779845348583,5.4541869259920395,4.635718784075057,5.898014300217541,1.1279004421414582,298.688329354004,114.23548696946784,31.888111888111887,41.72962294671563,1.2221071168237203,19.498612158923045,0.3899722431784609,3.575,50.0,13.947147282556493
resnet50,FP8,8,7W,default,train,128,64,6.085225623576874,5.395179748332505,4.585566362534827,5.834205490146715,1.1279004421414582,295.456911811083,112.99960822785263,31.888111888111887,41.72962294671563,1.2221071168237203,19.28766264666982,0.3857532529333964,3.575,50.0,13.947147282556493
resnet50,FP8,8,15W,default,inference,128,64,13.316660750866125,7.105993981746896,2.536069833099265,12.773941086420809,1.8740039444267071,2004.5782475033434,210.17024441534053,3.3566433566433567,43.18406059618358,1.6752391535218325,25.42401988444326,0.5084803976888652,3.575,50.0,13.947147282556493
resnet50,FP8,8,15W,default,inference,128,64,13.697466623768065,7.309198395501977,2.608591789211335,13.139227240120867,1.8740039444267071,2061.901564783999,216.1803144231234,3.3566433566433567,43.18406059618358,1.6752391535218325,26.151050201269644,0.5230210040253929,3.575,50.0,13.947147282556493
resnet50,FP8,8,15W,default,inference,128,64,13.468365125836094,7.186945985834793,2.5649609264527915,12.919462759208983,1.8740039444267074,2027.4145497719967,212.5645192386474,3.3566433566433567,43.18406059618358,1.6752391535218325,25.71365218175493,0.5142730436350986,3.575,50.0,13.947147282556493
resnet50,FP8,8,15W,default,train,128,64,13.076568214313008,11.435534252247319,8.682689636498624,12.581868342001634,1.1435030428721065,961.0654743145459,250.99932404871006,16.783216783216783,45.78113359170941,2.645829873870422,40.87843492003782,0.8175686984007564,3.575,50.0,13.947147282556493
resnet50,FP8,8,15W,default,train,128,64,12.905966836865886,11.28634236464322,8.569412300453287,12.41772098813746,1.1435030428721065,948.527085721469,247.7247010957142,16.783216783216783,45.78113359170941,2.645829873870422,40.34512088909753,0.8069024177819506,3.575,50.0,13.947147282556493
resnet50,FP8,8,15W,default,train,128,64,13.02013548448438,11.386183504839696,8.645218958380948,12.527570519725419,1.1435030428721065,956.917937486018,249.91612111587156,16.783216783216783,45.78113359170941,2.645829873870422,40.702021534212726,0.8140404306842545,3.575,50.0,13.947147282556493
resnet50,FP8,8,25W,default,inference,128,64,22.69321101271049,10.930653790767215,2.4655027675340544,21.83308844390414,2.076107380866709,3890.6289366894425,345.1057689160251,3.3566433566433567,45.98278315113751,2.8115976430236485,39.117416503372894,0.7823483300674579,3.575,50.0,13.947147282556493
resnet50,FP8,8,25W,default,inference,128,64,22.53675056270737,10.855291383482772,2.448504129823584,21.682558188799305,2.0761073808667088,3863.804634307174,342.72640515507356,3.3566433566433567,45.98278315113751,2.8115976430236485,38.847717843908214,0.7769543568781643,3.575,50.0,13.947147282556493
resnet50,FP8,8,25W,default,inference,128,64,22.78525252037594,10.97498748396329,2.4755026124987034,21.92164137615531,2.076107380866709,3906.408957987405,346.5054851244227,3.3566433566433567,45.98278315113751,2.8115976430236485,39.27607302795777,0.7855214605591554,3.575,50.0,13.947147282556493
resnet50,FP8,8,25W,default,train,128,64,21.371944901322724,18.528983964066725,13.364971979574918,20.507576169897355,1.1534331802957656,1526.0517060420943,425.72827900972726,11.748251748251748,50.070068509795895,4.384612492102161,66.2377802522282,1.3247556050445641,3.575,50.0,13.947147282556493
resnet50,FP8,8,25W,default,train,128,64,21.07234040973902,18.26923377072923,13.17761394297792,20.220088907490272,1.1534331802957658,1504.658615818897,419.7601696413748,11.748251748251748,50.070068509795895,4.384612492102161,65.30922009695314,1.3061844019390627,3.575,50.0,13.947147282556493
resnet50,FP8,8,25W,default,train,128,64,21.556442368445563,18.68893901848568,13.48034769712352,20.6846118059915,1.1534331802957656,1539.2256439201497,429.403461101134,11.748251748251748,50.070068509795895,4.384612492102161,66.80959076085529,1.3361918152171057,3.575,50.0,13.947147282556493
resnet50,FP8,8,MAXN,default,inference,128,64,36.97521698022416,16.86061901874453,2.5170311048564327,35.39501544543837,2.1929928515149735,6747.642349613051,499.95762704729907,3.3566433566433567,50.364061053792234,4.456004082669034,60.3447930884348,1.206895861768696,3.575,50.0,13.947147282556493
resnet50,FP8,8,MAXN,default,inference,128,64,36.54641255448141,16.665085127493345,2.487840902184414,34.98453673802862,2.1929928515149735,6669.389424028034,494.1595801209919,3.3566433566433567,50.364061053792234,4.456004082669034,59.64496989711475,1.192899397942295,3.575,50.0,13.947147282556493
resnet50,FP8,8,MAXN,default,inference,128,64,37.679721207579675,17.181871423588813,2.5649891480696776,36.06941143402612,2.192992851514974,6876.207992987854,509.48352819189125,3.3566433566433567,50.364061053792234,4.456004082669034,61.49456759421888,1.2298913518843775,3.575,50.0,13.947147282556493
resnet50,FP8,8,MAXN,default,train,128,64,33.75724740679912,28.97779079319325,20.206113423498913,32.32345024318435,1.1649351618180823,2683.0436284626917,691.3314394180614,10.909090909090908,57.516668172355125,6.9954613961496825,103.58921814277002,2.0717843628554005,3.575,50.0,13.947147282556493
resnet50,FP8,8,MAXN,default,train,128,64,34.54561626408944,29.654539923213445,20.678008254199888,33.07833411226329,1.1649351618180823,2745.7035963783596,707.4768368888613,10.909090909090908,57.516668172355125,6.9954613961496825,106.00844719159244,2.1201689438318487,3.575,50.0,13.947147282556493
resnet50,FP8,8,MAXN,default,train,128,64,33.910146338146035,29.109041815875322,20.297634308240998,32.469854982293285,1.164935161818082,2695.19611526369,694.462732589562,10.909090909090908,57.516668172355125,6.9954613961496825,104.05841163364401,2.0811682326728804,3.575,50.0,13.947147282556493
resnet50,FP8,16,7W,default,inference,128,64,7.211174672336831,4.732816166010556,3.08671588765219,6.798491113032353,1.52365408234636,714.7352324385301,109.65687651389885,2.973977695167286,40.612933807444875,0.6917842383756352,19.1035204310987,0.382070408621974,4.035,50.0,12.364817244036917
resnet50,FP8,16,7W,default,inference,128,64,7.058354514866747,4.632517706379386,3.0213018005651056,6.654416599563953,1.5236540823463598,699.5884698466213,107.3330136346904,2.973977695167286,40.612933807444875,0.6917842383756352,18.69867612581336,0.3739735225162672,4.035,50.0,12.364817244036917
resnet50,FP8,16,7W,default,inference,128,64,7.337569455852315,4.815771204808366,3.1408186939384195,6.9176525328437535,1.52365408234636,727.2628453559525,111.57890139857237,2.973977695167286,40.612933807444875,0.6917842383756352,19.43835982121015,0.388767196424203,4.035,50.0,12.364817244036917
resnet50,FP8,16,7W,default,train,128,64,6.869008263757271,6.099950898230974,5.138394416060057,6.582576456406703,1.1260759928000943,379.33384715052307,119.72554706203891,27.75712515489467,41.638312507066814,1.0708099593347926,24.612580470438974,0.4922516094087795,4.035,50.0,12.364817244036917
resnet50,FP8,16,7W,default,train,128,64,7.008127471253968,6.223494254439788,5.242463203215178,6.715894511173579,1.1260759928000945,387.01656089403355,122.15036918843843,27.75712515489467,41.638312507066814,1.0708099593347926,25.11106330202363,0.5022212660404726,4.035,50.0,12.364817244036917
resnet50,FP8,16,7W,default,train,128,64,6.671585075203615,5.924631301848543,4.990711057602428,6.393385647046517,1.1260759928000945,368.43135660819564,116.28449729987284,27.75712515489467,41.638312507066814,1.0708099593347926,23.905186633013358,0.4781037326602672,4.035,50.0,12.364817244036917
resnet50,FP8,16,15W,default,inference,128,64,15.352724233508559,7.915856809658061,2.7881792817034112,14.339011343594773,1.9394898875352125,2264.899101598417,228.39662138230798,2.973977695167286,42.81852197134179,1.4793910589902137,31.96215601623421,0.6392431203246842,4.035,50.0,12.364817244036917
resnet50,FP8,16,15W,default,inference,128,64,15.228972492581743,7.8520504749500795,2.7657049615189977,14.223430708526354,1.9394898875352127,2246.6427190448476,226.5556139436295,2.973977695167286,42.81852197134179,1.4793910589902137,31.70452275254602,0.6340904550509204,4.035,50.0,12.364817244036917
resnet50,FP8,16,15W,default,inference,128,64,15.340807534985734,7.909712565957997,2.7860151125681947,14.327881483336874,1.9394898875352127,2263.141099606858,228.21934120458513,2.973977695167286,42.81852197134179,1.4793910589902137,31.937347169830666,0.6387469433966133,4.035,50.0,12.364817244036917
resnet50,FP8,16,15W,default,train,128,64,14.427685958850281,12.295114232295967,9.252555001997779,13.608196804941143,1.1734487119243366,923.2731318423018,284.74648170442606,12.391573729863692,45.62200367449954,2.331797139074143,49.602855529984225,0.9920571105996845,4.035,50.0,12.364817244036917
resnet50,FP8,16,15W,default,train,128,64,14.59507726484477,12.437763249925366,9.35990397465962,13.766080324301486,1.1734487119243364,933.9850294930752,288.0501359138246,12.391573729863692,45.62200367449954,2.331797139074143,50.178352306938024,1.0035670461387605,4.035,50.0,12.364817244036917
resnet50,FP8,16,15W,default,train,128,64,14.625301747676623,12.463520219552347,9.379287103084113,13.794588063649053,1.1734487119243364,935.9191894825618,288.64664980886334,12.391573729863692,45.62200367449954,2.331797139074143,50.28226506603556,1.0056453013207112,4.035,50.0,12.364817244036917
resnet50,FP8,16,25W,default,inference,128,64,25.29761801157368,12.05333851757875,2.6378359991440217,24.22417024018991,2.0988059013425446,4309.146130875578,374.3925984443238,2.973977695167286,45.88955343137351,2.4632851419731705,48.675491322404596,0.9735098264480919,4.035,50.0,12.364817244036917
resnet50,FP8,16,25W,default,inference,128,64,25.037072216949635,11.929198503269955,2.6106683394785755,23.974680122920727,2.098805901342545,4264.765276428868,370.53664580014953,2.973977695167286,45.88955343137351,2.4632851419731705,48.17417161082109,0.9634834322164219,4.035,50.0,12.364817244036917
resnet50,FP8,16,25W,default,inference,128,64,25.41327741742224,12.108445760118224,2.6498960493925217,24.334921898147307,2.0988059013425446,4328.847324916206,376.10430211027204,2.973977695167286,45.88955343137351,2.4632851419731705,48.89803316026302,0.9779606632052604,4.035,50.0,12.364817244036917
resnet50,FP8,16,25W,default,train,128,64,24.888588152034256,20.836618598438005,14.889305567546721,23.183365862886415,1.1944638730345625,1819.9921538347253,461.4958348775618,7.434944237918216,50.307291506210404,3.8668844744850164,84.06600310358628,1.6813200620717257,4.035,50.0,12.364817244036917
resnet50,FP8,16,25W,default,train,128,64,24.018835560771024,20.108465482300968,14.368986294296768,22.373203694977303,1.1944638730345625,1756.3910012821202,445.368475792745,7.434944237918216,50.307291506210404,3.8668844744850164,81.12824610468192,1.6225649220936385,4.035,50.0,12.364817244036917
resnet50,FP8,16,25W,default,train,128,64,24.460667691238537,20.478365435277386,14.633307177422205,22.784764040145767,1.1944638730345623,1788.7002269340867,453.56113367596004,7.434944237918216,50.307291506210404,3.8668844744850164,82.62061927684637,1.6524123855369275,4.035,50.0,12.364817244036917
resnet50,FP8,16,MAXN,default,inference,128,64,41.267932858157614,18.24107301248672,2.6360890570515134,38.87671986105878,2.2623632299431136,7234.867060887165,614.6425243530496,2.973977695167286,50.41274835508893,3.934805126391468,73.67885774040214,1.4735771548080427,4.035,50.0,12.364817244036917
resnet50,FP8,16,MAXN,default,inference,128,64,41.71629266795742,18.43925507444106,2.664729124687015,39.29910008500787,2.262363229943113,7313.471037260189,621.3203728961539,2.973977695167286,50.41274835508893,3.934805126391468,74.47934946254139,1.4895869892508278,4.035,50.0,12.364817244036917
resnet50,FP8,16,MAXN,default,inference,128,64,41.276374177125525,18.24480420775023,2.636628266723945,38.884672059534566,2.2623632299431136,7236.346946510738,614.7682489348231,2.973977695167286,50.41274835508893,3.934805126391468,73.69392868523273,1.4738785737046547,4.035,50.0,12.364817244036917
resnet50,FP8,16,MAXN,default,train,128,64,38.34019178246146,32.48453728763777,22.620300725802338,36.36821112203564,1.180259747675461,2954.4454777005503,739.4982610311521,8.921933085501859,57.32434047822393,6.201387623810646,131.06095266153176,2.621219053230635,4.035,50.0,12.364817244036917
resnet50,FP8,16,MAXN,default,train,128,64,37.59199315894475,31.850610200833113,22.178871586308013,35.658495175499354,1.180259747675461,2896.790261675212,725.0671495715169,8.921933085501859,57.32434047822393,6.201387623810646,128.50333310306615,2.5700666620613233,4.035,50.0,12.364817244036917
resnet50,FP8,16,MAXN,default,train,128,64,38.36885518111225,32.50882295755683,22.637211822673827,36.39540025399204,1.1802597476754608,2956.654242043719,740.0511151633841,8.921933085501859,57.32434047822393,6.201387623810646,131.15893475705715,2.623178695141143,4.035,50.0,12.364817244036917
resnet50,INT4,1,7W,default,inference,128,64,4.308828974766444,3.1150869759465842,2.307488345275475,4.1111630150659515,1.383213055698747,358.8563939631714,72.6026876977324,5.611222444889779,40.555438237638135,1.1293125872094234,7.776339201190362,0.15552678402380724,2.495,50.0,20.0
resnet50,INT4,1,7W,default,inference,128,64,4.4350425414717245,3.206333632551862,2.3750789449241583,4.23158658037268,1.383213055698747,369.36796118534045,74.72935464608041,5.611222444889779,40.555438237638135,1.1293125872094234,8.004122553056986,0.16008245106113972,2.495,50.0,20.0
resnet50,INT4,1,7W,default,inference,128,64,4.380703981118559,3.167049329870295,2.3459792532333843,4.179740781682568,1.3832130556987468,364.8424300176654,73.81376353063612,5.611222444889779,40.555438237638135,1.1293125872094234,7.906055287104879,0.1581211057420976,2.495,50.0,20.0
resnet50,INT4,1,7W,default,train,128,64,4.214880793091858,3.814795934407959,3.385577444035329,4.083995063094987,1.1048771325027613,164.44024557819114,84.5889583241323,49.69939879759519,41.881558124067006,1.7562226984270324,9.517565192350995,0.1903513038470199,2.495,50.0,20.0
resnet50,INT4,1,7W,default,train,128,64,4.136458116366157,3.743817293961253,3.3225849043984854,4.008007665039177,1.1048771325027613,161.38064677748264,83.01508402996721,49.69939879759519,41.881558124067006,1.7562226984270324,9.340480008941096,0.18680960017882192,2.495,50.0,20.0
resnet50,INT4,1,7W,default,train,128,64,4.2792243785648685,3.873031898914944,3.437261038978944,4.146340571381792,1.1048771325027615,166.95055975217792,85.8802776133805,49.69939879759519,41.881558124067006,1.7562226984270324,9.662858570624634,0.19325717141249268,2.495,50.0,20.0
resnet50,INT4,1,15W,default,inference,128,64,9.433382691296012,5.266306057322832,2.1780058305464443,9.08294606664761,1.7912712608449397,1412.0225931042592,171.1405983116481,4.809619238476953,42.79802976487699,2.424031230063741,13.153123751316304,0.26306247502632607,2.495,50.0,20.0
resnet50,INT4,1,15W,default,inference,128,64,9.464871150825383,5.2838848909800635,2.1852759743213994,9.113264775109526,1.7912712608449393,1416.7358987903035,171.7118625103047,4.809619238476953,42.79802976487699,2.424031230063741,13.197028638723266,0.2639405727744653,2.495,50.0,20.0
resnet50,INT4,1,15W,default,inference,128,64,9.719045785765728,5.425781118813502,2.243960526299543,9.357997187248719,1.7912712608449395,1454.781670797512,176.32310330513332,4.809619238476953,42.79802976487699,2.424031230063741,13.551428596534866,0.2710285719306973,2.495,50.0,20.0
resnet50,INT4,1,15W,default,train,128,64,8.839839478342157,7.746355949926279,5.865789273058194,8.506985053440363,1.1411610227420912,557.7054400198078,208.26966946502492,20.440881763527052,45.43779666412482,3.7698806736825214,19.324609986837455,0.3864921997367491,2.495,50.0,20.0
resnet50,INT4,1,15W,default,train,128,64,9.062115970929842,7.941136956425762,6.013283700877642,8.720891969375586,1.1411610227420914,571.7288631157124,213.50658035628032,20.440881763527052,45.43779666412482,3.7698806736825214,19.810524526238655,0.3962104905247731,2.495,50.0,20.0
resnet50,INT4,1,15W,default,train,128,64,8.827219121619967,7.735296724741856,5.857414872904823,8.4948399023584,1.1411610227420914,556.909221760845,207.9723295043273,20.440881763527052,45.43779666412482,3.7698806736825214,19.297020857855117,0.3859404171571023,2.495,50.0,20.0
resnet50,INT4,1,25W,default,inference,128,64,15.61052762575935,7.756539005032737,2.015763491833612,15.058614284394405,2.0125635435637785,2632.0065258321833,270.14396815976284,4.809619238476953,45.75580713363121,3.972614502244284,19.38050382268098,0.38761007645361956,2.495,50.0,20.0
resnet50,INT4,1,25W,default,inference,128,64,15.601621806916643,7.752113893154315,2.0146134971045173,15.050023332566637,2.012563543563778,2630.5049639456265,269.9898508038631,4.809619238476953,45.75580713363121,3.972614502244284,19.369447229318922,0.38738894458637846,2.495,50.0,20.0
resnet50,INT4,1,25W,default,inference,128,64,15.570413920051127,7.736607358235047,2.010583670534339,15.019918806812916,2.012563543563778,2625.2431711442136,269.4497907496583,4.809619238476953,45.75580713363121,3.972614502244284,19.330702570253273,0.38661405140506544,2.495,50.0,20.0
resnet50,INT4,1,25W,default,train,128,64,14.806748296990278,12.793530357626492,9.286665217148876,14.208972728475766,1.1573621887850263,1399.8770925770039,339.9890774484718,15.631262525050099,50.451220808523615,6.2311868210336865,31.916275691600408,0.6383255138320082,2.495,50.0,20.0
resnet50,INT4,1,25W,default,train,128,64,14.52551194763658,12.55053265813457,9.11027619702406,13.939090406032625,1.1573621887850263,1373.2881133383787,333.53139443503295,15.631262525050099,50.451220808523615,6.2311868210336865,31.310064477603042,0.6262012895520609,2.495,50.0,20.0
resnet50,INT4,1,25W,default,train,128,64,14.626312564511052,12.637627793824366,9.173497477201126,14.035821517243182,1.1573621887850263,1382.8181243610472,335.845954529524,15.631262525050099,50.451220808523615,6.2311868210336865,31.52734245204548,0.6305468490409096,2.495,50.0,20.0
resnet50,INT4,1,MAXN,default,inference,128,64,25.120999029451298,11.587607001069445,2.0214123858936723,24.055759107493405,2.1679194873568655,4333.157595330149,442.5566627606058,4.809619238476953,50.32322563631912,6.390972888610922,28.958707909331274,0.5791741581866254,2.495,50.0,20.0
resnet50,INT4,1,MAXN,default,inference,128,64,25.72375229657731,11.865640051024126,2.0699141560015395,24.63295300723596,2.167919487356865,4437.127381503665,453.17536761603816,4.809619238476953,50.32322563631912,6.390972888610922,29.653543165828577,0.5930708633165716,2.495,50.0,20.0
resnet50,INT4,1,MAXN,default,inference,128,64,24.436163922339038,11.271711917739015,1.9663057332407035,23.39996399577301,2.1679194873568655,4215.029393404214,430.4919220554451,4.809619238476953,50.32322563631912,6.390972888610922,28.169251255570444,0.5633850251114089,2.495,50.0,20.0
resnet50,INT4,1,MAXN,default,train,128,64,22.3692385225783,19.365953434899804,13.574375333064534,21.620239816578454,1.1550806727783518,1852.7517329166353,527.9129994136914,13.627254509018035,57.2080197455528,10.052159451818305,48.307603460329176,0.9661520692065835,2.495,50.0,20.0
resnet50,INT4,1,MAXN,default,train,128,64,22.982868205770313,19.89719744032155,13.946745614098036,22.213323076689946,1.1550806727783518,1903.576147782414,542.3946316899168,13.627254509018035,57.2080197455528,10.052159451818305,49.632770581114585,0.9926554116222917,2.495,50.0,20.0
resnet50,INT4,1,MAXN,default,train,128,64,23.24929742347493,20.127855976979223,14.108423455619855,22.470831331836994,1.1550806727783518,1925.6433806166303,548.6823489632578,13.627254509018035,57.2080197455528,10.052159451818305,50.20813916087779,1.004162783217556,2.495,50.0,20.0
resnet50,INT4,2,7W,default,inference,128,64,4.789901141088564,3.4535219666762638,2.526139101734178,4.583958825330257,1.3869612492137868,421.3724860073436,73.13801275435964,4.66786355475763,40.67666014497975,0.9805026567733571,9.62211595066829,0.1924423190133658,2.785,50.0,17.905223175104137
resnet50,INT4,2,7W,default,inference,128,64,4.782000611302655,3.447825679350004,2.5219724526471228,4.5763979796739145,1.3869612492137868,420.67746834860617,73.01737789547047,4.66786355475763,40.67666014497975,0.9805026567733571,9.60624509834117,0.19212490196682339,2.785,50.0,17.905223175104137
resnet50,INT4,2,7W,default,inference,128,64,4.886110946444719,3.5228893014959586,2.5768790531698325,4.676032079736802,1.3869612492137868,429.83616065679416,74.60706060398469,4.66786355475763,40.67666014497975,0.9805026567733571,9.815385472409977,0.19630770944819953,2.785,50.0,17.905223175104137
resnet50,INT4,2,7W,default,train,128,64,4.728333919960591,4.242232747928023,3.716049011532353,4.530979932344684,1.1145861627394178,209.632566649929,89.23125476420195,45.960502692998205,41.840836885645366,1.5984670332115978,11.8139296143891,0.236278592287782,2.785,50.0,17.905223175104137
resnet50,INT4,2,7W,default,train,128,64,4.633229562744913,4.156905690769937,3.6413054636767717,4.439845096836626,1.1145861627394178,205.41607711255713,87.43648280614016,45.960502692998205,41.840836885645366,1.5984670332115978,11.576307610277954,0.23152615220555908,2.785,50.0,17.905223175104137
resnet50,INT4,2,7W,default,train,128,64,4.594246148191207,4.1219300057516595,3.6106679745377512,4.402488795012961,1.1145861627394174,203.68773190936125,86.70080316622817,45.960502692998205,41.840836885645366,1.5984670332115978,11.478906004667607,0.22957812009335213,2.785,50.0,17.905223175104137
resnet50,INT4,2,15W,default,inference,128,64,10.140762141747107,5.603115655649286,2.321206965101217,9.649732469091358,1.8098434451415943,1524.1810391385814,156.06476504000835,4.308797127468582,42.87370665461707,2.1286210772247363,15.61807366770596,0.31236147335411923,2.785,50.0,17.905223175104137
resnet50,INT4,2,15W,default,inference,128,64,10.13865955345301,5.601953904173078,2.3207256854375404,9.64773169101895,1.8098434451415948,1523.8650150403741,156.03240653050892,4.308797127468582,42.87370665461707,2.1286210772247363,15.614835412197046,0.3122967082439409,2.785,50.0,17.905223175104137
resnet50,INT4,2,15W,default,inference,128,64,10.165353179327965,5.616703039490066,2.3268358208927125,9.673132774756327,1.8098434451415943,1527.8771314726266,156.44321731494597,4.308797127468582,42.87370665461707,2.1286210772247363,15.655947017966493,0.31311894035932986,2.785,50.0,17.905223175104137
resnet50,INT4,2,15W,default,train,128,64,9.298881659651192,8.200757272937404,6.317903207348757,8.965574009644975,1.1339052419387672,566.7430784183696,207.842831169591,20.107719928186714,45.67887538293845,3.3743440052033975,22.83684620224072,0.4567369240448144,2.785,50.0,17.905223175104137
resnet50,INT4,2,15W,default,train,128,64,9.512329809678446,8.388998884434232,6.462925458520241,9.171371357792207,1.1339052419387674,579.752197800333,212.61369173469276,20.107719928186714,45.67887538293845,3.3743440052033975,23.361047149487533,0.46722094298975064,2.785,50.0,17.905223175104137
resnet50,INT4,2,15W,default,train,128,64,9.519273288554082,8.395122393364982,6.467643039522363,9.178065955704348,1.1339052419387672,580.1753850971439,212.76888806479965,20.107719928186714,45.67887538293845,3.3743440052033975,23.378099432223802,0.46756198864447607,2.785,50.0,17.905223175104137
resnet50,INT4,2,25W,default,inference,128,64,16.87535059363811,8.385327202723582,2.151840367337848,16.27905385908603,2.01248564136614,2749.226615101681,253.35437083679557,4.308797127468582,45.81905917046766,3.611009831424512,23.380044360433477,0.46760088720866955,2.785,50.0,17.905223175104137
resnet50,INT4,2,25W,default,inference,128,64,16.853187286625744,8.374314300789374,2.149014239463451,16.257673700697747,2.0124856413661405,2745.6159076868057,253.02162689333647,4.308797127468582,45.81905917046766,3.611009831424512,23.34933808868832,0.4669867617737664,2.785,50.0,17.905223175104137
resnet50,INT4,2,25W,default,inference,128,64,17.167007937576567,8.53025114053636,2.18903070851831,16.560405383253002,2.0124856413661405,2796.741606153052,257.7331043311571,4.308797127468582,45.81905917046766,3.611009831424512,23.784122581000815,0.4756824516200163,2.785,50.0,17.905223175104137
resnet50,INT4,2,25W,default,train,128,64,15.724410831477199,13.702634703287073,9.910506198232847,15.156617685855792,1.147546524589547,1112.1089207710413,329.9858755200848,13.285457809694792,50.19405867630823,5.624265487969386,38.15719619082236,0.7631439238164472,2.785,50.0,17.905223175104137
resnet50,INT4,2,25W,default,train,128,64,15.754088971453001,13.728496957531117,9.929211216394382,15.185224177129863,1.1475465245895469,1114.2079071542328,330.6086884895937,13.285457809694792,50.19405867630823,5.624265487969386,38.22921380863788,0.7645842761727576,2.785,50.0,17.905223175104137
resnet50,INT4,2,25W,default,train,128,64,16.065765730733617,14.000099679165515,10.12564938427234,15.485646592482073,1.1475465245895469,1136.2512452549595,337.149405937944,13.285457809694792,50.19405867630823,5.624265487969386,38.98553538910583,0.7797107077821166,2.785,50.0,17.905223175104137
resnet50,INT4,2,MAXN,default,inference,128,64,26.84791357226946,12.508570710135615,2.149834398620649,25.8757620782361,2.146361418456448,4727.287178105819,386.06057320411725,4.308797127468582,50.31782673123346,5.734189742961292,34.884390601605325,0.6976878120321065,2.785,50.0,17.905223175104137
resnet50,INT4,2,MAXN,default,inference,128,64,27.091642040137184,12.622124963287911,2.169350844199733,26.11066524228503,2.1463614184564483,4770.202038435246,389.56527578586116,4.308797127468582,50.31782673123346,5.734189742961292,35.20107513841084,0.7040215027682168,2.785,50.0,17.905223175104137
resnet50,INT4,2,MAXN,default,inference,128,64,27.335970104188892,12.735958571155974,2.188915302168984,26.34614629139598,2.146361418456448,4813.2224735738655,393.0786002832658,4.308797127468582,50.31782673123346,5.734189742961292,35.51853875055972,0.7103707750111944,2.785,50.0,17.905223175104137
resnet50,INT4,2,MAXN,default,train,128,64,26.440297186787724,22.076910406177902,15.652690648117765,24.569817631586265,1.1976448108150493,1793.0058004789705,677.2617893186771,14.00359066427289,57.28106888473186,8.990511477738085,61.48049907382899,1.2296099814765797,2.785,50.0,17.905223175104137
resnet50,INT4,2,MAXN,default,train,128,64,26.350204923008118,22.00168587970223,15.599355909677856,24.48609881120221,1.1976448108150493,1786.89633996898,674.9540978680055,14.00359066427289,57.28106888473186,8.990511477738085,61.271011362676134,1.2254202272535226,2.785,50.0,17.905223175104137
resnet50,INT4,2,MAXN,default,train,128,64,26.116014494653538,21.806143406474963,15.46071486862268,24.268475836880633,1.197644810815049,1771.0150965211476,668.9553669374026,14.00359066427289,57.28106888473186,8.990511477738085,60.726458315036865,1.2145291663007374,2.785,50.0,17.905223175104137
resnet50,INT4,4,7W,default,inference,128,64,5.335693866841597,3.8117013672960836,2.759262522732564,5.100132515499113,1.3998194907453076,460.8883016123714,82.10506531554051,4.437400950871632,40.44864142548954,0.8867438159024102,12.029870122688155,0.2405974024537631,3.1550000000000002,50.0,15.817959093978228
resnet50,INT4,4,7W,default,inference,128,64,5.282386912028854,3.7736200609811092,2.7316957457984765,5.049178967501869,1.3998194907453079,456.28373611800265,81.28478380841125,4.437400950871632,40.44864142548954,0.8867438159024102,11.909684115200267,0.23819368230400534,3.1550000000000002,50.0,15.817959093978228
resnet50,INT4,4,7W,default,inference,128,64,5.210755404630065,3.722448100687394,2.694652740943831,4.98070986317617,1.3998194907453076,450.09632645566705,80.18252611889551,4.437400950871632,40.44864142548954,0.8867438159024102,11.748183520862407,0.23496367041724814,3.1550000000000002,50.0,15.817959093978228
resnet50,INT4,4,7W,default,train,128,64,5.112107555802439,4.5670932616827615,3.9636817709293495,4.909342881638279,1.1193350481130453,180.9593042387059,99.04743906663387,41.521394611727416,41.722792006768515,1.4142394957008453,14.408889674698212,0.2881777934939642,3.1550000000000002,50.0,15.817959093978228
resnet50,INT4,4,7W,default,train,128,64,5.002652306470882,4.469307304282363,3.878815446860016,4.804229023352199,1.119335048113045,177.08478760381425,96.9267360062325,41.521394611727416,41.722792006768515,1.4142394957008453,14.100381178990826,0.2820076235798165,3.1550000000000002,50.0,15.817959093978228
resnet50,INT4,4,7W,default,train,128,64,5.028964284892204,4.492814098307688,3.899216486565705,4.829497373549158,1.1193350481130453,178.01618375624096,97.4365324162181,41.521394611727416,41.722792006768515,1.4142394957008453,14.174543623747205,0.2834908724749441,3.1550000000000002,50.0,15.817959093978228
resnet50,INT4,4,15W,default,inference,128,64,10.853387523253511,5.9605656100667845,2.4342674574634446,10.440420346104641,1.820865373065142,1549.0872320593724,184.02935442004915,3.803486529318542,42.885813883465026,1.8825800004548323,18.821583427375934,0.3764316685475187,3.1550000000000002,50.0,15.817959093978228
resnet50,INT4,4,15W,default,inference,128,64,11.124733344193496,6.109585864366647,2.495126640849066,10.701441564014955,1.8208653730651425,1587.81600183657,188.63027704859934,3.803486529318542,42.885813883465026,1.8825800004548323,19.292142319293273,0.38584284638586547,3.1550000000000002,50.0,15.817959093978228
resnet50,INT4,4,15W,default,inference,128,64,11.579348323967999,6.35925560189877,2.5970906081882457,11.138758620492718,1.820865373065142,1652.7024954923781,196.3386999772322,3.803486529318542,42.885813883465026,1.8825800004548323,20.080520487015388,0.40161040974030776,3.1550000000000002,50.0,15.817959093978228
resnet50,INT4,4,15W,default,train,128,64,10.686560569880978,9.255496218354512,7.0429310030731695,10.107247062767208,1.1546177879354034,725.5156026137931,207.75863411607244,14.263074484944532,45.38970916644375,3.0225116581717093,29.198953127139283,0.5839790625427856,3.1550000000000002,50.0,15.817959093978228
resnet50,INT4,4,15W,default,train,128,64,10.977054792505891,9.507089624986806,7.2343799499405925,10.381993727905812,1.1546177879354036,745.2373914536508,213.40616519181063,14.263074484944532,45.38970916644375,3.0225116581717093,29.992672222695212,0.5998534444539042,3.1550000000000002,50.0,15.817959093978228
resnet50,INT4,4,15W,default,train,128,64,10.806092627380202,9.35902143574525,7.121708082762878,10.22029934270006,1.1546177879354034,733.630689985556,210.08247038095212,14.263074484944532,45.38970916644375,3.0225116581717093,29.52555128014533,0.5905110256029066,3.1550000000000002,50.0,15.817959093978228
resnet50,INT4,4,25W,default,inference,128,64,18.703101037164917,9.122938434153625,2.2874945346085527,17.792073107688893,2.0501180811596793,3143.9956376611676,293.68756098031093,3.803486529318542,46.07088510199456,3.1767163184618354,28.816490704012693,0.5763298140802539,3.1550000000000002,50.0,15.817959093978228
resnet50,INT4,4,25W,default,inference,128,64,19.476586572943344,9.500226719587841,2.3820961695019345,18.527882168066814,2.0501180811596798,3274.0187362611855,305.83330515422665,3.803486529318542,46.07088510199456,3.1767163184618354,30.00822563113288,0.6001645126226576,3.1550000000000002,50.0,15.817959093978228
resnet50,INT4,4,25W,default,inference,128,64,19.189749258540605,9.360314137459651,2.3470143513737938,18.255016697376917,2.0501180811596798,3225.8013169461387,301.3292097586189,3.803486529318542,46.07088510199456,3.1767163184618354,29.56628582726689,0.5913257165453377,3.1550000000000002,50.0,15.817959093978228
resnet50,INT4,4,25W,default,train,128,64,17.209924306446045,14.778414380597734,10.651803044488739,16.466754052397647,1.1645311779212653,1088.3122759725284,376.54468074982503,14.263074484944532,50.3470709570646,4.952060925499276,46.61844741288632,0.9323689482577264,3.1550000000000002,50.0,15.817959093978228
resnet50,INT4,4,25W,default,train,128,64,18.206247665556262,15.63397185986479,11.26846120061383,17.42005352187768,1.1645311779212655,1151.3172563112093,398.34374589964887,14.263074484944532,50.3470709570646,4.952060925499276,49.31729996423152,0.9863459992846305,3.1550000000000002,50.0,15.817959093978228
resnet50,INT4,4,25W,default,train,128,64,17.4514105170604,14.985782130978977,10.801267011187335,16.697812246868764,1.1645311779212655,1103.583255833332,381.8282802858908,14.263074484944532,50.3470709570646,4.952060925499276,47.272588129022154,0.9454517625804431,3.1550000000000002,50.0,15.817959093978228
resnet50,INT4,4,MAXN,default,inference,128,64,29.891793076565133,13.728000803380043,2.311744792878566,28.824637398131486,2.1774323519274064,5320.972266399222,456.03336333759785,3.803486529318542,50.388932522967345,5.04555198645327,43.364559512656726,0.8672911902531345,3.1550000000000002,50.0,15.817959093978228
resnet50,INT4,4,MAXN,default,inference,128,64,30.39938472983753,13.961115578598246,2.3510004627661325,29.314107712422054,2.177432351927406,5411.32753892503,463.77725237934874,3.803486529318542,50.388932522967345,5.04555198645327,44.10093181391274,0.8820186362782547,3.1550000000000002,50.0,15.817959093978228
resnet50,INT4,4,MAXN,default,inference,128,64,29.818633117959756,13.69440161553817,2.306086813348198,28.754089295732246,2.177432351927407,5307.94922325982,454.9172248075671,3.803486529318542,50.388932522967345,5.04555198645327,43.25842505057343,0.8651685010114686,3.1550000000000002,50.0,15.817959093978228
resnet50,INT4,4,MAXN,default,train,128,64,29.033963688071758,24.785504004175138,17.20521939603637,27.7224433554438,1.171409049546903,2191.871825051031,646.288838220545,11.72741679873217,57.35558437851012,7.8985945777196775,78.19392141362547,1.5638784282725096,3.1550000000000002,50.0,15.817959093978228
resnet50,INT4,4,MAXN,default,train,128,64,28.830812451444277,24.61207932668433,17.084834124693348,27.528468853357218,1.1714090495469032,2176.5352531460717,641.7667420261155,11.72741679873217,57.35558437851012,7.8985945777196775,77.64679694923635,1.552935938984727,3.1550000000000002,50.0,15.817959093978228
resnet50,INT4,4,MAXN,default,train,128,64,27.502822312966263,23.478410315853594,16.297881232771328,26.26046659964944,1.1714090495469032,2076.280799439794,612.2060105673961,11.72741679873217,57.35558437851012,7.8985945777196775,74.0702698983025,1.48140539796605,3.1550000000000002,50.0,15.817959093978228
resnet50,INT4,8,7W,default,inference,128,64,5.811636501865171,4.072931857170913,2.8659741064698947,5.55543382426874,1.426892642859479,540.385932662343,99.34721438214942,3.3566433566433567,40.704321644320835,0.792426583464572,14.565532742902146,0.2913106548580429,3.575,50.0,13.947147282556493
resnet50,INT4,8,7W,default,inference,128,64,5.900171553361846,4.134979308280656,2.9096346425380086,5.640065858560656,1.4268926428594793,548.6182259864324,100.8606797784371,3.3566433566433567,40.704321644320835,0.792426583464572,14.787425524918966,0.2957485104983793,3.575,50.0,13.947147282556493
resnet50,INT4,8,7W,default,inference,128,64,5.7996014315734365,4.064497396209915,2.8600390828643087,5.5439293131805645,1.426892642859479,539.2668704701072,99.14148047088473,3.3566433566433567,40.704321644320835,0.792426583464572,14.535369602048256,0.29070739204096513,3.575,50.0,13.947147282556493
resnet50,INT4,8,7W,default,train,128,64,5.726047564184235,5.064833177817973,4.405902609184171,5.4542759393571485,1.1305500819379655,249.06934519430342,102.2905972288517,33.00699300699301,41.67067908030614,1.2299901840917187,18.10641745707489,0.36212834914149783,3.575,50.0,13.947147282556493
resnet50,INT4,8,7W,default,train,128,64,5.842913390941071,5.168203942743758,4.495824923880444,5.565595040337006,1.1305500819379652,254.1527285612145,104.37829822689655,33.00699300699301,41.67067908030614,1.2299901840917187,18.475960570715948,0.369519211414319,3.575,50.0,13.947147282556493
resnet50,INT4,8,7W,default,train,128,64,5.787359056710535,5.119064735982298,4.453078686900368,5.512677444888464,1.1305500819379652,251.7362481714859,103.38587090885653,33.00699300699301,41.67067908030614,1.2299901840917187,18.300291410470116,0.3660058282094023,3.575,50.0,13.947147282556493
resnet50,INT4,8,15W,default,inference,128,64,12.341212544895317,6.692662943497285,2.590696660448839,11.849635452593233,1.8439913453114005,1807.9430877297825,198.75404632225295,3.3566433566433567,42.99834571025791,1.6752591044462968,23.9433710713204,0.478867421426408,3.575,50.0,13.947147282556493
resnet50,INT4,8,15W,default,inference,128,64,12.616611485059005,6.842012310490752,2.648509060322653,12.1140646594559,1.8439913453114005,1848.2880383110767,203.18931988319935,3.3566433566433567,42.99834571025791,1.6752591044462968,24.477676674841916,0.48955353349683833,3.575,50.0,13.947147282556493
resnet50,INT4,8,15W,default,inference,128,64,12.418748271899938,6.73471071514316,2.606973144488443,11.92408276449344,1.8439913453114,1819.3017918425392,200.00275178135144,3.3566433566433567,42.99834571025791,1.6752591044462968,24.09379929514385,0.481875985902877,3.575,50.0,13.947147282556493
resnet50,INT4,8,15W,default,train,128,64,11.629562842047509,10.127112390614323,7.672491774079494,11.107375129690965,1.14835921568577,725.6264845707777,228.4968545117339,14.265734265734265,45.593705009694204,2.6328120217428355,36.20164945659387,0.7240329891318774,3.575,50.0,13.947147282556493
resnet50,INT4,8,15W,default,train,128,64,11.649858102643705,10.144785658977547,7.685881376259045,11.12675909758886,1.1483592156857703,726.8928072004318,228.89561440242858,14.265734265734265,45.593705009694204,2.6328120217428355,36.264826544134706,0.7252965308826941,3.575,50.0,13.947147282556493
resnet50,INT4,8,15W,default,train,128,64,11.987652259700887,10.438939398019437,7.908737809175232,11.44938570617351,1.1483592156857703,747.9694710461039,235.53257087347848,14.265734265734265,45.593705009694204,2.6328120217428355,37.31634549014839,0.7463269098029679,3.575,50.0,13.947147282556493
resnet50,INT4,8,25W,default,inference,128,64,21.418993810343302,10.189513610068461,2.4786055601827193,19.990273992063017,2.1020624369330805,3495.9321564002294,309.1389458082836,3.3566433566433567,45.877303912772696,2.7643148497431436,36.465234089547145,0.7293046817909429,3.575,50.0,13.947147282556493
resnet50,INT4,8,25W,default,inference,128,64,21.433372118264803,10.196353705618852,2.480269417704498,20.003693217888383,2.1020624369330796,3498.2789327923647,309.3464669921781,3.3566433566433567,45.877303912772696,2.7643148497431436,36.48971275408255,0.729794255081651,3.575,50.0,13.947147282556493
resnet50,INT4,8,25W,default,inference,128,64,20.939754802510425,9.961528465853581,2.4231480312255282,19.543001857849255,2.10206243693308,3417.7124663009095,302.22212035030435,3.3566433566433567,45.877303912772696,2.7643148497431436,35.64934316767624,0.7129868633535249,3.575,50.0,13.947147282556493
resnet50,INT4,8,25W,default,train,128,64,19.672928938634396,16.93953793527992,12.204529121295945,18.722898651854294,1.1613616034745347,1407.3950048669735,390.25936404999896,11.468531468531468,50.34736270655545,4.384074128298154,60.553830630942144,1.2110766126188428,3.575,50.0,13.947147282556493
resnet50,INT4,8,25W,default,train,128,64,19.33597559152276,16.649401472955404,11.995492787653419,18.40221720233282,1.1613616034745342,1383.2894708574024,383.5750925127771,11.468531468531468,50.34736270655545,4.384074128298154,59.51667871649299,1.1903335743298598,3.575,50.0,13.947147282556493
resnet50,INT4,8,25W,default,train,128,64,19.37972140623817,16.68706916799933,12.022631454767723,18.443850477068587,1.1613616034745347,1386.4190323632852,384.4428948559839,11.468531468531468,50.34736270655545,4.384074128298154,59.65132956911143,1.1930265913822287,3.575,50.0,13.947147282556493
resnet50,INT4,8,MAXN,default,inference,128,64,32.951919159822125,15.253425480120917,2.471809712863194,31.87585577277232,2.160296334929281,5795.292442648489,476.04693916210294,3.3566433566433567,50.361055097510395,4.4518996394807,54.59421744377454,1.0918843488754908,3.575,50.0,13.947147282556493
resnet50,INT4,8,MAXN,default,inference,128,64,32.146376290643246,14.880540123536145,2.411383833614503,31.096618357428106,2.160296334929281,5653.620679030125,464.40949202658027,3.3566433566433567,50.361055097510395,4.4518996394807,53.25960678431846,1.0651921356863692,3.575,50.0,13.947147282556493
resnet50,INT4,8,MAXN,default,inference,128,64,33.50363892169135,15.508816258204739,2.5131956564118085,32.409558816623395,2.1602963349292814,5892.324040441404,484.01747655748886,3.3566433566433567,50.361055097510395,4.4518996394807,55.508298001614754,1.110165960032295,3.575,50.0,13.947147282556493
resnet50,INT4,8,MAXN,default,train,128,64,33.136716525164836,28.254320845329566,19.871896978803615,31.537383361032052,1.1728017355845355,2547.7430950868693,695.8372608137506,10.909090909090908,57.264311809247005,7.017564087448906,101.00215673373023,2.0200431346746046,3.575,50.0,13.947147282556493
resnet50,INT4,8,MAXN,default,train,128,64,31.856334980616328,27.162591948876024,19.104059582255683,30.31879902760387,1.1728017355845355,2449.2999304865734,668.9505538559706,10.909090909090908,57.264311809247005,7.017564087448906,97.09949796114927,1.9419899592229855,3.575,50.0,13.947147282556493
resnet50,INT4,8,MAXN,default,train,128,64,30.908245116690132,26.354194557262634,18.535495582008963,29.416468421714118,1.1728017355845353,2376.4052789448187,649.0416333864769,10.909090909090908,57.264311809247005,7.017564087448906,94.20967871906434,1.8841935743812868,3.575,50.0,13.947147282556493
resnet50,INT4,16,7W,default,inference,128,64,6.462887756677366,4.448898997449134,3.056558581143437,6.162028350755803,1.4526937474604378,617.534205693442,110.43028588558981,3.22180916976456,40.47956039477049,0.6792664717849544,17.95694687722957,0.35913893754459136,4.035,50.0,12.364817244036917
resnet50,INT4,16,7W,default,inference,128,64,6.295982927184333,4.334005662370896,2.9776225995779013,6.002893250482474,1.4526937474604376,601.5863128647464,107.57841088318735,3.22180916976456,40.47956039477049,0.6792664717849544,17.493206631445034,0.3498641326289007,4.035,50.0,12.364817244036917
resnet50,INT4,16,7W,default,inference,128,64,6.4490557207583885,4.439377351236256,3.0500168571224444,6.14884022175057,1.4526937474604376,616.2125433598321,110.19394019332022,3.22180916976456,40.47956039477049,0.6792664717849544,17.918514965125823,0.35837029930251646,4.035,50.0,12.364817244036917
resnet50,INT4,16,7W,default,train,128,64,6.3539726746171965,5.66305484547069,4.859242507391997,6.095839833766512,1.122004438946782,269.34926171785713,109.79453464648495,34.44857496902107,41.62784215488328,1.093243274705368,22.849560826396623,0.45699121652793245,4.035,50.0,12.364817244036917
resnet50,INT4,16,7W,default,train,128,64,6.3642974330429745,5.672256911048496,4.867138434489939,6.105745144492397,1.122004438946782,269.7869353122853,109.97294303832867,34.44857496902107,41.62784215488328,1.093243274705368,22.886689754666975,0.4577337950933395,4.035,50.0,12.364817244036917
resnet50,INT4,16,7W,default,train,128,64,6.16035469362961,5.49049048274024,4.711171879520279,5.9100876655596055,1.122004438946782,261.14166264481725,106.44888032747222,34.44857496902107,41.62784215488328,1.093243274705368,22.15328999549845,0.443065799909969,4.035,50.0,12.364817244036917
resnet50,INT4,16,15W,default,inference,128,64,13.894606310092597,7.475069051311978,2.7671019152641536,13.33675045101565,1.8587930378588142,2151.512611349847,216.00625666873725,2.973977695167286,42.961821988668696,1.4760489330740618,30.18374130686399,0.6036748261372797,4.035,50.0,12.364817244036917
resnet50,INT4,16,15W,default,inference,128,64,14.131415961667361,7.602468738502302,2.8142624051550835,13.564052409556966,1.8587930378588142,2188.181441000845,219.68771156124026,2.973977695167286,42.961821988668696,1.4760489330740618,30.698171230431484,0.6139634246086296,4.035,50.0,12.364817244036917
resnet50,INT4,16,15W,default,inference,128,64,14.296795954980414,7.6914404475332105,2.847197724517858,13.722792545922308,1.8587930378588142,2213.789733408492,222.2587173519912,2.973977695167286,42.961821988668696,1.4760489330740618,31.057431998537318,0.6211486399707463,4.035,50.0,12.364817244036917
resnet50,INT4,16,15W,default,train,128,64,13.075967097686723,11.312615904105288,8.569128621715898,12.443483592538081,1.155874751563122,805.5256494056974,243.287334860898,12.88723667905824,45.76371828220947,2.336922864610698,45.6432382830261,0.912864765660522,4.035,50.0,12.364817244036917
resnet50,INT4,16,15W,default,train,128,64,13.032626031836072,11.27511957001542,8.540725738387888,12.402238930650618,1.1558747515631222,802.8556870270482,242.48094460906694,12.88723667905824,45.76371828220947,2.336922864610698,45.491951071817724,0.9098390214363544,4.035,50.0,12.364817244036917
resnet50,INT4,16,15W,default,train,128,64,13.276276837349041,11.485913001728912,8.700398447536468,12.634104365769806,1.1558747515631222,817.8654352064982,247.01423493223203,12.88723667905824,45.76371828220947,2.336922864610698,46.34244355859119,0.9268488711718238,4.035,50.0,12.364817244036917
resnet50,INT4,16,25W,default,inference,128,64,22.017421171574394,10.580701121568332,2.4853968388883896,20.963309950922653,2.080903800098159,3711.865186016676,339.75686934480325,2.973977695167286,46.036859282662434,2.472584399252459,42.72884405331506,0.8545768810663011,4.035,50.0,12.364817244036917
resnet50,INT4,16,25W,default,inference,128,64,23.13862053424109,11.119505155956569,2.611961404739233,22.030830509901826,2.0809038000981586,3900.8855462321408,357.05840445204973,2.973977695167286,46.036859282662434,2.472584399252459,44.90473705852825,0.898094741170565,4.035,50.0,12.364817244036917
resnet50,INT4,16,25W,default,inference,128,64,23.26026057932227,11.177960546866727,2.6256925216203197,22.146646887651507,2.0809038000981595,3921.392554979616,358.93546537492944,2.973977695167286,46.036859282662434,2.472584399252459,45.14080187631092,0.9028160375262183,4.035,50.0,12.364817244036917
resnet50,INT4,16,25W,default,train,128,64,21.85025330730503,18.588112495785868,13.464013673020403,20.646018133149816,1.175496076444487,1673.7770275802693,434.2442456321764,11.648079306071871,50.33885237097218,3.8868584855821466,74.99892386461757,1.4999784772923512,4.035,50.0,12.364817244036917
resnet50,INT4,16,25W,default,train,128,64,21.354270947655202,18.16617798695277,13.158391894728721,20.17737089839994,1.1754960764444875,1635.7836978009116,424.38726674118095,11.648079306071871,50.33885237097218,3.8868584855821466,73.29651141628523,1.4659302283257045,4.035,50.0,12.364817244036917
resnet50,INT4,16,25W,default,train,128,64,21.944547268386987,18.66832880868685,13.522117126716578,20.735115261817597,1.1754960764444875,1681.0001505197984,436.1182106348616,11.648079306071871,50.33885237097218,3.8868584855821466,75.32257895037871,1.5064515790075743,4.035,50.0,12.364817244036917
resnet50,INT4,16,MAXN,default,inference,128,64,37.651390278159596,16.605158901744925,2.59899506486106,34.84932066574803,2.267451368634784,6577.323918407127,549.6477607137847,2.973977695167286,50.355266929275366,3.95159480026477,67.06996486773116,1.3413992973546232,4.035,50.0,12.364817244036917
resnet50,INT4,16,MAXN,default,inference,128,64,38.82483003700023,17.122673753473432,2.6799951054865887,35.93543138133285,2.2674513686347844,6782.312189374358,566.778032159655,2.973977695167286,50.355266929275366,3.95159480026477,69.16026121053295,1.383205224210659,4.035,50.0,12.364817244036917
resnet50,INT4,16,MAXN,default,inference,128,64,37.542875618470326,16.557301355078064,2.591504529640078,34.748881820209846,2.2674513686347844,6558.367485154618,548.0636269205253,2.973977695167286,50.355266929275366,3.95159480026477,66.87666325631056,1.3375332651262113,4.035,50.0,12.364817244036917
resnet50,INT4,16,MAXN,default,train,128,64,34.45892301666085,29.632671092748673,20.657443000789208,33.08189004059345,1.1628692840009685,2816.477827946347,682.8807005586614,9.66542750929368,57.354730966786036,6.226118044108736,119.55550536072792,2.3911101072145584,4.035,50.0,12.364817244036917
resnet50,INT4,16,MAXN,default,train,128,64,34.49315983809718,29.66211276939056,20.677967298284155,33.11475870458358,1.1628692840009682,2819.276152445004,683.5591798192019,9.66542750929368,57.354730966786036,6.226118044108736,119.67429028290289,2.3934858056580577,4.035,50.0,12.364817244036917
resnet50,INT4,16,MAXN,default,train,128,64,35.04799362107468,30.139237576633334,21.01057918058902,33.64742045348367,1.1628692840009682,2864.625133525932,694.5544532997479,9.66542750929368,57.354730966786036,6.226118044108736,121.59929047176563,2.4319858094353126,4.035,50.0,12.364817244036917
mobilenet_v3_large,FP16,1,7W,default,inference,128,64,5.325577051784238,3.4608001953555485,2.155407526698382,5.053048194358481,1.5388282336932515,568.5652332555192,90.10103430680722,5.210420841683367,40.46324273009756,1.1087246654811764,8.639983399922047,0.17279966799844093,2.495,50.0,20.0
mobilenet_v3_large,FP16,1,7W,default,inference,128,64,5.573066476574569,3.6216299873826583,2.255573304751037,5.2878726986139615,1.5388282336932515,594.9875122247145,94.28819617429626,5.210420841683367,40.46324273009756,1.1087246654811764,9.041499423641637,0.18082998847283274,2.495,50.0,20.0
mobilenet_v3_large,FP16,1,7W,default,inference,128,64,5.696541875255236,3.70186987119628,2.3055471951089324,5.405029418774832,1.5388282336932515,608.1698994420153,96.37722071086628,5.210420841683367,40.46324273009756,1.1087246654811764,9.241820512704145,0.1848364102540829,2.495,50.0,20.0
mobilenet_v3_large,FP16,1,7W,default,train,128,64,5.390426173295146,4.72502349793006,4.02011778845631,5.102337993023648,1.1408252627011455,311.21004246544584,111.41818389890135,38.07615230460922,41.81125174975913,1.711995956194278,11.787495417936283,0.23574990835872567,2.495,50.0,20.0
mobilenet_v3_large,FP16,1,7W,default,train,128,64,5.263887074260336,4.614104584077117,3.925746385043858,4.982561702271924,1.1408252627011455,303.90445342329207,108.8026659132347,38.07615230460922,41.81125174975913,1.711995956194278,11.51078648953057,0.23021572979061142,2.495,50.0,20.0
mobilenet_v3_large,FP16,1,7W,default,train,128,64,5.465169994074088,4.7905408240470955,4.075860869583963,5.173087173931363,1.1408252627011453,315.5252908133188,112.96311198086131,38.07615230460922,41.81125174975913,1.711995956194278,11.950941204341007,0.23901882408682013,2.495,50.0,20.0
mobilenet_v3_large,FP16,1,15W,default,inference,128,64,11.951221706294705,6.269862377228987,2.058955102122853,11.510715354271685,1.9061378045073833,1870.9895565404822,202.54933242972234,4.809619238476953,42.905396780175856,2.4312375637148613,15.663190016336854,0.31326380032673706,2.495,50.0,20.0
mobilenet_v3_large,FP16,1,15W,default,inference,128,64,11.807062465776523,6.194233406344882,2.0341193647331988,11.371869634221259,1.9061378045073833,1848.421116249038,200.1061212963238,4.809619238476953,42.905396780175856,2.4312375637148613,15.474255894592815,0.3094851178918563,2.495,50.0,20.0
mobilenet_v3_large,FP16,1,15W,default,inference,128,64,11.595918316397652,6.0834627428180434,1.9977434749429492,11.168507981166165,1.9061378045073838,1815.3660438789539,196.52764977649525,4.809619238476953,42.905396780175856,2.4312375637148613,15.19753180614107,0.3039506361228214,2.495,50.0,20.0
mobilenet_v3_large,FP16,1,15W,default,train,128,64,11.047195853287716,9.62911144462151,7.1841116683275335,10.663496057073862,1.1472705365206153,797.5131555674235,257.1602280771373,19.238476953907814,45.45544629647474,3.7738620059021772,24.021321659628157,0.4804264331925631,2.495,50.0,20.0
mobilenet_v3_large,FP16,1,15W,default,train,128,64,11.142939223822511,9.712564621084281,7.24637462397336,10.755913994417202,1.1472705365206153,804.4250089077569,259.38897348281176,19.238476953907814,45.45544629647474,3.7738620059021772,24.229508635846994,0.4845901727169399,2.495,50.0,20.0
mobilenet_v3_large,FP16,1,15W,default,train,128,64,11.016951842805408,9.602749736968814,7.164443659224727,10.634302505080104,1.1472705365206153,795.3297964093998,256.4561981371517,19.238476953907814,45.45544629647474,3.7738620059021772,23.955558264670653,0.4791111652934131,2.495,50.0,20.0
mobilenet_v3_large,FP16,1,25W,default,inference,128,64,18.960859300577788,9.148473691062355,1.9231928660658821,18.420623565942627,2.0725707851247024,3242.4986260399514,301.2398606538929,4.809619238476953,45.984825860400356,4.016139459694092,22.861391841382417,0.45722783682764834,2.495,50.0,20.0
mobilenet_v3_large,FP16,1,25W,default,inference,128,64,19.41472730568223,9.367461630273866,1.9692285280427535,18.861559893675384,2.0725707851247024,3320.1146433113736,308.4506696391568,4.809619238476953,45.984825860400356,4.016139459694092,23.40862728807143,0.4681725457614286,2.495,50.0,20.0
mobilenet_v3_large,FP16,1,25W,default,inference,128,64,19.69375539358452,9.502090608885807,1.997530242621129,19.132637870158035,2.072570785124703,3367.831267189394,312.88371673822246,4.809619238476953,45.984825860400356,4.016139459694092,23.74505562980231,0.47490111259604617,2.495,50.0,20.0
mobilenet_v3_large,FP16,1,25W,default,train,128,64,18.43978780123766,15.997614932023506,11.419436951305503,17.733883550697875,1.1526585606411548,1438.9053380308153,446.1901101022107,15.230460921843687,50.48302177012207,6.259501255052757,39.90880835612832,0.7981761671225663,2.495,50.0,20.0
mobilenet_v3_large,FP16,1,25W,default,train,128,64,18.600548769103103,16.137084653027458,11.518993397212494,17.888490334374197,1.152658560641155,1451.4499408918673,450.080065600896,15.230460921843687,50.48302177012207,6.259501255052757,40.256739619049725,0.8051347923809945,2.495,50.0,20.0
mobilenet_v3_large,FP16,1,25W,default,train,128,64,18.659874048652025,16.188552868832772,11.555732501627894,17.94554454836372,1.152658560641155,1456.079249121617,451.51556764132647,15.230460921843687,50.48302177012207,6.259501255052757,40.38513595623712,0.8077027191247425,2.495,50.0,20.0
mobilenet_v3_large,FP16,1,MAXN,default,inference,128,64,33.081840943793715,14.582830863789901,2.0358630200145726,31.02862898884939,2.268547256207849,5726.544150996806,528.8933675808424,4.809619238476953,50.32722346747538,6.425588791791962,36.446897844374675,0.7289379568874935,2.495,50.0,20.0
mobilenet_v3_large,FP16,1,MAXN,default,inference,128,64,33.93152858186783,14.957382302270611,2.0881529649380624,31.825581084804607,2.2685472562078486,5873.627071268825,542.4776828266705,4.809619238476953,50.32722346747538,6.425588791791962,37.383014990851834,0.7476602998170366,2.495,50.0,20.0
mobilenet_v3_large,FP16,1,MAXN,default,inference,128,64,32.97472613600041,14.535613505852929,2.0292711536050563,30.928162221117894,2.268547256207849,5708.002326885624,527.1808778947991,4.809619238476953,50.32722346747538,6.425588791791962,36.32888740886429,0.7265777481772858,2.495,50.0,20.0
mobilenet_v3_large,FP16,1,MAXN,default,train,128,64,29.100569345336744,24.826304758896814,17.19630943991043,27.650927226360874,1.1721667653704362,2173.7747149683623,678.2451970571921,13.627254509018035,57.18904989427812,10.070533015603003,61.93295654814043,1.2386591309628086,2.495,50.0,20.0
mobilenet_v3_large,FP16,1,MAXN,default,train,128,64,28.35046446267967,24.186374584439072,16.753052281554325,26.938188747729964,1.172166765370436,2117.7428549678107,660.7625482500874,13.627254509018035,57.18904989427812,10.070533015603003,60.33655434195497,1.2067310868390995,2.495,50.0,20.0
mobilenet_v3_large,FP16,1,MAXN,default,train,128,64,29.88495725937391,25.49548250493987,17.65982536396813,28.39624093039513,1.1721667653704362,2232.3674728634583,696.5268783883055,13.627254509018035,57.18904989427812,10.070533015603003,63.60232122690177,1.2720464245380354,2.495,50.0,20.0
mobilenet_v3_large,FP16,2,7W,default,inference,128,64,6.092893545838901,3.976706159908545,2.4518364021770944,5.820882885132465,1.5321457761362542,656.3078932844654,99.82179377361427,4.308797127468582,40.6867298464139,1.0281729996430566,11.081180224913552,0.22162360449827104,2.785,50.0,17.905223175104137
mobilenet_v3_large,FP16,2,7W,default,inference,128,64,5.9428251587329886,3.8787596136703963,2.3914475029530853,5.677514139308766,1.5321457761362547,640.1429847317232,97.36317612718328,4.308797127468582,40.6867298464139,1.0281729996430566,10.808249993805477,0.21616499987610954,2.785,50.0,17.905223175104137
mobilenet_v3_large,FP16,2,7W,default,inference,128,64,6.117308700976234,3.9926414289394736,2.4616612851625184,5.844208052002287,1.5321457761362545,658.9378192649282,100.22179494920265,4.308797127468582,40.6867298464139,1.0281729996430566,11.12558420674264,0.2225116841348528,2.785,50.0,17.905223175104137
mobilenet_v3_large,FP16,2,7W,default,train,128,64,5.778900796669156,5.112275389004517,4.258617006346165,5.5616977084663635,1.1303970066046163,319.4965912458806,129.1042625789234,35.18850987432675,41.68976204693773,1.6292793896357942,14.23686106492734,0.2847372212985468,2.785,50.0,17.905223175104137
mobilenet_v3_large,FP16,2,7W,default,train,128,64,5.916187737158296,5.233725587197725,4.359787197717725,5.693824645609997,1.1303970066046163,327.08673875873245,132.17133879933235,35.18850987432675,41.68976204693773,1.6292793896357942,14.575080246488541,0.29150160492977084,2.785,50.0,17.905223175104137
mobilenet_v3_large,FP16,2,7W,default,train,128,64,5.83071416242097,5.158111821204074,4.296799575715394,5.611563641056154,1.130397006604616,322.36118337527336,130.26180561565045,35.18850987432675,41.68976204693773,1.6292793896357942,14.364508123679414,0.2872901624735883,2.785,50.0,17.905223175104137
mobilenet_v3_large,FP16,2,15W,default,inference,128,64,13.116260134981946,6.85395543487901,2.2821972827030907,12.603047324041528,1.9136774756711679,2041.9387126958075,216.89921963941336,4.308797127468582,42.93234245656879,2.1661828776181737,19.10779839025323,0.3821559678050646,2.785,50.0,17.905223175104137
mobilenet_v3_large,FP16,2,15W,default,inference,128,64,12.559140333260562,6.562830201497669,2.1852597956035806,12.067726496763278,1.9136774756711679,1955.2063302150539,207.68631527525338,4.308797127468582,42.93234245656879,2.1661828776181737,18.296184962267134,0.3659236992453427,2.785,50.0,17.905223175104137
mobilenet_v3_large,FP16,2,15W,default,inference,128,64,12.89870417552257,6.74027067753343,2.244343076214014,12.394003890587422,1.9136774756711683,2008.0696119593115,213.30156929175132,4.308797127468582,42.93234245656879,2.1661828776181737,18.79086236053384,0.3758172472106768,2.785,50.0,17.905223175104137
mobilenet_v3_large,FP16,2,15W,default,train,128,64,12.42212189585718,10.687372650472811,8.023816185047306,11.81662870565079,1.1623176530021737,758.7469352727405,275.5145639027149,14.721723518850986,45.51911382417,3.383301998932521,29.760648110141844,0.5952129622028369,2.785,50.0,17.905223175104137
mobilenet_v3_large,FP16,2,15W,default,train,128,64,12.104094948854115,10.413758164637871,7.818393167463217,11.514103389715821,1.1623176530021737,739.3217538588316,268.46093358516964,14.721723518850986,45.51911382417,3.383301998932521,28.998726102078358,0.5799745220415672,2.785,50.0,17.905223175104137
mobilenet_v3_large,FP16,2,15W,default,train,128,64,12.92819616814534,11.12277365378805,8.350704535593602,12.2980353303198,1.1623176530021737,789.6581037782663,286.7389612802966,14.721723518850986,45.51911382417,3.383301998932521,30.973089789706027,0.6194617957941205,2.785,50.0,17.905223175104137
mobilenet_v3_large,FP16,2,25W,default,inference,128,64,21.802225686604693,10.1791104942711,2.1366385885974735,20.58919605338032,2.1418596152262217,3813.6080847039148,312.4194976015919,4.308797127468582,45.76625872257812,3.5983579254227385,28.38610735971153,0.5677221471942306,2.785,50.0,17.905223175104137
mobilenet_v3_large,FP16,2,25W,default,inference,128,64,22.65332151267564,10.576473524051675,2.220046778693162,21.39293871135834,2.1418596152262213,3962.4803131551644,324.61545108882075,4.308797127468582,45.76625872257812,3.5983579254227385,29.49421888188038,0.5898843776376076,2.785,50.0,17.905223175104137
mobilenet_v3_large,FP16,2,25W,default,inference,128,64,21.747755117334872,10.153679056616365,2.131300421663614,20.537756111148887,2.1418596152262217,3804.0801857484685,311.638950324907,4.308797127468582,45.76625872257812,3.5983579254227385,28.31518765410607,0.5663037530821213,2.785,50.0,17.905223175104137
mobilenet_v3_large,FP16,2,25W,default,train,128,64,20.324482573676526,17.512280530239966,12.470771757729278,19.5076875417676,1.1605845702723006,1597.6351671126154,478.9005633169295,16.15798922800718,50.2755752509727,5.625034310471573,48.77015846496484,0.9754031692992967,2.785,50.0,17.905223175104137
mobilenet_v3_large,FP16,2,25W,default,train,128,64,20.90186296068185,18.009771537612103,12.825042967224096,20.061864315597624,1.1605845702723003,1643.020982359666,492.5052290978486,16.15798922800718,50.2755752509727,5.625034310471573,50.15562709211123,1.0031125418422246,2.785,50.0,17.905223175104137
mobilenet_v3_large,FP16,2,25W,default,train,128,64,20.54246854658197,17.700104820247798,12.604524403319926,19.716913150956543,1.1605845702723008,1614.7702678458588,484.0369108151332,16.15798922800718,50.2755752509727,5.625034310471573,49.29323256553294,0.9858646513106588,2.785,50.0,17.905223175104137
mobilenet_v3_large,FP16,2,MAXN,default,inference,128,64,34.71426123307547,15.726628245402225,2.168296747932522,33.56649956081096,2.2073556194872475,6226.735321288075,493.2634096695344,4.308797127468582,50.49528599468053,5.717383701626143,43.85949804631317,0.8771899609262634,2.785,50.0,17.905223175104137
mobilenet_v3_large,FP16,2,MAXN,default,inference,128,64,34.765365047802845,15.749779845568602,2.171488756961213,33.6159137241453,2.2073556194872475,6235.90186889452,493.9895562445772,4.308797127468582,50.49528599468053,5.717383701626143,43.92406481462621,0.8784812962925242,2.785,50.0,17.905223175104137
mobilenet_v3_large,FP16,2,MAXN,default,inference,128,64,33.63655706279284,15.238395103099142,2.1009819797463947,32.524427649339344,2.207355619487247,6033.426335740532,477.9500481067025,4.308797127468582,50.49528599468053,5.717383701626143,42.4978800175251,0.8499576003505019,2.785,50.0,17.905223175104137
mobilenet_v3_large,FP16,2,MAXN,default,train,128,64,32.5020988968109,27.718224189134038,19.371802888246226,31.045861094401985,1.1725895091631524,2595.8856565920864,697.6963340656274,11.131059245960502,57.14953666744338,9.013414959024772,77.18132840272082,1.5436265680544166,2.785,50.0,17.905223175104137
mobilenet_v3_large,FP16,2,MAXN,default,train,128,64,32.130701600551646,27.401491612766105,19.150443792662777,30.69110403987734,1.1725895091631524,2566.222805669217,689.7238479531261,11.131059245960502,57.14953666744338,9.013414959024772,76.29938730773262,1.5259877461546523,2.785,50.0,17.905223175104137
mobilenet_v3_large,FP16,2,MAXN,default,train,128,64,32.886648218832136,28.04617298879171,19.601000814529538,31.413180905756978,1.1725895091631524,2626.5989367545903,705.9511441040011,11.131059245960502,57.14953666744338,9.013414959024772,78.09450104440756,1.5618900208881512,2.785,50.0,17.905223175104137
mobilenet_v3_large,FP16,4,7W,default,inference,128,64,6.604616592535642,4.304974347801204,2.6104337729901537,6.388181254747357,1.5341825662466482,745.8393975999946,106.19650832300755,3.803486529318542,40.60966754966767,0.8456321899342456,13.58911794191982,0.2717823588383964,3.1550000000000002,50.0,15.817959093978228
mobilenet_v3_large,FP16,4,7W,default,inference,128,64,6.671381097320478,4.348492313820186,2.636822029702022,6.4527578659666975,1.5341825662466482,753.3789114131145,107.27002367226747,3.803486529318542,40.60966754966767,0.8456321899342456,13.726487116518143,0.27452974233036287,3.1550000000000002,50.0,15.817959093978228
mobilenet_v3_large,FP16,4,7W,default,inference,128,64,6.666942927379814,4.345599457364698,2.6350678705406154,6.448465136233927,1.5341825662466482,752.8777222905343,107.19866174770482,3.803486529318542,40.60966754966767,0.8456321899342456,13.717355501696153,0.27434711003392304,3.1550000000000002,50.0,15.817959093978228
mobilenet_v3_large,FP16,4,7W,default,train,128,64,6.440199886885476,5.75493431448747,4.786020509277219,6.225066666673966,1.1190744385514388,353.5241299043888,127.21955196869428,27.892234548335974,41.634840192305276,1.3930197149783803,18.15555479368581,0.3631110958737162,3.1550000000000002,50.0,15.817959093978228
mobilenet_v3_large,FP16,4,7W,default,train,128,64,6.440409121847539,5.75512128592999,4.78617600178324,6.225268912195954,1.119074438551439,353.53561551185584,127.22368519104728,27.892234548335974,41.634840192305276,1.3930197149783803,18.156144647554513,0.36312289295109024,3.1550000000000002,50.0,15.817959093978228
mobilenet_v3_large,FP16,4,7W,default,train,128,64,6.360797872084927,5.683981023030531,4.727013075037916,6.1483170557483495,1.119074438551439,349.1654875193629,125.65104649902602,27.892234548335974,41.634840192305276,1.3930197149783803,17.93171273043308,0.3586342546086616,3.1550000000000002,50.0,15.817959093978228
mobilenet_v3_large,FP16,4,15W,default,inference,128,64,13.996467423509124,7.296494385022975,2.322946080787656,13.530812763370244,1.9182454867968834,2200.3032516010617,209.14727047093152,3.803486529318542,42.91101906376683,1.9216774721919256,23.039918038607787,0.46079836077215575,3.1550000000000002,50.0,15.817959093978228
mobilenet_v3_large,FP16,4,15W,default,inference,128,64,14.10788969830811,7.354579898877117,2.341438456665444,13.638528081268356,1.9182454867968837,2217.8192994810584,210.81223806159153,3.803486529318542,42.91101906376683,1.9216774721919256,23.223332896183344,0.46446665792366687,3.1550000000000002,50.0,15.817959093978228
mobilenet_v3_large,FP16,4,15W,default,inference,128,64,14.604281524137024,7.613353778052402,2.4238229192197256,14.118405228074487,1.9182454867968837,2295.8541718092724,218.22975223247613,3.803486529318542,42.91101906376683,1.9216774721919256,24.04045529114732,0.48080910582294645,3.1550000000000002,50.0,15.817959093978228
mobilenet_v3_large,FP16,4,15W,default,train,128,64,13.667315239434886,11.955400080925532,8.922169160527977,13.186620021629397,1.1431917917360759,1042.3186280490415,300.9837202334661,17.432646592709983,45.495028179858195,2.9546080025783836,37.71515316091251,0.7543030632182501,3.1550000000000002,50.0,15.817959093978228
mobilenet_v3_large,FP16,4,15W,default,train,128,64,13.725049531795904,12.005902798648288,8.95985872236102,13.242323732434699,1.1431917917360759,1046.7216528824404,302.2551537078127,17.432646592709983,45.495028179858195,2.9546080025783836,37.874471771838365,0.7574894354367673,3.1550000000000002,50.0,15.817959093978228
mobilenet_v3_large,FP16,4,15W,default,train,128,64,13.94020651305528,12.19411004682371,9.100315494538616,13.449913394863936,1.1431917917360759,1063.130298296162,306.9933738716967,17.432646592709983,45.495028179858195,2.9546080025783836,38.46820055907109,0.7693640111814218,3.1550000000000002,50.0,15.817959093978228
mobilenet_v3_large,FP16,4,25W,default,inference,128,64,23.465806353984142,11.093605693781543,2.265274404700765,22.559407750355284,2.1152551300013993,4022.4583798872563,346.8550387307647,3.803486529318542,45.86958308311627,3.1664915875929593,35.04197135689326,0.7008394271378652,3.1550000000000002,50.0,15.817959093978228
mobilenet_v3_large,FP16,4,25W,default,inference,128,64,24.27781537837126,11.477488003234482,2.3436617923567566,23.34005182462154,2.1152551300013998,4161.651231623011,358.8575847909684,3.803486529318542,45.86958308311627,3.1664915875929593,36.254561137311384,0.7250912227462277,3.1550000000000002,50.0,15.817959093978228
mobilenet_v3_large,FP16,4,25W,default,inference,128,64,23.515965890500766,11.11731892619743,2.2701165615185928,22.60762980672861,2.1152551300013998,4031.056620448392,347.5964617067641,3.803486529318542,45.86958308311627,3.1664915875929593,35.11687562463396,0.7023375124926793,3.1550000000000002,50.0,15.817959093978228
mobilenet_v3_large,FP16,4,25W,default,train,128,64,22.570570710192612,19.350648796114882,13.822691255671694,21.475269090264238,1.1663986540195082,1592.8899692313698,490.45223628910844,10.776545166402535,50.24871231710445,4.94055214738388,61.045488381502274,1.2209097676300456,3.1550000000000002,50.0,15.817959093978228
mobilenet_v3_large,FP16,4,25W,default,train,128,64,22.942571090780948,19.669579531594028,14.050512096973806,21.829217086413376,1.1663986540195084,1619.143433638534,498.53570129770776,10.776545166402535,50.24871231710445,4.94055214738388,62.05161911708285,1.241032382341657,3.1550000000000002,50.0,15.817959093978228
mobilenet_v3_large,FP16,4,25W,default,train,128,64,23.456147686552978,20.10988919244815,14.365037184117034,22.31787090621624,1.1663986540195082,1655.3884634315914,509.6955781628676,10.776545166402535,50.24871231710445,4.94055214738388,63.44066392737003,1.2688132785474007,3.1550000000000002,50.0,15.817959093978228
mobilenet_v3_large,FP16,4,MAXN,default,inference,128,64,38.34135431626864,16.91946760493916,2.2837075466691514,36.20310173118981,2.2661087932268016,6924.696659831227,565.375486817684,3.803486529318542,50.50764023187388,5.047295996662495,53.44871749078468,1.0689743498156936,3.1550000000000002,50.0,15.817959093978228
mobilenet_v3_large,FP16,4,MAXN,default,inference,128,64,38.8768237536282,17.155762278416457,2.3156014538332457,36.70870866293154,2.2661087932268016,7021.405904730073,573.271433615127,3.803486529318542,50.50764023187388,5.047295996662495,54.195174030798896,1.083903480615978,3.1550000000000002,50.0,15.817959093978228
mobilenet_v3_large,FP16,4,MAXN,default,inference,128,64,39.851395302026866,17.58582616207093,2.3736493877035083,37.628929493420806,2.266108793226801,7197.419831893288,587.642310008003,3.803486529318542,50.50764023187388,5.047295996662495,55.55374887234575,1.111074977446915,3.1550000000000002,50.0,15.817959093978228
mobilenet_v3_large,FP16,4,MAXN,default,train,128,64,34.628280188233255,29.94401640409596,20.658725510204928,33.369565941091736,1.1564340508274817,2837.4602566825324,741.8203934515443,10.776545166402535,57.4240810973117,7.9336242595705135,94.46634150509044,1.889326830101809,3.1550000000000002,50.0,15.817959093978228
mobilenet_v3_large,FP16,4,MAXN,default,train,128,64,35.95024652083656,31.08715667366636,21.447391290039526,34.643479703713396,1.1564340508274813,2945.782902480832,770.1400668413506,10.776545166402535,57.4240810973117,7.9336242595705135,98.07268066935454,1.9614536133870908,3.1550000000000002,50.0,15.817959093978228
mobilenet_v3_large,FP16,4,MAXN,default,train,128,64,35.47169781306713,30.67334258074251,21.161896129918023,34.18232591342605,1.1564340508274813,2906.570359097173,759.8884115828876,10.776545166402535,57.4240810973117,7.9336242595705135,96.76719436136493,1.9353438872272986,3.1550000000000002,50.0,15.817959093978228
mobilenet_v3_large,FP16,8,7W,default,inference,128,64,7.439176510853235,4.672169666458625,2.773167054784262,7.034741189284078,1.5922316700651677,827.5524335230713,125.77375583528212,3.3566433566433567,40.6527955149445,0.7772315271703172,16.712740431009514,0.3342548086201903,3.575,50.0,13.947147282556493
mobilenet_v3_large,FP16,8,7W,default,inference,128,64,7.594920832483029,4.76998478002399,2.831225231127214,7.182018376855551,1.5922316700651675,844.8778178830338,128.40691667678362,3.3566433566433567,40.6527955149445,0.7772315271703172,17.062633247399198,0.34125266494798395,3.575,50.0,13.947147282556493
mobilenet_v3_large,FP16,8,7W,default,inference,128,64,7.662817025571059,4.81262693717016,2.856535490339682,7.246223352421745,1.5922316700651682,852.4307586870297,129.5548339495007,3.3566433566433567,40.6527955149445,0.7772315271703172,17.21516779872735,0.344303355974547,3.575,50.0,13.947147282556493
mobilenet_v3_large,FP16,8,7W,default,train,128,64,7.087773449792507,6.260719006783686,5.154764851577875,6.780815368158919,1.1321021502662363,409.7554641357997,139.10364387597446,27.69230769230769,41.80056433284943,1.2022007213243757,22.37994973375218,0.4475989946750436,3.575,50.0,13.947147282556493
mobilenet_v3_large,FP16,8,7W,default,train,128,64,7.274337509807341,6.4255133762413905,5.290448344559763,6.959299691092767,1.1321021502662363,420.54102938332824,142.76512385247113,27.69230769230769,41.80056433284943,1.2022007213243757,22.969033783183665,0.4593806756636733,3.575,50.0,13.947147282556493
mobilenet_v3_large,FP16,8,7W,default,train,128,64,7.244503797824247,6.399160885014269,5.268751013090025,6.930758020829573,1.1321021502662365,418.8162950098155,142.1796116212194,27.69230769230769,41.80056433284943,1.2022007213243757,22.874832553519298,0.45749665107038595,3.575,50.0,13.947147282556493
mobilenet_v3_large,FP16,8,15W,default,inference,128,64,15.6754840854683,8.036332683162382,2.4709195450591945,14.987218417374983,1.9505767995781669,2482.519249251886,242.2790276850421,3.3566433566433567,43.08536126685475,1.6813062242628052,28.75654341738527,0.5751308683477054,3.575,50.0,13.947147282556493
mobilenet_v3_large,FP16,8,15W,default,inference,128,64,16.574133653062745,8.497042339807939,2.6125732744509764,15.84641085295042,1.9505767995781667,2624.8379704933704,256.16848349254764,3.3566433566433567,43.08536126685475,1.6813062242628052,30.405108473918396,0.6081021694783679,3.575,50.0,13.947147282556493
mobilenet_v3_large,FP16,8,15W,default,inference,128,64,16.42511771930775,8.420646509719516,2.5890839594650483,15.703937782601953,1.9505767995781662,2601.2383851807253,253.86530514456868,3.3566433566433567,43.08536126685475,1.6813062242628052,30.131739999583353,0.602634799991667,3.575,50.0,13.947147282556493
mobilenet_v3_large,FP16,8,15W,default,train,128,64,15.14928005513583,12.942733286684462,9.652027373901058,14.262881354930038,1.1704853773600876,1001.3929197839349,305.8191457650476,12.867132867132867,45.464556527390975,2.652938817944702,46.26444970236933,0.9252889940473866,3.575,50.0,13.947147282556493
mobilenet_v3_large,FP16,8,15W,default,train,128,64,15.23353380823774,13.014715179608181,9.705707781704852,14.342205341273058,1.1704853773600874,1006.9622347292269,307.51997977876596,12.867132867132867,45.464556527390975,2.652938817944702,46.52175259124806,0.9304350518249612,3.575,50.0,13.947147282556493
mobilenet_v3_large,FP16,8,15W,default,train,128,64,15.652006956374588,13.372236218513146,9.972328655195806,14.736193229831265,1.1704853773600874,1034.6240144401293,315.96771460332866,12.867132867132867,45.464556527390975,2.652938817944702,47.79972948805814,0.9559945897611628,3.575,50.0,13.947147282556493
mobilenet_v3_large,FP16,8,25W,default,inference,128,64,26.495643128185126,12.453272883258586,2.4554257272498092,25.36526289734333,2.127604797274156,4564.0548411101945,397.11110770388547,3.3566433566433567,45.81314433350199,2.774674225020678,44.56863238494256,0.8913726476988512,3.575,50.0,13.947147282556493
mobilenet_v3_large,FP16,8,25W,default,inference,128,64,25.77616813473057,12.11511093026039,2.3887499571809583,24.67648277342832,2.1276047972741563,4440.120377204282,386.327768336212,3.3566433566433567,45.81314433350199,2.774674225020678,43.35839505126846,0.8671679010253692,3.575,50.0,13.947147282556493
mobilenet_v3_large,FP16,8,25W,default,inference,128,64,27.322194354162853,12.841761961228652,2.532024552775076,26.156551074181127,2.127604797274156,4706.4339147600895,409.49928304781037,3.3566433566433567,45.81314433350199,2.774674225020678,45.95898390650038,0.9191796781300076,3.575,50.0,13.947147282556493
mobilenet_v3_large,FP16,8,25W,default,train,128,64,25.290311033641075,21.57231683904058,15.484622463907503,24.060726290164208,1.1723502497363583,1893.111068945353,511.6587792782616,10.629370629370628,50.2406729609145,4.344609962828273,77.11179094722922,1.5422358189445844,3.575,50.0,13.947147282556493
mobilenet_v3_large,FP16,8,25W,default,train,128,64,26.250286446651913,22.391163777680905,16.072391306502336,24.974028844135038,1.1723502497363585,1964.9702120720935,531.0804402971753,10.629370629370628,50.2406729609145,4.344609962828273,80.03881795231838,1.6007763590463677,3.575,50.0,13.947147282556493
mobilenet_v3_large,FP16,8,25W,default,train,128,64,25.466647460168605,21.72272959032134,15.592588830465086,24.228489450056582,1.1723502497363585,1906.3107658756712,515.2263147118647,10.629370629370628,50.2406729609145,4.344609962828273,77.64945209503736,1.5529890419007473,3.575,50.0,13.947147282556493
mobilenet_v3_large,FP16,8,MAXN,default,inference,128,64,43.57347594463979,19.157680379575403,2.4894732274733973,40.97868726854521,2.2744651273697425,7626.927087108029,627.031581174354,3.3566433566433567,50.36532686818341,4.420510686589125,68.57204839274257,1.3714409678548514,3.575,50.0,13.947147282556493
mobilenet_v3_large,FP16,8,MAXN,default,inference,128,64,45.90317227335612,20.181963539902622,2.6225752238771487,43.16965081266174,2.2744651273697425,8034.707821809973,660.556406563704,3.3566433566433567,50.36532686818341,4.420510686589125,72.238316596732,1.4447663319346402,3.575,50.0,13.947147282556493
mobilenet_v3_large,FP16,8,MAXN,default,inference,128,64,43.25845797982137,19.019178381445098,2.471475379640809,40.682428538104055,2.274465127369742,7571.787601521621,622.4984056978469,3.3566433566433567,50.36532686818341,4.420510686589125,68.07630122867525,1.361526024573505,3.575,50.0,13.947147282556493
mobilenet_v3_large,FP16,8,MAXN,default,train,128,64,39.34359318867597,33.67902613302227,23.16473270976141,37.53155156635654,1.168192721288327,3205.0119378147324,787.5884749021121,9.23076923076923,57.45419710939507,6.984733397864482,120.39985208743957,2.4079970417487915,3.575,50.0,13.947147282556493
mobilenet_v3_large,FP16,8,MAXN,default,train,128,64,40.29093354462027,34.489971398029176,23.722508051362297,38.43526041799869,1.1681927212883272,3282.1842778044884,806.5525370449201,9.23076923076923,57.45419710939507,6.984733397864482,123.29891720803425,2.465978344160685,3.575,50.0,13.947147282556493
mobilenet_v3_large,FP16,8,MAXN,default,train,128,64,41.01812064348793,35.1124603808964,24.15066149160539,39.12895557615715,1.168192721288327,3341.4224699472074,821.1095241360362,9.23076923076923,57.45419710939507,6.984733397864482,125.5242660398934,2.510485320797868,3.575,50.0,13.947147282556493
mobilenet_v3_large,FP16,16,7W,default,inference,128,64,8.092002692773223,5.092209530267985,2.94869474502963,7.771729726562083,1.5890946051364405,922.9980188780389,144.91397710301766,2.973977695167286,40.5659558291873,0.7022063598737271,20.556719238156383,0.41113438476312764,4.035,50.0,12.364817244036917
mobilenet_v3_large,FP16,16,7W,default,inference,128,64,8.134563903941265,5.1189928388453785,2.964203887139207,7.812606409701173,1.5890946051364407,927.8526778642791,145.67617585836283,2.973977695167286,40.5659558291873,0.7022063598737271,20.664840663918966,0.4132968132783793,4.035,50.0,12.364817244036917
mobilenet_v3_large,FP16,16,7W,default,inference,128,64,8.359593252511543,5.260601367275916,3.0462037186764865,8.028729333040584,1.589094605136441,953.5201981068608,149.70606797584125,2.973977695167286,40.5659558291873,0.7022063598737271,21.23649953682513,0.4247299907365026,4.035,50.0,12.364817244036917
mobilenet_v3_large,FP16,16,7W,default,train,128,64,7.537588143175248,6.581542281929101,5.43274953563125,7.135536045109729,1.145261675803733,439.96902225736227,143.1353639838709,22.800495662949192,41.66616107701135,1.0987501479315505,26.555086150878616,0.5311017230175723,4.035,50.0,12.364817244036917
mobilenet_v3_large,FP16,16,7W,default,train,128,64,7.876545647830627,6.877507397864288,5.677054635755692,7.456413684785334,1.1452616758037333,459.75397190933427,149.57201253541604,22.800495662949192,41.66616107701135,1.0987501479315505,27.749240775227545,0.5549848155045509,4.035,50.0,12.364817244036917
mobilenet_v3_large,FP16,16,7W,default,train,128,64,8.180635088989785,7.143027014545559,5.896228427009276,7.744283110271666,1.1452616758037333,477.5036726842061,155.34653245043384,22.800495662949192,41.66616107701135,1.0987501479315505,28.82055445729247,0.5764110891458494,4.035,50.0,12.364817244036917
mobilenet_v3_large,FP16,16,15W,default,inference,128,64,17.6057470645519,8.913828937872426,2.6090201324271165,16.81481139488062,1.9751048833515177,2843.4789107253987,256.63600769784216,2.973977695167286,42.98858959734365,1.4548141707085855,35.99819504372228,0.7199639008744456,4.035,50.0,12.364817244036917
mobilenet_v3_large,FP16,16,15W,default,inference,128,64,17.235290712321966,8.726266061919572,2.554121690593912,16.460997741308155,1.975104883351518,2783.647037584895,251.23592788787977,2.973977695167286,42.98858959734365,1.4548141707085855,35.24072874741216,0.7048145749482433,4.035,50.0,12.364817244036917
mobilenet_v3_large,FP16,16,15W,default,inference,128,64,18.50087185546137,9.367032612499845,2.7416699195650676,17.669722832540067,1.975104883351518,2988.0492295017775,269.6840909111306,2.973977695167286,42.98858959734365,1.4548141707085855,37.828442672152036,0.7565688534430407,4.035,50.0,12.364817244036917
mobilenet_v3_large,FP16,16,15W,default,train,128,64,16.653184455312807,14.106299831937596,10.49315463534289,15.621717201288421,1.1805494462558421,1050.0889999215997,325.7039921339911,10.90458488228005,45.69010488002233,2.3166579303103747,56.914519453344795,1.1382903890668958,4.035,50.0,12.364817244036917
mobilenet_v3_large,FP16,16,15W,default,train,128,64,16.95724623519693,14.363859378340724,10.684743654463121,15.906945960377483,1.1805494462558423,1069.2620254297055,331.650850876196,10.90458488228005,45.69010488002233,2.3166579303103747,57.9536918790554,1.159073837581108,4.035,50.0,12.364817244036917
mobilenet_v3_large,FP16,16,15W,default,train,128,64,17.008873405597043,14.407590854869602,10.717273882171058,15.955375439919818,1.1805494462558421,1072.5174462700686,332.66057820774745,10.90458488228005,45.69010488002233,2.3166579303103747,58.13013474509961,1.1626026949019923,4.035,50.0,12.364817244036917
mobilenet_v3_large,FP16,16,25W,default,inference,128,64,29.550043662106447,13.841491963265254,2.6443900240020226,28.430764365082517,2.134888618982046,5052.802348897843,442.64282054527223,2.973977695167286,46.07437551895988,2.4535681383046355,55.902862836287504,1.11805725672575,4.035,50.0,12.364817244036917
mobilenet_v3_large,FP16,16,25W,default,inference,128,64,29.282971466784268,13.716393073820834,2.6204901253394715,28.17380817440835,2.1348886189820466,5007.135309238619,438.642231200011,2.973977695167286,46.07437551895988,2.4535681383046355,55.397614841624545,1.1079522968324909,4.035,50.0,12.364817244036917
mobilenet_v3_large,FP16,16,25W,default,inference,128,64,29.45321583434635,13.796136984603056,2.635725043851657,28.33760412523623,2.134888618982046,5036.245626304154,441.19239484448184,2.973977695167286,46.07437551895988,2.4535681383046355,55.71968365604995,1.1143936731209991,4.035,50.0,12.364817244036917
mobilenet_v3_large,FP16,16,25W,default,train,128,64,28.945043812437767,23.901173846390368,16.911244171149196,26.6883015299916,1.2110302196228384,1994.6762105578332,572.5051213293953,8.674101610904584,50.157792770903015,3.872395232888823,96.43037727596894,1.9286075455193787,4.035,50.0,12.364817244036917
mobilenet_v3_large,FP16,16,25W,default,train,128,64,28.861678950221428,23.832335876151852,16.862537955695867,26.61143633005434,1.2110302196228384,1988.9313269592155,570.8562445521816,8.674101610904584,50.157792770903015,3.872395232888823,96.1526473417124,1.9230529468342479,4.035,50.0,12.364817244036917
mobilenet_v3_large,FP16,16,25W,default,train,128,64,28.96573266839827,23.918257529047725,16.923331708381372,26.707377349318822,1.2110302196228382,1996.1019319723691,572.9143269975091,8.674101610904584,50.157792770903015,3.872395232888823,96.49930217373752,1.9299860434747504,4.035,50.0,12.364817244036917
mobilenet_v3_large,FP16,16,MAXN,default,inference,128,64,44.85983965969995,19.983677445278936,2.5143927236832964,42.98880762935504,2.244824046151621,8084.961586421645,603.7582258467138,2.973977695167286,50.56687451054362,3.962382843747137,80.71789212146558,1.6143578424293117,4.035,50.0,12.364817244036917
mobilenet_v3_large,FP16,16,MAXN,default,inference,128,64,47.516317245860265,21.16705642356207,2.663288216042128,45.534487792044736,2.244824046151621,8563.731002501183,639.5111444168297,2.973977695167286,50.56687451054362,3.962382843747137,85.49778596079665,1.709955719215933,4.035,50.0,12.364817244036917
mobilenet_v3_large,FP16,16,MAXN,default,inference,128,64,45.77780556594533,20.392602994619466,2.565844686346601,43.86848664856785,2.2448240461516207,8250.403976451093,616.1129170615452,2.973977695167286,50.56687451054362,3.962382843747137,82.3696205617271,1.6473924112345422,4.035,50.0,12.364817244036917
mobilenet_v3_large,FP16,16,MAXN,default,train,128,64,42.83536778354494,36.2799675974047,25.23992856593137,40.518987391923346,1.180689251404105,3531.1303491314493,916.9304525780784,11.400247831474596,57.178088984285495,6.205854480971865,146.37576761512688,2.9275153523025375,4.035,50.0,12.364817244036917
mobilenet_v3_large,FP16,16,MAXN,default,train,128,64,46.012640307413655,38.97099956884869,27.11207617867462,43.524444610964565,1.180689251404105,3793.0485727168725,984.9428937924623,11.400247831474596,57.178088984285495,6.205854480971865,157.23305047899413,3.144661009579883,4.035,50.0,12.364817244036917
mobilenet_v3_large,FP16,16,MAXN,default,train,128,64,43.624430937438184,36.948274819609765,25.704869073479077,41.26538088959547,1.1806892514041047,3596.1767113845635,933.8210752632407,11.400247831474596,57.178088984285495,6.205854480971865,149.07213117692885,2.981442623538577,4.035,50.0,12.364817244036917
mobilenet_v3_large,INT8,1,7W,default,inference,128,64,4.779826209586304,3.341609246132933,2.3162678130016876,4.568461481781182,1.43039651183565,430.33396026183397,83.80784810846022,4.809619238476953,40.50676997328182,1.1244286024309762,8.34170462422103,0.1668340924844206,2.495,50.0,20.0
mobilenet_v3_large,INT8,1,7W,default,inference,128,64,4.689103519542772,3.2781843920502665,2.2723042800942954,4.481750564518916,1.4303965118356499,422.1660786736415,82.21714729764204,4.809619238476953,40.50676997328182,1.1244286024309762,8.183376298069735,0.1636675259613947,2.495,50.0,20.0
mobilenet_v3_large,INT8,1,7W,default,inference,128,64,4.698066457299816,3.284450443234593,2.2766476522853054,4.4903171596441815,1.4303965118356496,422.97302359829854,82.37430040179494,4.809619238476953,40.50676997328182,1.1244286024309762,8.199018326891743,0.16398036653783485,2.495,50.0,20.0
mobilenet_v3_large,INT8,1,7W,default,train,128,64,4.627108860278653,4.165389292274218,3.601230874575362,4.474097227103601,1.110846678571151,207.55542458666537,87.61810512487254,39.278557114228455,41.780026224763006,1.7806720604134623,10.39169827897812,0.2078339655795624,2.495,50.0,20.0
mobilenet_v3_large,INT8,1,7W,default,train,128,64,4.486703529211497,4.038994413686873,3.4919548604459765,4.3383348922705505,1.1108466785711513,201.25734754031743,84.9594149083659,39.278557114228455,41.780026224763006,1.7806720604134623,10.076371823243502,0.20152743646487004,2.495,50.0,20.0
mobilenet_v3_large,INT8,1,7W,default,train,128,64,4.616936878364786,4.1562323292926555,3.5933141264654784,4.464261617557938,1.1108466785711513,207.0991461439548,87.42549029613838,39.278557114228455,41.780026224763006,1.7806720604134623,10.368853740381777,0.20737707480763554,2.495,50.0,20.0
mobilenet_v3_large,INT8,1,15W,default,inference,128,64,10.223504644014824,5.559050914914438,2.1257558323813655,9.894072161810808,1.8390737556632326,1561.2991912228367,176.75202813707548,4.809619238476953,42.95809641335935,2.4174168823089235,13.885935476844601,0.27771870953689204,2.495,50.0,20.0
mobilenet_v3_large,INT8,1,15W,default,inference,128,64,10.382548257018081,5.64553119473655,2.158825498774348,10.047990904817452,1.8390737556632324,1585.5877960601726,179.50169981419765,4.809619238476953,42.95809641335935,2.4174168823089235,14.101954290848894,0.2820390858169779,2.495,50.0,20.0
mobilenet_v3_large,INT8,1,15W,default,inference,128,64,10.078026518175271,5.479946895626703,2.0955068145293136,9.753281784622084,1.8390737556632324,1539.0822618896184,174.23688732312996,4.809619238476953,42.95809641335935,2.4174168823089235,13.688341800405773,0.27376683600811547,2.495,50.0,20.0
mobilenet_v3_large,INT8,1,15W,default,train,128,64,10.027973518094402,8.620790139828806,6.541514125616334,9.497423096576176,1.1632313692180356,654.164983280896,224.24184042478723,18.036072144288575,45.48248412053741,3.7209059604469044,21.508117412485003,0.43016234824970007,2.495,50.0,20.0
mobilenet_v3_large,INT8,1,15W,default,train,128,64,10.160401224951217,8.73463482314906,6.6279002447523405,9.622844445112758,1.1632313692180358,662.8037744070995,227.2031398992246,18.036072144288575,45.48248412053741,3.7209059604469044,21.79214994035348,0.43584299880706956,2.495,50.0,20.0
mobilenet_v3_large,INT8,1,15W,default,train,128,64,10.134074818501391,8.712002690671818,6.610726828871504,9.597910890968915,1.1632313692180358,661.0863971918508,226.614438520683,18.036072144288575,45.48248412053741,3.7209059604469044,21.735684749260788,0.4347136949852157,2.495,50.0,20.0
mobilenet_v3_large,INT8,1,25W,default,inference,128,64,17.228001571826862,8.372006355685189,2.0234430782716557,16.478980160530046,2.0578103790052453,2865.3238495864102,250.70906597098096,4.809619238476953,45.91470174972004,3.9620837584848267,20.918920666153635,0.4183784133230727,2.495,50.0,20.0
mobilenet_v3_large,INT8,1,25W,default,inference,128,64,17.181374098784744,8.3493475754993,2.0179666428771603,16.434379909015483,2.0578103790052458,2857.568869416684,250.0305235314392,4.809619238476953,45.91470174972004,3.9620837584848267,20.862303744837213,0.41724607489674426,2.495,50.0,20.0
mobilenet_v3_large,INT8,1,25W,default,inference,128,64,17.99883580439108,8.7465958904784,2.1139781984290376,17.216300851645826,2.0578103790052458,2993.5273270144476,261.9265672963038,4.809619238476953,45.91470174972004,3.9620837584848267,21.854898068438978,0.43709796136877954,2.495,50.0,20.0
mobilenet_v3_large,INT8,1,25W,default,train,128,64,16.488649621704354,14.419045169256513,10.392775019534337,15.975694860010003,1.1435326977725637,1318.7730621813423,456.31879807850066,15.230460921843687,50.07495119096133,6.238951949381662,35.97234940147818,0.7194469880295636,2.495,50.0,20.0
mobilenet_v3_large,INT8,1,25W,default,train,128,64,15.541990782347904,13.59120802808827,9.796097149399081,15.058486167905684,1.1435326977725637,1243.0586643948914,430.1202776613464,15.230460921843687,50.07495119096133,6.238951949381662,33.90707763486229,0.6781415526972459,2.495,50.0,20.0
mobilenet_v3_large,INT8,1,25W,default,train,128,64,16.075561307922587,14.057806426729606,10.132405977385396,15.575457545092071,1.1435326977725635,1285.7339866344757,444.88669374188805,15.230460921843687,50.07495119096133,6.238951949381662,35.07113811383793,0.7014227622767586,2.495,50.0,20.0
mobilenet_v3_large,INT8,1,MAXN,default,inference,128,64,27.792051335009724,12.564354945787265,2.0240783692825426,26.397074150579517,2.211975979262524,4909.496365546604,412.7448507941949,4.809619238476953,50.48897482044528,6.365503912638228,31.398510092755842,0.6279702018551169,2.495,50.0,20.0
mobilenet_v3_large,INT8,1,MAXN,default,inference,128,64,27.501129380550037,12.432833646646992,2.002890698459933,26.120754554327547,2.2119759792625238,4858.104683052178,408.4243155001705,4.809619238476953,50.48897482044528,6.365503912638228,31.06983640785227,0.6213967281570454,2.495,50.0,20.0
mobilenet_v3_large,INT8,1,MAXN,default,inference,128,64,27.54564153569323,12.452956900950156,2.006132491924886,26.163032493647446,2.211975979262524,4865.967804103013,409.08537367869974,4.809619238476953,50.48897482044528,6.365503912638228,31.120124719991118,0.6224024943998223,2.495,50.0,20.0
mobilenet_v3_large,INT8,1,MAXN,default,train,128,64,25.968167129977445,22.102289059949385,15.554230412334404,24.677317867015773,1.1749084929412696,1998.5113576028966,662.72373165201,17.23446893787575,57.29482959157775,10.01010848429538,55.1349621358928,1.102699242717856,2.495,50.0,20.0
mobilenet_v3_large,INT8,1,MAXN,default,train,128,64,26.199403185392722,22.29910103024709,15.692734561185809,24.89705943033968,1.1749084929412696,2016.3072952492334,668.62501920805,17.23446893787575,57.29482959157775,10.01010848429538,55.625916737962385,1.1125183347592478,2.495,50.0,20.0
mobilenet_v3_large,INT8,1,MAXN,default,train,128,64,25.82980033535567,21.98452091421457,15.471352441232671,24.545829134829514,1.1749084929412699,1987.8626426134012,659.1925252326472,17.23446893787575,57.29482959157775,10.01010848429538,54.84118522263773,1.0968237044527547,2.495,50.0,20.0
mobilenet_v3_large,INT8,2,7W,default,inference,128,64,5.246541013624665,3.640329606689707,2.5085381477570827,5.001948721538215,1.4412269163713305,498.66846728059403,87.11283397485249,4.308797127468582,40.46225819514638,0.99144011675764,10.14256343352995,0.20285126867059902,2.785,50.0,17.905223175104137
mobilenet_v3_large,INT8,2,7W,default,inference,128,64,5.356219246049823,3.7164302062408874,2.5609787994745843,5.1065137850791125,1.4412269163713307,509.09306434663563,88.93391602245244,4.308797127468582,40.46225819514638,0.99144011675764,10.354592354443898,0.20709184708887796,2.785,50.0,17.905223175104137
mobilenet_v3_large,INT8,2,7W,default,inference,128,64,5.244240460462571,3.638733360369324,2.5074381801111483,4.999755419528741,1.4412269163713307,498.4498063921612,87.07463591156868,4.308797127468582,40.46225819514638,0.99144011675764,10.138116025929751,0.20276232051859502,2.785,50.0,17.905223175104137
mobilenet_v3_large,INT8,2,7W,default,train,128,64,5.071391726368188,4.557579834484728,3.930249067361937,4.910030515150566,1.1127378807488406,250.5221383098625,92.3566102569802,42.36983842010772,41.77122125360589,1.596649428346754,12.69200592599888,0.25384011851997756,2.785,50.0,17.905223175104137
mobilenet_v3_large,INT8,2,7W,default,train,128,64,5.116061252736807,4.5977236339737475,3.964867249869304,4.953278749442321,1.1127378807488408,252.7287722807644,93.17010017449907,42.36983842010772,41.77122125360589,1.596649428346754,12.803798886190517,0.25607597772381036,2.785,50.0,17.905223175104137
mobilenet_v3_large,INT8,2,7W,default,train,128,64,5.180579352139629,4.655705033294318,4.014867765248049,5.015744016165907,1.1127378807488406,255.91590770515774,94.3450583087892,42.36983842010772,41.77122125360589,1.596649428346754,12.965266219841201,0.259305324396824,2.785,50.0,17.905223175104137
mobilenet_v3_large,INT8,2,15W,default,inference,128,64,11.387726978720876,6.163825625444021,2.290548192794252,10.933395222497973,1.8475095939951323,1760.830333802768,189.5375611075351,4.308797127468582,42.885387718113606,2.1435309612330307,17.181538331872506,0.3436307666374501,2.785,50.0,17.905223175104137
mobilenet_v3_large,INT8,2,15W,default,inference,128,64,11.198811397753754,6.061571444149838,2.252549367973153,10.752016733686208,1.8475095939951323,1731.6192115027277,186.39324630804674,4.308797127468582,42.885387718113606,2.1435309612330307,16.896506885128147,0.33793013770256297,2.785,50.0,17.905223175104137
mobilenet_v3_large,INT8,2,15W,default,inference,128,64,11.161154035387042,6.041188674561464,2.2449748973632015,10.71586177259859,1.8475095939951325,1725.7964317618532,185.76647639741708,4.308797127468582,42.885387718113606,2.1435309612330307,16.83969033023621,0.3367938066047242,2.785,50.0,17.905223175104137
mobilenet_v3_large,INT8,2,15W,default,train,128,64,10.29757866259179,8.998405508467137,6.961270722655986,9.874807092961081,1.1443781515405351,647.7759487948091,210.05415593474132,17.953321364452425,45.524392442582865,3.3614088135136466,25.05628724338526,0.5011257448677052,2.785,50.0,17.905223175104137
mobilenet_v3_large,INT8,2,15W,default,train,128,64,10.617563168662631,9.27801981746114,7.177583590641772,10.181654495998124,1.1443781515405351,667.9047843018061,216.58132873304882,17.953321364452425,45.524392442582865,3.3614088135136466,25.834880343787546,0.516697606875751,2.785,50.0,17.905223175104137
mobilenet_v3_large,INT8,2,15W,default,train,128,64,10.336938210366386,9.03279933861988,6.987878188018265,9.9125507173873,1.1443781515405351,650.2518869972956,210.85702783858028,17.953321364452425,45.524392442582865,3.3614088135136466,25.152057731489673,0.5030411546297935,2.785,50.0,17.905223175104137
mobilenet_v3_large,INT8,2,25W,default,inference,128,64,18.180115944203735,8.828771784071431,2.1157614961265194,17.438973453659713,2.0591897025816976,3074.7117580580957,283.34773349811906,4.308797127468582,45.82668387682459,3.569543675255759,24.618518244828127,0.49237036489656255,2.785,50.0,17.905223175104137
mobilenet_v3_large,INT8,2,25W,default,inference,128,64,18.80171648363506,9.130638357438615,2.188101985666663,18.03523341917327,2.0591897025816976,3179.8399372881136,293.0357412385333,4.308797127468582,45.82668387682459,3.569543675255759,25.46025568302439,0.5092051136604878,2.785,50.0,17.905223175104137
mobilenet_v3_large,INT8,2,25W,default,inference,128,64,18.522909648053552,8.995241975438475,2.155655065669527,17.767792605301295,2.059189702581697,3132.6867366033434,288.6903737398739,4.308797127468582,45.82668387682459,3.569543675255759,25.082710721836477,0.5016542144367295,2.785,50.0,17.905223175104137
mobilenet_v3_large,INT8,2,25W,default,train,128,64,17.705371664935377,15.267975379063925,11.01260772161635,16.86323707225708,1.1596410935541401,1405.8700706565057,400.15921647707916,14.00359066427289,50.14678198561091,5.595681594736952,42.51889360758915,0.850377872151783,2.785,50.0,17.905223175104137
mobilenet_v3_large,INT8,2,25W,default,train,128,64,17.31978799743561,14.935472788699512,10.772777586762604,16.4959932256274,1.1596410935541406,1375.253343251373,391.4446375801767,14.00359066427289,50.14678198561091,5.595681594736952,41.592926548240975,0.8318585309648195,2.785,50.0,17.905223175104137
mobilenet_v3_large,INT8,2,25W,default,train,128,64,17.961098903662247,15.488498125410464,11.171668136564234,17.10680095411703,1.1596410935541406,1426.1757314458669,405.93890940967407,14.00359066427289,50.14678198561091,5.595681594736952,43.13301453437681,0.8626602906875362,2.785,50.0,17.905223175104137
mobilenet_v3_large,INT8,2,MAXN,default,inference,128,64,29.57846149488172,13.581543289407747,2.1662109581784295,28.62764687263002,2.1778424487259835,5421.867295295382,547.67344071843,4.308797127468582,50.495025677898575,5.665340648777618,37.87984525996043,0.7575969051992086,2.785,50.0,17.905223175104137
mobilenet_v3_large,INT8,2,MAXN,default,inference,128,64,30.194263125936452,13.864300947756709,2.2113098637278528,29.223653248434086,2.177842448725984,5534.746551181728,559.0755955647237,4.308797127468582,50.495025677898575,5.665340648777618,38.66847554416981,0.7733695108833962,2.785,50.0,17.905223175104137
mobilenet_v3_large,INT8,2,MAXN,default,inference,128,64,29.890898574003977,13.7250050349096,2.1890926291758546,28.93004050363668,2.1778424487259835,5479.138441106116,553.4585113909025,4.308797127468582,50.495025677898575,5.665340648777618,38.27996979695412,0.7655993959390824,2.785,50.0,17.905223175104137
mobilenet_v3_large,INT8,2,MAXN,default,train,128,64,27.85275074443421,23.98887584311064,16.70554791923782,26.706591345318387,1.1610694442954999,2139.5908564044553,690.8534507743756,14.00359066427289,57.243178114255144,8.979233004572517,66.79837096416571,1.3359674192833142,2.785,50.0,17.905223175104137
mobilenet_v3_large,INT8,2,MAXN,default,train,128,64,27.495313168970455,23.681023821666194,16.491163688400615,26.363862566140998,1.1610694442954996,2112.133239194045,681.9876484444242,14.00359066427289,57.243178114255144,8.979233004572517,65.94113973478233,1.3188227946956466,2.785,50.0,17.905223175104137
mobilenet_v3_large,INT8,2,MAXN,default,train,128,64,27.778494807357827,23.924921066381987,16.661010626440437,26.635391089923182,1.1610694442954996,2133.8866684964037,689.0116229836334,14.00359066427289,57.243178114255144,8.979233004572517,66.62028529942714,1.3324057059885428,2.785,50.0,17.905223175104137
mobilenet_v3_large,INT8,4,7W,default,inference,128,64,6.0057616322571885,4.0168738582317,2.7329650847691056,5.593041709267106,1.495133241475756,565.4856258495626,104.95987176734711,3.803486529318542,40.559156866923225,0.8463981887060067,12.679119636703897,0.25358239273407795,3.1550000000000002,50.0,15.817959093978228
mobilenet_v3_large,INT8,4,7W,default,inference,128,64,5.990359346290548,4.006572243941164,2.725956163611401,5.578697878608428,1.4951332414757563,564.0353899173572,104.69069325861324,3.803486529318542,40.559156866923225,0.8463981887060067,12.646602957153902,0.25293205914307804,3.1550000000000002,50.0,15.817959093978228
mobilenet_v3_large,INT8,4,7W,default,inference,128,64,5.766656659961746,3.8569516749355572,2.624158645071543,5.370368189266122,1.4951332414757559,542.9721740708554,100.78114660844804,3.803486529318542,40.559156866923225,0.8463981887060067,12.174330946260104,0.2434866189252021,3.1550000000000002,50.0,15.817959093978228
mobilenet_v3_large,INT8,4,7W,default,train,128,64,5.7119002398454155,5.079048092139673,4.411146481734388,5.462550683133019,1.1246005425081804,236.1191343821046,99.94198968935706,36.45007923930269,41.7980928157101,1.3693266594377078,16.024436107530736,0.32048872215061475,3.1550000000000002,50.0,15.817959093978228
mobilenet_v3_large,INT8,4,7W,default,train,128,64,5.573138461453467,4.955660477473873,4.30398450325953,5.329846466406676,1.1246005425081806,230.38298535578429,97.51405368855242,36.45007923930269,41.7980928157101,1.3693266594377078,15.635147226660976,0.3127029445332195,3.1550000000000002,50.0,15.817959093978228
mobilenet_v3_large,INT8,4,7W,default,train,128,64,5.688345659657678,5.058103250573794,4.392955914819536,5.440024363923544,1.1246005425081802,235.14543266269004,99.52985160721087,36.45007923930269,41.7980928157101,1.3693266594377078,15.958354970009271,0.3191670994001854,3.1550000000000002,50.0,15.817959093978228
mobilenet_v3_large,INT8,4,15W,default,inference,128,64,12.172060198624665,6.502265155861223,2.3920903736738794,11.629952181400755,1.87197229071051,1844.0500939939254,192.65298255097753,3.803486529318542,42.922448221620826,1.9144495935689723,20.532181335943545,0.4106436267188709,3.1550000000000002,50.0,15.817959093978228
mobilenet_v3_large,INT8,4,15W,default,inference,128,64,12.501736750425337,6.678377031788372,2.45687941456915,11.944945902283282,1.8719722907105103,1893.9956304450443,197.8709300426189,3.803486529318542,42.922448221620826,1.9144495935689723,21.088289228389296,0.4217657845677859,3.1550000000000002,50.0,15.817959093978228
mobilenet_v3_large,INT8,4,15W,default,inference,128,64,12.147592981778415,6.48919486792605,2.3872820016371454,11.606574662945333,1.8719722907105103,1840.3433448660994,192.26572827986544,3.803486529318542,42.922448221620826,1.9144495935689723,20.490909330639973,0.40981818661279945,3.1550000000000002,50.0,15.817959093978228
mobilenet_v3_large,INT8,4,15W,default,train,128,64,11.706844718598571,10.217689161847812,7.769844922395144,11.251590718901904,1.1457428908985772,788.2802198392853,226.49369297578795,16.481774960380346,45.513362961967395,2.9752695967410934,32.23478960296056,0.6446957920592112,3.1550000000000002,50.0,15.817959093978228
mobilenet_v3_large,INT8,4,15W,default,train,128,64,11.607035957295144,10.13057645785787,7.703601744505208,11.155663305551776,1.1457428908985772,781.5595983402097,224.56268120597787,16.481774960380346,45.513362961967395,2.9752695967410934,31.95996624120222,0.6391993248240444,3.1550000000000002,50.0,15.817959093978228
mobilenet_v3_large,INT8,4,15W,default,train,128,64,11.60994513032036,10.133115572914422,7.705532565644609,11.158459347098157,1.145742890898577,781.7554874637947,224.6189653164984,16.481774960380346,45.513362961967395,2.9752695967410934,31.96797664730571,0.6393595329461143,3.1550000000000002,50.0,15.817959093978228
mobilenet_v3_large,INT8,4,25W,default,inference,128,64,20.404234537950764,9.810390907216753,2.2937103518973823,19.43850464822862,2.079859480720685,3406.716603376911,314.98974145186764,3.803486529318542,45.90052331694906,3.175906421660309,30.985828158060997,0.6197165631612199,3.1550000000000002,50.0,15.817959093978228
mobilenet_v3_large,INT8,4,25W,default,inference,128,64,20.574708608716296,9.892355132370303,2.3128739299339762,19.600910202370574,2.0798594807206845,3435.1791681568843,317.6214296622146,3.803486529318542,45.90052331694906,3.175906421660309,31.244709727586244,0.6248941945517249,3.1550000000000002,50.0,15.817959093978228
mobilenet_v3_large,INT8,4,25W,default,inference,128,64,19.919632360539392,9.577393350457076,2.2392345503762283,18.976838631763652,2.079859480720685,3325.806815717426,307.50871028228823,3.803486529318542,45.90052331694906,3.175906421660309,30.249912298715117,0.6049982459743023,3.1550000000000002,50.0,15.817959093978228
mobilenet_v3_large,INT8,4,25W,default,train,128,64,19.373522613169897,16.998793964421623,12.318420450934715,18.87609646657031,1.139699831277358,1319.6098949206782,449.52574274657763,19.968304278922343,50.1843611988186,4.93324237332965,53.62553462375094,1.0725106924750187,3.1550000000000002,50.0,15.817959093978228
mobilenet_v3_large,INT8,4,25W,default,train,128,64,19.405923223054653,17.02722303758244,12.339021987547156,18.90766517247744,1.139699831277358,1321.8168330319913,450.27753727123445,19.968304278922343,50.1843611988186,4.93324237332965,53.71521888313413,1.0743043776626826,3.1550000000000002,50.0,15.817959093978228
mobilenet_v3_large,INT8,4,25W,default,train,128,64,18.871112590193324,16.557967345702654,11.99896910357974,18.386586104988936,1.1396998312773583,1285.3886925681163,437.86827377455234,19.968304278922343,50.1843611988186,4.93324237332965,52.23487343010023,1.0446974686020045,3.1550000000000002,50.0,15.817959093978228
mobilenet_v3_large,INT8,4,MAXN,default,inference,128,64,32.37576901873633,14.590798816411647,2.255979385357872,30.61264956520156,2.21891682738578,5586.27128460492,473.8480013594493,3.803486529318542,50.422471123814994,5.047978822189914,46.09401127313608,0.9218802254627216,3.1550000000000002,50.0,15.817959093978228
mobilenet_v3_large,INT8,4,MAXN,default,inference,128,64,32.863897100903465,14.810783664938947,2.2899926898803393,31.074195170918877,2.21891682738578,5670.495257386586,480.99218737116826,3.803486529318542,50.422471123814994,5.047978822189914,46.78896870593484,0.9357793741186968,3.1550000000000002,50.0,15.817959093978228
mobilenet_v3_large,INT8,4,MAXN,default,inference,128,64,33.92554235180599,15.289235690629924,2.3639693048979815,32.07802535050878,2.21891682738578,5853.67664764551,496.5303041646812,3.803486529318542,50.422471123814994,5.047978822189914,48.30045367282018,0.9660090734564036,3.1550000000000002,50.0,15.817959093978228
mobilenet_v3_large,INT8,4,MAXN,default,train,128,64,30.956101593722064,26.79585118804568,18.58031262320916,29.89915942067563,1.1552572589122445,2436.6850450872776,661.7807520351397,11.410459587955625,57.296212760227114,7.942695932999872,84.53164980264657,1.6906329960529314,3.1550000000000002,50.0,15.817959093978228
mobilenet_v3_large,INT8,4,MAXN,default,train,128,64,30.38995512218399,26.30579023653853,18.240503090026937,29.352343034357702,1.1552572589122447,2392.1212735041818,649.6776505977002,11.410459587955625,57.296212760227114,7.942695932999872,82.98567686661104,1.659713537332221,3.1550000000000002,50.0,15.817959093978228
mobilenet_v3_large,INT8,4,MAXN,default,train,128,64,31.122271630359993,26.939689311854035,18.680050350842443,30.05965587082892,1.155257258912245,2449.764988050748,665.3331415851944,11.410459587955625,57.296212760227114,7.942695932999872,84.98540937254083,1.6997081874508166,3.1550000000000002,50.0,15.817959093978228
mobilenet_v3_large,INT8,8,7W,default,inference,128,64,6.338328180208846,4.235472020662286,2.8345291886843578,5.985764022423211,1.4964868494675463,625.1002333579311,101.99542079342817,3.3566433566433567,40.500653938423696,0.781414489455954,15.146576172524416,0.3029315234504883,3.575,50.0,13.947147282556493
mobilenet_v3_large,INT8,8,7W,default,inference,128,64,6.393847765919874,4.272571969606562,2.8593577999154642,6.038195378017356,1.4964868494675465,630.5757002313986,102.88883359028432,3.3566433566433567,40.500653938423696,0.781414489455954,15.279250216867032,0.30558500433734065,3.575,50.0,13.947147282556493
mobilenet_v3_large,INT8,8,7W,default,inference,128,64,6.534605834468904,4.366630977608612,2.922305448333364,6.171123897751844,1.4964868494675465,644.4575787008265,105.15389119278534,3.3566433566433567,40.500653938423696,0.781414489455954,15.615616960045834,0.31231233920091667,3.575,50.0,13.947147282556493
mobilenet_v3_large,INT8,8,7W,default,train,128,64,6.1451867437517596,5.501805994670054,4.690039891147894,5.951436047323594,1.1169399193110388,283.5690531359028,113.40122797698353,35.8041958041958,41.689997410451326,1.2386977380879751,19.668130902419776,0.3933626180483955,3.575,50.0,13.947147282556493
mobilenet_v3_large,INT8,8,7W,default,train,128,64,6.084440283180187,5.4474194878210165,4.643677862586858,5.892604853046127,1.1169399193110388,280.7659135367435,112.28023304040568,35.8041958041958,41.689997410451326,1.2386977380879751,19.473707300957184,0.38947414601914365,3.575,50.0,13.947147282556493
mobilenet_v3_large,INT8,8,7W,default,train,128,64,5.847654222938409,5.235424145772687,4.462961455663856,5.663284385957066,1.1169399193110388,269.8394434881623,107.91066200555441,35.8041958041958,41.689997410451326,1.2386977380879751,18.715855762362565,0.3743171152472513,3.575,50.0,13.947147282556493
mobilenet_v3_large,INT8,8,15W,default,inference,128,64,13.9932288643901,7.3678646425208285,2.637354947644527,13.286451466276711,1.899224475926648,2124.4537493923235,220.3441136407044,3.3566433566433567,42.894114281887234,1.6583603020638948,26.36227067470137,0.5272454134940274,3.575,50.0,13.947147282556493
mobilenet_v3_large,INT8,8,15W,default,inference,128,64,13.897265697996609,7.317337088979971,2.619268419214797,13.195335258202533,1.899224475926648,2109.8846095158924,218.83303145616748,3.3566433566433567,42.894114281887234,1.6583603020638948,26.18148273849428,0.5236296547698857,3.575,50.0,13.947147282556493
mobilenet_v3_large,INT8,8,15W,default,inference,128,64,13.326546726725615,7.016836027359787,2.511702930421389,12.653442462325224,1.8992244759266481,2023.2379842004536,209.84621596981006,3.3566433566433567,42.894114281887234,1.6583603020638948,25.10628786062584,0.5021257572125168,3.575,50.0,13.947147282556493
mobilenet_v3_large,INT8,8,15W,default,train,128,64,13.167464840019163,11.448267511248481,8.609478836935786,12.612166434353139,1.1501709605476538,862.0731198791972,246.74446475192727,15.664335664335663,45.37309104976557,2.6507083982630752,40.923441580747586,0.8184688316149518,3.575,50.0,13.947147282556493
mobilenet_v3_large,INT8,8,15W,default,train,128,64,13.007507338895003,11.309194706760358,8.50489145147704,12.458954661919181,1.1501709605476538,851.600712037781,243.74702914245574,15.664335664335663,45.37309104976557,2.6507083982630752,40.42630629068309,0.8085261258136618,3.575,50.0,13.947147282556493
mobilenet_v3_large,INT8,8,15W,default,train,128,64,13.083804899500128,11.375530550058643,8.554778217177239,12.532034601344,1.1501709605476536,856.595908676555,245.17676531279065,15.664335664335663,45.37309104976557,2.6507083982630752,40.66343308783905,0.813268661756781,3.575,50.0,13.947147282556493
mobilenet_v3_large,INT8,8,25W,default,inference,128,64,23.290862447790886,11.179828902325504,2.5268815830461695,22.245663896546525,2.0832932821490835,3904.6088495724753,340.0591896874688,3.3566433566433567,45.87268024032267,2.7839712152058906,40.00787004563767,0.8001574009127533,3.575,50.0,13.947147282556493
mobilenet_v3_large,INT8,8,25W,default,inference,128,64,22.520486200461384,10.81004119459825,2.4433016144745134,21.509858981190103,2.083293282149083,3775.4587195776753,328.8112797825184,3.3566433566433567,45.87268024032267,2.7839712152058906,38.68455654196241,0.7736911308392481,3.575,50.0,13.947147282556493
mobilenet_v3_large,INT8,8,25W,default,inference,128,64,23.18496749166494,11.128998346189546,2.515392785026261,22.14452107250564,2.0832932821490835,3886.85603411786,338.5130660498017,3.3566433566433567,45.87268024032267,2.7839712152058906,39.82596902532671,0.7965193805065341,3.575,50.0,13.947147282556493
mobilenet_v3_large,INT8,8,25W,default,train,128,64,21.980001034820432,18.763910549701794,13.354496359541464,20.888206083005304,1.171397666632436,1742.1525524272854,403.7668840830755,8.111888111888112,50.184310916116395,4.394996648333079,67.07504337544606,1.341500867508921,3.575,50.0,13.947147282556493
mobilenet_v3_large,INT8,8,25W,default,train,128,64,22.01368043425185,18.792662015058763,13.374959116407847,20.920212552657457,1.1713976666324362,1744.8220087021377,404.3855658631477,8.111888111888112,50.184310916116395,4.394996648333079,67.1778207672279,1.343556415344558,3.575,50.0,13.947147282556493
mobilenet_v3_large,INT8,8,25W,default,train,128,64,22.392897707379593,19.116392618191966,13.605362003352074,21.28059327050997,1.171397666632436,1774.8790746348197,411.3516882267776,8.111888111888112,50.184310916116395,4.394996648333079,68.33505524612835,1.366701104922567,3.575,50.0,13.947147282556493
mobilenet_v3_large,INT8,8,MAXN,default,inference,128,64,37.34178684762414,16.829698187937858,2.512673248200633,35.53326528268748,2.218803119974407,6787.570717384516,520.5193114616224,3.3566433566433567,50.62795511752409,4.47120706811494,60.23196398726418,1.2046392797452836,3.575,50.0,13.947147282556493
mobilenet_v3_large,INT8,8,MAXN,default,inference,128,64,36.442279496111745,16.42429612976752,2.4521467375671766,34.67732248928441,2.2188031199744067,6624.068371229753,507.98078594396287,3.3566433566433567,50.62795511752409,4.47120706811494,58.781066775953555,1.175621335519071,3.575,50.0,13.947147282556493
mobilenet_v3_large,INT8,8,MAXN,default,inference,128,64,38.1818502983153,17.20830927025004,2.5691998672388716,36.33264313703346,2.2188031199744067,6940.268018719442,532.229229112915,3.3566433566433567,50.62795511752409,4.47120706811494,61.586978724923036,1.2317395744984607,3.575,50.0,13.947147282556493
mobilenet_v3_large,INT8,8,MAXN,default,train,128,64,33.6606081447683,28.782182621170683,20.305868676976928,32.192305758402284,1.169494634503823,2526.4599184384606,699.7347208276864,10.909090909090908,57.260622620883524,6.995425281521628,102.88600989454666,2.057720197890933,3.575,50.0,13.947147282556493
mobilenet_v3_large,INT8,8,MAXN,default,train,128,64,34.10438117570678,29.16163971130667,20.573576166094927,32.616721058264446,1.1694946345038235,2559.7681335107513,708.9598482103848,10.909090909090908,57.260622620883524,6.995425281521628,104.24243329176224,2.0848486658352448,3.575,50.0,13.947147282556493
mobilenet_v3_large,INT8,8,MAXN,default,train,128,64,33.75894957233364,28.866271444380267,20.365193455218016,32.28635745501115,1.1694946345038228,2533.841118266977,701.7790365770418,10.909090909090908,57.260622620883524,6.995425281521628,103.18659736599153,2.063731947319831,3.575,50.0,13.947147282556493
mobilenet_v3_large,INT8,16,7W,default,inference,128,64,7.0909368882406,4.711517958171735,3.0255989961377234,6.781308250469902,1.5050217257353253,777.7567026856794,118.29503002935938,2.973977695167286,40.65045191115465,0.6972329167239283,19.01854926762644,0.3803709853525288,4.035,50.0,12.364817244036917
mobilenet_v3_large,INT8,16,7W,default,inference,128,64,7.259335363091306,4.82340901726487,3.097452160887274,6.942353537555369,1.5050217257353256,796.2271875597421,121.10434887584327,2.973977695167286,40.65045191115465,0.6972329167239283,19.47020956879941,0.38940419137598825,4.035,50.0,12.364817244036917
mobilenet_v3_large,INT8,16,7W,default,inference,128,64,7.289969716863446,4.843763775769883,3.1105233913157977,6.971650229834119,1.5050217257353256,799.5872617437667,121.61540853643852,2.973977695167286,40.65045191115465,0.6972329167239283,19.552373741979906,0.3910474748395981,4.035,50.0,12.364817244036917
mobilenet_v3_large,INT8,16,7W,default,train,128,64,6.8608983964848305,6.128188762817562,5.160429994814159,6.609428114396307,1.1195638160026895,378.00020124016834,137.12453991082458,35.19206939281288,41.79275785085776,1.071755766612815,24.72559703748896,0.4945119407497792,4.035,50.0,12.364817244036917
mobilenet_v3_large,INT8,16,7W,default,train,128,64,6.7150283413886855,5.997896900030354,5.050713720914954,6.468904587084641,1.1195638160026895,369.96351172884897,134.20912518874184,35.19206939281288,41.79275785085776,1.071755766612815,24.199904337537085,0.4839980867507417,4.035,50.0,12.364817244036917
mobilenet_v3_large,INT8,16,7W,default,train,128,64,6.722610759667063,6.004669553960391,5.056416842642717,6.476209089446882,1.1195638160026895,370.3812639632475,134.36067030102132,35.19206939281288,41.79275785085776,1.071755766612815,24.227230178569346,0.48454460357138696,4.035,50.0,12.364817244036917
mobilenet_v3_large,INT8,16,15W,default,inference,128,64,14.99425883973575,7.851511242513788,2.6638218219481957,14.360661504052507,1.9097290160581997,2324.62507511551,231.17605020579393,2.973977695167286,43.3545660424584,1.4853012337410143,31.702455488391596,0.6340491097678319,4.035,50.0,12.364817244036917
mobilenet_v3_large,INT8,16,15W,default,inference,128,64,15.466589375381567,8.09883980676252,2.747734231455992,14.813033242658356,1.9097290160581997,2397.852529612644,238.4582712738218,2.973977695167286,43.3545660424584,1.4853012337410143,32.70110690172038,0.6540221380344076,4.035,50.0,12.364817244036917
mobilenet_v3_large,INT8,16,15W,default,inference,128,64,14.90217988043685,7.8032955226264935,2.6474634314639203,14.272473432853367,1.9097290160582,2310.349674112726,229.75641017254526,2.973977695167286,43.3545660424584,1.4853012337410143,31.507772367352302,0.6301554473470461,4.035,50.0,12.364817244036917
mobilenet_v3_large,INT8,16,15W,default,train,128,64,14.620064393571557,12.691570494079297,9.42913028498171,13.992055943224683,1.1519507692441937,1085.1507785120123,286.6525383869134,13.630731102850062,45.604722966002086,2.3362176041375244,51.206226794206344,1.0241245358841269,4.035,50.0,12.364817244036917
mobilenet_v3_large,INT8,16,15W,default,train,128,64,14.362203793996954,12.467723601955784,9.262824506614447,13.745271808923077,1.1519507692441937,1066.0114900079893,281.5967196553262,13.630731102850062,45.604722966002086,2.3362176041375244,50.30307972264399,1.00606159445288,4.035,50.0,12.364817244036917
mobilenet_v3_large,INT8,16,15W,default,train,128,64,14.42102524390146,12.518786070487403,9.300761077875034,13.801566569026,1.1519507692441935,1070.3774175742965,282.75001949538296,13.630731102850062,45.604722966002086,2.3362176041375244,50.50909964315122,1.0101819928630242,4.035,50.0,12.364817244036917
mobilenet_v3_large,INT8,16,25W,default,inference,128,64,26.33072915198984,12.414100333683338,2.7198187306699557,24.970265970654648,2.121034021333494,4446.424881076805,375.27542720637007,2.973977695167286,45.99095942347457,2.470667558657037,50.13587036342508,1.0027174072685014,4.035,50.0,12.364817244036917
mobilenet_v3_large,INT8,16,25W,default,inference,128,64,25.315027479770027,11.935229338685701,2.6149023640577735,24.00704384506263,2.1210340213334935,4274.905089086229,360.7992660352805,2.973977695167286,45.99095942347457,2.470667558657037,48.2018909786393,0.964037819572786,4.035,50.0,12.364817244036917
mobilenet_v3_large,INT8,16,25W,default,inference,128,64,26.407408369702274,12.45025214310327,2.7277392698765826,25.04298330596462,2.1210340213334935,4459.373568503196,376.3682881757257,2.973977695167286,45.99095942347457,2.470667558657037,50.28187389020205,1.005637477804041,4.035,50.0,12.364817244036917
mobilenet_v3_large,INT8,16,25W,default,train,128,64,23.018814520012533,19.946278917529607,14.312622651165107,22.16025253278436,1.1540405413554433,1637.0849337549187,454.0694290911421,11.152416356877323,50.35276966497662,3.874554369556334,80.47769839611546,1.6095539679223092,4.035,50.0,12.364817244036917
mobilenet_v3_large,INT8,16,25W,default,train,128,64,23.295799398428244,20.186292044009885,14.48484611825097,22.426906354079904,1.154040541355443,1656.7839400151272,459.5332363388942,11.152416356877323,50.35276966497662,3.874554369556334,81.44608473443208,1.6289216946886416,4.035,50.0,12.364817244036917
mobilenet_v3_large,INT8,16,25W,default,train,128,64,22.938783118434422,19.87693005264128,14.26286078136788,22.083206164128764,1.154040541355443,1631.3931462114326,452.4907286418927,11.152416356877323,50.35276966497662,3.874554369556334,80.19789497735893,1.6039578995471786,4.035,50.0,12.364817244036917
mobilenet_v3_large,INT8,16,MAXN,default,inference,128,64,39.777174453541,18.02357377538509,2.600569916522166,38.25948235530755,2.2069526803760167,7288.491559483159,571.1165084075108,2.973977695167286,50.38661645152281,3.9672120333967986,72.79722178674069,1.455944435734814,4.035,50.0,12.364817244036917
mobilenet_v3_large,INT8,16,MAXN,default,inference,128,64,40.85101852242439,18.51014699393748,2.670776174732779,39.29235406553378,2.2069526803760167,7485.25524468154,586.5346491784461,2.973977695167286,50.38661645152281,3.9672120333967986,74.76249121376308,1.4952498242752617,4.035,50.0,12.364817244036917
mobilenet_v3_large,INT8,16,MAXN,default,inference,128,64,40.97607379973377,18.566811225310158,2.67895209463008,39.41263787757891,2.2069526803760167,7508.1695000468335,588.3301797639144,2.973977695167286,50.38661645152281,3.9672120333967986,74.9913580672528,1.499827161345056,4.035,50.0,12.364817244036917
mobilenet_v3_large,INT8,16,MAXN,default,train,128,64,38.823861942668,32.80657807038112,22.990877276250185,36.528326968915096,1.1834169921464466,3286.3547902643745,789.50982312226,9.913258983890954,57.32382069622936,6.206572358560835,132.36436650523598,2.6472873301047195,4.035,50.0,12.364817244036917
mobilenet_v3_large,INT8,16,MAXN,default,train,128,64,38.79323663276673,32.78069935636525,22.972741451881987,36.499512438942524,1.1834169921464468,3283.7624249286946,788.887036470099,9.913258983890954,57.32382069622936,6.206572358560835,132.25995392129224,2.645199078425845,4.035,50.0,12.364817244036917
mobilenet_v3_large,INT8,16,MAXN,default,train,128,64,37.68160453817034,31.841358361624128,22.31445049924704,35.453607714664436,1.1834169921464468,3189.665205427883,766.281236468083,9.913258983890954,57.32382069622936,6.206572358560835,128.47000437414454,2.5694000874828906,4.035,50.0,12.364817244036917
mobilenet_v3_large,FP8,1,7W,default,inference,128,64,4.591776846086607,3.2345480473019106,2.243500142881594,4.430591270720923,1.419603845401779,423.60223199271854,75.84669197082351,4.809619238476953,40.510156485813994,1.1094700565185023,8.07467134816556,0.1614934269633112,2.495,50.0,20.0
mobilenet_v3_large,FP8,1,7W,default,inference,128,64,4.745617474736763,3.342916751112103,2.3186652660847757,4.579031617285347,1.419603845401779,437.7943924246673,78.38782216180195,4.809619238476953,40.510156485813994,1.1094700565185023,8.345201157863059,0.1669040231572612,2.495,50.0,20.0
mobilenet_v3_large,FP8,1,7W,default,inference,128,64,4.844099532752753,3.4122896668977156,2.3667826983198483,4.674056650337672,1.4196038454017792,446.87959429425797,80.01454283429217,4.809619238476953,40.510156485813994,1.1094700565185023,8.518382538148954,0.17036765076297908,2.495,50.0,20.0
mobilenet_v3_large,FP8,1,7W,default,train,128,64,4.585533668421814,4.1034145213306585,3.5946132248363565,4.396144061029755,1.1174921871979957,170.37921531310545,90.5742416595687,42.48496993987976,41.74876858368999,1.7155403578688766,10.236884722645955,0.20473769445291912,2.495,50.0,20.0
mobilenet_v3_large,FP8,1,7W,default,train,128,64,4.501979758184578,4.028645398830806,3.5291150707624115,4.31604105605244,1.1174921871979955,167.27470214365755,88.92387060035148,42.48496993987976,41.74876858368999,1.7155403578688766,10.050356434103422,0.20100712868206844,2.495,50.0,20.0
mobilenet_v3_large,FP8,1,7W,default,train,128,64,4.477523925376586,4.006760831682901,3.509944072053715,4.292595286828943,1.1174921871979957,166.3660258793552,88.44081482736895,42.48496993987976,41.74876858368999,1.7155403578688766,9.995760489693339,0.1999152097938668,2.495,50.0,20.0
mobilenet_v3_large,FP8,1,15W,default,inference,128,64,10.051538503370393,5.445002272538191,2.101507084145771,9.581036402362315,1.846011810512039,1446.999485257984,167.960182721617,4.809619238476953,43.07333453030563,2.375942193398112,13.601182440060505,0.2720236488012101,2.495,50.0,20.0
mobilenet_v3_large,FP8,1,15W,default,inference,128,64,10.51217805464062,5.694534560818869,2.1978144583758468,10.020113893594928,1.846011810512039,1513.3122386095222,175.65742261919183,4.809619238476953,43.07333453030563,2.375942193398112,14.224494241913842,0.28448988483827686,2.495,50.0,20.0
mobilenet_v3_large,FP8,1,15W,default,inference,128,64,10.147920453292794,5.49721317897636,2.1216579645784326,9.67290681308875,1.8460118105120393,1460.8744390154723,169.57071526990342,4.809619238476953,43.07333453030563,2.375942193398112,13.731601130133058,0.2746320226026612,2.495,50.0,20.0
mobilenet_v3_large,FP8,1,15W,default,train,128,64,9.385900476922261,8.266388680877224,6.230572208317161,9.07911593972908,1.135429368163491,636.9381176110147,203.01624306193452,15.631262525050099,45.57685778895295,3.703934892399917,20.62258518640427,0.4124517037280854,2.495,50.0,20.0
mobilenet_v3_large,FP8,1,15W,default,train,128,64,9.468037560202596,8.338728789019035,6.285096654811877,9.158568316609374,1.135429368163491,642.5120355679834,204.7928613101931,15.631262525050099,45.57685778895295,3.703934892399917,20.80305577642132,0.4160611155284264,2.495,50.0,20.0
mobilenet_v3_large,FP8,1,15W,default,train,128,64,9.492177226540045,8.359989174750023,6.301121109212386,9.181918961543543,1.1354293681634913,644.1501813883586,205.3150002760439,15.631262525050099,45.57685778895295,3.703934892399917,20.85609515465034,0.4171219030930068,2.495,50.0,20.0
mobilenet_v3_large,FP8,1,25W,default,inference,128,64,17.31689506807147,8.354119854420402,2.010624536608868,16.351948472508823,2.0728569101038943,2859.857918705779,252.8208150558893,4.809619238476953,45.985850591029845,3.9868177746400715,20.874364021532507,0.41748728043065014,2.495,50.0,20.0
mobilenet_v3_large,FP8,1,25W,default,inference,128,64,16.99800837355477,8.200280632348525,1.973599341856979,16.050831050661067,2.0728569101038943,2807.1942838625464,248.16517709647033,4.809619238476953,45.985850591029845,3.9868177746400715,20.48996734321354,0.4097993468642708,2.495,50.0,20.0
mobilenet_v3_large,FP8,1,25W,default,inference,128,64,16.918798068711837,8.16206752441192,1.964402417013153,15.976034569063653,2.0728569101038943,2794.1128269005626,247.0087334180571,4.809619238476953,45.985850591029845,3.9868177746400715,20.39448459465796,0.4078896918931592,2.495,50.0,20.0
mobilenet_v3_large,FP8,1,25W,default,train,128,64,15.794177806703592,13.776687560607334,9.984383311033003,15.26934246330506,1.1464423314545518,1115.9436035399297,397.7714422110038,18.036072144288575,50.019855736596924,6.278300439954071,34.36791320462121,0.6873582640924242,2.495,50.0,20.0
mobilenet_v3_large,FP8,1,25W,default,train,128,64,16.002397505982213,13.958310040487715,10.116010630666153,15.470643090333725,1.1464423314545515,1130.6554451048862,403.01539039826815,18.036072144288575,50.019855736596924,6.278300439954071,34.82099640020627,0.6964199280041253,2.495,50.0,20.0
mobilenet_v3_large,FP8,1,25W,default,train,128,64,16.081150731390675,14.027003618217474,10.165794949867914,15.546779371915996,1.1464423314545518,1136.2197840168747,404.9987658188109,18.036072144288575,50.019855736596924,6.278300439954071,34.992362333181475,0.6998472466636295,2.495,50.0,20.0
mobilenet_v3_large,FP8,1,MAXN,default,inference,128,64,27.610668856132918,12.588325798305249,2.022021280650688,26.321715603159845,2.1933551211273947,4711.983896428706,405.3902029446308,4.809619238476953,50.46357751322379,6.401260811068341,31.457759096597144,0.6291551819319429,2.495,50.0,20.0
mobilenet_v3_large,FP8,1,MAXN,default,inference,128,64,27.060084078613073,12.337301797578528,1.9817001228131748,25.796833862524746,2.1933551211273943,4618.022152190989,397.30631059635056,4.809619238476953,50.46357751322379,6.401260811068341,30.830459432698362,0.6166091886539672,2.495,50.0,20.0
mobilenet_v3_large,FP8,1,MAXN,default,inference,128,64,26.384118611196236,12.029113916416179,1.9321969192789281,25.152424598713996,2.1933551211273947,4502.663179411068,387.3815319012916,4.809619238476953,50.46357751322379,6.401260811068341,30.06030935258198,0.6012061870516396,2.495,50.0,20.0
mobilenet_v3_large,FP8,1,MAXN,default,train,128,64,25.476715755244083,21.56372877195979,15.1682840343761,24.059537606508307,1.1814615192328197,1821.8113356154242,592.2375067416077,15.230460921843687,57.47280922373736,10.007158788446878,53.79563465502595,1.075912693100519,2.495,50.0,20.0
mobilenet_v3_large,FP8,1,MAXN,default,train,128,64,26.037288883200784,22.03820307250299,15.502037117331293,24.58892806573561,1.18146151923282,1861.897290522807,605.2687166839276,15.230460921843687,57.47280922373736,10.007158788446878,54.9793189053311,1.099586378106622,2.495,50.0,20.0
mobilenet_v3_large,FP8,1,MAXN,default,train,128,64,25.199629024859316,21.329199990552937,15.003312604423728,23.797864215243795,1.1814615192328197,1801.9971746688882,585.7962858271546,15.230460921843687,57.47280922373736,10.007158788446878,53.2105491731005,1.0642109834620102,2.495,50.0,20.0
mobilenet_v3_large,FP8,2,7W,default,inference,128,64,5.2393443419829815,3.6383747974562284,2.541126874952776,4.989832505223349,1.4400232613874941,510.18561005041954,85.3147334143073,4.308797127468582,40.492397666875526,1.0078268762160942,10.137862239264047,0.20275724478528093,2.785,50.0,17.905223175104137
mobilenet_v3_large,FP8,2,7W,default,inference,128,64,5.151495264340866,3.5773694790022263,2.4985193199678135,4.906167039745162,1.440023261387494,501.63123142138573,83.88424514124722,4.308797127468582,40.492397666875526,1.0078268762160942,9.967878785447933,0.19935757570895865,2.785,50.0,17.905223175104137
mobilenet_v3_large,FP8,2,7W,default,inference,128,64,5.152309743983289,3.5779350807284356,2.4989143495694903,4.906942731650356,1.4400232613874941,501.7105420690774,83.89750770026775,4.308797127468582,40.492397666875526,1.0078268762160942,9.96945476172905,0.199389095234581,2.785,50.0,17.905223175104137
mobilenet_v3_large,FP8,2,7W,default,train,128,64,5.164717153162045,4.616410308358079,4.014671377569847,4.956090667399259,1.1187734209438118,248.70290504790273,98.50946446261082,40.21543985637343,41.80395660083287,1.5523168046150349,12.856356768601746,0.2571271353720349,2.785,50.0,17.905223175104137
mobilenet_v3_large,FP8,2,7W,default,train,128,64,5.073709920224585,4.535064764002291,3.9439290460169634,4.868759631748829,1.118773420943812,244.32052310118561,96.77363391990554,40.21543985637343,41.80395660083287,1.5523168046150349,12.629815523366101,0.252596310467322,2.785,50.0,17.905223175104137
mobilenet_v3_large,FP8,2,7W,default,train,128,64,5.190050897331419,4.639054521828936,4.03436396761637,4.980401066076415,1.118773420943812,249.92283163513238,98.9926687692457,40.21543985637343,41.80395660083287,1.5523168046150349,12.919419206227504,0.25838838412455006,2.785,50.0,17.905223175104137
mobilenet_v3_large,FP8,2,15W,default,inference,128,64,10.891246147179464,5.917375183280284,2.2527867786167253,10.497824890307106,1.840553591726446,1620.3008755207884,183.54954249604168,4.308797127468582,42.95527317717241,2.1472899882829437,16.495569074605914,0.3299113814921183,2.785,50.0,17.905223175104137
mobilenet_v3_large,FP8,2,15W,default,inference,128,64,11.35077474206809,6.167043868264125,2.347837421029165,10.940754069947305,1.840553591726446,1688.6653743635316,191.29395137412934,4.308797127468582,42.95527317717241,2.1472899882829437,17.191557906031328,0.34383115812062653,2.785,50.0,17.905223175104137
mobilenet_v3_large,FP8,2,15W,default,inference,128,64,11.30156713142706,6.140308645306084,2.337659131679957,10.893323971242415,1.8405535917264457,1681.3447121062934,190.46465835307123,4.308797127468582,42.95527317717241,2.1472899882829437,17.117029470133687,0.34234058940267376,2.785,50.0,17.905223175104137
mobilenet_v3_large,FP8,2,15W,default,train,128,64,10.036919092711914,8.67613206247603,6.605073630333932,9.520011944405807,1.1568425907347861,585.654431179989,209.60409534909044,16.51705565529623,45.46829840033212,3.361382522605377,24.161653304830356,0.4832330660966071,2.785,50.0,17.905223175104137
mobilenet_v3_large,FP8,2,15W,default,train,128,64,10.65759000680709,9.212653555604103,7.013523379697969,10.108717946830582,1.1568425907347863,621.8705915163139,222.56575861016836,16.51705565529623,45.46829840033212,3.361382522605377,25.65578066644764,0.5131156133289528,2.785,50.0,17.905223175104137
mobilenet_v3_large,FP8,2,15W,default,train,128,64,11.005747619301287,9.513608599343511,7.2426381752088,10.438945240571275,1.1568425907347861,642.185595216436,229.83644204715392,16.51705565529623,45.46829840033212,3.361382522605377,26.493892785397612,0.5298778557079522,2.785,50.0,17.905223175104137
mobilenet_v3_large,FP8,2,25W,default,inference,128,64,19.347427367290525,9.203045006006462,2.1936120788664577,18.089584580017206,2.1022854234292265,3149.685231737942,297.6320155465115,4.308797127468582,45.90725643461029,3.5682555980113504,25.658715822723043,0.5131743164544609,2.785,50.0,17.905223175104137
mobilenet_v3_large,FP8,2,25W,default,inference,128,64,18.882820430577965,8.98204412214232,2.1409349260362647,17.655183338003308,2.102285423429227,3074.049046143542,290.4847139241554,4.308797127468582,45.90725643461029,3.5682555980113504,25.042550317508226,0.5008510063501646,2.785,50.0,17.905223175104137
mobilenet_v3_large,FP8,2,25W,default,inference,128,64,18.96227470778151,9.019838360887478,2.1499434551229775,17.72947201940948,2.1022854234292265,3086.9838905936886,291.7070023565623,4.308797127468582,45.90725643461029,3.5682555980113504,25.14792322735113,0.5029584645470225,2.785,50.0,17.905223175104137
mobilenet_v3_large,FP8,2,25W,default,train,128,64,17.117607319558637,14.726084027181324,10.673503060925116,16.415218352501693,1.162400492076716,1221.3765198743802,376.80241973588244,16.51705565529623,50.444898301680745,5.6464610415211105,41.00705184928954,0.8201410369857908,2.785,50.0,17.905223175104137
mobilenet_v3_large,FP8,2,25W,default,train,128,64,17.64816027095815,15.18251273227559,11.004323744273492,16.92400105689497,1.162400492076716,1259.2325651318847,388.48125031969425,16.51705565529623,50.444898301680745,5.6464610415211105,42.278047963447065,0.8455609592689413,2.785,50.0,17.905223175104137
mobilenet_v3_large,FP8,2,25W,default,train,128,64,16.945322649217044,14.577869473319774,10.566076776286588,16.250003061038928,1.1624004920767161,1209.0836539871548,373.00999247334454,16.51705565529623,50.444898301680745,5.6464610415211105,40.594325568236044,0.8118865113647209,2.785,50.0,17.905223175104137
mobilenet_v3_large,FP8,2,MAXN,default,inference,128,64,28.619615568926037,13.265758662291633,2.1161387486597985,27.887555386019923,2.1574051132317265,5199.116480820401,452.42053730570206,4.308797127468582,50.35387059922213,5.6933778895821705,36.99708123247714,0.7399416246495428,2.785,50.0,17.905223175104137
mobilenet_v3_large,FP8,2,MAXN,default,inference,128,64,29.86669375584287,13.843804101819096,2.208347900372109,29.10273460198748,2.157405113231727,5425.664064552123,472.13442137337364,4.308797127468582,50.35387059922213,5.6933778895821705,38.609201174252576,0.7721840234850516,2.785,50.0,17.905223175104137
mobilenet_v3_large,FP8,2,MAXN,default,inference,128,64,29.200799672677807,13.535149005434548,2.159111590104586,28.453873401152514,2.157405113231726,5304.695951129131,461.60792921387286,4.308797127468582,50.35387059922213,5.6933778895821705,37.74838816201098,0.7549677632402196,2.785,50.0,17.905223175104137
mobilenet_v3_large,FP8,2,MAXN,default,train,128,64,27.921215572538234,23.744251064055227,16.752809621657477,26.48945439469124,1.1759147718416028,2164.1314112704404,674.7839953486962,12.926391382405745,57.504115717905854,9.01019382239395,66.11832407223133,1.3223664814446265,2.785,50.0,17.905223175104137
mobilenet_v3_large,FP8,2,MAXN,default,train,128,64,28.06607105277905,23.867436420434384,16.839723326285544,26.626881886975436,1.1759147718416025,2175.3589416073405,678.284779884782,12.926391382405745,57.504115717905854,9.01019382239395,66.4613464439228,1.3292269288784562,2.785,50.0,17.905223175104137
mobilenet_v3_large,FP8,2,MAXN,default,train,128,64,29.667998316660274,25.22971819649579,17.800884290421358,28.14666454435838,1.1759147718416025,2299.521913714673,716.9992433210708,12.926391382405745,57.504115717905854,9.01019382239395,70.25476101422595,1.405095220284519,2.785,50.0,17.905223175104137
mobilenet_v3_large,FP8,4,7W,default,inference,128,64,6.099439112669849,4.042496886691566,2.746117205020216,5.647852923094273,1.5088296376306456,552.0572136163094,98.18857928606072,4.437400950871632,40.536897975166966,0.8404954143996244,12.75993866079882,0.2551987732159764,3.1550000000000002,50.0,15.817959093978228
mobilenet_v3_large,FP8,4,7W,default,inference,128,64,5.883018954495646,3.8990611052245128,2.6486795375729164,5.447455935702155,1.5088296376306456,532.4691322722604,94.70465437633426,4.437400950871632,40.536897975166966,0.8404954143996244,12.307190810996211,0.2461438162199242,3.1550000000000002,50.0,15.817959093978228
mobilenet_v3_large,FP8,4,7W,default,inference,128,64,6.17491982805537,4.092522889298495,2.7801004758322567,5.717745247806858,1.5088296376306454,558.8889357874414,99.4036654719044,4.437400950871632,40.536897975166966,0.8404954143996244,12.917843228842106,0.2583568645768421,3.1550000000000002,50.0,15.817959093978228
mobilenet_v3_large,FP8,4,7W,default,train,128,64,5.5982802879267,4.972990465726601,4.234516089337035,5.342439747588185,1.125737185001568,233.9295596960705,112.32301378654319,28.843106180665607,41.95108494860836,1.3647778020840686,15.689637797208356,0.3137927559441671,3.1550000000000002,50.0,15.817959093978228
mobilenet_v3_large,FP8,4,7W,default,train,128,64,5.691210155507964,5.055540699315209,4.304807857382567,5.431122734643147,1.1257371850015683,237.81272414797928,114.1875440102305,28.843106180665607,41.95108494860836,1.3647778020840686,15.950081341994236,0.31900162683988476,3.1550000000000002,50.0,15.817959093978228
mobilenet_v3_large,FP8,4,7W,default,train,128,64,5.5424406674247955,4.923387750949237,4.19227923100257,5.289151989077243,1.125737185001568,231.59624711331577,111.20265643734142,28.843106180665607,41.95108494860836,1.3647778020840686,15.533142699544552,0.31066285399089105,3.1550000000000002,50.0,15.817959093978228
mobilenet_v3_large,FP8,4,15W,default,inference,128,64,12.120516731453975,6.492596493844243,2.426665669409395,11.615087447493,1.8668211928687812,1766.451475670332,183.47405563904744,3.803486529318542,42.93116692878152,1.9218317056745027,20.503941344519806,0.4100788268903961,3.1550000000000002,50.0,15.817959093978228
mobilenet_v3_large,FP8,4,15W,default,inference,128,64,12.550316436517763,6.722827276902424,2.5127164717067867,12.026964372365967,1.866821192868781,1829.0907459319992,189.9801392283614,3.803486529318542,42.93116692878152,1.9218317056745027,21.23102156211897,0.42462043124237936,3.1550000000000002,50.0,15.817959093978228
mobilenet_v3_large,FP8,4,15W,default,inference,128,64,12.162259597141327,6.514956892283477,2.4350230671466866,11.655089622813572,1.866821192868781,1772.5351062882228,184.10593735096984,3.803486529318542,42.93116692878152,1.9218317056745027,20.574556590434568,0.41149113180869135,3.1550000000000002,50.0,15.817959093978228
mobilenet_v3_large,FP8,4,15W,default,train,128,64,11.653511573852787,10.033581046636078,7.692494658232188,11.00823666743801,1.1614508837559863,746.0242565631414,248.73552009251648,15.530903328050712,45.51678142776187,2.9633304422316105,31.651780020806584,0.6330356004161317,3.1550000000000002,50.0,15.817959093978228
mobilenet_v3_large,FP8,4,15W,default,train,128,64,12.051084636544537,10.37588830065103,7.954933034993688,11.383795428329343,1.1614508837559863,771.4757392895697,257.2214208355415,15.530903328050712,45.51678142776187,2.9633304422316105,32.731617204883555,0.6546323440976711,3.1550000000000002,50.0,15.817959093978228
mobilenet_v3_large,FP8,4,15W,default,train,128,64,11.563361146912147,9.955962243980293,7.632986271143594,10.923078024127456,1.1614508837559865,740.253085803922,246.81132641153607,15.530903328050712,45.51678142776187,2.9633304422316105,31.406924943071107,0.6281384988614221,3.1550000000000002,50.0,15.817959093978228
mobilenet_v3_large,FP8,4,25W,default,inference,128,64,20.010163752901263,9.665480165718604,2.2541467071189043,19.14644153342612,2.0702710480823336,3350.067562306997,309.1431259302436,3.803486529318542,45.870655233590966,3.143381572519169,30.528043252623412,0.6105608650524682,3.1550000000000002,50.0,15.817959093978228
mobilenet_v3_large,FP8,4,25W,default,inference,128,64,20.819251597498084,10.05629268533833,2.34529052399064,19.920605768325636,2.070271048082333,3485.523672347462,321.6429709349884,3.803486529318542,45.870655233590966,3.143381572519169,31.762409398749657,0.6352481879749932,3.1550000000000002,50.0,15.817959093978228
mobilenet_v3_large,FP8,4,25W,default,inference,128,64,19.787481152682975,9.557918114641016,2.2290614926142536,18.93337084403846,2.070271048082333,3312.786420338667,305.7028344877621,3.803486529318542,45.870655233590966,3.143381572519169,30.18831269694094,0.6037662539388188,3.1550000000000002,50.0,15.817959093978228
mobilenet_v3_large,FP8,4,25W,default,train,128,64,19.66292657807554,16.43940642861824,11.924909122917661,18.24522175909349,1.1960849476806954,1454.3773152679464,424.42460987951773,12.99524564183835,50.27028491588526,4.956543977606469,51.86155105130381,1.0372310210260762,3.1550000000000002,50.0,15.817959093978228
mobilenet_v3_large,FP8,4,25W,default,train,128,64,19.8170731718662,16.56828238687653,12.018393890572266,18.388254322224522,1.1960849476806952,1465.7788382479976,427.7518667694868,12.99524564183835,50.27028491588526,4.956543977606469,52.268117256569134,1.0453623451313827,3.1550000000000002,50.0,15.817959093978228
mobilenet_v3_large,FP8,4,25W,default,train,128,64,19.425932564989548,16.24126497257405,11.781180158793001,18.025315108516217,1.1960849476806956,1436.8479452060712,419.3090900128075,12.99524564183835,50.27028491588526,4.956543977606469,51.23647232460923,1.0247294464921846,3.1550000000000002,50.0,15.817959093978228
mobilenet_v3_large,FP8,4,MAXN,default,inference,128,64,32.61100484244149,14.612613337374777,2.2681530798067895,30.79369253191144,2.231702440181053,5586.711825895044,460.686849022586,3.803486529318542,50.551845236418444,5.070010471007948,46.163819799213535,0.9232763959842707,3.1550000000000002,50.0,15.817959093978228
mobilenet_v3_large,FP8,4,MAXN,default,inference,128,64,33.800671548421214,15.145689201145936,2.350896503879382,31.917062723550362,2.2317024401810532,5790.518028349765,477.49294895151513,3.803486529318542,50.551845236418444,5.070010471007948,47.84790036346824,0.9569580072693649,3.1550000000000002,50.0,15.817959093978228
mobilenet_v3_large,FP8,4,MAXN,default,inference,128,64,33.551552340833034,15.034061771295582,2.3335698222680636,31.681826173210162,2.2317024401810532,5747.840495724975,473.9737092553058,3.803486529318542,50.551845236418444,5.070010471007948,47.49524964745423,0.9499049929490846,3.1550000000000002,50.0,15.817959093978228
mobilenet_v3_large,FP8,4,MAXN,default,train,128,64,30.251621378349128,25.963066061304076,18.03637273099201,28.867062942822564,1.165179078115,2395.061442507984,662.4014496898501,12.36133122028526,57.22684804000514,7.948403324879616,81.90640855061079,1.6381281710122158,3.1550000000000002,50.0,15.817959093978228
mobilenet_v3_large,FP8,4,MAXN,default,train,128,64,31.161370627129703,26.74384668624659,18.578775940973006,29.73517472097439,1.165179078115,2467.0875108252467,682.3216785499727,12.36133122028526,57.22684804000514,7.948403324879616,84.36955896219708,1.6873911792439416,3.1550000000000002,50.0,15.817959093978228
mobilenet_v3_large,FP8,4,MAXN,default,train,128,64,31.771772697835488,27.26771643482917,18.94270484003355,30.317639864746948,1.1651790781150002,2515.4138615252714,695.6872833706977,12.36133122028526,57.22684804000514,7.948403324879616,86.02222546750872,1.7204445093501743,3.1550000000000002,50.0,15.817959093978228
mobilenet_v3_large,FP8,8,7W,default,inference,128,64,6.2878374699523585,4.216644812110866,2.7881857421891727,5.957957705788298,1.491194480477156,635.4514559401537,108.70807682590954,3.3566433566433567,40.514063239177176,0.7804659191685626,15.080767487539514,0.3016153497507903,3.575,50.0,13.947147282556493
mobilenet_v3_large,FP8,8,7W,default,inference,128,64,6.461261536987016,4.332943570794017,2.865086348060297,6.122283399875635,1.4911944804771557,652.9777638987897,111.7063408384188,3.3566433566433567,40.514063239177176,0.7804659191685626,15.496708269118425,0.3099341653823685,3.575,50.0,13.947147282556493
mobilenet_v3_large,FP8,8,7W,default,inference,128,64,6.708476102746897,4.498726484422276,2.9747075223999717,6.356528310640377,1.4911944804771557,677.9613701851207,115.98034126154236,3.3566433566433567,40.514063239177176,0.7804659191685626,16.08962839524663,0.3217925679049326,3.575,50.0,13.947147282556493
mobilenet_v3_large,FP8,8,7W,default,train,128,64,6.305624419740934,5.575269981803345,4.7536601337764735,6.0219327720333125,1.130998936432017,287.3274183851927,111.10243209847891,29.09090909090909,41.9908038049247,1.2309100580272787,19.92986031672162,0.3985972063344324,3.575,50.0,13.947147282556493
mobilenet_v3_large,FP8,8,7W,default,train,128,64,6.330819581899417,5.597546892370533,4.772654166713457,6.045994397432989,1.1309989364320172,288.47548246527464,111.5463601865774,29.09090909090909,41.9908038049247,1.2309100580272787,20.009493360025573,0.4001898672005115,3.575,50.0,13.947147282556493
mobilenet_v3_large,FP8,8,7W,default,train,128,64,6.204543308406061,5.485896678187555,4.677457490351328,5.92539932562706,1.1309989364320172,282.7214709271693,109.32142572052794,29.09090909090909,41.9908038049247,1.2309100580272787,19.610378486618302,0.39220756973236603,3.575,50.0,13.947147282556493
mobilenet_v3_large,FP8,8,15W,default,inference,128,64,13.457731213436585,7.172769206377252,2.5443731672600625,12.94536642000224,1.876225321940015,2073.0092520470625,225.8390062949999,3.3566433566433567,43.017935218872346,1.6571826756682297,25.662891659054026,0.5132578331810805,3.575,50.0,13.947147282556493
mobilenet_v3_large,FP8,8,15W,default,inference,128,64,13.988724901693423,7.455780890553752,2.6447649844956627,13.456144035647446,1.8762253219400147,2154.8027439126154,234.74980151025218,3.3566433566433567,43.017935218872346,1.6571826756682297,26.675457096515828,0.5335091419303165,3.575,50.0,13.947147282556493
mobilenet_v3_large,FP8,8,15W,default,inference,128,64,13.854796819367735,7.384399228255747,2.6194439988400826,13.327314883679897,1.8762253219400147,2134.1726578032367,232.5023064051908,3.3566433566433567,43.017935218872346,1.6571826756682297,26.420066212843146,0.5284013242568629,3.575,50.0,13.947147282556493
mobilenet_v3_large,FP8,8,15W,default,train,128,64,12.975799041652301,11.267851313807212,8.516767035958058,12.403121885354718,1.1515770558449092,917.4008000638031,264.26452514927126,16.503496503496503,45.4278135118209,2.65072372662503,40.281781984827674,0.8056356396965535,3.575,50.0,13.947147282556493
mobilenet_v3_large,FP8,8,15W,default,train,128,64,12.86829729791496,11.174499554850478,8.446207426917319,12.300364650429739,1.1515770558449092,909.8003289562967,262.0751495917219,16.503496503496503,45.4278135118209,2.65072372662503,39.94805596222854,0.7989611192445707,3.575,50.0,13.947147282556493
mobilenet_v3_large,FP8,8,15W,default,train,128,64,12.535153435420552,10.885205963246241,8.22754585107013,11.98192384238299,1.151577055844909,886.2467547210872,255.29035704477536,16.503496503496503,45.4278135118209,2.65072372662503,38.91385156406345,0.778277031281269,3.575,50.0,13.947147282556493
mobilenet_v3_large,FP8,8,25W,default,inference,128,64,23.122977500633638,11.011228895416563,2.487732948964303,22.011944024615968,2.0999452213965513,3816.7101163562334,371.917123174248,3.3566433566433567,45.87810297264681,2.7652507727660716,39.4027045038717,0.7880540900774341,3.575,50.0,13.947147282556493
mobilenet_v3_large,FP8,8,25W,default,inference,128,64,22.732206474974106,10.825142600556141,2.445691046877638,21.639949114227647,2.0999452213965513,3752.208919364074,365.6318411131829,3.3566433566433567,45.87810297264681,2.7652507727660716,38.73681122726771,0.7747362245453542,3.575,50.0,13.947147282556493
mobilenet_v3_large,FP8,8,25W,default,inference,128,64,22.99031357310197,10.948053948670362,2.4734600282883,21.885654451967604,2.0999452213965513,3794.812428038551,369.7833155244666,3.3566433566433567,45.87810297264681,2.7652507727660716,39.17663856860406,0.7835327713720812,3.575,50.0,13.947147282556493
mobilenet_v3_large,FP8,8,25W,default,train,128,64,21.66800934048841,18.746301628246957,13.579947885228277,20.831781519818556,1.1558551532020065,1566.2177514390232,418.3999900052278,11.468531468531468,50.15805802560822,4.382002771209677,67.01139238341248,1.3402278476682496,3.575,50.0,13.947147282556493
mobilenet_v3_large,FP8,8,25W,default,train,128,64,21.731736659109835,18.801435974834313,13.619887579371163,20.893049426690126,1.1558551532020067,1570.8241209540106,419.6305372629513,11.468531468531468,50.15805802560822,4.382002771209677,67.2084781556483,1.344169563112966,3.575,50.0,13.947147282556493
mobilenet_v3_large,FP8,8,25W,default,train,128,64,21.68854612337003,18.76406923764397,13.592818861831628,20.85152573200654,1.1558551532020067,1567.7022013209307,418.79654649629214,11.468531468531468,50.15805802560822,4.382002771209677,67.07490529751307,1.3414981059502613,3.575,50.0,13.947147282556493
mobilenet_v3_large,FP8,8,MAXN,default,inference,128,64,38.232322741107026,17.329910387986878,2.591851190877381,36.489832832745165,2.206146591941395,6857.774325757542,572.3040856953229,3.3566433566433567,50.53817246514079,4.4669101431665466,62.02285190360415,1.240457038072083,3.575,50.0,13.947147282556493
mobilenet_v3_large,FP8,8,MAXN,default,inference,128,64,37.43486587746885,16.968439909755233,2.5377898790473354,35.72872114610952,2.2061465919413945,6714.733599658078,560.3668611558574,3.3566433566433567,50.53817246514079,4.4669101431665466,60.729167779626934,1.2145833555925387,3.575,50.0,13.947147282556493
mobilenet_v3_large,FP8,8,MAXN,default,inference,128,64,36.0365422856928,16.33460914035675,2.4429945224816736,34.39412804656104,2.206146591941395,6463.91473909033,539.4351926795094,3.3566433566433567,50.53817246514079,4.4669101431665466,58.46072027688621,1.169214405537724,3.575,50.0,13.947147282556493
mobilenet_v3_large,FP8,8,MAXN,default,train,128,64,34.808424093500314,28.861274401549576,20.15035634988029,32.28954530464117,1.2060598436925374,2501.4980530808693,729.1043862188238,10.06993006993007,57.30438536204057,7.021586785895721,103.1693978938869,2.063387957877738,3.575,50.0,13.947147282556493
mobilenet_v3_large,FP8,8,MAXN,default,train,128,64,37.035330899283935,30.707705834807154,21.43949732259364,34.35530409916215,1.2060598436925374,2661.534112860447,775.7496326521597,10.06993006993007,57.30438536204057,7.021586785895721,109.76977238086045,2.195395447617209,3.575,50.0,13.947147282556493
mobilenet_v3_large,FP8,8,MAXN,default,train,128,64,34.918108434874746,28.952218762186458,20.21385185771368,32.391292442072796,1.2060598436925374,2509.380488828739,731.401856916745,10.06993006993007,57.30438536204057,7.021586785895721,103.49449354968537,2.0698898709937072,3.575,50.0,13.947147282556493
mobilenet_v3_large,FP8,16,7W,default,inference,128,64,7.196703149145509,4.715834343861412,3.065382990241131,6.79143129664441,1.526072084892769,733.3366178426347,115.13347369498089,2.973977695167286,40.429334766859874,0.6947468676393466,19.03537366347384,0.38070747326947685,4.035,50.0,12.364817244036917
mobilenet_v3_large,FP8,16,7W,default,inference,128,64,7.454427881537745,4.884715443872062,3.175158952159667,7.034642636227835,1.5260720848927691,759.5985018845464,119.2565760492791,2.973977695167286,40.429334766859874,0.6947468676393466,19.71705894098699,0.39434117881973985,4.035,50.0,12.364817244036917
mobilenet_v3_large,FP8,16,7W,default,inference,128,64,7.450171849991349,4.88192656411433,3.173346126698081,7.030626276897087,1.5260720848927691,759.1648166657757,119.18848769188304,2.973977695167286,40.429334766859874,0.6947468676393466,19.70580168205465,0.394116033641093,4.035,50.0,12.364817244036917
mobilenet_v3_large,FP8,16,7W,default,train,128,64,6.980996200819919,6.076631751548604,5.177646202396723,6.547319860461421,1.1488266010262744,319.95301784576395,131.0911008076608,29.244114002478312,41.67180855225502,1.0899281380855113,24.517181784802304,0.49034363569604605,4.035,50.0,12.364817244036917
mobilenet_v3_large,FP8,16,7W,default,train,128,64,7.0224492885671985,6.112714731965533,5.208391015340054,6.586197782304916,1.1488266010262747,321.852895763218,131.86951849309514,29.244114002478312,41.67180855225502,1.0899281380855113,24.662764572502727,0.49325529145005453,4.035,50.0,12.364817244036917
mobilenet_v3_large,FP8,16,7W,default,train,128,64,6.760088711577574,5.88434208046595,5.013804138906946,6.340135677855621,1.1488266010262747,309.8283857997652,126.94283813735116,29.244114002478312,41.67180855225502,1.0899281380855113,23.74135711514517,0.4748271423029034,4.035,50.0,12.364817244036917
mobilenet_v3_large,FP8,16,15W,default,inference,128,64,14.88452931207236,7.827716065935204,2.6490330553730375,14.270611488332946,1.9015162515726807,2286.568388547766,226.6306918380827,2.973977695167286,42.87027534076035,1.4770946338921949,31.610727521189848,0.6322145504237969,4.035,50.0,12.364817244036917
mobilenet_v3_large,FP8,16,15W,default,inference,128,64,15.049193413114125,7.914312276146698,2.678338694640994,14.428483958652631,1.9015162515726813,2311.864165140806,229.13785470212616,2.973977695167286,42.87027534076035,1.4770946338921949,31.960429679815125,0.6392085935963024,4.035,50.0,12.364817244036917
mobilenet_v3_large,FP8,16,15W,default,inference,128,64,15.158223383145119,7.971650713270663,2.6977430028715665,14.533016947924583,1.9015162515726807,2328.6134003803095,230.79793659125693,2.973977695167286,42.87027534076035,1.4770946338921949,32.191979942643925,0.6438395988528786,4.035,50.0,12.364817244036917
mobilenet_v3_large,FP8,16,15W,default,train,128,64,14.240307654768479,12.436322517647994,9.286374298739657,13.716020757234517,1.1450577640263435,1040.537944111984,271.2617723128093,13.382899628252787,45.716037451088546,2.312013213358627,50.17954522866883,1.0035909045733766,4.035,50.0,12.364817244036917
mobilenet_v3_large,FP8,16,15W,default,train,128,64,14.376647206176758,12.555390354827555,9.375283902155113,13.847340681107214,1.1450577640263433,1050.500262340131,273.85888673252185,13.382899628252787,45.716037451088546,2.312013213358627,50.65997422305627,1.0131994844611254,4.035,50.0,12.364817244036917
mobilenet_v3_large,FP8,16,15W,default,train,128,64,14.961550047505652,13.066196761023354,9.75671012163413,14.410709093302028,1.1450577640263433,1093.2390580723863,285.0006250443729,13.382899628252787,45.716037451088546,2.312013213358627,52.72103633578472,1.0544207267156944,4.035,50.0,12.364817244036917
mobilenet_v3_large,FP8,16,25W,default,inference,128,64,25.881014471871644,12.183068206582414,2.664517197455469,24.52175848389669,2.1243429022164007,4481.544531996452,404.87649613313846,2.973977695167286,45.87350033978005,2.4544743345220574,49.20479206885732,0.9840958413771465,4.035,50.0,12.364817244036917
mobilenet_v3_large,FP8,16,25W,default,inference,128,64,25.801196579113277,12.145495226874152,2.656299739513452,24.44613258093831,2.1243429022164007,4467.723302491113,403.62784381373814,2.973977695167286,45.87350033978005,2.4544743345220574,49.05304288526878,0.9810608577053757,4.035,50.0,12.364817244036917
mobilenet_v3_large,FP8,16,25W,default,inference,128,64,25.64381045031219,12.071408256904812,2.640096431591067,24.29701228106095,2.1243429022164007,4440.4703929999805,401.1657322748647,2.973977695167286,45.87350033978005,2.4544743345220574,48.753821548694184,0.9750764309738836,4.035,50.0,12.364817244036917
mobilenet_v3_large,FP8,16,25W,default,train,128,64,24.330958705325834,20.435992609183437,14.525485397848344,22.81686576352283,1.190593438284573,1908.0867644320165,493.82451902618834,10.408921933085502,50.27346868940264,3.8804238662321673,82.45309576283164,1.6490619152566328,4.035,50.0,12.364817244036917
mobilenet_v3_large,FP8,16,25W,default,train,128,64,25.01694525125005,21.01216456164489,14.935016632380485,23.460164004397708,1.190593438284573,1961.8833231582428,507.74739729013925,10.408921933085502,50.27346868940264,3.8804238662321673,84.7777766374378,1.695555532748756,4.035,50.0,12.364817244036917
mobilenet_v3_large,FP8,16,25W,default,train,128,64,23.930869857041117,20.099951072736562,14.286633949617928,22.441674072338188,1.190593438284573,1876.7109257215673,485.7042601631994,10.408921933085502,50.27346868940264,3.8804238662321673,81.09726903521323,1.6219453807042645,4.035,50.0,12.364817244036917
mobilenet_v3_large,FP8,16,MAXN,default,inference,128,64,40.350010050468505,18.17552889136827,2.633369401076512,38.78517611531114,2.220018481532667,7093.131983843849,603.4029882322526,2.973977695167286,50.60678902324142,3.9430891460275106,73.41151626248939,1.4682303252497877,4.035,50.0,12.364817244036917
mobilenet_v3_large,FP8,16,MAXN,default,inference,128,64,39.56508890620263,17.821963751800617,2.5821429621987426,38.030695390798165,2.2200184815326667,6955.150623585851,591.6651035728858,2.973977695167286,50.60678902324142,3.9430891460275106,71.98345586609855,1.4396691173219711,4.035,50.0,12.364817244036917
mobilenet_v3_large,FP8,16,MAXN,default,inference,128,64,40.52209865551134,18.253045635699173,2.6446004482615555,38.95059086603057,2.2200184815326662,7123.383455577256,605.9764393514401,2.973977695167286,50.60678902324142,3.9430891460275106,73.72460876015892,1.4744921752031783,4.035,50.0,12.364817244036917
mobilenet_v3_large,FP8,16,MAXN,default,train,128,64,38.75527253514782,32.57930714217565,22.74346310343314,36.240921142873255,1.1895671189697294,2837.1550470933716,709.2693341080738,7.434944237918216,57.37230869658429,6.209914143050316,131.44944704256312,2.6289889408512623,4.035,50.0,12.364817244036917
mobilenet_v3_large,FP8,16,MAXN,default,train,128,64,39.375009994437995,33.100284436695134,23.10715493469039,36.82045148602982,1.1895671189697292,2882.5241322650304,720.6112947322416,7.434944237918216,57.37230869658429,6.209914143050316,133.55146158165266,2.671029231633053,4.035,50.0,12.364817244036917
mobilenet_v3_large,FP8,16,MAXN,default,train,128,64,39.58932414959998,33.280445901941086,23.232924817383115,37.020861440313666,1.189567118969729,2898.213416514804,724.5335083609511,7.434944237918216,57.37230869658429,6.209914143050316,134.2783685377033,2.685567370754066,4.035,50.0,12.364817244036917
mobilenet_v3_large,INT4,1,7W,default,inference,128,64,4.426909874821842,3.2105717313654942,2.370081643485298,4.244562852697891,1.378854062525189,373.6952772201253,75.2609953795384,5.611222444889779,40.487681737628876,1.1027459459545506,8.013885120067927,0.16027770240135855,2.495,50.0,20.0
mobilenet_v3_large,INT4,1,7W,default,inference,128,64,4.510723786765224,3.2713569255505037,2.414953985543921,4.324924420300052,1.3788540625251888,380.7703846752653,76.68589866826092,5.611222444889779,40.487681737628876,1.1027459459545506,8.165610608223428,0.16331221216446856,2.495,50.0,20.0
mobilenet_v3_large,INT4,1,7W,default,inference,128,64,4.507774204928187,3.269217771076363,2.4133748366645458,4.322096333474142,1.378854062525189,380.5213972701807,76.6357534267074,5.611222444889779,40.487681737628876,1.1027459459545506,8.160271080050808,0.16320542160101617,2.495,50.0,20.0
mobilenet_v3_large,INT4,1,7W,default,train,128,64,4.199322761075804,3.833561894819289,3.37945967527547,4.102965602567064,1.0954101893465729,158.20794955591884,80.96519966317926,48.897795591182366,41.863719521237826,1.7519404942293724,9.56415854070486,0.19128317081409718,2.495,50.0,20.0
mobilenet_v3_large,INT4,1,7W,default,train,128,64,4.204162457496445,3.837980053850226,3.3833544839921834,4.107694247891691,1.0954101893465726,158.39028334894863,81.0585116111531,48.897795591182366,41.863719521237826,1.7519404942293724,9.575181180899357,0.19150362361798712,2.495,50.0,20.0
mobilenet_v3_large,INT4,1,7W,default,train,128,64,4.011400724087218,3.662007860708392,3.2282269689007266,3.919355602193819,1.0954101893465729,151.1280555254064,77.34196179565367,48.897795591182366,41.863719521237826,1.7519404942293724,9.13615710873334,0.18272314217466679,2.495,50.0,20.0
mobilenet_v3_large,INT4,1,15W,default,inference,128,64,9.35248931483979,5.22077884608571,2.108981917480073,8.999154208377714,1.7913973356392674,1335.4326021805778,171.97246770790312,4.809619238476953,42.864594200440614,2.369156276461455,13.039484831235256,0.26078969662470514,2.495,50.0,20.0
mobilenet_v3_large,INT4,1,15W,default,inference,128,64,9.292022797592967,5.187025018253179,2.095346746436979,8.940972103610774,1.7913973356392674,1326.7986486144835,170.86061653816841,4.809619238476953,42.864594200440614,2.369156276461455,12.955180833882753,0.2591036166776551,2.495,50.0,20.0
mobilenet_v3_large,INT4,1,15W,default,inference,128,64,8.979146433700892,5.012370095156275,2.024793274346046,8.63991614385109,1.7913973356392676,1282.1233453099164,165.10748295258685,4.809619238476953,42.864594200440614,2.369156276461455,12.518960436972026,0.25037920873944053,2.495,50.0,20.0
mobilenet_v3_large,INT4,1,15W,default,train,128,64,8.780093769577311,7.664650468233535,5.811776958175316,8.41806933676022,1.1455308765829282,552.0593514599982,183.33872441732728,19.639278557114228,45.576798629790936,3.7205204869468487,19.121831696211974,0.3824366339242395,2.495,50.0,20.0
mobilenet_v3_large,INT4,1,15W,default,train,128,64,9.026093829691751,7.879398115061047,5.974610923119597,8.653926221349078,1.145530876582928,567.5269121956777,188.47549612063634,19.639278557114228,45.576798629790936,3.7205204869468487,19.657585854449493,0.3931517170889899,2.495,50.0,20.0
mobilenet_v3_large,INT4,1,15W,default,train,128,64,8.637080996645961,7.539806366817472,5.717113010356544,8.280953325226276,1.1455308765829282,543.0672449122824,180.3524488657529,19.639278557114228,45.576798629790936,3.7205204869468487,18.810369626879936,0.3762073925375987,2.495,50.0,20.0
mobilenet_v3_large,INT4,1,25W,default,inference,128,64,16.171830929854682,7.870377415213512,2.0517180465873883,15.320238281382467,2.0547719730180134,2587.2842487779612,262.8130117187204,4.809619238476953,45.853127211708454,4.019508662263355,19.663113358334854,0.3932622671666971,2.495,50.0,20.0
mobilenet_v3_large,INT4,1,25W,default,inference,128,64,15.91388099663445,7.74484040351223,2.0189919727495194,15.075871736942211,2.0547719730180134,2546.0155883468183,258.62099418426163,4.809619238476953,45.853127211708454,4.019508662263355,19.349475477770522,0.38698950955541045,2.495,50.0,20.0
mobilenet_v3_large,INT4,1,25W,default,inference,128,64,15.692177475354487,7.636943505855829,1.9908644763902583,14.865842904179667,2.0547719730180134,2510.545886060522,255.018027371848,4.809619238476953,45.853127211708454,4.019508662263355,19.07990912565005,0.38159818251300104,2.495,50.0,20.0
mobilenet_v3_large,INT4,1,25W,default,train,128,64,14.61204492070952,12.607828814798125,9.221281349154934,13.90009634891931,1.1589659992495294,1033.9619198250825,332.052805479945,14.028056112224448,50.368806895863216,6.253794354187659,31.45355925166856,0.6290711850333711,2.495,50.0,20.0
mobilenet_v3_large,INT4,1,25W,default,train,128,64,14.896988522544621,12.853689005709343,9.401101842140077,14.171156528449865,1.1589659992495296,1054.124794713164,338.52803347892325,14.028056112224448,50.368806895863216,6.253794354187659,32.06692244021185,0.641338448804237,2.495,50.0,20.0
mobilenet_v3_large,INT4,1,25W,default,train,128,64,14.23425141826804,12.281854193725447,8.982865699819087,13.540710232025463,1.1589659992495296,1007.2288994161314,323.46760107778823,14.028056112224448,50.368806895863216,6.253794354187659,30.640329455399797,0.6128065891079959,2.495,50.0,20.0
mobilenet_v3_large,INT4,1,MAXN,default,inference,128,64,25.60194661657856,11.962071690349243,2.0816304775958776,24.918404051665718,2.1402602558579957,4585.497930064791,407.62166895348184,4.809619238476953,50.475353755406154,6.362825983888675,29.89423379221675,0.597884675844335,2.495,50.0,20.0
mobilenet_v3_large,INT4,1,MAXN,default,inference,128,64,24.19780496125837,11.306010516724687,1.967463218818621,23.551751365561522,2.1402602558579957,4334.005777908709,385.2656124566652,4.809619238476953,50.475353755406154,6.362825983888675,28.25468116170112,0.5650936232340225,2.495,50.0,20.0
mobilenet_v3_large,INT4,1,MAXN,default,inference,128,64,24.221486064670266,11.317075107279539,1.9693886703221164,23.574800210715544,2.140260255857996,4338.247238618833,385.64265139983485,4.809619238476953,50.475353755406154,6.362825983888675,28.282332513860197,0.565646650277204,2.495,50.0,20.0
mobilenet_v3_large,INT4,1,MAXN,default,train,128,64,24.08114944399985,20.555647779432558,14.39648906185951,22.89237966503862,1.171510122298107,1693.6719323313948,573.7946110397868,12.424849699398797,57.33713451632891,10.03345945122798,51.278502895913874,1.0255700579182774,2.495,50.0,20.0
mobilenet_v3_large,INT4,1,MAXN,default,train,128,64,23.87865085973285,20.382795167737008,14.275428866613378,22.699877455646455,1.1715101222981072,1679.4298310850475,568.9695674235845,12.424849699398797,57.33713451632891,10.03345945122798,50.84730154217861,1.0169460308435723,2.495,50.0,20.0
mobilenet_v3_large,INT4,1,MAXN,default,train,128,64,24.130337579798258,20.59763472846712,14.425895318427196,22.93913962067659,1.1715101222981072,1697.131425209806,574.9666434344139,12.424849699398797,57.33713451632891,10.03345945122798,51.38324432322194,1.0276648864644387,2.495,50.0,20.0
mobilenet_v3_large,INT4,2,7W,default,inference,128,64,4.938305390995756,3.509182411151997,2.5531869597042,4.655421279349677,1.4072524059456362,421.0492728891146,86.53180085187454,4.308797127468582,40.586832624063554,1.0125420220985413,9.777011498464638,0.19554022996929277,2.785,50.0,17.905223175104137
mobilenet_v3_large,INT4,2,7W,default,inference,128,64,4.873528186952461,3.4631514335039135,2.519696055526625,4.594354749387842,1.4072524059456362,415.52624575678124,85.39673777330586,4.308797127468582,40.586832624063554,1.0125420220985413,9.648763563469679,0.19297527126939357,2.785,50.0,17.905223175104137
mobilenet_v3_large,INT4,2,7W,default,inference,128,64,4.713634448309796,3.349530211065697,2.4370283029033946,4.443620306218514,1.407252405945636,401.89340269329415,82.59498857915604,4.308797127468582,40.586832624063554,1.0125420220985413,9.332200937737332,0.18664401875474662,2.785,50.0,17.905223175104137
mobilenet_v3_large,INT4,2,7W,default,train,128,64,4.611194096625053,4.120102878151563,3.638247374727238,4.403473704023817,1.11919392136485,204.60485660416944,83.81792943231412,43.447037701974864,41.9233619024117,1.5871619909590546,11.473916946932373,0.22947833893864747,2.785,50.0,17.905223175104137
mobilenet_v3_large,INT4,2,7W,default,train,128,64,4.673693117826315,4.1759457665091455,3.687559308912558,4.463157332736911,1.11919392136485,207.3780218630648,84.9539775879251,43.447037701974864,41.9233619024117,1.5871619909590546,11.629431671210128,0.23258863342420255,2.785,50.0,17.905223175104137
mobilenet_v3_large,INT4,2,7W,default,train,128,64,4.65361777750098,4.158008445780265,3.671719799079549,4.443986325971735,1.1191939213648499,206.48725213130467,84.58906701954314,43.447037701974864,41.9233619024117,1.5871619909590546,11.579478712660219,0.23158957425320437,2.785,50.0,17.905223175104137
mobilenet_v3_large,INT4,2,15W,default,inference,128,64,9.794551866141427,5.398481281850501,2.2157091949567387,9.410848445127295,1.8143161668579564,1379.529535597004,156.76706369733856,4.308797127468582,42.93796713239748,2.1510730254325154,15.049178919937074,0.30098357839874146,2.785,50.0,17.905223175104137
mobilenet_v3_large,INT4,2,15W,default,inference,128,64,10.427238642417242,5.747200423438432,2.3588346719443973,10.018749597333198,1.8143161668579568,1468.6413302541273,166.89355539521435,4.308797127468582,42.93796713239748,2.1510730254325154,16.02129246087071,0.32042584921741424,2.785,50.0,17.905223175104137
mobilenet_v3_large,INT4,2,15W,default,inference,128,64,10.567523784406298,5.824521644817395,2.390569771545582,10.153539042363953,1.8143161668579568,1488.4000184947115,169.1388944459995,4.308797127468582,42.93796713239748,2.1510730254325154,16.236838432800283,0.32473676865600565,2.785,50.0,17.905223175104137
mobilenet_v3_large,INT4,2,15W,default,train,128,64,10.032392811909208,8.724474362325095,6.74117838339115,9.573557346502305,1.1499137249152909,669.2519085709633,209.12281609034838,17.594254937163374,45.47008108399768,3.3897663513892087,24.294119406794056,0.48588238813588114,2.785,50.0,17.905223175104137
mobilenet_v3_large,INT4,2,15W,default,train,128,64,9.548561401848003,8.303719831286823,6.416072109757355,9.111854157930829,1.149913724915291,636.975950015427,199.0374666745183,17.594254937163374,45.47008108399768,3.3897663513892087,23.122488842764376,0.46244977685528754,2.785,50.0,17.905223175104137
mobilenet_v3_large,INT4,2,15W,default,train,128,64,9.831969815639567,8.550180420156167,6.60650590840756,9.382300775480932,1.149913724915291,655.8818706059685,204.945046920523,17.594254937163374,45.47008108399768,3.3897663513892087,23.80878153231788,0.4761756306463576,2.785,50.0,17.905223175104137
mobilenet_v3_large,INT4,2,25W,default,inference,128,64,16.40836583187172,8.047257794027287,2.0681352827459314,15.613603042037507,2.0390008934534305,2695.575140228784,280.98282671735745,4.308797127468582,46.03049917658568,3.590334975392635,22.43731642532047,0.44874632850640944,2.785,50.0,17.905223175104137
mobilenet_v3_large,INT4,2,25W,default,inference,128,64,17.71645468986766,8.688792019046897,2.233008783733667,16.858332735520396,2.0390008934534305,2910.4686794729596,303.3830162720812,4.308797127468582,46.03049917658568,3.590334975392635,24.226038344372355,0.4845207668874471,2.785,50.0,17.905223175104137
mobilenet_v3_large,INT4,2,25W,default,inference,128,64,16.47232915992745,8.078627730284351,2.0761973174975554,15.67446821433699,2.0390008934534305,2706.0830700714027,282.07815802015176,4.308797127468582,46.03049917658568,3.590334975392635,22.524781895429342,0.4504956379085868,2.785,50.0,17.905223175104137
mobilenet_v3_large,INT4,2,25W,default,train,128,64,16.2582081881686,13.976319250433535,10.14423647786897,15.55168991906655,1.1632682322754098,1061.2930308207747,357.88941995167295,12.926391382405745,50.463834705563194,5.617575118701994,38.919819761116045,0.778396395222321,2.785,50.0,17.905223175104137
mobilenet_v3_large,INT4,2,25W,default,train,128,64,16.500763281878434,14.184830999469598,10.295577646651322,15.783704515140585,1.1632682322754098,1077.126388812319,363.228747680131,12.926391382405745,50.463834705563194,5.617575118701994,39.50046188477867,0.7900092376955734,2.785,50.0,17.905223175104137
mobilenet_v3_large,INT4,2,25W,default,train,128,64,16.542284682430804,14.2205247452458,10.32148473931619,15.823421557690558,1.1632682322754098,1079.8367965353675,364.14275184266114,12.926391382405745,50.463834705563194,5.617575118701994,39.59985816553877,0.7919971633107754,2.785,50.0,17.905223175104137
mobilenet_v3_large,INT4,2,MAXN,default,inference,128,64,27.150642118525102,12.687356075809351,2.1748595262355974,26.231041239309647,2.1399763635776345,4925.042914360223,387.4908786277914,4.308797127468582,50.44330805976359,5.744502642684842,35.38130281187689,0.7076260562375378,2.785,50.0,17.905223175104137
mobilenet_v3_large,INT4,2,MAXN,default,inference,128,64,26.196280868853535,12.241387949284787,2.0984119178785887,25.309004508537335,2.1399763635776345,4751.924721062397,373.8703433362437,4.308797127468582,50.44330805976359,5.744502642684842,34.13762893414153,0.6827525786828307,2.785,50.0,17.905223175104137
mobilenet_v3_large,INT4,2,MAXN,default,inference,128,64,26.910573487292165,12.575173233363564,2.155629205740487,25.99910380892972,2.1399763635776345,4881.4952035527795,384.0646464067885,4.308797127468582,50.44330805976359,5.744502642684842,35.06845787435367,0.7013691574870734,2.785,50.0,17.905223175104137
mobilenet_v3_large,INT4,2,MAXN,default,train,128,64,25.604871009894214,21.77050135968561,15.310842195181111,24.28986046284115,1.1761268418608426,1806.598455316957,595.7427987614318,15.798922800718133,57.43085708336876,8.97622103080673,60.629079541866275,1.2125815908373254,2.785,50.0,17.905223175104137
mobilenet_v3_large,INT4,2,MAXN,default,train,128,64,25.932671079661116,22.049212854143352,15.506855490379161,24.600825433188817,1.1761268418608426,1829.7269881443565,603.36964956344,15.798922800718133,57.43085708336876,8.97622103080673,61.40526843561415,1.228105368712283,2.785,50.0,17.905223175104137
mobilenet_v3_large,INT4,2,MAXN,default,train,128,64,26.25156879781532,22.320355138124945,15.697545482028627,24.903345257361764,1.1761268418608424,1852.227399288739,610.7893713444398,15.798922800718133,57.43085708336876,8.97622103080673,62.16037769245125,1.243207553849025,2.785,50.0,17.905223175104137
mobilenet_v3_large,INT4,4,7W,default,inference,128,64,5.366037883286987,3.7990105220653687,2.7504516570547906,5.098735973591898,1.4124830273883233,445.23481401845277,89.1744886398868,4.120443740095086,40.644616978043096,0.8950988676572742,11.99030396315625,0.23980607926312503,3.1550000000000002,50.0,15.817959093978228
mobilenet_v3_large,INT4,4,7W,default,inference,128,64,5.5206336759378845,3.9084601859928316,2.8296922929427164,5.245630786207765,1.4124830273883233,458.06204902611825,91.74360966649355,4.120443740095086,40.644616978043096,0.8950988676572742,12.335745159365972,0.24671490318731945,3.1550000000000002,50.0,15.817959093978228
mobilenet_v3_large,INT4,4,7W,default,inference,128,64,5.365933021278007,3.798936282582878,2.7503979082940413,5.098636335141876,1.4124830273883235,445.2261133312639,89.17274601036527,4.120443740095086,40.644616978043096,0.8950988676572742,11.990069651101583,0.23980139302203166,3.1550000000000002,50.0,15.817959093978228
mobilenet_v3_large,INT4,4,7W,default,train,128,64,5.045026368514806,4.549802393602638,3.9641962641628283,4.890909992488762,1.1088451611895256,207.15609049810016,92.79270034277044,44.05705229793978,41.817688639201606,1.393960929889387,14.354394143394767,0.2870878828678953,3.1550000000000002,50.0,15.817959093978228
mobilenet_v3_large,INT4,4,7W,default,train,128,64,5.250320495588609,4.734944678801025,4.125508842562714,5.089932757517462,1.1088451611895256,215.58576472780067,96.56865611072777,44.05705229793978,41.817688639201606,1.393960929889387,14.938508595944013,0.2987701719188803,3.1550000000000002,50.0,15.817959093978228
mobilenet_v3_large,INT4,4,7W,default,train,128,64,5.052580959674216,4.556615419824718,3.970132384187554,4.898233804633991,1.1088451611895254,207.46629295405995,92.93165123469092,44.05705229793978,41.817688639201606,1.393960929889387,14.375888893109288,0.28751777786218574,3.1550000000000002,50.0,15.817959093978228
mobilenet_v3_large,INT4,4,15W,default,inference,128,64,11.384869321665345,6.1992791460265515,2.526831468220815,10.792584986737072,1.8364827673492514,1728.5651953220947,176.97698846520032,3.803486529318542,42.93410164943408,1.8886502067206516,19.574374953331255,0.3914874990666251,3.1550000000000002,50.0,15.817959093978228
mobilenet_v3_large,INT4,4,15W,default,inference,128,64,11.361981423514566,6.18681624762222,2.521751580199723,10.7708878043645,1.8364827673492514,1725.0901247683885,176.62119770708296,3.803486529318542,42.93410164943408,1.8886502067206516,19.53502304795238,0.3907004609590476,3.1550000000000002,50.0,15.817959093978228
mobilenet_v3_large,INT4,4,15W,default,inference,128,64,10.80181379169117,5.881794255702344,2.39742435609391,10.23986222976538,1.8364827673492514,1640.0398493055618,167.91343148554796,3.803486529318542,42.93410164943408,1.8886502067206516,18.57190867639218,0.3714381735278436,3.1550000000000002,50.0,15.817959093978228
mobilenet_v3_large,INT4,4,15W,default,train,128,64,10.851637607592885,9.424905315497144,7.203112431560359,10.366428828233666,1.1513789522903535,642.7101443071889,222.70976691637827,17.432646592709983,45.408107381483404,2.955454650007257,29.732018521316828,0.5946403704263366,3.1550000000000002,50.0,15.817959093978228
mobilenet_v3_large,INT4,4,15W,default,train,128,64,10.854361480494209,9.427271063885986,7.204920487032447,10.369030908729698,1.151378952290353,642.8714711786517,222.76566936363128,17.432646592709983,45.408107381483404,2.955454650007257,29.73948156445193,0.5947896312890386,3.1550000000000002,50.0,15.817959093978228
mobilenet_v3_large,INT4,4,15W,default,train,128,64,10.74662712596253,9.333701215038765,7.133408453872559,10.26611367549783,1.1513789522903533,636.4906865402622,220.55462123852172,17.432646592709983,45.408107381483404,2.955454650007257,29.44430401244109,0.5888860802488218,3.1550000000000002,50.0,15.817959093978228
mobilenet_v3_large,INT4,4,25W,default,inference,128,64,18.87587451936517,9.213597967595279,2.3134442843479732,18.033759562433268,2.048697434569279,3061.748884130841,281.2572605068862,3.803486529318542,45.868659296653064,3.1244455174123504,29.10011805323641,0.5820023610647282,3.1550000000000002,50.0,15.817959093978228
mobilenet_v3_large,INT4,4,25W,default,inference,128,64,18.443105146657285,9.00235673430947,2.2604036779005865,17.62029745738525,2.048697434569279,2991.551811003713,274.80884255018555,3.803486529318542,45.868659296653064,3.1244455174123504,28.43293625868145,0.568658725173629,3.1550000000000002,50.0,15.817959093978228
mobilenet_v3_large,INT4,4,25W,default,inference,128,64,18.960583530690737,9.254945708797178,2.323826297530083,18.11468942565362,2.048697434569279,3075.4890539246057,282.5194549785245,3.803486529318542,45.868659296653064,3.1244455174123504,29.23071026644582,0.5846142053289164,3.1550000000000002,50.0,15.817959093978228
mobilenet_v3_large,INT4,4,25W,default,train,128,64,18.441582694122804,15.768594920792266,11.511708663593566,17.483159699081313,1.1695133768580719,1332.5621139673767,429.1852111312155,17.74960380348653,50.21771216764114,4.931459467797033,49.74047038545126,0.9948094077090253,3.1550000000000002,50.0,15.817959093978228
mobilenet_v3_large,INT4,4,25W,default,train,128,64,17.839957529230148,15.254171420559256,11.136158813138604,16.912801448856047,1.1695133768580719,1289.089549012265,415.1837760212779,17.74960380348653,50.21771216764114,4.931459467797033,48.11777242108282,0.9623554484216563,3.1550000000000002,50.0,15.817959093978228
mobilenet_v3_large,INT4,4,25W,default,train,128,64,17.716475343217137,15.148587176328764,11.059078067190562,16.79573672540662,1.1695133768580719,1280.1669047056432,412.31001355989093,17.74960380348653,50.21771216764114,4.931459467797033,47.784717383541576,0.9556943476708315,3.1550000000000002,50.0,15.817959093978228
mobilenet_v3_large,INT4,4,MAXN,default,inference,128,64,29.294917856194555,13.625069993854767,2.2918013792808116,28.438338256636303,2.1500746689306744,5295.157237627489,443.0920626440904,3.803486529318542,50.44017344205636,5.049048294018233,43.03669764873929,0.8607339529747858,3.1550000000000002,50.0,15.817959093978228
mobilenet_v3_large,INT4,4,MAXN,default,inference,128,64,30.8517159323067,14.349136975624477,2.4135928789398924,29.949615758866813,2.150074668930675,5576.553848490716,466.6389752536792,3.803486529318542,50.44017344205636,5.049048294018233,45.3237649288276,0.906475298576552,3.1550000000000002,50.0,15.817959093978228
mobilenet_v3_large,INT4,4,MAXN,default,inference,128,64,28.851561473920466,13.41886488447845,2.2571167021161047,28.007945557491624,2.150074668930675,5215.0190454683125,436.38620004797156,3.803486529318542,50.44017344205636,5.049048294018233,42.38536984272756,0.8477073968545512,3.1550000000000002,50.0,15.817959093978228
mobilenet_v3_large,INT4,4,MAXN,default,train,128,64,29.06221550703241,24.659040149296224,17.468660718213428,27.496459488469757,1.17856231755484,2363.5006433713293,585.8533157270755,10.142630744849445,57.36805700814625,7.940788266607646,77.79460019870824,1.5558920039741648,3.1550000000000002,50.0,15.817959093978228
mobilenet_v3_large,INT4,4,MAXN,default,train,128,64,28.642936140304517,24.303285209160546,17.21664108117837,27.099769218287328,1.17856231755484,2329.402518513164,577.4012344618312,10.142630744849445,57.36805700814625,7.940788266607646,76.67226075771583,1.5334452151543168,3.1550000000000002,50.0,15.817959093978228
mobilenet_v3_large,INT4,4,MAXN,default,train,128,64,29.677210580040068,25.180858184581442,17.838320776344375,28.07832108489456,1.17856231755484,2413.5154555721433,598.2507498659211,10.142630744849445,57.36805700814625,7.940788266607646,79.44083724547536,1.5888167449095072,3.1550000000000002,50.0,15.817959093978228
mobilenet_v3_large,INT4,8,7W,default,inference,128,64,6.209806451371415,4.211044309329194,2.935806030212972,5.755509603775562,1.4746476159403363,546.1645956466197,97.84990169586715,3.3566433566433567,40.61755095864036,0.7843769909235556,15.060117020519584,0.3012023404103917,3.575,50.0,13.947147282556493
mobilenet_v3_large,INT4,8,7W,default,inference,128,64,6.040425668298389,4.096182439115531,2.8557279910273596,5.598520375317962,1.474647615940336,531.2672252338982,95.18091465051343,3.3566433566433567,40.61755095864036,0.7843769909235556,14.649332170124827,0.2929866434024965,3.575,50.0,13.947147282556493
mobilenet_v3_large,INT4,8,7W,default,inference,128,64,5.864562064686243,3.9769243860653427,2.7725850731244197,5.435522596325873,1.4746476159403363,515.799678103734,92.40977573336905,3.3566433566433567,40.61755095864036,0.7843769909235556,14.222825084793001,0.28445650169586,3.575,50.0,13.947147282556493
mobilenet_v3_large,INT4,8,7W,default,train,128,64,5.932146446491192,5.223647490225529,4.522431430507085,5.604690187386172,1.1356329954483728,260.6926805877258,108.10493182586275,32.16783216783217,41.768209847329175,1.236405049040311,18.672953497164738,0.37345906994329475,3.575,50.0,13.947147282556493
mobilenet_v3_large,INT4,8,7W,default,train,128,64,5.935422682652504,5.22653243296182,4.524929102053688,5.60778557433093,1.135632995448373,260.8366572738773,108.16463657018404,32.16783216783217,41.768209847329175,1.236405049040311,18.683266291367936,0.37366532582735873,3.575,50.0,13.947147282556493
mobilenet_v3_large,INT4,8,7W,default,train,128,64,5.639799982422023,4.966217083359141,4.299558167072053,5.328481335621448,1.1356329954483728,247.8452932101581,102.77733331614918,32.16783216783217,41.768209847329175,1.236405049040311,17.75271796726593,0.3550543593453186,3.575,50.0,13.947147282556493
mobilenet_v3_large,INT4,8,15W,default,inference,128,64,12.85785701026908,6.9142189874344,2.6501362865065525,12.179299526938685,1.8596253652995933,1839.5225018569145,202.38949709752166,3.3566433566433567,43.09349661985003,1.6445415574647158,24.736556742567437,0.49473113485134873,3.575,50.0,13.947147282556493
mobilenet_v3_large,INT4,8,15W,default,inference,128,64,12.466130612335332,6.703570969159686,2.569397455710906,11.808246004626723,1.8596253652995938,1783.4797629312143,196.22351558020372,3.3566433566433567,43.09349661985003,1.6445415574647158,23.98293487056258,0.4796586974112516,3.575,50.0,13.947147282556493
mobilenet_v3_large,INT4,8,15W,default,inference,128,64,12.472357755065202,6.706919569821986,2.5706809337350043,11.81414451760937,1.8596253652995933,1784.3706554932273,196.32153411349822,3.3566433566433567,43.09349661985003,1.6445415574647158,23.994914943863947,0.4798982988772789,3.575,50.0,13.947147282556493
mobilenet_v3_large,INT4,8,15W,default,train,128,64,11.520370927697776,10.017333205475012,7.5911053039490035,11.00099729481928,1.150043698396822,790.522453052357,223.30235711928552,15.104895104895105,45.64600113397953,2.648330394886326,35.80806130497439,0.7161612260994877,3.575,50.0,13.947147282556493
mobilenet_v3_large,INT4,8,15W,default,train,128,64,12.125596930086601,10.543596688534413,7.989906205903971,11.578937853922813,1.150043698396822,832.0527776453948,235.03361071966907,15.104895104895105,45.64600113397953,2.648330394886326,37.68924811162476,0.7537849622324951,3.575,50.0,13.947147282556493
mobilenet_v3_large,INT4,8,15W,default,train,128,64,11.968047724605077,10.406602585004997,7.886092481773929,11.42849144953351,1.1500436983968223,821.2418250141504,231.97979334112347,15.104895104895105,45.64600113397953,2.648330394886326,37.199547593834225,0.7439909518766845,3.575,50.0,13.947147282556493
mobilenet_v3_large,INT4,8,25W,default,inference,128,64,21.28137245152852,10.283536402217281,2.5045271866431325,20.12510105331178,2.0694605064985176,3407.2238247508812,305.57176670497785,3.3566433566433567,45.83468325713402,2.7865828544802502,36.796812759812404,0.7359362551962481,3.575,50.0,13.947147282556493
mobilenet_v3_large,INT4,8,25W,default,inference,128,64,21.685119934270876,10.478634342706847,2.552042756861647,20.506911902622228,2.0694605064985176,3471.865240407518,311.3690352733125,3.3566433566433567,45.83468325713402,2.7865828544802502,37.49491719638266,0.7498983439276532,3.575,50.0,13.947147282556493
mobilenet_v3_large,INT4,8,25W,default,inference,128,64,21.354758998479014,10.318998082553799,2.5131637819750368,20.19450032146031,2.069460506498517,3418.9732733240608,306.6254984064984,3.3566433566433567,45.83468325713402,2.7865828544802502,36.92370265064896,0.7384740530129793,3.575,50.0,13.947147282556493
mobilenet_v3_large,INT4,8,25W,default,train,128,64,20.03893945750295,17.204886530698072,12.3178214502956,19.14520430594814,1.164723720888724,1420.0381429672632,408.5944034406802,11.188811188811188,50.3210723466349,4.373504311972929,61.50190096380052,1.2300380192760105,3.575,50.0,13.947147282556493
mobilenet_v3_large,INT4,8,25W,default,train,128,64,20.104189328737796,17.260908289390393,12.35793017287696,19.207544037967253,1.1647237208887238,1424.6620057307443,409.9248497084749,11.188811188811188,50.3210723466349,4.373504311972929,61.702160619612,1.23404321239224,3.575,50.0,13.947147282556493
mobilenet_v3_large,INT4,8,25W,default,train,128,64,19.38563918907119,16.64398074959724,11.916241512542978,18.521041179013107,1.1647237208887238,1373.742713912683,395.27359701708696,11.188811188811188,50.3210723466349,4.373504311972929,59.4968443342357,1.189936886684714,3.575,50.0,13.947147282556493
mobilenet_v3_large,INT4,8,MAXN,default,inference,128,64,33.8491683239721,15.262076064460677,2.478290529323062,31.96390185763311,2.217861330333256,5789.337741671207,518.9385240765619,3.3566433566433567,50.23511952039578,4.463322046598317,54.623842149449686,1.0924768429889937,3.575,50.0,13.947147282556493
mobilenet_v3_large,INT4,8,MAXN,default,inference,128,64,33.055334446882526,14.90414842208175,2.4201694268895464,31.214281426912347,2.217861330333256,5653.565648801289,506.7683290337758,3.3566433566433567,50.23511952039578,4.463322046598317,53.34279866914896,1.0668559733829792,3.575,50.0,13.947147282556493
mobilenet_v3_large,INT4,8,MAXN,default,inference,128,64,33.262870302867455,14.997723188522961,2.4353643097138353,31.41025834631997,2.217861330333256,5689.061208169366,509.9500423854009,3.3566433566433567,50.23511952039578,4.463322046598317,53.67770810412148,1.0735541620824296,3.575,50.0,13.947147282556493
mobilenet_v3_large,INT4,8,MAXN,default,train,128,64,31.747001933067168,26.83841560702822,18.82655070699073,29.904821610514524,1.1828940425512127,2238.498767512913,681.6140444524204,10.909090909090908,57.3873809414859,7.01455674356023,95.94209669612965,1.918841933922593,3.575,50.0,13.947147282556493
mobilenet_v3_large,INT4,8,MAXN,default,train,128,64,32.4808825183705,27.458826699572505,19.261755268392108,30.596117375487438,1.1828940425512129,2290.2450958486324,697.3705973057679,10.909090909090908,57.3873809414859,7.01455674356023,98.15994524217604,1.9631989048435208,3.575,50.0,13.947147282556493
mobilenet_v3_large,INT4,8,MAXN,default,train,128,64,33.114653851922874,27.99460700681413,19.6375932191037,31.1931129189312,1.1828940425512127,2334.932665151493,710.9777858784537,10.909090909090908,57.3873809414859,7.01455674356023,100.07525525145232,2.001505105029046,3.575,50.0,13.947147282556493
mobilenet_v3_large,INT4,16,7W,default,inference,128,64,6.31841180276163,4.36775960842549,2.9980109410248605,6.0708748212990145,1.4466024619517281,638.6824281941488,103.90330697311589,2.973977695167286,40.71709903526461,0.6762902228997121,17.629679651317574,0.35259359302635146,4.035,50.0,12.364817244036917
mobilenet_v3_large,INT4,16,7W,default,inference,128,64,6.480977511416561,4.480137205540595,3.0751464282955574,6.227071678719497,1.4466024619517281,655.1150167600686,106.57662350533249,2.973977695167286,40.71709903526461,0.6762902228997121,18.083271701874203,0.3616654340374841,4.035,50.0,12.364817244036917
mobilenet_v3_large,INT4,16,7W,default,inference,128,64,6.449428490059899,4.458328158351433,3.06017679444476,6.196758656180024,1.4466024619517284,651.9259549837509,106.05781470447376,2.973977695167286,40.71709903526461,0.6762902228997121,17.995243387608987,0.3599048677521797,4.035,50.0,12.364817244036917
mobilenet_v3_large,INT4,16,7W,default,train,128,64,6.357545054110776,5.665359057073146,4.859096888162315,6.09507731899092,1.1221786633582285,256.6892772984109,106.94430491823738,28.25278810408922,41.8585196057453,1.0696434901808372,22.858356456558134,0.4571671291311627,4.035,50.0,12.364817244036917
mobilenet_v3_large,INT4,16,7W,default,train,128,64,6.364487306912298,5.67154546306018,4.864402879499788,6.101732964721012,1.1221786633582285,256.9695744633193,107.06108496369637,28.25278810408922,41.8585196057453,1.0696434901808372,22.88331711162201,0.4576663422324402,4.035,50.0,12.364817244036917
mobilenet_v3_large,INT4,16,7W,default,train,128,64,6.336807419640903,5.64687925956228,4.843247031926493,6.075195826302933,1.1221786633582285,255.85198423015208,106.59546399219545,28.25278810408922,41.8585196057453,1.0696434901808372,22.783794933715022,0.4556758986743004,4.035,50.0,12.364817244036917
mobilenet_v3_large,INT4,16,15W,default,inference,128,64,13.64248912443842,7.334852455993011,2.7067867554940235,13.11300524766532,1.8599541308144099,2096.2041755068058,219.99397727003785,2.973977695167286,43.02232983674036,1.4950624152514427,29.616586431858593,0.5923317286371719,4.035,50.0,12.364817244036917
mobilenet_v3_large,INT4,16,15W,default,inference,128,64,14.02139960352092,7.538572791244819,2.7819658417255195,13.4772096868467,1.85995413081441,2154.4247627582336,226.10415427383194,2.973977695167286,43.02232983674036,1.4950624152514427,30.439166156960315,0.6087833231392064,4.035,50.0,12.364817244036917
mobilenet_v3_large,INT4,16,15W,default,inference,128,64,14.159862001452575,7.6130167765225805,2.80943796806821,13.610298167557282,1.8599541308144096,2175.6998727508144,228.33695016213983,2.973977695167286,43.02232983674036,1.4950624152514427,30.739755260495635,0.6147951052099127,4.035,50.0,12.364817244036917
mobilenet_v3_large,INT4,16,15W,default,train,128,64,12.928097097778247,11.359143258191864,8.6166693394431,12.49685839214722,1.138122550611808,873.7651418095211,245.6551800901689,12.639405204460965,45.52635969675108,2.3193209355736917,45.832593995400046,0.9166518799080009,4.035,50.0,12.364817244036917
mobilenet_v3_large,INT4,16,15W,default,train,128,64,13.579001964375871,11.931054311397624,9.050502096459592,13.126051217905614,1.138122550611808,917.7575390483165,258.02344674350996,12.639405204460965,45.52635969675108,2.3193209355736917,48.14017710332131,0.9628035420664262,4.035,50.0,12.364817244036917
mobilenet_v3_large,INT4,16,15W,default,train,128,64,13.000847810865707,11.42306494487521,8.665158210940751,12.567182381246742,1.1381225506118082,878.6821096089453,247.0375636992973,12.639405204460965,45.52635969675108,2.3193209355736917,46.090509284138584,0.9218101856827716,4.035,50.0,12.364817244036917
mobilenet_v3_large,INT4,16,25W,default,inference,128,64,23.13921515096945,11.05294699827291,2.6065321815564455,21.95384522292563,2.0934882936274906,3710.7797749275464,336.9284885173899,2.973977695167286,45.87419816813914,2.4612093917484765,44.63983174226428,0.8927966348452856,4.035,50.0,12.364817244036917
mobilenet_v3_large,INT4,16,25W,default,inference,128,64,23.57524287998791,11.26122508148251,2.655648813227939,22.367536232465945,2.09348829362749,3780.7044835917263,343.2774576907765,2.973977695167286,45.87419816813914,2.4612093917484765,45.48100999015875,0.9096201998031751,4.035,50.0,12.364817244036917
mobilenet_v3_large,INT4,16,25W,default,inference,128,64,23.315583184466828,11.137193007211309,2.6263992752374294,22.12117831890192,2.093488293627491,3739.0634884146225,339.4965710803186,2.973977695167286,45.87419816813914,2.4612093917484765,44.980078344781695,0.8996015668956339,4.035,50.0,12.364817244036917
mobilenet_v3_large,INT4,16,25W,default,train,128,64,21.32715493838891,18.309011831899422,13.095826141011313,20.375239955380053,1.1648446750813193,1618.5763850065116,419.574752428866,11.400247831474596,50.15136692381408,3.868311342598426,73.87136837505258,1.4774273675010516,4.035,50.0,12.364817244036917
mobilenet_v3_large,INT4,16,25W,default,train,128,64,21.915236245811034,18.813869964492138,13.456934342317442,20.937072876208667,1.164844675081319,1663.2074911904815,431.1442313247841,11.400247831474596,50.15136692381408,3.868311342598426,75.90831943676527,1.5181663887353054,4.035,50.0,12.364817244036917
mobilenet_v3_large,INT4,16,25W,default,train,128,64,22.626476883729442,19.424458357205317,13.8936678759514,21.616568041197603,1.164844675081319,1717.185497348234,445.13665626069644,11.400247831474596,50.15136692381408,3.868311342598426,78.37186036938192,1.5674372073876384,4.035,50.0,12.364817244036917
mobilenet_v3_large,INT4,16,MAXN,default,inference,128,64,38.16408770991961,17.509542557538456,2.7457337063608227,36.96346551661584,2.179616491093805,6742.610594329967,553.6145099745092,2.973977695167286,50.532964432075936,3.9363025497372472,70.71921231901551,1.4143842463803102,4.035,50.0,12.364817244036917
mobilenet_v3_large,INT4,16,MAXN,default,inference,128,64,36.2783057168538,16.644352740535616,2.6100602108860897,35.13700923650344,2.1796164910938054,6409.44152340423,526.2590473745619,2.973977695167286,50.532964432075936,3.9363025497372472,67.22480107647101,1.3444960215294202,4.035,50.0,12.364817244036917
mobilenet_v3_large,INT4,16,MAXN,default,inference,128,64,37.35882231680087,17.14008976783478,2.687798499072288,36.18353335063531,2.1796164910938045,6600.340955601554,541.9331982293066,2.973977695167286,50.532964432075936,3.9363025497372472,69.22703111604866,1.3845406223209733,4.035,50.0,12.364817244036917
mobilenet_v3_large,INT4,16,MAXN,default,train,128,64,35.36397354307491,29.93876185419333,20.995125167175985,33.3760778113784,1.181210289032768,2565.146277017263,769.1758493045434,11.648079306071871,57.40579299373964,6.187789674017836,120.79468527106337,2.4158937054212672,4.035,50.0,12.364817244036917
mobilenet_v3_large,INT4,16,MAXN,default,train,128,64,35.4707423653019,30.029151197410453,21.05851241023783,33.47684489611045,1.1812102890327683,2572.890815297258,771.498099642607,11.648079306071871,57.40579299373964,6.187789674017836,121.15938145719646,2.4231876291439294,4.035,50.0,12.364817244036917
mobilenet_v3_large,INT4,16,MAXN,default,train,128,64,36.16450194957362,30.616480643075715,21.470388335039416,34.131606551749584,1.1812102890327683,2623.2130680433197,786.5875554922279,11.648079306071871,57.40579299373964,6.187789674017836,123.52909453635061,2.4705818907270123,4.035,50.0,12.364817244036917
yolov8n,FP16,1,7W,default,inference,128,64,5.620342669269812,3.716515707627668,2.366350712750057,5.407969931480719,1.5122612445131836,607.4257317939682,88.12461450764982,4.809619238476953,40.700955041740535,1.0951675388900275,9.278600756342788,0.18557201512685575,2.495,50.0,20.0
yolov8n,FP16,1,7W,default,inference,128,64,5.54322486005554,3.6655206765151056,2.3338815567682163,5.333766129692486,1.5122612445131836,599.0911258005561,86.91543962124298,4.809619238476953,40.700955041740535,1.0951675388900275,9.151287280099531,0.1830257456019906,2.495,50.0,20.0
yolov8n,FP16,1,7W,default,inference,128,64,5.423520891816282,3.586365061919035,2.2834822150855882,5.21858534819737,1.512261244513184,586.1539661316384,85.0385316323762,4.809619238476953,40.700955041740535,1.0951675388900275,8.953668487865583,0.17907336975731167,2.495,50.0,20.0
yolov8n,FP16,1,7W,default,train,128,64,5.2185873812601695,4.6621092060520235,3.9485363393939936,5.035174330286261,1.119361891927749,283.50415224965286,95.17671207815927,31.262525050100198,41.58839287923233,1.7614655938646753,11.63182254585045,0.23263645091700902,2.495,50.0,20.0
yolov8n,FP16,1,7W,default,train,128,64,5.331761658307787,4.763215271805888,4.034167318231652,5.1443709716388994,1.1193618919277493,289.6524401150761,97.24078704601267,31.262525050100198,41.58839287923233,1.7614655938646753,11.884079145423748,0.23768158290847496,2.495,50.0,20.0
yolov8n,FP16,1,7W,default,train,128,64,5.373149818909031,4.8001900526160215,4.065482814977291,5.184304499356669,1.119361891927749,291.9008867783556,97.99562523443419,31.262525050100198,41.58839287923233,1.7614655938646753,11.976330113825963,0.23952660227651926,2.495,50.0,20.0
yolov8n,FP16,1,15W,default,inference,128,64,12.157675405249712,6.306983604555988,2.0883852324622656,11.590038122455127,1.9276529269027032,1941.3388157008696,201.9047767824117,4.809619238476953,42.830625616306065,2.443909839842581,15.754993186060023,0.31509986372120047,2.495,50.0,20.0
yolov8n,FP16,1,15W,default,inference,128,64,12.224790576615465,6.34180064575105,2.099913944003116,11.654019711763581,1.9276529269027032,1952.0557729276181,203.0193709167035,4.809619238476953,42.830625616306065,2.443909839842581,15.841966972766988,0.31683933945533976,2.495,50.0,20.0
yolov8n,FP16,1,15W,default,inference,128,64,12.272362805497805,6.366479480938864,2.1080856657312923,11.699370811208002,1.9276529269027034,1959.6521111584293,203.80941177018633,4.809619238476953,42.830625616306065,2.443909839842581,15.903615282736121,0.31807230565472244,2.495,50.0,20.0
yolov8n,FP16,1,15W,default,train,128,64,10.711228177814913,9.34846530416367,7.047724715768294,10.316798693855336,1.1457739670964269,723.3501980022893,241.24072113258444,17.23446893787575,45.42841302968571,3.8176329685698573,23.322737431808967,0.46645474863617936,2.495,50.0,20.0
yolov8n,FP16,1,15W,default,train,128,64,11.455327920443327,9.997895090488875,7.53732404649499,11.033497761918039,1.1457739670964269,773.6007096362896,257.9995050485174,17.23446893787575,45.42841302968571,3.8176329685698573,24.94294779725928,0.4988589559451856,2.495,50.0,20.0
yolov8n,FP16,1,15W,default,train,128,64,11.016299381596669,9.614723058784206,7.248454065126668,10.610635977914628,1.1457739670964266,743.9522533405734,248.11160428205616,17.23446893787575,45.42841302968571,3.8176329685698573,23.987002581023564,0.4797400516204713,2.495,50.0,20.0
yolov8n,FP16,1,25W,default,inference,128,64,20.364358218442653,9.683702824006577,2.044562742990279,19.556510087449503,2.10295158665526,3544.611116114361,304.52288696565967,4.809619238476953,45.886888010440714,3.9614964102137584,24.196488496109378,0.48392976992218756,2.495,50.0,20.0
yolov8n,FP16,1,25W,default,inference,128,64,20.054624591453397,9.536417632585751,2.013465773117692,19.259063502800842,2.1029515866552595,3490.6990190335773,299.8912173952584,4.809619238476953,45.886888010440714,3.9614964102137584,23.82846972223432,0.47656939444468643,2.495,50.0,20.0
yolov8n,FP16,1,25W,default,inference,128,64,20.171723474168893,9.592100741725575,2.0252223927114814,19.371517107107444,2.10295158665526,3511.081198373854,301.64228116277167,4.809619238476953,45.886888010440714,3.9614964102137584,23.9676040734444,0.47935208146888797,2.495,50.0,20.0
yolov8n,FP16,1,25W,default,train,128,64,18.569833815072222,15.963178939472204,11.265799309179524,17.750942914433576,1.163291715609009,1458.9080304233262,429.77013179166846,15.230460921843687,50.25458266151544,6.238103590548963,39.826225298066475,0.7965245059613295,2.495,50.0,20.0
yolov8n,FP16,1,25W,default,train,128,64,18.879052892606122,16.228992813485753,11.453393883517561,18.046526076244263,1.1632917156090092,1483.2013116592714,436.9265299063553,15.230460921843687,50.25458266151544,6.238103590548963,40.48939917301683,0.8097879834603365,2.495,50.0,20.0
yolov8n,FP16,1,25W,default,train,128,64,18.071868044001352,15.53511281952208,10.963697389712056,17.2749363942004,1.1632917156090092,1419.7861799250427,418.24548288031616,15.230460921843687,50.25458266151544,6.238103590548963,38.758251443971076,0.7751650288794215,2.495,50.0,20.0
yolov8n,FP16,1,MAXN,default,inference,128,64,32.03563666283174,14.595419890881024,2.043809864668183,31.178577075014793,2.1949102459770327,5770.375747462344,505.69386558302836,4.809619238476953,50.584113177302044,6.371991752438614,36.475264982780274,0.7295052996556055,2.495,50.0,20.0
yolov8n,FP16,1,MAXN,default,inference,128,64,31.141511370967624,14.188056859293317,1.9867664504543674,30.308372601774234,2.194910245977033,5609.322637962215,491.57978132376564,4.809619238476953,50.584113177302044,6.371991752438614,35.45722818545363,0.7091445637090726,2.495,50.0,20.0
yolov8n,FP16,1,MAXN,default,inference,128,64,29.725641778758977,13.542987387863342,1.8964367882067885,28.930382219580128,2.1949102459770327,5354.291041667167,469.2297785820951,4.809619238476953,50.584113177302044,6.371991752438614,33.84514164881271,0.6769028329762541,2.495,50.0,20.0
yolov8n,FP16,1,MAXN,default,train,128,64,30.50245069551977,26.17510434617354,18.46027917803374,29.199162496869974,1.1653229837067995,2180.155185546736,897.9251313377781,17.635270541082164,57.309350098013915,10.042707392383939,65.29084485655396,1.3058168971310793,2.495,50.0,20.0
yolov8n,FP16,1,MAXN,default,train,128,64,30.87000480595683,26.490513992748863,18.682725287673662,29.55101200247775,1.1653229837067998,2206.426025481446,908.7451167934521,17.635270541082164,57.309350098013915,10.042707392383939,66.07759863711036,1.3215519727422071,2.495,50.0,20.0
yolov8n,FP16,1,MAXN,default,train,128,64,29.344984381904148,25.181846399836797,17.759773126837914,28.09115162543925,1.1653229837067998,2097.4255645430244,863.8518661419085,17.635270541082164,57.309350098013915,10.042707392383939,62.81327496345469,1.2562654992690938,2.495,50.0,20.0
yolov8n,FP16,2,7W,default,inference,128,64,6.218564751932038,4.076194135342178,2.5323328661743965,5.973598435044982,1.5255811046914276,745.5291412700569,111.59864835011963,4.308797127468582,40.796039708144015,0.9741120515951455,11.359249107950292,0.22718498215900584,2.785,50.0,17.905223175104137
yolov8n,FP16,2,7W,default,inference,128,64,5.980270043485995,3.9199948302293617,2.4352941528851484,5.744690808568869,1.5255811046914276,716.9605476405088,107.32220057922484,4.308797127468582,40.796039708144015,0.9741120515951455,10.923963947736436,0.2184792789547287,2.785,50.0,17.905223175104137
yolov8n,FP16,2,7W,default,inference,128,64,5.7960950115651295,3.7992703198414866,2.360294131969225,5.567770936163419,1.5255811046914278,694.8802350814593,104.0169870062982,4.308797127468582,40.796039708144015,0.9741120515951455,10.587537432855518,0.21175074865711035,2.785,50.0,17.905223175104137
yolov8n,FP16,2,7W,default,train,128,64,5.832871149983933,5.16723502173252,4.309393988004662,5.580382730859824,1.1288186284254267,270.1234062952387,114.48702993960673,31.597845601436266,41.70204111018061,1.574747143873911,14.390792965184659,0.2878158593036932,2.785,50.0,17.905223175104137
yolov8n,FP16,2,7W,default,train,128,64,5.913243494928004,5.238435427998122,4.368774024216293,5.657275985353513,1.128818628425427,273.8454929023273,116.0645705410228,31.597845601436266,41.70204111018061,1.574747143873911,14.589086695060681,0.29178173390121365,2.785,50.0,17.905223175104137
yolov8n,FP16,2,7W,default,train,128,64,5.890615016239623,5.218389268129246,4.352055837321718,5.63562702921317,1.128818628425427,272.7975558597611,115.62042095320078,31.597845601436266,41.70204111018061,1.574747143873911,14.533257971341575,0.2906651594268315,2.785,50.0,17.905223175104137
yolov8n,FP16,2,15W,default,inference,128,64,12.906776331142137,6.797475475539338,2.2370443277203265,12.469175228865359,1.8987602643933132,2045.9093020445578,200.85732743123154,4.308797127468582,42.97693707815976,2.1581219650657446,18.949160991873736,0.37898321983747474,2.785,50.0,17.905223175104137
yolov8n,FP16,2,15W,default,inference,128,64,12.956448371952312,6.823635724277241,2.2456536469097035,12.517163151251752,1.8987602643933132,2053.78303346577,201.63033171279758,4.308797127468582,42.97693707815976,2.1581219650657446,19.022087296162116,0.3804417459232423,2.785,50.0,17.905223175104137
yolov8n,FP16,2,15W,default,inference,128,64,12.93587444007635,6.812800269026899,2.2420877063199547,12.497286773516043,1.8987602643933132,2050.5217699616446,201.31015687863794,4.308797127468582,42.97693707815976,2.1581219650657446,18.991881554825085,0.3798376310965017,2.785,50.0,17.905223175104137
yolov8n,FP16,2,15W,default,train,128,64,12.18885274526765,10.65547441027715,7.981430660522519,11.755189665623439,1.1439052149110849,800.9819159383505,255.3066662638822,16.51705565529623,45.422562385283726,3.3365137077202793,29.672845949156418,0.5934569189831284,2.785,50.0,17.905223175104137
yolov8n,FP16,2,15W,default,train,128,64,12.094507302019139,10.572997783701194,7.919651949337694,11.664200907070738,1.1439052149110849,794.7820712546426,253.33051468535743,16.51705565529623,45.422562385283726,3.3365137077202793,29.44316905814591,0.5888633811629181,2.785,50.0,17.905223175104137
yolov8n,FP16,2,15W,default,train,128,64,12.176669136300847,10.644823519969117,7.973452663561221,11.743439533169655,1.143905214911085,800.1812786136394,255.051469433353,16.51705565529623,45.422562385283726,3.3365137077202793,29.643185868791832,0.5928637173758367,2.785,50.0,17.905223175104137
yolov8n,FP16,2,25W,default,inference,128,64,21.69107121728999,10.275312668668938,2.144807745141973,20.67154876254463,2.110988922354598,3825.9460889999264,326.04998870567965,4.308797127468582,45.81467302538699,3.558426311170113,28.652554381361583,0.5730510876272317,2.785,50.0,17.905223175104137
yolov8n,FP16,2,25W,default,inference,128,64,21.712369789348745,10.285402049922059,2.146913742667612,20.691846260371022,2.1109889223545983,3829.702804731168,326.37013883149064,4.308797127468582,45.81467302538699,3.558426311170113,28.68068846879532,0.5736137693759065,2.785,50.0,17.905223175104137
yolov8n,FP16,2,25W,default,inference,128,64,21.362840890268778,10.119826145956585,2.112352411768468,20.358745898066612,2.1109889223545983,3768.0516898078295,321.11618468345875,4.308797127468582,45.81467302538699,3.558426311170113,28.21898255817329,0.5643796511634658,2.785,50.0,17.905223175104137
yolov8n,FP16,2,25W,default,train,128,64,20.120469912752018,17.41611094999753,12.47826073526238,19.32278223311682,1.1552791533378965,1357.6457934833409,479.704358579856,12.926391382405745,50.23602829678916,5.6127069017842794,48.49461604448371,0.9698923208896743,2.785,50.0,17.905223175104137
yolov8n,FP16,2,25W,default,train,128,64,20.374662048177367,17.63613754243705,12.635904953138242,19.566896774153555,1.1552791533378965,1374.79762367882,485.7647078564388,12.926391382405745,50.23602829678916,5.6127069017842794,49.10727320718581,0.9821454641437163,2.785,50.0,17.905223175104137
yolov8n,FP16,2,25W,default,train,128,64,20.467089547426326,17.716142014933514,12.693226399393623,19.655659931678386,1.1552791533378965,1381.0342476792366,487.9683280718037,12.926391382405745,50.23602829678916,5.6127069017842794,49.330043157761835,0.9866008631552368,2.785,50.0,17.905223175104137
yolov8n,FP16,2,MAXN,default,inference,128,64,34.795606760295364,15.602149833968717,2.1572339494671926,33.27434329079274,2.2301802719865567,6209.210620608628,487.67592819062946,4.308797127468582,50.3556185860402,5.718822888815392,43.51909776945719,0.8703819553891438,2.785,50.0,17.905223175104137
yolov8n,FP16,2,MAXN,default,inference,128,64,34.71224737053099,15.564771963304423,2.1520658917050337,33.194628372451504,2.2301802719865567,6194.335294196931,486.5076092112597,4.308797127468582,50.3556185860402,5.718822888815392,43.4148396239347,0.868296792478694,2.785,50.0,17.905223175104137
yolov8n,FP16,2,MAXN,default,inference,128,64,35.21262946505375,15.789140414952973,2.1830882345383174,33.67313376838889,2.230180271986556,6283.627538389621,493.52068715749044,4.308797127468582,50.3556185860402,5.718822888815392,44.04067085152721,0.8808134170305442,2.785,50.0,17.905223175104137
yolov8n,FP16,2,MAXN,default,train,128,64,33.35772571324303,28.340215383980716,19.715602868417083,31.70752810989968,1.1770455962059645,2818.6301713518465,725.6417697964695,11.131059245960502,57.28627639063118,8.972589414485622,78.91424794895802,1.5782849589791603,2.785,50.0,17.905223175104137
yolov8n,FP16,2,MAXN,default,train,128,64,33.269504695800464,28.26526415207693,19.663461107929653,31.62367136215582,1.1770455962059645,2811.1757536361856,723.7226684830113,11.131059245960502,57.28627639063118,8.972589414485622,78.70554381533036,1.5741108763066072,2.785,50.0,17.905223175104137
yolov8n,FP16,2,MAXN,default,train,128,64,31.67431128950864,26.910012145329116,18.720645042855974,30.107391739092545,1.177045596205964,2676.3865805742284,689.0218925230449,11.131059245960502,57.28627639063118,8.972589414485622,74.93180069288843,1.4986360138577686,2.785,50.0,17.905223175104137
yolov8n,FP16,4,7W,default,inference,128,64,6.762283894341438,4.30718470080263,2.6378136909896024,6.387897681839636,1.570000908733101,707.9651503507137,107.21700782333622,3.803486529318542,40.66671952715542,0.8903101980960821,13.596203405805115,0.2719240681161023,3.1550000000000002,50.0,15.817959093978228
yolov8n,FP16,4,7W,default,inference,128,64,6.920755573791615,4.408122017824983,2.6996299016396144,6.537595755687748,1.5700009087331013,724.5560578194395,109.72959965782067,3.803486529318542,40.66671952715542,0.8903101980960821,13.91482551950654,0.2782965103901308,3.1550000000000002,50.0,15.817959093978228
yolov8n,FP16,4,7W,default,inference,128,64,6.894787582123529,4.391581905316998,2.6895003766122936,6.513065452557854,1.5700009087331008,721.8373856351815,109.3178733225563,3.803486529318542,40.66671952715542,0.8903101980960821,13.862614446697988,0.27725228893395976,3.1550000000000002,50.0,15.817959093978228
yolov8n,FP16,4,7W,default,train,128,64,6.600041637017996,5.841137949281745,4.869830820052905,6.330507262150754,1.1299239453554712,354.924195731323,127.25343388407535,28.843106180665607,41.745868589863335,1.391277377494478,18.427602055607878,0.36855204111215756,3.1550000000000002,50.0,15.817959093978228
yolov8n,FP16,4,7W,default,train,128,64,6.552447827891807,5.799016699155289,4.83471379939254,6.2848571025189,1.1299239453554712,352.3647884798356,126.33579184846141,28.843106180665607,41.745868589863335,1.391277377494478,18.29471807954796,0.36589436159095917,3.1550000000000002,50.0,15.817959093978228
yolov8n,FP16,4,7W,default,train,128,64,6.400353505041835,5.664410893627269,4.722491231459694,6.138974050822173,1.1299239453554712,344.1857559552445,123.40330658225074,28.843106180665607,41.745868589863335,1.391277377494478,17.87006414393086,0.3574012828786172,3.1550000000000002,50.0,15.817959093978228
yolov8n,FP16,4,15W,default,inference,128,64,14.950270973304564,7.646149669311774,2.4135188138475114,14.156604072224873,1.9552678955930285,2300.1045279688574,235.04848799521545,3.803486529318542,43.053076546854456,1.8884216866775854,24.146658907001946,0.48293317814003894,3.1550000000000002,50.0,15.817959093978228
yolov8n,FP16,4,15W,default,inference,128,64,14.196620829562711,7.260703692604183,2.291852202972847,13.442963047725735,1.9552678955930283,2184.1551842265044,223.1995839131281,3.803486529318542,43.053076546854456,1.8884216866775854,22.929414551455327,0.45858829102910653,3.1550000000000002,50.0,15.817959093978228
yolov8n,FP16,4,15W,default,inference,128,64,14.881154462595111,7.610800799284689,2.4023608890685817,14.091156758345777,1.955267895593028,2289.4709281147752,233.96183669860872,3.803486529318542,43.053076546854456,1.8884216866775854,24.035026628769444,0.48070053257538886,3.1550000000000002,50.0,15.817959093978228
yolov8n,FP16,4,15W,default,train,128,64,13.729914955134852,11.827625761381087,8.769935184409361,13.053836657680792,1.1608344085391182,879.2056135055109,279.0951552658983,12.99524564183835,45.40956942234897,3.0002022343932624,37.312168003914365,0.7462433600782873,3.1550000000000002,50.0,15.817959093978228
yolov8n,FP16,4,15W,default,train,128,64,13.329892184658268,11.483026421859439,8.514422038054768,12.67351151202493,1.1608344085391182,853.5898492067304,270.96368339583415,12.99524564183835,45.40956942234897,3.0002022343932624,36.225073373963184,0.7245014674792637,3.1550000000000002,50.0,15.817959093978228
yolov8n,FP16,4,15W,default,train,128,64,13.625592839747899,11.737757547086643,8.703299797865915,12.954651494590198,1.1608344085391187,872.5252669949392,276.9745451174209,12.99524564183835,45.40956942234897,3.0002022343932624,37.028664114155305,0.7405732822831061,3.1550000000000002,50.0,15.817959093978228
yolov8n,FP16,4,25W,default,inference,128,64,24.708824117761466,11.647284505596083,2.375854081038392,23.56247592402635,2.121423590699601,4169.562369425329,384.527182920579,3.803486529318542,45.88420969159273,3.1727996558664953,36.78946059680156,0.7357892119360312,3.1550000000000002,50.0,15.817959093978228
yolov8n,FP16,4,25W,default,inference,128,64,23.844004606570284,11.239624519640149,2.292698162519865,22.737779094506948,2.1214235906996013,4023.6258864497786,371.0685655137697,3.803486529318542,45.88420969159273,3.1727996558664953,35.50181359350112,0.7100362718700224,3.1550000000000002,50.0,15.817959093978228
yolov8n,FP16,4,25W,default,inference,128,64,23.543756132491772,11.098092920107266,2.2638280487878153,22.451460433287654,2.1214235906996004,3972.9595846853326,366.39599593444194,3.803486529318542,45.88420969159273,3.1727996558664953,35.05476765745348,0.7010953531490697,3.1550000000000002,50.0,15.817959093978228
yolov8n,FP16,4,25W,default,train,128,64,22.647597037729142,19.309707208924166,13.860840520105368,21.49429744716661,1.1728607167726675,1662.1687885770511,488.47293538246964,13.946117274167987,50.320350876552524,4.934054075250554,60.91579268885984,1.2183158537771968,3.1550000000000002,50.0,15.817959093978228
yolov8n,FP16,4,25W,default,train,128,64,22.406463778225923,19.104113095271234,13.713261523159279,21.26544358706249,1.1728607167726675,1644.4713623482814,483.2720714280441,13.946117274167987,50.320350876552524,4.934054075250554,60.26721069484888,1.2053442138969777,3.1550000000000002,50.0,15.817959093978228
yolov8n,FP16,4,25W,default,train,128,64,22.209412601375256,18.93610407763367,13.592661755683903,21.07842698656017,1.1728607167726675,1630.0092401475072,479.0219884450035,13.946117274167987,50.320350876552524,4.934054075250554,59.737197350910705,1.1947439470182142,3.1550000000000002,50.0,15.817959093978228
yolov8n,FP16,4,MAXN,default,inference,128,64,38.69079691055968,17.39299874475939,2.3403017517033313,37.33790839909062,2.2245040937645926,7025.7468699953,588.1366708077222,3.803486529318542,50.63907658516435,5.021918734536056,54.94476613875585,1.098895322775117,3.1550000000000002,50.0,15.817959093978228
yolov8n,FP16,4,MAXN,default,inference,128,64,38.96744083416531,17.51736081016582,2.357035195072538,37.6048790045974,2.224504093764593,7075.981818240704,592.3419198390291,3.803486529318542,50.63907658516435,5.021918734536056,55.33762792760338,1.1067525585520677,3.1550000000000002,50.0,15.817959093978228
yolov8n,FP16,4,MAXN,default,inference,128,64,37.93192535913976,17.05185684551673,2.294399662242332,36.605572062387786,2.2245040937645926,6887.945639396666,576.6011061912955,3.803486529318542,50.63907658516435,5.021918734536056,53.86709332631651,1.0773418665263301,3.1550000000000002,50.0,15.817959093978228
yolov8n,FP16,4,MAXN,default,train,128,64,36.47374152864249,31.215720019050607,21.74415433178751,34.80649361402937,1.1684414617501366,2694.9291033478808,782.9697622435365,11.410459587955625,57.2768068910238,7.949618234226451,98.46846555536571,1.9693693111073143,3.1550000000000002,50.0,15.817959093978228
yolov8n,FP16,4,MAXN,default,train,128,64,35.816330033578716,30.6530803690684,21.352232461174577,34.17913299661758,1.168441461750137,2646.3550526289123,768.8573268197663,11.410459587955625,57.2768068910238,7.949618234226451,96.69364623482646,1.9338729246965292,3.1550000000000002,50.0,15.817959093978228
yolov8n,FP16,4,MAXN,default,train,128,64,36.02374540339481,30.830594927226436,21.475885029379693,34.37706722114145,1.1684414617501369,2661.6803165906617,773.3098440550227,11.410459587955625,57.2768068910238,7.949618234226451,97.25360724629417,1.9450721449258834,3.1550000000000002,50.0,15.817959093978228
yolov8n,FP16,8,7W,default,inference,128,64,7.540434784649545,4.776695632634558,2.844870615530002,7.1892195969140555,1.5785880794105909,863.7974626633631,117.83708436411797,3.3566433566433567,40.601344676199346,0.7898056383288121,17.08574696210961,0.3417149392421922,3.575,50.0,13.947147282556493
yolov8n,FP16,8,7W,default,inference,128,64,7.74651615242664,4.9072435383643676,2.9226214143023483,7.385702193752905,1.578588079410591,887.405194534533,121.0575919627062,3.3566433566433567,40.601344676199346,0.7898056383288121,17.552703338499587,0.35105406676999173,3.575,50.0,13.947147282556493
yolov8n,FP16,8,7W,default,inference,128,64,7.598226286233786,4.813305247478362,2.866674311123134,7.244319310337785,1.5785880794105909,870.4177907820545,118.74021292927364,3.3566433566433567,40.601344676199346,0.7898056383288121,17.216695773528127,0.3443339154705625,3.575,50.0,13.947147282556493
yolov8n,FP16,8,7W,default,train,128,64,7.153392592787546,6.22860660184065,5.113973995678976,6.777635784254505,1.1484739766151884,413.30014078598975,144.16175546906229,23.776223776223777,41.777238135674644,1.2364439724796106,22.266246331960787,0.44532492663921575,3.575,50.0,13.947147282556493
yolov8n,FP16,8,7W,default,train,128,64,7.3745513927935145,6.421174134504972,5.272080843230784,6.987177449622423,1.1484739766151881,426.0779887780998,148.61875128366881,23.776223776223777,41.777238135674644,1.2364439724796106,22.95464365610301,0.4590928731220602,3.575,50.0,13.947147282556493
yolov8n,FP16,8,7W,default,train,128,64,7.266957920459872,6.327490277034604,5.195162064835506,6.885235698378972,1.1484739766151886,419.86158213099634,146.45042854065758,23.776223776223777,41.777238135674644,1.2364439724796106,22.619739241502955,0.4523947848300591,3.575,50.0,13.947147282556493
yolov8n,FP16,8,15W,default,inference,128,64,16.390864271481398,8.132488150486973,2.4568685237181827,15.208200542997387,2.0154796377416075,2522.222339419315,246.34538107686203,3.3566433566433567,43.10514849623516,1.619080550047002,29.099942867375432,0.5819988573475087,3.575,50.0,13.947147282556493
yolov8n,FP16,8,15W,default,inference,128,64,16.26730451859281,8.071182766609693,2.4383478366670084,15.093556100224323,2.0154796377416075,2503.208993702643,244.488348164689,3.3566433566433567,43.10514849623516,1.619080550047002,28.880577879037325,0.5776115575807466,3.575,50.0,13.947147282556493
yolov8n,FP16,8,15W,default,inference,128,64,16.536495035226018,8.204744282981471,2.4786974909772015,15.343323488534281,2.015479637741607,2544.6319670960243,248.53412874733147,3.3566433566433567,43.10514849623516,1.619080550047002,29.35849219305523,0.5871698438611046,3.575,50.0,13.947147282556493
yolov8n,FP16,8,15W,default,train,128,64,15.07313734460542,13.124197224866867,9.661216547945573,14.501605374873808,1.1484997586020598,1062.239901859787,293.0450351082595,13.986013986013985,45.48792876910668,2.623972520471474,46.91568628588202,0.9383137257176404,3.575,50.0,13.947147282556493
yolov8n,FP16,8,15W,default,train,128,64,14.969897872539653,13.034306503260249,9.595044597599752,14.402280460041535,1.1484997586020598,1054.9643702854366,291.0379005599303,13.986013986013985,45.48792876910668,2.623972520471474,46.59434968733433,0.9318869937466866,3.575,50.0,13.947147282556493
yolov8n,FP16,8,15W,default,train,128,64,14.671402788496778,12.774406506061991,9.403722407699618,14.115103489768737,1.1484997586020598,1033.9287105199655,285.23469580015336,13.986013986013985,45.48792876910668,2.623972520471474,45.66527291979293,0.9133054583958586,3.575,50.0,13.947147282556493
yolov8n,FP16,8,25W,default,inference,128,64,25.652942574760306,12.1651911116977,2.395324254263752,24.745869538188586,2.108716775529582,4480.287215178411,396.6296395899585,3.3566433566433567,45.82158865050046,2.779094452916451,43.53599795933151,0.8707199591866303,3.575,50.0,13.947147282556493
yolov8n,FP16,8,25W,default,inference,128,64,26.62776997375086,12.627475762867006,2.486348030803927,25.686227610849084,2.1087167755295817,4650.540850603463,411.7018068002984,3.3566433566433567,45.82158865050046,2.779094452916451,45.190392324791546,0.9038078464958309,3.575,50.0,13.947147282556493
yolov8n,FP16,8,25W,default,inference,128,64,26.654446760843733,12.64012648362877,2.48883895577143,25.711961122362407,2.108716775529582,4655.199952295438,412.11426647891903,3.3566433566433567,45.82158865050046,2.779094452916451,45.23566590481271,0.9047133180962542,3.575,50.0,13.947147282556493
yolov8n,FP16,8,25W,default,train,128,64,26.553520438119286,22.567304080629917,16.011393143663433,25.071560900868747,1.176636799116419,2282.739671939063,561.3449210827648,11.188811188811188,50.13403448004953,4.377648919648794,80.67146733375674,1.6134293466751348,3.575,50.0,13.947147282556493
yolov8n,FP16,8,25W,default,train,128,64,25.351716604833484,21.545915123401755,15.286722616410977,23.936830081754177,1.176636799116419,2179.4236052607025,535.9386296825362,11.188811188811188,50.13403448004953,4.377648919648794,77.02030255112703,1.5404060510225406,3.575,50.0,13.947147282556493
yolov8n,FP16,8,25W,default,train,128,64,25.962384033838244,22.064909114974455,15.654946344357384,24.513415987647498,1.1766367991164193,2231.921155248426,548.8482196008049,11.188811188811188,50.13403448004953,4.377648919648794,78.87555325754657,1.5775110651509314,3.575,50.0,13.947147282556493
yolov8n,FP16,8,MAXN,default,inference,128,64,44.22264009336279,19.594056453392636,2.5392821046270337,42.04512148348687,2.25694154748165,7753.566179860125,606.1440307184471,3.3566433566433567,50.484193495459714,4.473252054762912,70.13402569262249,1.4026805138524496,3.575,50.0,13.947147282556493
yolov8n,FP16,8,MAXN,default,inference,128,64,43.1374681796609,19.113241203696536,2.4769710889325944,41.013383332039155,2.25694154748165,7563.302725854451,591.2699644843854,3.3566433566433567,50.484193495459714,4.473252054762912,68.41301865378892,1.3682603730757785,3.575,50.0,13.947147282556493
yolov8n,FP16,8,MAXN,default,inference,128,64,43.25655895059004,19.16600764377649,2.4838093297705037,41.12661008468682,2.25694154748165,7584.182939515604,592.9022994096619,3.3566433566433567,50.484193495459714,4.473252054762912,68.60188831807098,1.3720377663614196,3.575,50.0,13.947147282556493
yolov8n,FP16,8,MAXN,default,train,128,64,40.34624797075019,33.93444397581077,23.33037428243466,37.89658018698195,1.1889467821989332,2943.5602185730754,882.8917596770914,10.909090909090908,57.277472838550025,7.001633497746181,121.30125404366055,2.426025080873211,3.575,50.0,13.947147282556493
yolov8n,FP16,8,MAXN,default,train,128,64,42.14094870252193,35.44393183400783,24.368166937343968,39.582313647068005,1.188946782198933,3074.4970452667794,922.1649651636686,10.909090909090908,57.277472838550025,7.001633497746181,126.69703333780491,2.533940666756098,3.575,50.0,13.947147282556493
yolov8n,FP16,8,MAXN,default,train,128,64,39.468360957745595,33.1960702940376,22.822732714229005,37.07199507047848,1.1889467821989332,2879.511802230726,863.6810709837778,10.909090909090908,57.277472838550025,7.001633497746181,118.66188109222026,2.373237621844405,3.575,50.0,13.947147282556493
yolov8n,FP16,16,7W,default,inference,128,64,8.301294416049387,5.191377889625975,2.9683226781496677,7.9382937760806005,1.5990541610615585,954.2905524284952,141.9894395339831,2.973977695167286,40.68849022547031,0.6845652711292358,20.956864679049573,0.41913729358099144,4.035,50.0,12.364817244036917
yolov8n,FP16,16,7W,default,inference,128,64,8.537864534618715,5.3393216705997695,3.0529138771516267,8.164519109832737,1.5990541610615587,981.4859050835133,146.03585167920275,2.973977695167286,40.68849022547031,0.6845652711292358,21.554092980262325,0.43108185960524653,4.035,50.0,12.364817244036917
yolov8n,FP16,16,7W,default,inference,128,64,8.289990061443591,5.1843084889258195,2.96428054080861,7.9274837405232175,1.5990541610615583,952.9910395741196,141.79608426981292,2.973977695167286,40.68849022547031,0.6845652711292358,20.928326499594135,0.4185665299918827,4.035,50.0,12.364817244036917
yolov8n,FP16,16,7W,default,train,128,64,7.97156188753303,6.964767173517985,5.73719664141823,7.554034213011704,1.1445554013410761,391.350794397928,141.79553447063654,21.31350681536555,41.75601323419255,1.0979424137308882,28.10294266305189,0.5620588532610378,4.035,50.0,12.364817244036917
yolov8n,FP16,16,7W,default,train,128,64,8.101196188533793,7.078028882692457,5.830495481320273,7.676878639079716,1.1445554013410761,397.7149784052313,144.10142699903534,21.31350681536555,41.75601323419255,1.0979424137308882,28.55995540153252,0.5711991080306504,4.035,50.0,12.364817244036917
yolov8n,FP16,16,7W,default,train,128,64,8.148627377505585,7.119469593134447,5.864632086154644,7.7218255176603225,1.1445554013410761,400.0435350601551,144.9451174684465,21.31350681536555,41.75601323419255,1.0979424137308882,28.727169305522814,0.5745433861104563,4.035,50.0,12.364817244036917
yolov8n,FP16,16,15W,default,inference,128,64,18.166939654734318,9.118456733671808,2.6881857268396234,17.20392332658395,1.9923261342732586,2770.7554540195943,284.163632420776,2.973977695167286,42.98267780765204,1.478193606451401,36.82392284891793,0.7364784569783587,4.035,50.0,12.364817244036917
yolov8n,FP16,16,15W,default,inference,128,64,18.06426278094021,9.066920555920689,2.672992496066828,17.106689279587666,1.9923261342732588,2755.095551280139,282.55758132040035,2.973977695167286,42.98267780765204,1.478193606451401,36.61579944724323,0.7323159889448647,4.035,50.0,12.364817244036917
yolov8n,FP16,16,15W,default,inference,128,64,18.232558080904422,9.151392318384218,2.6978953708413407,17.266063367454702,1.9923261342732586,2780.7633373312788,285.1900227038182,2.973977695167286,42.98267780765204,1.478193606451401,36.95692972342063,0.7391385944684126,4.035,50.0,12.364817244036917
yolov8n,FP16,16,15W,default,train,128,64,17.012154180583988,14.806941736486369,11.024568578764844,16.38040432505812,1.148930986785993,1139.0330431880682,323.8547763862129,11.895910780669144,45.50668423512438,2.308240372928715,59.74227184011146,1.1948454368022292,4.035,50.0,12.364817244036917
yolov8n,FP16,16,15W,default,train,128,64,16.32674060858787,14.210375380561471,10.580392676696457,15.720443727475917,1.1489309867859927,1093.141811632915,310.8067839488871,11.895910780669144,45.50668423512438,2.308240372928715,57.33527719931352,1.1467055439862706,4.035,50.0,12.364817244036917
yolov8n,FP16,16,15W,default,train,128,64,16.569836617861725,14.421959898752498,10.737928788644137,15.954512316288644,1.148930986785993,1109.4180800167333,315.4345226166695,11.895910780669144,45.50668423512438,2.308240372928715,58.18896731492863,1.1637793462985726,4.035,50.0,12.364817244036917
yolov8n,FP16,16,25W,default,inference,128,64,30.371278665110346,14.056204785752993,2.6859197020257546,28.779316858141332,2.1607026311891735,5154.258719817369,414.62187729433805,2.973977695167286,45.88862714191021,2.457821636728178,56.770743515342005,1.13541487030684,4.035,50.0,12.364817244036917
yolov8n,FP16,16,25W,default,inference,128,64,30.143763569275592,13.950907975099534,2.6657991372925736,28.563727349868152,2.160702631189174,5115.647514819158,411.5158922883065,2.973977695167286,45.88862714191021,2.457821636728178,56.34546668409877,1.1269093336819753,4.035,50.0,12.364817244036917
yolov8n,FP16,16,25W,default,inference,128,64,29.992103328016,13.88071773278187,2.6523868857207926,28.420016636001964,2.160702631189173,5089.909509857917,409.44546072579897,2.973977695167286,45.88862714191021,2.457821636728178,56.06197961880396,1.1212395923760792,4.035,50.0,12.364817244036917
yolov8n,FP16,16,25W,default,train,128,64,28.399767945580802,24.163478749406703,17.225156342859325,26.77961578076925,1.1753178522061156,2258.3076052923902,583.5701288476685,11.152416356877323,50.163827296776795,3.874071124700925,97.49415423464549,1.9498830846929098,4.035,50.0,12.364817244036917
yolov8n,FP16,16,25W,default,train,128,64,28.55651379269978,24.296843393553612,17.320226546527607,26.927419578642553,1.1753178522061156,2270.77180356771,586.7910070736752,11.152416356877323,50.163827296776795,3.874071124700925,98.03225031430149,1.96064500628603,4.035,50.0,12.364817244036917
yolov8n,FP16,16,25W,default,train,128,64,27.541973284678498,23.433638171139137,16.704882826102953,25.97075665622371,1.1753178522061156,2190.097040677678,565.9438108528594,11.152416356877323,50.163827296776795,3.874071124700925,94.54941309690396,1.8909882619380793,4.035,50.0,12.364817244036917
yolov8n,FP16,16,MAXN,default,inference,128,64,46.209847157031525,20.54836087952063,2.5752173350388086,44.260172866417754,2.2488337355942694,8373.89033308205,658.5598619255397,2.973977695167286,50.541674007533885,3.9589692365204243,82.9990344099774,1.659980688199548,4.035,50.0,12.364817244036917
yolov8n,FP16,16,MAXN,default,inference,128,64,46.27925986346111,20.579226970388493,2.579085618875844,44.326656929333154,2.24883373559427,8386.46891594099,659.5490974494483,2.973977695167286,50.541674007533885,3.9589692365204243,83.12370886713066,1.6624741773426133,4.035,50.0,12.364817244036917
yolov8n,FP16,16,MAXN,default,inference,128,64,49.13330478048524,21.848349214443562,2.738137994018391,47.06028469846954,2.2488337355942694,8903.662990607254,700.2235324913455,2.973977695167286,50.541674007533885,3.9589692365204243,88.24995331175575,1.764999066235115,4.035,50.0,12.364817244036917
yolov8n,FP16,16,MAXN,default,train,128,64,44.68073416922655,37.13962893261454,25.694271651292265,41.331519655279386,1.2030474039009502,3488.503669976841,847.2528215292633,7.68277571251549,57.44933745283234,6.182174490925772,149.84960587214863,2.996992117442973,4.035,50.0,12.364817244036917
yolov8n,FP16,16,MAXN,default,train,128,64,45.42914303582162,37.76172317775261,26.12465447919516,42.02382868634191,1.2030474039009502,3546.9366193521064,861.4444308586587,7.68277571251549,57.44933745283234,6.182174490925772,152.3596088023989,3.047192176047978,4.035,50.0,12.364817244036917
yolov8n,FP16,16,MAXN,default,train,128,64,45.47397280083908,37.79898668447072,26.150434453088604,42.06529806567089,1.20304740390095,3550.4367587901766,862.2945096589674,7.68277571251549,57.44933745283234,6.182174490925772,152.50995822579392,3.0501991645158784,4.035,50.0,12.364817244036917
yolov8n,INT8,1,7W,default,inference,128,64,4.915065375620223,3.398384092979946,2.342081764064636,4.661871450851502,1.4462948392953259,505.31899102130416,89.8362044236181,6.012024048096192,40.67369215173792,1.123744386611709,8.48230508783242,0.1696461017566484,2.495,50.0,20.0
yolov8n,INT8,1,7W,default,inference,128,64,4.6483319407464085,3.2139587409516044,2.214980400004864,4.4088784812780535,1.4462948392953259,477.8960658145211,84.96092453399623,6.012024048096192,40.67369215173792,1.123744386611709,8.02198275255938,0.1604396550511876,2.495,50.0,20.0
yolov8n,INT8,1,7W,default,inference,128,64,4.811976513166873,3.327106190540926,2.2929588071192883,4.564093092265298,1.446294839295326,494.72040158669523,87.95197473115164,6.012024048096192,40.67369215173792,1.123744386611709,8.304396735519497,0.16608793471038993,2.495,50.0,20.0
yolov8n,INT8,1,7W,default,train,128,64,4.696634085847125,4.230184192987628,3.664964477635101,4.557443505499885,1.110267040766861,221.34508473568889,95.86206328548788,47.29458917835671,41.68581605528969,1.7912422365380551,10.553881612392551,0.21107763224785103,2.495,50.0,20.0
yolov8n,INT8,1,7W,default,train,128,64,4.687510449054017,4.221966677328687,3.657844952429944,4.548590259006914,1.110267040766861,220.91510187516465,95.67584255130494,47.29458917835671,41.68581605528969,1.7912422365380551,10.533379742153372,0.21066759484306743,2.495,50.0,20.0
yolov8n,INT8,1,7W,default,train,128,64,4.622804266522899,4.163686839996557,3.607352225910215,4.485801724504989,1.110267040766861,217.86559978633184,94.35513754184895,47.29458917835671,41.68581605528969,1.7912422365380551,10.387977443924278,0.20775954887848555,2.495,50.0,20.0
yolov8n,INT8,1,15W,default,inference,128,64,10.1377368045198,5.512927551048839,2.146361880456558,9.71785201410231,1.8389025995074229,1499.4128043784362,145.2727581428456,4.809619238476953,42.77716098168209,2.4374172158014975,13.769664502274942,0.27539329004549884,2.495,50.0,20.0
yolov8n,INT8,1,15W,default,inference,128,64,10.549169259858418,5.7366655866842375,2.233470369811672,10.112243759703444,1.8389025995074226,1560.26535002714,151.16854422696215,4.809619238476953,42.77716098168209,2.4374172158014975,14.328496023017738,0.2865699204603548,2.495,50.0,20.0
yolov8n,INT8,1,15W,default,inference,128,64,9.850147365268626,5.35653566855968,2.0854734374506805,9.442173954457322,1.8389025995074229,1456.8771481533731,141.15163013781142,4.809619238476953,42.77716098168209,2.4374172158014975,13.379043778020144,0.2675808755604029,2.495,50.0,20.0
yolov8n,INT8,1,15W,default,train,128,64,9.802695591227057,8.595584183667054,6.634716309091856,9.458175145687298,1.1404338997521195,707.2108778933349,236.88486352979643,22.044088176352705,45.50131590422801,3.7749864083191347,21.445080127528463,0.42890160255056925,2.495,50.0,20.0
yolov8n,INT8,1,15W,default,train,128,64,9.711783521584426,8.515867095581202,6.573184683883472,9.370458224404292,1.1404338997521195,700.6520692488425,234.68794809872045,22.044088176352705,45.50131590422801,3.7749864083191347,21.2461943618835,0.42492388723767,2.495,50.0,20.0
yolov8n,INT8,1,15W,default,train,128,64,9.727715727435763,8.52983739745911,6.583968010267317,9.385830485227524,1.1404338997521195,701.8014907709173,235.07295428132628,22.044088176352705,45.50131590422801,3.7749864083191347,21.28104879839135,0.425620975967827,2.495,50.0,20.0
yolov8n,INT8,1,25W,default,inference,128,64,17.191000601139137,8.362213669782964,2.0106323532096457,16.376671485111377,2.0557954245129113,2858.7483094452177,262.77056523771137,4.809619238476953,45.84277611256897,3.9824268531648035,20.89212397889692,0.41784247957793835,2.495,50.0,20.0
yolov8n,INT8,1,25W,default,inference,128,64,17.170265478267044,8.35212748969673,2.00820720589788,16.356918574657914,2.055795424512911,2855.3001973293453,262.4536215016375,4.809619238476953,45.84277611256897,3.9824268531648035,20.866924703542765,0.41733849407085527,2.495,50.0,20.0
yolov8n,INT8,1,25W,default,inference,128,64,17.418424719062173,8.47283952059053,2.0372315198320887,16.59332263610779,2.0557954245129104,2896.5674176940106,266.24682385708246,4.809619238476953,45.84277611256897,3.9824268531648035,21.168511199029087,0.4233702239805817,2.495,50.0,20.0
yolov8n,INT8,1,25W,default,train,128,64,15.95002983691072,13.513339559661217,9.705618354641501,14.963730069658496,1.1803174016675557,1049.9100551417494,348.88435800004737,11.623246492985972,50.21135005206293,6.26601048077425,33.713169051737005,0.67426338103474,2.495,50.0,20.0
yolov8n,INT8,1,25W,default,train,128,64,15.919496880742232,13.4874711312831,9.687039002575053,14.935085175635999,1.1803174016675555,1047.9002245632312,348.21649274088435,11.623246492985972,50.21135005206293,6.26601048077425,33.64863232525545,0.672972646505109,2.495,50.0,20.0
yolov8n,INT8,1,25W,default,train,128,64,16.37958031026823,13.877267493580216,9.967000496310968,15.36671849039118,1.1803174016675555,1078.1851973063922,358.28016745359093,11.623246492985972,50.21135005206293,6.26601048077425,34.62109887209654,0.6924219774419308,2.495,50.0,20.0
yolov8n,INT8,1,MAXN,default,inference,128,64,27.043911206013842,12.447736967991961,2.00208603166729,26.008461994911052,2.1725966153971923,4810.056220245982,397.42395606704173,4.809619238476953,50.35731261530793,6.383432210059439,31.106618447384946,0.622132368947699,2.495,50.0,20.0
yolov8n,INT8,1,MAXN,default,inference,128,64,27.10416135452894,12.475468829529492,2.0065464064935883,26.066405303698954,2.172596615397192,4820.772369971075,398.30936247863985,4.809619238476953,50.35731261530793,6.383432210059439,31.175919753951895,0.623518395079038,2.495,50.0,20.0
yolov8n,INT8,1,MAXN,default,inference,128,64,27.875067636805337,12.830300590203784,2.063617319340208,26.807795356028556,2.1725966153971923,4957.886507421199,409.638220280506,4.809619238476953,50.35731261530793,6.383432210059439,32.062636449580275,0.6412527289916055,2.495,50.0,20.0
yolov8n,INT8,1,MAXN,default,train,128,64,25.45396830674678,21.56091249491826,15.12871187980124,23.920691709669075,1.1805608094159319,2005.7556134357817,693.2376668124087,17.23446893787575,57.3897140981517,10.002765982801584,53.784482600720715,1.0756896520144144,2.495,50.0,20.0
yolov8n,INT8,1,MAXN,default,train,128,64,26.139304052091934,22.14142960160098,15.536045106090652,24.56474472664688,1.180560809415932,2059.7596100522896,711.9027546038586,17.23446893787575,57.3897140981517,10.002765982801584,55.23260369629849,1.1046520739259698,2.495,50.0,20.0
yolov8n,INT8,1,MAXN,default,train,128,64,25.950348289928584,21.98137366830532,15.423738166388844,24.38717113658796,1.180560809415932,2044.870022853827,706.7565530326814,17.23446893787575,57.3897140981517,10.002765982801584,54.83333833303932,1.0966667666607863,2.495,50.0,20.0
yolov8n,INT8,2,7W,default,inference,128,64,5.5612863018859935,3.783510745626434,2.6057102339040012,5.226576521539645,1.4698745889157543,510.8143506697811,89.21538128488243,4.308797127468582,40.615591197022994,0.9892735614425808,10.542704958537623,0.21085409917075246,2.785,50.0,17.905223175104137
yolov8n,INT8,2,7W,default,inference,128,64,5.16104822004799,3.5112167112535846,2.4181808730275947,4.850427039566174,1.4698745889157543,474.0517484965994,82.79467371156471,4.308797127468582,40.615591197022994,0.9892735614425808,9.783961067118453,0.19567922134236906,2.785,50.0,17.905223175104137
yolov8n,INT8,2,7W,default,inference,128,64,5.251973789558829,3.5730761176250563,2.4607835505623936,4.935880192131222,1.4698745889157545,482.40342888629795,84.25332174946624,4.308797127468582,40.615591197022994,0.9892735614425808,9.956331522531745,0.1991266304506349,2.785,50.0,17.905223175104137
yolov8n,INT8,2,7W,default,train,128,64,5.016333640082704,4.466985747715858,3.8932049946818292,4.7933642406726085,1.1229795489380614,211.41671218510388,101.24059082408981,38.77917414721723,41.606348337106425,1.5770995176831897,12.440055109617466,0.24880110219234933,2.785,50.0,17.905223175104137
yolov8n,INT8,2,7W,default,train,128,64,5.19629767462395,4.627241590942414,4.032876102787693,4.965329111765783,1.1229795489380614,219.00141591977194,104.87265888241424,38.77917414721723,41.606348337106425,1.5770995176831897,12.886349688102737,0.2577269937620547,2.785,50.0,17.905223175104137
yolov8n,INT8,2,7W,default,train,128,64,4.979566262755108,4.434244833277688,3.864669624564224,4.758231124665892,1.1229795489380614,209.86712665351996,100.49854468625809,38.77917414721723,41.606348337106425,1.5770995176831897,12.348875329122668,0.24697750658245338,2.785,50.0,17.905223175104137
yolov8n,INT8,2,15W,default,inference,128,64,11.626363724200555,6.228532556445102,2.3775043378125145,11.046190445659745,1.8666296786343255,1699.736787240208,188.07373199245202,4.308797127468582,42.85746499056027,2.148145794486137,17.36371129631476,0.34727422592629525,2.785,50.0,17.905223175104137
yolov8n,INT8,2,15W,default,inference,128,64,11.612897066668275,6.221318132670304,2.374750507168786,11.03339579487324,1.866629678634326,1697.7680054480866,187.85588876995865,4.308797127468582,42.85746499056027,2.148145794486137,17.34359914783362,0.3468719829566724,2.785,50.0,17.905223175104137
yolov8n,INT8,2,15W,default,inference,128,64,11.448038373094475,6.132999225357947,2.3410381385902976,10.876763801496987,1.866629678634326,1673.6661974528256,185.18905410975555,4.308797127468582,42.85746499056027,2.148145794486137,17.09738641719759,0.3419477283439518,2.785,50.0,17.905223175104137
yolov8n,INT8,2,15W,default,train,128,64,10.601743761279677,9.29262963327387,7.078236704296991,10.219628573215703,1.1408766064794293,702.8470312125614,225.51401368233934,18.67145421903052,45.672116633031216,3.351787582669485,25.878661440239533,0.5175732288047906,2.785,50.0,17.905223175104137
yolov8n,INT8,2,15W,default,train,128,64,10.18270627814512,8.92533532576095,6.7984670210839315,9.815694321236254,1.140876606479429,675.0667662278926,216.60049654470077,18.67145421903052,45.672116633031216,3.351787582669485,24.855798654551876,0.4971159730910375,2.785,50.0,17.905223175104137
yolov8n,INT8,2,15W,default,train,128,64,10.548096118993845,9.245606456550684,7.042418944570195,10.167914535380499,1.1408766064794293,699.2904383575385,224.37285281211913,18.67145421903052,45.672116633031216,3.351787582669485,25.74770853258177,0.5149541706516354,2.785,50.0,17.905223175104137
yolov8n,INT8,2,25W,default,inference,128,64,17.907556447261694,8.7540187017566,2.0981949843425025,17.29884497698416,2.045638358491092,2948.7145672971,269.5828238238114,4.308797127468582,45.89583725735184,3.5993787675723348,24.410067595570265,0.4882013519114053,2.785,50.0,17.905223175104137
yolov8n,INT8,2,25W,default,inference,128,64,18.30134572947566,8.946520607374186,2.1443345399687828,17.679248622041996,2.045638358491092,3013.5571490490815,275.51098197332874,4.308797127468582,45.89583725735184,3.5993787675723348,24.94684786626565,0.498936957325313,2.785,50.0,17.905223175104137
yolov8n,INT8,2,25W,default,inference,128,64,18.509929844867123,9.04848590076325,2.168773951678403,17.880742571674087,2.0456383584910918,3047.903265526389,278.6510360056937,4.308797127468582,45.89583725735184,3.5993787675723348,25.231172105089783,0.5046234421017957,2.785,50.0,17.905223175104137
yolov8n,INT8,2,25W,default,train,128,64,17.342808940602644,15.014641084875354,10.775884818547928,16.713243226869455,1.1550598407625285,1191.581915253984,394.51793188971754,14.721723518850986,50.26643392720467,5.613911148666579,41.811478677037705,0.8362295735407541,2.785,50.0,17.905223175104137
yolov8n,INT8,2,25W,default,train,128,64,17.7824515521625,15.395264318447056,11.049054992982771,17.13692626028472,1.1550598407625288,1221.7886820415308,404.51901617065613,14.721723518850986,50.26643392720467,5.613911148666579,42.87140545947006,0.8574281091894013,2.785,50.0,17.905223175104137
yolov8n,INT8,2,25W,default,train,128,64,17.405524764529645,15.068937686413843,10.814853044355656,16.773682387737537,1.155059840762529,1195.890965872463,395.944604883532,14.721723518850986,50.26643392720467,5.613911148666579,41.962679174247675,0.8392535834849535,2.785,50.0,17.905223175104137
yolov8n,INT8,2,MAXN,default,inference,128,64,29.631124501735624,13.201185908797834,2.093101248084285,27.550367975394888,2.244580502573498,5300.42846898592,439.4315855552441,4.308797127468582,50.53544153073115,5.712058713912469,36.81461739965761,0.7362923479931521,2.785,50.0,17.905223175104137
yolov8n,INT8,2,MAXN,default,inference,128,64,29.929888616180296,13.334290564256673,2.114205527835474,27.82815227920393,2.244580502573498,5353.8715240283,443.8622776307251,4.308797127468582,50.53544153073115,5.712058713912469,37.18581109382146,0.7437162218764292,2.785,50.0,17.905223175104137
yolov8n,INT8,2,MAXN,default,inference,128,64,29.799105023908993,13.276024179013929,2.104967157546963,27.70655257103196,2.244580502573498,5330.47689802582,441.922748089313,4.308797127468582,50.53544153073115,5.712058713912469,37.023321549715945,0.7404664309943189,2.785,50.0,17.905223175104137
yolov8n,INT8,2,MAXN,default,train,128,64,27.733401099863137,23.63183021100289,16.665913756307063,26.415147731051206,1.1735612879848203,2155.6596069109883,653.4866484240357,12.926391382405745,57.31687087821081,8.977625403135063,65.80398700541758,1.3160797401083517,2.785,50.0,17.905223175104137
yolov8n,INT8,2,MAXN,default,train,128,64,28.606435428161443,24.37574903078386,17.19054882610335,27.2466840678041,1.1735612879848203,2223.5187501218293,674.0580985359231,12.926391382405745,57.31687087821081,8.977625403135063,67.87546534259525,1.357509306851905,2.785,50.0,17.905223175104137
yolov8n,INT8,2,MAXN,default,train,128,64,28.192340519233696,24.022895785565787,16.9417055625503,26.85227235628644,1.1735612879848203,2191.3320137966034,664.3007127327812,12.926391382405745,57.31687087821081,8.977625403135063,66.89292822397888,1.3378585644795777,2.785,50.0,17.905223175104137
yolov8n,INT8,4,7W,default,inference,128,64,5.722778744690762,3.9856287493759286,2.709763994651354,5.552999524987828,1.435853438579004,574.6038520457048,98.37879926293003,3.803486529318542,40.47637366888441,0.8742286635495966,12.58121199273629,0.25162423985472576,3.1550000000000002,50.0,15.817959093978228
yolov8n,INT8,4,7W,default,inference,128,64,5.53805523425643,3.8569780769109565,2.6222965002973315,5.373756256733299,1.4358534385790038,556.0564216112425,95.20326549464977,3.803486529318542,40.47637366888441,0.8742286635495966,12.175107589875552,0.24350215179751103,3.1550000000000002,50.0,15.817959093978228
yolov8n,INT8,4,7W,default,inference,128,64,5.953517245620377,4.146326557891793,2.819019814226584,5.7768926446104,1.435853438579004,597.7714839539647,102.34536475111075,3.803486529318542,40.47637366888441,0.8742286635495966,13.088477802684796,0.2617695560536959,3.1550000000000002,50.0,15.817959093978228
yolov8n,INT8,4,7W,default,train,128,64,5.646215069792785,4.976555597299184,4.2597709490441495,5.343594585875605,1.1345628435974935,247.97866364640683,107.50008303183864,32.329635499207605,41.673001567781604,1.367978491789407,15.699672892709994,0.3139934578541999,3.1550000000000002,50.0,15.817959093978228
yolov8n,INT8,4,7W,default,train,128,64,5.922491011048469,5.220064313290327,4.4682065495187135,5.605062951081846,1.1345628435974933,260.11255119113906,112.7601884754975,32.329635499207605,41.673001567781604,1.367978491789407,16.467876344442658,0.32935752688885317,3.1550000000000002,50.0,15.817959093978228
yolov8n,INT8,4,7W,default,train,128,64,5.551400111387711,4.892986001361746,4.188238072531958,5.253861429747004,1.1345628435974933,243.81444276775687,105.69487090739511,32.329635499207605,41.673001567781604,1.367978491789407,15.436033655823788,0.3087206731164758,3.1550000000000002,50.0,15.817959093978228
yolov8n,INT8,4,15W,default,inference,128,64,12.177402143854048,6.506291237553019,2.4111660790938028,11.688453867833791,1.8716349605699334,1840.6019863192573,201.94100632727896,3.803486529318542,42.899813751250136,1.8735627483582555,20.54602662272398,0.41092053245447957,3.1550000000000002,50.0,15.817959093978228
yolov8n,INT8,4,15W,default,inference,128,64,12.957704348149957,6.923200635344079,2.5656685077903854,12.437425299518413,1.8716349605699338,1958.5438732824966,214.88095940704477,3.803486529318542,42.899813751250136,1.8735627483582555,21.86257260468659,0.43725145209373184,3.1550000000000002,50.0,15.817959093978228
yolov8n,INT8,4,15W,default,inference,128,64,12.05246850049724,6.439540163765229,2.386428802666451,11.568536572694331,1.8716349605699338,1821.7183928069333,199.86919943730612,3.803486529318542,42.899813751250136,1.8735627483582555,20.335235360995103,0.40670470721990204,3.1550000000000002,50.0,15.817959093978228
yolov8n,INT8,4,15W,default,train,128,64,11.690401083028666,10.271197173920331,7.836244153566665,11.310262601661353,1.1381731734945022,724.5394136722207,238.34507077308672,18.700475435816163,45.64278641763929,2.949912687012496,32.40334597094806,0.6480669194189612,3.1550000000000002,50.0,15.817959093978228
yolov8n,INT8,4,15W,default,train,128,64,11.514898873229786,10.117000770520626,7.718602495619529,11.140467222880135,1.1381731734945022,713.6622617864348,234.76691410264755,18.700475435816163,45.64278641763929,2.949912687012496,31.916890563439857,0.6383378112687972,3.1550000000000002,50.0,15.817959093978228
yolov8n,INT8,4,15W,default,train,128,64,11.40471434747886,10.020192544569712,7.644744221673506,11.033865583464046,1.1381731734945022,706.8333231455509,232.52046093122212,18.700475435816163,45.64278641763929,2.949912687012496,31.611482110539537,0.6322296422107907,3.1550000000000002,50.0,15.817959093978228
yolov8n,INT8,4,25W,default,inference,128,64,21.450691604824915,10.346645590292463,2.420274093283073,20.477345476511978,2.073202509705233,3709.194375676738,335.8605743588072,3.803486529318542,45.812589245538575,3.1802104689776884,32.68060693336269,0.6536121386672538,3.1550000000000002,50.0,15.817959093978228
yolov8n,INT8,4,25W,default,inference,128,64,20.149032245253277,9.718795993604147,2.273408319242386,19.234750184494057,2.073202509705233,3484.1150325713575,315.4800631762722,3.803486529318542,45.812589245538575,3.1802104689776884,30.697499876724713,0.6139499975344943,3.1550000000000002,50.0,15.817959093978228
yolov8n,INT8,4,25W,default,inference,128,64,20.931031146960272,10.095989682134931,2.3616409840741133,19.98126512058615,2.0732025097052325,3619.336123873818,327.7240786660191,3.803486529318542,45.812589245538575,3.1802104689776884,31.88889263924334,0.6377778527848669,3.1550000000000002,50.0,15.817959093978228
yolov8n,INT8,4,25W,default,train,128,64,19.62474332865457,17.046000128707227,12.233136393715913,18.92864891464046,1.151281425582326,1423.5713404185888,433.13058311813904,14.263074484944532,50.117847730190704,4.9872440185117615,53.775286350503436,1.0755057270100687,3.1550000000000002,50.0,15.817959093978228
yolov8n,INT8,4,25W,default,train,128,64,18.812127073142513,16.340163799330995,11.726589871147393,18.144856355149592,1.1512814255823265,1364.6244694846828,415.1956248510779,14.263074484944532,50.117847730190704,4.9872440185117615,51.548573312711525,1.0309714662542304,3.1550000000000002,50.0,15.817959093978228
yolov8n,INT8,4,25W,default,train,128,64,18.472112412476886,16.044827964746815,11.514640820394089,17.8169020971098,1.151281425582326,1339.959936647762,407.69128475467596,14.263074484944532,50.117847730190704,4.9872440185117615,50.616872681806164,1.0123374536361234,3.1550000000000002,50.0,15.817959093978228
yolov8n,INT8,4,MAXN,default,inference,128,64,31.505514092577048,14.387864167254687,2.237378308766964,30.285587390248498,2.1897283520566164,5464.848142002021,504.3569127835357,3.803486529318542,50.54976950586924,5.067451253220159,45.45365391084205,0.909073078216841,3.1550000000000002,50.0,15.817959093978228
yolov8n,INT8,4,MAXN,default,inference,128,64,32.14651569645534,14.68059527395852,2.2828993270937223,30.901768736615402,2.1897283520566164,5576.034279567696,514.6184050756906,3.803486529318542,50.54976950586924,5.067451253220159,46.37844012360991,0.9275688024721983,3.1550000000000002,50.0,15.817959093978228
yolov8n,INT8,4,MAXN,default,inference,128,64,32.81443109400292,14.985617308732953,2.3303316406301167,31.543821746202244,2.1897283520566164,5691.888799782061,525.3107475944581,3.803486529318542,50.54976950586924,5.067451253220159,47.34205542068588,0.9468411084137176,3.1550000000000002,50.0,15.817959093978228
yolov8n,INT8,4,MAXN,default,train,128,64,31.146362562853458,26.599382571645716,18.867351345271224,29.555234101289216,1.1709430652745567,2733.0534681645026,631.7771077442742,10.776545166402535,57.37989850614477,7.91798699908193,83.90779251997598,1.6781558503995198,3.1550000000000002,50.0,15.817959093978228
yolov8n,INT8,4,MAXN,default,train,128,64,30.821821550311565,26.322220494200216,18.670756019020164,29.24727243861388,1.170943065274557,2704.5754095116095,625.1940731496455,10.776545166402535,57.37989850614477,7.91798699908193,83.03348432781921,1.6606696865563841,3.1550000000000002,50.0,15.817959093978228
yolov8n,INT8,4,MAXN,default,train,128,64,30.873637844438836,26.36647225644548,18.702144474886758,29.296441669855643,1.170943065274557,2709.1222230307208,626.2451219959333,10.776545166402535,57.37989850614477,7.91798699908193,83.17307657869637,1.6634615315739274,3.1550000000000002,50.0,15.817959093978228
yolov8n,INT8,8,7W,default,inference,128,64,6.458950178531668,4.419123659570975,2.9180325067245714,6.242501161031354,1.4615907306741283,604.0069021557758,112.86557179665859,3.3566433566433567,40.704708100282204,0.7972265346709649,15.806561713963596,0.3161312342792719,3.575,50.0,13.947147282556493
yolov8n,INT8,8,7W,default,inference,128,64,6.4328611859712055,4.401273934601503,2.9062459893719272,6.217286449375868,1.4615907306741283,601.5671973831354,112.40968516159478,3.3566433566433567,40.704708100282204,0.7972265346709649,15.742715847442941,0.31485431694885885,3.575,50.0,13.947147282556493
yolov8n,INT8,8,7W,default,inference,128,64,6.38352025117716,4.367515554941221,2.883954680775097,6.169599002619896,1.4615907306741283,596.9530937980857,111.54748733306508,3.3566433566433567,40.704708100282204,0.7972265346709649,15.621967040084275,0.3124393408016855,3.575,50.0,13.947147282556493
yolov8n,INT8,8,7W,default,train,128,64,6.159154796299065,5.438952495756373,4.651068438343678,5.8571675693061245,1.1324156261898985,276.87762379921605,117.00461756668186,31.888111888111887,41.6994061314091,1.2364624135667128,19.443542544754827,0.38887085089509654,3.575,50.0,13.947147282556493
yolov8n,INT8,8,7W,default,train,128,64,6.333084719074979,5.592544444466154,4.782411130817115,6.022569598757819,1.1324156261898988,284.6964407178478,120.30874041646402,31.888111888111887,41.6994061314091,1.2364624135667128,19.992613637322833,0.3998522727464567,3.575,50.0,13.947147282556493
yolov8n,INT8,8,7W,default,train,128,64,6.2587050699777125,5.526862156640861,4.72624354779432,5.951836830558739,1.1324156261898983,281.35279030116334,118.89576044028313,31.888111888111887,41.6994061314091,1.2364624135667128,19.757808064234197,0.39515616128468395,3.575,50.0,13.947147282556493
yolov8n,INT8,8,15W,default,inference,128,64,13.311239390143271,7.159734648271403,2.546362900382026,12.869331665816716,1.8591805484518962,1956.0305648630901,204.7701012439944,3.3566433566433567,42.945638848609136,1.6780437642887114,25.61709297930455,0.512341859586091,3.575,50.0,13.947147282556493
yolov8n,INT8,8,15W,default,inference,128,64,13.357438649671273,7.1845839075681805,2.555200550809554,12.913997198165363,1.8591805484518957,1962.819351471325,205.48079592641065,3.3566433566433567,42.945638848609136,1.6780437642887114,25.70600211031907,0.5141200422063814,3.575,50.0,13.947147282556493
yolov8n,INT8,8,15W,default,inference,128,64,13.845417678270199,7.447053859184903,2.648548109077409,13.385776255016584,1.8591805484518962,2034.5258144817105,212.98749850777511,3.3566433566433567,42.945638848609136,1.6780437642887114,26.64510355543513,0.5329020711087026,3.575,50.0,13.947147282556493
yolov8n,INT8,8,15W,default,train,128,64,13.56849291249322,11.700099512713034,8.712734757248018,12.958149508398082,1.159690385346726,907.9703518064827,276.265005601296,13.426573426573427,45.426877194595086,2.590826623684677,41.82602435988318,0.8365204871976636,3.575,50.0,13.947147282556493
yolov8n,INT8,8,15W,default,train,128,64,12.946901475131373,11.164101762610104,8.313592320719659,12.364518747014221,1.159690385346726,866.3749734766116,263.6089233796386,13.426573426573427,45.426877194595086,2.590826623684677,39.909916302145014,0.7981983260429003,3.575,50.0,13.947147282556493
yolov8n,INT8,8,15W,default,train,128,64,12.541683906778704,10.814683009576708,8.053390011236704,11.977528838259603,1.1596903853467262,839.258805124814,255.358380411258,13.426573426573427,45.426877194595086,2.590826623684677,38.66079895401522,0.7732159790803044,3.575,50.0,13.947147282556493
yolov8n,INT8,8,25W,default,inference,128,64,23.483591341500595,11.109998634007184,2.509138200362871,22.151544986253136,2.1137348540816583,3915.222900155881,355.748053129961,3.3566433566433567,46.08090050652872,2.7789768244857465,39.75752647300183,0.7951505294600366,3.575,50.0,13.947147282556493
yolov8n,INT8,8,25W,default,inference,128,64,22.79156983320339,10.782605864303404,2.4351981638203046,21.498776619201454,2.1137348540816583,3799.8479382394926,345.2647628733414,3.3566433566433567,46.08090050652872,2.7789768244857465,38.58593976652601,0.7717187953305202,3.575,50.0,13.947147282556493
yolov8n,INT8,8,25W,default,inference,128,64,23.550918883922286,11.141851040798736,2.516331908776978,22.215053546893614,2.113734854081658,3926.447858556292,356.7679841017716,3.3566433566433567,46.08090050652872,2.7789768244857465,39.87151144707444,0.7974302289414887,3.575,50.0,13.947147282556493
yolov8n,INT8,8,25W,default,train,128,64,21.302282824332895,18.391778977380124,13.26836246003509,20.460426598800005,1.15825026227927,1590.6954729786717,432.40941806541775,12.027972027972027,50.144008544394225,4.357004443809418,65.74293461751056,1.314858692350211,3.575,50.0,13.947147282556493
yolov8n,INT8,8,25W,default,train,128,64,22.420778670629847,19.35745615676268,13.965029968446899,21.534720013873844,1.15825026227927,1674.2163939016486,455.11347011440307,12.027972027972027,50.144008544394225,4.357004443809418,69.19482753900829,1.3838965507801657,3.575,50.0,13.947147282556493
yolov8n,INT8,8,25W,default,train,128,64,21.51185487624959,18.572717466014076,13.398896730434865,20.66171646152323,1.1582502622792703,1606.3447494902914,436.663465847966,12.027972027972027,50.144008544394225,4.357004443809418,66.38971420542768,1.3277942841085535,3.575,50.0,13.947147282556493
yolov8n,INT8,8,MAXN,default,inference,128,64,37.12765534617874,16.821700613893388,2.524781394775234,35.36187007739046,2.2071285298891987,6587.385351102725,546.4429278865299,3.3566433566433567,50.50744384657569,4.459158129609317,60.20906429076446,1.2041812858152892,3.575,50.0,13.947147282556493
yolov8n,INT8,8,MAXN,default,inference,128,64,35.58289263173064,16.12180357866017,2.4197333349283174,33.89057602719041,2.2071285298891983,6313.305364601974,523.7071894537546,3.3566433566433567,50.50744384657569,4.459158129609317,57.70395814492878,1.1540791628985756,3.575,50.0,13.947147282556493
yolov8n,INT8,8,MAXN,default,inference,128,64,34.41278950658308,15.591656326562308,2.3401631446538333,32.776122816967025,2.207128529889198,6105.699467757486,506.4856716478738,3.3566433566433567,50.50744384657569,4.459158129609317,55.80642883336979,1.1161285766673958,3.575,50.0,13.947147282556493
yolov8n,INT8,8,MAXN,default,train,128,64,33.929636740220936,29.459082861331275,20.629021257396147,32.74974861429727,1.1517546863197774,2726.8163644613605,613.7406722388224,8.391608391608392,57.16446159590239,6.999369806244997,105.30224292482586,2.1060448584965172,3.575,50.0,13.947147282556493
yolov8n,INT8,8,MAXN,default,train,128,64,34.015336319811084,29.533490702348164,20.681126101979384,32.832468028873286,1.1517546863197778,2733.7037655214735,615.2908602939121,8.391608391608392,57.16446159590239,6.999369806244997,105.56821565001744,2.1113643130003488,3.575,50.0,13.947147282556493
yolov8n,INT8,8,MAXN,default,train,128,64,34.325520617928014,29.802805255005264,20.869716346212073,33.13186580507729,1.1517546863197778,2758.6322852866624,620.9016695431177,8.391608391608392,57.16446159590239,6.999369806244997,106.53088738628914,2.1306177477257826,3.575,50.0,13.947147282556493
yolov8n,INT8,16,7W,default,inference,128,64,7.074897297714898,4.668694665833013,3.012095182158704,6.732836323536197,1.5153908756319487,686.0973637957608,118.54164826264842,2.973977695167286,40.52170118793123,0.6942953762973619,18.846505885973695,0.3769301177194739,4.035,50.0,12.364817244036917
yolov8n,INT8,16,7W,default,inference,128,64,6.969298347781922,4.59901036745756,2.9671370612207695,6.632342928944355,1.5153908756319485,675.8567683326979,116.77231182522715,2.973977695167286,40.52170118793123,0.6942953762973619,18.565205515421706,0.37130411030843413,4.035,50.0,12.364817244036917
yolov8n,INT8,16,7W,default,inference,128,64,6.92513486970191,4.5698670759212465,2.948334724740897,6.590314690670588,1.5153908756319485,671.5739576272288,116.03234186321697,2.973977695167286,40.52170118793123,0.6942953762973619,18.447560380156087,0.3689512076031217,4.035,50.0,12.364817244036917
yolov8n,INT8,16,7W,default,train,128,64,7.021217822384293,6.144023336418644,5.176194855487021,6.633843108962176,1.1427719977504134,347.2660532715574,129.02545130950114,25.030978934324658,41.72407919983568,1.106141694663792,24.789954342252024,0.4957990868450405,4.035,50.0,12.364817244036917
yolov8n,INT8,16,7W,default,train,128,64,7.043044051987218,6.16312271026215,5.192285627806484,6.654465141565179,1.1427719977504132,348.34556807992044,129.42654114835003,25.030978934324658,41.72407919983568,1.106141694663792,24.867016648109427,0.49734033296218855,4.035,50.0,12.364817244036917
yolov8n,INT8,16,7W,default,train,128,64,6.822761056879275,5.97036072839562,5.029888201195696,6.4463356024901275,1.1427719977504134,337.4504771926822,125.37850937115627,25.030978934324658,41.72407919983568,1.106141694663792,24.08925906684042,0.48178518133680837,4.035,50.0,12.364817244036917
yolov8n,INT8,16,15W,default,inference,128,64,15.192524189579817,7.914363336437961,2.7227508595465695,14.462609436142097,1.919614193049868,2429.3185941340726,235.61141253833912,2.973977695167286,42.862409706991166,1.4821565504269851,31.954639980323137,0.6390927996064627,4.035,50.0,12.364817244036917
yolov8n,INT8,16,15W,default,inference,128,64,15.13105915214064,7.882343862076019,2.7117353112787996,14.404097445681002,1.9196141930498682,2419.490197188517,234.65818948520754,2.973977695167286,42.862409706991166,1.4821565504269851,31.82535974234312,0.6365071948468625,4.035,50.0,12.364817244036917
yolov8n,INT8,16,15W,default,inference,128,64,14.772674146693662,7.695647490094326,2.647506808532782,14.062930810244323,1.919614193049868,2362.183633333359,229.10021924193236,2.973977695167286,42.862409706991166,1.4821565504269851,31.07156375159795,0.6214312750319589,4.035,50.0,12.364817244036917
yolov8n,INT8,16,15W,default,train,128,64,14.40182881988044,12.56139778544973,9.453960997705476,13.837803874290579,1.1465148278770807,1010.251560885108,275.58107821925154,15.613382899628252,45.613006006656434,2.307322362462844,50.68052873951012,1.0136105747902024,4.035,50.0,12.364817244036917
yolov8n,INT8,16,15W,default,train,128,64,14.587420742472366,12.72327264138646,9.575791274930493,14.016127381506168,1.1465148278770807,1023.2703609160692,279.13240651070214,15.613382899628252,45.613006006656434,2.307322362462844,51.33363306982665,1.026672661396533,4.035,50.0,12.364817244036917
yolov8n,INT8,16,15W,default,train,128,64,14.280626022993504,12.455683673481934,9.374398427637972,13.72134779407237,1.1465148278770807,1001.7494938025135,273.2618451644061,15.613382899628252,45.613006006656434,2.307322362462844,50.25401194724982,1.0050802389449964,4.035,50.0,12.364817244036917
yolov8n,INT8,16,25W,default,inference,128,64,24.54086544896193,11.743242396733237,2.5648934623144477,23.588045136912243,2.089786161255495,4172.991469578835,360.43040405556934,2.973977695167286,46.048894019574675,2.46297273376295,47.42725111095493,0.9485450222190985,4.035,50.0,12.364817244036917
yolov8n,INT8,16,25W,default,inference,128,64,25.159293602909436,12.03917131300856,2.629528604553828,24.18246228326712,2.0897861612554953,4278.1505731295,369.5132259254912,2.973977695167286,46.048894019574675,2.46297273376295,48.62241463981871,0.9724482927963741,4.035,50.0,12.364817244036917
yolov8n,INT8,16,25W,default,inference,128,64,25.948776027045003,12.41695275245558,2.7120415180649173,24.941292369925556,2.0897861612554953,4412.396181873487,381.10831289248324,2.973977695167286,46.048894019574675,2.46297273376295,50.14815468574471,1.0029630937148941,4.035,50.0,12.364817244036917
yolov8n,INT8,16,25W,default,train,128,64,24.89766876722114,21.376719865015914,15.375128166126398,23.81314943460468,1.1647095028815642,1848.004563990601,485.8081374822595,10.656753407682775,50.290205859465665,3.8824627688979785,86.24788521173463,1.7249577042346926,4.035,50.0,12.364817244036917
yolov8n,INT8,16,25W,default,train,128,64,24.008931232648887,20.613664757820974,14.82630355014125,22.96312448179568,1.1647095028815642,1782.0389093168765,468.4669184943378,10.656753407682775,50.290205859465665,3.8824627688979785,83.1692141288394,1.663384282576788,4.035,50.0,12.364817244036917
yolov8n,INT8,16,25W,default,train,128,64,23.50360356492438,20.17979891704755,14.514247119083617,22.479808418052134,1.1647095028815642,1744.5314685602111,458.6068671228335,10.656753407682775,50.290205859465665,3.8824627688979785,81.4187111766274,1.628374223532548,4.035,50.0,12.364817244036917
yolov8n,INT8,16,MAXN,default,inference,128,64,38.39451378146718,17.58989224945916,2.53516161568891,37.15848078502673,2.1827600326913714,7067.233185588742,527.2316186708831,2.973977695167286,50.54821582917703,3.9503173114730807,71.04871351623142,1.4209742703246284,4.035,50.0,12.364817244036917
yolov8n,INT8,16,MAXN,default,inference,128,64,38.746069378902575,17.750952371584415,2.5583745742243815,37.498718767633434,2.1827600326913714,7131.943612680389,532.0591632451855,2.973977695167286,50.54821582917703,3.9503173114730807,71.69926408888306,1.433985281777661,4.035,50.0,12.364817244036917
yolov8n,INT8,16,MAXN,default,inference,128,64,39.91119154669281,18.28473627377252,2.635306737350141,38.62633220559654,2.1827600326913714,7346.4062855596285,548.0585648776625,2.973977695167286,50.54821582917703,3.9503173114730807,73.85531251762228,1.4771062503524457,4.035,50.0,12.364817244036917
yolov8n,INT8,16,MAXN,default,train,128,64,38.03235237870548,32.636353495950246,22.465772079716757,36.314181922386005,1.1653370644923555,2981.6521659083155,758.3967365885957,9.417596034696405,57.296700257063954,6.21427215122392,131.67436984835223,2.6334873969670447,4.035,50.0,12.364817244036917
yolov8n,INT8,16,MAXN,default,train,128,64,38.055731408039925,32.65641552782652,22.479582110167748,36.336504767840474,1.1653370644923553,2983.4850300119538,758.8629338770347,9.417596034696405,57.296700257063954,6.21427215122392,131.75531196112578,2.6351062392225155,4.035,50.0,12.364817244036917
yolov8n,INT8,16,MAXN,default,train,128,64,37.662262607634716,32.31877175728652,22.2471594532055,35.960811530240534,1.1653370644923555,2952.637947789336,751.0168387629205,9.417596034696405,57.296700257063954,6.21427215122392,130.39305711471366,2.607861142294273,4.035,50.0,12.364817244036917
yolov8n,FP8,1,7W,default,inference,128,64,4.602923292663439,3.2369256049609447,2.255288223593655,4.4290942739427415,1.4220046594858258,409.17176810551433,74.6534989445975,4.809619238476953,40.568780321302626,1.1216995007483193,8.080261362260746,0.16160522724521492,2.495,50.0,20.0
yolov8n,FP8,1,7W,default,inference,128,64,4.599766402055015,3.2347055766457307,2.253741446087347,4.4260566030479165,1.422004659485826,408.89113981131203,74.60229823697753,4.809619238476953,40.568780321302626,1.1216995007483193,8.074719557719096,0.1614943911543819,2.495,50.0,20.0
yolov8n,FP8,1,7W,default,inference,128,64,4.763508788808166,3.3498545571085363,2.333970086250893,4.5836152720628975,1.4220046594858258,423.4468379278529,77.25798926622977,4.809619238476953,40.568780321302626,1.1216995007483193,8.362163253153842,0.16724326506307682,2.495,50.0,20.0
yolov8n,FP8,1,7W,default,train,128,64,4.5180873649584745,4.062715750991447,3.523863160612758,4.362923675741008,1.112085521576522,231.12554309164773,90.23368057002111,50.100200400801604,41.66007652391838,1.7704349160784167,10.136289021344279,0.20272578042688558,2.495,50.0,20.0
yolov8n,FP8,1,7W,default,train,128,64,4.71373039824459,4.238640200586624,3.676454118232236,4.551847782994438,1.1120855215765222,241.13378300994918,94.14099566715879,50.100200400801604,41.66007652391838,1.7704349160784167,10.575212435216507,0.21150424870433013,2.495,50.0,20.0
yolov8n,FP8,1,7W,default,train,128,64,4.459805710367496,4.010308221660108,3.4784066302354186,4.3066435753054835,1.112085521576522,228.14410913928683,89.06969949160228,50.100200400801604,41.66007652391838,1.7704349160784167,10.005534645021646,0.20011069290043293,2.495,50.0,20.0
yolov8n,FP8,1,15W,default,inference,128,64,10.678242605360234,5.713248979425398,2.1733451305910982,10.087132308250865,1.8690315517168627,1569.1611617705523,171.1334283445615,4.809619238476953,42.89051977838777,2.349990321985645,14.269930857105608,0.2853986171421122,2.495,50.0,20.0
yolov8n,FP8,1,15W,default,inference,128,64,10.192004262197319,5.453093744102449,2.074380930724602,9.627810425231749,1.869031551716863,1497.7087372796623,163.34079450645422,4.809619238476953,42.89051977838777,2.349990321985645,13.620143453556135,0.2724028690711227,2.495,50.0,20.0
yolov8n,FP8,1,15W,default,inference,128,64,10.375807853700973,5.551435364571518,2.111790517240187,9.801439290462662,1.8690315517168627,1524.718561633784,166.2864982068249,4.809619238476953,42.89051977838777,2.349990321985645,13.865770439098515,0.2773154087819703,2.495,50.0,20.0
yolov8n,FP8,1,15W,default,train,128,64,10.175198379089478,8.456046360674565,6.480119670002154,9.308048774224135,1.2033044693806256,595.7261250711085,216.21559263683864,16.03206412825651,45.41184724221178,3.7482784763739168,21.09559710759454,0.42191194215189076,2.495,50.0,20.0
yolov8n,FP8,1,15W,default,train,128,64,10.060290003285296,8.360552345046644,6.406939767404194,9.202933107020025,1.2033044693806254,588.998598107436,213.77387291327128,16.03206412825651,45.41184724221178,3.7482784763739168,20.85736481865611,0.4171472963731222,2.495,50.0,20.0
yolov8n,FP8,1,15W,default,train,128,64,9.722054781513018,8.079463700917882,6.191533184452617,8.893522929043856,1.2033044693806256,569.1959809473568,206.58661953485696,16.03206412825651,45.41184724221178,3.7482784763739168,20.15612306392342,0.4031224612784684,2.495,50.0,20.0
yolov8n,FP8,1,25W,default,inference,128,64,16.865901198939714,8.224437874213955,1.980704184543286,16.211058302702575,2.0507056478375625,2810.9276310345167,243.8943388333561,4.809619238476953,45.90520245543774,3.9492791957710627,20.549241838160867,0.41098483676321734,2.495,50.0,20.0
yolov8n,FP8,1,25W,default,inference,128,64,17.54876331304328,8.55742672360033,2.0608984078413592,16.867407312095303,2.050705647837562,2924.7357200348865,253.7690678424474,4.809619238476953,45.90520245543774,3.9492791957710627,21.381234066700316,0.42762468133400633,2.495,50.0,20.0
yolov8n,FP8,1,25W,default,inference,128,64,16.59396357165776,8.091831018828003,1.948768268997546,15.949679045314099,2.050705647837562,2765.6055944929503,239.96190456687216,4.809619238476953,45.90520245543774,3.9492791957710627,20.217915809269876,0.4043583161853975,2.495,50.0,20.0
yolov8n,FP8,1,25W,default,train,128,64,15.410351377558994,13.344781318922617,9.625284424736499,14.833569062962233,1.154784856287412,1048.177118995856,342.4882899933995,13.627254509018035,50.27977401772763,6.21674209883577,33.29206872681842,0.6658413745363684,2.495,50.0,20.0
yolov8n,FP8,1,25W,default,train,128,64,15.929780931001222,13.794587662168382,9.949719414439326,15.33355728292905,1.154784856287412,1083.5075381088968,354.032383646548,13.627254509018035,50.27977401772763,6.21674209883577,34.414229018187356,0.6882845803637472,2.495,50.0,20.0
yolov8n,FP8,1,25W,default,train,128,64,15.86785728706071,13.74096412908916,9.911041991002277,15.27395133193435,1.1547848562874121,1079.295632415571,352.6561578614411,13.627254509018035,50.27977401772763,6.21674209883577,34.280451003697394,0.6856090200739479,2.495,50.0,20.0
yolov8n,FP8,1,MAXN,default,inference,128,64,26.227036312316393,12.09219433019581,1.9482863296773343,25.29955194275011,2.1689228270855696,4591.73502214288,397.7134741584913,4.809619238476953,50.39882213487501,6.416599031473926,30.215710666527823,0.6043142133305565,2.495,50.0,20.0
yolov8n,FP8,1,MAXN,default,inference,128,64,26.51795157669425,12.22632324467119,1.9698970914093294,25.580179374474458,2.1689228270855696,4642.667418469051,402.12498749547944,4.809619238476953,50.39882213487501,6.416599031473926,30.55086906384891,0.6110173812769782,2.495,50.0,20.0
yolov8n,FP8,1,MAXN,default,inference,128,64,26.664141040369973,12.293725118933427,1.9807568366825121,25.721199041573094,2.16892282708557,4668.26174305207,404.341841843469,4.809619238476953,50.39882213487501,6.416599031473926,30.719291392789145,0.6143858278557829,2.495,50.0,20.0
yolov8n,FP8,1,MAXN,default,train,128,64,25.517708939248166,21.685586826116037,15.220526804705843,24.324014723942884,1.1767128620433314,1828.9352140783458,682.9524077314119,16.03206412825651,57.05159983356085,10.041778199728384,54.09279573758326,1.081855914751665,2.495,50.0,20.0
yolov8n,FP8,1,MAXN,default,train,128,64,25.813939568673852,21.937331018757302,15.397219243916703,24.606387965560618,1.1767128620433314,1850.1670037713434,690.8806830358965,16.03206412825651,57.05159983356085,10.041778199728384,54.720749562391305,1.094414991247826,2.495,50.0,20.0
yolov8n,FP8,1,MAXN,default,train,128,64,26.093826979341816,22.175186335628695,15.56416345691457,24.87318250868916,1.1767128620433314,1870.2274230890241,698.3715507099681,16.03206412825651,57.05159983356085,10.041778199728384,55.31405880386074,1.1062811760772149,2.495,50.0,20.0
yolov8n,FP8,2,7W,default,inference,128,64,5.148296991790899,3.649045762554074,2.504504156925112,5.016936991296985,1.4108611748917765,509.78737038825335,83.70040228082749,4.66786355475763,40.60624791811542,0.9879282590460381,10.166931431889175,0.20333862863778351,2.785,50.0,17.905223175104137
yolov8n,FP8,2,7W,default,inference,128,64,5.143665792524134,3.6457632289149147,2.5022512065157514,5.012423958161453,1.4108611748917768,509.3287863361457,83.62510879207025,4.66786355475763,40.60624791811542,0.9879282590460381,10.15778567253075,0.203155713450615,2.785,50.0,17.905223175104137
yolov8n,FP8,2,7W,default,inference,128,64,5.2804161585884195,3.74269010485278,2.5687764790117145,5.145685106687904,1.4108611748917765,522.8698873306499,85.84838003494556,4.66786355475763,40.60624791811542,0.9879282590460381,10.427842275185622,0.20855684550371245,2.785,50.0,17.905223175104137
yolov8n,FP8,2,7W,default,train,128,64,5.374671629985254,4.602236419312011,3.9452196505231796,4.942843344172923,1.1678390982766407,223.7206332860923,105.75752870928918,24.057450628366247,41.74482119565714,1.5867083982067702,12.816002493966014,0.2563200498793203,2.785,50.0,17.905223175104137
yolov8n,FP8,2,7W,default,train,128,64,4.953058425921078,4.241216476850466,3.6357390325233436,4.555104676028512,1.1678390982766405,206.1709894178446,97.46143666819185,24.057450628366247,41.74482119565714,1.5867083982067702,11.810658121924758,0.23621316243849516,2.785,50.0,17.905223175104137
yolov8n,FP8,2,7W,default,train,128,64,5.221256925835503,4.470870116902594,3.832607244192328,4.801754752811494,1.1678390982766402,217.33474831847897,102.73878429185794,24.057450628366247,41.74482119565714,1.5867083982067702,12.45018233482828,0.2490036466965656,2.785,50.0,17.905223175104137
yolov8n,FP8,2,15W,default,inference,128,64,10.746110158206212,5.824229010857895,2.2174141765879343,10.30639298831395,1.845069989207608,1614.626547488054,171.0495951762536,4.308797127468582,43.07017101967725,2.167470452459922,16.234834967357944,0.3246966993471589,2.785,50.0,17.905223175104137
yolov8n,FP8,2,15W,default,inference,128,64,10.943044612424174,5.930964503478713,2.258050764545117,10.495269134959392,1.8450699892076077,1644.2163798286956,174.18426978635094,4.308797127468582,43.07017101967725,2.167470452459922,16.53235642549913,0.3306471285099826,2.785,50.0,17.905223175104137
yolov8n,FP8,2,15W,default,inference,128,64,11.267093830542859,6.106594273630605,2.3249169439895816,10.8060586709234,1.8450699892076077,1692.9054833800517,179.34227456764893,4.308797127468582,43.07017101967725,2.167470452459922,17.021918276253167,0.34043836552506335,2.785,50.0,17.905223175104137
yolov8n,FP8,2,15W,default,train,128,64,10.466835748279511,9.172328184440197,6.948170498202726,10.077911193549474,1.1411318410995475,652.4457462300688,221.73903731243922,16.51705565529623,45.38120727786411,3.423713773049015,25.544973892467752,0.5108994778493551,2.785,50.0,17.905223175104137
yolov8n,FP8,2,15W,default,train,128,64,10.419081640205862,9.130480164471152,6.916470021299776,10.031931522914773,1.1411318410995472,649.469014252328,220.72737053877196,16.51705565529623,45.38120727786411,3.423713773049015,25.428426974818837,0.5085685394963767,2.785,50.0,17.905223175104137
yolov8n,FP8,2,15W,default,train,128,64,10.785925814159325,9.45195412632291,7.159991170212424,10.385144575635287,1.1411318410995472,672.336089515696,228.4989335911,16.51705565529623,45.38120727786411,3.423713773049015,26.32373335695878,0.5264746671391756,2.785,50.0,17.905223175104137
yolov8n,FP8,2,25W,default,inference,128,64,18.281554430897415,8.772823107892464,2.095036792922328,17.378276134444512,2.0838849941531854,3070.092980114543,288.64984919356925,4.308797127468582,45.87151348503566,3.5482604940234412,24.46342265850698,0.48926845317013956,2.785,50.0,17.905223175104137
yolov8n,FP8,2,25W,default,inference,128,64,18.81306647553527,9.027881350611775,2.1559472200748298,17.88352655586868,2.0838849941531854,3159.35187783339,297.0419622444152,4.308797127468582,45.87151348503566,3.5482604940234412,25.174664355443177,0.5034932871088635,2.785,50.0,17.905223175104137
yolov8n,FP8,2,25W,default,inference,128,64,19.055296418340884,9.144120943240562,2.183706382702026,18.1137880935305,2.083884994153186,3200.030500091254,300.8665624295521,4.308797127468582,45.87151348503566,3.5482604940234412,25.49880383131754,0.5099760766263508,2.785,50.0,17.905223175104137
yolov8n,FP8,2,25W,default,train,128,64,17.52579893966225,15.09013680798105,10.905098881637837,16.72336673949961,1.1614075579747558,1209.8287358375742,375.8207293055649,13.285457809694792,50.29666701576041,5.606418919082837,42.023281428166925,0.8404656285633385,2.785,50.0,17.905223175104137
yolov8n,FP8,2,25W,default,train,128,64,17.10979359414308,14.731946142987795,10.646247376847956,16.326408519069215,1.161407557974756,1181.1113448071353,366.89997009302976,13.285457809694792,50.29666701576041,5.606418919082837,41.025785692277196,0.8205157138455439,2.785,50.0,17.905223175104137
yolov8n,FP8,2,25W,default,train,128,64,17.509436946357923,15.076048735975688,10.894917938931679,16.70775389265825,1.1614075579747556,1208.6992461211103,375.4698650580807,13.285457809694792,50.29666701576041,5.606418919082837,41.98404871462727,0.8396809742925454,2.785,50.0,17.905223175104137
yolov8n,FP8,2,MAXN,default,inference,128,64,29.759470793844102,13.772035340332318,2.1948845259759673,28.887805115084383,2.1608622152378247,5436.71243020916,445.9024772020142,4.308797127468582,50.66405221460262,5.706988122173217,38.40411286354934,0.7680822572709868,2.785,50.0,17.905223175104137
yolov8n,FP8,2,MAXN,default,inference,128,64,29.495738832164637,13.649985928842915,2.1754331988436557,28.631797958089127,2.1608622152378247,5388.531639487478,441.95083653458175,4.308797127468582,50.66405221460262,5.706988122173217,38.06377105800357,0.7612754211600713,2.785,50.0,17.905223175104137
yolov8n,FP8,2,MAXN,default,inference,128,64,29.472568214509714,13.639263071322649,2.173724269592178,28.609306016217975,2.1608622152378247,5384.298634610047,441.6036584586606,4.308797127468582,50.66405221460262,5.706988122173217,38.0338697529131,0.7606773950582619,2.785,50.0,17.905223175104137
yolov8n,FP8,2,MAXN,default,train,128,64,28.096179480069427,24.084583867583525,16.743655997997077,26.889914137510193,1.1665627952943494,2606.497731797426,681.6373961570895,16.51705565529623,57.457436095869724,9.038002217213768,67.06723168407554,1.3413446336815107,2.785,50.0,17.905223175104137
yolov8n,FP8,2,MAXN,default,train,128,64,27.999976131045766,24.00211651185117,16.686324509812,26.797841128195092,1.1665627952943496,2597.5728951946644,679.3034204513677,16.51705565529623,57.457436095869724,9.038002217213768,66.83758863590485,1.336751772718097,2.785,50.0,17.905223175104137
yolov8n,FP8,2,MAXN,default,train,128,64,27.231241920954677,23.34314280448455,16.228204530304186,26.06211131416185,1.1665627952943494,2526.2570076954808,660.6532696123513,16.51705565529623,57.457436095869724,9.038002217213768,65.00257489646647,1.3000514979293294,2.785,50.0,17.905223175104137
yolov8n,FP8,4,7W,default,inference,128,64,5.7253304905990445,3.9360230668939256,2.6790981040344555,5.494372342355866,1.4545977991732486,533.5573402581288,88.13711406561056,3.803486529318542,40.52338387181771,0.8849600479370483,12.423059743581621,0.24846119487163243,3.1550000000000002,50.0,15.817959093978228
yolov8n,FP8,4,7W,default,inference,128,64,5.810585548148865,3.9946338097386334,2.7189921614021677,5.576188235956564,1.4545977991732484,541.5024644434536,89.44955091869294,3.803486529318542,40.52338387181771,0.8849600479370483,12.60804970619129,0.2521609941238258,3.1550000000000002,50.0,15.817959093978228
yolov8n,FP8,4,7W,default,inference,128,64,5.402094585537515,3.7138063790608724,2.5278438311452067,5.18417567864491,1.4545977991732484,503.434207617359,83.16114283018793,3.803486529318542,40.52338387181771,0.8849600479370483,11.721689060012594,0.23443378120025188,3.1550000000000002,50.0,15.817959093978228
yolov8n,FP8,4,7W,default,train,128,64,5.699010207180226,5.058968356441924,4.311620915829519,5.466302427564418,1.1265162787435297,303.53760244361916,114.05389090675979,36.133122028526145,41.774594858189985,1.3974226024872287,15.959671328315226,0.3191934265663045,3.1550000000000002,50.0,15.817959093978228
yolov8n,FP8,4,7W,default,train,128,64,5.651880331208332,5.017131521181575,4.275964520839237,5.421097006610548,1.1265162787435297,301.0273964541735,113.1106840099244,36.133122028526145,41.774594858189985,1.3974226024872287,15.82768747446846,0.3165537494893692,3.1550000000000002,50.0,15.817959093978228
yolov8n,FP8,4,7W,default,train,128,64,5.492262775280111,4.875440221250916,4.155204885805311,5.267997117027436,1.1265162787435294,292.52593243269854,109.91626907666029,36.133122028526145,41.774594858189985,1.3974226024872287,15.380689901515563,0.30761379803031125,3.1550000000000002,50.0,15.817959093978228
yolov8n,FP8,4,15W,default,inference,128,64,12.21488663387284,6.508267858610114,2.37545932724705,11.656603691288847,1.8768260463823956,1815.685885675116,181.82130021237765,3.803486529318542,42.970774093634155,1.862657131652759,20.552491340149214,0.4110498268029843,3.1550000000000002,50.0,15.817959093978228
yolov8n,FP8,4,15W,default,inference,128,64,12.34942861294546,6.579953766492707,2.4016240399188864,11.784996412146539,1.8768260463823954,1835.6849228954475,183.82398744979275,3.803486529318542,42.970774093634155,1.862657131652759,20.778868624086382,0.41557737248172766,3.1550000000000002,50.0,15.817959093978228
yolov8n,FP8,4,15W,default,inference,128,64,12.502512891937595,6.661519279336695,2.4313947196874843,11.931083954754559,1.8768260463823956,1858.4401864534398,186.10268093936133,3.803486529318542,42.970774093634155,1.862657131652759,21.036444761516428,0.4207288952303286,3.1550000000000002,50.0,15.817959093978228
yolov8n,FP8,4,15W,default,train,128,64,11.647169463121024,10.103588825881468,7.620490257417574,11.141373668236644,1.1527754804595276,783.099785880623,236.77878051930236,16.798732171156892,45.63492115752678,2.995863392230316,31.874735269521707,0.6374947053904342,3.1550000000000002,50.0,15.817959093978228
yolov8n,FP8,4,15W,default,train,128,64,12.008847703155194,10.417334430437522,7.857128482114767,11.48734548848447,1.1527754804595276,807.4172952313061,244.13144529221705,16.798732171156892,45.63492115752678,2.995863392230316,32.86453782973503,0.6572907565947006,3.1550000000000002,50.0,15.817959093978228
yolov8n,FP8,4,15W,default,train,128,64,11.831913361092033,10.263848912171092,7.741364181254873,11.318094785477951,1.1527754804595278,795.5210790885504,240.53449430096066,16.798732171156892,45.63492115752678,2.995863392230316,32.38032273084704,0.6476064546169408,3.1550000000000002,50.0,15.817959093978228
yolov8n,FP8,4,25W,default,inference,128,64,20.600817252036293,9.810248834111713,2.2835030867671344,19.353658146840488,2.0999281058401036,3400.7538330600555,309.8906118371991,3.803486529318542,45.84467190783198,3.1501673563472603,30.98651870027921,0.6197303740055842,3.1550000000000002,50.0,15.817959093978228
yolov8n,FP8,4,25W,default,inference,128,64,20.73283977856955,9.873118856264414,2.298137158958211,19.47768812171705,2.0999281058401045,3422.5479253849044,311.87657875410105,3.803486529318542,45.84467190783198,3.1501673563472603,31.185099098194073,0.6237019819638815,3.1550000000000002,50.0,15.817959093978228
yolov8n,FP8,4,25W,default,inference,128,64,21.025342439957125,10.012410606574392,2.330559694530198,19.75248287603568,2.0999281058401036,3470.833851847155,316.27659005425704,3.803486529318542,45.84467190783198,3.1501673563472603,31.625064128516925,0.6325012825703386,3.1550000000000002,50.0,15.817959093978228
yolov8n,FP8,4,25W,default,train,128,64,20.024154850549436,16.928194667311047,12.177639734850374,18.805867013602082,1.182887794244049,1513.5459935493457,397.6341273726672,11.09350237717908,50.291727657076116,4.968107238465167,53.405433653190926,1.0681086730638185,3.1550000000000002,50.0,15.817959093978228
yolov8n,FP8,4,25W,default,train,128,64,20.005066140650392,16.91205728725528,12.166030983625237,18.787939678216297,1.182887794244049,1512.1031541084135,397.255069052352,11.09350237717908,50.291727657076116,4.968107238465167,53.354523098530976,1.0670904619706194,3.1550000000000002,50.0,15.817959093978228
yolov8n,FP8,4,25W,default,train,128,64,19.698118246586375,16.652566999539378,11.979361388869279,18.499666773868736,1.182887794244049,1488.90218713845,391.15978268865996,11.09350237717908,50.291727657076116,4.968107238465167,52.53587754201337,1.0507175508402673,3.1550000000000002,50.0,15.817959093978228
yolov8n,FP8,4,MAXN,default,inference,128,64,33.09870830070976,14.97117206854988,2.326936570205958,31.512155005153,2.2108294627272778,6009.8109093036455,503.08946084814716,3.803486529318542,50.3432477937004,5.067482519849751,47.29424114060263,0.9458848228120526,3.1550000000000002,50.0,15.817959093978228
yolov8n,FP8,4,MAXN,default,inference,128,64,32.983474737291274,14.919049747330074,2.3188353116795684,31.402445046708443,2.2108294627272778,5988.887678092975,501.3379486512023,3.803486529318542,50.3432477937004,5.067482519849751,47.129585653557896,0.942591713071158,3.1550000000000002,50.0,15.817959093978228
yolov8n,FP8,4,MAXN,default,inference,128,64,33.542555477443145,15.171932545201868,2.3581403325322796,31.934726813839628,2.2108294627272778,6090.401293090277,509.8357916962601,3.803486529318542,50.3432477937004,5.067482519849751,47.92844762429053,0.9585689524858105,3.1550000000000002,50.0,15.817959093978228
yolov8n,FP8,4,MAXN,default,train,128,64,30.477517863097255,25.957534215510083,18.018129590767753,28.923105367284705,1.1741299312199847,2702.6595622068216,684.8993897232599,12.36133122028526,57.30450368849389,7.951953909793325,81.88806694978034,1.6377613389956067,3.1550000000000002,50.0,15.817959093978228
yolov8n,FP8,4,MAXN,default,train,128,64,31.465637082350028,26.79910991593199,18.602299870762316,29.860828590752703,1.1741299312199844,2790.2831629380166,707.1046839102739,12.36133122028526,57.30450368849389,7.951953909793325,84.54298042219634,1.6908596084439267,3.1550000000000002,50.0,15.817959093978228
yolov8n,FP8,4,MAXN,default,train,128,64,29.93892696507954,25.498819312076797,17.699717814569883,28.411983649197268,1.1741299312199844,2654.8988538977105,672.7960229392647,12.36133122028526,57.30450368849389,7.951953909793325,80.44096198166812,1.6088192396333625,3.1550000000000002,50.0,15.817959093978228
yolov8n,FP8,8,7W,default,inference,128,64,6.453687041194127,4.371582405002029,2.9060777758412817,6.197159180731102,1.4762816855081407,653.0716453463668,108.63691915665564,3.3566433566433567,40.55575167157117,0.7691077868412456,15.634302806355333,0.31268605612710665,3.575,50.0,13.947147282556493
yolov8n,FP8,8,7W,default,inference,128,64,6.42876568355728,4.354701238025912,2.8948557560702657,6.1732284231208165,1.4762816855081407,650.5497641438428,108.21741020036661,3.3566433566433567,40.55575167157117,0.7691077868412456,15.573929867730804,0.3114785973546161,3.575,50.0,13.947147282556493
yolov8n,FP8,8,7W,default,inference,128,64,6.395943124921139,4.332467975256116,2.880075846912928,6.141710529661047,1.4762816855081404,647.2283321877906,107.66489787271433,3.3566433566433567,40.55575167157117,0.7691077868412456,15.494415968571877,0.3098883193714375,3.575,50.0,13.947147282556493
yolov8n,FP8,8,7W,default,train,128,64,5.943825213691559,5.2754498968673635,4.4770163307178725,5.712249406273896,1.1266954155362343,369.74104385781806,111.8082069950103,31.608391608391607,41.657383034088014,1.2303605914222988,18.857899921498223,0.37715799842996445,3.575,50.0,13.947147282556493
yolov8n,FP8,8,7W,default,train,128,64,6.403181590375237,5.683152253999131,4.823013382464108,6.153708920247356,1.126695415536234,398.3157243222663,120.44907562796058,31.608391608391607,41.657383034088014,1.2303605914222988,20.31529415305282,0.4063058830610564,3.575,50.0,13.947147282556493
yolov8n,FP8,8,7W,default,train,128,64,6.320195341095528,5.609497699151924,4.760506363853522,6.073955876351485,1.1266954155362343,393.15348934203087,118.88803649850705,31.608391608391607,41.657383034088014,1.2303605914222988,20.052004717796137,0.40104009435592275,3.575,50.0,13.947147282556493
yolov8n,FP8,8,15W,default,inference,128,64,13.541299211223084,7.276849922563814,2.622209009245634,13.126154672044795,1.8608737785335758,2091.106528588749,213.96942378127562,3.3566433566433567,43.10679124845938,1.6789767525688746,26.035756468587046,0.5207151293717409,3.575,50.0,13.947147282556493
yolov8n,FP8,8,15W,default,inference,128,64,13.658577315039706,7.339873059957388,2.6449193633717956,13.239837303698428,1.860873778533576,2109.2171252697667,215.8225641560933,3.3566433566433567,43.10679124845938,1.6789767525688746,26.2612462168334,0.525224924336668,3.575,50.0,13.947147282556493
yolov8n,FP8,8,15W,default,inference,128,64,13.280130971639505,7.136502821865029,2.5716350059626043,12.87299323939892,1.8608737785335763,2050.7757890980643,209.8426397214897,3.3566433566433567,43.10679124845938,1.6789767525688746,25.53361021385456,0.5106722042770911,3.575,50.0,13.947147282556493
yolov8n,FP8,8,15W,default,train,128,64,13.406539630264056,11.416309307372147,8.648584811373468,12.60485825720328,1.174332200478022,874.0982234467411,281.98068239314614,15.384615384615383,45.5278204937364,2.622282430045142,40.81119600440116,0.8162239200880232,3.575,50.0,13.947147282556493
yolov8n,FP8,8,15W,default,train,128,64,13.68464154400371,11.653126379769933,8.827988897253555,12.866330292524918,1.174332200478022,892.2302989443006,287.83001932675165,15.384615384615383,45.5278204937364,2.622282430045142,41.65777327369198,0.8331554654738396,3.575,50.0,13.947147282556493
yolov8n,FP8,8,15W,default,train,128,64,12.957898932374698,11.034270308776408,8.359165823883892,12.183045279263595,1.1743322004780217,844.8471230281259,272.54439132706085,15.384615384615383,45.5278204937364,2.622282430045142,39.44547718641611,0.7889095437283222,3.575,50.0,13.947147282556493
yolov8n,FP8,8,25W,default,inference,128,64,24.071474889007703,11.575281398662622,2.6135607711600137,23.13220568671504,2.07955850574733,4094.902189664548,369.12558752272815,3.3566433566433567,45.96524525274723,2.785264164330773,41.42267787932264,0.8284535575864528,3.575,50.0,13.947147282556493
yolov8n,FP8,8,25W,default,inference,128,64,22.641749586557435,10.887767535263782,2.4583283235742917,21.758268280541262,2.0795585057473294,3851.6854653625437,347.2013724633483,3.3566433566433567,45.96524525274723,2.785264164330773,38.96237783819974,0.7792475567639948,3.575,50.0,13.947147282556493
yolov8n,FP8,8,25W,default,inference,128,64,23.219332802617128,11.165510726649558,2.5210394304979227,22.313314193460727,2.079558505747329,3949.9406319886816,356.05835962156584,3.3566433566433567,45.96524525274723,2.785264164330773,39.95629464710576,0.7991258929421151,3.575,50.0,13.947147282556493
yolov8n,FP8,8,25W,default,train,128,64,21.39247041537241,18.168601400682142,13.06980051919972,20.22133136375615,1.1774417823140326,1492.7055646192014,421.2920093079979,10.34965034965035,50.21634887053728,4.378519148357871,64.94615124801751,1.2989230249603503,3.575,50.0,13.947147282556493
yolov8n,FP8,8,25W,default,train,128,64,21.921700293737736,18.618075749490473,13.393135262907707,20.721588348117127,1.1774417823140328,1529.6337159294387,431.7143829054918,10.34965034965035,50.21634887053728,4.378519148357871,66.552858797819,1.33105717595638,3.575,50.0,13.947147282556493
yolov8n,FP8,8,25W,default,train,128,64,21.19764831806997,18.003139209490357,12.950773314812643,20.037174877383094,1.1774417823140326,1479.1114343898491,417.45528586108054,10.34965034965035,50.21634887053728,4.378519148357871,64.35468400967704,1.2870936801935409,3.575,50.0,13.947147282556493
yolov8n,FP8,8,MAXN,default,inference,128,64,36.29417331097818,16.348475035905775,2.4473138969254777,34.68352711339847,2.220034176353827,6230.695443837559,551.8567413407384,3.3566433566433567,50.38420851705499,4.450399139488757,58.51504482021559,1.1703008964043118,3.575,50.0,13.947147282556493
yolov8n,FP8,8,MAXN,default,inference,128,64,36.610778520254684,16.491087799550925,2.4686625669134235,34.986082161728035,2.220034176353827,6285.047711845759,556.6707570116781,3.3566433566433567,50.38420851705499,4.450399139488757,59.025489509295326,1.1805097901859065,3.575,50.0,13.947147282556493
yolov8n,FP8,8,MAXN,default,inference,128,64,36.2965068619212,16.34952616879728,2.447471248123509,34.685757107086694,2.2200341763538267,6231.096049331562,551.8922232294747,3.3566433566433567,50.38420851705499,4.450399139488757,58.51880707254328,1.1703761414508655,3.575,50.0,13.947147282556493
yolov8n,FP8,8,MAXN,default,train,128,64,33.6542849262368,29.2131012218504,20.45750919459636,32.5070613649257,1.1520271220319651,2677.723738828128,698.2725677486735,12.307692307692307,57.24772223730432,7.022993438034638,104.42802742619604,2.0885605485239207,3.575,50.0,13.947147282556493
yolov8n,FP8,8,MAXN,default,train,128,64,34.47766366527219,29.927822883596612,20.9580183618947,33.302372370792064,1.1520271220319651,2743.2363711836774,715.3563592360305,12.307692307692307,57.24772223730432,7.022993438034638,106.98294183696405,2.139658836739281,3.575,50.0,13.947147282556493
yolov8n,FP8,8,MAXN,default,train,128,64,32.95381791186854,28.605071253655943,20.03171466595438,31.83047220933727,1.1520271220319647,2621.9906529298246,683.7389978981121,12.307692307692307,57.24772223730432,7.022993438034638,102.2545036461508,2.0450900729230157,3.575,50.0,13.947147282556493
yolov8n,FP8,16,7W,default,inference,128,64,6.928147499968994,4.598368287832193,2.941868609138074,6.609864338187136,1.5066534619033587,722.4569475690678,119.61013699896952,2.973977695167286,40.50317533601935,0.7013245175805218,18.561072423278993,0.37122144846557986,4.035,50.0,12.364817244036917
yolov8n,FP8,16,7W,default,inference,128,64,7.104574519717619,4.715466893589714,3.0167840336732166,6.778186197116134,1.5066534619033585,740.8544955653927,122.6560392408816,2.973977695167286,40.50317533601935,0.7013245175805218,19.033734803950328,0.38067469607900656,4.035,50.0,12.364817244036917
yolov8n,FP8,16,7W,default,inference,128,64,7.017802916949245,4.657874617089214,2.979938592038202,6.695400932698974,1.5066534619033587,731.8060815020382,121.15798174502261,2.973977695167286,40.50317533601935,0.7013245175805218,18.80126660039736,0.3760253320079472,4.035,50.0,12.364817244036917
yolov8n,FP8,16,7W,default,train,128,64,6.752912209608686,5.962475757009029,5.048538000935339,6.446493753847212,1.1325684975189174,317.7873450795419,113.50110414757643,26.270136307311027,41.78146197695156,1.077845933960288,24.05825073628825,0.481165014725765,4.035,50.0,12.364817244036917
yolov8n,FP8,16,7W,default,train,128,64,6.909451433482113,6.100691877461216,5.165568134873317,6.595929893043017,1.1325684975189174,325.1539719231078,116.13217267039207,26.270136307311027,41.78146197695156,1.077845933960288,24.615944925271215,0.4923188985054243,4.035,50.0,12.364817244036917
yolov8n,FP8,16,7W,default,train,128,64,6.8134700965656485,6.015945270852671,5.093811622754906,6.504303781268975,1.1325684975189176,320.63715706025977,114.51894457273099,26.270136307311027,41.78146197695156,1.077845933960288,24.273997185116265,0.4854799437023253,4.035,50.0,12.364817244036917
yolov8n,FP8,16,15W,default,inference,128,64,15.308494337614293,8.058436126853783,2.7942729130288306,14.699822452678845,1.89968550927649,2355.17718495535,245.56804165345216,2.973977695167286,42.98100816094706,1.479298083588152,32.53896151270494,0.6507792302540988,4.035,50.0,12.364817244036917
yolov8n,FP8,16,15W,default,inference,128,64,15.194173551424429,7.998257331136483,2.7734058395465224,14.590047106875401,1.89968550927649,2337.589190900378,243.73418843668279,2.973977695167286,42.98100816094706,1.479298083588152,32.295967030040885,0.6459193406008177,4.035,50.0,12.364817244036917
yolov8n,FP8,16,15W,default,inference,128,64,15.145071050601262,7.972409631302279,2.764443116956945,14.542896941211522,1.8996855092764897,2330.0348823503323,242.94652083845236,2.973977695167286,42.98100816094706,1.479298083588152,32.19159723708634,0.6438319447417268,4.035,50.0,12.364817244036917
yolov8n,FP8,16,15W,default,train,128,64,14.396206826657926,12.488636526498926,9.35014582520427,13.721558740269892,1.1527444806413762,969.7751678390749,271.35002487405586,11.648079306071871,45.410380925037124,2.304746483470063,50.38906591452981,1.0077813182905961,4.035,50.0,12.364817244036917
yolov8n,FP8,16,15W,default,train,128,64,14.710899863259325,12.761631142292973,9.554534788062934,14.021504346697556,1.152744480641376,990.9739110957216,277.2815847868629,11.648079306071871,45.410380925037124,2.304746483470063,51.490542737910005,1.0298108547582001,4.035,50.0,12.364817244036917
yolov8n,FP8,16,15W,default,train,128,64,14.794761106776306,12.83438034641002,9.609001555969794,14.10143560864772,1.1527444806413762,996.6230763575236,278.8622616129394,11.648079306071871,45.410380925037124,2.304746483470063,51.784070733036245,1.035681414660725,4.035,50.0,12.364817244036917
yolov8n,FP8,16,25W,default,inference,128,64,25.22068709774474,12.026074463163702,2.6315728935254383,24.1902092498298,2.0971670493972585,4443.079527427617,425.2236822691744,2.973977695167286,45.906690424561475,2.4721210310602273,48.569387306118884,0.9713877461223777,4.035,50.0,12.364817244036917
yolov8n,FP8,16,25W,default,inference,128,64,24.780258011219498,11.816063016220637,2.585617712323272,23.76777540726769,2.097167049397258,4365.489989520105,417.79799726603017,2.973977695167286,45.906690424561475,2.4721210310602273,47.72121965702112,0.9544243931404225,4.035,50.0,12.364817244036917
yolov8n,FP8,16,25W,default,inference,128,64,24.53669407791989,11.699923515855314,2.560203803406849,23.534163115525008,2.0971670493972585,4322.581803812508,413.6914813656418,2.973977695167286,45.906690424561475,2.4721210310602273,47.252170143644136,0.9450434028728827,4.035,50.0,12.364817244036917
yolov8n,FP8,16,25W,default,train,128,64,22.932663306706853,19.613748880407478,14.030275670028892,21.783090197200316,1.1692136697852138,1714.8232976987686,436.2332184836819,9.66542750929368,50.190036017426436,3.890761094547392,79.13560714821054,1.5827121429642108,4.035,50.0,12.364817244036917
yolov8n,FP8,16,25W,default,train,128,64,23.440427818532445,20.048027511377356,14.340927598289102,22.265401388539324,1.1692136697852138,1752.7921285745313,445.89209430909386,9.66542750929368,50.190036017426436,3.890761094547392,80.88779146253225,1.6177558292506449,4.035,50.0,12.364817244036917
yolov8n,FP8,16,25W,default,train,128,64,23.595805610153462,20.180918355571443,14.435988220785823,22.41299037130404,1.1692136697852136,1764.4107292339133,448.84774552209126,9.66542750929368,50.190036017426436,3.890761094547392,81.42396625011925,1.628479325002385,4.035,50.0,12.364817244036917
yolov8n,FP8,16,MAXN,default,inference,128,64,41.02476347719883,18.181515755039804,2.6372261230193397,38.67883211900755,2.256399523006052,7023.616267011137,605.3700305429734,2.973977695167286,50.45401357195915,3.9490085876829952,73.43647049315172,1.4687294098630344,4.035,50.0,12.364817244036917
yolov8n,FP8,16,MAXN,default,inference,128,64,39.52331784908178,17.516099186383215,2.540707549914971,37.26324410670776,2.256399523006052,6766.562306333538,583.2143833505901,2.973977695167286,50.45401357195915,3.9490085876829952,70.74880435639089,1.4149760871278179,4.035,50.0,12.364817244036917
yolov8n,FP8,16,MAXN,default,inference,128,64,42.2422026908812,18.721065245841174,2.7154876954302503,39.82665414087707,2.256399523006052,7232.047105864583,623.3348194047235,2.973977695167286,50.45401357195915,3.9490085876829952,75.61575030648888,1.5123150061297777,4.035,50.0,12.364817244036917
yolov8n,FP8,16,MAXN,default,train,128,64,38.454933283161886,33.18103980433151,23.0110803704746,36.99241042716262,1.1589429840032293,2919.0753508856424,731.5313636475125,9.417596034696405,57.210671078860436,6.224104505158852,133.87228010834517,2.6774456021669035,4.035,50.0,12.364817244036917
yolov8n,FP8,16,MAXN,default,train,128,64,38.591703582679095,33.29905277080616,23.092922466813963,37.12397906145802,1.1589429840032293,2929.4574469125455,734.1331563219542,9.417596034696405,57.210671078860436,6.224104505158852,134.34841542530557,2.6869683085061116,4.035,50.0,12.364817244036917
yolov8n,FP8,16,MAXN,default,train,128,64,37.267743645637196,32.156667031976575,22.300676949334427,35.85037213514931,1.1589429840032293,2828.9569782387025,708.947357375764,9.417596034696405,57.210671078860436,6.224104505158852,129.73934396394623,2.5947868792789244,4.035,50.0,12.364817244036917
yolov8n,INT4,1,7W,default,inference,128,64,4.404850255961865,3.1957908543247657,2.36267742344067,4.199229092852742,1.3783287007035883,340.03406809085016,74.12871465665846,5.210420841683367,40.48719443465206,1.1226752199278054,7.976161366606726,0.1595232273321345,2.495,50.0,20.0
yolov8n,INT4,1,7W,default,inference,128,64,4.300404215699947,3.1200135450308344,2.3066545652378045,4.0996586590320945,1.3783287007035885,331.9713168274738,72.37100434514122,5.210420841683367,40.48719443465206,1.1226752199278054,7.787033831543621,0.1557406766308724,2.495,50.0,20.0
yolov8n,INT4,1,7W,default,inference,128,64,4.519329395760492,3.278847341315271,2.4240818443267247,4.308364274852745,1.378328700703588,348.87132823711323,76.05527083794661,5.210420841683367,40.48719443465206,1.1226752199278054,8.183456516063469,0.16366913032126937,2.495,50.0,20.0
yolov8n,INT4,1,7W,default,train,128,64,4.152326892284182,3.7194829461447245,3.2864795403568823,3.9913599859674758,1.1163720744003152,145.34347606978062,79.70262549420401,42.48496993987976,41.85980981128663,1.7640347339090552,9.27910295528128,0.18558205910562559,2.495,50.0,20.0
yolov8n,INT4,1,7W,default,train,128,64,4.211853771181244,3.772804665902932,3.333593814996488,4.0485792773871285,1.116372074400315,147.42708936009276,80.84522545288922,42.48496993987976,41.85980981128663,1.7640347339090552,9.412126210005946,0.18824252420011892,2.495,50.0,20.0
yolov8n,INT4,1,7W,default,train,128,64,4.376718025763952,3.920483256547784,3.464080410507325,4.207052491545802,1.1163720744003152,153.1978161025441,84.00974363299767,42.48496993987976,41.85980981128663,1.7640347339090552,9.780544311856573,0.19561088623713146,2.495,50.0,20.0
yolov8n,INT4,1,15W,default,inference,128,64,9.750805050993463,5.442973948462896,2.2252793417957166,9.44959012380299,1.7914480472108645,1344.5052544577497,159.79894635269613,4.809619238476953,43.0350583571064,2.38723190047647,13.595873515906352,0.271917470318127,2.495,50.0,20.0
yolov8n,INT4,1,15W,default,inference,128,64,9.271243808043764,5.175279195217701,2.1158363038638774,8.9848431453292,1.7914480472108643,1278.380190157088,151.93976129728952,4.809619238476953,43.0350583571064,2.38723190047647,12.92720523998685,0.258544104799737,2.495,50.0,20.0
yolov8n,INT4,1,15W,default,inference,128,64,9.211332940782743,5.141836490945981,2.102163749180669,8.926783001923859,1.7914480472108647,1270.1192849897384,150.9579250885539,4.809619238476953,43.0350583571064,2.38723190047647,12.843669514551943,0.25687339029103884,2.495,50.0,20.0
yolov8n,INT4,1,15W,default,train,128,64,8.511020678885087,7.388353937253596,5.680910185264365,8.107458671302398,1.1519508609313875,584.9575890151078,183.48592212919058,18.036072144288575,45.43065386965748,3.745129168640704,18.43199109496962,0.36863982189939243,2.495,50.0,20.0
yolov8n,INT4,1,15W,default,train,128,64,9.266838251232748,8.044473566988982,6.185400998640473,8.827438091168581,1.1519508609313875,636.9044989729927,199.7803114223234,18.036072144288575,45.43065386965748,3.745129168640704,20.06883622654068,0.4013767245308136,2.495,50.0,20.0
yolov8n,INT4,1,15W,default,train,128,64,9.01554267613111,7.826325741743678,6.017666992818062,8.588058048952002,1.1519508609313875,619.6330976584237,194.3627237951545,18.036072144288575,45.43065386965748,3.745129168640704,19.52461503648179,0.3904923007296358,2.495,50.0,20.0
yolov8n,INT4,1,25W,default,inference,128,64,14.897572071387748,7.409136249749741,1.9246423671799087,14.370278866094838,2.0107029442049935,2349.3041452101506,248.97957532529838,4.809619238476953,45.90163397142108,4.005999819036156,18.508295821082076,0.37016591642164154,2.495,50.0,20.0
yolov8n,INT4,1,25W,default,inference,128,64,15.750660353597379,7.833409902239434,2.0348542757390757,15.193172452647442,2.0107029442049935,2483.8337066730205,263.2370366889175,4.809619238476953,45.90163397142108,4.005999819036156,19.568147064826643,0.3913629412965329,2.495,50.0,20.0
yolov8n,INT4,1,25W,default,inference,128,64,15.670941408541914,7.7937626011374865,2.0245552512815728,15.116275125628759,2.0107029442049935,2471.262258978514,261.9047129391026,4.809619238476953,45.90163397142108,4.005999819036156,19.46910664330286,0.3893821328660572,2.495,50.0,20.0
yolov8n,INT4,1,25W,default,train,128,64,14.567942573530916,12.616325223785134,9.16875195500547,13.925117907246978,1.154689841544863,1062.197460142477,358.15486305255234,13.627254509018035,50.16039884341582,6.266850891936087,31.474097493461848,0.629481949869237,2.495,50.0,20.0
yolov8n,INT4,1,25W,default,train,128,64,14.508246350561743,12.564626299258956,9.131180427091191,13.868055838305724,1.154689841544863,1057.8448086889236,356.6872232362665,13.627254509018035,50.16039884341582,6.266850891936087,31.345123567855016,0.6269024713571003,2.495,50.0,20.0
yolov8n,INT4,1,25W,default,train,128,64,14.886184211097559,12.891933119617027,9.369046445588165,14.22931682234723,1.1546898415448632,1085.4015232714091,365.978877291007,13.627254509018035,50.16039884341582,6.266850891936087,32.16165980891541,0.6432331961783082,2.495,50.0,20.0
yolov8n,INT4,1,MAXN,default,inference,128,64,24.980271153953176,11.527872943858492,2.009357813352579,23.86313071840927,2.1669453918870167,4418.37373208913,362.2145776727209,4.809619238476953,50.24442606764427,6.403302539732943,28.805518599443314,0.5761103719888663,2.495,50.0,20.0
yolov8n,INT4,1,MAXN,default,inference,128,64,25.106027123728186,11.585906695076144,2.019473345681505,23.983262766891315,2.1669453918870167,4440.61676020051,364.03804248625966,4.809619238476953,50.24442606764427,6.403302539732943,28.950531674122118,0.5790106334824423,2.495,50.0,20.0
yolov8n,INT4,1,MAXN,default,inference,128,64,25.473844831092002,11.755646878073334,2.049059789304394,24.334631331999116,2.1669453918870163,4505.674344499644,369.371408754073,4.809619238476953,50.24442606764427,6.403302539732943,29.374673579763375,0.5874934715952675,2.495,50.0,20.0
yolov8n,INT4,1,MAXN,default,train,128,64,23.80011228442475,20.58355415854347,14.548587318665717,22.910975092939438,1.1562683539055476,1906.9955878236544,560.9276449991095,14.428857715430862,57.33087632718525,10.021158633074933,51.346627365699035,1.0269325473139808,2.495,50.0,20.0
yolov8n,INT4,1,MAXN,default,train,128,64,23.598957451658592,20.409585172808708,14.42562493033341,22.717335108881638,1.1562683539055474,1890.8779588826558,556.186772129466,14.428857715430862,57.33087632718525,10.021158633074933,50.91265368870876,1.018253073774175,2.495,50.0,20.0
yolov8n,INT4,1,MAXN,default,train,128,64,23.517492404604404,20.339130034277048,14.375826789201836,22.638913476172572,1.1562683539055476,1884.3505323126624,554.266781313971,14.428857715430862,57.33087632718525,10.021158633074933,50.73690008870754,1.014738001774151,2.495,50.0,20.0
yolov8n,INT4,2,7W,default,inference,128,64,4.652016763786706,3.345334543942635,2.4440866686333544,4.431271814657743,1.3905983699627493,392.90077484384085,77.9530722991128,4.66786355475763,40.53002030154265,0.9707072230229589,9.320249431931611,0.18640498863863222,2.785,50.0,17.905223175104137
yolov8n,INT4,2,7W,default,inference,128,64,4.667553993129478,3.3565075969810834,2.4522496519226187,4.446071779911622,1.3905983699627489,394.21302064123836,78.21342707077083,4.66786355475763,40.53002030154265,0.9707072230229589,9.351378049971649,0.18702756099943296,2.785,50.0,17.905223175104137
yolov8n,INT4,2,7W,default,inference,128,64,4.852212879482199,3.489298552544815,2.549266138598388,4.621968334023528,1.3905983699627489,409.8089703580506,81.30772536104821,4.66786355475763,40.53002030154265,0.9707072230229589,9.721339502825302,0.19442679005650604,2.785,50.0,17.905223175104137
yolov8n,INT4,2,7W,default,train,128,64,4.694360052194954,4.207607107396394,3.68810077682674,4.505270607163154,1.1156840295147603,192.7074896108393,86.47666466422062,43.447037701974864,42.00241470923544,1.5904104491399802,11.717081628029081,0.23434163256058163,2.785,50.0,17.905223175104137
yolov8n,INT4,2,7W,default,train,128,64,4.682401421290141,4.196888453558521,3.6787055375524957,4.493793671496029,1.11568402951476,192.21657759829122,86.25636999080386,43.447037701974864,42.00241470923544,1.5904104491399802,11.68723298989455,0.233744659797891,2.785,50.0,17.905223175104137
yolov8n,INT4,2,7W,default,train,128,64,4.712262115079363,4.223652925397568,3.702165444065019,4.522451572582073,1.11568402951476,193.44238458245468,86.80644565068935,43.447037701974864,42.00241470923544,1.5904104491399802,11.761765020396622,0.23523530040793245,2.785,50.0,17.905223175104137
yolov8n,INT4,2,15W,default,inference,128,64,9.98787978186387,5.573739048506235,2.275492341594341,9.652683762208781,1.7919532462756085,1473.4782803398969,184.30545283732192,4.308797127468582,43.062210515750046,2.138646322067861,15.537912232002045,0.31075824464004087,2.785,50.0,17.905223175104137
yolov8n,INT4,2,15W,default,inference,128,64,10.213898204165282,5.699868690990586,2.326985070805998,9.871116943480187,1.7919532462756083,1506.8220172982199,188.4761505811493,4.308797127468582,43.062210515750046,2.138646322067861,15.889523833786821,0.31779047667573646,2.785,50.0,17.905223175104137
yolov8n,INT4,2,15W,default,inference,128,64,9.900036353955647,5.524717999496842,2.2554793807027305,9.567788384140043,1.7919532462756078,1460.519035142693,182.6844859141111,4.308797127468582,43.062210515750046,2.138646322067861,15.401256254676955,0.3080251250935391,2.785,50.0,17.905223175104137
yolov8n,INT4,2,15W,default,train,128,64,9.648002094838795,8.47311891043801,6.489676595601379,9.307954367937246,1.1386600609314532,619.7792187954517,210.99799857313235,17.594254937163374,45.38925434041707,3.3868032545301885,23.59499837020484,0.47189996740409684,2.785,50.0,17.905223175104137
yolov8n,INT4,2,15W,default,train,128,64,9.815079548314008,8.619850546338668,6.602060343947662,9.46914310914724,1.1386600609314532,630.5121283217251,214.65191654945855,17.594254937163374,45.38925434041707,3.3868032545301885,24.003600296665297,0.48007200593330596,2.785,50.0,17.905223175104137
yolov8n,INT4,2,15W,default,train,128,64,9.505535166437994,8.348000858713023,6.3938469842682215,9.170508743914816,1.1386600609314532,610.6272678816276,207.8823030685149,17.594254937163374,45.38925434041707,3.3868032545301885,23.246583547075478,0.46493167094150956,2.785,50.0,17.905223175104137
yolov8n,INT4,2,25W,default,inference,128,64,17.940510112801924,8.721562540281935,2.2443656227270523,17.03073330054089,2.0570293488054237,2848.3483154892083,289.97557924405453,4.308797127468582,45.917166112543825,3.603949842944864,24.318827077603203,0.48637654155206406,2.785,50.0,17.905223175104137
yolov8n,INT4,2,25W,default,inference,128,64,17.657750196451975,8.584102218427919,2.2089922341360464,16.762312353022633,2.0570293488054237,2803.455571282982,285.4052816318329,4.308797127468582,45.917166112543825,3.603949842944864,23.93553867237079,0.4787107734474158,2.785,50.0,17.905223175104137
yolov8n,INT4,2,25W,default,inference,128,64,17.739946512706904,8.624060965882185,2.219275029070942,16.84034043202501,2.0570293488054237,2816.5055758520866,286.7338349599097,4.308797127468582,45.917166112543825,3.603949842944864,24.04695791233951,0.48093915824679023,2.785,50.0,17.905223175104137
yolov8n,INT4,2,25W,default,train,128,64,16.064763278733643,13.807792889193982,10.173759680733,15.280655996944235,1.16345627484795,1268.358210461843,369.41440689448467,14.00359066427289,50.10187277764999,5.582391264470532,38.45081241611042,0.7690162483222085,2.785,50.0,17.905223175104137
yolov8n,INT4,2,25W,default,train,128,64,15.684739061437634,13.481159026356568,9.933091642708039,14.919180434917399,1.1634562748479502,1238.354230457992,360.67562759209767,14.00359066427289,50.10187277764999,5.582391264470532,37.54122914748102,0.7508245829496204,2.785,50.0,17.905223175104137
yolov8n,INT4,2,25W,default,train,128,64,15.907489036296804,13.672614416365343,10.074158440505581,15.131058175043009,1.1634562748479502,1255.9409670062232,365.79783502339507,14.00359066427289,50.10187277764999,5.582391264470532,38.074378460072595,0.7614875692014519,2.785,50.0,17.905223175104137
yolov8n,INT4,2,MAXN,default,inference,128,64,27.615418940165263,12.675683649233811,2.183832013175064,26.339107240192963,2.1786137698249113,4722.57839969808,387.7116407122243,4.308797127468582,50.350185433978886,5.7249102788607535,35.354238221296455,0.7070847644259292,2.785,50.0,17.905223175104137
yolov8n,INT4,2,MAXN,default,inference,128,64,27.16163963744402,12.467395558427466,2.1479470689579916,25.90630041790098,2.1786137698249113,4644.976523083255,381.34072458161927,4.308797127468582,50.350185433978886,5.7249102788607535,34.77329387266785,0.695465877453357,2.785,50.0,17.905223175104137
yolov8n,INT4,2,MAXN,default,inference,128,64,27.708121853370244,12.718234979115671,2.191162975273096,26.427525669682474,2.1786137698249113,4738.431745122226,389.01315993434287,4.308797127468582,50.350185433978886,5.7249102788607535,35.472919776856365,0.7094583955371273,2.785,50.0,17.905223175104137
yolov8n,INT4,2,MAXN,default,train,128,64,25.52737560043946,21.990445184616924,15.565878264416842,24.387582255346405,1.1608394184896602,2072.8939655222293,550.9438235161772,14.00359066427289,57.17659021215172,9.00595213957403,61.23850212900957,1.2247700425801913,2.785,50.0,17.905223175104137
yolov8n,INT4,2,MAXN,default,train,128,64,25.150597667164075,21.665871494859214,15.336129639494262,24.027627398114838,1.1608394184896602,2042.2985484118612,542.8120249942916,14.00359066427289,57.17659021215172,9.00595213957403,60.33463654446232,1.2066927308892463,2.785,50.0,17.905223175104137
yolov8n,INT4,2,MAXN,default,train,128,64,25.926322039142853,22.334115835655343,15.80914462270135,24.768715797691005,1.16083941848966,2105.2895269892147,559.5540731461334,14.00359066427289,57.17659021215172,9.00595213957403,62.19554850613414,1.2439109701226827,2.785,50.0,17.905223175104137
yolov8n,INT4,4,7W,default,inference,128,64,5.42494418531529,3.8457233198054883,2.754153951647591,5.141887064398509,1.4106433911604637,478.74056912940677,86.79957422546289,4.120443740095086,40.78427537068939,0.9061082536457165,12.136765693020015,0.24273531386040031,3.1550000000000002,50.0,15.817959093978228
yolov8n,INT4,4,7W,default,inference,128,64,5.204795712692434,3.6896608634806816,2.64238823293943,4.933225270846662,1.4106433911604639,459.3129028758576,83.27717970170441,4.120443740095086,40.78427537068939,0.9061082536457165,11.644246260814178,0.23288492521628357,3.1550000000000002,50.0,15.817959093978228
yolov8n,INT4,4,7W,default,inference,128,64,5.336221410673843,3.782828065627563,2.7091108743305328,5.057793574832057,1.4106433911604637,470.9109601646617,85.380002189344,4.120443740095086,40.78427537068939,0.9061082536457165,11.93827378403915,0.23876547568078302,3.1550000000000002,50.0,15.817959093978228
yolov8n,INT4,4,7W,default,train,128,64,5.087955325710145,4.6050981506605,4.020251614543382,4.939617443338101,1.1048527434709268,246.65028865146772,95.19892063296507,44.69096671949286,41.7609640239849,1.3833286766975559,14.528305261795694,0.29056610523591386,3.1550000000000002,50.0,15.817959093978228
yolov8n,INT4,4,7W,default,train,128,64,5.1005630193255245,4.616509348840425,4.030213592856512,4.9518575632519095,1.1048527434709268,247.26147547807946,95.43481869948104,44.69096671949286,41.7609640239849,1.3833286766975559,14.564305660731169,0.2912861132146234,3.1550000000000002,50.0,15.817959093978228
yolov8n,INT4,4,7W,default,train,128,64,5.061509384884962,4.581161982712814,3.9993553350962507,4.9139425263541705,1.1048527434709265,245.36826109410504,94.70410004974207,44.69096671949286,41.7609640239849,1.3833286766975559,14.452790703068704,0.2890558140613741,3.1550000000000002,50.0,15.817959093978228
yolov8n,INT4,4,15W,default,inference,128,64,11.037772725969885,6.056097835459181,2.4112192322264927,10.551734729030722,1.8225882450812467,1558.2861650744198,170.3694630235915,3.803486529318542,42.91121416827555,1.8863839771760869,19.122181751825586,0.38244363503651174,3.1550000000000002,50.0,15.817959093978228
yolov8n,INT4,4,15W,default,inference,128,64,11.640571334840235,6.386835516061019,2.5429015593546627,11.127989665034558,1.8225882450812472,1643.387820621167,179.673738247793,3.803486529318542,42.91121416827555,1.8863839771760869,20.166488863843387,0.40332977727686775,3.1550000000000002,50.0,15.817959093978228
yolov8n,INT4,4,15W,default,inference,128,64,11.085116521529415,6.0820739689535674,2.421561560630406,10.59699378483953,1.8225882450812465,1564.9700480872439,171.10022068885834,3.803486529318542,42.91121416827555,1.8863839771760869,19.204201619962625,0.3840840323992525,3.1550000000000002,50.0,15.817959093978228
yolov8n,INT4,4,15W,default,train,128,64,10.63584766621487,9.197360918619264,7.020005947973834,10.08691247944132,1.1564021201650914,638.0917681052874,211.07967078703223,13.312202852614895,45.42263949192211,2.9514516154982973,29.01420403007113,0.5802840806014227,3.1550000000000002,50.0,15.817959093978228
yolov8n,INT4,4,15W,default,train,128,64,10.966400285659683,9.483206658332731,7.238181445352572,10.400404684936262,1.1564021201650914,657.9230887496572,217.6398379011062,13.312202852614895,45.42263949192211,2.9514516154982973,29.915939504687934,0.5983187900937587,3.1550000000000002,50.0,15.817959093978228
yolov8n,INT4,4,15W,default,train,128,64,10.863267013218655,9.394022048029262,7.170110125727545,10.302594305784671,1.1564021201650916,651.73566540291,215.59304878967586,13.312202852614895,45.42263949192211,2.9514516154982973,29.634595703723377,0.5926919140744675,3.1550000000000002,50.0,15.817959093978228
yolov8n,INT4,4,25W,default,inference,128,64,18.854359803242335,9.08308842342906,2.2830638812537933,17.842341482991074,2.075765304079734,3080.7919174895055,303.6431070637543,3.803486529318542,46.01407274228726,3.159329057155789,28.687978011609633,0.5737595602321927,3.1550000000000002,50.0,15.817959093978228
yolov8n,INT4,4,25W,default,inference,128,64,18.907427357656672,9.108653719423765,2.2894898017312952,17.892560606706162,2.075765304079734,3089.463126399633,304.49774213356307,3.803486529318542,46.01407274228726,3.159329057155789,28.768723306069674,0.5753744661213935,3.1550000000000002,50.0,15.817959093978228
yolov8n,INT4,4,25W,default,inference,128,64,19.098580562933023,9.200741782029233,2.3126364364251595,18.07345355664989,2.075765304079734,3120.697453948443,307.57620004892146,3.803486529318542,46.01407274228726,3.159329057155789,29.059573751645328,0.5811914750329066,3.1550000000000002,50.0,15.817959093978228
yolov8n,INT4,4,25W,default,train,128,64,17.34371383758957,15.16547435566546,10.970172593885948,16.896593600554528,1.1436314770536915,1466.3976518335633,398.53730173497445,14.896988906497622,50.23588898618097,4.959336054024774,47.84653688392564,0.9569307376785128,3.1550000000000002,50.0,15.817959093978228
yolov8n,INT4,4,25W,default,train,128,64,17.722546926612587,15.496728869574953,11.209790498665393,17.265660387956864,1.1436314770536915,1498.4276978422915,407.24242213311686,14.896988906497622,50.23588898618097,4.959336054024774,48.891633195853174,0.9778326639170635,3.1550000000000002,50.0,15.817959093978228
yolov8n,INT4,4,25W,default,train,128,64,17.088919639558345,14.94268038475479,10.809011244333162,16.648367986581235,1.1436314770536915,1444.8549985591521,392.6824431313332,14.896988906497622,50.23588898618097,4.959336054024774,47.14362976102966,0.9428725952205932,3.1550000000000002,50.0,15.817959093978228
yolov8n,INT4,4,MAXN,default,inference,128,64,29.99839085055706,13.931091696846007,2.33685807951258,29.138327184822717,2.15334099461485,5532.3065542090135,465.7879334305409,3.803486529318542,50.35654445538202,5.05034229364049,44.0075251805543,0.880150503611086,3.1550000000000002,50.0,15.817959093978228
yolov8n,INT4,4,MAXN,default,inference,128,64,30.69362987506485,14.253956968183182,2.391016815549693,29.81363347937314,2.1533409946148505,5660.522611903152,476.5829774073659,3.803486529318542,50.35654445538202,5.05034229364049,45.02743818288664,0.9005487636577328,3.1550000000000002,50.0,15.817959093978228
yolov8n,INT4,4,MAXN,default,inference,128,64,29.901921953814966,13.886292058988676,2.3293432057349674,29.044624082865244,2.1533409946148496,5514.515749616117,464.2900514848834,3.803486529318542,50.35654445538202,5.05034229364049,43.866005676269324,0.8773201135253865,3.1550000000000002,50.0,15.817959093978228
yolov8n,INT4,4,MAXN,default,train,128,64,27.859047477997475,23.78176492799011,16.69838694999277,26.603729284433662,1.1714457510766403,2524.0784409579123,620.6669529880608,12.678288431061805,57.64296032846743,7.963344591850496,75.02671745624363,1.5005343491248726,3.1550000000000002,50.0,15.817959093978228
yolov8n,INT4,4,MAXN,default,train,128,64,27.952789788320725,23.861787677858892,16.754574993485647,26.69324760153717,1.17144575107664,2532.5716582755317,622.7554218835011,12.678288431061805,57.64296032846743,7.963344591850496,75.27917324590668,1.5055834649181334,3.1550000000000002,50.0,15.817959093978228
yolov8n,INT4,4,MAXN,default,train,128,64,28.387708783942152,24.233054546360233,17.015260348450656,27.10856931091393,1.17144575107664,2571.9760801703615,632.4449077864979,12.678288431061805,57.64296032846743,7.963344591850496,76.45044604791516,1.5290089209583033,3.1550000000000002,50.0,15.817959093978228
yolov8n,INT4,8,7W,default,inference,128,64,5.79797189130986,4.061540050458904,2.87264949994274,5.541781708052577,1.4275303996213853,548.3042138466656,99.35824005007838,3.6363636363636362,40.7359725370218,0.8038375039750377,14.525115155238504,0.2905023031047701,3.575,50.0,13.947147282556493
yolov8n,INT4,8,7W,default,inference,128,64,6.01624416389502,4.214442064064394,2.980794166120394,5.750409364457829,1.4275303996213853,568.9458466568746,103.09871159122136,3.6363636363636362,40.7359725370218,0.8038375039750377,15.07193220677457,0.3014386441354914,3.575,50.0,13.947147282556493
yolov8n,INT4,8,7W,default,inference,128,64,5.65516267653138,3.9615006994115585,2.8018935826821725,5.405282685801896,1.4275303996213855,534.7989924163002,96.91095805055876,3.6363636363636362,40.7359725370218,0.8038375039750377,14.167348624325228,0.2833469724865046,3.575,50.0,13.947147282556493
yolov8n,INT4,8,7W,default,train,128,64,5.975276905485482,5.233404163425053,4.538898574151297,5.6001518906376075,1.1417572040862412,239.7365091986259,106.74328664739812,29.37062937062937,41.780499039525516,1.2295516457065303,18.707899105662488,0.37415798211324974,3.575,50.0,13.947147282556493
yolov8n,INT4,8,7W,default,train,128,64,5.551311543918971,4.862077089639857,4.216848934353486,5.202802870885585,1.1417572040862412,222.72642290291293,99.16950273175806,29.37062937062937,41.780499039525516,1.2295516457065303,17.380512721074915,0.3476102544214983,3.575,50.0,13.947147282556493
yolov8n,INT4,8,7W,default,train,128,64,5.780883069879001,5.0631456926129,4.391234471346612,5.41796200668419,1.1417572040862414,231.93715524479558,103.27060458682624,29.37062937062937,41.780499039525516,1.2295516457065303,18.09927454803735,0.361985490960747,3.575,50.0,13.947147282556493
yolov8n,INT4,8,15W,default,inference,128,64,12.428626511247696,6.66608065772128,2.573339721707708,11.79597586056667,1.8644578650352355,1808.5340238903202,190.7845746942296,3.3566433566433567,42.98338157654087,1.6547436794721346,23.84929240942607,0.4769858481885214,3.575,50.0,13.947147282556493
yolov8n,INT4,8,15W,default,inference,128,64,12.912172001717677,6.925429769083925,2.6734575277060575,12.254907579844568,1.8644578650352353,1878.8964626378583,198.20719863913138,3.3566433566433567,42.98338157654087,1.6547436794721346,24.77716788987771,0.4955433577975542,3.575,50.0,13.947147282556493
yolov8n,INT4,8,15W,default,inference,128,64,12.507120274092937,6.7081807042373525,2.5895918085857845,11.870474078924877,1.8644578650352355,1819.9559328711978,191.98948652797336,3.3566433566433567,42.98338157654087,1.6547436794721346,23.999914097246375,0.4799982819449275,3.575,50.0,13.947147282556493
yolov8n,INT4,8,15W,default,train,128,64,11.62097533630525,10.126615365821861,7.6573532011673775,11.124254470653959,1.1475675649266757,800.3055107025256,226.14599680556282,14.545454545454545,45.766269029154564,2.628964380297042,36.1980797255579,0.723961594511158,3.575,50.0,13.947147282556493
yolov8n,INT4,8,15W,default,train,128,64,11.809567727449254,10.290956357069772,7.78162147540859,11.304785767692406,1.1475675649266759,813.2933646081774,229.81603422074977,14.545454545454545,45.766269029154564,2.628964380297042,36.78552460111297,0.7357104920222594,3.575,50.0,13.947147282556493
yolov8n,INT4,8,15W,default,train,128,64,11.792687190001246,10.276246515171197,7.770498464325252,11.288626763070274,1.1475675649266754,812.1308471126744,229.4875363229986,14.545454545454545,45.766269029154564,2.628964380297042,36.73294355497269,0.7346588710994538,3.575,50.0,13.947147282556493
yolov8n,INT4,8,25W,default,inference,128,64,20.29993873489768,9.808964766361886,2.3840225054386432,19.294202119321316,2.069529172386544,3203.9746676549958,316.3384328519303,3.3566433566433567,45.911199893150524,2.790231404406815,35.0968108862544,0.7019362177250881,3.575,50.0,13.947147282556493
yolov8n,INT4,8,25W,default,inference,128,64,21.309148626045722,10.29661669444959,2.5025440007312425,20.253411892065827,2.069529172386543,3363.2600215573957,332.0651736836952,3.3566433566433567,45.911199893150524,2.790231404406815,36.841646137075614,0.7368329227415122,3.575,50.0,13.947147282556493
yolov8n,INT4,8,25W,default,inference,128,64,20.106676203373354,9.71557998391813,2.3613257756293082,19.110514552870107,2.0695291723865434,3173.4717058826864,313.3267801001759,3.3566433566433567,45.911199893150524,2.790231404406815,34.76267694580821,0.6952535389161641,3.575,50.0,13.947147282556493
yolov8n,INT4,8,25W,default,train,128,64,19.978894658255605,17.390230751907605,12.5604943415342,19.349353117097905,1.1488573638428599,1355.115565185294,377.14422438873754,10.629370629370628,50.283089648797535,4.403190536264748,62.163936779788436,1.2432787355957686,3.575,50.0,13.947147282556493
yolov8n,INT4,8,25W,default,train,128,64,19.390805471133444,16.878340237357534,12.19076963786482,18.779794813667355,1.1488573638428596,1315.2270315692908,366.0427873902219,10.629370629370628,50.283089648797535,4.403190536264748,60.33410887016318,1.2066821774032634,3.575,50.0,13.947147282556493
yolov8n,INT4,8,25W,default,train,128,64,19.891707934359914,17.314340805392355,12.505681081297293,19.26491367554534,1.1488573638428594,1349.2019203791372,375.49838912492066,10.629370629370628,50.283089648797535,4.403190536264748,61.89265700755896,1.2378531401511792,3.575,50.0,13.947147282556493
yolov8n,INT4,8,MAXN,default,inference,128,64,33.43877930507073,15.14501719639607,2.4502123140179815,31.817682939187698,2.2079063279656013,5828.290012582398,518.5590577398999,3.3566433566433567,50.366889929929656,4.485294612880842,54.20168368912941,1.0840336737825882,3.575,50.0,13.947147282556493
yolov8n,INT4,8,MAXN,default,inference,128,64,33.3084418088628,15.085985028881955,2.4406618894862304,31.693664143776623,2.2079063279656017,5805.572534755732,516.5378210014075,3.3566433566433567,50.366889929929656,4.485294612880842,53.99041665459313,1.0798083330918626,3.575,50.0,13.947147282556493
yolov8n,INT4,8,MAXN,default,inference,128,64,34.2864729902165,15.528952725910516,2.5123267078153795,32.62428083133712,2.2079063279656013,5976.040760113875,531.7048497740767,3.3566433566433567,50.366889929929656,4.485294612880842,55.57572980990321,1.1115145961980641,3.575,50.0,13.947147282556493
yolov8n,INT4,8,MAXN,default,train,128,64,31.499836042856675,26.596537659247897,18.791273061536696,29.671982595238653,1.1843585223922501,2339.8557463020916,664.1321749137464,10.629370629370628,57.21079793116174,6.9974343868451285,95.07365050974573,1.9014730101949147,3.575,50.0,13.947147282556493
yolov8n,INT4,8,MAXN,default,train,128,64,30.885680363447413,26.077982113948362,18.42489759664947,29.093464770402825,1.1843585223922504,2294.2353280359553,651.1835187192577,10.629370629370628,57.21079793116174,6.9974343868451285,93.21998935597686,1.8643997871195372,3.575,50.0,13.947147282556493
yolov8n,INT4,8,MAXN,default,train,128,64,31.816685718366507,26.86406617322341,18.980290196859684,29.970446309279694,1.1843585223922501,2363.39182226601,670.812529180694,10.629370629370628,57.21079793116174,6.9974343868451285,96.02997470370545,1.920599494074109,3.575,50.0,13.947147282556493
yolov8n,INT4,16,7W,default,inference,128,64,6.313368479415015,4.340036888490649,2.9748796757305724,6.010935450298863,1.4546808337407102,594.3758526627768,98.0267317032269,3.717472118959108,40.48006299209631,0.688817163581079,17.518059949746636,0.35036119899493273,4.035,50.0,12.364817244036917
yolov8n,INT4,16,7W,default,inference,128,64,6.49049601416633,4.461800735681671,3.058342743799866,6.179577939856097,1.4546808337407107,611.0516303939734,100.77696454373596,3.717472118959108,40.48006299209631,0.688817163581079,18.009545720400062,0.3601909144080013,4.035,50.0,12.364817244036917
yolov8n,INT4,16,7W,default,inference,128,64,6.671218178806195,4.58603566092994,3.1434996131152118,6.351642863617552,1.4546808337407104,628.0658267066265,103.58301066693326,3.717472118959108,40.48006299209631,0.688817163581079,18.51100571354504,0.3702201142709008,4.035,50.0,12.364817244036917
yolov8n,INT4,16,7W,default,train,128,64,6.474523598798367,5.710618820337717,4.922570087702064,6.137660635643231,1.1337691767729428,290.59266483346596,117.06215509081291,35.19206939281288,41.84892800035351,1.0760688250370767,23.041705238043033,0.4608341047608607,4.035,50.0,12.364817244036917
yolov8n,INT4,16,7W,default,train,128,64,6.352457187523244,5.602954567528728,4.82976318759785,6.0219452172058645,1.1337691767729425,285.1140217799943,114.85514218090252,35.19206939281288,41.84892800035351,1.0760688250370767,22.607292076186752,0.45214584152373505,4.035,50.0,12.364817244036917
yolov8n,INT4,16,7W,default,train,128,64,6.331168292609928,5.584177469553714,4.813577274348577,6.001763962123242,1.1337691767729428,284.15852341632046,114.47022985800704,35.19206939281288,41.84892800035351,1.0760688250370767,22.531528595839355,0.45063057191678707,4.035,50.0,12.364817244036917
yolov8n,INT4,16,15W,default,inference,128,64,13.788753370503127,7.417497598197812,2.7449965274391888,13.234781042682474,1.858949489090944,2014.3930128606232,214.11034679795966,2.973977695167286,42.92742918852142,1.4649571822760292,29.950321707783246,0.5990064341556649,4.035,50.0,12.364817244036917
yolov8n,INT4,16,15W,default,inference,128,64,13.699731745015574,7.369609462446967,2.727274544438676,13.14933592014429,1.858949489090944,2001.3878821169528,212.72802813625714,2.973977695167286,42.92742918852142,1.4649571822760292,29.75695931666197,0.5951391863332394,4.035,50.0,12.364817244036917
yolov8n,INT4,16,15W,default,inference,128,64,13.975216786241825,7.51780339823861,2.7821167380154477,13.413753166808755,1.8589494890909437,2041.6333725744798,217.00573157540833,2.973977695167286,42.92742918852142,1.4649571822760292,30.355335789770727,0.6071067157954145,4.035,50.0,12.364817244036917
yolov8n,INT4,16,15W,default,train,128,64,13.337241505442567,11.444999853370861,8.638531738280996,12.606927072643284,1.165333479800298,853.7436844940181,259.22301198676547,15.36555142503098,45.63696508448597,2.3348132182105314,46.17866412568109,0.9235732825136218,4.035,50.0,12.364817244036917
yolov8n,INT4,16,15W,default,train,128,64,13.277351147229345,11.393606531844146,8.599740751401827,12.550316162655603,1.165333479800298,849.9099820701882,258.0589812508248,15.36555142503098,45.63696508448597,2.3348132182105314,45.971300651369965,0.9194260130273993,4.035,50.0,12.364817244036917
yolov8n,INT4,16,15W,default,train,128,64,13.451751966910503,11.543263966993994,8.71270016773864,12.715167223816366,1.165333479800298,861.0737297096538,261.44864063070963,15.36555142503098,45.63696508448597,2.3348132182105314,46.57514342290658,0.9315028684581316,4.035,50.0,12.364817244036917
yolov8n,INT4,16,25W,default,inference,128,64,22.28484111933313,10.742023413506171,2.5334297085781583,21.271609173545027,2.0745478073817947,3558.7129824769318,350.7644844411389,2.973977695167286,45.808211360245274,2.458653804527877,43.3807001313332,0.867614002626664,4.035,50.0,12.364817244036917
yolov8n,INT4,16,25W,default,inference,128,64,24.13094487129578,11.631905895555379,2.7433021534968836,23.03377554014732,2.0745478073817947,3853.521159655691,379.8222473982312,2.973977695167286,45.808211360245274,2.458653804527877,46.974410889528514,0.9394882177905702,4.035,50.0,12.364817244036917
yolov8n,INT4,16,25W,default,inference,128,64,23.51492950158469,11.334966308278023,2.6732710668846966,22.445768736813047,2.0745478073817947,3755.1483742336604,370.1261354803826,2.973977695167286,45.808211360245274,2.458653804527877,45.775246942761775,0.9155049388552355,4.035,50.0,12.364817244036917
yolov8n,INT4,16,25W,default,train,128,64,21.491347966800824,18.28994265826754,13.235363318686664,20.185505167572657,1.1750363775517996,1507.853034996788,400.41548155135723,9.417596034696405,50.2558061159002,3.888484216246021,73.79166724267742,1.4758333448535483,4.035,50.0,12.364817244036917
yolov8n,INT4,16,25W,default,train,128,64,22.158471351434418,18.85768966370371,13.646208668529647,20.812093250773962,1.1750363775517993,1554.6590344059923,412.8449732577352,9.417596034696405,50.2558061159002,3.888484216246021,76.08227027440614,1.5216454054881228,4.035,50.0,12.364817244036917
yolov8n,INT4,16,25W,default,train,128,64,21.608375967574098,18.38953787336812,13.307434559219669,20.295422391843964,1.1750363775517996,1516.0638287738082,402.5958856543014,9.417596034696405,50.2558061159002,3.888484216246021,74.19348900390327,1.4838697800780654,4.035,50.0,12.364817244036917
yolov8n,INT4,16,MAXN,default,inference,128,64,36.66348546566796,16.708259436927758,2.6115266316206043,35.25321015179612,2.1943330245780217,6689.200618911851,558.3079135528764,2.973977695167286,50.482919363467595,3.9260828294152503,67.4820391570997,1.349640783141994,4.035,50.0,12.364817244036917
yolov8n,INT4,16,MAXN,default,inference,128,64,36.39971309649547,16.58805326666187,2.5927382224437228,34.99958389001088,2.1943330245780213,6641.075726455221,554.291214125226,2.973977695167286,50.482919363467595,3.9260828294152503,66.99654528986423,1.3399309057972846,4.035,50.0,12.364817244036917
yolov8n,INT4,16,MAXN,default,inference,128,64,37.872583649357175,17.259268864460633,2.6976502520795838,36.41579990076217,2.1943330245780213,6909.798857620844,576.7199405503688,2.973977695167286,50.482919363467595,3.9260828294152503,69.70747980847744,1.394149596169549,4.035,50.0,12.364817244036917
yolov8n,INT4,16,MAXN,default,train,128,64,33.585979932644314,28.65342342500148,20.00032584210299,32.093793752610516,1.1721454513298728,2607.138244350663,704.980233132084,11.895910780669144,57.22833946303584,6.18402171360698,115.6019973611232,2.312039947222464,4.035,50.0,12.364817244036917
yolov8n,INT4,16,MAXN,default,train,128,64,34.68015357032278,29.586902829316912,20.65190216428551,33.13935452313502,1.1721454513298735,2692.074337996663,727.947280326316,11.895910780669144,57.22833946303584,6.18402171360698,119.36811221705966,2.387362244341193,4.035,50.0,12.364817244036917
yolov8n,INT4,16,MAXN,default,train,128,64,33.77575653973849,28.815328764376265,20.113337104144595,32.27513880490213,1.172145451329873,2621.869803508101,708.9637035259976,11.895910780669144,57.22833946303584,6.18402171360698,116.25520309984213,2.325104061996843,4.035,50.0,12.364817244036917
llama3.2-1b,FP16,1,7W,default,inference,128,64,5.524347612023497,4.224043978661033,3.3669770297708768,5.0272917546269005,1.3078338293661997,177.5748838007914,102.02453328266552,8.817635270541082,40.38737060135874,1.1263146744009336,10.537326494499835,0.2107465298899967,2.495,50.0,20.0
llama3.2-1b,FP16,1,7W,default,inference,128,64,5.491490999628454,4.19892105275311,3.346951595641891,4.997391431877647,1.3078338293661997,176.51873934032383,101.41773212164544,8.817635270541082,40.38737060135874,1.1263146744009336,10.474654686600516,0.20949309373201033,2.495,50.0,20.0
llama3.2-1b,FP16,1,7W,default,inference,128,64,5.371120163142001,4.10688272664192,3.2735880294857522,4.887851019820875,1.3078338293661995,172.64953363437468,99.19470430445193,8.817635270541082,40.38737060135874,1.1263146744009336,10.245055303369593,0.20490110606739187,2.495,50.0,20.0
llama3.2-1b,FP16,1,7W,default,train,128,64,5.680393272741316,4.899541180871043,4.129015691972779,5.278056314698891,1.1593724928609443,275.1076475443211,116.32994477360104,24.448897795591183,41.666332220341104,1.7539045129123638,12.22297574436864,0.2444595148873728,2.495,50.0,20.0
llama3.2-1b,FP16,1,7W,default,train,128,64,5.6940541703694905,4.911324190828838,4.1389456489255565,5.29074962368805,1.1593724928609446,275.7692597302001,116.60970911214929,24.448897795591183,41.666332220341104,1.7539045129123638,12.2523710366201,0.24504742073240202,2.495,50.0,20.0
llama3.2-1b,FP16,1,7W,default,train,128,64,5.459104490713862,4.708671737797239,3.96816329855954,5.072441210731208,1.1593724928609448,264.3903902474257,111.79812619058092,24.448897795591183,41.666332220341104,1.7539045129123638,11.746810224596953,0.23493620449193905,2.495,50.0,20.0
llama3.2-1b,FP16,1,15W,default,inference,128,64,11.77033095206066,8.197960722742629,5.487208327564686,11.00857933062358,1.4357632770071256,754.7993750650227,224.97029516944275,1.6032064128256511,42.914252640667684,2.4188688891483476,20.448516967864077,0.40897033935728155,2.495,50.0,20.0
llama3.2-1b,FP16,1,15W,default,inference,128,64,11.61406669825875,8.08912366282865,5.414359525075203,10.862428178075241,1.4357632770071262,744.7785726258161,221.98356391732892,1.6032064128256511,42.914252640667684,2.4188688891483476,20.177040128482638,0.40354080256965275,2.495,50.0,20.0
llama3.2-1b,FP16,1,15W,default,inference,128,64,11.705450414608228,8.152771840639668,5.4569616822616895,10.947897728171819,1.435763277007126,750.6387623071968,223.73021163051146,1.6032064128256511,42.914252640667684,2.4188688891483476,20.335800445585836,0.4067160089117167,2.495,50.0,20.0
llama3.2-1b,FP16,1,15W,default,train,128,64,11.521542143434433,10.110608161524237,7.660871653769485,11.14492402789207,1.1395498628143343,712.1368289182371,267.16985774053853,19.639278557114228,45.603844780855454,3.770384054614544,25.223351970815095,0.5044670394163019,2.495,50.0,20.0
llama3.2-1b,FP16,1,15W,default,train,128,64,11.118926042814785,9.75729663584399,7.39316527955413,10.755468710370266,1.1395498628143343,687.25146638627,257.83370421287015,19.639278557114228,45.603844780855454,3.770384054614544,24.34193110817185,0.486838622163437,2.495,50.0,20.0
llama3.2-1b,FP16,1,15W,default,train,128,64,11.57968104942936,10.161627347162451,7.699529212920239,11.201162479508332,1.1395498628143343,715.7303457961489,268.5180247697853,19.639278557114228,45.603844780855454,3.770384054614544,25.35063164144008,0.5070126328288016,2.495,50.0,20.0
llama3.2-1b,FP16,1,25W,default,inference,128,64,19.11348084489472,12.84289735883215,7.717329461612458,17.71121376609048,1.488253025066049,1145.899997713369,353.50167062185363,0.4008016032064128,45.861482711389165,3.95763933493506,32.03589720601529,0.6407179441203058,2.495,50.0,20.0
llama3.2-1b,FP16,1,25W,default,inference,128,64,19.18831750527417,12.893182262755749,7.747545787390152,17.780560009209502,1.488253025066049,1150.3866388256602,354.8857662077167,0.4008016032064128,45.861482711389165,3.95763933493506,32.161330117927726,0.6432266023585546,2.495,50.0,20.0
llama3.2-1b,FP16,1,25W,default,inference,128,64,19.950703298202757,13.405451198271434,8.055369484634396,18.487013106913846,1.4882530250660493,1196.093534679061,368.9860053868408,0.4008016032064128,45.861482711389165,3.95763933493506,33.43915664736966,0.6687831329473931,2.495,50.0,20.0
llama3.2-1b,FP16,1,25W,default,train,128,64,19.028756799555335,16.190758201915656,11.577314851437722,18.048780573837682,1.175285095499968,1391.1926460654674,462.49540697485935,14.829659318637274,50.11500724864354,6.299894283007652,40.390553388228355,0.8078110677645671,2.495,50.0,20.0
llama3.2-1b,FP16,1,25W,default,train,128,64,18.1555161306727,15.447754932133568,11.046025168605127,17.220511581447063,1.1752850954999678,1327.3500099126315,441.2712249226032,14.829659318637274,50.11500724864354,6.299894283007652,38.5370075035019,0.7707401500700379,2.495,50.0,20.0
llama3.2-1b,FP16,1,25W,default,train,128,64,19.009675392572262,16.174522645916404,11.565705503608092,18.030681854551638,1.1752850954999683,1389.7976041638308,462.03163190109797,14.829659318637274,50.11500724864354,6.299894283007652,40.350051079244594,0.8070010215848918,2.495,50.0,20.0
llama3.2-1b,FP16,1,MAXN,default,inference,128,64,30.27789026981015,19.69689581738678,11.351320325873305,27.706689708569595,1.5371909640240546,1851.0941103747048,562.5776129320161,0.4008016032064128,50.67656663051171,6.352886953561456,49.131277511380716,0.9826255502276143,2.495,50.0,20.0
llama3.2-1b,FP16,1,MAXN,default,inference,128,64,30.0412577763231,19.54295756311315,11.262605715669437,27.490152062994326,1.537190964024055,1836.627150784263,558.1808685703129,0.4008016032064128,50.67656663051171,6.352886953561456,48.74729908348758,0.9749459816697517,2.495,50.0,20.0
llama3.2-1b,FP16,1,MAXN,default,inference,128,64,30.488706463142716,19.83403960645817,11.430356286406699,27.89960337600669,1.5371909640240546,1863.9827433135272,566.4946781487669,0.4008016032064128,50.67656663051171,6.352886953561456,49.47336438752091,0.9894672877504181,2.495,50.0,20.0
llama3.2-1b,FP16,1,MAXN,default,train,128,64,30.437680472068855,25.728961978953915,17.96459174212454,28.57648819292766,1.183012377140074,2225.431959059731,668.553036787738,12.024048096192384,57.25344627490698,10.02545569752901,64.18232943474153,1.2836465886948307,2.495,50.0,20.0
llama3.2-1b,FP16,1,MAXN,default,train,128,64,29.56708894260295,24.99305122578787,17.45076082076512,27.75913127949679,1.183012377140074,2161.7792042206097,649.4307974515241,12.024048096192384,57.25344627490698,10.02545569752901,62.34655905143157,1.2469311810286314,2.495,50.0,20.0
llama3.2-1b,FP16,1,MAXN,default,train,128,64,29.392969880830943,24.84586843621052,17.347994190366776,27.595659187151995,1.1830123771400742,2149.048597987178,645.6063329816661,12.024048096192384,57.25344627490698,10.02545569752901,61.97940338088781,1.2395880676177562,2.495,50.0,20.0
llama3.2-1b,FP16,2,7W,default,inference,128,64,5.811179648910523,4.580968652605815,3.6528953587340167,5.459880516601393,1.2685482240977397,156.38277923342838,103.11757905304509,9.33572710951526,40.48818825382342,0.9940680641237561,12.756477396216681,0.2551295479243336,2.785,50.0,17.905223175104137
llama3.2-1b,FP16,2,7W,default,inference,128,64,5.903039901759506,4.653382338663607,3.7106385213201354,5.546187606569652,1.2685482240977397,158.85480083825033,104.74761072600568,9.33572710951526,40.48818825382342,0.9940680641237561,12.958125479716989,0.2591625095943398,2.785,50.0,17.905223175104137
llama3.2-1b,FP16,2,7W,default,inference,128,64,5.774099681504857,4.551738413895703,3.6295869688680176,5.425042118233797,1.2685482240977397,155.38493220285673,102.4596065412239,9.33572710951526,40.48818825382342,0.9940680641237561,12.675080882145478,0.25350161764290957,2.785,50.0,17.905223175104137
llama3.2-1b,FP16,2,7W,default,train,128,64,5.677723297863407,5.075415384301336,4.244546451078182,5.494121229102869,1.1186716491077868,275.103378455764,113.09192033443888,33.03411131059246,41.687533130092156,1.5529973382766042,14.134399739568693,0.28268799479137385,2.785,50.0,17.905223175104137
llama3.2-1b,FP16,2,7W,default,train,128,64,5.576716864844436,4.9851239810110775,4.169036167410771,5.396381068335559,1.1186716491077866,270.20930216646315,111.08002033914565,33.03411131059246,41.687533130092156,1.5529973382766042,13.88294942653647,0.2776589885307294,2.785,50.0,17.905223175104137
llama3.2-1b,FP16,2,7W,default,train,128,64,5.739549155922554,5.130682591715108,4.290766161451981,5.553947807724284,1.1186716491077868,278.09903385066474,114.32340074435336,33.03411131059246,41.687533130092156,1.5529973382766042,14.288312029091266,0.2857662405818253,2.785,50.0,17.905223175104137
llama3.2-1b,FP16,2,15W,default,inference,128,64,12.83207995801861,8.973861614983932,6.035033771825613,11.870425894472628,1.4299395854948882,646.6548567494114,234.3897113318916,1.0771992818671454,42.88754587665437,2.182000773213121,24.98428166422873,0.49968563328457466,2.785,50.0,17.905223175104137
llama3.2-1b,FP16,2,15W,default,inference,128,64,12.871900903026615,9.00170960619415,6.053761892966968,11.907262602029927,1.429939585494888,648.6615779960077,235.11707742031408,1.0771992818671454,42.88754587665437,2.182000773213121,25.061813733033684,0.5012362746606737,2.785,50.0,17.905223175104137
llama3.2-1b,FP16,2,15W,default,inference,128,64,12.818326014734001,8.96424306646333,6.0285651780754215,11.857702690981776,1.4299395854948884,645.9617458699946,234.13848294127212,1.0771992818671454,42.88754587665437,2.182000773213121,24.95750249872004,0.49915004997440077,2.785,50.0,17.905223175104137
llama3.2-1b,FP16,2,15W,default,train,128,64,12.268675315466878,10.663136320785505,7.986634707762712,11.764627329036614,1.1505691146001498,808.4066946924405,288.1059541959222,16.876122082585276,45.490863512975274,3.378801921675636,29.6932569824311,0.5938651396486221,2.785,50.0,17.905223175104137
llama3.2-1b,FP16,2,15W,default,train,128,64,12.34368953146565,10.728333808747662,8.035467293650457,11.836559650408985,1.1505691146001498,813.3495261596701,289.86751701528715,16.876122082585276,45.490863512975274,3.378801921675636,29.874810111494604,0.5974962022298921,2.785,50.0,17.905223175104137
llama3.2-1b,FP16,2,15W,default,train,128,64,12.623993665485726,10.971955969696673,8.217939049396724,12.105347729866693,1.1505691146001495,831.8193065283892,296.4499138853963,16.876122082585276,45.490863512975274,3.378801921675636,30.553216090190865,0.6110643218038173,2.785,50.0,17.905223175104137
llama3.2-1b,FP16,2,25W,default,inference,128,64,20.3552288387426,13.879255446818723,8.50324574342085,19.30922423356548,1.4665937172738068,1039.175845142569,360.13834855717283,0.3590664272890485,46.020928603705016,3.543158311725076,38.6461561529043,0.772923123058086,2.785,50.0,17.905223175104137
llama3.2-1b,FP16,2,25W,default,inference,128,64,20.86596146650762,14.227499559519817,8.716600507323239,19.793711581314795,1.466593717273807,1065.2497848808155,369.1745724470991,0.3590664272890485,46.020928603705016,3.543158311725076,39.61582606137628,0.7923165212275256,2.785,50.0,17.905223175104137
llama3.2-1b,FP16,2,25W,default,inference,128,64,19.940007033407287,13.59613558857526,8.329789916578319,18.9153396445293,1.4665937172738068,1017.9779272071203,352.7919661390215,0.3590664272890485,46.020928603705016,3.543158311725076,37.857821771885824,0.7571564354377165,2.785,50.0,17.905223175104137
llama3.2-1b,FP16,2,25W,default,train,128,64,20.479099122522307,17.833201528321652,12.673003361591359,19.806208606530486,1.1483691859814735,1498.8835622586603,528.6000593918512,14.00359066427289,50.23338457000907,5.638898470394818,49.659794095624605,0.9931958819124921,2.785,50.0,17.905223175104137
llama3.2-1b,FP16,2,25W,default,train,128,64,20.021152312233454,17.434421400920847,12.389613871091843,19.36330875038881,1.1483691859814735,1465.3660260514225,516.7796804938957,14.00359066427289,50.23338457000907,5.638898470394818,48.54931827978747,0.9709863655957495,2.785,50.0,17.905223175104137
llama3.2-1b,FP16,2,25W,default,train,128,64,19.7364506259719,17.18650314454737,12.213433004665188,19.08796162916091,1.1483691859814738,1444.5284552612377,509.4310501969065,14.00359066427289,50.23338457000907,5.638898470394818,47.858944790512396,0.957178895810248,2.785,50.0,17.905223175104137
llama3.2-1b,FP16,2,MAXN,default,inference,128,64,33.92122756531647,22.398730111383376,13.343162288652165,31.83472564978042,1.5144263713449178,2469.9681548669637,631.4529143586333,0.3590664272890485,50.401468262159966,5.707958514154286,62.368057979812654,1.247361159596253,2.785,50.0,17.905223175104137
llama3.2-1b,FP16,2,MAXN,default,inference,128,64,32.66248494745493,21.567562190856677,12.848026698484356,30.653408557816423,1.514426371344918,2378.3130349186877,608.0210767889107,0.3590664272890485,50.401468262159966,5.707958514154286,60.05371565769931,1.201074313153986,2.785,50.0,17.905223175104137
llama3.2-1b,FP16,2,MAXN,default,inference,128,64,32.82546963593517,21.67518359230884,12.912137914529527,30.80636802347529,1.5144263713449175,2390.18073603599,611.0550812729322,0.3590664272890485,50.401468262159966,5.707958514154286,60.353381655381284,1.2070676331076258,2.785,50.0,17.905223175104137
llama3.2-1b,FP16,2,MAXN,default,train,128,64,33.343538227820005,28.810427158193026,19.88655951729757,32.26673563988722,1.157342723338896,2549.487496477425,758.0700920654506,14.721723518850986,57.36959022225965,9.00169665008907,80.22891374357839,1.6045782748715678,2.785,50.0,17.905223175104137
llama3.2-1b,FP16,2,MAXN,default,train,128,64,31.67247773529937,27.366550198652742,18.889915318518764,30.649640693873508,1.157342723338896,2421.71617831587,720.0782936919014,14.721723518850986,57.36959022225965,9.00169665008907,76.20812365229524,1.524162473045905,2.785,50.0,17.905223175104137
llama3.2-1b,FP16,2,MAXN,default,train,128,64,31.924814784792154,27.584581594542804,19.040412716811385,30.893828722525473,1.157342723338896,2441.010176096918,725.8152124625947,14.721723518850986,57.36959022225965,9.00169665008907,76.81527959476732,1.5363055918953463,2.785,50.0,17.905223175104137
llama3.2-1b,FP16,4,7W,default,inference,128,64,6.619420251776039,5.001652553616578,3.9665699475224216,5.954834710058923,1.3234466370499267,217.5320570823629,111.68158597543652,4.120443740095086,40.61425907719861,0.8558792597465974,15.779237139096217,0.31558474278192433,3.1550000000000002,50.0,15.817959093978228
llama3.2-1b,FP16,4,7W,default,inference,128,64,6.816466424481207,5.150541195733952,4.084646364670423,6.132097573584496,1.3234466370499265,224.00752738918646,115.0061111213056,4.120443740095086,40.61425907719861,0.8558792597465974,16.248951731644098,0.32497903463288197,3.1550000000000002,50.0,15.817959093978228
llama3.2-1b,FP16,4,7W,default,inference,128,64,6.4647076413505875,4.884751270184162,3.87386116523115,5.815655146350436,1.323446637049927,212.44778215762156,109.07130455417803,4.120443740095086,40.61425907719861,0.8558792597465974,15.410436417060659,0.30820872834121316,3.1550000000000002,50.0,15.817959093978228
llama3.2-1b,FP16,4,7W,default,train,128,64,6.730962470851949,5.8871300224544285,4.879020710406291,6.352248700917435,1.143335113234974,329.0673020133581,131.40080644084435,21.236133122028523,41.687564066219096,1.3691918294335896,18.572915359194827,0.37145830718389655,3.1550000000000002,50.0,15.817959093978228
llama3.2-1b,FP16,4,7W,default,train,128,64,6.534781114438173,5.715543097376358,4.736816247807755,6.167105376791026,1.1433351132349743,319.4762710218822,127.57098439785089,21.236133122028523,41.687564066219096,1.3691918294335896,18.031587169726564,0.36063174339453125,3.1550000000000002,50.0,15.817959093978228
llama3.2-1b,FP16,4,7W,default,train,128,64,6.525126363290562,5.707098721763426,4.729817883011189,6.157993844718061,1.143335113234974,319.0042637977277,127.3825058418828,21.236133122028523,41.687564066219096,1.3691918294335896,18.004946570160726,0.36009893140321453,3.1550000000000002,50.0,15.817959093978228
llama3.2-1b,FP16,4,15W,default,inference,128,64,13.723263622625025,9.576098802754673,6.332265603423427,12.831387035050119,1.4330745646314105,779.80220025465,261.5099976159737,0.9508716323296355,42.96325020100112,1.8835784585587159,30.204880708753166,0.6040976141750634,3.1550000000000002,50.0,15.817959093978228
llama3.2-1b,FP16,4,15W,default,inference,128,64,13.933215390720674,9.722603229863562,6.429142730909207,13.02769401196244,1.433074564631411,791.7323689966117,265.5108306454903,0.9508716323296355,42.96325020100112,1.8835784585587159,30.66698420572788,0.6133396841145575,3.1550000000000002,50.0,15.817959093978228
llama3.2-1b,FP16,4,15W,default,inference,128,64,14.384807370487037,10.037724292585455,6.637518846015086,13.449936973523965,1.4330745646314107,817.3933508973445,274.1163504984642,0.9508716323296355,42.96325020100112,1.8835784585587159,31.660937411974274,0.6332187482394854,3.1550000000000002,50.0,15.817959093978228
llama3.2-1b,FP16,4,15W,default,train,128,64,13.66161258528264,11.891965962923457,8.928950251920277,13.13013108461457,1.1488102663492776,1055.6656286295713,297.46230035295844,16.798732171156892,45.40642879866998,2.9731390020031423,37.51696413306406,0.7503392826612811,3.1550000000000002,50.0,15.817959093978228
llama3.2-1b,FP16,4,15W,default,train,128,64,13.349981022459678,11.620701358183048,8.725274243396074,12.830623010847585,1.1488102663492774,1031.5851090265842,290.6769636321842,16.798732171156892,45.40642879866998,2.9731390020031423,36.66117422596666,0.7332234845193333,3.1550000000000002,50.0,15.817959093978228
llama3.2-1b,FP16,4,15W,default,train,128,64,13.509194665579516,11.759291382822878,8.82933302049648,12.98364272148369,1.1488102663492776,1043.8879297661779,294.14361562764657,16.798732171156892,45.40642879866998,2.9731390020031423,37.098400248966044,0.7419680049793209,3.1550000000000002,50.0,15.817959093978228
llama3.2-1b,FP16,4,25W,default,inference,128,64,23.22333339689461,15.791247569093908,9.621313868847212,21.9506673095338,1.4706458938903932,1876.193841717223,487.1423808077624,0.9508716323296355,45.907347281388944,3.1617929710248576,49.81078118376374,0.9962156236752747,3.1550000000000002,50.0,15.817959093978228
llama3.2-1b,FP16,4,25W,default,inference,128,64,23.016934623014453,15.650901905506492,9.535803862522636,21.755579432134393,1.4706458938903932,1859.5190559802315,482.81287356668656,0.9508716323296355,45.907347281388944,3.1617929710248576,49.36808486680365,0.9873616973360729,3.1550000000000002,50.0,15.817959093978228
llama3.2-1b,FP16,4,25W,default,inference,128,64,22.859474874869726,15.543833474690565,9.470569056101063,21.606748664083234,1.4706458938903935,1846.798013538194,479.5099318536386,0.9508716323296355,45.907347281388944,3.1617929710248576,49.030355871312565,0.9806071174262513,3.1550000000000002,50.0,15.817959093978228
llama3.2-1b,FP16,4,25W,default,train,128,64,22.770299795498058,19.646309446640306,13.908211595211005,21.861427396061135,1.1590115618071966,1650.8200333178625,461.44488681676506,11.09350237717908,50.02977339823645,4.948271256208306,61.9790169819421,1.239580339638842,3.1550000000000002,50.0,15.817959093978228
llama3.2-1b,FP16,4,25W,default,train,128,64,22.660739451654575,19.55178032591898,13.841291595988139,21.756240133533513,1.1590115618071966,1642.877036866417,459.2246235387881,11.09350237717908,50.02977339823645,4.948271256208306,61.680802093574016,1.2336160418714803,3.1550000000000002,50.0,15.817959093978228
llama3.2-1b,FP16,4,25W,default,train,128,64,22.01332822107165,18.99319122127412,13.445849618283326,21.134670205166497,1.1590115618071963,1595.9404818434318,446.10469957189696,11.09350237717908,50.02977339823645,4.948271256208306,59.91859816938447,1.1983719633876893,3.1550000000000002,50.0,15.817959093978228
llama3.2-1b,FP16,4,MAXN,default,inference,128,64,36.45968641605617,23.534420819938063,13.546006235685429,33.51689256708234,1.5492068700143233,1884.042849431305,650.559381581045,0.6339144215530903,50.43717406917993,5.057223717610409,74.2316827229605,1.48463365445921,3.1550000000000002,50.0,15.817959093978228
llama3.2-1b,FP16,4,MAXN,default,inference,128,64,38.291125315223525,24.716599220134814,14.226447709188408,35.20050937404245,1.5492068700143236,1978.6818795856366,683.2382078345012,0.6339144215530903,50.43717406917993,5.057223717610409,77.96048032527912,1.5592096065055825,3.1550000000000002,50.0,15.817959093978228
llama3.2-1b,FP16,4,MAXN,default,inference,128,64,39.32001376671722,25.380738058793707,14.608714556486923,36.14635249783408,1.5492068700143236,2031.8493673083362,701.5969240088898,0.6339144215530903,50.43717406917993,5.057223717610409,80.05529047304177,1.6011058094608352,3.1550000000000002,50.0,15.817959093978228
llama3.2-1b,FP16,4,MAXN,default,train,128,64,35.72577253932062,30.392664972904168,20.857139126047596,33.91852368727132,1.1754735088604786,2835.3696334002675,781.2633392493071,11.09350237717908,57.10084257038789,7.922926959192031,95.88396435269394,1.9176792870538788,3.1550000000000002,50.0,15.817959093978228
llama3.2-1b,FP16,4,MAXN,default,train,128,64,36.219547889378,30.81273003292926,21.14541116164388,34.38732057301196,1.1754735088604784,2874.558026925791,792.0613864685861,11.09350237717908,57.10084257038789,7.922926959192031,97.2092019808245,1.94418403961649,3.1550000000000002,50.0,15.817959093978228
llama3.2-1b,FP16,4,MAXN,default,train,128,64,37.30564285421753,31.736693828499956,21.779486569273637,35.418473580297956,1.1754735088604784,2960.7557621575666,815.8124803893259,11.09350237717908,57.10084257038789,7.922926959192031,100.12415898497872,2.0024831796995746,3.1550000000000002,50.0,15.817959093978228
llama3.2-1b,FP16,8,7W,default,inference,128,64,7.427519963142024,5.768728662249283,4.48700036868757,6.983052194475316,1.2875488514042819,299.02393096680424,123.8716091065599,5.594405594405594,40.549340431842744,0.783393117702149,20.62109988665669,0.4124219977331338,3.575,50.0,13.947147282556493
llama3.2-1b,FP16,8,7W,default,inference,128,64,7.187150555868456,5.582041060445743,4.341792058994725,6.757066653503929,1.2875488514042819,289.3469182621895,119.86287598881398,5.594405594405594,40.549340431842744,0.783393117702149,19.95375983483838,0.3990751966967676,3.575,50.0,13.947147282556493
llama3.2-1b,FP16,8,7W,default,inference,128,64,7.357190772415146,5.714106120626749,4.444514167871288,6.9169315496196875,1.2875488514042817,296.1925537133973,122.69870212472348,5.594405594405594,40.549340431842744,0.783393117702149,20.425844232801378,0.40851688465602753,3.575,50.0,13.947147282556493
llama3.2-1b,FP16,8,7W,default,train,128,64,7.347443178221079,6.46493651161331,5.350212304185773,6.98323940164486,1.136506625397245,375.7302877041708,143.14138820700816,27.69230769230769,41.710879906384925,1.2549776776156556,23.111067638542043,0.46222135277084087,3.575,50.0,13.947147282556493
llama3.2-1b,FP16,8,7W,default,train,128,64,7.158301404160704,6.298512691607629,5.2124843051707,6.8034731541112246,1.136506625397245,366.05803962265696,139.4565667731808,27.69230769230769,41.710879906384925,1.2549776776156556,22.516130294005613,0.45032260588011225,3.575,50.0,13.947147282556493
llama3.2-1b,FP16,8,7W,default,train,128,64,6.946495593814355,6.112147028959321,5.058252958955996,6.602166298865008,1.136506625397245,355.2268081141586,135.33020921070852,27.69230769230769,41.710879906384925,1.2549776776156556,21.84990419461088,0.43699808389221756,3.575,50.0,13.947147282556493
llama3.2-1b,FP16,8,15W,default,inference,128,64,15.582406209205956,10.573556657679704,6.916207435347678,14.063470969180635,1.4737147313518448,551.3510111171629,269.7708450124345,0.5594405594405594,42.96259191485841,1.6721584712743491,37.79353814949029,0.7558707629898058,3.575,50.0,13.947147282556493
llama3.2-1b,FP16,8,15W,default,inference,128,64,15.988279478130877,10.848964957732871,7.096353151141494,14.429780694267883,1.4737147313518448,565.7119919697204,276.79753737661804,0.5594405594405594,42.96259191485841,1.6721584712743491,38.777942397911815,0.7755588479582363,3.575,50.0,13.947147282556493
llama3.2-1b,FP16,8,15W,default,inference,128,64,16.00415865139796,10.85973988786641,7.103401077805869,14.444112004160466,1.4737147313518448,566.2738434655017,277.0724460096528,0.5594405594405594,42.96259191485841,1.6721584712743491,38.816455714314614,0.7763291142862923,3.575,50.0,13.947147282556493
llama3.2-1b,FP16,8,15W,default,train,128,64,15.651983532885932,12.964500487398386,9.611155021968564,14.348112974891198,1.2072955335301816,967.6073476029425,300.5746733151618,9.79020979020979,45.50221710641699,2.6293608455724216,46.344465763742164,0.9268893152748433,3.575,50.0,13.947147282556493
llama3.2-1b,FP16,8,15W,default,train,128,64,15.53958283638444,12.871399259588134,9.542134982662793,14.24507568965055,1.2072955335301816,960.6587241532685,298.4161735595016,9.79020979020979,45.50221710641699,2.6293608455724216,46.01165489540145,0.920233097908029,3.575,50.0,13.947147282556493
llama3.2-1b,FP16,8,15W,default,train,128,64,15.304759145510287,12.676895358635635,9.397940677124433,14.029813717341153,1.2072955335301812,946.1418976945849,293.9067096936049,9.79020979020979,45.50221710641699,2.6293608455724216,45.316357811848604,0.9063271562369721,3.575,50.0,13.947147282556493
llama3.2-1b,FP16,8,25W,default,inference,128,64,25.095581823352756,16.735327983598065,10.261117296981679,23.362974079555084,1.499557215009374,1298.3562878278844,487.0163188057164,0.2797202797202797,45.871880516713745,2.7899817538876466,59.818076650420586,1.1963615330084116,3.575,50.0,13.947147282556493
llama3.2-1b,FP16,8,25W,default,inference,128,64,25.90486464339728,17.27500917211441,10.592018010954426,24.116383730736597,1.4995572150093743,1340.2257071317285,502.72163070743255,0.2797202797202797,45.871880516713745,2.7899817538876466,61.74709117186291,1.2349418234372582,3.575,50.0,13.947147282556493
llama3.2-1b,FP16,8,25W,default,inference,128,64,25.150426723332767,16.771902046548817,10.283542357926565,23.41403246846386,1.4995572150093741,1301.1937681957672,488.08066397537795,0.2797202797202797,45.871880516713745,2.7899817538876466,59.94880549560065,1.198976109912013,3.575,50.0,13.947147282556493
llama3.2-1b,FP16,8,25W,default,train,128,64,25.02678678688925,21.588831392380175,15.176776912828783,24.012707003942502,1.1592469426447283,1909.4543265807813,536.8394415916958,13.426573426573427,50.22843030709696,4.372401228952302,77.17360379927162,1.5434720759854323,3.575,50.0,13.947147282556493
llama3.2-1b,FP16,8,25W,default,train,128,64,24.634811508254927,21.250702160190816,14.939074749549338,23.63661447561339,1.1592469426447283,1879.5480146728896,528.4313390457454,13.426573426573427,50.22843030709696,4.372401228952302,75.96489310420623,1.5192978620841244,3.575,50.0,13.947147282556493
llama3.2-1b,FP16,8,25W,default,train,128,64,24.820975111876972,21.4112922784596,15.051968326560198,23.815234771804032,1.1592469426447283,1893.7516318377668,532.4246589179359,13.426573426573427,50.22843030709696,4.372401228952302,76.53895466113364,1.5307790932226728,3.575,50.0,13.947147282556493
llama3.2-1b,FP16,8,MAXN,default,inference,128,64,43.452917350493486,28.18376699843187,16.250299772481366,39.62532124978878,1.5417710965645999,2894.1925078544346,781.2133514437646,0.8391608391608392,50.33605967683766,4.445307781847645,100.73738099729752,2.0147476199459504,3.575,50.0,13.947147282556493
llama3.2-1b,FP16,8,MAXN,default,inference,128,64,41.721394235547216,27.0606929449589,15.602753614558369,38.04632117649677,1.5417710965645999,2778.863974535661,750.0833593003447,0.8391608391608392,50.33605967683766,4.445307781847645,96.72317172501747,1.9344634345003493,3.575,50.0,13.947147282556493
llama3.2-1b,FP16,8,MAXN,default,inference,128,64,41.39476777642658,26.848841484097793,15.480603522045094,37.74846595386718,1.5417710965646003,2757.108936934183,744.2111425112705,0.8391608391608392,50.33605967683766,4.445307781847645,95.96594997645609,1.9193189995291218,3.575,50.0,13.947147282556493
llama3.2-1b,FP16,8,MAXN,default,train,128,64,39.96424920861792,34.19565816470519,23.79669790256677,38.193785566924085,1.1686936691239573,3024.12525185709,830.0515061445827,10.34965034965035,57.21623047496468,6.9949579676415725,122.24178570530057,2.4448357141060115,3.575,50.0,13.947147282556493
llama3.2-1b,FP16,8,MAXN,default,train,128,64,38.92130626754917,33.30325755655392,23.175677901198252,37.19704623518338,1.1686936691239576,2945.2049631793793,808.389736532999,10.34965034965035,57.21623047496468,6.9949579676415725,119.0516542745945,2.38103308549189,3.575,50.0,13.947147282556493
llama3.2-1b,FP16,8,MAXN,default,train,128,64,41.17736135098596,35.23366510734344,24.519045094007136,39.35315540250818,1.1686936691239576,3115.9223739278486,855.2476647321868,10.34965034965035,57.21623047496468,6.9949579676415725,125.95242702799243,2.5190485405598486,3.575,50.0,13.947147282556493
llama3.2-1b,FP16,16,7W,default,inference,128,64,8.299547559826074,6.26385137126127,4.84935353983982,7.6244735319804695,1.3249911385038025,275.7167381269228,146.80641250938726,4.4609665427509295,40.71251602366739,0.6790225950707328,25.27277969190863,0.5054555938381726,4.035,50.0,12.364817244036917
llama3.2-1b,FP16,16,7W,default,inference,128,64,8.074330187731857,6.0938748593062275,4.717760985820959,7.417575037803933,1.3249911385038022,268.23486049977237,142.8226586729749,4.4609665427509295,40.71251602366739,0.6790225950707328,24.586974955361395,0.4917394991072279,4.035,50.0,12.364817244036917
llama3.2-1b,FP16,16,7W,default,inference,128,64,8.198589347815519,6.187655984683396,4.7903645336005996,7.531727125051429,1.3249911385038025,272.3628361579269,145.02061481236896,4.4609665427509295,40.71251602366739,0.6790225950707328,24.965353939861345,0.4993070787972269,4.035,50.0,12.364817244036917
llama3.2-1b,FP16,16,7W,default,train,128,64,7.908419680936294,6.934674909342136,5.653134884810562,7.527346732062759,1.1404167872790065,444.05064274360717,137.66980800930253,22.800495662949192,41.75866203919786,1.074983843430834,27.97946985592931,0.5595893971185862,4.035,50.0,12.364817244036917
llama3.2-1b,FP16,16,7W,default,train,128,64,8.079620712510717,7.084796367991392,5.775513635933485,7.690298317529823,1.1404167872790065,453.663426482468,140.6500763939787,22.800495662949192,41.75866203919786,1.074983843430834,28.5851678708927,0.571703357417854,4.035,50.0,12.364817244036917
llama3.2-1b,FP16,16,7W,default,train,128,64,7.800780451284763,6.84028904020007,5.576191688993068,7.424894176906597,1.1404167872790065,438.00679693881176,135.79602377955095,22.800495662949192,41.75866203919786,1.074983843430834,27.598649325044946,0.5519729865008989,4.035,50.0,12.364817244036917
llama3.2-1b,FP16,16,15W,default,inference,128,64,17.238003212974068,12.02503264429281,7.922507125215175,16.221487150250717,1.4335098891523907,1024.6880389400308,298.5624698603796,0.24783147459727384,42.989847534288494,1.4751649719095767,48.51138879254913,0.9702277758509825,4.035,50.0,12.364817244036917
llama3.2-1b,FP16,16,15W,default,inference,128,64,17.661104538079925,12.320183259093264,8.116962551486141,16.619638410791907,1.4335098891523907,1049.8386820707472,305.890591050758,0.24783147459727384,42.989847534288494,1.4751649719095767,49.702085454295016,0.9940417090859003,4.035,50.0,12.364817244036917
llama3.2-1b,FP16,16,15W,default,inference,128,64,17.29932193786121,12.067807881039451,7.950688929617083,16.27918994189876,1.4335098891523907,1028.33304139064,299.6245110797021,0.24783147459727384,42.989847534288494,1.4751649719095767,48.68395266009875,0.9736790532019749,4.035,50.0,12.364817244036917
llama3.2-1b,FP16,16,15W,default,train,128,64,16.684847212040065,14.355376104139742,10.59856954996602,15.926477788181229,1.1622716876939616,1073.698962967952,329.2637547358087,12.639405204460965,45.5380445175854,2.3238088587417547,57.923895469512324,1.1584779093902464,4.035,50.0,12.364817244036917
llama3.2-1b,FP16,16,15W,default,train,128,64,17.20483030734063,14.802761255826823,10.928873863233733,16.422826308026114,1.1622716876939616,1107.1607803337222,339.5252563355514,12.639405204460965,45.5380445175854,2.3238088587417547,59.729093088365474,1.1945818617673094,4.035,50.0,12.364817244036917
llama3.2-1b,FP16,16,15W,default,train,128,64,17.542773539251794,15.093522216013051,11.143542586407065,16.74540914671195,1.1622716876939616,1128.9080155965794,346.1943289385256,12.639405204460965,45.5380445175854,2.3238088587417547,60.90231260851341,1.2180462521702682,4.035,50.0,12.364817244036917
llama3.2-1b,FP16,16,25W,default,inference,128,64,29.025572896634966,19.41402265640376,11.848720035240312,26.91432352563632,1.4950828795422682,1756.0170842667574,496.32780332279856,0.4956629491945477,45.86014432857143,2.482150434461422,78.32099363404228,1.5664198726808456,4.035,50.0,12.364817244036917
llama3.2-1b,FP16,16,25W,default,inference,128,64,28.66300306652412,19.171514475036684,11.700713019995282,26.57812614055836,1.4950828795422682,1734.081985235926,490.12797781131343,0.4956629491945477,45.86014432857143,2.482150434461422,77.3426553439719,1.546853106879438,4.035,50.0,12.364817244036917
llama3.2-1b,FP16,16,25W,default,inference,128,64,28.148383733239054,18.827306578386416,11.490636876915131,26.100938962275748,1.4950828795422684,1702.9480488150766,481.3281555254134,0.4956629491945477,45.86014432857143,2.482150434461422,75.95403512036046,1.5190807024072093,4.035,50.0,12.364817244036917
llama3.2-1b,FP16,16,25W,default,train,128,64,28.484840554122353,24.11540687096767,17.228457946404276,26.875624060464645,1.1811884703639401,2035.1162363256283,564.1037393351739,10.161090458488228,50.33314490994833,3.8727860607713875,97.29770564738743,1.9459541129477487,4.035,50.0,12.364817244036917
llama3.2-1b,FP16,16,25W,default,train,128,64,29.324452270306047,24.826226301777897,17.73627947049161,27.667802931820443,1.18118847036394,2095.1027906673326,580.7311137376719,10.161090458488228,50.33314490994833,3.8727860607713875,100.16562739208246,2.003312547841649,4.035,50.0,12.364817244036917
llama3.2-1b,FP16,16,25W,default,train,128,64,27.09971647071289,22.942753972499496,16.390694716652998,25.568750880954397,1.1811884703639401,1936.1552291149235,536.673230345317,10.161090458488228,50.33314490994833,3.8727860607713875,92.56643832304997,1.8513287664609992,4.035,50.0,12.364817244036917
llama3.2-1b,FP16,16,MAXN,default,inference,128,64,46.20155842156583,30.46178655305392,17.879311376408108,43.08800763564172,1.5167054742865675,2760.760356693302,824.7659664471506,0.4956629491945477,50.46379643464522,3.955133243512122,122.89017271596269,2.457803454319254,4.035,50.0,12.364817244036917
llama3.2-1b,FP16,16,MAXN,default,inference,128,64,45.44977110904313,29.9661152936907,17.588380942270362,42.38688372188135,1.516705474286568,2715.8375298453475,811.3454540107967,0.4956629491945477,50.46379643464522,3.955133243512122,120.8905156516144,2.417810313032288,4.035,50.0,12.364817244036917
llama3.2-1b,FP16,16,MAXN,default,inference,128,64,46.687405019900005,30.782116773107163,18.067326735836563,43.54111273975444,1.5167054742865675,2789.7919754079053,833.439044865066,0.4956629491945477,50.46379643464522,3.955133243512122,124.18246185993408,2.483649237198682,4.035,50.0,12.364817244036917
llama3.2-1b,FP16,16,MAXN,default,train,128,64,44.381235043013504,37.8572645054165,25.83857423360074,42.40858700734095,1.1723307434604413,3434.491274879064,868.7608859977527,8.921933085501859,57.50444459993283,6.225404553458453,152.74160268663798,3.0548320537327593,4.035,50.0,12.364817244036917
llama3.2-1b,FP16,16,MAXN,default,train,128,64,42.56958431509663,36.31192353570917,24.783838560443623,40.677460159534355,1.1723307434604413,3294.294666737617,833.297896065676,8.921933085501859,57.50444459993283,6.225404553458453,146.5066604768898,2.930133209537796,4.035,50.0,12.364817244036917
llama3.2-1b,FP16,16,MAXN,default,train,128,64,46.26726813522507,39.46605375088527,26.93661501621766,44.21079008736474,1.1723307434604413,3580.4440450770053,905.6799077109335,8.921933085501859,57.50444459993283,6.225404553458453,159.23253780697053,3.1846507561394106,4.035,50.0,12.364817244036917
llama3.2-1b,INT8,1,7W,default,inference,128,64,4.498477752537797,3.654025385545183,3.0608407553768746,4.218689569200438,1.2311019431701677,130.6045121597404,84.8067553121938,17.635270541082164,40.55286457300018,1.1433710776103592,9.115882816192933,0.18231765632385866,2.495,50.0,20.0
llama3.2-1b,INT8,1,7W,default,inference,128,64,4.678976718181258,3.8006411606601707,3.1836553208225293,4.3879621866279575,1.2311019431701677,135.8449469579122,88.20958010215617,17.635270541082164,40.55286457300018,1.1433710776103592,9.481652640956781,0.18963305281913562,2.495,50.0,20.0
llama3.2-1b,INT8,1,7W,default,inference,128,64,4.5935131216037215,3.7312207547777287,3.1255044364799236,4.3078141002614965,1.2311019431701677,133.36367841498597,86.59839278018643,17.635270541082164,40.55286457300018,1.1433710776103592,9.308466026660046,0.18616932053320093,2.495,50.0,20.0
llama3.2-1b,INT8,1,7W,default,train,128,64,4.557971585642902,4.118771997642101,3.6095740520846475,4.422580180136239,1.1066336248406643,172.88603747423778,90.4902585328711,46.09218436873747,41.76669651007973,1.8068485059189325,10.275568161896613,0.20551136323793226,2.495,50.0,20.0
llama3.2-1b,INT8,1,7W,default,train,128,64,4.574138762388294,4.133381328483391,3.6223772520561988,4.438267122035603,1.106633624840664,173.49926620375857,90.81122850294413,46.09218436873747,41.76669651007973,1.8068485059189325,10.312015718339481,0.2062403143667896,2.495,50.0,20.0
llama3.2-1b,INT8,1,7W,default,train,128,64,4.511782840487926,4.077033933554606,3.5729960057153134,4.37776343983202,1.1066336248406643,171.13407632755028,89.57326477548399,46.09218436873747,41.76669651007973,1.8068485059189325,10.17143947433581,0.2034287894867162,2.495,50.0,20.0
llama3.2-1b,INT8,1,15W,default,inference,128,64,9.813337315421133,7.0705999535635184,4.89749729278552,9.198165616443543,1.3879073034637324,596.8939878894955,173.18944832021774,2.8056112224448895,42.942384017680716,2.368795866503832,17.637976381234893,0.35275952762469787,2.495,50.0,20.0
llama3.2-1b,INT8,1,15W,default,inference,128,64,9.837015125984584,7.087660034236311,4.909314069220114,9.22035912880301,1.3879073034637324,598.334185277748,173.60732317941296,2.8056112224448895,42.942384017680716,2.368795866503832,17.680533632662627,0.3536106726532525,2.495,50.0,20.0
llama3.2-1b,INT8,1,15W,default,inference,128,64,9.933595876844599,7.15724735510348,4.957514182053169,9.31088549238524,1.3879073034637321,604.2086872622672,175.3118164034981,2.8056112224448895,42.942384017680716,2.368795866503832,17.854122794819922,0.3570824558963984,2.495,50.0,20.0
llama3.2-1b,INT8,1,15W,default,train,128,64,9.692357041456532,8.453838460815485,6.4181281135811785,9.265372150738024,1.1465036960880817,587.7320957834517,240.135049986155,16.432865731462925,45.561526434945556,3.77803078857415,21.09114051027437,0.42182281020548745,2.495,50.0,20.0
llama3.2-1b,INT8,1,15W,default,train,128,64,9.729805904619068,8.486501995429734,6.442926168425537,9.301171250207728,1.1465036960880814,590.0029467990594,241.06287224744784,16.432865731462925,45.561526434945556,3.77803078857415,21.17263144499054,0.4234526288998108,2.495,50.0,20.0
llama3.2-1b,INT8,1,15W,default,train,128,64,9.925005031080122,8.65675798948111,6.572183994558808,9.487771118787151,1.1465036960880817,601.8395713888623,245.8990696542795,16.432865731462925,45.561526434945556,3.77803078857415,21.597396255661838,0.43194792511323676,2.495,50.0,20.0
llama3.2-1b,INT8,1,25W,default,inference,128,64,16.25011595890304,10.973222927607495,6.944728955998087,14.989675265389424,1.4808881644078724,800.0486986209296,300.4735234623634,0.4008016032064128,45.961316769521666,4.0046967276927194,27.366522858016964,0.5473304571603392,2.495,50.0,20.0
llama3.2-1b,INT8,1,25W,default,inference,128,64,16.571876773587732,11.190498493999332,7.082238229919425,15.286478693589467,1.4808881644078724,815.890082258236,306.4230567423068,0.4008016032064128,45.961316769521666,4.0046967276927194,27.908394356789774,0.5581678871357955,2.495,50.0,20.0
llama3.2-1b,INT8,1,25W,default,inference,128,64,16.70696965535119,11.281722723492363,7.139972183948097,15.411093092244908,1.4808881644078726,822.5411661348769,308.920997943515,0.4008016032064128,45.961316769521666,4.0046967276927194,28.13590180634182,0.5627180361268365,2.495,50.0,20.0
llama3.2-1b,INT8,1,25W,default,train,128,64,16.437903703679623,14.125365186136644,10.260891509927168,15.726999350248414,1.1637153083881062,1149.0937033977355,359.4766067235357,16.03206412825651,50.14426356303338,6.230905817401835,35.23988245392007,0.7047976490784014,2.495,50.0,20.0
llama3.2-1b,INT8,1,25W,default,train,128,64,16.083922973998195,13.82118363320018,10.039929157954456,15.38832753381393,1.1637153083881064,1124.3486364516377,351.73548633219826,16.03206412825651,50.14426356303338,6.230905817401835,34.48101200852781,0.6896202401705562,2.495,50.0,20.0
llama3.2-1b,INT8,1,25W,default,train,128,64,16.136401109891906,13.866278971824194,10.072687134199812,15.438536102009758,1.1637153083881064,1128.0171270699404,352.8831182053561,16.03206412825651,50.14426356303338,6.230905817401835,34.59351560835613,0.6918703121671226,2.495,50.0,20.0
llama3.2-1b,INT8,1,MAXN,default,inference,128,64,25.899308603723718,17.244745635616155,10.29192250775116,24.207842030583194,1.5018666642570246,1962.2639214776125,490.7399370932431,1.2024048096192383,50.321902002882624,6.41167437120512,43.01432729209093,0.8602865458418186,2.495,50.0,20.0
llama3.2-1b,INT8,1,MAXN,default,inference,128,64,26.726125979104495,17.795272120462133,10.620484960351058,24.980660514567028,1.5018666642570246,2024.9078294747248,506.4064675396822,1.2024048096192383,50.321902002882624,6.41167437120512,44.38752970994633,0.8877505941989265,2.495,50.0,20.0
llama3.2-1b,INT8,1,MAXN,default,inference,128,64,25.911709214651935,17.25300243445412,10.296850288977861,24.219432765881425,1.5018666642570246,1963.2034551076806,490.9749037913872,1.2024048096192383,50.321902002882624,6.41167437120512,43.03492258848473,0.8606984517696946,2.495,50.0,20.0
llama3.2-1b,INT8,1,MAXN,default,train,128,64,25.775341740091434,22.191889342709015,15.47973865490785,24.72567938463431,1.1614757690092636,1984.2364787686176,600.1171857463875,12.825651302605209,57.32133322718808,10.019167149088357,55.35724100111362,1.1071448200222724,2.495,50.0,20.0
llama3.2-1b,INT8,1,MAXN,default,train,128,64,25.375037916096307,21.847238309363235,15.239330646335592,24.341677336927166,1.1614757690092636,1953.4203034421723,590.7970686080048,12.825651302605209,57.32133322718808,10.019167149088357,54.49751562939923,1.0899503125879846,2.495,50.0,20.0
llama3.2-1b,INT8,1,MAXN,default,train,128,64,25.442530838740446,21.905347935448425,15.279864456289394,24.406421710943945,1.1614757690092636,1958.6160413113191,592.3684798895094,12.825651302605209,57.32133322718808,10.019167149088357,54.64246897365963,1.0928493794731926,2.495,50.0,20.0
llama3.2-1b,INT8,2,7W,default,inference,128,64,4.913779281326604,3.9610781050089003,3.27952461382591,4.55846702792875,1.2405156250549527,121.69722940302827,86.893800277126,12.567324955116696,40.475558991103306,1.0295006603221455,11.030720899174465,0.2206144179834893,2.785,50.0,17.905223175104137
llama3.2-1b,INT8,2,7W,default,inference,128,64,5.042703082756113,4.065005696750276,3.3655701514638836,4.6780684313057845,1.2405156250549527,124.89022374400365,89.17365014644265,12.567324955116696,40.475558991103306,1.0295006603221455,11.320136110849493,0.22640272221698987,2.785,50.0,17.905223175104137
llama3.2-1b,INT8,2,7W,default,inference,128,64,5.034003378764509,4.057992722616058,3.3597638480587038,4.66999779737455,1.2405156250549527,124.67476232178878,89.01980718813374,12.567324955116696,40.475558991103306,1.0295006603221455,11.300606538774186,0.22601213077548374,2.785,50.0,17.905223175104137
llama3.2-1b,INT8,2,7W,default,train,128,64,4.903110071404213,4.365494598789016,3.7449852306789957,4.70086858537631,1.123151102457974,205.8555892697433,100.96959460639721,35.5475763016158,41.7537799920992,1.5608182620617366,12.157568672709836,0.2431513734541967,2.785,50.0,17.905223175104137
llama3.2-1b,INT8,2,7W,default,train,128,64,4.9782144847385,4.432363974752699,3.8023498247018996,4.77287512247719,1.123151102457974,209.00882528495288,102.51621747577606,35.5475763016158,41.7537799920992,1.5608182620617366,12.34379477194845,0.246875895438969,2.785,50.0,17.905223175104137
llama3.2-1b,INT8,2,7W,default,train,128,64,5.0071773315015164,4.45815110766797,3.8244715865604606,4.800643321540349,1.1231511024579737,210.22482162207407,103.1126484866489,35.5475763016158,41.7537799920992,1.5608182620617366,12.41560996543802,0.2483121993087604,2.785,50.0,17.905223175104137
llama3.2-1b,INT8,2,15W,default,inference,128,64,10.501196295925869,7.419253775811055,5.1699677785188,9.690268318653986,1.4153979110625454,439.45756586864735,189.52908877582527,1.7953321364452424,42.978058000249575,2.143428351646443,20.658509711340663,0.4131701942268133,2.785,50.0,17.905223175104137
llama3.2-1b,INT8,2,15W,default,inference,128,64,10.56869090864739,7.466939739026059,5.20319684720398,9.7525508328461,1.4153979110625452,442.28210293851987,190.74725402918313,1.7953321364452424,42.978058000249575,2.143428351646443,20.79128868938069,0.41582577378761376,2.785,50.0,17.905223175104137
llama3.2-1b,INT8,2,15W,default,inference,128,64,11.15076423992809,7.878183338250912,5.489764232733554,10.28967504253553,1.4153979110625454,466.64090188992225,201.25270740511328,1.7953321364452424,42.978058000249575,2.143428351646443,21.936374185177012,0.43872748370354026,2.785,50.0,17.905223175104137
llama3.2-1b,INT8,2,15W,default,train,128,64,10.453075046860132,9.026694446045232,6.832990462199372,9.949120235633094,1.1580180440736891,635.7309466226357,214.78921475136238,13.285457809694792,45.457111794218406,3.39341003941698,25.136968156994367,0.5027393631398873,2.785,50.0,17.905223175104137
llama3.2-1b,INT8,2,15W,default,train,128,64,10.490068382880295,9.058639834296716,6.857172352318551,9.984330080232107,1.1580180440736896,637.9807925695361,215.5493517980385,13.285457809694792,45.457111794218406,3.39341003941698,25.22592765507423,0.5045185531014846,2.785,50.0,17.905223175104137
llama3.2-1b,INT8,2,15W,default,train,128,64,10.374996413021249,8.959270078835702,6.781951838834383,9.874805862837084,1.1580180440736894,630.9823914291757,213.18485925061907,13.285457809694792,45.457111794218406,3.39341003941698,24.949209040777248,0.49898418081554496,2.785,50.0,17.905223175104137
llama3.2-1b,INT8,2,25W,default,inference,128,64,18.075085414632355,12.487789164999903,7.931517025309438,17.165313698683075,1.447420770466899,993.7254508740131,323.86568304511144,0.3590664272890485,45.99788330577209,3.574569516007834,34.77668214656731,0.6955336429313462,2.785,50.0,17.905223175104137
llama3.2-1b,INT8,2,25W,default,inference,128,64,17.965996450605612,12.412421333991404,7.883647764633578,17.0617155000783,1.447420770466899,987.7279976130125,321.9110493027669,0.3590664272890485,45.99788330577209,3.574569516007834,34.56679366523349,0.6913358733046698,2.785,50.0,17.905223175104137
llama3.2-1b,INT8,2,25W,default,inference,128,64,17.75429524666284,12.266160337699022,7.7907512905736915,16.86066983458314,1.447420770466899,976.0891660660087,318.11783043582375,0.3590664272890485,45.99788330577209,3.574569516007834,34.15947799780082,0.6831895599560164,2.785,50.0,17.905223175104137
llama3.2-1b,INT8,2,25W,default,train,128,64,17.667602846239053,15.120298843833444,10.985263021762544,16.689360804922387,1.1684691571717503,1195.5726147319272,442.34089414637504,15.439856373429084,50.17667730680875,5.621332686459243,42.10870327064931,0.8421740654129861,2.785,50.0,17.905223175104137
llama3.2-1b,INT8,2,25W,default,train,128,64,17.464374022086947,14.94637142529206,10.858900543143116,16.497384609750178,1.1684691571717503,1181.8200519878444,437.25268718507226,15.439856373429084,50.17667730680875,5.621332686459243,41.624330697485775,0.8324866139497155,2.785,50.0,17.905223175104137
llama3.2-1b,INT8,2,25W,default,train,128,64,17.53755875864323,15.00900443199754,10.904404938235421,16.56651716182478,1.16846915717175,1186.772487675049,439.08500151135166,15.439856373429084,50.17667730680875,5.621332686459243,41.798758115987845,0.8359751623197569,2.785,50.0,17.905223175104137
llama3.2-1b,INT8,2,MAXN,default,inference,128,64,27.63801411970712,18.682988192603474,11.150477249266242,26.355113999238387,1.479314434863739,1706.1275997192758,538.6594240459518,0.3590664272890485,50.34051694401603,5.756661616513775,52.015940165070944,1.0403188033014188,2.785,50.0,17.905223175104137
llama3.2-1b,INT8,2,MAXN,default,inference,128,64,28.38459032818998,19.18766535310967,11.451681271793884,27.067035666202695,1.4793144348637393,1752.2146401654318,553.2100465590587,0.3590664272890485,50.34051694401603,5.756661616513775,53.42102893957228,1.0684205787914456,2.785,50.0,17.905223175104137
llama3.2-1b,INT8,2,MAXN,default,inference,128,64,28.40360011123996,19.20051575367494,11.459350714051718,27.085163053981464,1.479314434863739,1753.3881367627557,553.5805434675779,0.3590664272890485,50.34051694401603,5.756661616513775,53.45680617499144,1.069136123499829,2.785,50.0,17.905223175104137
llama3.2-1b,INT8,2,MAXN,default,train,128,64,28.720796231370688,24.368064289746034,17.04012585163819,27.26833458348773,1.1786244442672562,2268.2567534736786,675.7125741679926,12.567324955116696,57.253252460354545,9.04029163048571,67.85565572403263,1.3571131144806525,2.785,50.0,17.905223175104137
llama3.2-1b,INT8,2,MAXN,default,train,128,64,29.361786154668383,24.911910063873165,17.420426901603314,27.87690850853909,1.1786244442672564,2318.8796439644543,690.7931084121706,12.567324955116696,57.253252460354545,9.04029163048571,69.3700563418802,1.387401126837604,2.785,50.0,17.905223175104137
llama3.2-1b,INT8,2,MAXN,default,train,128,64,28.60489239815094,24.269726066927475,16.971359794846403,27.15829221285551,1.1786244442672564,2259.103119628144,672.9857111357165,12.567324955116696,57.253252460354545,9.04029163048571,67.5818217209396,1.351636434418792,2.785,50.0,17.905223175104137
llama3.2-1b,INT8,4,7W,default,inference,128,64,5.687304902119177,4.527943942463402,3.740084203804594,5.265951833743449,1.2560457846624822,156.6588429435335,97.08317379857786,10.142630744849445,40.488247514485586,0.871975564214098,14.286052889763155,0.28572105779526313,3.1550000000000002,50.0,15.817959093978228
llama3.2-1b,INT8,4,7W,default,inference,128,64,5.728770279675693,4.560956574696118,3.7673526563094244,5.304345182568345,1.2560457846624822,157.80102156451792,97.79099420300923,10.142630744849445,40.488247514485586,0.871975564214098,14.390210586081789,0.2878042117216358,3.1550000000000002,50.0,15.817959093978228
llama3.2-1b,INT8,4,7W,default,inference,128,64,5.44283463257925,4.333309103092781,3.5793157187062423,5.039593534630658,1.2560457846624822,149.92482213414326,92.91002850835673,10.142630744849445,40.488247514485586,0.871975564214098,13.671963217988976,0.2734392643597795,3.1550000000000002,50.0,15.817959093978228
llama3.2-1b,INT8,4,7W,default,train,128,64,5.5555406372957945,4.964137369303552,4.269748825228603,5.330160892002241,1.1191351536017653,244.67933711719357,105.98190105275802,41.83835182250396,41.85541553475071,1.3847089687955239,15.661011971108024,0.3132202394221605,3.1550000000000002,50.0,15.817959093978228
llama3.2-1b,INT8,4,7W,default,train,128,64,5.386975337651973,4.8135163302795165,4.140196809121156,5.16843402749541,1.1191351536017653,237.25531694156425,102.7662156543202,41.83835182250396,41.85541553475071,1.3847089687955239,15.185828123488776,0.3037165624697755,3.1550000000000002,50.0,15.817959093978228
llama3.2-1b,INT8,4,7W,default,train,128,64,5.730248043080002,5.120246669616333,4.4040213990980215,5.497780686843205,1.1191351536017653,252.37387038183567,109.31475814117618,41.83835182250396,41.85541553475071,1.3847089687955239,16.153510352824394,0.32307020705648787,3.1550000000000002,50.0,15.817959093978228
llama3.2-1b,INT8,4,15W,default,inference,128,64,12.123656768126306,8.387569741056007,5.833871116915835,10.895183483387216,1.4454314112921964,741.8398724655202,214.6148574800901,0.6339144215530903,42.91188957234637,1.866529647015725,26.457273808555954,0.5291454761711191,3.1550000000000002,50.0,15.817959093978228
llama3.2-1b,INT8,4,15W,default,inference,128,64,12.678604398454501,8.77150191936122,6.100910428065262,11.39389904188047,1.4454314112921967,775.7968119584006,224.43862673302004,0.6339144215530903,42.91188957234637,1.866529647015725,27.6683276750431,0.553366553500862,3.1550000000000002,50.0,15.817959093978228
llama3.2-1b,INT8,4,15W,default,inference,128,64,12.50434282786028,8.65094167054358,6.017056227726073,11.237295153957907,1.4454314112921967,765.1338425443264,221.35382131064443,0.6339144215530903,42.91188957234637,1.866529647015725,27.288039270669795,0.5457607854133959,3.1550000000000002,50.0,15.817959093978228
llama3.2-1b,INT8,4,15W,default,train,128,64,11.675997126027385,10.063701837805963,7.645219023997313,11.056115629585031,1.160208968251083,730.8083474731231,234.25431200351846,16.164817749603802,45.61230037210857,2.995561465093308,31.750584082078525,0.6350116816415705,3.1550000000000002,50.0,15.817959093978228
llama3.2-1b,INT8,4,15W,default,train,128,64,11.41447831374233,9.838295191726274,7.473981520490395,10.808480913960613,1.160208968251083,714.4397128309355,229.00748736091455,16.164817749603802,45.61230037210857,2.995561465093308,31.039434965743734,0.6207886993148747,3.1550000000000002,50.0,15.817959093978228
llama3.2-1b,INT8,4,15W,default,train,128,64,11.540983643209769,9.94733186781587,7.556814784411434,10.928270045051864,1.160208968251083,722.3577646920955,231.54555058577768,16.164817749603802,45.61230037210857,2.995561465093308,31.383441396777656,0.6276688279355531,3.1550000000000002,50.0,15.817959093978228
llama3.2-1b,INT8,4,25W,default,inference,128,64,20.18847940418181,13.74886940631859,8.662484464552612,18.718420405383934,1.468373784603973,1396.8909055011925,366.0845827304036,0.9508716323296355,46.073981849271874,3.156687612062935,43.36665673705249,0.8673331347410498,3.1550000000000002,50.0,15.817959093978228
llama3.2-1b,INT8,4,25W,default,inference,128,64,19.65051896964515,13.382504629054639,8.431656088951799,18.21963248909172,1.4683737846039733,1359.6680902767796,356.32956268852627,0.9508716323296355,46.073981849271874,3.156687612062935,42.211069679919575,0.8442213935983915,3.1550000000000002,50.0,15.817959093978228
llama3.2-1b,INT8,4,25W,default,inference,128,64,19.19168532170309,13.07002721168791,8.234779480885477,17.79420960575478,1.4683737846039733,1327.9202534478486,348.0093756557801,0.9508716323296355,46.073981849271874,3.156687612062935,41.2254540269848,0.824509080539696,3.1550000000000002,50.0,15.817959093978228
llama3.2-1b,INT8,4,25W,default,train,128,64,19.28867414058364,16.612993842589447,11.993505308886576,18.487450749500827,1.1610594889365913,1241.2498547806883,422.5090668281354,13.946117274167987,50.26105152645271,4.982834994288937,52.40587628874078,1.0481175257748157,3.1550000000000002,50.0,15.817959093978228
llama3.2-1b,INT8,4,25W,default,train,128,64,20.03170239126781,17.252950931579523,12.455512868570697,19.199614690365436,1.1610594889365915,1289.0646346633125,438.78474086023425,13.946117274167987,50.26105152645271,4.982834994288937,54.42462813765431,1.0884925627530861,3.1550000000000002,50.0,15.817959093978228
llama3.2-1b,INT8,4,25W,default,train,128,64,19.999356843820664,17.225092283719224,12.435400729592212,19.168612729782954,1.1610594889365913,1286.983158985983,438.0762273062008,13.946117274167987,50.26105152645271,4.982834994288937,54.33674771903912,1.0867349543807823,3.1550000000000002,50.0,15.817959093978228
llama3.2-1b,INT8,4,MAXN,default,inference,128,64,31.484976274430984,20.815405713528353,12.218659008096157,29.21710376525552,1.5125804756218737,2074.83964020853,551.6089524437361,0.9508716323296355,50.45136982829999,5.083528033266056,65.65546320986765,1.313109264197353,3.1550000000000002,50.0,15.817959093978228
llama3.2-1b,INT8,4,MAXN,default,inference,128,64,31.98159728597043,21.143732714665447,12.411387207837064,29.67795301283579,1.5125804756218737,2107.566644730344,560.3096290314866,0.9508716323296355,50.45136982829999,5.083528033266056,66.69106451596913,1.3338212903193827,3.1550000000000002,50.0,15.817959093978228
llama3.2-1b,INT8,4,MAXN,default,inference,128,64,32.17525533104157,21.27176427939361,12.486541833848976,29.857661809453656,1.5125804756218735,2120.3285850620314,563.7024698087157,0.9508716323296355,50.45136982829999,5.083528033266056,67.09489866666497,1.3418979733332994,3.1550000000000002,50.0,15.817959093978228
llama3.2-1b,INT8,4,MAXN,default,train,128,64,29.883776224299893,25.768756682929045,18.226556804736024,28.720392033589487,1.1596902633683104,2419.596860361364,655.941691684242,12.99524564183835,57.1754205906798,7.95647689847166,81.29457380585953,1.6258914761171905,3.1550000000000002,50.0,15.817959093978228
llama3.2-1b,INT8,4,MAXN,default,train,128,64,30.466563067048405,26.271293318061097,18.58200711378268,29.280490813279346,1.1596902633683104,2466.7833070938755,668.7337225391955,12.99524564183835,57.1754205906798,7.95647689847166,82.87996273546801,1.6575992547093603,3.1550000000000002,50.0,15.817959093978228
llama3.2-1b,INT8,4,MAXN,default,train,128,64,30.54509538472121,26.33901167368884,18.62990513504771,29.355965844745928,1.1596902633683104,2473.1418257714276,670.4574880004122,12.99524564183835,57.1754205906798,7.95647689847166,83.0935987648399,1.6618719752967979,3.1550000000000002,50.0,15.817959093978228
llama3.2-1b,INT8,8,7W,default,inference,128,64,6.2203575486638645,4.965067313772014,4.026938265352924,5.819424122996983,1.2528244141645268,172.1137803363176,112.57752441258381,11.468531468531468,40.65519139995339,0.794718755101107,17.74979070897442,0.3549958141794884,3.575,50.0,13.947147282556493
llama3.2-1b,INT8,8,7W,default,inference,128,64,6.107517300439244,4.874998628209344,3.9538876874893965,5.713856998048614,1.252824414164527,168.9915543960739,110.53531450747028,11.468531468531468,40.65519139995339,0.794718755101107,17.427801052613592,0.34855602105227185,3.575,50.0,13.947147282556493
llama3.2-1b,INT8,8,7W,default,inference,128,64,5.9980421725069695,4.787615969718225,3.883015622929445,5.611438094412744,1.2528244141645273,165.96243943382024,108.55400735736703,11.468531468531468,40.65519139995339,0.794718755101107,17.115413767247098,0.34230827534494196,3.575,50.0,13.947147282556493
llama3.2-1b,INT8,8,7W,default,train,128,64,6.20730725650844,5.536862429740514,4.700965538910224,5.986289390977916,1.1210874995135733,282.7837225359152,117.66504606139644,32.72727272727273,41.92651920662629,1.2359867423933495,19.792526761129142,0.39585053522258284,3.575,50.0,13.947147282556493
llama3.2-1b,INT8,8,7W,default,train,128,64,6.088128264492384,5.43055583719732,4.610707990624354,5.871353895431903,1.1210874995135733,277.3543346197555,115.40590195822419,32.72727272727273,41.92651920662629,1.2359867423933495,19.41251441578102,0.38825028831562036,3.575,50.0,13.947147282556493
llama3.2-1b,INT8,8,7W,default,train,128,64,6.0158610153241305,5.36609409875174,4.555978003225134,5.801659799564894,1.1210874995135736,274.06208551837545,114.03601178673368,32.72727272727273,41.92651920662629,1.2359867423933495,19.1820841496433,0.38364168299286594,3.575,50.0,13.947147282556493
llama3.2-1b,INT8,8,15W,default,inference,128,64,13.033451077458624,9.132652654889121,6.228159222461906,11.898471591381192,1.427126550190347,567.4565545760051,238.52278870440787,1.3986013986013985,43.0226717546286,1.680234122894793,32.644409318380625,0.6528881863676125,3.575,50.0,13.947147282556493
llama3.2-1b,INT8,8,15W,default,inference,128,64,13.30131531934708,9.320347461528888,6.3561607117505465,12.143009669094841,1.427126550190347,579.1189545721983,243.42492288128193,1.3986013986013985,43.0226717546286,1.680234122894793,33.31531911057586,0.6663063822115172,3.575,50.0,13.947147282556493
llama3.2-1b,INT8,8,15W,default,inference,128,64,13.74864766918434,9.633797134073763,6.569922752486096,12.551387406104947,1.427126550190347,598.5951218958371,251.61146986156837,1.3986013986013985,43.0226717546286,1.680234122894793,34.43573612389448,0.6887147224778896,3.575,50.0,13.947147282556493
llama3.2-1b,INT8,8,15W,default,train,128,64,12.800833416077088,11.261308906833767,8.477688480390986,12.40952263981315,1.136709198014192,876.4740801850837,251.33870125584482,18.18181818181818,45.43682072182536,2.618298454661168,40.25677360478113,0.8051354720956226,3.575,50.0,13.947147282556493
llama3.2-1b,INT8,8,15W,default,train,128,64,13.12137699672969,11.543301505479565,8.689976894186675,12.720267471173846,1.136709198014192,898.4217245985217,257.6324326589842,18.18181818181818,45.43682072182536,2.618298454661168,41.264836903268474,0.8252967380653695,3.575,50.0,13.947147282556493
llama3.2-1b,INT8,8,15W,default,train,128,64,12.268615047572334,10.793099122453972,8.12521287313416,11.893573741908643,1.136709198014192,840.0330462437353,240.88882903451838,18.18181818181818,45.43682072182536,2.618298454661168,38.58302364860306,0.7716604729720612,3.575,50.0,13.947147282556493
llama3.2-1b,INT8,8,25W,default,inference,128,64,21.457978904820155,14.71494170345335,9.16778262807481,20.33785469684735,1.4582442348231883,1306.1303684580155,358.0920513090653,0.2797202797202797,46.114849194703304,2.7711488505916853,52.594433818595746,1.0518886763719149,3.575,50.0,13.947147282556493
llama3.2-1b,INT8,8,25W,default,inference,128,64,21.274949958149875,14.589428471650672,9.089584695028016,20.164380012245953,1.4582442348231885,1294.9895398360234,355.03765316407606,0.2797202797202797,46.114849194703304,2.7711488505916853,52.145821958865795,1.0429164391773158,3.575,50.0,13.947147282556493
llama3.2-1b,INT8,8,25W,default,inference,128,64,21.704200268445085,14.883789525886046,9.272979112334307,20.571223102086044,1.4582442348231885,1321.1176700030558,362.20100833468484,0.2797202797202797,46.114849194703304,2.7711488505916853,53.19793302377889,1.0639586604755777,3.575,50.0,13.947147282556493
llama3.2-1b,INT8,8,25W,default,train,128,64,21.71401573231452,18.80774408548375,13.549861568061422,20.823427656867615,1.1545252654237197,1548.4730360395208,414.29397634270754,10.629370629370628,50.240002412360965,4.363293776443034,67.23267745605952,1.3446535491211904,3.575,50.0,13.947147282556493
llama3.2-1b,INT8,8,25W,default,train,128,64,21.150889839934166,18.319988720360858,13.19846282260553,20.28339805450159,1.1545252654237195,1508.315320810964,403.5497792300291,10.629370629370628,50.240002412360965,4.363293776443034,65.48908189288505,1.309781637857701,3.575,50.0,13.947147282556493
llama3.2-1b,INT8,8,25W,default,train,128,64,20.852350061307256,18.06140643760991,13.012169659571002,19.997102716063424,1.1545252654237192,1487.0258088621906,397.8537700943371,10.629370629370628,50.240002412360965,4.363293776443034,64.56471908078872,1.2912943816157745,3.575,50.0,13.947147282556493
llama3.2-1b,INT8,8,MAXN,default,inference,128,64,36.770671320501194,23.72594369443852,14.039291010053596,33.554641967650845,1.5498085890307673,1813.852473173292,663.9410669535692,0.5594405594405594,50.4814926070512,4.454916741113567,84.80031011885362,1.6960062023770723,3.575,50.0,13.947147282556493
llama3.2-1b,INT8,8,MAXN,default,inference,128,64,35.536600108712726,22.929670386545542,13.568114274703426,32.428504853829374,1.5498085890307678,1752.9772419308733,641.6583473940087,0.5594405594405594,50.4814926070512,4.454916741113567,81.95430220792204,1.6390860441584407,3.575,50.0,13.947147282556493
llama3.2-1b,INT8,8,MAXN,default,inference,128,64,36.283370601438854,23.41151730494026,13.853236299637954,33.10996144995796,1.5498085890307671,1789.814521656276,655.1422349572357,0.5594405594405594,50.4814926070512,4.454916741113567,83.6765000111337,1.6735300002226738,3.575,50.0,13.947147282556493
llama3.2-1b,INT8,8,MAXN,default,train,128,64,33.79353878905331,28.9913908452365,20.294012343315416,32.36987387236002,1.1656404816675374,2512.489040770751,711.2686104968191,11.188811188811188,57.318922389763586,7.030446454757307,103.63939808889998,2.0727879617779994,3.575,50.0,13.947147282556493
llama3.2-1b,INT8,8,MAXN,default,train,128,64,34.603271105273116,29.686058136699668,20.780280375874035,33.14549352882818,1.1656404816675374,2572.691187197605,728.3114299253245,11.188811188811188,57.318922389763586,7.030446454757307,106.12271806287488,2.1224543612574975,3.575,50.0,13.947147282556493
llama3.2-1b,INT8,8,MAXN,default,train,128,64,33.98632676319211,29.15678315716359,20.40978718273777,32.554540013598896,1.1656404816675374,2526.822481113882,715.3263102642852,11.188811188811188,57.318922389763586,7.030446454757307,104.23064808267085,2.0846129616534173,3.575,50.0,13.947147282556493
llama3.2-1b,INT8,16,7W,default,inference,128,64,6.906370555262544,5.496099717604031,4.432476528455503,6.530828607947446,1.2565948418187192,203.169913518815,113.81837015044805,6.44361833952912,40.55958668668245,0.6942562418788025,22.174106974353244,0.4434821394870649,4.035,50.0,12.364817244036917
llama3.2-1b,INT8,16,7W,default,inference,128,64,6.882691764107848,5.477256101215773,4.417279590327788,6.508437378655981,1.2565948418187192,202.473336653639,113.42813892917276,6.44361833952912,40.55958668668245,0.6942562418788025,22.09808208633337,0.4419616417266674,4.035,50.0,12.364817244036917
llama3.2-1b,INT8,16,7W,default,inference,128,64,7.100272017099624,5.650406782525959,4.556921585602222,6.714186451833118,1.256594841818719,208.8740591213982,117.0139050814936,6.44361833952912,40.55958668668245,0.6942562418788025,22.796661429382112,0.45593322858764224,4.035,50.0,12.364817244036917
llama3.2-1b,INT8,16,7W,default,train,128,64,6.86289824328508,6.07929729563972,5.155044573607897,6.559053093897408,1.128896632215599,338.8112151776949,118.64121712328418,28.004956629491943,41.774211756058506,1.0676600440720638,24.52902768351938,0.4905805536703876,4.035,50.0,12.364817244036917
llama3.2-1b,INT8,16,7W,default,train,128,64,6.739833491455668,5.970283991571407,5.0626048697639225,6.44143686054786,1.1288966322155995,332.73568897363646,116.5137556012804,28.004956629491943,41.774211756058506,1.0676600440720638,24.08917580207226,0.48178351604144515,4.035,50.0,12.364817244036917
llama3.2-1b,INT8,16,7W,default,train,128,64,6.714291937872197,5.947658754809615,5.043419411589483,6.41702612325935,1.1288966322155989,331.4747399546693,116.07221022250022,28.004956629491943,41.774211756058506,1.0676600440720638,23.997886458602537,0.4799577291720507,4.035,50.0,12.364817244036917
llama3.2-1b,INT8,16,15W,default,inference,128,64,14.239989719996766,10.202794526487603,6.84495521801864,13.474902529970946,1.395695040513474,1023.594665920063,252.42140033695495,1.7348203221809169,43.08058580564369,1.5086438918801697,41.16361377054659,0.8232722754109318,4.035,50.0,12.364817244036917
llama3.2-1b,INT8,16,15W,default,inference,128,64,14.520344150140296,10.403665362884922,6.979717500663464,13.740194057163878,1.3956950405134738,1043.7470188995733,257.3910287734221,1.7348203221809169,43.08058580564369,1.5086438918801697,41.97403580793642,0.8394807161587283,4.035,50.0,12.364817244036917
llama3.2-1b,INT8,16,15W,default,inference,128,64,14.206407094966618,10.178732948524416,6.828812540323299,13.443124234629456,1.395695040513474,1021.1806897498286,251.82610684280303,1.7348203221809169,43.08058580564369,1.5086438918801697,41.06653629834864,0.8213307259669728,4.035,50.0,12.364817244036917
llama3.2-1b,INT8,16,15W,default,train,128,64,15.168725854697222,12.919847219738386,9.742718475762155,14.238881687746344,1.1740638721735885,992.1735784209937,279.785499820335,11.400247831474596,45.55479306056895,2.324066503702059,52.12783205634768,1.0425566411269536,4.035,50.0,12.364817244036917
llama3.2-1b,INT8,16,15W,default,train,128,64,14.780476015938842,12.589158363739777,9.493349549623138,13.874431596662703,1.1740638721735885,966.7784835704268,272.6242737402591,11.400247831474596,45.55479306056895,2.324066503702059,50.793598542961725,1.0158719708592345,4.035,50.0,12.364817244036917
llama3.2-1b,INT8,16,15W,default,train,128,64,14.433832733365715,12.293907576462443,9.270704091726738,13.54903757638101,1.1740638721735888,944.1048385061864,266.2304760671309,11.400247831474596,45.55479306056895,2.324066503702059,49.60234734688072,0.9920469469376144,4.035,50.0,12.364817244036917
llama3.2-1b,INT8,16,25W,default,inference,128,64,24.216522285819725,16.30556438298673,10.023356630933229,22.44960548590396,1.485169216901643,1596.056393340666,432.5777588901381,1.2391573729863692,45.87361389584014,2.465686238915967,65.78125948109783,1.3156251896219566,4.035,50.0,12.364817244036917
llama3.2-1b,INT8,16,25W,default,inference,128,64,24.130763504999475,16.247820942142216,9.987860582646444,22.370103946680302,1.4851692169016433,1590.4042254200306,431.0458567955871,1.2391573729863692,45.87361389584014,2.465686238915967,65.54830610540924,1.3109661221081848,4.035,50.0,12.364817244036917
llama3.2-1b,INT8,16,25W,default,inference,128,64,24.52998729302332,16.51662787907612,10.153101584458597,22.740199059262657,1.4851692169016428,1616.7161653314963,438.1771587009856,1.2391573729863692,45.87361389584014,2.465686238915967,66.63274933309769,1.332654986661954,4.035,50.0,12.364817244036917
llama3.2-1b,INT8,16,25W,default,train,128,64,23.43848632762857,20.062699589113777,14.232183855769843,22.29842304028906,1.1682618395156816,1616.5938784486602,443.44897724682824,8.426270136307311,50.27049157716792,3.8613911785899626,80.94893422944419,1.6189786845888838,4.035,50.0,12.364817244036917
llama3.2-1b,INT8,16,25W,default,train,128,64,24.54274199077465,21.00791206271804,14.902703675266231,23.348966986569465,1.1682618395156814,1692.7563456119065,464.34115593090644,8.426270136307311,50.27049157716792,3.8613911785899626,84.76267534732241,1.6952535069464483,4.035,50.0,12.364817244036917
llama3.2-1b,INT8,16,25W,default,train,128,64,23.75868996943898,20.3367850988683,14.426616083083127,22.60305176777276,1.1682618395156814,1638.6788902524083,449.50713200506226,8.426270136307311,50.27049157716792,3.8613911785899626,82.05481381478182,1.6410962762956365,4.035,50.0,12.364817244036917
llama3.2-1b,INT8,16,MAXN,default,inference,128,64,39.125741728236775,25.535840432956103,15.032756567939408,36.02722508928455,1.532189309804027,2473.0615671587066,690.3106742050485,0.24783147459727384,50.369139596619156,3.942601383536062,103.02290561822878,2.0604581123645755,4.035,50.0,12.364817244036917
llama3.2-1b,INT8,16,MAXN,default,inference,128,64,40.03812493243033,26.131317244049534,15.38330927312735,36.867353189436095,1.5321893098040271,2530.7315239990075,706.4082058300038,0.24783147459727384,50.369139596619156,3.942601383536062,105.42532317202694,2.1085064634405386,4.035,50.0,12.364817244036917
llama3.2-1b,INT8,16,MAXN,default,inference,128,64,38.723818807296475,25.273521071785446,14.878331139495447,35.65713197662648,1.532189309804027,2447.6568058728576,683.2193918349933,0.24783147459727384,50.369139596619156,3.942601383536062,101.96459297491978,2.0392918594983955,4.035,50.0,12.364817244036917
llama3.2-1b,INT8,16,MAXN,default,train,128,64,37.9844375409232,32.506301246728164,22.472709752250466,36.387322879264396,1.1685253653627057,2802.9970095423573,753.8292442867898,9.169764560099132,57.19916907011417,6.189479677423071,131.15203462218795,2.6230406924437593,4.035,50.0,12.364817244036917
llama3.2-1b,INT8,16,MAXN,default,train,128,64,39.34704125313356,33.67238950856697,23.278866160354493,37.69263380243563,1.1685253653627057,2903.548034587865,780.8711223067361,9.169764560099132,57.19916907011417,6.189479677423071,135.8568100725971,2.7171362014519422,4.035,50.0,12.364817244036917
llama3.2-1b,INT8,16,MAXN,default,train,128,64,38.2978286922666,32.774494955339804,22.6581211691097,36.687537012990894,1.1685253653627057,2826.123176912511,760.0487233702654,9.169764560099132,57.19916907011417,6.189479677423071,132.23410638083897,2.6446821276167793,4.035,50.0,12.364817244036917
llama3.2-1b,FP8,1,7W,default,inference,128,64,4.661554623809637,3.757959350684487,3.1313875407031917,4.342070503897848,1.240448389352739,137.89456861551545,83.4971157852962,15.631262525050099,40.57516764199421,1.1234164574375298,9.374999568227173,0.18749999136454346,2.495,50.0,20.0
llama3.2-1b,FP8,1,7W,default,inference,128,64,4.590165843950187,3.7004085646363065,3.0834323082028394,4.2755744225790275,1.240448389352739,135.78279994666278,82.2184099245411,15.631262525050099,40.57516764199421,1.1234164574375298,9.231427340854744,0.18462854681709487,2.495,50.0,20.0
llama3.2-1b,FP8,1,7W,default,inference,128,64,4.542168670441861,3.6617151583484637,3.0511903281678374,4.230866781420754,1.240448389352739,134.36298401189083,81.35869125186443,15.631262525050099,40.57516764199421,1.1234164574375298,9.134898710981275,0.1826979742196255,2.495,50.0,20.0
llama3.2-1b,FP8,1,7W,default,train,128,64,4.808693751483104,4.278757235134994,3.7288318325988308,4.614288226553344,1.1238529056980702,225.97138752973447,91.4366070155766,44.88977955911823,41.60572540998416,1.7642588293256414,10.674887141147542,0.21349774282295084,2.495,50.0,20.0
llama3.2-1b,FP8,1,7W,default,train,128,64,4.6313100137472984,4.120921866434651,3.59128218563896,4.444075745801391,1.1238529056980704,217.63572478785017,88.06368123644977,44.88977955911823,41.60572540998416,1.7642588293256414,10.281110477699048,0.20562220955398097,2.495,50.0,20.0
llama3.2-1b,FP8,1,7W,default,train,128,64,4.822556332026037,4.2910921060710825,3.739581369641923,4.627590371687701,1.1238529056980702,226.6228215203195,91.7002019531695,44.88977955911823,41.60572540998416,1.7642588293256414,10.705660879386798,0.21411321758773597,2.495,50.0,20.0
llama3.2-1b,FP8,1,15W,default,inference,128,64,10.021700017589621,6.953611460625638,4.87817954107046,9.079555877226055,1.4412223165382234,602.8674669506147,171.13985498510613,1.2024048096192383,43.01536155976925,2.4231516502115253,17.346270951702998,0.34692541903405993,2.495,50.0,20.0
llama3.2-1b,FP8,1,15W,default,inference,128,64,10.415700076181162,7.226990559790518,5.0699636716699,9.436515828265643,1.4412223165382234,626.569016277034,177.86816582789044,1.2024048096192383,43.01536155976925,2.4231516502115253,18.028234267240308,0.3605646853448061,2.495,50.0,20.0
llama3.2-1b,FP8,1,15W,default,inference,128,64,10.118953540342304,7.0210913501865235,4.925518829230802,9.167666556306473,1.4412223165382234,608.7178700569765,172.80064644278983,1.2024048096192383,43.01536155976925,2.4231516502115253,17.51460426378725,0.35029208527574496,2.495,50.0,20.0
llama3.2-1b,FP8,1,15W,default,train,128,64,9.98341021553528,8.519909912558017,6.4351122892612,9.427822526992985,1.1717741523088314,629.4401895547492,240.15662369554124,15.230460921843687,45.4546194766719,3.7512577270255933,21.254372362894706,0.4250874472578941,2.495,50.0,20.0
llama3.2-1b,FP8,1,15W,default,train,128,64,10.14180981672921,8.65508920532687,6.537213595152744,9.57740701727858,1.1717741523088314,639.42706506606,243.96701639665056,15.230460921843687,45.4546194766719,3.7512577270255933,21.591600227244193,0.43183200454488385,2.495,50.0,20.0
llama3.2-1b,FP8,1,15W,default,train,128,64,9.988311714155847,8.524092884686997,6.438271700056514,9.432451251858872,1.1717741523088314,629.7492222554217,240.27453203891776,15.230460921843687,45.4546194766719,3.7512577270255933,21.264807502247756,0.42529615004495513,2.495,50.0,20.0
llama3.2-1b,FP8,1,25W,default,inference,128,64,16.664955439637453,11.356169327473093,7.306627838280547,15.406267993606663,1.467480358832025,1005.6677140137831,299.667587323244,0.8016032064128256,45.85069537524506,3.951745593491025,28.32586481703582,0.5665172963407165,2.495,50.0,20.0
llama3.2-1b,FP8,1,25W,default,inference,128,64,15.888989627022765,10.827395086683744,6.966411302536375,14.688910104092937,1.467480358832025,958.8410802581977,285.71424650851276,0.8016032064128256,45.85069537524506,3.951745593491025,27.006935235112913,0.5401387047022582,2.495,50.0,20.0
llama3.2-1b,FP8,1,25W,default,inference,128,64,16.250557550452278,11.073781977829114,7.12493811434385,15.02316916325596,1.4674803588320249,980.6603517427886,292.21592529547723,0.8016032064128256,45.85069537524506,3.951745593491025,27.62150178216055,0.552430035643211,2.495,50.0,20.0
llama3.2-1b,FP8,1,25W,default,train,128,64,16.443128502597467,14.380979319357198,10.38586698320926,15.91388262972857,1.143394211023206,1220.776717943576,453.8094672382979,18.036072144288575,50.219287149139916,6.2552662769258705,35.875537407525215,0.7175107481505043,2.495,50.0,20.0
llama3.2-1b,FP8,1,25W,default,train,128,64,15.724730471099338,13.752676303151398,9.93210987762194,15.218607277907088,1.1433942110232063,1167.4411503883575,433.9825937885335,18.036072144288575,50.219287149139916,6.2552662769258705,34.308140093295606,0.6861628018659122,2.495,50.0,20.0
llama3.2-1b,FP8,1,25W,default,train,128,64,15.897793037832187,13.90403492038454,10.041420268134075,15.386099575625924,1.143394211023206,1180.2897243188997,438.75890087605137,18.036072144288575,50.219287149139916,6.2552662769258705,34.68572715561686,0.6937145431123372,2.495,50.0,20.0
llama3.2-1b,FP8,1,MAXN,default,inference,128,64,26.413762047086667,17.320044351535486,10.373278528963445,24.285213296554247,1.5250400929109047,1821.9279048910953,519.0937130355343,0.4008016032064128,50.442114373677086,6.363399239415494,43.197763498506035,0.8639552699701207,2.495,50.0,20.0
llama3.2-1b,FP8,1,MAXN,default,inference,128,64,26.170761434618488,17.160703876752063,10.277846722189857,24.061794849213694,1.5250400929109047,1805.166581912106,514.3181687578514,0.4008016032064128,50.442114373677086,6.363399239415494,42.80035388420423,0.8560070776840846,2.495,50.0,20.0
llama3.2-1b,FP8,1,MAXN,default,inference,128,64,25.708343093770225,16.857486706923016,10.09624463771703,23.636640415713472,1.5250400929109051,1773.2705999076113,505.23054038069233,0.4008016032064128,50.442114373677086,6.363399239415494,42.044102726579446,0.8408820545315889,2.495,50.0,20.0
llama3.2-1b,FP8,1,MAXN,default,train,128,64,25.60369356991703,21.35677402684065,15.017406460980956,23.749133837297943,1.198855854247414,1951.2402111013405,605.0720087642198,12.825651302605209,57.294830867251136,9.975600359683568,53.28141425047268,1.0656282850094536,2.495,50.0,20.0
llama3.2-1b,FP8,1,MAXN,default,train,128,64,27.083746734882915,22.591328756437388,15.885506210005802,25.12198188381536,1.1988558542474141,2064.0340641508237,640.0489443832265,12.825651302605209,57.294830867251136,9.975600359683568,56.361412282003805,1.1272282456400762,2.495,50.0,20.0
llama3.2-1b,FP8,1,MAXN,default,train,128,64,26.16058124117373,21.82128998118471,15.34403935437713,24.265684302991527,1.198855854247414,1993.680244772864,618.2324983233987,12.825651302605209,57.294830867251136,9.975600359683568,54.440300276904125,1.0888060055380826,2.495,50.0,20.0
llama3.2-1b,FP8,2,7W,default,inference,128,64,4.871257577203146,3.9728256004808644,3.3113758057279594,4.592716709094177,1.2261443282618638,142.69867724763,85.84130496094679,13.644524236983841,40.505811684886176,1.03189953497069,11.063159890503758,0.22126319781007517,2.785,50.0,17.905223175104137
llama3.2-1b,FP8,2,7W,default,inference,128,64,4.899674372294893,3.9960013347209182,3.330692929951385,4.619508618076272,1.226144328261864,143.5311191801169,86.34206574701125,13.644524236983841,40.505811684886176,1.03189953497069,11.127697546887797,0.22255395093775593,2.785,50.0,17.905223175104137
llama3.2-1b,FP8,2,7W,default,inference,128,64,5.0770646590279656,4.140674586184336,3.451279019754566,4.7867556422785436,1.2261443282618643,148.72759234381303,89.46803752313465,13.644524236983841,40.505811684886176,1.03189953497069,11.530570331594259,0.23061140663188517,2.785,50.0,17.905223175104137
llama3.2-1b,FP8,2,7W,default,train,128,64,4.913665292496942,4.419055150780687,3.78729965742452,4.744211700263018,1.1119266732004636,208.1306624325279,92.43629996609391,41.292639138240574,41.71582972106245,1.5580072124790327,12.305656902256391,0.24611313804512783,2.785,50.0,17.905223175104137
llama3.2-1b,FP8,2,7W,default,train,128,64,4.94590007955083,4.448045180277063,3.8121452239617364,4.775334832343272,1.1119266732004633,209.49604798150745,93.04270359110407,41.292639138240574,41.71582972106245,1.5580072124790327,12.38638487337159,0.24772769746743178,2.785,50.0,17.905223175104137
llama3.2-1b,FP8,2,7W,default,train,128,64,4.896687971057164,4.4037867685672145,3.7742140685930945,4.727819861946984,1.1119266732004638,207.4115452466288,92.11692111470478,41.292639138240574,41.71582972106245,1.5580072124790327,12.263139335364677,0.24526278670729354,2.785,50.0,17.905223175104137
llama3.2-1b,FP8,2,15W,default,inference,128,64,10.314558876739596,7.491419268165347,5.193216782971811,9.716742673934462,1.3768497673826814,466.20485694074347,175.5384779510164,1.436265709156194,42.98296885849714,2.1492316347725304,20.860700733615495,0.4172140146723099,2.785,50.0,17.905223175104137
llama3.2-1b,FP8,2,15W,default,inference,128,64,10.929991309142403,7.93840516813954,5.503077250582006,10.296505575122332,1.3768497673826816,494.02161503323674,186.01222421168333,1.436265709156194,42.98296885849714,2.1492316347725304,22.105383317479337,0.44210766634958676,2.785,50.0,17.905223175104137
llama3.2-1b,FP8,2,15W,default,inference,128,64,10.551201333063846,7.663291655356938,5.312362506064065,9.93966969207538,1.3768497673826818,476.90079302634234,179.56578121217913,1.436265709156194,42.98296885849714,2.1492316347725304,21.339298754261847,0.42678597508523697,2.785,50.0,17.905223175104137
llama3.2-1b,FP8,2,15W,default,train,128,64,10.511229664859265,9.151148199703005,6.945583314288367,10.095136015275735,1.148624132783731,760.0333204696494,221.33143043456897,16.15798922800718,45.452891727321145,3.357762246461513,25.483086528124968,0.5096617305624993,2.785,50.0,17.905223175104137
llama3.2-1b,FP8,2,15W,default,train,128,64,10.451997954680884,9.099580669048022,6.906444337117399,10.038249029667647,1.1486241327837308,755.7504653899556,220.08420821995975,16.15798922800718,45.452891727321145,3.357762246461513,25.339487078411608,0.5067897415682322,2.785,50.0,17.905223175104137
llama3.2-1b,FP8,2,15W,default,train,128,64,10.730000168605278,9.34161129159001,7.090141925309556,10.30524635078004,1.1486241327837303,775.8519142673646,225.93800740746786,16.15798922800718,45.452891727321145,3.357762246461513,26.013466688630743,0.5202693337726149,2.785,50.0,17.905223175104137
llama3.2-1b,FP8,2,25W,default,inference,128,64,17.986114540127087,12.248663050113379,7.754379707432099,16.691437093204225,1.468414509121516,1089.5216124956687,345.3390588266949,0.3590664272890485,46.05467847248244,3.594058646040354,34.10355123605789,0.6820710247211578,2.785,50.0,17.905223175104137
llama3.2-1b,FP8,2,25W,default,inference,128,64,18.06906173097938,12.305150636102923,7.7901408504014995,16.768413574983,1.468414509121516,1094.546197262309,346.93167099189304,0.3590664272890485,46.05467847248244,3.594058646040354,34.26082777106534,0.6852165554213068,2.785,50.0,17.905223175104137
llama3.2-1b,FP8,2,25W,default,inference,128,64,18.01320232858576,12.267110013345091,7.766058105046798,16.716575047043186,1.4684145091215155,1091.1624744447345,345.8591528887645,0.3590664272890485,46.05467847248244,3.594058646040354,34.15491251141899,0.6830982502283799,2.785,50.0,17.905223175104137
llama3.2-1b,FP8,2,25W,default,train,128,64,17.35628155520415,14.980290080186409,10.784755932944009,16.55672266224088,1.158607841523732,1312.11618392965,365.6168114110264,12.926391382405745,50.2812580004507,5.61848763166741,41.71599978007552,0.8343199956015104,2.785,50.0,17.905223175104137
llama3.2-1b,FP8,2,25W,default,train,128,64,17.313079614612718,14.94300227749502,10.757911335866794,16.515510923046172,1.158607841523732,1308.850163771652,364.7067457546487,12.926391382405745,50.2812580004507,5.61848763166741,41.61216347513435,0.832243269502687,2.785,50.0,17.905223175104137
llama3.2-1b,FP8,2,25W,default,train,128,64,16.874646098741234,14.564588201430354,10.485479798820272,16.097274902558322,1.1586078415237318,1275.7050623902066,355.4709734736561,12.926391382405745,50.2812580004507,5.61848763166741,40.5583840470063,0.811167680940126,2.785,50.0,17.905223175104137
llama3.2-1b,FP8,2,MAXN,default,inference,128,64,28.747299702456548,18.803157510099446,11.242562420320859,26.313739607475192,1.5288549110443796,1770.3800845267783,529.9668025694614,1.0771992818671454,50.24731440190637,5.733590664616925,52.35543047717657,1.0471086095435314,2.785,50.0,17.905223175104137
llama3.2-1b,FP8,2,MAXN,default,inference,128,64,30.289139442686988,19.81165068305671,11.845548777338271,27.725057187241266,1.5288549110443796,1865.3330852568847,558.391172359387,1.0771992818671454,50.24731440190637,5.733590664616925,55.16347450781938,1.1032694901563875,2.785,50.0,17.905223175104137
llama3.2-1b,FP8,2,MAXN,default,inference,128,64,28.31316655998376,18.519197835877495,11.07278059721059,25.91635736342993,1.5288549110443799,1743.6443327371542,521.9634020488177,1.0771992818671454,50.24731440190637,5.733590664616925,51.56477438794986,1.0312954877589973,2.785,50.0,17.905223175104137
llama3.2-1b,FP8,2,MAXN,default,train,128,64,28.243314125718424,23.921165339440485,16.702668171864673,26.63495373004255,1.1806830363381884,2203.2650415414505,711.8342044877116,15.080789946140035,57.27042700549485,9.033610529450298,66.6128457277585,1.33225691455517,2.785,50.0,17.905223175104137
llama3.2-1b,FP8,2,MAXN,default,train,128,64,28.43046822547814,24.07967875413319,16.813348271635405,26.81145004224228,1.1806830363381884,2217.864960076021,716.5511682663282,15.080789946140035,57.27042700549485,9.033610529450298,67.054255228043,1.34108510456086,2.785,50.0,17.905223175104137
llama3.2-1b,FP8,2,MAXN,default,train,128,64,28.9152503929826,24.490273429066416,17.100041102491645,27.26862551899956,1.1806830363381886,2255.682887450649,728.7694414838156,15.080789946140035,57.27042700549485,9.033610529450298,68.19763095200369,1.363952619040074,2.785,50.0,17.905223175104137
llama3.2-1b,FP8,4,7W,default,inference,128,64,5.767690430833497,4.714677737714832,3.9011689623542254,5.485041619673766,1.2233477560290371,188.00171766818022,105.06250601268519,16.481774960380346,40.54079520996256,0.8642780821487828,14.87413461656855,0.29748269233137103,3.1550000000000002,50.0,15.817959093978228
llama3.2-1b,FP8,4,7W,default,inference,128,64,5.433066631081291,4.441146521343138,3.6748350428567997,5.166816241494273,1.223347756029037,177.09443166167793,98.9670999927101,16.481774960380346,40.54079520996256,0.8642780821487828,14.011182711796728,0.28022365423593454,3.1550000000000002,50.0,15.817959093978228
llama3.2-1b,FP8,4,7W,default,inference,128,64,5.380458298309411,4.398142941606624,3.6392516499143315,5.116786008725052,1.223347756029037,175.37962795586532,98.00880250007526,16.481774960380346,40.54079520996256,0.8642780821487828,13.875512562195945,0.2775102512439189,3.1550000000000002,50.0,15.817959093978228
llama3.2-1b,FP8,4,7W,default,train,128,64,5.622439317190426,5.082955273074114,4.322705368753882,5.478690857332547,1.106135902272073,217.57876118101413,108.04608394467675,43.42313787638668,41.76652968321167,1.3813238794673344,16.036873702668302,0.32073747405336606,3.1550000000000002,50.0,15.817959093978228
llama3.2-1b,FP8,4,7W,default,train,128,64,5.5291547855507,4.998621574612548,4.250985333553531,5.387791323910725,1.106135902272073,213.96880975486607,106.25344061538917,43.42313787638668,41.76652968321167,1.3813238794673344,15.770798398352454,0.31541596796704907,3.1550000000000002,50.0,15.817959093978228
llama3.2-1b,FP8,4,7W,default,train,128,64,5.726629812876652,5.177148487011219,4.402810246666738,5.580217522883528,1.106135902272073,221.61075471608584,110.048306540256,43.42313787638668,41.76652968321167,1.3813238794673344,16.334056068910968,0.32668112137821936,3.1550000000000002,50.0,15.817959093978228
llama3.2-1b,FP8,4,15W,default,inference,128,64,12.698944201309033,8.606695263105474,5.851730969819089,11.32194109167523,1.4754727352490218,681.7162422527807,214.24732459993723,0.9508716323296355,43.06340946059497,1.8928869643001165,27.149213563245745,0.5429842712649149,3.1550000000000002,50.0,15.817959093978228
llama3.2-1b,FP8,4,15W,default,inference,128,64,12.349926663048763,8.370149015979216,5.690902108358535,11.010769080403856,1.4754727352490218,662.9799661583808,208.35895525006566,0.9508716323296355,43.06340946059497,1.8928869643001165,26.403045099684064,0.5280609019936813,3.1550000000000002,50.0,15.817959093978228
llama3.2-1b,FP8,4,15W,default,inference,128,64,12.468131082314157,8.450261929245245,5.745371239809124,11.116156067737853,1.4754727352490216,669.325523020578,210.35321399961504,0.9508716323296355,43.06340946059497,1.8928869643001165,26.655755637810913,0.5331151127562183,3.1550000000000002,50.0,15.817959093978228
llama3.2-1b,FP8,4,15W,default,train,128,64,11.829198932762688,10.25771963044161,7.706281379876141,11.309571514984162,1.1531996738980304,771.7182885084632,244.71473405731933,14.263074484944532,45.48591694656462,2.941970434582827,32.35951967260226,0.6471903934520452,3.1550000000000002,50.0,15.817959093978228
llama3.2-1b,FP8,4,15W,default,train,128,64,11.847415552716104,10.27351621828822,7.718148827532504,11.326987923930824,1.1531996738980306,772.9067120739777,245.09158758160788,14.263074484944532,45.48591694656462,2.941970434582827,32.4093523852907,0.648187047705814,3.1550000000000002,50.0,15.817959093978228
llama3.2-1b,FP8,4,15W,default,train,128,64,11.463891984318884,9.940942790565302,7.468297544222241,10.960311596216275,1.1531996738980306,747.886239133378,237.15750273118795,14.263074484944532,45.48591694656462,2.941970434582827,31.360199477558012,0.6272039895511603,3.1550000000000002,50.0,15.817959093978228
llama3.2-1b,FP8,4,25W,default,inference,128,64,19.771965870386484,12.97737728210552,8.049467298872925,17.78787872818911,1.5235717850054347,1090.4587793768515,341.2670064860314,0.6339144215530903,46.12423869420618,3.1328306933558623,40.933300510395576,0.8186660102079115,3.1550000000000002,50.0,15.817959093978228
llama3.2-1b,FP8,4,25W,default,inference,128,64,19.90374792976821,13.063872753260002,8.103117774729757,17.906436655417988,1.523571785005435,1097.7267923078466,343.5415839968657,0.6339144215530903,46.12423869420618,3.1328306933558623,41.20612490600259,0.8241224981200519,3.1550000000000002,50.0,15.817959093978228
llama3.2-1b,FP8,4,25W,default,inference,128,64,20.817144989392105,13.663383106899584,8.474975576352877,18.72817568904686,1.5235717850054349,1148.1022506337017,359.3069500871369,0.6339144215530903,46.12423869420618,3.1328306933558623,43.09710310068455,0.861942062013691,3.1550000000000002,50.0,15.817959093978228
llama3.2-1b,FP8,4,25W,default,train,128,64,19.372476592210703,16.60549249969623,11.8766491409409,18.50839791190728,1.1666306550417034,1436.264945432108,414.11531301393825,13.312202852614895,50.26387581574526,4.949163620004904,52.38739386641601,1.0477478773283202,3.1550000000000002,50.0,15.817959093978228
llama3.2-1b,FP8,4,25W,default,train,128,64,18.718937264277947,16.04529864133289,11.4759849687212,17.88400867210696,1.1666306550417036,1387.8118928395197,400.1449441730947,13.312202852614895,50.26387581574526,4.949163620004904,50.62008125583466,1.0124016251166932,3.1550000000000002,50.0,15.817959093978228
llama3.2-1b,FP8,4,25W,default,train,128,64,19.217952307606573,16.473039024437078,11.781915217621252,18.36076593863361,1.1666306550417036,1424.8085984782995,410.81212809679516,13.312202852614895,50.26387581574526,4.949163620004904,51.96952656272096,1.0393905312544192,3.1550000000000002,50.0,15.817959093978228
llama3.2-1b,FP8,4,MAXN,default,inference,128,64,30.188706274300927,20.143325772182006,11.809072682599377,28.395892741360058,1.4986952311515322,1969.3307629249691,570.8741656025253,0.31695721077654515,50.35818935761755,5.045101121754623,63.53318576346706,1.2706637152693412,3.1550000000000002,50.0,15.817959093978228
llama3.2-1b,FP8,4,MAXN,default,inference,128,64,31.24005515741818,20.844835232720854,12.22033427369546,29.384805278634314,1.498695231151532,2037.9144802687013,590.7553725331328,0.31695721077654515,50.35818935761755,5.045101121754623,65.7457861739114,1.314915723478228,3.1550000000000002,50.0,15.817959093978228
llama3.2-1b,FP8,4,MAXN,default,inference,128,64,30.861820899602648,20.592459532876322,12.07237841891294,29.029033179013712,1.498695231151532,2013.2407379512865,583.6028909272372,0.31695721077654515,50.35818935761755,5.045101121754623,64.94977898017626,1.2989955796035253,3.1550000000000002,50.0,15.817959093978228
llama3.2-1b,FP8,4,MAXN,default,train,128,64,30.64731755590055,26.191981480997462,18.230243162610016,29.335746768075424,1.1701030553238394,2241.0478776185364,687.1813040355692,12.36133122028526,57.215077982633865,7.926161936024404,82.62527714602659,1.6525055429205318,3.1550000000000002,50.0,15.817959093978228
llama3.2-1b,FP8,4,MAXN,default,train,128,64,30.94089172963999,26.4428774789215,18.40487275502933,29.61675725464602,1.1701030553238394,2262.515132551448,693.7638926478828,12.36133122028526,57.215077982633865,7.926161936024404,83.41675416269837,1.6683350832539674,3.1550000000000002,50.0,15.817959093978228
llama3.2-1b,FP8,4,MAXN,default,train,128,64,31.106385917792633,26.584313045130532,18.503315278963715,29.775169017319175,1.1701030553238392,2274.6166940809744,697.4746419432367,12.36133122028526,57.215077982633865,7.926161936024404,83.8629270826359,1.6772585416527181,3.1550000000000002,50.0,15.817959093978228
llama3.2-1b,FP8,8,7W,default,inference,128,64,6.17583778263074,4.921237693974231,4.019952347752331,5.779136108150944,1.2549358853754808,172.64095296179138,107.53504549751771,9.79020979020979,40.42050148133448,0.7737286068688354,17.591893071586146,0.3518378614317229,3.575,50.0,13.947147282556493
llama3.2-1b,FP8,8,7W,default,inference,128,64,6.327844475188369,5.042364752598543,4.11889595380683,5.921378731185998,1.2549358853754808,176.89018702255717,110.18181945360911,9.79020979020979,40.42050148133448,0.7737286068688354,18.0248846066229,0.360497692132458,3.575,50.0,13.947147282556493
llama3.2-1b,FP8,8,7W,default,inference,128,64,6.464704859500849,5.151422423119719,4.207980583713816,6.049447961077388,1.2549358853754808,180.7160172988762,112.56486255996168,9.79020979020979,40.42050148133448,0.7737286068688354,18.41473183566326,0.36829463671326523,3.575,50.0,13.947147282556493
llama3.2-1b,FP8,8,7W,default,train,128,64,6.299552897729604,5.585871815432842,4.720568728733747,6.004517053655727,1.1277653884439272,296.93321317233597,119.97038170462824,31.608391608391607,41.77846427043375,1.1992745368766913,19.96911435224711,0.3993822870449422,3.575,50.0,13.947147282556493
llama3.2-1b,FP8,8,7W,default,train,128,64,6.170519654131366,5.471456844978503,4.6238776929435,5.881527005909105,1.1277653884439272,290.85115365959155,117.51303786794962,31.608391608391607,41.77846427043375,1.1992745368766913,19.560088562879862,0.39120177125759725,3.575,50.0,13.947147282556493
llama3.2-1b,FP8,8,7W,default,train,128,64,6.2871652971233,5.574887615409294,4.711286082648302,5.9927096190167966,1.127765388443927,296.34931617024085,119.73446890299454,31.608391608391607,41.77846427043375,1.1992745368766913,19.929846579268112,0.39859693158536225,3.575,50.0,13.947147282556493
llama3.2-1b,FP8,8,15W,default,inference,128,64,13.226021539424595,9.239995358443563,6.260479182805865,12.219093562431809,1.4313883315253593,828.1085958370294,227.00616566792354,1.3986013986013985,42.99643534366228,1.6738198460049478,33.02579602489496,0.6605159204978992,3.575,50.0,13.947147282556493
llama3.2-1b,FP8,8,15W,default,inference,128,64,13.199562724475392,9.221510636746126,6.247955019005175,12.194649118994931,1.4313883315253593,826.4519546445299,226.55203710690222,1.3986013986013985,42.99643534366228,1.6738198460049478,32.95972752326972,0.6591945504653944,3.575,50.0,13.947147282556493
llama3.2-1b,FP8,8,15W,default,inference,128,64,13.187374252184322,9.21299549656884,6.242185659200264,12.18338858362806,1.4313883315253593,825.6888091555958,226.34283902326845,1.3986013986013985,42.99643534366228,1.6738198460049478,32.929292520684854,0.6585858504136971,3.575,50.0,13.947147282556493
llama3.2-1b,FP8,8,15W,default,train,128,64,13.28089264876979,11.363041091172311,8.63998971150748,12.520706834415762,1.1687797784245815,807.4299817599286,254.29054052466674,12.307692307692307,45.55830548938881,2.6206059579884546,40.620869428762376,0.8124173885752475,3.575,50.0,13.947147282556493
llama3.2-1b,FP8,8,15W,default,train,128,64,13.530745070204922,11.576813117389184,8.802533179607476,12.756257938049446,1.1687797784245817,822.6201004829138,259.0744890873427,12.307692307692307,45.55830548938881,2.6206059579884546,41.385066750131195,0.8277013350026239,3.575,50.0,13.947147282556493
llama3.2-1b,FP8,8,15W,default,train,128,64,13.7910240877941,11.799506068100575,8.971859752268244,13.001638829271823,1.168779778424582,838.444118339424,264.0580766985349,12.307692307692307,45.55830548938881,2.6206059579884546,42.18115480446208,0.8436230960892417,3.575,50.0,13.947147282556493
llama3.2-1b,FP8,8,25W,default,inference,128,64,22.985232045206708,15.335040095179856,9.577681886130781,21.117137570867037,1.4988700324579833,1294.4761344633448,415.668440186942,0.5594405594405594,45.9067861448762,2.763257952120891,54.81516773844267,1.0963033547688534,3.575,50.0,13.947147282556493
llama3.2-1b,FP8,8,25W,default,inference,128,64,22.70462051287661,15.147824708753108,9.460754287359908,20.859332371401056,1.4988700324579831,1278.6727294360605,410.593818459708,0.5594405594405594,45.9067861448762,2.763257952120891,54.145965522699825,1.0829193104539965,3.575,50.0,13.947147282556493
llama3.2-1b,FP8,8,25W,default,inference,128,64,22.083903376648735,14.733701320609862,9.202108594318037,20.289063203243924,1.4988700324579833,1243.7153482132344,399.36867514570156,0.5594405594405594,45.9067861448762,2.763257952120891,52.66567966465245,1.053313593293049,3.575,50.0,13.947147282556493
llama3.2-1b,FP8,8,25W,default,train,128,64,21.658983964684012,18.578760205678325,13.457749992434064,20.594666906523152,1.165792750695187,1770.677498201391,411.42302054636156,10.06993006993007,50.33493543897589,4.372203682640999,66.41505399415448,1.3283010798830894,3.575,50.0,13.947147282556493
llama3.2-1b,FP8,8,25W,default,train,128,64,21.860887525956763,18.751950132577726,13.583202213767308,20.786648977262622,1.165792750695187,1787.1836322534455,415.25827769292727,10.06993006993007,50.33493543897589,4.372203682640999,67.0341705670005,1.3406834113400101,3.575,50.0,13.947147282556493
llama3.2-1b,FP8,8,25W,default,train,128,64,21.57295584515013,18.504966540824444,13.40429665746258,20.512866187279638,1.165792750695187,1763.644478752297,409.78887423329985,10.06993006993007,50.33493543897589,4.372203682640999,66.15125758462878,1.3230251516925755,3.575,50.0,13.947147282556493
llama3.2-1b,FP8,8,MAXN,default,inference,128,64,37.82504307569269,24.133235305274795,14.347056805727759,33.919468418160626,1.5673424054927803,1784.7461739593164,615.4945673655965,0.5594405594405594,50.519442914011854,4.466945789192268,86.26233933989046,1.7252467867978092,3.575,50.0,13.947147282556493
llama3.2-1b,FP8,8,MAXN,default,inference,128,64,35.868392553658154,22.884847897917336,13.604898333299577,32.164849250782126,1.5673424054927803,1692.4230925027152,583.6556672978463,0.5594405594405594,50.519442914011854,4.466945789192268,81.80007736801228,1.6360015473602456,3.575,50.0,13.947147282556493
llama3.2-1b,FP8,8,MAXN,default,inference,128,64,35.94556490150865,22.93408560601484,13.634169841496586,32.23405327020471,1.5673424054927803,1696.06441162259,584.9114268949415,0.5594405594405594,50.519442914011854,4.466945789192268,81.97607365821119,1.6395214731642238,3.575,50.0,13.947147282556493
llama3.2-1b,FP8,8,MAXN,default,train,128,64,34.87609741775372,29.60241396237077,20.630683313211016,33.064933312727504,1.178150452935582,2966.6658937006923,727.7220804012514,10.909090909090908,57.08712774112528,7.019129834872048,105.82091593696175,2.116418318739235,3.575,50.0,13.947147282556493
llama3.2-1b,FP8,8,MAXN,default,train,128,64,36.002235391113125,30.558266392383775,21.296841444869756,34.13258937940382,1.1781504529355822,3062.4585816596923,751.2199924232198,10.909090909090908,57.08712774112528,7.019129834872048,109.237839292372,2.18475678584744,3.575,50.0,13.947147282556493
llama3.2-1b,FP8,8,MAXN,default,train,128,64,33.358118096831994,28.313971287549908,19.732734489670992,31.62578476307281,1.1781504529355822,2837.5420004858215,696.0480356767142,10.909090909090908,57.08712774112528,7.019129834872048,101.21506912476845,2.024301382495369,3.575,50.0,13.947147282556493
llama3.2-1b,FP8,16,7W,default,inference,128,64,6.88799166678236,5.3228161967434735,4.2694361224247706,6.308271511197791,1.2940502568915435,287.36587597954036,116.9426942000123,6.44361833952912,40.42241803230327,0.6901283937237167,21.477377604817008,0.42954755209634016,4.035,50.0,12.364817244036917
llama3.2-1b,FP8,16,7W,default,inference,128,64,7.187023183157427,5.553898038258169,4.454787095468493,6.582135372676633,1.2940502568915442,299.8414215094543,122.0195805940909,6.44361833952912,40.42241803230327,0.6901283937237167,22.409784771321092,0.44819569542642185,4.035,50.0,12.364817244036917
llama3.2-1b,FP8,16,7W,default,inference,128,64,6.911406037585806,5.340910061860961,4.283949229485306,6.329715237531595,1.2940502568915435,288.3427196666332,117.34021785236463,6.44361833952912,40.42241803230327,0.6901283937237167,21.55038571914879,0.4310077143829758,4.035,50.0,12.364817244036917
llama3.2-1b,FP8,16,7W,default,train,128,64,7.345304730148928,6.333385430003918,5.3325277800777835,6.85785473265146,1.159775417322799,368.08520525165017,135.10325330366473,24.28748451053284,41.797445327505336,1.0861395601152948,25.55533391321104,0.5111066782642208,4.035,50.0,12.364817244036917
llama3.2-1b,FP8,16,7W,default,train,128,64,6.938862953690108,5.982936739345307,5.037460094859109,6.478385294331932,1.1597754173227985,347.7177446483297,127.62751086744923,24.28748451053284,41.797445327505336,1.0861395601152948,24.14126660146954,0.48282533202939076,4.035,50.0,12.364817244036917
llama3.2-1b,FP8,16,7W,default,train,128,64,7.206076081476138,6.213337490900171,5.231450879376444,6.727865592336787,1.1597754173227988,361.1082304893524,132.5424006120724,24.28748451053284,41.797445327505336,1.0861395601152948,25.070938134161292,0.5014187626832258,4.035,50.0,12.364817244036917
llama3.2-1b,FP8,16,15W,default,inference,128,64,14.622946025066867,10.316652636796311,6.904800883837941,13.603400069344556,1.4174118815352315,782.4336957588088,269.1955631890704,0.7434944237918215,42.87794297039904,1.49181322882815,41.6206851050395,0.83241370210079,4.035,50.0,12.364817244036917
llama3.2-1b,FP8,16,15W,default,inference,128,64,14.78341942948461,10.429868425734057,6.980574732880172,13.752684893144231,1.4174118815352312,791.0201870632516,272.1497372935945,0.7434944237918215,42.87794297039904,1.49181322882815,42.07743390391731,0.8415486780783462,4.035,50.0,12.364817244036917
llama3.2-1b,FP8,16,15W,default,inference,128,64,14.345290818611748,10.120763770566134,6.773695023798035,13.345103632479454,1.4174118815352315,767.5771279399204,264.08417526861086,0.7434944237918215,42.87794297039904,1.49181322882815,40.83040660056895,0.8166081320113789,4.035,50.0,12.364817244036917
llama3.2-1b,FP8,16,15W,default,train,128,64,14.154809584616359,12.060397778529923,9.047712738223387,13.236162648011028,1.1736602593502292,908.540574135147,272.116722506145,13.382899628252787,45.632557609534736,2.323469453958444,48.66079068360362,0.9732158136720724,4.035,50.0,12.364817244036917
llama3.2-1b,FP8,16,15W,default,train,128,64,14.851455085834992,12.653964354264806,9.493006497755983,13.887595866311356,1.1736602593502294,953.2554606097577,285.50926511910217,13.382899628252787,45.632557609534736,2.323469453958444,51.05568838341558,1.0211137676683115,4.035,50.0,12.364817244036917
llama3.2-1b,FP8,16,15W,default,train,128,64,14.46979446997128,12.32877602755516,9.249050152374888,13.530705018877956,1.1736602593502294,928.7581932329888,278.17209570840333,13.382899628252787,45.632557609534736,2.323469453958444,49.74363206575917,0.9948726413151835,4.035,50.0,12.364817244036917
llama3.2-1b,FP8,16,25W,default,inference,128,64,23.99313953121648,16.198085055524142,9.999605581574004,22.24529057462271,1.4812330870576544,1264.552723934598,436.41981825416815,0.24783147459727384,45.90636448231451,2.479519234932272,65.34756129553448,1.3069512259106895,4.035,50.0,12.364817244036917
llama3.2-1b,FP8,16,25W,default,inference,128,64,23.90192119876074,16.136502355777036,9.96158857487175,22.160717302810134,1.4812330870576549,1259.7450833742782,434.7606152965898,0.24783147459727384,45.90636448231451,2.479519234932272,65.09911962896254,1.3019823925792509,4.035,50.0,12.364817244036917
llama3.2-1b,FP8,16,25W,default,inference,128,64,23.931377559874168,16.156388733802753,9.973865083855474,22.188027830946172,1.4812330870576549,1261.2975738949426,435.296407611173,0.24783147459727384,45.90636448231451,2.479519234932272,65.17934678560034,1.303586935712007,4.035,50.0,12.364817244036917
llama3.2-1b,FP8,16,25W,default,train,128,64,24.92302789340298,21.09124868693218,15.189019642198149,23.502000962640658,1.1816762612469178,1770.481538883514,501.85420341803626,11.895910780669144,50.15049063178708,3.858271166689166,85.09778343846563,1.7019556687693125,4.035,50.0,12.364817244036917
llama3.2-1b,FP8,16,25W,default,train,128,64,23.81849028826378,20.156527696621612,14.515873367525538,22.46044036373263,1.181676261246918,1692.0174193846465,479.61305188768256,11.895910780669144,50.15049063178708,3.858271166689166,81.32642378169386,1.6265284756338771,4.035,50.0,12.364817244036917
llama3.2-1b,FP8,16,25W,default,train,128,64,24.00299667598047,20.312667236500328,14.628318418709773,22.634426819964087,1.1816762612469178,1705.1243803307902,483.3283029650852,11.895910780669144,50.15049063178708,3.858271166689166,81.95640681152807,1.6391281362305614,4.035,50.0,12.364817244036917
llama3.2-1b,FP8,16,MAXN,default,inference,128,64,41.59337014938249,26.80818890562419,15.65285362329143,37.95934631219107,1.5515173477704218,1766.3076883326005,702.5888499929072,0.7434944237918215,50.424758758924625,3.9325515741505175,108.14866297635879,2.162973259527176,4.035,50.0,12.364817244036917
llama3.2-1b,FP8,16,MAXN,default,inference,128,64,39.67324557904393,25.570610368008843,14.930252191138882,36.20698353739654,1.5515173477704218,1684.7675106801369,670.1543992890536,0.7434944237918215,50.424758758924625,3.9325515741505175,103.15606669756812,2.0631213339513623,4.035,50.0,12.364817244036917
llama3.2-1b,FP8,16,MAXN,default,inference,128,64,40.01473759056449,25.79071232949274,15.058766049252736,36.51863930084153,1.5515173477704218,1699.2693402574616,675.922830142199,0.7434944237918215,50.424758758924625,3.9325515741505175,104.04399437283021,2.080879887456604,4.035,50.0,12.364817244036917
llama3.2-1b,FP8,16,MAXN,default,train,128,64,39.21536655691135,32.76027415441884,22.844715064541575,36.472834230863555,1.1970402436825096,2851.8515501860284,740.5684367175752,8.178438661710038,57.45961366036003,6.225750262831788,132.16766246750686,2.6433532493501373,4.035,50.0,12.364817244036917
llama3.2-1b,FP8,16,MAXN,default,train,128,64,38.69866035313805,32.32862099446849,22.543710457580897,35.992263950105574,1.1970402436825096,2814.2752244341555,730.8106213720184,8.178438661710038,57.45961366036003,6.225750262831788,130.42620606581627,2.6085241213163255,4.035,50.0,12.364817244036917
llama3.2-1b,FP8,16,MAXN,default,train,128,64,38.393356745843924,32.073572253287566,22.365857372701807,35.70831179469824,1.1970402436825096,2792.072688995003,725.045069879597,8.178438661710038,57.45961366036003,6.225750262831788,129.39724044183305,2.587944808836661,4.035,50.0,12.364817244036917
llama3.2-1b,INT4,1,7W,default,inference,128,64,4.356304960158289,3.570337143122101,3.062851379072694,4.034006123848167,1.2201382630069757,130.69705982078835,73.52559081778406,18.43687374749499,40.62012528322714,1.1045392468067061,8.907214877200984,0.17814429754401967,2.495,50.0,20.0
llama3.2-1b,INT4,1,7W,default,inference,128,64,4.274830250778892,3.503562162081341,3.0055677572269985,3.9585592762144106,1.2201382630069757,128.25267058196573,72.1504629976212,18.43687374749499,40.62012528322714,1.1045392468067061,8.740625818322648,0.17481251636645298,2.495,50.0,20.0
llama3.2-1b,INT4,1,7W,default,inference,128,64,4.19418212047482,3.4374646280975134,2.9488652904849815,3.883877853655852,1.2201382630069757,125.83308021646411,70.78928615550662,18.43687374749499,40.62012528322714,1.1045392468067061,8.575726842554715,0.1715145368510943,2.495,50.0,20.0
llama3.2-1b,INT4,1,7W,default,train,128,64,4.155215244438904,3.7021710688283003,3.2574117961095617,3.9521533140574427,1.1223725665799629,149.61791010241944,74.44952237128335,44.08817635270541,41.60462807292228,1.7695853546595028,9.236098019089365,0.1847219603817873,2.495,50.0,20.0
llama3.2-1b,INT4,1,7W,default,train,128,64,4.17467098797042,3.719505547691055,3.272663802264107,3.9706582715030145,1.1223725665799629,150.31845809221858,74.79811341364594,44.08817635270541,41.60462807292228,1.7695853546595028,9.27934371003927,0.18558687420078543,2.495,50.0,20.0
llama3.2-1b,INT4,1,7W,default,train,128,64,4.186049643585542,3.729643585588573,3.281583909850392,3.9814808616345383,1.1223725665799629,150.72817228817698,75.00198623994699,44.08817635270541,41.60462807292228,1.7695853546595028,9.304635872395334,0.18609271744790667,2.495,50.0,20.0
llama3.2-1b,INT4,1,15W,default,inference,128,64,8.776286630269352,6.23502335054837,4.409883339801177,8.009854367978312,1.4075787911038822,460.6315048267642,145.10557142677595,1.2024048096192383,42.90074094026961,2.3981591750759406,15.55271375889879,0.3110542751779758,2.495,50.0,20.0
llama3.2-1b,INT4,1,15W,default,inference,128,64,9.387112308361454,6.668978225367894,4.716809274974109,8.567336698701729,1.4075787911038822,492.6912543700351,155.2048551894554,1.2024048096192383,42.90074094026961,2.3981591750759406,16.635175775942113,0.33270351551884225,2.495,50.0,20.0
llama3.2-1b,INT4,1,15W,default,inference,128,64,9.19049931859639,6.529296531520495,4.61801574366862,8.387893902309989,1.4075787911038822,482.37184011667574,151.9540907794387,1.2024048096192383,42.90074094026961,2.3981591750759406,16.2867521567145,0.32573504313428997,2.495,50.0,20.0
llama3.2-1b,INT4,1,15W,default,train,128,64,9.201344468934222,7.837752632785828,6.051469822248163,8.621275671690885,1.1739774014357636,602.6723025469456,201.87099268629913,16.83366733466934,45.494403314620044,3.772517887280917,19.553555460693218,0.39107110921386434,2.495,50.0,20.0
llama3.2-1b,INT4,1,15W,default,train,128,64,8.845296195039312,7.5344688783801095,5.817306717930849,8.287673301728399,1.1739774014357633,579.3517504503922,194.0595452681448,16.83366733466934,45.494403314620044,3.772517887280917,18.796925851423243,0.37593851702846487,2.495,50.0,20.0
llama3.2-1b,INT4,1,15W,default,train,128,64,9.015309593649906,7.679287167388628,5.92911982899776,8.446968759283717,1.1739774014357636,590.4873368584891,197.78951904136505,16.83366733466934,45.494403314620044,3.772517887280917,19.15821722900583,0.3831643445801166,2.495,50.0,20.0
llama3.2-1b,INT4,1,25W,default,inference,128,64,14.96423049966936,10.266509080912293,6.56742468996888,13.857551112246203,1.45757729153439,642.564742419866,298.4716749054901,0.4008016032064128,45.990368341431264,3.976011267728968,25.60591515713739,0.5121183031427478,2.495,50.0,20.0
llama3.2-1b,INT4,1,25W,default,inference,128,64,15.059167334046036,10.331642391459917,6.609090080654131,13.945466894807739,1.45757729153439,646.6413344323151,300.36525412877575,0.4008016032064128,45.990368341431264,3.976011267728968,25.768365510090057,0.5153673102018012,2.495,50.0,20.0
llama3.2-1b,INT4,1,25W,default,inference,128,64,14.97439920713249,10.273485525675936,6.571887480117689,13.866967793138608,1.45757729153439,643.0013871836537,298.67449663750034,0.4008016032064128,45.990368341431264,3.976011267728968,25.62331525402606,0.5124663050805212,2.495,50.0,20.0
llama3.2-1b,INT4,1,25W,default,train,128,64,14.345414584514199,12.352198406940202,8.95463903365801,13.69460363553544,1.161365298055291,974.4002581939048,354.1167395333172,16.83366733466934,50.06891947632304,6.2886460973173905,30.81412181062576,0.6162824362125152,2.495,50.0,20.0
llama3.2-1b,INT4,1,25W,default,train,128,64,15.032973478834995,12.944224787849045,9.383824379034504,14.350969924452224,1.1613652980552913,1021.1021196286323,371.0891394914783,16.83366733466934,50.06891947632304,6.2886460973173905,32.291006525024386,0.6458201305004877,2.495,50.0,20.0
llama3.2-1b,INT4,1,25W,default,train,128,64,14.920703915727943,12.847554460868338,9.313743907942692,14.243793714379807,1.161365298055291,1013.47630368345,368.31776391344346,16.83366733466934,50.06891947632304,6.2886460973173905,32.04985016298094,0.6409970032596187,2.495,50.0,20.0
llama3.2-1b,INT4,1,MAXN,default,inference,128,64,24.017561157906684,16.06260194535342,9.572354068480085,22.544247913661934,1.4952472357602355,1524.703255406622,459.7636343248033,0.8016032064128256,50.426007781937535,6.470302327111099,40.058729974210124,0.8011745994842024,2.495,50.0,20.0
llama3.2-1b,INT4,1,MAXN,default,inference,128,64,24.476749326446775,16.369700435528276,9.755366477792744,22.975268026092472,1.4952472357602353,1553.8538294725822,468.5537866562115,0.8016032064128256,50.426007781937535,6.470302327111099,40.824606856128426,0.8164921371225685,2.495,50.0,20.0
llama3.2-1b,INT4,1,MAXN,default,inference,128,64,24.561102225532053,16.426114449925297,9.788985870346316,23.054446451275275,1.4952472357602349,1559.2087919932446,470.1685382621012,0.8016032064128256,50.426007781937535,6.470302327111099,40.96529849358416,0.8193059698716831,2.495,50.0,20.0
llama3.2-1b,INT4,1,MAXN,default,train,128,64,23.928951727379218,20.617335614755042,14.610759462516521,23.004234677998085,1.160622893981227,1758.5381347225666,593.8126182225437,19.238476953907814,57.49707432140825,9.995931091730236,51.43377041788105,1.028675408357621,2.495,50.0,20.0
llama3.2-1b,INT4,1,MAXN,default,train,128,64,23.35585475558975,20.123551652055838,14.26083264169671,22.453284624585994,1.160622893981227,1716.4212509046824,579.5908413059934,19.238476953907814,57.49707432140825,9.995931091730236,50.201934673046665,1.0040386934609333,2.495,50.0,20.0
llama3.2-1b,INT4,1,MAXN,default,train,128,64,23.133382037457384,19.931867756032364,14.124993202985106,22.23940920389578,1.1606228939812269,1700.0717357554875,574.0700350148373,19.238476953907814,57.49707432140825,9.995931091730236,49.72374361649613,0.9944748723299226,2.495,50.0,20.0
llama3.2-1b,INT4,2,7W,default,inference,128,64,4.633512811992715,3.7736158761157896,3.2254554019283392,4.29497300436012,1.2278708178326894,126.51474820314597,82.46259812843263,17.953321364452425,40.60232439896763,1.0156551327740824,10.50866824696715,0.21017336493934302,2.785,50.0,17.905223175104137
llama3.2-1b,INT4,2,7W,default,inference,128,64,4.761798960256746,3.8780944144122436,3.3147572484323184,4.413886141322051,1.2278708178326894,130.01750958616583,84.745705895473,17.953321364452425,40.60232439896763,1.0156551327740824,10.799617388037541,0.21599234776075082,2.785,50.0,17.905223175104137
llama3.2-1b,INT4,2,7W,default,inference,128,64,4.612773152396942,3.7567251256438623,3.2110182243933596,4.27574865305307,1.2278708178326894,125.94846665434216,82.09349453814144,17.953321364452425,40.60232439896763,1.0156551327740824,10.461631320322013,0.20923262640644025,2.785,50.0,17.905223175104137
llama3.2-1b,INT4,2,7W,default,train,128,64,4.604449845798832,4.08454427856655,3.587060769543651,4.357678404576152,1.127286064680572,157.51320479532,81.74549488241645,41.65170556552962,41.70386117981967,1.596676529776289,11.374314118885886,0.22748628237771773,2.785,50.0,17.905223175104137
llama3.2-1b,INT4,2,7W,default,train,128,64,4.7421451711861895,4.206691912340745,3.6943312397165853,4.487994070062019,1.1272860646805722,162.22361162207366,84.19008064048583,41.65170556552962,41.70386117981967,1.596676529776289,11.714461136685854,0.23428922273371708,2.785,50.0,17.905223175104137
llama3.2-1b,INT4,2,7W,default,train,128,64,4.739200443792262,4.204079685075466,3.692037172788829,4.485207162743744,1.1272860646805725,162.12287571124835,84.13780117037064,41.65170556552962,41.70386117981967,1.596676529776289,11.707186813912292,0.23414373627824583,2.785,50.0,17.905223175104137
llama3.2-1b,INT4,2,15W,default,inference,128,64,10.06316212890764,7.198985087449234,5.06041479405911,9.269959401071192,1.3978584490266321,569.5830927052058,186.2925186851585,3.5906642728904847,42.99687537976613,2.1194152481724426,20.044825746020564,0.4008965149204113,2.785,50.0,17.905223175104137
llama3.2-1b,INT4,2,15W,default,inference,128,64,9.76789080558986,6.98775388337175,4.911933098779008,8.997962076135563,1.3978584490266321,552.8704976612108,180.82636025386805,3.5906642728904847,42.99687537976613,2.1194152481724426,19.45667441268372,0.38913348825367444,2.785,50.0,17.905223175104137
llama3.2-1b,INT4,2,15W,default,inference,128,64,9.996425058939561,7.151242721250034,5.026855038998771,9.208482708037161,1.3978584490266317,565.805720719783,185.05706041719432,3.5906642728904847,42.99687537976613,2.1194152481724426,19.911892089464708,0.39823784178929417,2.785,50.0,17.905223175104137
llama3.2-1b,INT4,2,15W,default,train,128,64,9.867269097058307,8.615667242836977,6.584076298226181,9.487722902756826,1.1452704496290644,630.5773878648065,236.37605922814512,19.389587073608617,45.49318289938162,3.386033616656037,23.993446374348807,0.4798689274869761,2.785,50.0,17.905223175104137
llama3.2-1b,INT4,2,15W,default,train,128,64,9.596896325645705,8.379589579696212,6.4036662031499105,9.227750066262688,1.1452704496290647,613.2989540580347,229.89912527605932,19.389587073608617,45.49318289938162,3.386033616656037,23.336002604632796,0.46672005209265593,2.785,50.0,17.905223175104137
llama3.2-1b,INT4,2,15W,default,train,128,64,9.637921971274885,8.415411376759488,6.431041151410625,9.26719765341245,1.1452704496290647,615.9207376743371,230.8819180169613,19.389587073608617,45.49318289938162,3.386033616656037,23.435761374632307,0.46871522749264616,2.785,50.0,17.905223175104137
llama3.2-1b,INT4,2,25W,default,inference,128,64,16.38419176420887,11.175643967107757,7.129220927065728,15.26706373679809,1.4660624311610995,485.9007024251844,301.998664548885,0.3590664272890485,45.91413960477017,3.591631182614426,31.119040413983704,0.6223808082796741,2.785,50.0,17.905223175104137
llama3.2-1b,INT4,2,25W,default,inference,128,64,16.983219451828848,11.58424026893479,7.38987465890261,15.825247748473235,1.4660624311610995,503.66587377910605,313.0401345397467,0.3590664272890485,45.91413960477017,3.591631182614426,32.25679362686192,0.6451358725372384,2.785,50.0,17.905223175104137
llama3.2-1b,INT4,2,25W,default,inference,128,64,16.77936176353662,11.445189104428259,7.301170466566981,15.635289747176362,1.4660624311610995,497.62013192247343,309.28256440700676,0.3590664272890485,45.91413960477017,3.591631182614426,31.86959993846007,0.6373919987692014,2.785,50.0,17.905223175104137
llama3.2-1b,INT4,2,25W,default,train,128,64,15.4646481001949,13.46237046935272,9.84198240686558,14.863253019106654,1.1487314314667239,1164.1921003365453,322.0544347776764,13.644524236983841,50.329754676133724,5.615627761785493,37.490194799563234,0.7498038959912647,2.785,50.0,17.905223175104137
llama3.2-1b,INT4,2,25W,default,train,128,64,15.407383850297661,13.412520479765403,9.805538400097403,14.80821568300579,1.1487314314667239,1159.8811980172593,320.86189515348735,13.644524236983841,50.329754676133724,5.615627761785493,37.35137186160894,0.7470274372321788,2.785,50.0,17.905223175104137
llama3.2-1b,INT4,2,25W,default,train,128,64,16.097314255949446,14.013122488862404,10.244622617881895,15.471315814243056,1.1487314314667236,1211.819756388444,335.2298358520742,13.644524236983841,50.329754676133724,5.615627761785493,39.023936613063015,0.7804787322612603,2.785,50.0,17.905223175104137
llama3.2-1b,INT4,2,MAXN,default,inference,128,64,26.991847484758036,17.330668432048924,10.408189573755296,24.14818530903768,1.5574614210980504,1702.7041371548491,465.28700242194213,0.3590664272890485,50.259379105144106,5.719989196093155,48.25029221327553,0.9650058442655106,2.785,50.0,17.905223175104137
llama3.2-1b,INT4,2,MAXN,default,inference,128,64,27.39611371680869,17.59023584513171,10.564076627571339,24.50986102950321,1.55746142109805,1728.2061257168905,472.2557667274409,0.3590664272890485,50.259379105144106,5.719989196093155,48.97295352200657,0.9794590704401314,2.785,50.0,17.905223175104137
llama3.2-1b,INT4,2,MAXN,default,inference,128,64,27.251426963467676,17.49733675217119,10.508284701567208,24.380417406445734,1.5574614210980497,1719.0789722812328,469.7616482425828,0.3590664272890485,50.259379105144106,5.719989196093155,48.714313273982185,0.9742862654796437,2.785,50.0,17.905223175104137
llama3.2-1b,INT4,2,MAXN,default,train,128,64,26.306282098457675,22.34690646172753,15.841683322095069,25.057294102024432,1.177177796108431,2007.562421019158,661.6263917834134,14.362657091561939,57.33093227541312,9.029172584506886,62.23314612605102,1.2446629225210204,2.785,50.0,17.905223175104137
llama3.2-1b,INT4,2,MAXN,default,train,128,64,24.947217093828616,21.192395215319447,15.023252297258702,23.762755732926802,1.1771777961084315,1903.845452547376,627.44469815425,14.362657091561939,57.33093227541312,9.029172584506886,59.01798669336017,1.1803597338672034,2.785,50.0,17.905223175104137
llama3.2-1b,INT4,2,MAXN,default,train,128,64,25.50307871072349,21.66459373854378,15.3579930132899,24.2922257645501,1.1771777961084315,1946.2660002016776,641.4251122067017,14.362657091561939,57.33093227541312,9.029172584506886,60.332996435162876,1.2066599287032576,2.785,50.0,17.905223175104137
llama3.2-1b,INT4,4,7W,default,inference,128,64,5.11370840465634,4.187176081382595,3.527737120951927,4.787120116464562,1.2212785670498496,165.03938562173306,93.88575834673824,21.55309033280507,40.47838428463265,0.8952613081973507,13.20945924336997,0.2641891848673994,3.1550000000000002,50.0,15.817959093978228
llama3.2-1b,INT4,4,7W,default,inference,128,64,5.112026812593127,4.185799170243249,3.526577059745016,4.785545919706264,1.2212785670498503,164.98511406398728,93.85488495044898,21.55309033280507,40.47838428463265,0.8952613081973507,13.205115444297899,0.264102308885958,3.1550000000000002,50.0,15.817959093978228
llama3.2-1b,INT4,4,7W,default,inference,128,64,4.991680595945075,4.087258002081457,3.4435551542627088,4.67288564480054,1.22127856704985,161.10107060945472,91.64537378554279,21.55309033280507,40.47838428463265,0.8952613081973507,12.894243505949067,0.2578848701189813,3.1550000000000002,50.0,15.817959093978228
llama3.2-1b,INT4,4,7W,default,train,128,64,5.146828618440637,4.535994847971468,3.9264157369502177,4.865246175252369,1.1346636825970688,193.20364195886057,92.43351256680123,29.793977812995244,41.77356438747426,1.3505441429099754,14.310724781424371,0.28621449562848744,3.1550000000000002,50.0,15.817959093978228
llama3.2-1b,INT4,4,7W,default,train,128,64,5.140723534310322,4.530614324893174,3.9217582866673797,4.859475099621798,1.1346636825970688,192.97446695112558,92.32386944236168,29.793977812995244,41.77356438747426,1.3505441429099754,14.293749633185833,0.28587499266371663,3.1550000000000002,50.0,15.817959093978228
llama3.2-1b,INT4,4,7W,default,train,128,64,5.20631888969143,4.588424719627031,3.9717997111508816,4.921481740126364,1.134663682597069,195.4368107544161,93.50191704321233,29.793977812995244,41.77356438747426,1.3505441429099754,14.476137108540156,0.2895227421708031,3.1550000000000002,50.0,15.817959093978228
llama3.2-1b,INT4,4,15W,default,inference,128,64,11.038769364532275,7.945951435913095,5.560836172401583,10.33043495203303,1.389231919369738,301.8744990349263,193.35640373751616,1.901743264659271,42.948040983487,1.9035704679409207,25.062526889810265,0.5012505377962053,3.1550000000000002,50.0,15.817959093978228
llama3.2-1b,INT4,4,15W,default,inference,128,64,10.826262846245825,7.792984522812755,5.453784933741296,10.13156452621413,1.389231919369738,296.06313577232413,189.6341141606846,1.901743264659271,42.948040983487,1.9035704679409207,24.58005007079759,0.4916010014159518,3.1550000000000002,50.0,15.817959093978228
llama3.2-1b,INT4,4,15W,default,inference,128,64,10.852915504034701,7.812169698028834,5.467211345565718,10.156506939493585,1.3892319193697378,296.7919994211848,190.1009653005101,1.901743264659271,42.948040983487,1.9035704679409207,24.640562518377557,0.49281125036755113,3.1550000000000002,50.0,15.817959093978228
llama3.2-1b,INT4,4,15W,default,train,128,64,10.179883615954356,8.95079615619054,6.854281682679975,9.819764551668786,1.137315992713537,666.9700922077266,200.94207729041347,18.38351822503962,45.437977558469164,2.97993853580381,28.235910203595175,0.5647182040719035,3.1550000000000002,50.0,15.817959093978228
llama3.2-1b,INT4,4,15W,default,train,128,64,10.399409619593206,9.143817273492406,7.002092121618144,10.031524700411918,1.1373159927135372,681.3530934691087,205.27533028765978,18.38351822503962,45.437977558469164,2.97993853580381,28.844808768642228,0.5768961753728445,3.1550000000000002,50.0,15.817959093978228
llama3.2-1b,INT4,4,15W,default,train,128,64,11.018646056098408,9.688289030218309,7.4190341146811685,10.628855302381226,1.1373159927135372,721.9244986772162,217.49852070707232,18.38351822503962,45.437977558469164,2.97993853580381,30.562382866302087,0.6112476573260417,3.1550000000000002,50.0,15.817959093978228
llama3.2-1b,INT4,4,25W,default,inference,128,64,18.097804616293722,11.981768196391469,7.661347351303637,16.28913707375403,1.510445229757008,1034.4764335735001,329.1328745771286,1.5847860538827256,45.93559240605469,3.1582720505662536,37.789293333338144,0.7557858666667628,3.1550000000000002,50.0,15.817959093978228
llama3.2-1b,INT4,4,25W,default,inference,128,64,19.251881516986263,12.745832247147021,8.149902963090998,17.32787725399164,1.510445229757008,1100.44384683771,350.1213124490911,1.5847860538827256,45.93559240605469,3.1582720505662536,40.199074599859046,0.8039814919971809,3.1550000000000002,50.0,15.817959093978228
llama3.2-1b,INT4,4,25W,default,inference,128,64,18.62884118913367,12.333344382259114,7.886151172929041,16.76710264524543,1.510445229757008,1064.830657835264,338.7904876097631,1.5847860538827256,45.93559240605469,3.1582720505662536,38.89812930804594,0.7779625861609187,3.1550000000000002,50.0,15.817959093978228
llama3.2-1b,INT4,4,25W,default,train,128,64,16.98303629741043,14.71052379299415,10.730882355192131,16.27693782234448,1.1544820929828858,1216.6395226463312,379.07910925116823,15.847860538827257,50.23908000896424,4.9681965696265795,46.405026442365994,0.9281005288473199,3.1550000000000002,50.0,15.817959093978228
llama3.2-1b,INT4,4,25W,default,train,128,64,18.192464045484847,15.758117129803361,11.495070021897556,17.436081565034776,1.1544820929828856,1303.2811320926269,406.07479985765906,15.847860538827257,50.23908000896424,4.9681965696265795,49.70970798733111,0.9941941597466222,3.1550000000000002,50.0,15.817959093978228
llama3.2-1b,INT4,4,25W,default,train,128,64,18.13108356897608,15.704950019735698,11.456286222535265,17.37725308571324,1.1544820929828856,1298.8839258256394,404.70472350894966,15.847860538827257,50.23908000896424,4.9681965696265795,49.541989884068926,0.9908397976813785,3.1550000000000002,50.0,15.817959093978228
llama3.2-1b,INT4,4,MAXN,default,inference,128,64,28.72245183608116,19.144392015575104,11.503557727194455,26.90589068839116,1.5003062940162182,1708.954503205669,528.5771595650492,0.9508716323296355,50.42519158961362,5.065025597396916,60.38914746880762,1.2077829493761525,3.1550000000000002,50.0,15.817959093978228
llama3.2-1b,INT4,4,MAXN,default,inference,128,64,29.51775340646176,19.674484819659554,11.822081980542107,27.650893142885163,1.5003062940162177,1756.2740777275465,543.2130356200771,0.9508716323296355,50.42519158961362,5.065025597396916,62.06127435024454,1.2412254870048907,3.1550000000000002,50.0,15.817959093978228
llama3.2-1b,INT4,4,MAXN,default,inference,128,64,28.807959652332062,19.2013855885488,11.537804249948929,26.98599053398163,1.5003062940162177,1714.0421248500622,530.1507535915076,0.9508716323296355,50.42519158961362,5.065025597396916,60.56892822550559,1.2113785645101118,3.1550000000000002,50.0,15.817959093978228
llama3.2-1b,INT4,4,MAXN,default,train,128,64,28.17967178945928,24.26452101755344,16.924392343320218,27.087195001133047,1.1613528974700775,2213.9736152020464,623.2224291290274,13.312202852614895,57.25690134726102,7.936573125539023,76.54543963715818,1.5309087927431637,3.1550000000000002,50.0,15.817959093978228
llama3.2-1b,INT4,4,MAXN,default,train,128,64,28.24461233082162,24.32043902619991,16.963394898396636,27.149617910828493,1.1613528974700777,2219.0757557169304,624.658656003463,13.312202852614895,57.25690134726102,7.936573125539023,76.72183992762271,1.5344367985524543,3.1550000000000002,50.0,15.817959093978228
llama3.2-1b,INT4,4,MAXN,default,train,128,64,28.02093572107163,24.127838990295878,16.82905725494514,26.934612853610027,1.1613528974700777,2201.5023036191114,619.7118176900415,13.312202852614895,57.25690134726102,7.936573125539023,76.11425923762096,1.522285184752419,3.1550000000000002,50.0,15.817959093978228
llama3.2-1b,INT4,8,7W,default,inference,128,64,5.597584069693228,4.652053310792536,3.8913019496491286,5.340357322700324,1.2032501985106463,142.71098843094222,96.32140961275714,19.02097902097902,40.53061668608974,0.7600034082730112,16.628937453346,0.33257874906692003,3.575,50.0,13.947147282556493
llama3.2-1b,INT4,8,7W,default,inference,128,64,5.5822259898991735,4.6392894817791985,3.8806253925663965,5.325704995398111,1.2032501985106463,142.31943258818518,96.05713276112084,19.02097902097902,40.53061668608974,0.7600034082730112,16.583312672169143,0.33166625344338285,3.575,50.0,13.947147282556493
llama3.2-1b,INT4,8,7W,default,inference,128,64,5.481558641716177,4.555626625701884,3.810643942824281,5.229663631243066,1.203250198510646,139.75290806920574,94.32488171169705,19.02097902097902,40.53061668608974,0.7600034082730112,16.284256683784317,0.32568513367568636,3.575,50.0,13.947147282556493
llama3.2-1b,INT4,8,7W,default,train,128,64,5.775248359561464,5.110261700801106,4.427245068012963,5.500754498361809,1.130127711200409,235.93805759266365,113.94044478207863,30.769230769230766,41.937696496820216,1.2347382244224159,18.269103979782933,0.36538207959565866,3.575,50.0,13.947147282556493
llama3.2-1b,INT4,8,7W,default,train,128,64,5.681484304264224,5.027294037617585,4.355366522619443,5.411446988649777,1.130127711200409,232.1074848273875,112.09056448256723,30.769230769230766,41.937696496820216,1.2347382244224159,17.972495908728224,0.35944991817456445,3.575,50.0,13.947147282556493
llama3.2-1b,INT4,8,7W,default,train,128,64,5.756626636829673,5.093784162424482,4.41296984987698,5.483017854202679,1.1301277112004091,235.17729843274026,113.57305497672849,30.769230769230766,41.937696496820216,1.2347382244224159,18.21019704319958,0.36420394086399166,3.575,50.0,13.947147282556493
llama3.2-1b,INT4,8,15W,default,inference,128,64,12.08389474676296,8.585832705008208,5.938772131764005,11.159734136672984,1.4074225718041646,522.9217182621513,222.14129141183014,1.3986013986013985,42.98274121047997,1.666401707556096,30.690005340594844,0.6138001068118969,3.575,50.0,13.947147282556493
llama3.2-1b,INT4,8,15W,default,inference,128,64,12.228931437311632,8.688883980051179,6.010052118387893,11.293678609089024,1.4074225718041642,529.1980751009172,224.80753755314237,1.3986013986013985,42.98274121047997,1.666401707556096,31.05836147914143,0.6211672295828286,3.575,50.0,13.947147282556493
llama3.2-1b,INT4,8,15W,default,inference,128,64,12.595905930670552,8.94962620538617,6.190406047307373,11.632587368777026,1.4074225718041649,545.0786282377303,231.55372241972157,1.3986013986013985,42.98274121047997,1.666401707556096,31.990382933901643,0.6398076586780328,3.575,50.0,13.947147282556493
llama3.2-1b,INT4,8,15W,default,train,128,64,11.707559560308448,10.223528559305633,7.7882842301969655,11.283075354612986,1.1451583954007762,802.5944404934928,244.50855237358334,16.223776223776223,45.58033823590212,2.6175180963775975,36.54464716126772,0.7308929432253544,3.575,50.0,13.947147282556493
llama3.2-1b,INT4,8,15W,default,train,128,64,11.515565205381009,10.055871093143283,7.660562769625654,11.09804219179647,1.145158395400776,789.4325512819007,240.49881306408963,16.223776223776223,45.58033823590212,2.6175180963775975,35.94534498205304,0.7189068996410607,3.575,50.0,13.947147282556493
llama3.2-1b,INT4,8,15W,default,train,128,64,12.240915208827559,10.689276922729588,8.143091341367318,11.797092980750184,1.1451583954007758,839.1578486147296,255.64751065501775,16.223776223776223,45.58033823590212,2.6175180963775975,38.20949403957705,0.764189880791541,3.575,50.0,13.947147282556493
llama3.2-1b,INT4,8,25W,default,inference,128,64,20.695452122129097,13.871905436702079,8.833614135162197,18.95402484751935,1.4918968570369129,978.7223465365608,361.33593221622806,1.1188811188811187,46.12792143765704,2.7827301946304703,49.58325681607934,0.9916651363215868,3.575,50.0,13.947147282556493
llama3.2-1b,INT4,8,25W,default,inference,128,64,20.30738142640907,13.61178645200847,8.667970651612055,18.598608519049456,1.4918968570369129,960.3698379904414,354.5603427883528,1.1188811188811187,46.12792143765704,2.7827301946304703,48.65349655497802,0.9730699310995604,3.575,50.0,13.947147282556493
llama3.2-1b,INT4,8,25W,default,inference,128,64,20.472379103176376,13.722382352783413,8.738397999667045,18.749722398890064,1.4918968570369133,968.1728525090809,357.44114911219594,1.1188811188811187,46.12792143765704,2.7827301946304703,49.04880670007322,0.9809761340014644,3.575,50.0,13.947147282556493
llama3.2-1b,INT4,8,25W,default,train,128,64,19.149357429859357,16.6577657271037,12.023243548234676,18.53655028257539,1.149575383852446,1456.1156982732361,370.63043357105835,11.188811188811188,50.3130108266798,4.404203692526505,59.547942813235636,1.1909588562647127,3.575,50.0,13.947147282556493
llama3.2-1b,INT4,8,25W,default,train,128,64,19.87169522155094,17.286117553210918,12.476775382157197,19.23577221969466,1.1495753838524456,1511.0422096087066,384.61107860836756,11.188811188811188,50.3130108266798,4.404203692526505,61.7941659394706,1.235883318789412,3.575,50.0,13.947147282556493
llama3.2-1b,INT4,8,25W,default,train,128,64,19.78411217257564,17.209930249441598,12.421784903631528,19.15099195502111,1.1495753838524456,1504.3824011538952,382.9159332994919,11.188811188811188,50.3130108266798,4.404203692526505,61.5218126549861,1.230436253099722,3.575,50.0,13.947147282556493
llama3.2-1b,INT4,8,MAXN,default,inference,128,64,33.49933498147742,21.726312768811706,12.939913169550657,30.73891130226771,1.541878520204587,2145.3560789990124,601.7153633153077,0.5594405594405594,50.575009200289045,4.446385929045996,77.65245420767292,1.5530490841534583,3.575,50.0,13.947147282556493
llama3.2-1b,INT4,8,MAXN,default,inference,128,64,33.22913009641211,21.551068817018756,12.835540119976187,30.490971932723372,1.5418785202045877,2128.0516849544542,596.8619406823948,0.5594405594405594,50.575009200289045,4.446385929045996,77.02611125263144,1.5405222250526287,3.575,50.0,13.947147282556493
llama3.2-1b,INT4,8,MAXN,default,inference,128,64,31.726980290204153,20.57683525287997,12.255299107110234,29.11260278953662,1.5418785202045873,2031.8513806768533,569.8803120352529,0.5594405594405594,50.575009200289045,4.446385929045996,73.54408335255148,1.4708816670510296,3.575,50.0,13.947147282556493
llama3.2-1b,INT4,8,MAXN,default,train,128,64,30.68139150162916,26.296801451722263,18.74824438277806,29.488477131438867,1.1667347284785365,2405.7802022581473,675.5502974787096,13.986013986013985,57.46172376224049,6.975433383609986,94.00316578782973,1.8800633157565947,3.575,50.0,13.947147282556493
llama3.2-1b,INT4,8,MAXN,default,train,128,64,31.60622558345272,27.089470135742303,19.31337570606337,30.377353004972218,1.1667347284785365,2478.298018938872,695.9135179363342,13.986013986013985,57.46172376224049,6.975433383609986,96.83671822026355,1.936734364405271,3.575,50.0,13.947147282556493
llama3.2-1b,INT4,8,MAXN,default,train,128,64,29.758699631234485,25.505968841812813,18.18442208432581,28.601660178627156,1.1667347284785365,2333.4303600268327,655.2342447503571,13.986013986013985,57.46172376224049,6.975433383609986,91.17617676879559,1.8235235353759116,3.575,50.0,13.947147282556493
llama3.2-1b,INT4,16,7W,default,inference,128,64,6.315471435269475,5.03074956702538,4.122435025987905,5.862251756250241,1.2553738466062694,195.16864656903354,103.82420424387628,8.178438661710038,40.674692339004444,0.7032880139656378,20.296975513738392,0.4059395102747678,4.035,50.0,12.364817244036917
llama3.2-1b,INT4,16,7W,default,inference,128,64,6.195785832182854,4.935410952627625,4.044310039226767,5.751155198521535,1.2553738466062694,191.46997143327678,101.85661360123315,8.178438661710038,40.674692339004444,0.7032880139656378,19.91232398295484,0.3982464796590968,4.035,50.0,12.364817244036917
llama3.2-1b,INT4,16,7W,default,inference,128,64,6.405616021477071,5.102556532298145,4.181277062310015,5.945927260799392,1.2553738466062696,197.95440802262988,105.30615060778982,8.178438661710038,40.674692339004444,0.7032880139656378,20.58668665845732,0.4117337331691464,4.035,50.0,12.364817244036917
llama3.2-1b,INT4,16,7W,default,train,128,64,6.301114547980659,5.590560032183188,4.803857160401347,6.020107860718361,1.127098986811164,242.52011749286928,108.084518090008,32.71375464684015,41.79720512443774,1.0904469103118364,22.55787483801236,0.4511574967602472,4.035,50.0,12.364817244036917
llama3.2-1b,INT4,16,7W,default,train,128,64,6.459962585925188,5.731495335828476,4.924960066670537,6.171871856533357,1.1270989868111643,248.63393188752485,110.80927630540636,32.71375464684015,41.79720512443774,1.0904469103118364,23.12654790861459,0.4625309581722918,4.035,50.0,12.364817244036917
llama3.2-1b,INT4,16,7W,default,train,128,64,6.368708500631532,5.650531652636961,4.8553895823195905,6.084687370040398,1.127098986811164,245.12170380174695,109.24397325344557,32.71375464684015,41.79720512443774,1.0904469103118364,22.799859952248,0.45599719904496,4.035,50.0,12.364817244036917
llama3.2-1b,INT4,16,15W,default,inference,128,64,13.555637605288691,9.586461719755189,6.515686623770934,12.575116500449544,1.414039715753944,559.0814157085917,244.95385185428867,1.2391573729863692,43.09176461711031,1.4937206308830921,38.674199612675324,0.7734839922535065,4.035,50.0,12.364817244036917
llama3.2-1b,INT4,16,15W,default,inference,128,64,13.261583075540559,9.378508204396288,6.374345639161575,12.302331842380417,1.414039715753944,546.9535890748253,239.64021100504476,1.2391573729863692,43.09176461711031,1.4937206308830921,37.83526278715456,0.7567052557430912,4.035,50.0,12.364817244036917
llama3.2-1b,INT4,16,15W,default,inference,128,64,13.694662402041288,9.684779182273187,6.582510629763833,12.704085204579933,1.4140397157539437,564.815279540767,247.466065625371,1.2391573729863692,43.09176461711031,1.4937206308830921,39.07083700423733,0.7814167400847467,4.035,50.0,12.364817244036917
llama3.2-1b,INT4,16,15W,default,train,128,64,13.821458534793836,12.001915567521976,9.058331231427886,13.192385082211068,1.1516043799037938,915.0898475874257,252.84009091169915,12.391573729863692,45.52674813285532,2.329874993434741,48.425681284323474,0.9685136256864695,4.035,50.0,12.364817244036917
llama3.2-1b,INT4,16,15W,default,train,128,64,12.742291542018435,11.06481684541955,8.351064914347454,12.162335576157464,1.151604379903794,843.6404591994907,233.09856508970617,12.391573729863692,45.52674813285532,2.329874993434741,44.64464784902092,0.8928929569804184,4.035,50.0,12.364817244036917
llama3.2-1b,INT4,16,15W,default,train,128,64,12.923495522890459,11.22216600458753,8.469822690530052,12.335292191993304,1.1516043799037938,855.6375955958408,236.4133839188411,12.391573729863692,45.52674813285532,2.329874993434741,45.27952485589176,0.9055904971178351,4.035,50.0,12.364817244036917
llama3.2-1b,INT4,16,25W,default,inference,128,64,22.88579714657057,15.678256685145143,9.882735254881341,21.39782600049835,1.4597156817986299,1062.1779728105107,401.77404073073905,0.9913258983890954,45.89423254018502,2.485823201283499,63.25433502077421,1.2650867004154842,4.035,50.0,12.364817244036917
llama3.2-1b,INT4,16,25W,default,inference,128,64,22.37535873758186,15.328573239695162,9.66231349602143,20.92057488315423,1.45971568179863,1038.4874528329055,392.81298506769446,0.9913258983890954,45.89423254018502,2.485823201283499,61.84352805071937,1.2368705610143875,4.035,50.0,12.364817244036917
llama3.2-1b,INT4,16,25W,default,inference,128,64,22.01756022434497,15.083458031508853,9.507805966383543,20.586039438290896,1.45971568179863,1021.881271408216,386.5316152945565,0.9913258983890954,45.89423254018502,2.485823201283499,60.8546043579472,1.2170920871589441,4.035,50.0,12.364817244036917
llama3.2-1b,INT4,16,25W,default,train,128,64,22.51738083967991,19.11537079491381,13.938900945681155,21.280510668390594,1.177972485141188,1645.773447332273,454.0687144451889,12.639405204460965,50.23858978058081,3.8852557716519907,77.11938333666555,1.542387666733311,4.035,50.0,12.364817244036917
llama3.2-1b,INT4,16,25W,default,train,128,64,22.318072835551778,18.946174988863852,13.815523606771123,21.092150568326456,1.1779724851411884,1631.2062193153781,450.04961782567375,12.639405204460965,50.23858978058081,3.8852557716519907,76.43677684340335,1.528735536868067,4.035,50.0,12.364817244036917
llama3.2-1b,INT4,16,25W,default,train,128,64,21.881260627115065,18.575358001246055,13.5451243916664,20.679332269080035,1.177972485141188,1599.2800401902791,441.24118849053076,12.639405204460965,50.23858978058081,3.8852557716519907,74.94074635973342,1.4988149271946685,4.035,50.0,12.364817244036917
llama3.2-1b,INT4,16,MAXN,default,inference,128,64,35.747454732552775,23.27754411861585,13.860343320215529,32.622975505573486,1.5357055946449398,1704.5182102789274,626.0555359674668,1.2391573729863692,50.49982811487606,3.9712927177468154,93.90995033861913,1.8781990067723826,4.035,50.0,12.364817244036917
llama3.2-1b,INT4,16,MAXN,default,inference,128,64,36.85148323874714,23.99645047022657,14.288407758527102,33.6305072357203,1.5357055946449398,1757.160746861026,645.3907071940624,1.2391573729863692,50.49982811487606,3.9712927177468154,96.81027605312988,1.9362055210625977,4.035,50.0,12.364817244036917
llama3.2-1b,INT4,16,MAXN,default,inference,128,64,36.48049175242011,23.75487325150659,14.144563409108647,33.29194197948677,1.5357055946449398,1739.4710470199063,638.8934257638309,1.2391573729863692,50.49982811487606,3.9712927177468154,95.83566702662216,1.9167133405324432,4.035,50.0,12.364817244036917
llama3.2-1b,INT4,16,MAXN,default,train,128,64,35.44523467136442,30.3969483907093,21.189036221367214,33.913541757340795,1.1660787200006597,2673.293000773547,803.7318812209264,11.400247831474596,57.26639236372723,6.202894751186797,122.64074638791215,2.4528149277582427,4.035,50.0,12.364817244036917
llama3.2-1b,INT4,16,MAXN,default,train,128,64,35.151069084866336,30.144679327349742,21.01318507169425,33.63208793163556,1.1660787200006597,2651.1069210157207,797.0615837206093,11.400247831474596,57.26639236372723,6.202894751186797,121.62293151309885,2.432458630261977,4.035,50.0,12.364817244036917
llama3.2-1b,INT4,16,MAXN,default,train,128,64,34.27129894315647,29.390210416614995,20.48726158516623,32.79033524712468,1.1660787200006597,2584.7543242864745,777.1125181383263,11.400247831474596,57.26639236372723,6.202894751186797,118.578921004226,2.37157842008452,4.035,50.0,12.364817244036917
