model,precision,batch_size,power_mode,schedule,mode,seq_len,gen_tokens,p_peak_w,p_avg_w,p_idle_w,p_p95_w,peak_to_avg,dpdt_max_w_per_s,dpdt_p95_w_per_s,transient_count,temp_max_c,thermal_ramp_c_per_s,energy_total_j,energy_per_inf_j,duration_s,n_inferences,backend,throughput_infps,trace_source,qps,repeat
resnet18,FP32,1,15W,default,inference,128,64,14.696704,14.319732591800355,12.41856,14.696704,1.0263253106008072,16.95478139267651,7.303719229478786,0.0,52.406,0.3813755191088346,94.01652683463793,0.0369998137877363,6.555218425000021,2541.0,trt-fp32,387.2683969395195,ina3221,387.206,0
resnet18,FP32,1,15W,default,inference,128,64,14.696704,14.360394705882353,12.548659200000001,14.696704,1.0234192235663193,16.29225928937602,6.524642707501253,0.0,53.625,0.2966205330180019,94.32852919651727,0.03697707926166886,6.568331274999991,2551.0,trt-fp32,388.01747085668825,ina3221,387.997,1
resnet18,FP32,1,15W,default,inference,128,64,14.696704,14.355017446494465,12.615680000000001,14.657408,1.0238025871287935,16.36074647911805,6.500303380515973,0.0,54.562,0.27756832651833985,94.14007927388477,0.03701929975378874,6.5575076620000345,2543.0,trt-fp32,387.7770691557215,ina3221,387.797,2
resnet18,FP32,1,25W,default,inference,128,64,18.58304,18.013030941176474,15.043510399999999,18.544,1.0316442613508494,25.7432754426034,9.71752241248755,0.0,57.25,0.5033098647010034,118.23421100391988,0.0321288616858478,6.564055079999889,3680.0,trt-fp32,560.2262419969688,ina3221,560.284,0
resnet18,FP32,1,25W,default,inference,128,64,18.42688,17.940873647058826,15.2730176,18.42688,1.0270893359209878,25.823116374437358,9.74622270698911,0.0,58.25,0.37381691830186764,117.77297705173784,0.032160834803860686,6.5643033020000985,3662.0,trt-fp32,557.0577625993227,ina3221,557.084,1
resnet18,FP32,1,25W,default,inference,128,64,18.58304,18.060173030630633,15.4731008,18.516672,1.0289513820539022,25.827834471734647,9.784468663335089,0.0,59.375,0.36301453299758296,118.39704447317428,0.03225198705343892,6.557653932999983,3671.0,trt-fp32,559.2977730426758,ina3221,559.263,2
resnet18,FP32,1,MAXN,default,inference,128,64,20.662272,20.11039436983842,17.3074304,20.62336,1.027442407145893,29.214672959864473,10.085017961889607,0.0,60.812,0.44770796018612363,131.3586264804681,0.033046195340998265,6.534948041000007,3975.0,trt-fp32,607.88505282514,ina3221,607.896,0
resnet18,FP32,1,MAXN,default,inference,128,64,20.740096,20.21590991780822,17.5303232,20.701184,1.0259293835559697,29.00758763295963,9.763326541260101,0.0,61.906,0.3620416102143377,131.8658943399517,0.032991216997736224,6.528860775999874,3997.0,trt-fp32,611.500092638516,ina3221,611.425,1
resnet18,FP32,1,MAXN,default,inference,128,64,20.701184,20.189051504621073,17.479488,20.662272,1.0253668427792018,29.12165078484849,9.711374988157143,0.0,62.656,0.3291886359253854,131.79089964572933,0.03301375241626486,6.526988435000021,3992.0,trt-fp32,610.9291488449744,ina3221,611.004,2
resnet18,FP32,2,15W,default,inference,128,64,15.065088,14.704017539967376,12.815616,15.025856,1.0245559051498128,18.587940591144598,7.344169333219085,0.0,58.718,0.2977709307919388,96.65098181507172,0.062075132829204696,6.576138129000128,1557.0,trt-fp32,236.67555886129406,ina3221,236.693,0
resnet18,FP32,2,15W,default,inference,128,64,15.065088,14.704233804713807,12.803808,15.065088,1.0245408363386137,16.208804512586973,7.353471140058974,0.0,59.218,0.2192002985190919,96.74023030264667,0.06197324170573137,6.57525533099988,1561.0,trt-fp32,237.18494588217717,ina3221,237.181,1
resnet18,FP32,2,15W,default,inference,128,64,15.065088,14.73506828729282,12.917952000000001,15.065088,1.0223968906198948,16.303106343995644,6.522611136171511,0.0,59.531,0.1989975392299405,96.66228863414905,0.06200275088784416,6.559961631000078,1559.0,trt-fp32,237.28984079551518,ina3221,237.279,2
resnet18,FP32,2,25W,default,inference,128,64,19.410048,18.592895069090908,15.3750208,19.332096,1.0439497414400805,25.914491471359362,10.824047275887391,0.0,61.406,0.4288660635988179,122.24806679211741,0.05440501414869489,6.564089963000015,2247.0,trt-fp32,341.93949974586604,ina3221,341.956,0
resnet18,FP32,2,25W,default,inference,128,64,19.176192,18.643993294117646,15.7572864,19.137216,1.0285453173838175,25.792251638243687,9.74257263883836,0.0,62.125,0.3182738155706201,122.52140218515603,0.05442976551983831,6.571131099000013,2251.0,trt-fp32,342.5226264737006,ina3221,342.535,1
resnet18,FP32,2,25W,default,inference,128,64,19.176192,18.684786666666668,16.0060032,19.176192,1.0262997561652654,26.14288197463871,10.581854189947983,0.0,62.718,0.31579261025206135,123.1849872715863,0.05467598192258601,6.587717594000196,2253.0,trt-fp32,341.90639940726703,ina3221,341.95,2
resnet18,FP32,2,MAXN,default,inference,128,64,20.779008,20.15855305882353,16.9437632,20.740096,1.0307787438595397,29.547788294070017,11.1103798918589,0.0,63.625,0.3938117021517763,132.315821851036,0.05740382726726073,6.550141007000093,2305.0,trt-fp32,351.74186924261915,ina3221,351.804,0
resnet18,FP32,2,MAXN,default,inference,128,64,20.740096,20.032590968692453,16.454476800000002,20.701184,1.0353176996631768,29.382776800706967,11.06890117218404,0.0,64.125,0.34427299962903857,131.26208424579232,0.05734472880986995,6.536976362000132,2289.0,trt-fp32,349.6729608779785,ina3221,349.63,1
resnet18,FP32,2,MAXN,default,inference,128,64,20.78368,20.209983548500883,17.385638399999998,20.744832,1.0283867846860109,29.16208378290291,11.046487776717576,0.0,64.75,0.2996076827806351,132.45574682406226,0.05748947344794369,6.543252730000177,2304.0,trt-fp32,351.9647108742008,ina3221,352.028,2
resnet18,FP32,4,15W,default,inference,128,64,15.378943999999999,14.945856110154903,12.83136,15.339711999999999,1.0289771215949841,17.428789889776642,7.383008426745598,0.0,60.125,0.28563761212333627,98.41136550880998,0.10491616791984007,6.57778063700016,938.0,trt-fp32,142.3964341584119,ina3221,142.343,0
resnet18,FP32,4,15W,default,inference,128,64,15.378943999999999,15.003695453658535,13.083264,15.339711999999999,1.0250104081024893,18.22687685660818,7.354599239998046,0.0,60.468,0.19632120103683048,98.74271394170175,0.1052694178482961,6.582687743000179,938.0,trt-fp32,142.48769033121164,ina3221,142.418,1
resnet18,FP32,4,15W,default,inference,128,64,15.339711999999999,14.978747943661972,13.041936,15.30048,1.0240984131447892,19.17714697237047,6.523888142619383,0.0,60.718,0.20356438091187565,98.60004926988381,0.10534193298064509,6.586394530999996,936.0,trt-fp32,142.0814923633765,ina3221,142.125,2
resnet18,FP32,4,25W,default,inference,128,64,19.760831999999997,18.970060000000004,15.598175999999999,19.68288,1.0416852661509766,25.81434582339013,11.517167289531963,0.0,62.437,0.4354065506168631,124.76927038672326,0.0937409995392361,6.587820940000029,1331.0,trt-fp32,201.74706033308314,ina3221,201.687,0
resnet18,FP32,4,25W,default,inference,128,64,19.565952000000003,18.937240251386324,15.706368000000001,19.526975999999998,1.0331997556279433,25.968132332047965,10.989356404812265,0.0,63.156,0.33658396254664436,124.77065116256907,0.09374203693656578,6.588181025999802,1331.0,trt-fp32,201.99141610114785,ina3221,202.029,1
resnet18,FP32,4,25W,default,inference,128,64,19.565952000000003,18.95909797785978,15.712243200000001,19.5640032,1.0320085914872585,25.87324740855187,9.780087629933911,0.0,63.593,0.32091318688871845,124.88084549663554,0.09375438851098765,6.585854104999953,1332.0,trt-fp32,202.06428488116825,ina3221,202.068,2
resnet18,FP32,4,MAXN,default,inference,128,64,21.444096000000002,20.842335639097744,17.6613216,21.444096000000002,1.0288720214145974,31.57536329686696,10.030320894703074,0.0,64.656,0.423453168047696,136.43995807468292,0.09780642155891249,6.544774430999951,1395.0,trt-fp32,212.82453134119396,ina3221,212.87,0
resnet18,FP32,4,MAXN,default,inference,128,64,21.56064,20.919743645101665,17.91936,21.482944,1.030635956432879,29.627996827424433,10.70197294073127,0.0,65.25,0.3212321702439514,137.05077436971112,0.09824428270230189,6.5525182660001065,1395.0,trt-fp32,212.80328362635942,ina3221,212.82,1
resnet18,FP32,4,MAXN,default,inference,128,64,21.521792,20.922615480519482,17.89008,21.482944,1.0286377446470971,29.632334442216415,11.299815780350652,0.0,65.812,0.31936032304764894,137.21614305539362,0.09787171401953895,6.560197993999964,1402.0,trt-fp32,213.40866571961277,ina3221,213.402,2
resnet18,FP32,8,15W,default,inference,128,64,15.457408,15.047139581227437,12.896304,15.457408,1.0272655421688521,19.490024601740004,7.372135625750329,0.0,60.343,0.2807868656882923,99.60692912088689,0.19646337104711417,6.608509885000103,507.0,trt-fp32,76.69572441611582,ina3221,76.6694,0
resnet18,FP32,8,15W,default,inference,128,64,15.49664,15.061534798634812,12.811679999999999,15.457408,1.0288885035411282,19.458370979971434,7.379433657299448,0.0,60.718,0.22347567057737147,99.79747779758186,0.19606577170448303,6.620620642999938,509.0,trt-fp32,76.82140697780542,ina3221,76.831,1
resnet18,FP32,8,15W,default,inference,128,64,15.49664,15.079925457570717,12.9888,15.457408,1.027633726943927,18.366222629314226,7.362633554799777,0.0,60.906,0.21686963253838318,99.90210845152737,0.19704557879985674,6.621796022999888,507.0,trt-fp32,76.56684075726619,ina3221,76.5293,2
resnet18,FP32,8,25W,default,inference,128,64,20.195328,19.363393583038874,15.598655999999998,20.078592,1.0429642879174779,26.516401765009043,12.316964671205053,0.0,62.843,0.4814787442846908,128.19654051177187,0.17347299122025964,6.606180573000074,739.0,trt-fp32,111.8041123857918,ina3221,111.873,0
resnet18,FP32,8,25W,default,inference,128,64,20.156416,19.510967816393443,16.0157952,20.117504,1.0330813002040955,28.315865822508552,10.918209996625892,0.0,63.625,0.36882260376813225,128.85956876804573,0.17319834511834103,6.6062348230000225,744.0,trt-fp32,112.48211330864875,ina3221,112.443,1
resnet18,FP32,8,25W,default,inference,128,64,20.156416,19.474386816696917,15.882624,20.117504,1.0350218566429175,29.069390673116388,12.44124234743624,0.0,64.218,0.35434967580892623,128.8921214260219,0.17324209869088966,6.609876040000017,744.0,trt-fp32,112.51704734214712,ina3221,112.518,2
resnet18,FP32,8,MAXN,default,inference,128,64,22.029312,21.41000821917808,18.366368,21.951743999999998,1.0289259011244647,30.829712738542504,11.126373354608443,0.0,65.125,0.4764235468459697,140.74328425066847,0.182074106404487,6.567595967999978,773.0,trt-fp32,117.66444864589276,ina3221,117.623,0
resnet18,FP32,8,MAXN,default,inference,128,64,21.990527999999998,21.336640465454543,18.0582528,21.951743999999998,1.0306462273479342,29.581561171969568,12.988121875420248,0.0,65.781,0.3508979699940571,140.3362764553321,0.18201851680328418,6.572029917999998,771.0,trt-fp32,117.29771446005574,ina3221,117.247,1
resnet18,FP32,8,MAXN,default,inference,128,64,22.029312,21.38612769032258,18.079017600000004,21.990527999999998,1.0300748372492168,32.961099940547484,10.935863559304929,0.0,66.406,0.34968753559789056,140.50934276687764,0.18200692068248397,6.571980880999945,772.0,trt-fp32,117.35420765768521,ina3221,117.419,2
resnet18,FP32,16,15W,default,inference,128,64,15.863040000000002,15.443924373333333,13.299744,15.823872,1.0271378968541407,19.37097492398332,7.250998761315658,0.0,59.906,0.2940852073545546,102.44137381938441,0.3794124956273497,6.645718186000067,270.0,trt-fp32,40.59029482577976,ina3221,40.5863,0
resnet18,FP32,16,15W,default,inference,128,64,15.784704,15.363506112115731,13.075391999999999,15.784704,1.0274154795663544,19.512437736543234,9.424439382342461,0.0,60.406,0.2504647306575773,102.22518078154104,0.38001925941093323,6.643387255000107,269.0,trt-fp32,40.46288012617814,ina3221,40.5066,1
resnet18,FP32,16,15W,default,inference,128,64,15.863040000000002,15.402170958199354,13.22496,15.784704,1.029922342963951,18.427307812227586,7.385580498555986,0.0,60.781,0.22826795948883724,102.35973281333528,0.38051945283767763,6.646477783000137,269.0,trt-fp32,40.43893478747226,ina3221,40.4708,2
resnet18,FP32,16,25W,default,inference,128,64,20.744832,19.872294906474817,16.000128,20.705984,1.0439072134160454,28.970446765586505,13.10659801940574,0.0,62.812,0.502694105694565,132.2044129673953,0.3346947163731527,6.650379398000041,395.0,trt-fp32,59.351051902208795,ina3221,59.3699,0
resnet18,FP32,16,25W,default,inference,128,64,20.705984,19.99801454308943,16.1852544,20.667136,1.0354019873015454,28.82213483192662,13.390661497645576,0.0,63.656,0.4055875075741221,132.93846443922826,0.33570319302835416,6.649015110999926,396.0,trt-fp32,59.5384007187347,ina3221,59.5683,1
resnet18,FP32,16,25W,default,inference,128,64,20.744832,19.942725210619468,15.998784,20.705984,1.0402205205612225,28.916735293081235,14.213722502282806,0.0,64.312,0.39021685821852536,132.86373291226755,0.33636388079055074,6.647652977000007,395.0,trt-fp32,59.40778727905894,ina3221,59.4478,2
resnet18,FP32,16,MAXN,default,inference,128,64,21.680256,21.013269094972067,17.505536,21.641472,1.0317412251284368,29.158923774162485,13.079034224803532,0.0,65.093,0.451290488363783,138.99184379330313,0.35915205114548615,6.611192769000127,387.0,trt-fp32,58.475995336691625,ina3221,58.4824,0
resnet18,FP32,16,MAXN,default,inference,128,64,21.757824,21.054239940409683,17.638272,21.680256,1.0334176898136282,31.010231283099703,12.617711681743618,0.0,65.75,0.3388365433477348,139.18161943196864,0.3624521339374183,6.60436821899998,384.0,trt-fp32,58.11122902794091,ina3221,58.0931,1
resnet18,FP32,16,MAXN,default,inference,128,64,21.680256,20.959293176470588,17.306432,21.641472,1.0343982412698336,29.129687697226274,14.128824565888733,0.0,66.375,0.3480253096895271,139.17262283316268,0.36242870529469445,6.62001396200003,384.0,trt-fp32,57.94855446762707,ina3221,57.9134,2
resnet18,FP16,1,15W,default,inference,128,64,14.241216,13.90001626617375,12.201600000000001,14.201984,1.0245467147154765,16.20197182794399,6.487800509875501,0.0,63.375,0.08343110168226921,90.8938359822793,0.01765271625214203,6.538710027999969,5149.0,trt-fp16,786.7083560898666,ina3221,786.677,0
resnet18,FP16,1,15W,default,inference,128,64,14.201984,13.922685646234676,12.3984,14.201984,1.0200606665166543,14.697990536977516,6.019233785924345,0.0,63.093,0.06713502887629214,91.1514327711599,0.017699307334205806,6.539952703000154,5150.0,trt-fp16,786.229346576607,ina3221,786.218,1
resnet18,FP16,1,15W,default,inference,128,64,14.241216,13.96286473937153,12.398399999999999,14.241216,1.0199351111554917,16.240114322407276,6.482308353902911,0.0,62.843,0.078213202741516,91.28027725634747,0.017659175325275195,6.536974762,5169.0,trt-fp16,789.4744038218525,ina3221,789.539,2
resnet18,FP16,1,25W,default,inference,128,64,17.60704,17.146852588235294,14.594304,17.60704,1.026838010614289,22.613585499878358,9.674086055026278,0.0,63.468,0.2659050323842756,112.52189174944507,0.015325782041602435,6.560959877999949,7342.0,trt-fp16,1118.544926192041,ina3221,1118.58,0
resnet18,FP16,1,25W,default,inference,128,64,17.64608,17.20096425092251,14.7963488,17.60704,1.0258773719068464,22.65503225858656,9.656840889037008,0.0,63.687,0.1926479178809998,112.58054358792424,0.01537145597868982,6.544455486999823,7324.0,trt-fp16,1117.1218905525966,ina3221,1117.07,1
resnet18,FP16,1,25W,default,inference,128,64,17.64608,17.21985009908257,14.9700096,17.64608,1.024752242235845,21.44816428547703,9.64232706561081,0.0,63.875,0.1821530571053474,112.78672297244059,0.015380706801096494,6.550232995999977,7333.0,trt-fp16,1118.64731776303,ina3221,1118.72,2
resnet18,FP16,1,MAXN,default,inference,128,64,19.611648000000002,19.061664757741347,16.454963199999998,19.572736,1.028852844137619,25.992622123852797,11.019530855500367,0.0,64.468,0.30221331123389394,124.47589730992465,0.015635711256114137,6.5223057650000555,7961.0,trt-fp16,1220.1287795549158,ina3221,1220.14,0
resnet18,FP16,1,MAXN,default,inference,128,64,20.111616,19.139359119266057,16.3166464,20.033664,1.050798821145231,26.076252815467512,9.771827638580925,0.0,64.937,0.24297419634421377,124.9601202589776,0.015761871879285773,6.523841450000191,7928.0,trt-fp16,1215.0091822817092,ina3221,1214.95,1
resnet18,FP16,1,MAXN,default,inference,128,64,19.611648000000002,19.12413656505576,16.740547199999998,19.611648000000002,1.0254919448669404,25.932407475648528,9.656140481815402,0.0,65.281,0.22010814228339234,124.62166679475206,0.015618707456417103,6.514909103000036,7979.0,trt-fp16,1223.7721143955062,ina3221,1223.76,2
resnet18,FP16,2,15W,default,inference,128,64,14.672768,14.292508562962961,12.238992,14.672768,1.0266055070292157,16.290101773319957,6.4934488037476195,0.0,58.937,0.2796522793344047,93.64972941406901,0.02759273111787537,6.55151041299996,3394.0,trt-fp16,517.318113612909,ina3221,517.28,0
resnet18,FP16,2,15W,default,inference,128,64,14.712,14.33313602946593,12.481056,14.672768,1.0264327338940484,19.140836422715076,6.517158604491376,0.0,59.281,0.19832233221280562,94.0048894563113,0.027689216334701415,6.557720859000028,3395.0,trt-fp16,517.5076054487794,ina3221,517.555,1
resnet18,FP16,2,15W,default,inference,128,64,14.672768,14.302432174863387,12.335424,14.672768,1.025893206177022,16.28517624610902,7.310348705785307,0.0,59.656,0.2137400868413203,93.97991065898668,0.02769001492604204,6.5592062619998615,3394.0,trt-fp16,517.3874448046478,ina3221,517.379,2
resnet18,FP16,2,25W,default,inference,128,64,18.630527999999998,17.946948,14.8355808,18.552576000000002,1.0380889274321181,24.030617493180127,9.790743682585985,0.0,61.406,0.4115347874318975,117.73494987988452,0.024200400797509666,6.559482782000032,4865.0,trt-fp16,741.084763622482,ina3221,741.098,0
resnet18,FP16,2,25W,default,inference,128,64,18.5136,17.949174099447514,14.9160064,18.474624,1.0314457867211761,25.572827822558736,9.738354131274805,0.0,62.062,0.31814492699972996,117.7912241378408,0.02414744242268159,6.5624994530001,4878.0,trt-fp16,742.0165245361154,ina3221,742.069,1
resnet18,FP16,2,25W,default,inference,128,64,18.708479999999998,18.012490744525547,14.947392,18.591552,1.0386392567993952,25.034700834235288,9.856190389327251,0.0,62.687,0.30964332585251986,118.1420324182885,0.024254163912602853,6.555108415999939,4871.0,trt-fp16,742.1101098042817,ina3221,742.084,2
resnet18,FP16,2,MAXN,default,inference,128,64,20.705984,20.113469212730315,16.8381824,20.705984,1.0294586071156073,29.364787987863178,11.180964387621636,0.0,63.781,0.43106722832624667,131.43268752878396,0.02496347341477378,6.529660508999996,5265.0,trt-fp16,805.3106848027492,ina3221,805.356,0
resnet18,FP16,2,MAXN,default,inference,128,64,20.822528,20.20746998171846,16.927744,20.78368,1.0304371610517287,29.117888743457854,10.876706659668343,0.0,64.468,0.32745975215993656,131.97010482982546,0.024918826440677014,6.5270631700000195,5296.0,trt-fp16,810.4176815575577,ina3221,810.44,1
resnet18,FP16,2,MAXN,default,inference,128,64,20.895744,20.160910065934065,17.038192,20.856831999999997,1.0364484505740437,29.508922846429808,10.824999644924969,0.0,64.968,0.30816400895732987,131.8117428038197,0.024912444302366225,6.536503240999991,5291.0,trt-fp16,808.8336381012266,ina3221,808.846,2
resnet18,FP16,4,15W,default,inference,128,64,15.432191999999999,15.041348295302013,12.97896,15.393023999999999,1.0259846189998845,19.479889144964844,6.513354569388188,0.0,59.031,0.31052584926680016,98.49634645769788,0.049174411611431795,6.5600085999999465,2003.0,trt-fp16,305.1089111826362,ina3221,305.051,0
resnet18,FP16,4,15W,default,inference,128,64,15.418175999999999,14.99422526703499,12.914016,15.378943999999999,1.028274267287225,19.587009594044336,6.532354473530337,0.0,59.562,0.24999983653393787,98.3118608098209,0.049229775067511715,6.556315637999887,1997.0,trt-fp16,304.1466648694382,ina3221,304.151,1
resnet18,FP16,4,15W,default,inference,128,64,15.393023999999999,15.013104913443833,12.917952000000001,15.393023999999999,1.025305830389286,18.99065513454308,6.530777206920742,0.0,60.031,0.22397410442381738,98.58382526092143,0.04911999265616414,6.566121588999977,2007.0,trt-fp16,305.5641517401323,ina3221,305.505,2
resnet18,FP16,4,25W,default,inference,128,64,19.806207999999998,19.04073776470588,15.4772352,19.728384,1.0402017109186283,28.12612979714095,12.855629538884672,0.0,61.968,0.47772690551397756,125.1022887545646,0.04343829470644604,6.566205118999733,2880.0,trt-fp16,438.06799392236167,ina3221,438.016,0
resnet18,FP16,4,25W,default,inference,128,64,19.728384,19.08525411764706,15.723993600000002,19.689472000000002,1.0336977374463288,26.225025468213765,9.804556047604848,0.0,62.718,0.36279661631019766,125.29350987409268,0.043534923514278207,6.564960236999923,2878.0,trt-fp16,438.0641567974874,ina3221,438.09,1
resnet18,FP16,4,25W,default,inference,128,64,19.767295999999998,19.137162958105648,15.6358656,19.767295999999998,1.0329271921482726,26.663661167267833,10.840126142970908,0.0,63.406,0.34003970363995506,125.69332132256464,0.04355277939104804,6.563658584999757,2886.0,trt-fp16,439.293181915887,ina3221,439.28,2
resnet18,FP16,4,MAXN,default,inference,128,64,22.225279999999998,21.538617352112674,17.91936,22.18656,1.0318805351644345,32.127493751200156,13.014923806562996,0.0,64.593,0.45345922217182455,140.64133021886767,0.04490463927805481,6.537162728000112,3132.0,trt-fp16,478.28914565221,ina3221,478.224,0
resnet18,FP16,4,MAXN,default,inference,128,64,22.264,21.61985850460405,18.057580799999997,22.225279999999998,1.0297939736866815,32.28969763539588,12.85727164885968,0.0,65.375,0.37506808446783163,141.26242076145218,0.04497370925229296,6.533429963999879,3141.0,trt-fp16,480.5120271542361,ina3221,480.469,1
resnet18,FP16,4,MAXN,default,inference,128,64,22.34144,21.706339672131147,18.3713376,22.30272,1.0292587482487552,32.915148553160265,12.056099539518913,0.0,66.031,0.3476776664992105,141.6026337834977,0.04508202285370828,6.539674057999946,3141.0,trt-fp16,479.99690241997166,ina3221,479.951,2
resnet18,FP16,8,15W,default,inference,128,64,16.215552,15.565224969258589,13.154112,16.098048000000002,1.0417807665501662,20.840052543501884,9.689712916644002,0.0,59.281,0.3537814668884913,102.38496179971594,0.09068641434872979,6.574846944000001,1129.0,trt-fp16,171.58958179941678,ina3221,171.634,0
resnet18,FP16,8,15W,default,inference,128,64,15.980544,15.531838758377425,13.1484416,15.980544,1.02888938319557,18.477403894470758,8.498571391660251,0.0,59.843,0.27484895923227554,102.29880342455321,0.09061010046461755,6.5748085979998905,1129.0,trt-fp16,171.5332883620023,ina3221,171.562,1
resnet18,FP16,8,15W,default,inference,128,64,16.019712,15.553826736842106,13.36064,15.980544,1.02995309585482,18.399648890199355,7.383986783874249,0.0,60.25,0.23949679232702573,102.15340123185703,0.0910458121496052,6.567399078000108,1122.0,trt-fp16,170.63622717852596,ina3221,170.641,2
resnet18,FP16,8,25W,default,inference,128,64,20.822528,20.01557362016807,16.0510464,20.78368,1.040316325434652,28.84858471791741,14.12150897717421,0.0,62.5,0.5280469564635965,131.8666488573987,0.08011339541761768,6.585707995999655,1646.0,trt-fp16,249.70723953833888,ina3221,249.69,0
resnet18,FP16,8,25W,default,inference,128,64,20.744832,20.020750311270124,16.1812352,20.705984,1.0361665610665087,27.890078171596077,13.224499352639626,0.0,63.312,0.4028416935516499,132.0867626833461,0.08049162869186234,6.584973412000181,1641.0,trt-fp16,249.16352812431353,ina3221,249.141,1
resnet18,FP16,8,25W,default,inference,128,64,20.900223999999998,20.155829737931036,16.378710400000003,20.900223999999998,1.0369319582347978,28.913614335883594,13.013898500855646,0.0,64.062,0.41435258215716475,132.75619125619738,0.08065382214835808,6.582328160000088,1646.0,trt-fp16,250.05907337972022,ina3221,250.121,2
resnet18,FP16,8,MAXN,default,inference,128,64,22.76736,21.9264434204947,18.279743999999997,22.689919999999997,1.0383517090929253,32.02445696156518,14.567885657568329,0.0,65.25,0.5127278719616661,143.8636097310632,0.08462565278297836,6.548942838999665,1700.0,trt-fp16,259.4305421648193,ina3221,259.505,0
resnet18,FP16,8,MAXN,default,inference,128,64,22.612479999999998,21.87342054676259,18.192048,22.57376,1.0337880146206395,31.901132225905485,14.090387932043814,0.0,65.906,0.38452363880630847,143.48456673052203,0.08490211049143316,6.544348726999942,1690.0,trt-fp16,257.8530958445123,ina3221,257.886,1
resnet18,FP16,8,MAXN,default,inference,128,64,22.57376,21.85629714285714,18.525292800000003,22.535040000000002,1.032826368183658,32.08175397274545,13.692743761839575,0.0,66.656,0.37015446853285977,143.46915399872364,0.0853475038659867,6.554747589999806,1681.0,trt-fp16,256.3771690162894,ina3221,256.415,2
resnet18,FP16,16,15W,default,inference,128,64,16.658304,16.18320513153153,13.557120000000001,16.658304,1.0293575261888501,22.041204958808834,9.913535206311934,0.0,59.062,0.4003772305531581,106.8764465301958,0.17210377863155524,6.600382954999986,621.0,trt-fp16,94.04621698915128,ina3221,94.0045,0
resnet18,FP16,16,15W,default,inference,128,64,16.658304,16.164079853747715,13.474598400000001,16.6192,1.0305754580974615,19.452995423385723,9.737980237627337,0.0,59.843,0.3098594192247384,106.74090023016429,0.1716091643571773,6.601475903999926,622.0,trt-fp16,94.13899710675186,ina3221,94.1278,1
resnet18,FP16,16,15W,default,inference,128,64,16.697408,16.198543798198198,13.545331200000001,16.658304,1.0307968548294626,20.85595794941217,10.033054040382675,0.0,60.406,0.28143350700743897,107.12838305176973,0.17223212709287739,6.609103526000126,622.0,trt-fp16,94.06876938885912,ina3221,94.0027,2
resnet18,FP16,16,25W,default,inference,128,64,22.068096,21.189636457142853,16.728691199999997,21.990527999999998,1.0414570370111766,32.143094925559275,14.349504019833427,0.0,62.875,0.5639533831785944,139.74934089481567,0.15373964894919215,6.599768546999712,909.0,trt-fp16,137.49816538836953,ina3221,137.516,0
resnet18,FP16,16,25W,default,inference,128,64,22.029312,21.21761929241877,16.8401376,21.990527999999998,1.03825559768957,32.08328557774842,16.228479143686492,0.0,63.906,0.4622808097849734,140.26251710640105,0.1541346341828583,6.605410514999676,910.0,trt-fp16,137.6205669268369,ina3221,137.695,1
resnet18,FP16,16,25W,default,inference,128,64,22.068096,21.215630540447503,16.775616000000003,22.029312,1.0401810098421198,31.10551123545455,14.493456901656758,0.0,64.781,0.4524615332659328,140.31550876400547,0.15385472452193583,6.605116063999958,912.0,trt-fp16,137.95783740379434,ina3221,137.891,2
resnet18,FP16,16,MAXN,default,inference,128,64,21.874176,21.15787708235294,17.386464,21.856723199999998,1.0338549522175124,29.575830044929475,14.987657828926086,0.0,65.218,0.49390416264049847,139.1984380944492,0.17079562956374134,6.570530081000015,815.0,trt-fp16,123.81964615205433,ina3221,123.892,0
resnet18,FP16,16,MAXN,default,inference,128,64,21.912959999999998,21.125110135338346,17.316192,21.874176,1.037294473714659,29.14182836546369,14.583749011497162,0.0,65.937,0.39652613719477886,139.35766906872678,0.1705724223607427,6.5762416120001035,817.0,trt-fp16,124.22681488902207,ina3221,124.28,1
resnet18,FP16,16,MAXN,default,inference,128,64,21.912959999999998,21.12872363770795,17.489919999999998,21.874176,1.0371170722727634,32.023872820831386,14.544560681491244,0.0,66.531,0.3740557832020099,139.4629680690104,0.17091050008457156,6.5796606080002675,816.0,trt-fp16,123.95666887073159,ina3221,123.973,2
resnet18,INT8,1,15W,default,inference,128,64,11.669504000000002,11.441760350364962,10.187904,11.669504000000002,1.019904598825807,11.073437737490496,3.3099697142588766,0.0,62.843,-0.01089472612745997,74.94272810524762,0.011147215246950413,6.550255513000138,6723.0,trt-int8,1025.8517456690877,ina3221,1025.88,0
resnet18,INT8,1,15W,default,inference,128,64,11.669504000000002,11.449494758122745,10.4110112,11.63008,1.019215628857437,9.803299910438342,3.6937247937167097,0.0,62.281,0.011210234207102255,75.02587401693268,0.011204580946375848,6.54503621799995,6696.0,trt-int8,1022.0760138278472,ina3221,1022.09,1
resnet18,INT8,1,15W,default,inference,128,64,11.63008,11.453312351005485,10.4761664,11.63008,1.0154337578140875,9.791588483206636,3.2782189904159686,0.0,61.718,0.009547171654440939,74.97283971415392,0.011130172166590546,6.5461725790000855,6736.0,trt-int8,1028.0383838843745,ina3221,1028.04,2
resnet18,INT8,1,25W,default,inference,128,64,13.635712,13.339909736379614,11.7641216,13.635712,1.022174232769634,13.145952300684081,6.501060804049669,0.0,61.656,0.1353246653388141,87.69329625930575,0.009498840582680433,6.569116532999942,9232.0,trt-int8,1405.2718811763707,ina3221,1405.24,0
resnet18,INT8,1,25W,default,inference,128,64,13.714304,13.42042342184874,11.961241600000001,13.675008,1.0218980108833835,13.092219401339644,3.600836954631064,0.0,61.531,0.09435767351426522,87.91475376109642,0.009483792207238018,6.552969739999753,9270.0,trt-int8,1413.3689296087323,ina3221,1413.34,1
resnet18,INT8,1,25W,default,inference,128,64,13.675008,13.412804513562387,11.9968384,13.675008,1.0195487443489157,14.128996668242143,6.5197234193117435,0.0,61.437,0.0922077115632095,87.93766001086735,0.009472978564135232,6.557058001999849,9283.0,trt-int8,1415.0140623612178,ina3221,1415.07,2
resnet18,INT8,1,MAXN,default,inference,128,64,14.90816,14.588076501792113,12.949440000000001,14.868928,1.0219414463701617,16.36772374301684,6.8943823788214,0.0,61.718,0.18054997051117166,95.36035403074266,0.009645024176266071,6.5267136200000095,9887.0,trt-int8,1513.8575803566093,ina3221,1513.8,0
resnet18,INT8,1,MAXN,default,inference,128,64,14.90816,14.601343532846714,12.9951616,14.8944288,1.02101289285216,16.3549736302828,6.854527707935239,0.0,61.875,0.13529051850903648,95.5043969885347,0.009611956218652847,6.534684138000102,9936.0,trt-int8,1520.153567186221,ina3221,1520.22,1
resnet18,INT8,1,MAXN,default,inference,128,64,14.986623999999999,14.680481507246379,13.0894976,14.986623999999999,1.020853709233073,16.31340906372748,6.709481580198974,0.0,62.0,0.12614369511559104,95.96621872815945,0.009565057184108387,6.528744581999945,10033.0,trt-int8,1536.6796284268573,ina3221,1536.74,2
resnet18,INT8,2,15W,default,inference,128,64,12.300288,11.977603631205675,10.740736,12.221440000000001,1.0269406451181624,11.10817557133216,3.7012914922456726,0.0,56.5,0.18560259621842595,78.62684525506316,0.015167215519881011,6.556327881000016,5184.0,trt-int8,790.6191814035134,ina3221,790.687,0
resnet18,INT8,2,15W,default,inference,128,64,12.221440000000001,12.022016104575163,10.959894400000001,12.221440000000001,1.0165882239459771,11.11322110813942,3.701510606294883,0.0,56.875,0.1446572223518462,78.71569025557024,0.01512309130750629,6.548119534999842,5205.0,trt-int8,794.0668797073838,ina3221,794.038,1
resnet18,INT8,2,15W,default,inference,128,64,12.221440000000001,11.986846345811053,10.819711999999999,12.221440000000001,1.0195709236125254,11.114357351114053,3.7027321302060536,0.0,57.156,0.1355551287611549,78.62653497460892,0.01520528620665421,6.55120731199986,5171.0,trt-int8,788.9707950496896,ina3221,788.959,2
resnet18,INT8,2,25W,default,inference,128,64,14.672768,14.323081543859649,12.376752,14.672768,1.0244141915320075,17.55187128204965,7.123528998063614,0.0,58.343,0.2845933856349526,94.07652161999246,0.012993994698893986,6.560651687000245,7240.0,trt-int8,1102.8569604766224,ina3221,1102.8,0
resnet18,INT8,2,25W,default,inference,128,64,14.751232,14.443832333938294,12.6936,14.751232,1.0212824172251997,17.741420246717112,6.703797930915768,0.0,58.906,0.20559351883950291,94.80947105489771,0.012939739464296126,6.56136543599996,7327.0,trt-int8,1115.2147577720168,ina3221,1115.15,1
resnet18,INT8,2,25W,default,inference,128,64,14.751232,14.39143095652174,12.67392,14.712,1.025001061017856,15.440278480455621,6.54846514679792,0.0,59.25,0.19570166299823544,94.4582939223066,0.013016162866515997,6.562439746000109,7257.0,trt-int8,1105.0910253426457,ina3221,1105.04,2
resnet18,INT8,2,MAXN,default,inference,128,64,16.736511999999998,15.955991242685025,13.95008,16.462784,1.0489170961204182,18.702123795317593,7.488893645932988,0.0,60.187,0.2819542558760727,104.29450250764378,0.013228627918270393,6.52844125799993,7884.0,trt-int8,1206.9156078793599,ina3221,1206.94,0
resnet18,INT8,2,MAXN,default,inference,128,64,16.176384,15.84999928888889,14.1838912,16.176384,1.0205920962621058,19.11195851408591,6.494853326972157,0.0,60.718,0.20619003300730585,103.49238282684222,0.01326655336839408,6.528984478999973,7801.0,trt-int8,1194.3794180180037,ina3221,1194.37,1
resnet18,INT8,2,MAXN,default,inference,128,64,16.293888000000003,15.930580740740737,14.1847008,16.25472,1.0228056506647085,19.574304195289386,6.506497544200911,0.0,61.156,0.1963957973381667,103.99419536481702,0.013283202882209352,6.5272141119999105,7829.0,trt-int8,1199.0384798169148,ina3221,1199.05,2
resnet18,INT8,4,15W,default,inference,128,64,12.9888,12.558607139784945,11.096128,12.91008,1.0342548226428891,14.841215203495073,3.713307296133562,0.0,55.968,0.2561760664072436,82.52652015383825,0.02389302841744014,6.5626142719997915,3454.0,trt-int8,525.84807643174,ina3221,525.856,0
resnet18,INT8,4,15W,default,inference,128,64,12.75264,12.511126124789207,11.214592,12.75264,1.0193039277841076,13.032615228735928,4.387058719250745,0.0,56.468,0.19518409586164776,82.18932434843063,0.02380919013569833,6.5665841300001375,3452.0,trt-int8,525.2791879806935,ina3221,525.226,1
resnet18,INT8,4,15W,default,inference,128,64,12.792,12.5132768113879,11.175104,12.75264,1.0222741966643336,14.837641784731202,3.712291399918626,0.0,56.937,0.17943424908007127,82.41588376462366,0.023819619585151348,6.577312818000337,3460.0,trt-int8,526.0436188743317,ina3221,526.009,2
resnet18,INT8,4,25W,default,inference,128,64,15.588864,15.200093888888887,12.949440000000001,15.588864,1.025576823008659,19.535497471289503,7.234612475852847,0.0,58.468,0.33528532791839755,99.88253372321755,0.020522402655273792,6.567589601999771,4867.0,trt-int8,740.0350066542597,ina3221,740.105,0
resnet18,INT8,4,25W,default,inference,128,64,15.628032,15.219216226950353,13.112784,15.588864,1.0268618151521962,19.517461217354718,7.195821998137917,0.0,59.125,0.27890104634628915,100.05316666417113,0.02049849757512213,6.565904333000162,4881.0,trt-int8,742.332414950968,ina3221,742.275,1
resnet18,INT8,4,25W,default,inference,128,64,15.628032,15.236745010830326,13.1856,15.588864,1.0256804841776603,18.21540815959262,7.248128466985009,0.0,59.625,0.23690402876723157,100.27723198704905,0.020616207234179493,6.574756642000011,4864.0,trt-int8,739.486391678756,ina3221,739.414,2
resnet18,INT8,4,MAXN,default,inference,128,64,17.518592,16.993289647058823,14.7142752,17.440383999999998,1.03091234033265,22.721645154408026,6.544648171270421,0.0,60.656,0.34196535708210474,111.09388723228426,0.020965066471463345,6.537330696000026,5299.0,trt-int8,810.2582340194416,ina3221,810.246,0
resnet18,INT8,4,MAXN,default,inference,128,64,17.440383999999998,17.000653313868614,14.790464,17.40128,1.0258655169312032,22.67658944241302,7.511704899399019,0.0,61.281,0.2761505858712755,111.30636790210536,0.020981407710104687,6.5395498699999735,5305.0,trt-int8,811.1839942540884,ina3221,811.16,1
resnet18,INT8,4,MAXN,default,inference,128,64,17.440383999999998,17.012588101818178,14.8473504,17.440383999999998,1.0251458446899153,20.484614665090284,7.515917224125679,0.0,61.843,0.2504514616896707,111.33636642871117,0.020998937462978342,6.535065302000021,5302.0,trt-int8,810.3062933870868,ina3221,810.282,2
resnet18,INT8,8,15W,default,inference,128,64,14.107263999999999,13.668767185454547,12.02432,13.989376,1.0320802021569344,14.82678959026847,6.6369804292597365,0.0,56.468,0.30169888935392813,89.67230043249205,0.04456873778950897,6.556525559999955,2012.0,trt-int8,306.8532385112705,ina3221,306.848,0
resnet18,INT8,8,15W,default,inference,128,64,13.989376,13.69140216058394,12.1701888,13.989376,1.0217635736589414,16.31161956708081,6.543444386595824,0.0,57.125,0.21857735025625114,89.83849638345652,0.04449653114584275,6.561463456999718,2019.0,trt-int8,307.3752593931025,ina3221,307.349,1
resnet18,INT8,8,15W,default,inference,128,64,13.95008,13.662800271186443,12.142592,13.95008,1.0210264164820884,16.112596922876385,4.78591751175656,0.0,57.718,0.22796043870926663,89.51470739847943,0.04453468029775096,6.549247966000166,2010.0,trt-int8,306.7976113713622,ina3221,306.816,2
resnet18,INT8,8,25W,default,inference,128,64,17.64608,17.059782432708687,14.3870784,17.60704,1.0343672359013916,22.432784542102024,7.300037485302512,0.0,59.656,0.43015157853435515,111.90887307246378,0.03878990401125261,6.555616330999783,2885.0,trt-int8,439.75011620495474,ina3221,439.692,0
resnet18,INT8,8,25W,default,inference,128,64,17.528959999999998,17.0829086007326,14.653151999999999,17.489919999999998,1.0261109749921784,23.7733692544655,9.76857505723197,0.0,60.375,0.31025427282023565,112.14435617977387,0.038777439896187364,6.561940804000187,2892.0,trt-int8,440.3337332057323,ina3221,440.377,1
resnet18,INT8,8,25W,default,inference,128,64,17.568,17.08902455846422,14.594304,17.528959999999998,1.028028249353679,21.353619077816347,10.511691608841856,0.0,61.093,0.3121445802952063,112.2077115781444,0.038799347018722126,6.558595200999662,2892.0,trt-int8,440.58763192593557,ina3221,440.557,2
resnet18,INT8,8,MAXN,default,inference,128,64,19.689472000000002,19.180956816188868,16.4706048,19.650560000000002,1.0265114607516317,25.604113895911365,10.605612725817844,0.0,62.312,0.4283413796666115,125.11949171141393,0.0398469718826159,6.520222897000167,3140.0,trt-int8,480.7462564244471,ina3221,480.714,0
resnet18,INT8,8,MAXN,default,inference,128,64,19.728384,19.234779694545455,16.6367968,19.7108736,1.0256620722094631,26.25078839838834,10.116609576270916,0.0,63.093,0.31148358644768853,125.59041857178633,0.0398953045018381,6.523274798999864,3148.0,trt-int8,481.9330446361086,ina3221,481.956,1
resnet18,INT8,8,MAXN,default,inference,128,64,19.728384,19.27179171731449,16.824496,19.728384,1.0236922590998787,26.015508496789703,9.712418142396109,0.0,63.781,0.28770827749485983,125.64169902965195,0.04003878235489227,6.520857491000243,3138.0,trt-int8,480.4849448005412,ina3221,480.499,2
resnet18,INT8,16,15W,default,inference,128,64,14.460928,14.067955434862386,12.2766336,14.382335999999999,1.0279338790172574,16.29894765226867,6.543849322755106,0.0,56.718,0.3273151800648792,92.47465319121821,0.0958286561567028,6.57278648800002,965.0,trt-int8,146.7348342006482,ina3221,146.678,0
resnet18,INT8,16,15W,default,inference,128,64,14.460928,14.102794291457286,12.35904,14.421631999999999,1.02539452119497,16.267898372848347,7.3483803124123614,0.0,57.468,0.26679171610522406,92.7422018809789,0.09600642016664482,6.574652108999999,966.0,trt-int8,146.8219202546696,ina3221,146.767,1
resnet18,INT8,16,15W,default,inference,128,64,14.460928,14.118565875409837,12.376752,14.437376,1.0242490722932738,16.319092748915395,7.324213348773796,0.0,58.031,0.221664833150715,92.8377394164753,0.09610532030691026,6.575609712000187,966.0,trt-int8,146.82796230856138,ina3221,146.768,2
resnet18,INT8,16,25W,default,inference,128,64,18.309759999999997,17.7560494755877,14.6649216,18.309759999999997,1.0311843310176385,25.405443131719025,10.221634922318026,0.0,60.062,0.45375033286903665,116.92031377130485,0.08357420569785907,6.581452407000143,1399.0,trt-int8,212.49019401801885,ina3221,212.488,0
resnet18,INT8,16,25W,default,inference,128,64,18.3488,17.78173675849732,14.7826176,18.3488,1.0318902056196337,25.08706024138397,10.840518621822147,0.0,61.031,0.3565233142677811,117.23323562118259,0.08391784940671623,6.581759824000073,1397.0,trt-int8,212.14081920457045,ina3221,212.145,1
resnet18,INT8,16,25W,default,inference,128,64,18.309759999999997,17.765309928057555,14.868928,18.309759999999997,1.0306468096614834,22.643862540546216,10.93086958360781,0.0,61.656,0.33057262701810125,117.19335615818122,0.08388930290492572,6.584322271000019,1397.0,trt-int8,212.12167456864577,ina3221,212.067,2
resnet18,INT8,16,MAXN,default,inference,128,64,20.628288,20.068348283121598,17.029792,20.58944,1.0279016344035319,28.91920402024519,11.737881800551708,0.0,63.031,0.43730222746793185,131.5221767684185,0.08618753392425851,6.548716665000029,1526.0,trt-int8,232.95530219585132,ina3221,232.91,0
resnet18,INT8,16,MAXN,default,inference,128,64,20.667136,20.07272345869947,17.107328,20.628288,1.029612949260401,28.76552395227473,11.220007676785299,0.0,63.906,0.34210757341504133,131.53042132242024,0.0863627191874066,6.542309833000218,1523.0,trt-int8,232.59449017990303,ina3221,232.643,1
resnet18,INT8,16,MAXN,default,inference,128,64,20.705984,20.15495886655684,17.201024,20.705984,1.0273394323000817,26.61399924912392,11.22432748589092,0.0,64.656,0.33318090221466895,132.14804805326347,0.08648432464218814,6.556075770999996,1528.0,trt-int8,233.06051850163584,ina3221,232.99,2
resnet18,INT4,1,15W,default,inference,128,64,14.201984,13.871583999999999,12.030384,14.185856,1.0238184766786549,16.298172950322027,7.2306480867003184,0.0,62.031,0.13484943876761304,90.9581286975872,0.01756287482092821,6.54986938500042,5179.0,trt-int4,790.5502607230283,ina3221,790.5,0
resnet18,INT4,1,15W,default,inference,128,64,14.225152,13.916655709090909,12.31968,14.201984,1.02216741560313,16.075847103257125,6.613256897502563,0.0,61.937,0.096456865977324,91.17601225170512,0.017564248170237936,6.549058718000197,5191.0,trt-int4,791.8884624438542,ina3221,791.908,1
resnet18,INT4,1,15W,default,inference,128,64,14.225152,13.908953621440537,12.382655999999999,14.201984,1.0227334411462876,14.771806397045546,6.973570323741634,0.0,61.875,0.10182656255447597,91.03844998207055,0.017547889356605735,6.543893780999952,5188.0,trt-int4,791.9666714741992,ina3221,791.923,2
resnet18,INT4,1,25W,default,inference,128,64,17.72416,17.12311740901502,14.555072000000001,17.64608,1.035101236336121,21.632436484454367,7.189979937953791,0.0,62.843,0.290262339249871,112.19421854579392,0.015233430895559256,6.552307380999991,7365.0,trt-int4,1122.8722582663188,ina3221,1122.9,0
resnet18,INT4,1,25W,default,inference,128,64,17.60704,17.180873319298247,14.8473504,17.568,1.0248047158477718,25.025120841287404,9.78228927133897,0.0,63.187,0.19770949832667578,112.6128306764569,0.015321473561422707,6.5589019399999415,7350.0,trt-int4,1120.4245098529148,ina3221,1120.38,1
resnet18,INT4,1,25W,default,inference,128,64,17.60704,17.14229154909091,14.7473088,17.568,1.027111220782716,23.88117298767431,9.858800933525945,0.0,63.437,0.21272686462123633,112.36326653795557,0.015262600725068673,6.550416234000295,7362.0,trt-int4,1122.2758287439656,ina3221,1122.32,2
resnet18,INT4,1,MAXN,default,inference,128,64,19.533824,19.03960108623853,16.4706048,19.494912,1.0259576296542623,25.644239471224015,9.783654765867235,0.0,64.312,0.33244440721846735,124.39291525261606,0.015543285674449089,6.5307542159998775,8003.0,trt-int4,1224.9178567413976,ina3221,1224.9,0
resnet18,INT4,1,MAXN,default,inference,128,64,19.572736,19.048074921100916,16.478425599999998,19.533824,1.0275440474206596,25.779870687563353,10.92636101696908,0.0,64.718,0.24494231710401515,124.44374662143483,0.015614020906077143,6.5214104179999595,7970.0,trt-int4,1221.8040629754573,ina3221,1221.79,1
resnet18,INT4,1,MAXN,default,inference,128,64,19.611648000000002,19.112073714285714,16.654393600000002,19.611648000000002,1.0261391983508765,26.0064943793344,10.291300692742231,0.0,65.031,0.2367634728956518,124.95053006149027,0.015620768853793009,6.525989392000156,7999.0,trt-int4,1224.805859459268,ina3221,1224.83,2
resnet18,INT4,2,15W,default,inference,128,64,14.712,14.31782212110092,12.138624,14.712,1.0275305752205262,16.259205689254678,6.533884092286807,0.0,58.75,0.2936186770037605,93.9708943069111,0.027606020654204203,6.5627556140002525,3404.0,trt-int4,517.850051282865,ina3221,517.895,0
resnet18,INT4,2,15W,default,inference,128,64,14.829696,14.343638265546218,12.386591999999998,14.712,1.0338866419701411,16.43956835439797,7.340578417504506,0.0,59.218,0.2221374990562198,94.15942765106263,0.027734735685143633,6.567519344000175,3395.0,trt-int4,516.619447679582,ina3221,516.602,1
resnet18,INT4,2,15W,default,inference,128,64,14.712,14.347284909747295,12.28032,14.712,1.0254204954140782,18.361449925938157,7.37097976998785,0.0,59.625,0.20785104819726152,94.15978983871,0.027694055834914705,6.554411168000115,3400.0,trt-int4,517.9417538601383,ina3221,517.907,2
resnet18,INT4,2,25W,default,inference,128,64,18.552576000000002,17.96148791160221,14.5589952,18.5136,1.0329086371522695,25.986671014548133,10.124699384874102,0.0,61.343,0.4406016141999394,118.08103997042417,0.024191977047823023,6.57162500000004,4881.0,trt-int4,741.7113797757885,ina3221,741.647,0
resnet18,INT4,2,25W,default,inference,128,64,18.5136,17.965317435008668,15.0023168,18.5136,1.030518946685735,24.52553350530255,10.819645938657855,0.0,62.093,0.32553332724903755,118.07867992738625,0.024286030425213132,6.565892892999727,4862.0,trt-int4,740.0503218327585,ina3221,740.065,1
resnet18,INT4,2,25W,default,inference,128,64,18.942336,18.035832615384617,14.849312000000001,18.825408,1.0502612440438228,25.710987166243413,9.815503919447112,0.0,62.687,0.32789491529792153,118.51792730213741,0.024291438266476204,6.570732184000008,4879.0,trt-int4,741.2789654396839,ina3221,741.285,2
resnet18,INT4,2,MAXN,default,inference,128,64,20.744832,20.152464630824372,16.892928,20.744832,1.0293942889878376,29.09940560394452,10.922539757892398,0.0,63.875,0.40718840654924515,131.5029811793725,0.024938930623814245,6.530167426999924,5273.0,trt-int4,806.4335176930526,ina3221,806.502,0
resnet18,INT4,2,MAXN,default,inference,128,64,20.744832,20.17409237569061,16.9437632,20.744832,1.0282907212716603,29.130390370704095,12.540360965902343,0.0,64.562,0.3298422388987467,131.7176009297728,0.0249417915034601,6.528740733000177,5281.0,trt-int4,807.5128476628382,ina3221,807.581,1
resnet18,INT4,2,MAXN,default,inference,128,64,20.744832,20.185195529411764,17.111232,20.744832,1.0277250953439014,29.197304238810215,9.781269668001038,0.0,65.125,0.31978273829310505,131.92821682048145,0.025090950327212144,6.536087925000174,5258.0,trt-int4,803.8567947031971,ina3221,803.883,2
resnet18,INT4,4,15W,default,inference,128,64,15.510528,15.025629710091742,12.83136,15.432191999999999,1.0322714121979581,19.4117799866819,7.926155968741393,0.0,59.218,0.31140715555881515,98.62000788954006,0.04887017239323095,6.56295494799997,2018.0,trt-int4,307.2534278516679,ina3221,307.231,0
resnet18,INT4,4,15W,default,inference,128,64,16.25472,15.453978765598649,12.894336,16.176384,1.0518145680505167,19.33366882365701,7.3572634411893105,0.0,59.937,0.2606444746770739,101.73049084172844,0.050411541546941746,6.579150824000408,2018.0,trt-int4,306.6010056719047,ina3221,306.572,1
resnet18,INT4,4,15W,default,inference,128,64,16.462784,15.305998503597124,13.081055999999998,16.225344,1.0755772644385804,18.267088751102502,6.8970316735933075,0.0,60.375,0.2220421161098837,100.38206108640077,0.049817400042878796,6.563454719999754,2015.0,trt-int4,306.80069089141716,ina3221,306.779,2
resnet18,INT4,4,25W,default,inference,128,64,19.728384,19.09335063157895,15.4987776,19.728384,1.0332593990795282,27.71642187806354,10.91967855661954,0.0,62.312,0.4683630312600432,125.57903122846628,0.043183985979527606,6.578662491000159,2908.0,trt-int4,441.53809708661055,ina3221,441.602,0
resnet18,INT4,4,25W,default,inference,128,64,19.845119999999998,19.194042842105265,15.823872,19.806207999999998,1.033920793198736,25.33506523034573,10.9202619934301,0.0,63.125,0.36841765413952354,126.03452021726281,0.04326622733170711,6.56833322600005,2913.0,trt-int4,443.09941912385244,ina3221,443.059,1
resnet18,INT4,4,25W,default,inference,128,64,19.806207999999998,19.1326036056338,15.667200000000001,19.767295999999998,1.0352071473517512,28.183809765613677,11.52369371176399,0.0,63.812,0.3457630702844864,125.93239203704516,0.04340999380801281,6.57012921400019,2901.0,trt-int4,441.22324289570616,ina3221,441.165,2
resnet18,INT4,4,MAXN,default,inference,128,64,22.264,21.55136583713355,17.956447999999998,22.225279999999998,1.0330667748973277,32.62367168168625,11.97446028434076,0.0,64.968,0.46555061496834504,140.8785760557636,0.04500912973027591,6.536781678000352,3130.0,trt-int4,478.3868138815638,ina3221,478.388,0
resnet18,INT4,4,MAXN,default,inference,128,64,22.30272,21.5756662189781,17.8583264,22.264,1.033697860063407,32.11973641737949,13.121836942051292,0.0,65.781,0.38835347101881595,141.24043023131856,0.04492380096415985,6.541413091000322,3144.0,trt-int4,479.9480716703114,ina3221,479.909,1
resnet18,INT4,4,MAXN,default,inference,128,64,22.30272,21.625234119782213,18.182304000000002,22.264,1.0313284876577609,32.151776546172606,12.922835571480638,0.0,66.468,0.36051815283178296,141.35449506808976,0.04487444287875866,6.537405343000046,3150.0,trt-int4,481.21781353934114,ina3221,481.144,2
resnet18,INT4,8,15W,default,inference,128,64,16.137216,15.559305703577515,13.130495999999999,16.098048000000002,1.0371424218684517,18.3754615640984,7.391682815948737,0.0,59.593,0.36067641468842193,102.27054498477523,0.09074582518613596,6.566956520000076,1127.0,trt-int4,171.40785135895715,ina3221,171.385,0
resnet18,INT4,8,15W,default,inference,128,64,16.019712,15.550791413969334,13.1877376,15.980544,1.0301541300084207,18.44540654281799,7.380715162789159,0.0,60.281,0.2695317119750629,102.25739960590313,0.09081474210115731,6.5694203159996505,1126.0,trt-int4,171.2086246653053,ina3221,171.243,1
resnet18,INT4,8,15W,default,inference,128,64,16.019712,15.584127239388792,13.274188800000001,15.980544,1.0279505392839883,18.35240910478579,7.405284406514489,0.0,60.656,0.2325998608273991,102.46121721592344,0.09099575241201016,6.574472744999639,1126.0,trt-int4,171.23879727635781,ina3221,171.25,2
resnet18,INT4,8,25W,default,inference,128,64,20.744832,20.033662148282097,16.0275456,20.744832,1.0354987443860275,28.443256709044046,14.070164892458923,0.0,62.687,0.5055955099019309,131.73581643671412,0.0805231151813656,6.568475643000056,1636.0,trt-int4,248.7295844188252,ina3221,248.799,0
resnet18,INT4,8,25W,default,inference,128,64,20.78368,20.06997907692308,16.257488,20.744832,1.035560621181591,28.714152711985104,12.976635758213174,0.0,63.625,0.39653265668102655,131.97834740301806,0.08047460207501102,6.573910575999889,1640.0,trt-int4,249.43466287664955,ina3221,249.394,1
resnet18,INT4,8,25W,default,inference,128,64,20.977919999999997,20.207591853479855,16.462784,20.939072,1.0381207296794985,29.04265905896914,13.04073141435119,0.0,64.375,0.38083149623542767,132.6330842193991,0.08077532534677169,6.562206746999891,1642.0,trt-int4,249.83757145792177,ina3221,249.873,2
resnet18,INT4,8,MAXN,default,inference,128,64,22.72864,21.952236033726816,18.4278528,22.6512,1.0353678761963172,32.26631154640652,14.287233850861789,0.0,65.406,0.4657499297230025,143.7068089358935,0.08498332876161649,6.541739967000012,1691.0,trt-int4,258.21569767887803,ina3221,258.259,0
resnet18,INT4,8,MAXN,default,inference,128,64,22.57376,21.903782773722632,18.4882656,22.535040000000002,1.0305872840868893,32.04077355965561,12.783496957049891,0.0,66.187,0.3660654386907684,143.23158052839568,0.08535851044600458,6.541959273999964,1678.0,trt-int4,256.1866372477575,ina3221,256.183,1
resnet18,INT4,8,MAXN,default,inference,128,64,22.34144,21.69222628980322,18.307027200000004,22.30272,1.0299284039140764,33.53530365973226,14.360573729805457,0.0,66.781,0.33226764734876685,141.94254906656448,0.08607795577111248,6.5421117330001834,1649.0,trt-int4,251.89424044921532,ina3221,251.841,2
resnet18,INT4,16,15W,default,inference,128,64,16.853824,16.225912865573772,13.6317824,16.775616000000003,1.038698046737232,21.817527567564543,9.705754998519781,0.0,59.437,0.3828939699333473,106.99990873956801,0.1714742127236667,6.598652675999801,624.0,trt-int4,94.51080077132502,ina3221,94.473,0
resnet18,INT4,16,15W,default,inference,128,64,16.6192,16.172445952468006,13.619993599999999,16.6192,1.0276243957682738,19.474168933289736,9.693686052724125,0.0,60.25,0.3035886479986203,106.60475128434143,0.17111517060086906,6.591442912000275,623.0,trt-int4,94.41501893453153,ina3221,94.4101,1
resnet18,INT4,16,15W,default,inference,128,64,16.697408,16.226755789473685,13.7418112,16.658304,1.0290047016564843,19.567151052291464,9.753986718830443,0.0,60.781,0.2786451193293205,106.96311978909064,0.17169040094557086,6.599423131999629,623.0,trt-int4,94.39496905712208,ina3221,94.3968,2
resnet18,INT4,16,25W,default,inference,128,64,22.029312,21.110382352530543,16.7208704,21.990527999999998,1.0435297491122564,32.19930202747543,14.661783923053529,0.0,63.218,0.5371220075203431,139.07123316778848,0.1528255309536137,6.598516371000187,910.0,trt-int4,137.80291179993662,ina3221,137.82,0
resnet18,INT4,16,25W,default,inference,128,64,22.029312,21.191130596026486,17.011920000000003,21.984710399999997,1.0395534065620209,31.94348581630593,14.483847734680781,0.0,64.125,0.4503294852196926,139.9165426278218,0.15358566698992512,6.603128169000229,911.0,trt-int4,137.9567191946554,ina3221,137.959,1
resnet18,INT4,16,25W,default,inference,128,64,22.070400000000003,21.22542868222621,16.705228799999997,22.0685568,1.039809387618228,32.24942982805421,14.506175996289496,0.0,65.062,0.4585956188350151,140.3152925389245,0.15351782553492832,6.600558706999436,914.0,trt-int4,138.36466443417916,ina3221,138.398,2
resnet18,INT4,16,MAXN,default,inference,128,64,21.951743999999998,21.235818440917107,17.669504,21.912959999999998,1.0337131135809414,31.760742713782868,14.322319858201196,0.0,65.531,0.4491701216824884,139.73363374903064,0.16835377560124173,6.569370392000565,830.0,trt-int4,126.28979274627311,ina3221,126.317,0
resnet18,INT4,16,MAXN,default,inference,128,64,21.951743999999998,21.2273371954023,17.88032,21.874176,1.034126126980948,29.392844472668834,13.786953240224843,0.0,66.187,0.3472192038736035,139.57622448738175,0.16897848000893675,6.570617645000311,826.0,trt-int4,125.68114184347726,ina3221,125.628,1
resnet18,INT4,16,MAXN,default,inference,128,64,21.874176,21.227215448275864,17.847136,21.874176,1.0304778812511033,29.345802926481518,14.15747822901679,0.0,66.75,0.33326088581442387,139.31802049653538,0.16887032787458833,6.558816564999688,825.0,trt-int4,125.56903040658874,ina3221,125.509,2
resnet50,FP32,1,15W,default,inference,128,64,15.065088,14.593297566433565,12.144528,15.025856,1.0323292546745304,19.52214727714026,7.371420671608224,0.0,59.468,0.27507350300027,97.18260520688919,0.09362486050760038,6.647584922000533,1038.0,trt-fp32,156.01383093994752,ina3221,155.961,0
resnet50,FP32,1,15W,default,inference,128,64,15.065088,14.647603014492754,12.362976,15.065088,1.0285019320290272,16.301255444949472,7.370359255614103,0.0,59.906,0.20884441379143676,97.39601122006472,0.09383045396923384,6.648814193999897,1038.0,trt-fp32,155.84363717650888,ina3221,155.797,1
resnet50,FP32,1,15W,default,inference,128,64,15.10432,14.646592411575561,12.284256,15.065088,1.031251473077293,18.004164563111473,7.375576895615349,0.0,60.281,0.21325250297935813,97.47233225808507,0.09390398098081414,6.656800592999389,1038.0,trt-fp32,155.84495539043633,ina3221,155.796,2
resnet50,FP32,1,25W,default,inference,128,64,19.137216,18.180478397137747,14.2294464,19.09824,1.0526244459558818,25.599291710378665,12.343465553605665,0.0,61.812,0.43119845964802467,121.56713367015541,0.08230679327701788,6.671992579999824,1477.0,trt-fp32,221.31787085076382,ina3221,221.266,0
resnet50,FP32,1,25W,default,inference,128,64,18.825408,18.137354186851212,14.458953600000001,18.786432,1.037935732304748,25.952673433231013,12.52748332481955,0.0,62.437,0.3578853863272852,120.95332196191279,0.0818912132443553,6.666956332999689,1477.0,trt-fp32,221.20646788168543,ina3221,221.176,1
resnet50,FP32,1,25W,default,inference,128,64,18.864383999999998,18.147424644295302,14.36872,18.864383999999998,1.0395074987089186,24.327794239076535,10.97133864804446,0.0,63.062,0.33819029513916393,121.13024390627538,0.08206656091211069,6.67261766699994,1476.0,trt-fp32,221.11525305073968,ina3221,221.182,2
resnet50,FP32,1,MAXN,default,inference,128,64,20.822528,20.101283555555558,16.1088928,20.822528,1.0358805169058523,27.73314156501493,12.748386502136231,0.0,64.093,0.4279352202665083,133.43814893154848,0.08402906104001794,6.627887958000429,1588.0,trt-fp32,239.57060953441876,ina3221,239.544,0
resnet50,FP32,1,MAXN,default,inference,128,64,20.900223999999998,20.223673396825397,16.4764704,20.900223999999998,1.0334533983960006,28.97870219372471,12.494766241817599,0.0,64.812,0.33811038894167467,133.85787671348538,0.08418734384495936,6.6213513820002845,1590.0,trt-fp32,239.89182692732638,ina3221,239.86,1
resnet50,FP32,1,MAXN,default,inference,128,64,20.900223999999998,20.191802265232976,16.42368,20.861376,1.0350846212468516,29.61210122203529,12.997807979595333,0.0,65.281,0.32943785030058037,133.77043906856977,0.08429139197767471,6.627104282999426,1587.0,trt-fp32,239.33851063222525,ina3221,239.396,2
resnet50,FP32,2,15W,default,inference,128,64,15.784704,15.31417943470483,12.788064,15.784704,1.0307247650650397,19.533059374082264,8.587884053177907,0.0,58.937,0.320176173212892,101.9514351056324,0.15470627481886556,6.652490700000271,659.0,trt-fp32,99.01984213058776,ina3221,99.0156,0
resnet50,FP32,2,15W,default,inference,128,64,15.784704,15.330030492753622,12.931728000000001,15.784704,1.0296590086667667,19.176000281469513,8.793053937508844,0.0,59.75,0.26227604270657634,101.97644123533595,0.1542760079203267,6.6517727620002916,661.0,trt-fp32,99.2363953496902,ina3221,99.2435,1
resnet50,FP32,2,15W,default,inference,128,64,15.823872,15.374055265700486,12.96768,15.784704,1.029258170764031,18.325131896631607,7.3720289058985,0.0,60.25,0.24442520883387175,102.13203708549477,0.15498032941653228,6.644793992999439,659.0,trt-fp32,99.1335705326535,ina3221,99.1417,2
resnet50,FP32,2,25W,default,inference,128,64,20.317504,19.35835254578097,15.134515200000001,20.278655999999998,1.0495471632697417,28.735871585092973,13.308988522859504,0.0,62.0,0.47677925711162755,128.7268978860345,0.13665275784080094,6.643822246999662,942.0,trt-fp32,141.58902095355268,ina3221,141.585,0
resnet50,FP32,2,25W,default,inference,128,64,20.03968,19.313884100358422,15.4537344,20.000768,1.0375789714730714,27.2421305426916,13.133842607150516,0.0,62.937,0.3899458144015036,128.73388137258968,0.13637063704723482,6.6606113979996735,944.0,trt-fp32,141.7186985154415,ina3221,141.784,1
resnet50,FP32,2,25W,default,inference,128,64,20.117504,19.31599797183099,15.406732799999999,20.078592,1.041494414595501,28.499002431182266,13.969193810436103,0.0,63.625,0.36187105577687645,128.72402453860389,0.1362158989826496,6.649975109000479,945.0,trt-fp32,141.96190259966463,ina3221,141.889,2
resnet50,FP32,2,MAXN,default,inference,128,64,21.71904,20.907637681159418,16.9750464,21.641472,1.0388088951613967,28.923102467224457,14.65734364786099,0.0,64.593,0.45323879275166784,138.68165852092955,0.1423836329783671,6.617783806999796,974.0,trt-fp32,147.13242655244608,ina3221,147.161,0
resnet50,FP32,2,MAXN,default,inference,128,64,21.71904,21.00871049275362,17.41184,21.680256,1.0338111902437508,31.380830309562963,13.80243722048081,0.0,65.343,0.3483270812593956,138.92647481626318,0.14278157740623143,6.613564357000541,973.0,trt-fp32,147.0272953698852,ina3221,147.057,1
resnet50,FP32,2,MAXN,default,inference,128,64,21.71904,20.99293269624573,17.245919999999998,21.680256,1.0345881785199131,29.759338167765783,12.454981748224412,0.0,65.968,0.35782324404024446,139.00082312157815,0.14300496205923677,6.611219037999945,972.0,trt-fp32,146.88630852017866,ina3221,146.884,2
resnet50,FP32,4,15W,default,inference,128,64,16.306368,15.763364949640287,12.73296,16.306368,1.0344471533898036,22.322456818308787,9.773510880250578,0.0,59.875,0.36011530078738957,105.78804191224343,0.26781782762593276,6.7104345769994325,395.0,trt-fp32,58.85192974920665,ina3221,58.8759,0
resnet50,FP32,4,15W,default,inference,128,64,16.345472,15.827227263537907,13.0973568,16.306368,1.0327438740742672,19.508238131089577,9.746396444477837,0.0,60.437,0.2873631374407168,105.62327186706264,0.26876150602306015,6.673268825999912,393.0,trt-fp32,58.81805929703275,ina3221,58.8679,1
resnet50,FP32,4,15W,default,inference,128,64,16.384576000000003,15.869487561643837,13.0639552,16.384576000000003,1.0324577864505924,19.182878071497285,10.54471156016821,0.0,60.937,0.26600548428915965,106.09981825510904,0.2692888788200737,6.675138462999712,394.0,trt-fp32,58.95749576195295,ina3221,58.9194,2
resnet50,FP32,4,25W,default,inference,128,64,21.055616,20.084360942760945,15.4576512,21.016768,1.0483587732767334,28.924455901714076,14.342714050459993,0.0,62.937,0.5281298992577435,134.1438753342247,0.23954263452540125,6.673808178999934,560.0,trt-fp32,83.776232292859,ina3221,83.8462,0
resnet50,FP32,4,25W,default,inference,128,64,20.900223999999998,19.999050935251798,15.461568,20.861376,1.0450607915178478,28.778550985441136,14.307950467048443,0.0,63.718,0.43421714486762375,133.67526176387202,0.23870582457834288,6.668855911999344,560.0,trt-fp32,83.83518551230117,ina3221,83.8876,1
resnet50,FP32,4,25W,default,inference,128,64,20.865792000000003,20.022469152057248,15.584947199999998,20.861376,1.0421188236844459,29.13009475858582,14.438762837505488,0.0,64.406,0.3988047036167705,134.1089857800587,0.23948033175010483,6.689446448000126,560.0,trt-fp32,83.65479881983693,ina3221,83.7197,2
resnet50,FP32,4,MAXN,default,inference,128,64,22.30272,21.44809057923497,16.974592,22.264,1.0398464104582084,32.778679960429464,14.679955222948236,0.0,65.406,0.4980009812812579,142.47411873489878,0.24995459427175223,6.629627955000615,570.0,trt-fp32,85.8672162723641,ina3221,85.8868,0
resnet50,FP32,4,MAXN,default,inference,128,64,22.34144,21.453631308108108,16.841856,22.30272,1.0413826768597612,29.996737747932883,14.939581818067051,0.0,66.156,0.4099270131904214,143.16755591431786,0.2507312713035339,6.661252782999327,571.0,trt-fp32,85.63741932358123,ina3221,85.7037,1
resnet50,FP32,4,MAXN,default,inference,128,64,22.38016,21.585204221498373,17.586284799999998,22.34144,1.0368287355701675,31.393750923454718,14.558432842439588,0.0,66.812,0.35656612557610107,143.29472381830607,0.25139425231281765,6.638951513999928,570.0,trt-fp32,85.75316281975576,ina3221,85.6916,2
resnet50,FP32,8,15W,default,inference,128,64,16.658304,16.11750286451613,13.282048000000001,16.6192,1.0335536553044136,22.79797743692692,9.852547234450656,0.0,59.843,0.3695779819906842,111.95267413591179,0.5088757915268718,6.943477054000141,220.0,trt-fp32,31.671400658822897,ina3221,31.7163,0
resnet50,FP32,8,15W,default,inference,128,64,16.658304,16.124163539170507,13.124863999999999,16.6192,1.033126708218501,21.268417936141,10.010540275964463,0.0,60.593,0.3028739304571895,112.18121035604163,0.5076072866789214,6.959497781999744,221.0,trt-fp32,31.755374768924813,ina3221,31.7426,1
resnet50,FP32,8,15W,default,inference,128,64,16.697408,16.17934130153322,13.4117248,16.658304,1.03202025897171,20.707915194857765,9.908830609717237,0.0,61.125,0.2602170735032323,112.7975711893439,0.510396249725538,6.965786579000451,221.0,trt-fp32,31.712611254752513,ina3221,31.691,2
resnet50,FP32,8,25W,default,inference,128,64,21.366400000000002,20.459013921708188,15.784704,21.292416,1.0443514082234935,28.741662226706318,14.425820627555089,0.0,63.062,0.5318438949083383,137.65444022634836,0.4558094047230078,6.713100736999877,302.0,trt-fp32,44.98471430579536,ina3221,44.9699,0
resnet50,FP32,8,25W,default,inference,128,64,21.369984,20.57421016216216,16.42368,21.3312,1.0386782205278207,30.893188842675425,12.998800204995671,0.0,64.0,0.3948857219338449,137.32157573141296,0.4547072044086522,6.686909896000543,302.0,trt-fp32,45.12649169224789,ina3221,45.1637,1
resnet50,FP32,8,25W,default,inference,128,64,21.408768,20.527116368794328,16.0443712,21.369984,1.0429505837724957,31.490882980913483,14.515948396055768,0.0,64.781,0.387012061793673,137.79242668300975,0.45476048410234243,6.698439957000119,303.0,trt-fp32,45.18840740044588,ina3221,45.2175,2
resnet50,FP32,8,MAXN,default,inference,128,64,22.41888,21.586450802919707,17.386464,22.38016,1.0385625781968615,29.716768741611908,14.612606844445724,0.0,65.562,0.4753857916369725,143.9414670065779,0.47821085384245154,6.650003837999975,301.0,trt-fp32,45.24276481714419,ina3221,45.1712,0
resnet50,FP32,8,MAXN,default,inference,128,64,22.4576,21.63730411764706,17.624608000000002,22.41888,1.0379111869895068,30.740427444957902,14.724904195309604,0.0,66.25,0.39881895876063894,144.74619364580832,0.47929203193976266,6.668091057999845,302.0,trt-fp32,45.23098910558607,ina3221,45.2394,1
resnet50,FP32,8,MAXN,default,inference,128,64,22.41888,21.61748196539792,17.706592,22.38016,1.0370717568255563,31.307884286773465,14.653273351031535,0.0,66.812,0.37634439551987403,144.40696099279745,0.47975734549102145,6.671792784999525,301.0,trt-fp32,45.04521800756948,ina3221,44.9737,2
resnet50,FP32,16,15W,default,inference,128,64,17.41184,16.756955767840157,14.456992,17.333759999999998,1.0390813368032332,19.695326190179415,7.349266258261759,0.0,60.375,0.2205271239854639,210.14099524209513,0.9959288874032944,12.532477871999617,211.0,trt-fp32,16.821273823165548,ina3221,16.786,0
resnet50,FP32,16,15W,default,inference,128,64,17.127552,16.748989510436434,14.5668416,17.088448,1.0226021091796422,21.83510061376292,7.176507164681519,0.0,61.406,0.1607826327329787,210.09596422424232,1.000456972496392,12.532703196000512,210.0,trt-fp32,16.752855086879077,ina3221,16.7794,1
resnet50,FP32,16,15W,default,inference,128,64,17.127552,16.75772408720379,14.4923008,17.127552,1.0220691014407268,20.370638233588934,7.3874834996509495,0.0,62.281,0.14625443973090643,210.04826616334492,0.9954894130964215,12.521380041000157,211.0,trt-fp32,16.8418618840114,ina3221,16.8031,2
resnet50,FP32,16,25W,default,inference,128,64,21.641472,20.81738887173101,16.6270208,21.563903999999997,1.0395862868944172,31.039116263518572,13.440633626347038,0.0,64.312,0.3566390388642717,191.32525845431746,0.889884923043337,9.187796173000606,215.0,trt-fp32,23.389681935370938,ina3221,23.4225,0
resnet50,FP32,16,25W,default,inference,128,64,21.602687999999997,20.880392170212765,17.109280000000002,21.525119999999998,1.0345920624430434,28.86106809614834,12.130870751476472,0.0,65.406,0.29450447442509603,193.46747272379523,0.8956827440916446,9.267481419000433,216.0,trt-fp32,23.281998340689263,ina3221,23.2804,1
resnet50,FP32,16,25W,default,inference,128,64,21.602687999999997,20.872755001293662,16.998016,21.525119999999998,1.0349706111464967,31.10781486399483,12.70641903531087,0.0,66.156,0.2769898405158743,194.4856002118999,0.9003962972773144,9.318620853000539,216.0,trt-fp32,23.17910013366251,ina3221,23.194,2
resnet50,FP32,16,MAXN,default,inference,128,64,22.14784,21.577050739726026,18.182304000000002,22.10688,1.026453534691054,29.61944393516109,10.82266213821585,0.0,66.843,0.2776876685005403,206.5676338301314,0.9607796922331693,9.574151432999315,215.0,trt-fp32,22.444706991421953,ina3221,22.3934,0
resnet50,FP32,16,MAXN,default,inference,128,64,22.184448,21.598030821052628,18.509702400000002,22.109119999999997,1.027151418747665,31.789318536416506,12.106022633033131,0.0,67.562,0.21592512335250982,206.98194387328937,0.9672053452022867,9.581651927000166,214.0,trt-fp32,22.325819134996284,ina3221,22.3606,1
resnet50,FP32,16,MAXN,default,inference,128,64,22.264,21.619277798165136,18.244665599999998,22.18656,1.0298216345547668,31.61307027791077,10.876961616373837,0.0,68.093,0.2263982623926671,205.56147463319996,0.9605676384728971,9.509175660999972,214.0,trt-fp32,22.49180433648887,ina3221,22.4588,2
resnet50,FP16,1,15W,default,inference,128,64,14.162752000000001,13.77057641025641,11.649792,14.140799999999999,1.0284792428479244,16.299842774827454,6.544933550882468,0.0,58.281,0.2705462826024783,90.61691642915115,0.04553613890912118,6.580504391999966,1990.0,trt-fp16,302.07182664046263,ina3221,302.035,0
resnet50,FP16,1,15W,default,inference,128,64,14.162752000000001,13.830232823529412,11.971344,14.162752000000001,1.0240429196466507,16.33179884710714,6.509232694552892,0.0,58.781,0.19971719328186738,91.06531684454185,0.04583055704305076,6.584158061999915,1987.0,trt-fp16,301.64806566849467,ina3221,301.59,1
resnet50,FP16,1,15W,default,inference,128,64,14.241216,13.840883531034484,11.883743999999998,14.201984,1.0289239099561727,17.07617889516874,7.324220238686183,0.0,59.125,0.21284754071492298,91.24544743347562,0.045898112391084316,6.584978826000224,1988.0,trt-fp16,301.80624990781564,ina3221,301.776,2
resnet50,FP16,1,25W,default,inference,128,64,17.7632,17.03858664846416,13.822368,17.72416,1.0425277851083474,20.602923209641812,9.814285006848108,0.0,60.562,0.38484735829174993,112.09995675030034,0.0397095135495219,6.592341727999155,2823.0,trt-fp16,427.58732741173844,ina3221,427.617,0
resnet50,FP16,1,25W,default,inference,128,64,17.568,17.036412705882352,14.050940800000001,17.568,1.031203006366129,22.714861060273737,9.736829081215435,0.0,61.281,0.29334075674961996,112.19957633238613,0.039702610167157155,6.584743675000027,2826.0,trt-fp16,428.6911919140315,ina3221,428.718,1
resnet50,FP16,1,25W,default,inference,128,64,17.568,16.993749870503596,14.02544,17.528959999999998,1.0337918431112807,22.65842471075419,10.737772600863945,0.0,61.875,0.2727800592240492,112.26066625833687,0.03996463732941861,6.5946542830006365,2809.0,trt-fp16,425.47553837767555,ina3221,425.543,2
resnet50,FP16,1,MAXN,default,inference,128,64,19.494912,18.890522391752576,15.706368000000001,19.456,1.0319943300515233,25.403129915186867,11.183843936865939,0.0,62.843,0.37990404749609236,123.87307257250822,0.04045495511838936,6.5481831209999655,3062.0,trt-fp16,467.31356512113916,ina3221,467.257,0
resnet50,FP16,1,MAXN,default,inference,128,64,19.417088,18.83760052079566,15.7298688,19.378176,1.0307622766798041,26.18016471309943,11.094830281834401,0.0,63.343,0.29578890682469733,123.59371379129654,0.04065582690503176,6.550616321999769,3040.0,trt-fp16,463.6815699715288,ina3221,463.706,1
resnet50,FP16,1,MAXN,default,inference,128,64,19.456,18.907739839486357,15.8879552,19.452108799999998,1.028996599549602,26.11715389953017,11.073784133765507,0.0,64.031,0.27885744494821807,123.94877492575546,0.04063894259860835,6.557843550999678,3050.0,trt-fp16,464.6379558521481,ina3221,464.62,2
resnet50,FP16,2,15W,default,inference,128,64,15.182784,14.788449728314239,12.61488,15.182784,1.0266650175596677,18.46788202484377,7.363332226821253,0.0,57.593,0.3439344867311482,97.49106840461107,0.07487793272243554,6.592110507000143,1302.0,trt-fp16,197.43334516217868,ina3221,197.467,0
resnet50,FP16,2,15W,default,inference,128,64,15.182784,14.802353430894309,12.898272,15.143552,1.025700681373523,18.142846241823086,7.369106806701333,0.0,58.406,0.23140182905818327,97.65930147220614,0.07472020005524571,6.5988597750001645,1307.0,trt-fp16,197.9314162248552,ina3221,197.958,1
resnet50,FP16,2,15W,default,inference,128,64,15.182784,14.78223662254025,12.705408,15.182784,1.0270965340149534,19.631485970878884,7.3711997887549305,0.0,59.0,0.2144553700470935,97.73979198138376,0.07466752634177522,6.6027235929996095,1309.0,trt-fp16,198.0879262233298,ina3221,198.126,2
resnet50,FP16,2,25W,default,inference,128,64,19.059264,18.477320660066006,15.246144000000001,19.059264,1.0314950068053814,25.9162117720998,10.886630298845157,0.0,60.906,0.42149385479676926,121.91868455118312,0.06530191995242803,6.602128533999348,1867.0,trt-fp16,282.5494093724515,ina3221,282.57,0
resnet50,FP16,2,25W,default,inference,128,64,19.020288,18.44853122112211,15.334272,19.020288,1.0309919945401005,25.21255099387705,10.861717157787536,0.0,61.718,0.33493701655153363,121.86296238139796,0.06572975317227506,6.606032298999708,1854.0,trt-fp16,280.61417170719113,ina3221,280.669,1
resnet50,FP16,2,25W,default,inference,128,64,19.183616,18.455533862815887,15.1952256,19.059264,1.0394506137073092,25.314044961296556,12.08457482899374,0.0,62.375,0.3186412313250749,122.1293008939918,0.06562563186136045,6.612549898999532,1861.0,trt-fp16,281.32443147568404,ina3221,281.281,2
resnet50,FP16,2,MAXN,default,inference,128,64,21.172159999999998,20.5204128,17.06048,21.133312,1.031760920521053,29.055716634409325,11.194843960966963,0.0,63.593,0.432668328840631,134.91528357864905,0.06725587416682405,6.563861302999612,2006.0,trt-fp16,305.15028631216984,ina3221,305.219,0
resnet50,FP16,2,MAXN,default,inference,128,64,21.13728,20.528418729582576,17.138560000000002,21.098496,1.0296594335120426,29.148815762583737,11.213030679833146,0.0,64.375,0.337510683468836,135.0456084498021,0.06725378906862654,6.569261027999346,2008.0,trt-fp16,305.55585051027447,ina3221,305.614,1
resnet50,FP16,2,MAXN,default,inference,128,64,21.408768,20.593988805860807,17.363039999999998,21.176064,1.0395639330398838,32.07904551715945,12.347433540392167,0.0,65.031,0.31877819995591694,135.20076469747232,0.06736460622694186,6.564763082999889,2007.0,trt-fp16,305.30916315054213,ina3221,305.289,2
resnet50,FP16,4,15W,default,inference,128,64,16.019712,15.496130913996629,12.894336,15.941376,1.0337878589764915,20.581669641294635,9.762885308944435,0.0,57.875,0.3848642915899486,102.37637702126077,0.13295633379384514,6.619028603000515,770.0,trt-fp16,116.2826103639659,ina3221,116.352,0
resnet50,FP16,4,15W,default,inference,128,64,15.941376,15.499373664233579,13.1779136,15.941376,1.0285174320809096,19.54148668262081,9.71120199658013,0.0,58.593,0.2935649828717393,102.34350124193486,0.13325976724210267,6.60254784800054,768.0,trt-fp16,116.2712837389431,ina3221,116.224,1
resnet50,FP16,4,15W,default,inference,128,64,15.980544,15.525693664233575,13.126928,15.966835199999998,1.0292966192431234,19.467046849427987,9.119799176710481,0.0,59.25,0.26540999175004365,102.58482924276836,0.13340029810503037,6.606902171999536,769.0,trt-fp16,116.29743575519552,ina3221,116.303,2
resnet50,FP16,4,25W,default,inference,128,64,20.312064,19.588065745454546,15.6809088,20.278655999999998,1.0369611917763477,29.008907001568428,12.996786579649832,0.0,61.437,0.5010825623945091,129.53637475690675,0.11765338306712693,6.612089145000027,1101.0,trt-fp16,166.50834072629118,ina3221,166.558,0
resnet50,FP16,4,25W,default,inference,128,64,20.350976,19.62922593501805,15.7044096,20.317504,1.0367691557156296,27.54704849321899,13.124877446880394,0.0,62.375,0.40209173910633,129.7543614808668,0.1178513728254921,6.607242562000465,1101.0,trt-fp16,166.54908543268718,ina3221,166.578,1
resnet50,FP16,4,25W,default,inference,128,64,20.356351999999998,19.642651263537907,15.639782400000001,20.356351999999998,1.0363342364982528,26.445588128540443,14.225261247765717,0.0,63.187,0.38643771669821775,129.86200622389163,0.11794914280099149,6.606642110999928,1101.0,trt-fp16,166.53488302054916,ina3221,166.553,2
resnet50,FP16,4,MAXN,default,inference,128,64,22.612479999999998,21.793689942857142,17.566048000000002,22.57376,1.037570051665859,33.25717351190538,14.688767844228712,0.0,64.468,0.4879956830604185,143.4053361340626,0.12183970784542276,6.563441846000387,1177.0,trt-fp16,179.06391015277765,ina3221,179.113,0
resnet50,FP16,4,MAXN,default,inference,128,64,22.6512,21.809585291228068,17.780768000000002,22.57376,1.038589211923733,32.13048369778284,14.76936706208548,0.0,65.375,0.4209094518397069,143.860769259863,0.12222665187753864,6.581776776999504,1177.0,trt-fp16,178.75779023944088,ina3221,178.794,1
resnet50,FP16,4,MAXN,default,inference,128,64,22.612479999999998,21.872251749077492,18.0147072,22.57376,1.0338432576313834,32.279645065566775,13.016706830001034,0.0,66.125,0.37048635351996756,143.54945524218982,0.1223780522098805,6.56224982599997,1173.0,trt-fp16,178.4430580133287,ina3221,178.424,2
resnet50,FP16,8,15W,default,inference,128,64,16.892928,16.173261278911564,13.3743936,16.853824,1.0444973161984847,19.652991827034608,10.007656919178418,0.0,58.0,0.3888623746605665,107.41063380950143,0.24635466470069137,6.641886788999727,436.0,trt-fp16,65.64387797577615,ina3221,65.6964,0
resnet50,FP16,8,15W,default,inference,128,64,16.6192,16.13368885223368,13.4824576,16.6192,1.030093003045556,21.59627027747987,10.529349491787904,0.0,58.968,0.32661007280554955,106.96192954790374,0.2458894932135718,6.621254460000273,435.0,trt-fp16,65.65698903170511,ina3221,65.6769,1
resnet50,FP16,8,15W,default,inference,128,64,16.697408,16.16508387096774,13.3429568,16.658304,1.0329304897692677,22.04978108144884,9.909904380639759,0.0,59.593,0.29588093474368743,107.23059556111888,0.2465071162324572,6.629014093000478,435.0,trt-fp16,65.61879573296204,ina3221,65.6439,2
resnet50,FP16,8,25W,default,inference,128,64,21.369984,20.569944339558575,16.0432128,21.369984,1.0388936230081502,32.474620855541694,14.44677788414866,0.0,62.0,0.5270034543965982,136.26492656775122,0.2166374031283803,6.620124953000413,629.0,trt-fp16,94.86562684610975,ina3221,94.9208,0
resnet50,FP16,8,25W,default,inference,128,64,21.369984,20.62161496402878,16.335696,21.369984,1.0362905154264899,31.27397772554576,13.76198808566277,0.0,63.0,0.4346492009331811,136.608940103489,0.2175301594004602,6.620849113999611,628.0,trt-fp16,94.79257363527961,ina3221,94.7216,1
resnet50,FP16,8,25W,default,inference,128,64,21.486335999999998,20.67798363338789,16.482336,21.447551999999998,1.0390924173722091,31.62676881309022,14.429699823331282,0.0,63.906,0.4052883097759848,136.90890326123215,0.21731571946227327,6.622674745999575,630.0,trt-fp16,95.06770486610043,ina3221,95.0424,2
resnet50,FP16,8,MAXN,default,inference,128,64,22.49472,21.69903672195122,17.673408,22.455936,1.0366690599331467,32.25819270565813,14.54242323387003,0.0,64.843,0.45768331156607095,143.05401646440336,0.2333670741670528,6.593407206999473,613.0,trt-fp16,92.87789332396075,ina3221,92.9017,0
resnet50,FP16,8,MAXN,default,inference,128,64,22.49632,21.76457514742451,17.970112,22.49632,1.0336209113947294,31.733676255940736,14.271579360375316,0.0,65.656,0.38235004683535556,143.6646562824136,0.2351303703476491,6.594231473000036,611.0,trt-fp16,92.51691210969447,ina3221,92.5818,1
resnet50,FP16,8,MAXN,default,inference,128,64,22.4576,21.745153584761905,17.895936000000003,22.41888,1.0327634574969085,32.06976891723157,14.516385863946205,0.0,66.25,0.36647070241885127,143.5243201498182,0.2337529644133847,6.593844414999694,614.0,trt-fp16,93.05857150306389,ina3221,93.0539,2
resnet50,FP16,16,15W,default,inference,128,64,17.244864,16.684247845342707,13.6435712,17.205759999999998,1.0336015240155871,22.562121004941336,9.796209228383029,0.0,58.343,0.427652428882046,111.19276614374141,0.46719649640227484,6.669695704999867,238.0,trt-fp16,35.62573641746331,ina3221,35.6321,0
resnet50,FP16,16,15W,default,inference,128,64,17.244864,16.67846498969072,13.7162688,17.244864,1.0339599004260513,23.40707406205162,10.901167024665876,0.0,59.281,0.3467376769271196,111.56592812288754,0.46876440387767876,6.677607839999837,238.0,trt-fp16,35.59690352539426,ina3221,35.6207,1
resnet50,FP16,16,15W,default,inference,128,64,17.244864,16.7297528832,13.808614400000002,17.244864,1.030790121073293,22.117929538150722,10.90217186067861,0.0,60.062,0.3086046801215064,111.61579451466193,0.468973926532193,6.673844855000425,238.0,trt-fp16,35.624896535400794,ina3221,35.6255,2
resnet50,FP16,16,25W,default,inference,128,64,22.10688,21.242118179310342,16.576185600000002,22.068096,1.0407097735447084,34.8382072298453,15.79014543593416,0.0,62.375,0.5611778876964386,141.4966656519741,0.4211210287261134,6.669136223999885,336.0,trt-fp16,50.34183423924918,ina3221,50.3159,0
resnet50,FP16,16,25W,default,inference,128,64,22.145664,21.230768893693696,16.5292608,22.070400000000003,1.0430928861261384,31.86439405335957,16.379097066300638,0.0,63.468,0.4623365052528833,141.92586769993198,0.4211450080116676,6.6801905459997215,337.0,trt-fp16,50.386532622371625,ina3221,50.3147,1
resnet50,FP16,16,25W,default,inference,128,64,22.14784,21.24631259099099,16.372844800000003,22.14784,1.0424321822974252,31.179628194734427,16.266290289017167,0.0,64.343,0.44872842215864006,141.99045155663075,0.4213366515033553,6.676869369000087,337.0,trt-fp16,50.40680926099434,ina3221,50.4603,2
resnet50,FP16,16,MAXN,default,inference,128,64,22.3008,21.52675632136752,17.64608,22.262016,1.0359572834419164,29.746363145940865,14.951459059999253,0.0,65.125,0.458544106148422,143.5486515636074,0.4586218899795763,6.6651174670005275,313.0,trt-fp16,46.924796827703396,ina3221,46.9784,0
resnet50,FP16,16,MAXN,default,inference,128,64,22.3008,21.55485878719397,17.743679999999998,22.262016,1.034606638817286,32.04529173662881,15.160273383663844,0.0,65.843,0.360928646766796,143.4348034917047,0.4597269342682843,6.64669855000011,312.0,trt-fp16,46.9217626897397,ina3221,46.9924,1
resnet50,FP16,16,MAXN,default,inference,128,64,22.3008,21.55454931397459,17.685119999999998,22.262016,1.034621493363426,31.34924999599743,14.423771816371142,0.0,66.468,0.3459316806404339,143.33814949485458,0.45941714581684157,6.634365939000418,312.0,trt-fp16,46.98577816305032,ina3221,47.0365,2
resnet50,INT8,1,15W,default,inference,128,64,11.314688,11.123633816216216,10.006656000000001,11.314688,1.0171755189842067,11.141051138942597,3.432416318486016,0.0,55.593,0.15015376972802735,73.43259471297381,0.02964577905247227,6.598279492999609,2477.0,trt-int8,375.2516481182595,ina3221,375.229,0
resnet50,INT8,1,15W,default,inference,128,64,11.393536,11.188579905282332,10.108928,11.393536,1.0183183296229492,10.90212448003306,3.2884071558192134,0.0,55.968,0.11789250852231078,73.78877942860714,0.029717591392914678,6.592637147999994,2483.0,trt-int8,376.0980482237514,ina3221,376.165,1
resnet50,INT8,1,15W,default,inference,128,64,11.354111999999999,11.158053555555556,10.042144,11.354111999999999,1.0175710255797101,9.789061361870942,3.6941192933720783,0.0,56.25,0.11815916069756348,73.91033912006905,0.02973062716012432,6.6177807839994784,2486.0,trt-int8,375.1037906983218,ina3221,375.166,2
resnet50,INT8,1,25W,default,inference,128,64,13.517824000000001,13.025590706270627,11.245695999999999,13.439232,1.0377897098741486,14.570884939569334,6.6187082903029415,0.0,57.406,0.24818306184754838,85.98572038772168,0.025083349004586256,6.601770124999348,3428.0,trt-int8,518.9661007525093,ina3221,518.919,0
resnet50,INT8,1,25W,default,inference,128,64,13.321344,13.02882909090909,11.43296,13.321344,1.0224513582187529,13.060755325197864,6.5919545482971165,0.0,57.781,0.1929800120196616,86.09198719351167,0.025298850189101284,6.602068248999785,3403.0,trt-int8,514.9479554025503,ina3221,514.874,1
resnet50,INT8,1,25W,default,inference,128,64,13.399936,13.063092583783785,11.421132799999999,13.36064,1.0257858860033162,14.360530868104773,6.6049616820945785,0.0,58.156,0.17547568315087117,86.41616682416009,0.02519421773299128,6.610676010000134,3430.0,trt-int8,518.8062778909738,ina3221,518.756,2
resnet50,INT8,1,MAXN,default,inference,128,64,14.594304,14.281795523978685,12.5952,14.594304,1.0218815957346976,16.296894109932833,7.043601222149881,0.0,58.875,0.2367168366417369,93.79158863201607,0.025689287491650527,6.557113178000691,3651.0,trt-int8,555.809455468516,ina3221,555.85,0
resnet50,INT8,1,MAXN,default,inference,128,64,14.594304,14.282261876363636,12.67392,14.555072000000001,1.0218482286865762,16.47142754726355,6.528021052351408,0.0,59.343,0.18617461465418483,93.77087878086535,0.025495073077994927,6.564571474000331,3678.0,trt-int8,559.9116075613869,ina3221,559.852,1
resnet50,INT8,1,MAXN,default,inference,128,64,14.555072000000001,14.227720000000001,12.50664,14.555072000000001,1.0230080434532025,13.078482208785772,7.243232529857148,0.0,59.656,0.18557863578731562,93.83962978622645,0.025410135333394653,6.586254528000609,3693.0,trt-int8,560.5891134055253,ina3221,560.623,2
resnet50,INT8,2,15W,default,inference,128,64,12.67392,12.218754527827647,10.8118144,12.634559999999999,1.0372513803379662,13.11888473514699,3.7021502560102055,0.0,55.093,0.2297080993541965,80.59295891458163,0.04316709100941705,6.585846340999524,1867.0,trt-int8,283.16206917637487,ina3221,283.195,0
resnet50,INT8,2,15W,default,inference,128,64,12.43776,12.173816013675212,10.9460736,12.398399999999999,1.0216812859688607,13.845535741284483,3.6832018389713763,0.0,55.562,0.18432925136382672,80.26898114341242,0.04299356247638587,6.591528077000476,1867.0,trt-int8,283.08833750101763,ina3221,283.013,1
resnet50,INT8,2,15W,default,inference,128,64,12.379136,12.137722725274726,10.898688,12.35904,1.0198895031785966,13.066984369343293,3.2856428308257066,0.0,56.062,0.1608042622390486,79.89697664152045,0.04277140077169189,6.582226145999812,1868.0,trt-int8,283.5434910583263,ina3221,283.561,2
resnet50,INT8,2,25W,default,inference,128,64,14.829696,14.45686803656307,12.43776,14.829696,1.0257889857259543,16.307295580769285,6.5461095014553745,0.0,57.625,0.3121929124408746,95.22921142874938,0.036528274426064204,6.586540939999395,2607.0,trt-int8,395.26451418697974,ina3221,395.249,0
resnet50,INT8,2,25W,default,inference,128,64,14.868928,14.519161138840067,12.5952,14.868928,1.0240900185496444,18.006266085236955,7.256106635625349,0.0,58.218,0.2568973530974906,95.71797108502703,0.03672984308711705,6.5865963750002265,2606.0,trt-int8,395.2685266503442,ina3221,395.291,1
resnet50,INT8,2,25W,default,inference,128,64,14.868928,14.477108251748254,12.420048,14.829696,1.027064779888237,16.330271073770316,7.167073499117219,0.0,58.718,0.24580489607790934,95.72619978299007,0.036648621662706764,6.605327418000343,2612.0,trt-int8,394.87871920119983,ina3221,394.834,2
resnet50,INT8,2,MAXN,default,inference,128,64,16.411392,15.992518376811596,13.7359168,16.411392,1.0261918487957313,20.996139075833263,7.513075722564894,0.0,59.718,0.31758755292277363,105.1375650846457,0.03734904621124181,6.566968097999961,2815.0,trt-int8,428.33754931348636,ina3221,428.266,0
resnet50,INT8,2,MAXN,default,inference,128,64,16.411392,16.02138476396396,13.9775872,16.384576000000003,1.0243429167816542,18.381799090463993,7.479085252503444,0.0,60.343,0.2361105147403057,105.03342416465756,0.03748516208588778,6.545282561000022,2802.0,trt-int8,427.42803628116593,ina3221,427.397,1
resnet50,INT8,2,MAXN,default,inference,128,64,16.450560000000003,16.071036512820513,14.1524544,16.42368,1.023615370849088,18.560195489062792,7.481039460681993,0.0,60.906,0.21185256031492583,105.46043704571818,0.03746374317787502,6.562994404999699,2815.0,trt-int8,428.8163248672717,ina3221,428.852,2
resnet50,INT8,4,15W,default,inference,128,64,13.50048,13.163793167883211,11.3284864,13.50048,1.0255767336832844,16.09063606745357,6.523725342355038,0.0,55.812,0.2882156578572789,86.91240643443531,0.07100686800198963,6.602201607999632,1224.0,trt-int8,185.32480407999137,ina3221,185.257,0
resnet50,INT8,4,15W,default,inference,128,64,13.461120000000001,13.154653007194245,11.501952,13.439232,1.023297231225951,14.803612366261847,6.9381363337235875,0.0,56.437,0.22022540417655767,86.84773959589262,0.0708961139558307,6.596735744999933,1225.0,trt-int8,185.64195051121553,ina3221,185.713,1
resnet50,INT8,4,15W,default,inference,128,64,13.461120000000001,13.146907912408759,11.525606400000001,13.439232,1.0239000751876166,13.034677176315789,6.539000946010543,0.0,57.062,0.2066005453756646,86.77679321733788,0.07095404187844472,6.600117683999997,1223.0,trt-int8,185.05952345832392,ina3221,185.13,2
resnet50,INT8,4,25W,default,inference,128,64,16.580096,16.020077956882254,13.36064,16.528896,1.0349572607964221,21.075119121023132,7.292337207229151,0.0,58.656,0.3874056550106198,105.79054468524292,0.061399039283367915,6.6048638950005625,1723.0,trt-int8,260.6009297115828,ina3221,260.617,0
resnet50,INT8,4,25W,default,inference,128,64,16.568064,16.10530464939551,13.6278528,16.540992,1.0287333497054871,19.479247101690945,9.730274491264533,0.0,59.468,0.2756052866633313,106.21128436451191,0.061358338743218895,6.603367327999877,1731.0,trt-int8,261.893393936812,ina3221,261.821,1
resnet50,INT8,4,25W,default,inference,128,64,16.501887999999997,15.992125135972463,13.22496,16.462784,1.0318758676344322,19.506981561122338,8.77383096784339,0.0,60.0,0.2908589265904055,105.92924482697586,0.06116007207100223,6.617152900999827,1732.0,trt-int8,261.4051231039813,ina3221,261.378,2
resnet50,INT8,4,MAXN,default,inference,128,64,18.38784,17.79174725614035,15.025856,18.309759999999997,1.0335038900495803,22.485622316726197,10.982090844237693,0.0,61.156,0.37137786393502675,116.97352213189517,0.06268677499029751,6.562391516000389,1866.0,trt-int8,283.96263833138,ina3221,284.025,0
resnet50,INT8,4,MAXN,default,inference,128,64,18.309759999999997,17.787090302158276,15.045472,18.27072,1.0293847778901926,23.727723834117235,10.147565169013422,0.0,61.843,0.2892101589191754,117.19001942145806,0.06290392883599466,6.579752991000532,1863.0,trt-int8,283.1488828405737,ina3221,283.082,1
resnet50,INT8,4,MAXN,default,inference,128,64,18.318720000000003,17.8344761299639,15.1211968,18.318720000000003,1.0271521219074398,22.014958969091346,10.71294582468639,0.0,62.375,0.2762400209163422,117.21077606909614,0.06315235779584921,6.5617728419993,1856.0,trt-int8,282.50796788230434,ina3221,282.477,2
resnet50,INT8,8,15W,default,inference,128,64,14.868928,14.314939650485437,12.373222400000001,14.790464,1.03870001292641,18.511220401622243,7.365602694427426,0.0,56.593,0.33260690392080816,94.6375128840381,0.12322592823442462,6.611813842000629,768.0,trt-int8,116.09669523229705,ina3221,116.023,0
resnet50,INT8,8,15W,default,inference,128,64,14.672768,14.307037305263156,12.394464000000001,14.633536,1.02556299301759,16.301345234336537,6.532818906990659,0.0,57.375,0.22988009422133146,94.29925552984915,0.12310607771520776,6.596815165000407,766.0,trt-int8,116.01322639957424,ina3221,116.049,1
resnet50,INT8,8,15W,default,inference,128,64,14.672768,14.270804656084653,12.31968,14.633536,1.028166831065406,16.23797224351415,7.365755964686508,0.0,58.0,0.24046279314478655,94.50919334503648,0.12321928728166424,6.611359210000046,767.0,trt-int8,115.99035750774372,ina3221,116.046,2
resnet50,INT8,8,25W,default,inference,128,64,18.309759999999997,17.75800739672131,14.5727264,18.309759999999997,1.0310706370907672,22.742501703484997,10.838619127155411,0.0,59.937,0.4258857488017181,117.29948726626381,0.10731883555925326,6.6072241070005475,1093.0,trt-int8,165.18512955186483,ina3221,165.206,0
resnet50,INT8,8,25W,default,inference,128,64,18.3488,17.778308351575454,14.7237696,18.309759999999997,1.0320891975289646,22.633486677444903,10.852437550748887,0.0,60.75,0.33569124672061273,117.62735880614593,0.10761880952071906,6.615272193999772,1093.0,trt-int8,165.1008443426865,ina3221,165.088,1
resnet50,INT8,8,25W,default,inference,128,64,18.3488,17.781249284671528,14.7649632,18.3488,1.0319184949404951,25.91863993603698,9.80462805815452,0.0,61.406,0.3073212543806491,117.51528236410064,0.10741799119204812,6.607282472000406,1094.0,trt-int8,165.3545449990661,ina3221,165.294,2
resnet50,INT8,8,MAXN,default,inference,128,64,20.312064,19.670317493975908,16.215552,20.312064,1.0326251218985474,25.96524011426301,11.32752752801833,0.0,62.625,0.4498705135185862,129.9740756282949,0.11033452939583609,6.594161039000028,1178.0,trt-int8,178.6343974944183,ina3221,178.699,0
resnet50,INT8,8,MAXN,default,inference,128,64,20.317504,19.719542428828827,16.4393216,20.278655999999998,1.03032329849079,26.340771119755786,11.155697157867353,0.0,63.406,0.33339213727479666,129.88502592970272,0.11101284267495959,6.577380670000821,1170.0,trt-int8,177.6761137799995,ina3221,177.692,1
resnet50,INT8,8,MAXN,default,inference,128,64,20.389888,19.7642291107078,16.560544,20.350976,1.0316561240910345,28.65843534182141,12.647113047142279,0.0,64.125,0.3167003901062583,130.0486039720583,0.1107739386474091,6.575476799999706,1174.0,trt-int8,178.4078078737232,ina3221,178.426,2
resnet50,INT8,16,15W,default,inference,128,64,15.49664,15.042285075268817,12.549936,15.47136,1.0302051797620957,19.007705891803923,7.405541018546019,0.0,57.593,0.35799262667548176,99.85332658125927,0.26139614288287766,6.631888543999594,382.0,trt-int8,57.54393829811069,ina3221,57.5246,0
resnet50,INT8,16,15W,default,inference,128,64,15.510528,15.060187396880414,12.815616,15.47136,1.0299027224065533,18.269468890796627,7.388536528390467,0.0,58.406,0.27714362754356064,99.9608172728731,0.26167753212794004,6.627809499999785,382.0,trt-int8,57.57074753420532,ina3221,57.5053,1
resnet50,INT8,16,15W,default,inference,128,64,15.510528,15.088463741472173,12.862848,15.47136,1.027972646238844,18.87165173114436,7.402411295290917,0.0,58.968,0.2444044750330582,100.0375780250472,0.26256582158805036,6.624071267000545,381.0,trt-int8,57.464058502824585,ina3221,57.4867,2
resnet50,INT8,16,25W,default,inference,128,64,19.611648000000002,18.872082782608697,15.3513792,19.526975999999998,1.0391883199067378,28.88244488052028,12.989135968798127,0.0,61.031,0.470284330656036,125.14256201990416,0.23046512342523787,6.630171436999262,543.0,trt-int8,81.9021534345849,ina3221,81.8875,0
resnet50,INT8,16,25W,default,inference,128,64,19.533824,18.87596972972973,15.3812736,19.494912,1.0348514158313227,26.037563608466783,12.79645488079687,0.0,61.875,0.37519001288602766,125.3202355009172,0.23036807996492134,6.638549900999351,544.0,trt-int8,81.93588347883518,ina3221,81.9417,1
resnet50,INT8,16,25W,default,inference,128,64,19.572736,18.91559831864407,15.432191999999999,19.533824,1.03474051786711,27.973084446864103,13.125165308383506,0.0,62.687,0.3532686138148644,125.26309117265262,0.23068709239899193,6.628579463999813,543.0,trt-int8,81.90237353789112,ina3221,81.9693,2
resnet50,INT8,16,MAXN,default,inference,128,64,21.56064,20.826084442882248,17.252684799999997,21.521792,1.0352709391500043,29.657971454955028,11.997716974219497,0.0,63.843,0.45477240499623645,137.48117076219205,0.24035169713669938,6.585754259999703,572.0,trt-int8,86.83508383803735,ina3221,86.7618,0
resnet50,INT8,16,MAXN,default,inference,128,64,21.482944,20.809537391304346,17.2722848,21.444096000000002,1.0323604795259431,29.39655670354689,11.641274507104391,0.0,64.656,0.36274777613554987,137.4250723535127,0.24109661816405736,6.592558090999773,570.0,trt-int8,86.33742800945069,ina3221,86.402,1
resnet50,INT8,16,MAXN,default,inference,128,64,21.521792,20.86840743661972,17.425504,21.482944,1.0313097472993424,28.642335250785603,11.114299729153343,0.0,65.25,0.34797915861814077,137.62104492314262,0.2418647538192313,6.581208228999458,569.0,trt-int8,86.44420363689206,ina3221,86.4338,2
resnet50,INT4,1,15W,default,inference,128,64,14.51584,13.926280556149731,11.945472,14.476608,1.042334307532669,16.557610515456243,6.5372137287045335,0.0,57.281,0.2730202038355111,91.53971768340104,0.045564817164460446,6.578591981999125,2009.0,trt-int4,305.2005078511027,ina3221,305.248,0
resnet50,INT4,1,15W,default,inference,128,64,14.264448,13.934722666666664,12.199632000000001,14.225152,1.0236621381867954,16.169696221615407,6.530030883711492,0.0,57.968,0.2026878050422158,91.4739442911679,0.045622914858437856,6.572904695000034,2005.0,trt-int4,304.8310043419303,ina3221,304.879,1
resnet50,INT4,1,15W,default,inference,128,64,14.264448,13.91849667642276,12.0124928,14.264448,1.0248555092995972,14.782832939532883,7.329686158405661,0.0,58.468,0.1848500605797247,91.59471833157679,0.04552421388249343,6.582283396999628,2012.0,trt-int4,305.66858337609693,ina3221,305.624,2
resnet50,INT4,1,25W,default,inference,128,64,17.568,17.057997729372936,14.067968,17.568,1.0298981321675797,21.675577639257984,10.595895668332517,0.0,60.0,0.37345390254427374,112.1197680203069,0.03942326582992507,6.574208254000041,2844.0,trt-int4,431.94448087457056,ina3221,431.966,0
resnet50,INT4,1,25W,default,inference,128,64,17.60704,17.049555498207887,14.1347712,17.568,1.0326978906781887,22.52767958692329,10.76003031262581,0.0,60.812,0.30914741576481525,112.41363088162379,0.039652074385052485,6.580475126999772,2835.0,trt-int4,430.11536698658307,ina3221,430.056,1
resnet50,INT4,1,25W,default,inference,128,64,17.60704,17.087981597069597,14.300063999999999,17.60704,1.030375641498784,22.750330893046165,9.785119802023393,0.0,61.218,0.26853599642862946,112.46478376263238,0.03943365489573365,6.580840139999964,2852.0,trt-int4,433.0182849486053,ina3221,433.045,2
resnet50,INT4,1,MAXN,default,inference,128,64,19.650560000000002,18.961793560975607,15.9531264,19.533824,1.0363239076941495,28.330553654802134,9.724612016157488,0.0,62.281,0.3607632219521998,123.94307241810374,0.04026740494415326,6.543179021000469,3078.0,trt-int4,469.77469218403365,ina3221,469.775,0
resnet50,INT4,1,MAXN,default,inference,128,64,19.533824,19.00067176470588,16.0647552,19.494912,1.0280596518847538,25.929476793097386,9.771760357641423,0.0,62.968,0.29272297908282974,124.2806165436659,0.04037706840275045,6.541121023999949,3078.0,trt-int4,469.75930997024966,ina3221,469.792,1
resnet50,INT4,1,MAXN,default,inference,128,64,19.494912,18.929475627056675,15.8082048,19.494912,1.0298706833767293,25.456625693336846,10.822146989408855,0.0,63.5,0.29386146678337094,124.42737629640192,0.04030689222429605,6.571645476999947,3087.0,trt-int4,469.0653371074167,ina3221,469.066,2
resnet50,INT4,2,15W,default,inference,128,64,15.065088,14.586171297491042,11.978982400000001,15.065088,1.0328336129297573,16.300502687015076,7.368878077378342,0.0,57.312,0.34829406138544383,96.24635613687941,0.07449408369727509,6.584068232999925,1292.0,trt-int4,196.04629497783634,ina3221,196.025,0
resnet50,INT4,2,15W,default,inference,128,64,15.10432,14.68039271312804,12.469248,15.065088,1.028877108068973,17.576969016799577,7.378096914041914,0.0,58.0,0.24829165421673804,96.93989921529496,0.07508900016676603,6.605065067000396,1291.0,trt-int4,195.347178888295,ina3221,195.318,1
resnet50,INT4,2,15W,default,inference,128,64,15.065088,14.662017959183677,12.530256,15.065088,1.02749076163584,19.388269889543785,7.357242871968627,0.0,58.562,0.23981916817955712,96.70418077325377,0.07479054970862627,6.590464365000116,1293.0,trt-int4,196.08293911246625,ina3221,196.031,2
resnet50,INT4,2,25W,default,inference,128,64,18.90336,18.264415594936708,14.4216832,18.864383999999998,1.0349830193986838,25.239956453686652,12.13765358423326,0.0,60.437,0.4702892183971434,120.65086018548968,0.06571397613588763,6.602243110000018,1836.0,trt-int4,277.96381272176166,ina3221,277.948,0
resnet50,INT4,2,25W,default,inference,128,64,18.90336,18.27000290391459,14.8708896,18.864383999999998,1.0346665022121975,25.55357418092538,10.840476223273257,0.0,61.375,0.3549498318340146,120.63120882136707,0.06584672970598639,6.601981304999754,1832.0,trt-int4,277.4272944608185,ina3221,277.427,1
resnet50,INT4,2,25W,default,inference,128,64,19.020288,18.381675294117645,14.8473504,19.020288,1.0347418119221548,25.844542847254314,11.083617325658066,0.0,62.0,0.34499344562204454,121.23344410599792,0.06574481784490126,6.594685832999858,1844.0,trt-int4,279.3893160934228,ina3221,279.39,2
resnet50,INT4,2,MAXN,default,inference,128,64,20.977919999999997,20.31918957303371,16.701318399999998,20.939072,1.0324191289519002,29.463146743631512,11.207923109689556,0.0,63.218,0.4423495542871397,133.3620305206347,0.06721876538338442,6.565344489999916,1984.0,trt-int4,301.90427418948343,ina3221,301.912,0
resnet50,INT4,2,MAXN,default,inference,128,64,21.094464,20.422372772881353,16.967225600000003,21.055616,1.0329095563279067,29.129743424740404,11.211481955995026,0.0,64.062,0.36807319944949835,134.0769945508565,0.06788708584853494,6.55727274200035,1975.0,trt-int4,301.00646116068043,ina3221,301.065,1
resnet50,INT4,2,MAXN,default,inference,128,64,21.055616,20.413278649541283,16.956736000000003,21.055616,1.0314666429379855,29.049483943660395,12.974556785916112,0.0,64.781,0.32161601760448827,133.91903083735235,0.06749951151076228,6.559893005000049,1984.0,trt-int4,302.19253091791353,ina3221,302.197,2
resnet50,INT4,4,15W,default,inference,128,64,16.176384,15.510025703971118,12.961248,16.137216,1.042963068453089,19.712098120377522,7.335031688858641,0.0,57.625,0.3632574606235196,102.41981164323491,0.13301274239381156,6.599422883999068,770.0,trt-int4,116.66913098387188,ina3221,116.61,0
resnet50,INT4,4,15W,default,inference,128,64,16.019712,15.489487856373426,13.199884800000001,15.980544,1.0342312249793593,21.072043054675145,7.3863599177034995,0.0,58.406,0.2861509504233625,102.2950138046654,0.13267835772330142,6.593050618999769,771.0,trt-int4,116.76552617415528,ina3221,116.735,1
resnet50,INT4,4,15W,default,inference,128,64,15.941376,15.539884220064724,13.3154496,15.941376,1.025836214366184,18.39334643953837,7.383115037662745,0.0,59.062,0.2616476866164558,102.75076980775103,0.1329246698677245,6.613124947998585,773.0,trt-int4,116.79379056833037,ina3221,116.727,2
resnet50,INT4,4,25W,default,inference,128,64,20.273152,19.605422315789472,16.047129599999998,20.234240000000003,1.034058418811655,28.576799187468744,10.8523687038001,0.0,61.281,0.47976392637344073,129.54438469937696,0.11734092816972551,6.608474812001077,1104.0,trt-int4,166.97393346528287,ina3221,166.998,0
resnet50,INT4,4,25W,default,inference,128,64,20.273152,19.628487906510852,16.1646336,20.273152,1.032843288620073,29.02295971585348,10.84887267300688,0.0,62.218,0.3711970786623172,129.73799936919576,0.11751630377644544,6.60830321299909,1104.0,trt-int4,166.99639840814825,ina3221,166.956,1
resnet50,INT4,4,25W,default,inference,128,64,20.317504,19.64830726943942,16.1135232,20.278655999999998,1.0340587472184657,28.11747348141393,13.088096436415237,0.0,62.968,0.3508329429280363,129.72973470675933,0.11761535331528498,6.598115390999737,1103.0,trt-int4,167.1150850744857,ina3221,167.132,2
resnet50,INT4,4,MAXN,default,inference,128,64,22.4576,21.78048256427379,18.106752,22.4576,1.0310882660073324,34.729501222236145,11.195615546077907,0.0,64.312,0.47851173477708603,143.16514854753416,0.12184267961492269,6.569314710999606,1175.0,trt-int4,178.7234577250943,ina3221,178.739,0
resnet50,INT4,4,MAXN,default,inference,128,64,22.535040000000002,21.821970351254482,18.3011808,22.49632,1.032676684885356,32.396585982092084,12.397661461307807,0.0,65.218,0.3584224689908848,143.5777120658532,0.12198616148330774,6.564203457999611,1177.0,trt-int4,179.1140042719639,ina3221,179.132,1
resnet50,INT4,4,MAXN,default,inference,128,64,22.535040000000002,21.87993727536232,18.5136,22.49632,1.0299407953685202,32.17808392556851,12.87924120665567,0.0,66.031,0.3335610698556977,143.72235944477958,0.12210905645265895,6.570717951999541,1177.0,trt-int4,178.96396288515984,ina3221,178.995,2
resnet50,INT4,8,15W,default,inference,128,64,16.697408,15.95571817142857,12.788064,16.540992,1.0464842648010386,19.710217663526645,9.818008452078033,0.0,57.812,0.43166918880371125,105.9713722048935,0.2436123498963069,6.629846183999689,435.0,trt-int4,65.59467983609122,ina3221,65.5756,0
resnet50,INT4,8,15W,default,inference,128,64,16.540992,16.003352127433626,13.203456000000001,16.528896,1.0335954535203113,22.80022782294651,10.349726441972802,0.0,58.781,0.32345731432841507,106.28792840832419,0.24434006530649238,6.62895979699897,435.0,trt-int4,65.53190397476915,ina3221,65.5584,1
resnet50,INT4,8,15W,default,inference,128,64,16.540992,16.019628919931858,13.3331328,16.501887999999997,1.0325452657283125,21.987462330620684,10.309261336001429,0.0,59.468,0.2854514773574661,106.36551619323436,0.2445184280304238,6.631122009999672,435.0,trt-int4,65.53956399166995,ina3221,65.5549,2
resnet50,INT4,8,25W,default,inference,128,64,21.172159999999998,20.406479421686747,15.941376,21.172159999999998,1.0375214441693226,29.956036000763785,14.53199088652623,0.0,61.718,0.5794262777991785,135.48706974982355,0.21677931159971767,6.6307240659989475,625.0,trt-int4,94.2585702020781,ina3221,94.3318,0
resnet50,INT4,8,25W,default,inference,128,64,21.253632000000003,20.478802483754514,16.1225792,21.249856,1.0378356848189805,29.03899282441015,13.678116003220625,0.0,62.75,0.43087386363220004,135.67774298575995,0.216391934586539,6.621689546998823,627.0,trt-int4,94.5428132015514,ina3221,94.5507,1
resnet50,INT4,8,25W,default,inference,128,64,21.292416,20.50760637908497,16.275084800000002,21.253632000000003,1.0382691966291802,28.741638342559764,14.43985402570962,0.0,63.593,0.39994743305744596,135.91538085573697,0.21642576569384867,6.629941699000483,628.0,trt-int4,94.63233182510587,ina3221,94.6717,2
resnet50,INT4,8,MAXN,default,inference,128,64,22.3008,21.531740664495114,17.605088000000002,22.223232,1.0357174715917432,32.39890746917957,14.616989118164101,0.0,64.562,0.4592427434317372,142.06940070096366,0.23176084943060954,6.598564895999516,613.0,trt-int4,92.89547563610517,ina3221,92.8758,0
resnet50,INT4,8,MAXN,default,inference,128,64,22.3008,21.57330483116883,17.89008,22.262016,1.0337220084972838,32.47392130319387,14.571018889986867,0.0,65.312,0.38003434644367134,142.16326461239953,0.23191397163523578,6.591359652000392,613.0,trt-int4,92.88578668206691,ina3221,92.8462,1
resnet50,INT4,8,MAXN,default,inference,128,64,22.34144,21.56532612413793,17.683168,22.264,1.0359889700436002,33.703287526012815,14.521319121643318,0.0,66.0,0.3624303609280059,142.14752857686938,0.2322672035569761,6.585474669998803,612.0,trt-int4,92.85286409030158,ina3221,92.8837,2
resnet50,INT4,16,15W,default,inference,128,64,17.323072,16.738420435087722,13.496211200000001,17.323072,1.0349287178667534,21.82315264350531,10.24338846810647,0.0,58.437,0.45953449097219323,112.34253323955738,0.46809388849815575,6.7125083209994045,240.0,trt-int4,35.69849758624093,ina3221,35.64,0
resnet50,INT4,16,15W,default,inference,128,64,17.362175999999998,16.831425635782747,14.038496,17.3524,1.0315332982304781,21.197818161092428,10.818648757909513,0.0,59.375,0.31765263470881566,112.49098768278827,0.4706735886309133,6.6854502949991,239.0,trt-int4,35.69748699007875,ina3221,35.6528,1
resnet50,INT4,16,15W,default,inference,128,64,17.323072,16.83119918210863,14.077792,17.323072,1.0292238724388827,21.88557787893495,10.728260010068256,0.0,60.156,0.297225745735366,112.62364288622366,0.47122863132311155,6.693640076999145,239.0,trt-int4,35.67299804116384,ina3221,35.6331,2
resnet50,INT4,16,25W,default,inference,128,64,22.223232,21.41127762652705,16.8694656,22.184448,1.0379218086671762,32.10905687628348,16.073365502342938,0.0,62.437,0.5413330188584377,143.13476585039587,0.425996326935702,6.693684148000102,336.0,trt-int4,50.17837198596127,ina3221,50.2399,0
resnet50,INT4,16,25W,default,inference,128,64,22.3008,21.45850762629758,17.047078399999997,22.225279999999998,1.0392521413124827,31.837273244894707,16.200293711023843,0.0,63.5,0.419788803238753,143.02075748902087,0.42565701633637165,6.674472810000225,336.0,trt-int4,50.343288713193566,ina3221,50.3404,1
resnet50,INT4,16,25W,default,inference,128,64,22.34144,21.431295679465777,16.810809600000002,22.30272,1.042468002595208,30.801233254741874,14.340727018551004,0.0,64.375,0.4251844369031669,143.0984048977548,0.42462434687761064,6.678409643998748,337.0,trt-int4,50.416469472381586,ina3221,50.3941,2
resnet50,INT4,16,MAXN,default,inference,128,64,22.378368,21.628912481203006,17.806144,22.339584,1.0346506334725947,31.200051053062467,14.873717376648091,0.0,65.093,0.4380489402058041,143.72610248437417,0.45918882582867143,6.6451684619987645,313.0,trt-int4,47.094756242498065,ina3221,47.0337,0
resnet50,INT4,16,MAXN,default,inference,128,64,22.34144,21.64817307641196,18.0127584,22.30272,1.0320242692600896,31.171323733941964,14.300945037664412,0.0,65.875,0.3463996878573133,143.49341930924118,0.45844542910300695,6.6315597480006545,313.0,trt-int4,47.18441407775485,ina3221,47.1144,1
resnet50,INT4,16,MAXN,default,inference,128,64,22.34144,21.644912625,18.010809599999998,22.30272,1.0321797268054345,32.31554774759725,15.044263109626456,0.0,66.375,0.33493764314169494,143.80163432946483,0.4594301416276832,6.6396726389994,313.0,trt-int4,47.06696431505094,ina3221,47.0207,2
mobilenet_v3_large,FP32,1,15W,default,inference,128,64,11.827200000000001,11.571582391382405,10.3379584,11.787776,1.0220901169755279,11.073880456597228,3.656924381722555,0.0,56.0,0.136971418859378,76.29558489102565,0.033316849297391114,6.586599491000015,2290.0,trt-fp32,347.40131067404815,ina3221,347.368,0
mobilenet_v3_large,FP32,1,15W,default,inference,128,64,12.02432,11.628155302752292,10.464319999999999,11.9770112,1.0340694363751695,9.81335687484233,3.6404729156871825,0.0,56.343,0.11662889685261561,76.53671293115195,0.03340755693197379,6.5762269429997104,2291.0,trt-fp32,347.9145676137706,ina3221,347.972,1
mobilenet_v3_large,FP32,1,15W,default,inference,128,64,11.827200000000001,11.599258242214532,10.4583968,11.827200000000001,1.0196514081353836,9.82115372805995,3.6568592758165375,0.0,56.593,0.12656425734027307,76.37204444617657,0.033350237749422085,6.579730178000318,2290.0,trt-fp32,347.49233196562676,ina3221,347.56,2
mobilenet_v3_large,FP32,1,25W,default,inference,128,64,13.989376,13.631970119205297,11.793689599999999,13.95008,1.0262182118702838,14.535679486791901,7.063314963029921,0.0,57.656,0.24527299859502452,89.87157255534942,0.02798865542053859,6.593368409001414,3211.0,trt-fp32,486.62884401290205,ina3221,486.587,0
mobilenet_v3_large,FP32,1,25W,default,inference,128,64,14.028672,13.657781718411552,11.917875200000001,13.989376,1.0271559678749635,14.058354369668635,6.581100448761318,0.0,58.093,0.19202163588670104,90.2227194808684,0.02815940058703758,6.603216782001255,3204.0,trt-fp32,485.1001980613825,ina3221,485.051,1
mobilenet_v3_large,FP32,1,25W,default,inference,128,64,13.95008,13.617193405017922,11.866624,13.95008,1.0244460503042727,14.386696845792072,7.0843993035763955,0.0,58.562,0.18477349168422755,89.86212349357268,0.027924836387064226,6.5911527019998175,3218.0,trt-fp32,487.5498826387105,ina3221,487.607,2
mobilenet_v3_large,FP32,1,MAXN,default,inference,128,64,15.222016,14.878551272727274,12.949440000000001,15.222016,1.0230845544688416,16.97524440775926,7.448667965726897,0.0,59.281,0.25563861121656556,97.81503239146134,0.028156313296333144,6.562498743000106,3474.0,trt-fp32,528.99752135434,ina3221,528.951,0
mobilenet_v3_large,FP32,1,MAXN,default,inference,128,64,15.941376,15.136873841827768,13.1140736,15.863040000000002,1.0531485012413295,16.275163093680845,7.303774254361704,0.0,59.75,0.2166649947541188,99.42236119793051,0.028610751423864895,6.558755985000971,3475.0,trt-fp32,529.5346887685482,ina3221,529.542,1
mobilenet_v3_large,FP32,1,MAXN,default,inference,128,64,15.30048,14.98802515050167,13.2761536,15.27552,1.0208469659185133,16.305033124693317,6.546147201161566,0.0,60.25,0.19595611054426332,98.09679236558866,0.028204943175844925,6.5555099149987655,3478.0,trt-fp32,530.1716383758541,ina3221,530.158,2
mobilenet_v3_large,FP32,2,15W,default,inference,128,64,13.3824,12.914810108303248,11.2934752,13.34304,1.0362057117197663,14.309663705495248,6.623250780242137,0.0,55.75,0.2384930813529481,85.18604746967475,0.055423583259385005,6.592217806000917,1537.0,trt-fp32,233.0456563722268,ina3221,233.11,0
mobilenet_v3_large,FP32,2,15W,default,inference,128,64,13.14624,12.85410802614379,11.4152192,13.106879999999999,1.0227267402189284,13.129273001959966,4.452559925199149,0.0,56.343,0.1812170049576924,84.80554185663934,0.05485481362007719,6.600543360000302,1546.0,trt-fp32,234.06999122814267,ina3221,234.087,1
mobilenet_v3_large,FP32,2,15W,default,inference,128,64,13.14624,12.87240974592834,11.419161599999999,13.14624,1.0212726489815378,14.781508018187056,3.7004219093760815,0.0,56.843,0.1600883203935027,84.8310961278647,0.0550493810044547,6.590597844999138,1541.0,trt-fp32,233.73659880917467,ina3221,233.726,2
mobilenet_v3_large,FP32,2,25W,default,inference,128,64,15.823872,15.425744529801324,13.034063999999999,15.823872,1.0258092871582,18.161432693427432,7.242333200215366,0.0,58.312,0.3367196830313638,101.78511597835814,0.046883977880404486,6.599102182999559,2171.0,trt-fp32,328.6051107812185,ina3221,328.637,0
mobilenet_v3_large,FP32,2,25W,default,inference,128,64,15.863040000000002,15.454421333333332,13.208832000000001,15.863040000000002,1.0264402437239968,18.612097598360005,7.237247291708873,0.0,58.968,0.2668871960615603,102.07209307556602,0.04727748637126726,6.6050413670000125,2159.0,trt-fp32,326.812949866689,ina3221,326.833,1
mobilenet_v3_large,FP32,2,25W,default,inference,128,64,15.902208,15.481370339350182,13.106879999999999,15.902208,1.0271834890210036,19.730309191110493,7.164767974555525,0.0,59.593,0.2574093356057139,102.19597476507356,0.047094919246577674,6.595556090000173,2170.0,trt-fp32,328.8363906254782,ina3221,328.825,2
mobilenet_v3_large,FP32,2,MAXN,default,inference,128,64,17.362175999999998,16.894725610017886,14.3014144,17.362175999999998,1.027668421540089,21.69568159448324,7.487685634103314,0.0,60.625,0.3286055146891502,111.21898685246381,0.04750917849314985,6.5692415369994706,2341.0,trt-fp32,355.92906593956343,ina3221,355.878,0
mobilenet_v3_large,FP32,2,MAXN,default,inference,128,64,17.40128,16.944102632727272,14.51584,17.372799999999998,1.0269815036642718,20.285014201423476,7.692107620412636,0.0,61.25,0.25236446127386536,111.40693475122345,0.04769132480788675,6.572359043999313,2336.0,trt-fp32,355.35401417363903,ina3221,355.38,1
mobilenet_v3_large,FP32,2,MAXN,default,inference,128,64,17.45088,17.018434971428576,14.6708064,17.45088,1.0254103875766154,22.20585294355625,7.491521919398696,0.0,61.75,0.23775295679284336,111.90995519022313,0.04800941878602451,6.5628950809987145,2331.0,trt-fp32,354.93408738408806,ina3221,354.859,2
mobilenet_v3_large,FP32,4,15W,default,inference,128,64,14.34304,13.981645001751314,11.984895999999999,14.34304,1.0258478167771687,14.784130011049124,7.306497548645575,0.0,56.25,0.27029793575392547,92.64902005633645,0.10203636570081107,6.616411773000436,908.0,trt-fp32,137.06782647343042,ina3221,137.12,0
mobilenet_v3_large,FP32,4,15W,default,inference,128,64,14.303744,13.980046274223033,12.1544192,14.303744,1.0231542671195455,16.255361401911237,6.5178028788550915,0.0,56.937,0.22058608710159333,92.50293047280888,0.10187547408899657,6.615449361999708,908.0,trt-fp32,137.20594906301721,ina3221,137.184,1
mobilenet_v3_large,FP32,4,15W,default,inference,128,64,14.398144,14.05632892058347,12.166246399999999,14.398144,1.0243175214060332,17.846731204469968,7.377185347111208,0.0,57.593,0.21501287380729553,93.09474797125992,0.10174289395766112,6.626523160999568,915.0,trt-fp32,138.07756629881402,ina3221,138.041,2
mobilenet_v3_large,FP32,4,25W,default,inference,128,64,17.64608,17.078491651567948,14.054214400000001,17.60704,1.0332341028711365,21.69024177035719,10.805437089029157,0.0,59.406,0.4036439462997613,113.2277195949853,0.0876375538660877,6.62034639400008,1292.0,trt-fp32,194.8591314970482,ina3221,194.785,0
mobilenet_v3_large,FP32,4,25W,default,inference,128,64,17.64608,17.12200039408867,14.2472704,17.630464000000003,1.030608550043736,21.89145616801138,10.528340003223317,0.0,60.187,0.3031217328876644,113.27308935296223,0.08760486415542322,6.618168527000307,1293.0,trt-fp32,195.07695351307697,ina3221,195.062,1
mobilenet_v3_large,FP32,4,25W,default,inference,128,64,17.60704,17.03150492753623,13.8361216,17.60704,1.0337923791768546,22.73382822077177,10.803788733124431,0.0,60.875,0.3147313461663834,113.35563163147563,0.08766870195783112,6.645942086001014,1293.0,trt-fp32,194.41024637985737,ina3221,194.464,2
mobilenet_v3_large,FP32,4,MAXN,default,inference,128,64,19.410048,18.835581132799998,15.8003712,19.371072,1.0304990253897521,25.37457395160205,11.193391807660166,0.0,61.875,0.36789243797799587,123.94921195681792,0.08942944585628998,6.582140675998744,1386.0,trt-fp32,210.32184200323908,ina3221,210.251,0
mobilenet_v3_large,FP32,4,MAXN,default,inference,128,64,19.29312,18.768161623188405,15.9452928,19.29312,1.0279706871323506,25.948472219453638,10.053756187133889,0.0,62.468,0.2864988016308995,123.66593523251726,0.09000431967432115,6.584673725999892,1374.0,trt-fp32,208.39162386915405,ina3221,208.44,1
mobilenet_v3_large,FP32,4,MAXN,default,inference,128,64,19.410048,18.824453600000002,15.704409600000002,19.378176,1.0311081751663698,25.487310571373616,11.172057789834348,0.0,63.156,0.296271179523885,124.2577295550771,0.08971677224193293,6.585698957000204,1385.0,trt-fp32,210.30661029980593,ina3221,210.364,2
mobilenet_v3_large,FP32,8,15W,default,inference,128,64,15.49664,15.011179240143369,12.504672,15.457408,1.032339948253925,19.65255867114359,9.663701423783818,0.0,56.812,0.32595903361436845,99.91566630939374,0.18852012511206367,6.654385186000582,530.0,trt-fp32,79.55246278480631,ina3221,79.5493,0
mobilenet_v3_large,FP32,8,15W,default,inference,128,64,15.667200000000001,15.059532663101603,12.51648,15.628032,1.0403510089252161,18.420453612671338,7.481348551449967,0.0,57.593,0.26060745640408,100.25992229116825,0.18952726331033695,6.6482281410008,529.0,trt-fp32,79.51794500900579,ina3221,79.5093,1
mobilenet_v3_large,FP32,8,15W,default,inference,128,64,15.510528,15.055797352415025,12.67392,15.47136,1.0302030265778008,19.49107520145845,7.387487397328261,0.0,58.187,0.25919001771448347,100.0186711373875,0.18907121197993856,6.629926277999402,529.0,trt-fp32,79.6851217919192,ina3221,79.6199,2
mobilenet_v3_large,FP32,8,25W,default,inference,128,64,19.215168000000002,18.51960418637993,14.6884608,19.215168000000002,1.0375582440434454,25.273644445410035,12.928896468313633,0.0,60.156,0.45974552129419693,123.14076815159258,0.16375102147818163,6.643662967999262,752.0,trt-fp32,113.10519357611861,ina3221,113.153,0
mobilenet_v3_large,FP32,8,25W,default,inference,128,64,19.215168000000002,18.55494936247723,15.0337024,19.176192,1.035581807561162,25.969779863795715,12.946810183822471,0.0,61.093,0.3556001215916328,123.20421811179884,0.16361781953758145,6.639213524000297,753.0,trt-fp32,113.33346084076379,ina3221,113.302,1
mobilenet_v3_large,FP32,8,25W,default,inference,128,64,19.254144,18.63725372972973,15.2226432,19.254144,1.0330998482510447,25.300676995224606,12.870215186303168,0.0,61.812,0.32724431895085243,123.64465935905343,0.16442108957320936,6.644359194000572,752.0,trt-fp32,113.17712235601746,ina3221,113.224,2
mobilenet_v3_large,FP32,8,MAXN,default,inference,128,64,20.977919999999997,20.29791889081456,16.8303616,20.939072,1.0335010260334205,28.84375664463174,12.915517918423419,0.0,62.906,0.3983847277328704,133.81080214598234,0.16831547439746206,6.595612932998847,795.0,trt-fp32,120.42451530265807,ina3221,120.368,0
mobilenet_v3_large,FP32,8,MAXN,default,inference,128,64,20.977919999999997,20.336671941499088,16.994598399999997,20.939072,1.0315316124656748,29.022350892901045,12.9581179109489,0.0,63.812,0.3225354706747719,134.0738517239987,0.1688587553198976,6.5919881829995575,794.0,trt-fp32,120.38591432691933,ina3221,120.376,1
mobilenet_v3_large,FP32,8,MAXN,default,inference,128,64,21.016768,20.294622575342462,16.8205856,20.977919999999997,1.0355830921209113,29.158384361309775,11.198892721897261,0.0,64.375,0.2989059607841729,134.16480244667233,0.16854874679230192,6.600670687999809,796.0,trt-fp32,120.48474097884296,ina3221,120.532,2
mobilenet_v3_large,FP32,16,15W,default,inference,128,64,16.450560000000003,15.841062666666666,13.309584,16.372224,1.038475785757471,21.342163904769784,9.778148631608426,0.0,57.281,0.3456335570744026,105.60489236699811,0.3679612974459865,6.670972335999977,287.0,trt-fp32,42.98940359402951,ina3221,42.9595,0
mobilenet_v3_large,FP32,16,15W,default,inference,128,64,16.293888000000003,15.828596958123953,13.3099392,16.293888000000003,1.0293955960283163,19.531391636469024,10.677107316465783,0.0,58.031,0.2538778982250491,105.65253713729828,0.3681273070986003,6.673071045999677,287.0,trt-fp32,42.98893360507115,ina3221,42.9638,1
mobilenet_v3_large,FP32,16,15W,default,inference,128,64,16.293888000000003,15.833628981132076,13.250611200000002,16.293888000000003,1.029068447884966,18.474248926403966,10.336408973737157,0.0,58.843,0.25007297734677725,105.63848914536749,0.36936534666212406,6.661908905998644,286.0,trt-fp32,42.89723663293718,ina3221,42.9665,2
mobilenet_v3_large,FP32,16,25W,default,inference,128,64,20.389888,19.641164567272728,15.6025728,20.350976,1.0381201140168053,28.51793700024881,14.083047482684622,0.0,60.937,0.4802188734925602,130.92974402131327,0.31856385406645565,6.660358680001082,411.0,trt-fp32,61.619052607222706,ina3221,61.6019,0
mobilenet_v3_large,FP32,16,25W,default,inference,128,64,20.3952,19.693542857142855,15.725952,20.3952,1.035628792033357,27.785099267304346,14.386224037094044,0.0,61.875,0.3786660741108128,131.4247167979507,0.3189920310629872,6.674395256000935,412.0,trt-fp32,61.655081263614356,ina3221,61.6334,1
mobilenet_v3_large,FP32,16,25W,default,inference,128,64,20.472896000000002,19.72012947779751,15.7925376,20.472896000000002,1.0381724939002057,28.913316524606618,14.352352517223776,0.0,62.625,0.3490992877182963,131.72548435022594,0.31972204939375226,6.666818145000434,412.0,trt-fp32,61.74860025211611,ina3221,61.7123,2
mobilenet_v3_large,FP32,16,MAXN,default,inference,128,64,21.99296,21.239687502664296,17.267392,21.990527999999998,1.0354653286325994,29.713839461185852,14.808147068341839,0.0,63.718,0.44143618958586067,141.0502308312196,0.33110382824229956,6.621751704000417,426.0,trt-fp32,64.27303562117,ina3221,64.2509,0
mobilenet_v3_large,FP32,16,MAXN,default,inference,128,64,22.03168,21.28821905035971,17.63632,21.954240000000002,1.0349235860398442,31.8241740646807,14.69106677695711,0.0,64.656,0.34447208733735474,141.3181960276347,0.3317328545249641,6.623904751000737,426.0,trt-fp32,64.24823731287684,ina3221,64.2631,1
mobilenet_v3_large,FP32,16,MAXN,default,inference,128,64,21.99296,21.332117569060774,17.7847488,21.989088,1.0309787543969702,30.755181495440066,12.93405911484795,0.0,65.218,0.31047601754657667,141.2440441368297,0.33233892738077575,6.619540273000894,425.0,trt-fp32,64.1480505079617,ina3221,64.1802,2
mobilenet_v3_large,FP16,1,15W,default,inference,128,64,10.661760000000001,10.504795473684212,9.532032,10.661760000000001,1.014942178237454,6.626214458270861,3.6731109277398803,0.0,53.875,0.12597461010377473,68.93849558860428,0.021658339801635024,6.565468033000798,3183.0,trt-fp16,484.4473487366391,ina3221,484.422,0
mobilenet_v3_large,FP16,1,15W,default,inference,128,64,10.740736,10.561634867383512,9.69024,10.740736,1.0169577091866324,7.442274252319025,3.639447263572917,0.0,54.312,0.09787175056041707,69.42935543011797,0.021888195280617265,6.568089266000243,3172.0,trt-fp16,482.92671554738575,ina3221,482.996,1
mobilenet_v3_large,FP16,1,15W,default,inference,128,64,10.701248,10.540549049541285,9.729792,10.701248,1.0152457855566555,6.566089662729059,3.287633360676437,0.0,54.593,0.09195543316383419,69.18948528152,0.021833223503161883,6.563643384000898,3169.0,trt-fp16,482.69714132147936,ina3221,482.744,2
mobilenet_v3_large,FP16,1,25W,default,inference,128,64,12.41856,12.168554076124568,10.7348128,12.41856,1.020545244924864,10.864077776934884,3.6345429738733466,0.0,55.531,0.2183202615124028,80.02524799863926,0.018162788923885443,6.573092344000543,4406.0,trt-fp16,669.5126936071078,ina3221,669.44,0
mobilenet_v3_large,FP16,1,25W,default,inference,128,64,12.379136,12.083421028571427,10.740736,12.35904,1.0244727855405642,10.963596414536665,3.5936905424952816,0.0,56.062,0.16569142550725696,79.47372921991635,0.01819453507781968,6.570190060998357,4368.0,trt-fp16,664.1122211418697,ina3221,664.089,1
mobilenet_v3_large,FP16,1,25W,default,inference,128,64,12.339711999999999,12.088329703971118,10.8058912,12.31968,1.0207954533161268,9.967970209311654,3.62950023921006,0.0,56.343,0.15617635657496734,79.69677781644228,0.018059546298763263,6.589309020000655,4413.0,trt-fp16,669.5147680263609,ina3221,669.439,2
mobilenet_v3_large,FP16,1,MAXN,default,inference,128,64,13.3824,13.124260286238533,11.7562368,13.34304,1.0196688962373095,13.086959788444657,4.8063593416354005,0.0,57.093,0.21281263778641232,85.77217908805213,0.01808776446395026,6.53579269599868,4742.0,trt-fp16,725.0009137121733,ina3221,725.037,0
mobilenet_v3_large,FP16,1,MAXN,default,inference,128,64,13.3824,13.14425663366337,11.827200000000001,13.3824,1.0181176747361071,12.959378225662958,3.7555146675918127,0.0,57.562,0.20346740204844982,86.12496932544363,0.018074495136504436,6.550867541998741,4765.0,trt-fp16,727.3484076976686,ina3221,727.4,1
mobilenet_v3_large,FP16,1,MAXN,default,inference,128,64,13.461120000000001,13.213625589660742,11.9021056,13.439232,1.0187302424046976,14.107851766253102,3.743668469354735,0.0,58.0,0.17699649532626613,86.45433767527786,0.01813981067462817,6.543622549999782,4766.0,trt-fp16,727.8028271666167,ina3221,727.846,2
mobilenet_v3_large,FP16,2,15W,default,inference,128,64,11.866624,11.500134771331059,10.243968,11.787776,1.031868255107981,9.82571026027752,3.6902747876634563,0.0,54.031,0.19909528473675658,75.65146352646636,0.03209650552671462,6.574762358000953,2357.0,trt-fp16,358.13413086016027,ina3221,358.192,0
mobilenet_v3_large,FP16,2,15W,default,inference,128,64,11.827200000000001,11.526981482517483,10.3280864,11.787776,1.0260448511987157,11.066621502325239,3.6266797560818578,0.0,54.562,0.16338205151279248,75.89987783077615,0.03222924748652915,6.583193077000033,2355.0,trt-fp16,357.6103488301542,ina3221,357.61,1
mobilenet_v3_large,FP16,2,15W,default,inference,128,64,11.748352,11.542996282430213,10.4011392,11.748352,1.0177905036565214,11.105497823951342,3.673714744180822,0.0,55.062,0.14530900958065648,75.8005139876644,0.03225553786709123,6.567330339999899,2350.0,trt-fp16,357.2611013915865,ina3221,357.284,2
mobilenet_v3_large,FP16,2,25W,default,inference,128,64,13.7536,13.419594853146855,11.4940672,13.7536,1.0248893614530266,14.505120554491603,7.002155725294221,0.0,56.281,0.29681971294384024,88.38885909144267,0.02674398157078447,6.580533469999864,3305.0,trt-fp16,501.7454763379052,ina3221,501.684,0
mobilenet_v3_large,FP16,2,25W,default,inference,128,64,13.792896,13.456248000000002,11.7069568,13.7536,1.0250179693477706,13.227957771220655,6.598791976241144,0.0,56.843,0.23105452751313815,88.52432904609356,0.026776869039955704,6.580549296000754,3306.0,trt-fp16,502.0667869347088,ina3221,502.055,1
mobilenet_v3_large,FP16,2,25W,default,inference,128,64,13.792896,13.462677086092718,11.7148416,13.792896,1.0245284731852038,14.093954503926252,6.954313000637611,0.0,57.375,0.2088992044647091,88.60696747034405,0.026842462123703136,6.58304771999974,3301.0,trt-fp16,500.77594702016387,ina3221,500.759,2
mobilenet_v3_large,FP16,2,MAXN,default,inference,128,64,15.10432,14.733994479859895,12.75264,15.065088,1.0251340884270255,16.399548009917297,7.385416559294376,0.0,58.218,0.32090850676913046,96.56831958738414,0.027156445328285754,6.545281894001164,3556.0,trt-fp16,542.783450287095,ina3221,542.773,0
mobilenet_v3_large,FP16,2,MAXN,default,inference,128,64,15.143552,14.78024099821747,12.870719999999999,15.143552,1.0245808577699338,14.738074844158938,7.4079830709291805,0.0,58.75,0.2262861785507106,96.97121556691857,0.027208534109685347,6.551104127000144,3564.0,trt-fp16,543.8085176359726,ina3221,543.836,1
mobilenet_v3_large,FP16,2,MAXN,default,inference,128,64,15.10432,14.749840635379062,12.870719999999999,15.10432,1.024032758955421,14.984643942532479,7.373041336830905,0.0,59.156,0.2002430161338545,96.7221423859268,0.0271234274778258,6.5486901919994125,3566.0,trt-fp16,544.3340087111904,ina3221,544.282,2
mobilenet_v3_large,FP16,4,15W,default,inference,128,64,12.91008,12.604138474820145,10.898688,12.91008,1.0242731009176906,13.91493163972277,6.667406716929046,0.0,54.5,0.24442771996009338,83.31199913192751,0.05388874458727523,6.603458782999951,1546.0,trt-fp16,233.74379316435756,ina3221,233.79,0
mobilenet_v3_large,FP16,4,15W,default,inference,128,64,12.870719999999999,12.573682863157897,11.05664,12.83136,1.0236237178935417,14.43731979834647,6.191215486598147,0.0,55.156,0.19915737246649168,82.9327959855148,0.053470532550299675,6.589074642999549,1551.0,trt-fp16,235.27106477682875,ina3221,235.326,1
mobilenet_v3_large,FP16,4,15W,default,inference,128,64,12.870719999999999,12.591760344941958,11.1395648,12.870719999999999,1.0221541426628324,13.019950360981511,5.296021046286576,0.0,55.687,0.1838501448239486,83.05078241098877,0.0535811499425734,6.597184669000853,1550.0,trt-fp16,234.7650662043452,ina3221,234.836,2
mobilenet_v3_large,FP16,4,25W,default,inference,128,64,15.614336,15.091385346534654,12.48696,15.565296,1.0346522629604331,18.215667457088827,7.276716987609509,0.0,57.343,0.372705041677548,99.55836539771434,0.04527438171792376,6.597696237000491,2199.0,trt-fp16,332.9083939606361,ina3221,332.932,0
mobilenet_v3_large,FP16,4,25W,default,inference,128,64,15.535872,15.098661124555163,12.717216,15.535872,1.0289569301435473,18.180500876135124,7.28076746278599,0.0,57.875,0.2737063575845254,99.64036754963422,0.04537357356540721,6.588439344999642,2196.0,trt-fp16,332.79644522471443,ina3221,332.777,1
mobilenet_v3_large,FP16,4,25W,default,inference,128,64,15.49664,15.06391768115942,12.756576,15.463686399999998,1.028725749038166,18.035227352322135,6.837792589671254,0.0,58.5,0.26034949312787337,99.35716278084581,0.04505993776909107,6.594616070999109,2205.0,trt-fp16,333.9185942454309,ina3221,333.992,2
mobilenet_v3_large,FP16,4,MAXN,default,inference,128,64,17.088448,16.61532120508167,14.067968,17.049344,1.028475332440376,19.84948688872214,9.853359399077473,0.0,59.562,0.34217655645708184,109.36912059237092,0.04574199941128018,6.581218833998719,2391.0,trt-fp16,363.31590384168936,ina3221,363.385,0
mobilenet_v3_large,FP16,4,MAXN,default,inference,128,64,17.049344,16.625631946218487,14.2133632,17.049344,1.0254854705765268,19.552011278880027,7.48808173261566,0.0,60.156,0.2896063899244246,109.03605144853834,0.04587128794637709,6.554963004000456,2377.0,trt-fp16,362.0940751416257,ina3221,362.028,1
mobilenet_v3_large,FP16,4,MAXN,default,inference,128,64,17.088448,16.651379365313655,14.3045408,17.088448,1.02624819392421,19.589302170445137,9.420258406484804,0.0,60.718,0.2532369845105464,109.11548380497672,0.04602087043651486,6.552310940000098,2371.0,trt-fp16,361.29962010214666,ina3221,361.365,2
mobilenet_v3_large,FP16,8,15W,default,inference,128,64,14.225152,13.728813633802817,11.7621504,14.107263999999999,1.0361530412923012,14.852415444363688,7.216632252125133,0.0,54.906,0.2816446188084973,90.61465069943571,0.09990589933785636,6.589853878000213,907.0,trt-fp16,137.5150805734938,ina3221,137.529,0
mobilenet_v3_large,FP16,8,15W,default,inference,128,64,14.107263999999999,13.757625433224757,11.917875200000001,14.107263999999999,1.0254141652912618,16.496364889846667,7.264468319973304,0.0,55.718,0.24579512383295862,90.68715554348043,0.09976584768259673,6.595174046000466,909.0,trt-fp16,137.7206104092886,ina3221,137.734,1
mobilenet_v3_large,FP16,8,15W,default,inference,128,64,14.028672,13.675766660033167,11.8745088,13.989376,1.0258051595014548,14.362586278990655,7.270526366126326,0.0,56.218,0.22902762510729321,90.01903418212976,0.09924921078514858,6.58142302700071,907.0,trt-fp16,137.63327882629932,ina3221,137.571,2
mobilenet_v3_large,FP16,8,25W,default,inference,128,64,17.244864,16.69016300990099,13.645536,17.205759999999998,1.0332352050588092,21.021802377724686,10.653155153847457,0.0,58.125,0.42542539381398686,110.14135655210013,0.08478934299622796,6.600816289999784,1299.0,trt-fp16,196.7312663024405,ina3221,196.73,0
mobilenet_v3_large,FP16,8,25W,default,inference,128,64,17.283968,16.79149488054607,14.04832,17.283968,1.0293287240330513,21.610455645105453,9.775977172482111,0.0,58.968,0.3137597610581793,110.54268005261426,0.08496747121645984,6.594345089999479,1301.0,trt-fp16,197.1179730846284,ina3221,197.17,1
mobilenet_v3_large,FP16,8,25W,default,inference,128,64,17.283968,16.77383097986577,13.95008,17.244864,1.03041267202147,22.66845798481632,9.770407682909582,0.0,59.687,0.2909807644354144,110.4002503687959,0.08492326951445837,6.5942068040003505,1300.0,trt-fp16,196.97163314119592,ina3221,196.994,2
mobilenet_v3_large,FP16,8,MAXN,default,inference,128,64,19.09824,18.523826152727274,15.4142528,19.059264,1.0310094600616921,25.421198864805685,10.19086949859482,0.0,60.937,0.41320833348243935,121.61345173482869,0.08606755253703374,6.56121175699991,1413.0,trt-fp16,215.02417944920325,ina3221,215.095,0
mobilenet_v3_large,FP16,8,MAXN,default,inference,128,64,19.059264,18.4941320502693,15.4478592,19.059264,1.0305573653413203,25.701958825324358,11.173485220437161,0.0,61.625,0.32575307750143667,121.77614712979609,0.08636606179418162,6.571806665999247,1410.0,trt-fp16,214.31982768345378,ina3221,214.267,1
mobilenet_v3_large,FP16,8,MAXN,default,inference,128,64,19.09824,18.5084202591944,15.530111999999999,19.059264,1.0318676436208865,24.85588579814173,11.087789337048003,0.0,62.218,0.29763441484785214,121.54521889549899,0.08663237269814611,6.554550812999878,1403.0,trt-fp16,213.7205320795422,ina3221,213.762,2
mobilenet_v3_large,FP16,16,15W,default,inference,128,64,14.90816,14.446380616487453,11.9730688,14.90816,1.0319650572535466,16.33354617561131,7.402287402404949,0.0,55.781,0.34484785564326054,96.0330014843895,0.19206600296877901,6.63443890400049,500.0,trt-fp16,75.30031875905154,ina3221,75.2433,0
mobilenet_v3_large,FP16,16,15W,default,inference,128,64,14.868928,14.41762471957672,12.1544192,14.829696,1.0313021936137987,17.47715396741462,7.3910305648866395,0.0,56.562,0.26004135187417426,95.77779677072465,0.19193947248642215,6.630622761000268,499.0,trt-fp16,75.15872650201905,ina3221,75.2264,1
mobilenet_v3_large,FP16,16,15W,default,inference,128,64,14.868928,14.46073393177738,12.300288,14.868928,1.028227755945749,18.408624622489338,7.217181422604948,0.0,57.187,0.2548654438433434,95.84242962554029,0.1924546779629323,6.623304791999544,498.0,trt-fp16,75.1723050555991,ina3221,75.243,2
mobilenet_v3_large,FP16,16,25W,default,inference,128,64,18.42688,17.81180789473684,14.225152,18.42688,1.034531705534782,25.201854307294575,10.840747278647337,0.0,59.125,0.46272864614263287,117.77801247123057,0.16541855684161597,6.614042319999498,712.0,trt-fp16,107.5525624773126,ina3221,107.56,0
mobilenet_v3_large,FP16,16,25W,default,inference,128,64,18.465919999999997,17.859505101639346,14.511916800000002,18.465919999999997,1.033954742581584,24.366808926228217,10.859828839438395,0.0,60.031,0.3540361755753897,118.17293647059158,0.1652768342246036,6.6187849110010575,715.0,trt-fp16,107.87963355324267,ina3221,107.933,1
mobilenet_v3_large,FP16,16,25W,default,inference,128,64,18.50496,17.889225313028764,14.574688,18.474624,1.034419304145205,25.19413284838594,10.825083701178421,0.0,60.875,0.35294684476620636,118.29629223057802,0.16521828523823745,6.608972025000185,716.0,trt-fp16,108.18568379364751,ina3221,108.246,2
mobilenet_v3_large,FP16,16,MAXN,default,inference,128,64,20.000768,19.357872,16.045171200000002,19.961856,1.0332110884915449,25.898979815567795,11.208232213490724,0.0,61.875,0.42895905642717364,127.41028725669197,0.17171197743489483,6.579041489998417,742.0,trt-fp16,112.74422966330697,ina3221,112.677,0
mobilenet_v3_large,FP16,16,MAXN,default,inference,128,64,19.961856,19.340052943521595,16.25472,19.922944,1.032151052445112,25.993570352177084,11.147779111439814,0.0,62.531,0.3201507337423002,127.37397425263538,0.1718947020953244,6.5826750910000555,741.0,trt-fp16,112.48449434832224,ina3221,112.551,1
mobilenet_v3_large,FP16,16,MAXN,default,inference,128,64,20.000768,19.38648633962264,16.2168128,19.961856,1.0316860750120498,26.093655478665383,11.179384306946275,0.0,63.156,0.32001190304622407,127.6354519202755,0.17201543385481874,6.575195199000518,742.0,trt-fp16,112.71170680143331,ina3221,112.748,2
mobilenet_v3_large,INT8,1,15W,default,inference,128,64,10.661760000000001,10.417938139037433,9.650688,10.622272,1.0234040419235102,6.566530616837169,3.28382944882301,0.0,53.75,0.10071423018635516,68.23388151485932,0.021040358160610336,6.55239476800125,3243.0,trt-int8,494.0538725084253,ina3221,494.037,0
mobilenet_v3_large,INT8,1,15W,default,inference,128,64,10.701248,10.410784983725136,9.69024,10.622272,1.0279002031766995,6.780532130378332,3.6373870126831576,0.0,54.062,0.08238338414140679,68.29733972409292,0.021066421876648034,6.555518020999443,3242.0,trt-int8,493.6562175582551,ina3221,493.622,1
mobilenet_v3_large,INT8,1,15W,default,inference,128,64,10.543296,10.40964611599297,9.69024,10.543296,1.012839042030612,9.768291217892196,3.281167977617572,0.0,54.343,0.08264975414397782,68.30348957916557,0.021113907134208833,6.565242545000729,3235.0,trt-int8,492.1420823813154,ina3221,492.217,2
mobilenet_v3_large,INT8,1,25W,default,inference,128,64,12.142592,11.940418344322346,10.740736,12.142592,1.016931873729013,9.82572900404979,3.2895031914485893,0.0,55.25,0.19206991882952815,78.50647233901591,0.01736100670920299,6.574199288999807,4522.0,trt-int8,687.5617819382095,ina3221,687.489,0
mobilenet_v3_large,INT8,1,25W,default,inference,128,64,12.103168,11.872953489655174,10.8177376,12.103168,1.0193898266800598,11.02278212846198,3.598127366398006,0.0,55.593,0.13511073738134488,78.01988964181047,0.017253403282134115,6.575934828000754,4522.0,trt-int8,687.637697899883,ina3221,687.599,1
mobilenet_v3_large,INT8,1,25W,default,inference,128,64,12.103168,11.857845217391304,10.7229664,12.063744,1.0206886477358377,10.798964696370522,3.4068674607564895,0.0,55.937,0.13170968195945212,77.97622259993888,0.017289628070939884,6.573915000999477,4510.0,trt-int8,685.512141859079,ina3221,685.571,2
mobilenet_v3_large,INT8,1,MAXN,default,inference,128,64,13.14624,12.916317144981413,11.63008,13.14624,1.017800960787644,13.073422352097127,3.2589852650955398,0.0,56.531,0.19858060929832702,84.35597373958149,0.017588818544533254,6.53029023199997,4796.0,trt-int8,733.4681415253319,ina3221,733.509,0
mobilenet_v3_large,INT8,1,MAXN,default,inference,128,64,13.106879999999999,12.892451543441226,11.7601792,13.106879999999999,1.0166320932707216,11.24164801987198,3.743310252862807,0.0,56.937,0.13223933267442134,84.23982083652062,0.017455412523108293,6.540747242001089,4826.0,trt-int8,737.6627897336252,ina3221,737.627,1
mobilenet_v3_large,INT8,1,MAXN,default,inference,128,64,13.1856,12.953664320000003,11.7463808,13.1856,1.0179050247304848,13.053099600240094,3.7621340779947485,0.0,57.312,0.13355816640874552,84.65954392017821,0.01753148559125662,6.533728522999809,4829.0,trt-int8,737.8551827370794,ina3221,737.931,2
mobilenet_v3_large,INT8,2,15W,default,inference,128,64,10.402175999999999,10.23832580035026,9.452928,10.402175999999999,1.0160036125871412,6.643533892886453,3.64598517353025,0.0,53.5,0.10598194753688624,67.30699502180772,0.027371693786827054,6.56982837599935,2459.0,trt-int8,373.81348744939373,ina3221,373.887,0
mobilenet_v3_large,INT8,2,15W,default,inference,128,64,10.441728,10.292178401446652,9.492479999999999,10.441728,1.0145304125832415,7.420012835396747,3.322727828553585,0.0,53.812,0.07774857104754732,67.75838216680711,0.0274325433873713,6.581567557999733,2470.0,trt-int8,374.82551439810254,ina3221,374.79,1
mobilenet_v3_large,INT8,2,15W,default,inference,128,64,10.441728,10.302601531914892,9.492479999999999,10.441728,1.0135040132974307,9.939575630238883,3.6807612015519555,0.0,54.093,0.08102427698376424,67.9119878603618,0.027483604961700447,6.59373785400021,2471.0,trt-int8,374.67139582455445,ina3221,374.681,2
mobilenet_v3_large,INT8,2,25W,default,inference,128,64,12.02432,11.714331846435101,10.469408,11.984896,1.0264622991416479,9.825965299266773,3.5990800705144697,0.0,55.031,0.19258275418049156,77.1369473273846,0.022508592742160667,6.580230533998474,3427.0,trt-int8,520.4102591637568,ina3221,520.452,0
mobilenet_v3_large,INT8,2,25W,default,inference,128,64,11.984896,11.770060962025315,10.661760000000001,11.984896,1.0182526699451961,10.947279162893041,3.466962490437541,0.0,55.406,0.14662371234763316,77.5227263803067,0.022607969198106356,6.58434669000053,3429.0,trt-int8,520.6353415256789,ina3221,520.678,1
mobilenet_v3_large,INT8,2,25W,default,inference,128,64,12.063744,11.827305074626867,10.819711999999999,12.02432,1.019990938246817,11.01241136537213,3.6310392590662754,0.0,55.75,0.14397739206912316,77.77476660378822,0.02267485906815983,6.577172649000204,3430.0,trt-int8,520.8119802478828,ina3221,520.848,2
mobilenet_v3_large,INT8,2,MAXN,default,inference,128,64,12.949440000000001,12.708197980327867,11.45152,12.91008,1.0189831807818523,11.177474636832502,3.757325726010654,0.0,56.375,0.20285704123125806,83.3943435962018,0.022496450929647097,6.560965540000325,3707.0,trt-int8,564.890077949183,ina3221,564.938,0
mobilenet_v3_large,INT8,2,MAXN,default,inference,128,64,13.02816,12.79504226262626,11.5768576,13.02816,1.0182193800214843,10.900479490904974,3.759426277392892,0.0,56.812,0.16312105639141658,83.803414044017,0.022619005140085562,6.546278333000373,3705.0,trt-int8,565.1048677609837,ina3221,565.118,1
mobilenet_v3_large,INT8,2,MAXN,default,inference,128,64,12.91008,12.694325295774648,11.565030400000001,12.91008,1.0169961537299794,10.139641253906849,3.716400842684425,0.0,57.125,0.15230609485296404,83.20092375114115,0.02251107244349057,6.549095026000941,3696.0,trt-int8,563.8141559513039,ina3221,563.748,2
mobilenet_v3_large,INT8,4,15W,default,inference,128,64,11.05664,10.872997808219177,9.927552,11.05664,1.0168897478892163,10.909434490600491,3.695011073487595,0.0,53.906,0.14268605579669436,71.5723675058177,0.039499099065020804,6.57839619600054,1812.0,trt-int8,275.24275842813347,ina3221,275.249,0
mobilenet_v3_large,INT8,4,15W,default,inference,128,64,11.05664,10.880696729776247,10.006656000000001,11.05664,1.016170220951225,9.739504591175656,3.6965743088630973,0.0,54.343,0.13840277936639941,71.47194278374192,0.039509089432693156,6.564922080000542,1809.0,trt-int8,275.092486489289,ina3221,275.103,1
mobilenet_v3_large,INT8,4,15W,default,inference,128,64,11.05664,10.897099949730698,9.998745600000001,11.05664,1.0146405971318309,7.390057501896778,3.6727103354207324,0.0,54.625,0.12374341312894878,71.75190166706383,0.03966384835105795,6.578616710999995,1809.0,trt-int8,274.9291192380241,ina3221,274.991,2
mobilenet_v3_large,INT8,4,25W,default,inference,128,64,12.949440000000001,12.602916785585586,11.0842816,12.91008,1.0274954774604832,13.985986696358639,3.6336509749450703,0.0,55.687,0.23775728031055615,83.04096292143468,0.03282251498870936,6.58201666199966,2530.0,trt-int8,384.00372424244966,ina3221,383.939,0
mobilenet_v3_large,INT8,4,25W,default,inference,128,64,12.75264,12.521974162748641,11.1593088,12.75264,1.0184208842993432,10.962470463010517,5.2909191803601345,0.0,56.125,0.17428360056920655,82.45015185021748,0.0326923679025446,6.5807271680005215,2522.0,trt-int8,383.0264933230827,ina3221,383.019,1
mobilenet_v3_large,INT8,4,25W,default,inference,128,64,12.792,12.54347538517179,11.135616,12.792,1.0198130587573841,10.98159112869659,3.6416428948979047,0.0,56.468,0.162029734515733,82.51124451903851,0.03266478405345943,6.572606637999343,2526.0,trt-int8,383.71520706184987,ina3221,383.687,2
mobilenet_v3_large,INT8,4,MAXN,default,inference,128,64,13.910784,13.650144705882353,12.2273536,13.910784,1.0190942513602312,13.094776187951371,5.618220876360037,0.0,57.281,0.23837542737810236,89.52290460676215,0.0329249373323877,6.554069150999567,2719.0,trt-int8,414.75638055200017,ina3221,414.696,0
mobilenet_v3_large,INT8,4,MAXN,default,inference,128,64,13.910784,13.623338897297298,12.1307648,13.871488,1.021099460629268,15.12471549997792,4.215218634713376,0.0,57.593,0.19071699937342132,89.35216386752052,0.03282592353692892,6.548872892999498,2722.0,trt-int8,414.9846243684464,ina3221,414.994,1
mobilenet_v3_large,INT8,4,MAXN,default,inference,128,64,13.910784,13.667125407665505,12.300288,13.910784,1.0178280790631973,13.076607457912688,3.76493854004025,0.0,58.031,0.1835902504416265,89.62993356598878,0.032927969715646134,6.550555736001115,2722.0,trt-int8,415.3048007381721,ina3221,415.351,2
mobilenet_v3_large,INT8,8,15W,default,inference,128,64,12.182015999999999,11.953198276923079,10.6301696,12.182015999999999,1.0191428032712113,10.969432093380297,3.697111832411885,0.0,54.343,0.18352713336775422,78.60244088672124,0.06432278304969005,6.5762861399998656,1222.0,trt-int8,185.6692506499683,ina3221,185.714,0
mobilenet_v3_large,INT8,8,15W,default,inference,128,64,12.221440000000001,11.9657938630137,10.7861472,12.182015999999999,1.0213647451989378,11.02920606052788,3.6920010358898225,0.0,54.781,0.15693863840049452,78.76169166815022,0.06424281539000834,6.577603556001122,1226.0,trt-int8,186.37161471190635,ina3221,186.335,1
mobilenet_v3_large,INT8,8,15W,default,inference,128,64,12.182015999999999,11.955375207339449,10.740736,12.182015999999999,1.0189572295917082,13.015328683179085,3.2827676466504148,0.0,55.125,0.14230799070090028,78.72088919815765,0.06431445195927912,6.584378466999624,1224.0,trt-int8,185.79690987331523,ina3221,185.824,2
mobilenet_v3_large,INT8,8,25W,default,inference,128,64,14.500224,14.158725779264213,12.2549504,14.460928,1.0241192764136953,14.649297547861952,7.168063186037736,0.0,56.531,0.28902961890463136,93.13042096760579,0.05424019858334641,6.576641137999104,1717.0,trt-int8,260.6644148839477,ina3221,260.602,0
mobilenet_v3_large,INT8,8,25W,default,inference,128,64,14.500224,14.130965088524588,12.2174976,14.460928,1.0261311884334976,14.452250614266363,7.18961391975212,0.0,57.156,0.23583391945937537,93.221230894645,0.053916270037388664,6.59749480499886,1729.0,trt-int8,261.9106897215257,ina3221,261.961,1
mobilenet_v3_large,INT8,8,25W,default,inference,128,64,14.500224,14.156794315789472,12.314086399999999,14.500224,1.0242590007702161,14.607021575437486,7.1364930463984315,0.0,57.656,0.2193768831842396,93.21140093423696,0.053973017333084516,6.584989601000416,1727.0,trt-int8,262.04089560731296,ina3221,262.097,2
mobilenet_v3_large,INT8,8,MAXN,default,inference,128,64,15.823872,15.46238813090909,13.429622400000001,15.823872,1.0233782689989723,19.439876340305613,7.435066587555967,0.0,58.625,0.30158674310486316,101.4462535269545,0.054220338603396305,6.549901947999388,1871.0,trt-int8,285.43554314098503,ina3221,285.393,0
mobilenet_v3_large,INT8,8,MAXN,default,inference,128,64,15.902208,15.521792232304902,13.517824000000001,15.863040000000002,1.0245084950243923,18.753286916702447,6.846814487349189,0.0,59.062,0.23273339444938776,101.8181227265509,0.05441909285224527,6.555481080999016,1871.0,trt-int8,285.07393221789187,ina3221,285.001,1
mobilenet_v3_large,INT8,8,MAXN,default,inference,128,64,15.863040000000002,15.527312466552317,13.6396416,15.863040000000002,1.0216217413136293,19.529009654432162,6.544619901181533,0.0,59.562,0.19405020319948893,101.75105024374594,0.05447058364226228,6.562159636998331,1868.0,trt-int8,284.5424782930174,ina3221,284.572,2
mobilenet_v3_large,INT8,16,15W,default,inference,128,64,13.34304,12.978483642987248,11.333056000000001,13.30368,1.028089287396046,13.01879406573905,6.543457267756746,0.0,54.656,0.2546114501835723,85.79712646376746,0.11720918915815226,6.61017341600018,732.0,trt-int8,110.64002820726948,ina3221,110.664,0
mobilenet_v3_large,INT8,16,15W,default,inference,128,64,13.30368,13.007175020109688,11.502854399999999,13.30368,1.0227954939817372,13.041398404824339,6.54598347032919,0.0,55.375,0.19512624734684056,85.86627647412095,0.11730365638541114,6.60072086099899,732.0,trt-int8,110.82919969727398,ina3221,110.783,1
mobilenet_v3_large,INT8,16,15W,default,inference,128,64,13.26432,12.970406400000002,11.500368,13.22496,1.0226603231183256,14.368058668407846,7.090986252839142,0.0,56.0,0.17990571036264372,85.7127495625611,0.11693417402805062,6.607258781999917,733.0,trt-int8,110.81092748324289,ina3221,110.782,2
mobilenet_v3_large,INT8,16,25W,default,inference,128,64,15.980544,15.534683966386554,13.134432,15.980544,1.0287009400756515,19.719537433825703,7.616119906354192,0.0,57.531,0.3646028644934099,102.7833321030781,0.09902055115903477,6.612218624999514,1038.0,trt-int8,156.94225636517692,ina3221,156.903,0
mobilenet_v3_large,INT8,16,25W,default,inference,128,64,16.019712,15.561315517117118,13.1856,15.980544,1.029457437732604,18.178739754853385,9.572082843543862,0.0,58.281,0.2789291002281674,103.02357269022909,0.09934770751227491,6.6160802809990855,1037.0,trt-int8,156.66458976959868,ina3221,156.687,1
mobilenet_v3_large,INT8,16,25W,default,inference,128,64,16.019712,15.572389497287524,13.154112,16.019712,1.0287253605357347,18.163765197355115,9.44902374682583,0.0,58.781,0.2542686008121796,102.99132415604154,0.09922092885938491,6.613530979000643,1038.0,trt-int8,156.86467820377305,ina3221,156.861,2
mobilenet_v3_large,INT8,16,MAXN,default,inference,128,64,17.596799999999998,17.098083758007117,14.462892799999999,17.596799999999998,1.0291679611032043,21.69108235769526,8.964700822350565,0.0,59.875,0.33758149213214605,112.6083767009822,0.10054319348301982,6.572002172999419,1120.0,trt-int8,170.25723758777366,ina3221,170.324,0
mobilenet_v3_large,INT8,16,MAXN,default,inference,128,64,17.635904,17.20522972954925,14.943468800000002,17.596799999999998,1.0250315908139889,22.852684801610092,6.547770868410781,0.0,60.468,0.25042127525667446,112.78886838377717,0.10097481502576292,6.567995901999893,1117.0,trt-int8,169.9984179995611,ina3221,170.058,1
mobilenet_v3_large,INT8,16,MAXN,default,inference,128,64,17.60704,17.11242094493783,14.5589952,17.568,1.028904095840892,19.598718446879463,8.317952670292556,0.0,60.968,0.24306996846555,112.5828754311214,0.10061025507696282,6.567063570000755,1119.0,trt-int8,170.1423677727098,ina3221,170.079,2
mobilenet_v3_large,INT4,1,15W,default,inference,128,64,10.819711999999999,10.61533808219178,9.6170688,10.819711999999999,1.0192526998410985,9.702749284132926,3.555001391687922,0.0,53.062,0.11759590213540845,69.63270083006697,0.021828432862089957,6.565680723999321,3190.0,trt-int4,485.28923556841045,ina3221,485.214,0
mobilenet_v3_large,INT4,1,15W,default,inference,128,64,10.701248,10.547737789279115,9.808896,10.701248,1.014553851620858,8.422630654887248,3.257947349745321,0.0,53.468,0.09273796830525423,69.32563492127,0.021664260912896874,6.571962617999816,3200.0,trt-int4,486.464970798173,ina3221,486.416,1
mobilenet_v3_large,INT4,1,15W,default,inference,128,64,10.701248,10.543218705882353,9.808896,10.661760000000001,1.0149887144074397,6.663682341219215,3.265137780707362,0.0,53.781,0.09990686465293727,69.28419292416615,0.0216445463680619,6.5712361940004484,3201.0,trt-int4,486.5053545982298,ina3221,486.502,2
mobilenet_v3_large,INT4,1,25W,default,inference,128,64,12.379136,12.164342826666667,10.857225600000001,12.379136,1.017657606037086,9.79440705450194,3.6321190549509823,0.0,54.875,0.21204847442965538,80.2857099028488,0.018086440617897905,6.599800138001228,4439.0,trt-int4,672.555368448316,ina3221,672.587,0
mobilenet_v3_large,INT4,1,25W,default,inference,128,64,12.41856,11.936282035842293,10.9322528,12.379136,1.0404043707001494,9.850085024019128,3.592758503339291,0.0,55.187,0.1444204026471684,78.53360702068814,0.018846557960328327,6.575474351999219,4167.0,trt-int4,633.2581927024287,ina3221,633.334,1
mobilenet_v3_large,INT4,1,25W,default,inference,128,64,12.063744,11.855515090573014,10.898688,12.02432,1.0175638854858833,9.834307156048292,3.2557448835135436,0.0,55.562,0.13633775111756183,78.03938133964252,0.018950796828470742,6.582135197999378,4118.0,trt-int4,625.5273724173162,ina3221,625.551,2
mobilenet_v3_large,INT4,1,MAXN,default,inference,128,64,13.42176,13.2134991827957,11.945472,13.42176,1.0157612161868117,14.631834276673462,3.716600761606989,0.0,56.375,0.20820428086772824,86.41728488664972,0.018082712886932355,6.539575163000336,4779.0,trt-int4,729.8788120186118,ina3221,729.912,0
mobilenet_v3_large,INT4,1,MAXN,default,inference,128,64,13.461120000000001,13.227600617543862,11.9632128,13.461120000000001,1.017653948679583,13.023823405150154,3.7533643726332806,0.0,56.937,0.1527471562706176,86.62073572422518,0.01814426806121181,6.540933911999673,4774.0,trt-int4,729.3114668289704,ina3221,729.288,1
mobilenet_v3_large,INT4,1,MAXN,default,inference,128,64,13.461120000000001,13.202759314285714,12.0124928,13.42176,1.0195686886024449,13.101092939057613,3.750276002318406,0.0,57.281,0.17798871660051732,86.46884303927072,0.018082150363711986,6.546263616999568,4782.0,trt-int4,729.8874000113038,ina3221,729.944,2
mobilenet_v3_large,INT4,2,15W,default,inference,128,64,11.906048,11.498945045751634,10.265721600000001,11.827200000000001,1.0354035046370427,10.836402826188534,3.689875182728489,0.0,53.437,0.18571219948842133,75.797378558431,0.0321311481807677,6.59248354599913,2359.0,trt-int4,357.28041134525444,ina3221,357.339,0
mobilenet_v3_large,INT4,2,15W,default,inference,128,64,11.669504000000002,11.44657222857143,10.281542400000001,11.669504000000002,1.0194758541663782,11.081207183238947,3.657536217592741,0.0,53.906,0.14466303369264275,75.4097292584741,0.032102907304586675,6.580515362000369,2349.0,trt-int4,356.56817541438147,ina3221,356.598,1
mobilenet_v3_large,INT4,2,15W,default,inference,128,64,11.669504000000002,11.459722763110307,10.283520000000001,11.669504000000002,1.0183059609055287,9.823426430225316,3.6869919241342215,0.0,54.343,0.14755247538144525,75.54707596058574,0.03210670461563355,6.584974859000795,2353.0,trt-int4,357.0618352577871,ina3221,357.09,2
mobilenet_v3_large,INT4,2,25W,default,inference,128,64,13.792896,13.456495450271248,11.5147008,13.792896,1.0249991203855362,14.565556197629222,6.624953975104879,0.0,55.593,0.3104202760494062,88.73829617098647,0.026931197623971614,6.59187311200003,3295.0,trt-int4,499.4452186762381,ina3221,499.375,0
mobilenet_v3_large,INT4,2,25W,default,inference,128,64,13.7536,13.456766886956522,11.787776,13.7536,1.0220582785996832,13.085410897338656,6.5230464127659955,0.0,56.281,0.23286329259457791,88.53770347596168,0.026821479392899628,6.584933128999182,3301.0,trt-int4,500.43440814444347,ina3221,500.433,1
mobilenet_v3_large,INT4,2,25W,default,inference,128,64,13.792896,13.424282275979559,11.523635200000001,13.7536,1.0274587286264094,14.708435534452656,6.559831015385205,0.0,56.812,0.24325801664093458,88.74380721655349,0.026762306156982357,6.610456429998521,3316.0,trt-int4,501.36667740652564,ina3221,501.395,2
mobilenet_v3_large,INT4,2,MAXN,default,inference,128,64,15.10432,14.746123509243699,12.701472,15.10432,1.0242908918083973,16.369830188645775,7.4035853880514555,0.0,57.656,0.29770284174451267,96.98112584178332,0.027051917947498835,6.571700190001138,3585.0,trt-int4,545.4811186222818,ina3221,545.499,0
mobilenet_v3_large,INT4,2,MAXN,default,inference,128,64,15.10432,14.740224115942029,12.83136,15.065088,1.0247008377344948,17.316229445309148,6.611308956766072,0.0,58.156,0.24072139113161514,96.78780449639653,0.02717232018427752,6.562836986000548,3562.0,trt-int4,542.640155265956,ina3221,542.599,1
mobilenet_v3_large,INT4,2,MAXN,default,inference,128,64,15.10432,14.763501614545454,12.888432,15.10432,1.0230851998633415,16.333034295346824,7.4152962560716915,0.0,58.687,0.22648574428735305,96.95810614433675,0.02731214257586951,6.5584045899995544,3550.0,trt-int4,541.0999858550738,ina3221,541.057,2
mobilenet_v3_large,INT4,4,15W,default,inference,128,64,13.06752,12.569606786106032,10.819711999999999,12.91008,1.0396124733547227,13.085317270617896,6.303842609920411,0.0,54.156,0.25222077182391356,82.79115385445718,0.053760489515881284,6.585984393999752,1540.0,trt-int4,233.66080016480586,ina3221,233.701,0
mobilenet_v3_large,INT4,4,15W,default,inference,128,64,12.91008,12.622416028419185,11.175104,12.906144,1.0227899295137433,11.108703499904847,6.514123404472925,0.0,54.75,0.19985797882276224,83.21085387637007,0.05396294025704933,6.594000620998486,1542.0,trt-int4,233.71221366051242,ina3221,233.732,1
mobilenet_v3_large,INT4,4,15W,default,inference,128,64,12.949440000000001,12.67181725573192,11.186950399999999,12.949440000000001,1.021908676448321,14.507375628403901,6.358564188156563,0.0,55.281,0.1943975435443274,83.40304323304,0.0543342301192443,6.584998813999846,1535.0,trt-int4,232.76041946520374,ina3221,232.72,2
mobilenet_v3_large,INT4,4,25W,default,inference,128,64,15.535872,15.084811914332786,12.658176,15.49664,1.0299016048876712,18.05445262582725,7.277050767996258,0.0,56.937,0.3637411637130046,99.4392182341698,0.045426778544618455,6.592876351000086,2189.0,trt-int4,331.68075922934355,ina3221,331.639,0
mobilenet_v3_large,INT4,4,25W,default,inference,128,64,15.49664,15.065783482014389,12.6936,15.49664,1.028598347938557,17.545660182293446,7.23924177268135,0.0,57.562,0.26840052580078133,99.55299295639607,0.04568746808462417,6.608850906000953,2179.0,trt-int4,329.6264824942367,ina3221,329.632,1
mobilenet_v3_large,INT4,4,25W,default,inference,128,64,15.614336,15.147007180987202,12.697536000000001,15.575104,1.030852881590985,17.402174419051423,7.735522350934593,0.0,58.25,0.27638720373390985,99.82502564966457,0.04577030061882832,6.5897961210012,2181.0,trt-int4,330.6501137246525,ina3221,330.696,2
mobilenet_v3_large,INT4,4,MAXN,default,inference,128,64,17.049344,16.608353523809527,14.126911999999999,17.049344,1.026552329558633,19.574591147087276,8.01265529025671,0.0,59.25,0.3555741450756367,108.86068504343714,0.046166533097301586,6.553401663000841,2358.0,trt-int4,359.4367091180434,ina3221,359.472,0
mobilenet_v3_large,INT4,4,MAXN,default,inference,128,64,17.049344,16.6369376293578,14.303744,17.049344,1.0247885987090835,22.583896389472134,9.122962909394166,0.0,59.812,0.26053053853421715,109.086990760351,0.04612557748852051,6.556338774000324,2365.0,trt-int4,360.56296533505065,ina3221,360.502,1
mobilenet_v3_large,INT4,4,MAXN,default,inference,128,64,17.127552,16.741100893964113,14.4938752,17.127552,1.0230839721045597,22.39140656850686,7.6917894984828115,0.0,60.468,0.26420105716735715,109.58136973283348,0.046315033699422435,6.559335854000892,2366.0,trt-int4,360.4379422029567,ina3221,360.48,2
mobilenet_v3_large,INT4,8,15W,default,inference,128,64,14.14656,13.723901614262559,11.5620864,14.107263999999999,1.0307972468483884,14.796231810765372,7.321610881083249,0.0,54.812,0.32398292373247384,90.6472180664706,0.09994180602697972,6.606149932000335,907.0,trt-int4,137.11443302762817,ina3221,137.172,0
mobilenet_v3_large,INT4,8,15W,default,inference,128,64,14.14656,13.743636851612903,11.669504000000002,14.107263999999999,1.0293170688906708,17.508817355065876,7.3657541241511995,0.0,55.531,0.26030103455841475,91.13917785061275,0.10015294269298104,6.632826473000023,910.0,trt-int4,137.1529921366273,ina3221,137.214,1
mobilenet_v3_large,INT4,8,15W,default,inference,128,64,13.989376,13.622120707105719,11.740467200000001,13.95008,1.026960214256706,16.33343309463597,7.218391447664016,0.0,56.187,0.2294361351938872,90.16559673965766,0.0998511591801303,6.611106651000227,903.0,trt-int4,136.53455994217336,ina3221,136.495,2
mobilenet_v3_large,INT4,8,25W,default,inference,128,64,17.244864,16.64453540471869,13.4808,17.205759999999998,1.0360676090190608,21.75898434235024,9.795242177069072,0.0,58.062,0.4447029669345058,109.99006958608632,0.08486888085346167,6.606019188000573,1296.0,trt-int4,195.90008896539578,ina3221,195.878,0
mobilenet_v3_large,INT4,8,25W,default,inference,128,64,17.323072,16.70601027964602,13.572838400000002,17.283968,1.036936510275334,22.863409937026354,10.81190751431908,0.0,58.781,0.3386831230747917,110.66404367903947,0.08512618744541497,6.614798696000435,1300.0,trt-int4,196.3847404720725,ina3221,196.379,1
mobilenet_v3_large,INT4,8,25W,default,inference,128,64,17.323072,16.7822596302521,13.8989952,17.323072,1.0322252415147373,21.736797980869017,9.78777146801746,0.0,59.468,0.30293892587984306,110.87177468310516,0.08522042635134909,6.612774867999178,1301.0,trt-int4,196.5902640551689,ina3221,196.545,2
mobilenet_v3_large,INT4,8,MAXN,default,inference,128,64,19.137216,18.513869697841727,15.15336,19.137216,1.0336691524965707,25.313437658424146,11.164658919851961,0.0,60.75,0.4181189584695279,121.99350731311424,0.08652021795256329,6.576278770000499,1410.0,trt-int4,214.21119567999543,ina3221,214.165,0
mobilenet_v3_large,INT4,8,MAXN,default,inference,128,64,19.09824,18.53583060869565,15.3753984,19.09824,1.030341742065797,26.24043625612554,10.913262692620945,0.0,61.406,0.32501287239145066,121.91450371812502,0.08701963149045326,6.5727381960005005,1401.0,trt-int4,212.90702494606984,ina3221,212.869,1
mobilenet_v3_large,INT4,8,MAXN,default,inference,128,64,19.09824,18.527037604278075,15.353856,19.09824,1.0308307462813175,25.550872913255212,12.571879011386805,0.0,62.093,0.33120393164228046,122.02494237201287,0.08678872145946862,6.590475259999948,1406.0,trt-int4,213.1424619200668,ina3221,213.17,2
mobilenet_v3_large,INT4,16,15W,default,inference,128,64,14.947392,14.46144095049505,12.191872,14.868928,1.0336032246833824,18.012976533993537,7.371848782248232,0.0,55.375,0.3093678947627957,95.6975179590699,0.19216369068086325,6.619812554999953,498.0,trt-int4,75.17495098391498,ina3221,75.214,0
mobilenet_v3_large,INT4,16,15W,default,inference,128,64,14.829696,14.423263279029461,12.260864,14.829696,1.0281789712291716,18.461827575907364,7.390729919576936,0.0,56.093,0.2663386111053741,95.627001167359,0.191637276888495,6.620253010001761,499.0,trt-int4,75.33512171032058,ina3221,75.2607,1
mobilenet_v3_large,INT4,16,15W,default,inference,128,64,14.986623999999999,14.3936028542024,12.221440000000001,14.829696,1.0412003271039576,18.189720979669076,7.359351984058886,0.0,56.718,0.24714272137512716,95.70828442404424,0.1918001691864614,6.640605050000886,499.0,trt-int4,75.14177588770758,ina3221,75.2164,2
mobilenet_v3_large,INT4,16,25W,default,inference,128,64,18.38784,17.749971035897435,14.2330112,18.3488,1.0359363383079636,24.91259639745008,9.812041580432522,0.0,58.781,0.46956333360437436,117.34503628218981,0.16366113846888397,6.623446747998969,717.0,trt-int4,108.08431472879099,ina3221,108.062,0
mobilenet_v3_large,INT4,16,25W,default,inference,128,64,18.3488,17.70552782733813,14.126911999999999,18.3488,1.0363317139672408,24.977705315039707,10.930603618029892,0.0,59.656,0.37206774321687086,117.64962404812417,0.16385741510880802,6.634093594999285,718.0,trt-int4,108.05405369962186,ina3221,108.048,1
mobilenet_v3_large,INT4,16,25W,default,inference,128,64,18.38784,17.794302278991594,14.4923008,18.38784,1.0333554927696802,24.563479734207966,10.928540614272674,0.0,60.281,0.3294156172824904,117.99149991487914,0.16456276138755807,6.630337517999578,717.0,trt-int4,108.13339380342008,ina3221,108.195,2
mobilenet_v3_large,INT4,16,MAXN,default,inference,128,64,19.961856,19.28882959139785,15.7396608,19.922944,1.0348920293692832,25.8216100487977,11.268308311737387,0.0,61.406,0.43606796318387614,127.3831623966762,0.1698442165289016,6.5949943009982235,750.0,trt-int4,113.66105110944754,ina3221,113.65,0
mobilenet_v3_large,INT4,16,MAXN,default,inference,128,64,20.078592,19.40507347601476,16.143091199999997,20.000768,1.0347083727777546,26.01582386073326,12.639935730003387,0.0,62.125,0.33273803780314637,127.807258747185,0.17018276797228363,6.585441392999201,751.0,trt-int4,113.84005453088291,ina3221,113.899,1
mobilenet_v3_large,INT4,16,MAXN,default,inference,128,64,20.000768,19.38390288029466,15.9922944,19.961856,1.0318235766818888,26.138094959081965,12.935344650216363,0.0,62.687,0.31653880034697746,127.67760249386478,0.17023680332515304,6.5804616040004476,750.0,trt-int4,113.79218078671175,ina3221,113.726,2
