model,precision,batch_size,power_mode,schedule,mode,seq_len,gen_tokens,p_peak_w,p_avg_w,p_idle_w,p_p95_w,peak_to_avg,dpdt_max_w_per_s,dpdt_p95_w_per_s,transient_count,temp_max_c,thermal_ramp_c_per_s,energy_total_j,energy_per_inf_j,duration_s,n_inferences,backend,throughput_infps,trace_source,repeat,final_loss
resnet18,FP16,1,15W,default,inference,128,64,10.780224,10.049858253521124,8.677884800000001,10.740736,1.072674233611502,5.885643707763514,3.3572761652063274,0.0,52.0,0.2530981343730691,18.022897522209757,0.12015265014806505,1.7952774180000688,150.0,torch-cuda-FP16,83.27928230314528,ina3221,0,
resnet18,FP16,1,15W,default,inference,128,64,10.977664,10.404714830769231,9.650688,10.977664,1.055066302013047,4.351642830544547,3.0894655721157602,0.0,52.218,0.3152292269092215,17.581178074311822,0.11720785382874548,1.6893431180001244,150.0,torch-cuda-FP16,88.59359601214886,ina3221,1,
resnet18,FP16,1,15W,default,inference,128,64,11.017152,10.441566340740742,9.6388224,10.977664,1.0551244555152082,3.409575517635925,3.1080892968134255,0.0,52.25,0.20269409612404637,18.282897543801344,0.1218859836253423,1.7502497250000033,150.0,torch-cuda-FP16,85.12483263308336,ina3221,2,
resnet18,FP16,1,15W,default,train,128,64,9.967103999999999,9.328116693333333,9.190912,9.769343999999998,1.0685012128035813,6.0750329232933975,3.28022749143486,0.0,52.062,0.004675938091990245,72.16490105170895,0.48109934034472635,7.73653328599994,150.0,torch-cuda-FP16-train,19.3702611891663,ina3221,0,0.0
resnet18,FP16,1,15W,default,train,128,64,9.388992,9.22624340765391,9.11168,9.30976,1.0176397462277091,5.918735563556334,3.268550411788148,0.0,52.218,0.02082961371211716,71.69561523500596,0.4779707682333731,7.770541668000078,150.0,torch-cuda-FP16-train,19.28646588865735,ina3221,1,0.0
resnet18,FP16,1,15W,default,train,128,64,9.270144,9.161778805194805,9.11168,9.230528,1.011827964537165,5.988726844511504,3.2572966764133557,0.0,52.281,0.01320635759971649,72.65235056819486,0.48434900378796575,7.929775333999942,150.0,torch-cuda-FP16-train,18.900606660899648,ina3221,2,0.0
resnet18,FP16,1,25W,default,inference,128,64,10.006656000000001,9.450543768115942,8.122496,10.006656000000001,1.0588444692209416,6.217858856506132,3.2858917579065507,0.0,52.406,0.18586187988816524,16.93024104462888,0.11286827363085919,1.7905511769999976,150.0,torch-cuda-FP16,83.50224538650879,ina3221,0,
resnet18,FP16,1,25W,default,inference,128,64,10.08576,9.81363391044776,9.163180800000001,10.046208,1.0277293907675251,6.0204431551372215,3.0994373985278356,0.0,52.5,0.13028889816476003,17.067555408927607,0.11378370272618404,1.7387621640000361,150.0,torch-cuda-FP16,85.74496281212825,ina3221,1,
resnet18,FP16,1,25W,default,inference,128,64,10.046208,9.827180417910446,9.163180800000001,10.046208,1.0222879374118712,6.168638679030095,3.0937862531593203,0.0,52.593,0.0309639109718682,17.120269029389746,0.1141351268625983,1.7416331140000239,150.0,torch-cuda-FP16,85.66441859607333,ina3221,2,
resnet18,FP16,1,25W,default,train,128,64,9.270144,9.139912091954022,9.072064000000001,9.190912,1.0142487046632125,6.151076182079427,3.238681684781501,0.0,52.593,0.009045871137210459,71.91610186512604,0.47944067910084026,7.868285098000115,150.0,torch-cuda-FP16-train,19.043639079400858,ina3221,0,0.0
resnet18,FP16,1,25W,default,train,128,64,9.30976,9.151753610561055,9.11168,9.270144,1.0172651489717344,6.004019856125261,3.2297364812258214,0.0,52.593,0.016965453528269468,71.54841544658173,0.47698943631054486,7.817909462999978,150.0,torch-cuda-FP16-train,19.170521499518827,ina3221,1,0.0
resnet18,FP16,1,25W,default,train,128,64,9.270144,9.167011438016528,9.11168,9.270144,1.0112504018000643,8.724153480398334,3.243075766988828,0.12801564066831647,52.687,0.013931441933330683,71.6107838747438,0.47740522583162537,7.811545486000114,150.0,torch-cuda-FP16-train,19.18962622438629,ina3221,2,0.0
resnet18,FP16,1,MAXN,default,inference,128,64,11.767424,10.520337504273503,8.4302848,11.727936,1.1185405406642053,9.281818801663059,6.134604863932793,0.0,53.312,0.632955754042635,15.789485762182176,0.10526323841454784,1.5009034129998327,150.0,torch-cuda-FP16,99.54715996929242,ina3221,0,
resnet18,FP16,1,MAXN,default,inference,128,64,11.827200000000001,11.365409142857146,10.5821376,11.787776,1.0406312567667728,6.215068035835502,3.103525028034958,0.0,53.593,0.4458051049309861,16.255404924474032,0.10836936616316022,1.4295732539999335,150.0,torch-cuda-FP16,104.77849983350426,ina3221,1,
resnet18,FP16,1,MAXN,default,inference,128,64,11.787776,11.371411603603601,10.58016,11.748352,1.0366150141170207,6.44889052081848,3.110113886235161,0.0,53.718,0.44528880643542423,16.164289812566867,0.10776193208377911,1.4209508589999587,150.0,torch-cuda-FP16,104.89025060364396,ina3221,2,
resnet18,FP16,1,MAXN,default,train,128,64,10.323072,10.08004066802444,9.848448000000001,10.283520000000001,1.024110153915003,9.8012353805773,3.2791142986218613,0.0,53.343,0.008409664287335958,64.11297773213914,0.42741985154759427,6.359569251000039,150.0,torch-cuda-FP16-train,23.55611371519234,ina3221,0,0.0
resnet18,FP16,1,MAXN,default,train,128,64,10.046208,9.67019335793358,9.50784,9.967103999999999,1.0388838804094782,6.734237764067867,3.2797882798517866,0.0,53.406,-0.0022874325271137054,67.43089209474678,0.4495392806316452,6.973431464999976,150.0,torch-cuda-FP16-train,21.509640267148978,ina3221,1,0.0
resnet18,FP16,1,MAXN,default,train,128,64,9.69024,9.392330416107383,9.270144,9.611136,1.0317183883758727,9.580021244921872,3.282901450331958,0.0,53.25,-0.0026164076096387907,71.69984371284674,0.47799895808564496,7.633711325999911,150.0,torch-cuda-FP16-train,19.63784052908193,ina3221,2,0.0
resnet18,FP16,2,15W,default,inference,128,64,11.866624,10.842348307692307,8.7333472,11.827200000000001,1.0944699121666293,6.21241375409429,6.050297530457945,0.0,53.906,0.7967687818797717,18.166854018696323,0.12111236012464216,1.6749345420000736,150.0,torch-cuda-FP16,89.45582246600245,ina3221,0,
resnet18,FP16,2,15W,default,inference,128,64,11.945472,11.458508387096778,10.2499008,11.939558400000001,1.0424979933209793,6.080684839673822,3.088013456997527,0.0,54.062,0.3925353509526981,18.32741609562256,0.12218277397081706,1.5990490039998804,150.0,torch-cuda-FP16,93.32359969018093,ina3221,1,
resnet18,FP16,2,15W,default,inference,128,64,11.984896,11.508211096774192,10.3290048,11.945472,1.0414212860032979,6.309826655342226,3.0933870102287755,0.0,54.218,0.4261036772653651,18.40432581114617,0.12269550540764113,1.5986494950000179,150.0,torch-cuda-FP16,93.65771799680925,ina3221,2,
resnet18,FP16,2,15W,default,train,128,64,10.283520000000001,10.17064568770764,9.967103999999999,10.243968,1.0110980478288396,6.72872145197207,3.2708141856327786,0.0,53.75,0.012743541610470003,77.51619551795173,0.5167746367863448,7.621636715000022,150.0,torch-cuda-FP16-train,19.67564087158718,ina3221,0,3.868260682793334e-05
resnet18,FP16,2,15W,default,train,128,64,10.243968,10.109438726368158,9.927552,10.204415999999998,1.0133072940321557,6.5786409730180075,3.2698636731901867,0.0,53.843,0.04902947772693217,77.82041773271888,0.5188027848847926,7.697825415999887,150.0,torch-cuda-FP16-train,19.480748710742336,ina3221,1,3.391407153685577e-05
resnet18,FP16,2,15W,default,train,128,64,10.164864,9.954874105263158,9.888,10.08576,1.0210941788430874,6.4013797147733404,5.815575184435856,0.0,53.843,0.016191086334700493,78.22675453664723,0.5215116969109815,7.857839087000002,150.0,torch-cuda-FP16-train,19.06758969531127,ina3221,2,5.14957973791752e-05
resnet18,FP16,2,25W,default,inference,128,64,11.214592,10.184843678832117,8.197888,11.05664,1.1011059524956757,7.020888689097653,5.9557630142489035,0.0,54.156,0.4327545702646273,18.69389114413123,0.12462594096087486,1.8325059490000513,150.0,torch-cuda-FP16,81.24986661142196,ina3221,0,
resnet18,FP16,2,25W,default,inference,128,64,11.096128,10.752203067669173,9.8168064,11.05664,1.0319864617666101,6.2955258504191045,3.1449558978724887,0.0,54.281,0.1432731224000027,19.0612706339055,0.12707513755937,1.7716337749998274,150.0,torch-cuda-FP16,84.57705862103181,ina3221,1,
resnet18,FP16,2,25W,default,inference,128,64,11.293567999999999,10.782094387596898,9.7218816,11.238284799999999,1.0474373154246797,9.035920250288354,3.065839777282052,0.0,54.343,0.19255834854470422,18.36926418246923,0.12246176121646153,1.7029555609999534,150.0,torch-cuda-FP16,87.55518741362071,ina3221,2,
resnet18,FP16,2,25W,default,train,128,64,10.402175999999999,10.147108663316581,10.08576,10.362624,1.0251369473952248,6.656193999034577,3.2567642208432575,0.0,54.125,-0.015578223473602259,77.21188622874303,0.5147459081916201,7.60885069599999,150.0,torch-cuda-FP16-train,19.709139817467268,ina3221,0,4.720558717963286e-05
resnet18,FP16,2,25W,default,train,128,64,10.362624,10.149656822934233,10.08576,10.323072,1.0209826973247553,6.474380469518514,3.2480965665572334,0.0,54.156,0.0029139685113534985,76.76408024658767,0.5117605349772512,7.5626248890000625,150.0,torch-cuda-FP16-train,19.828394758352545,ina3221,1,4.756337511935271e-05
resnet18,FP16,2,25W,default,train,128,64,10.204415999999998,10.075134089552238,9.888,10.164864,1.0128317806292846,8.99803031581805,3.2841505438656498,0.0,54.281,0.028999544746505273,77.44683376896862,0.5163122251264575,7.686826281999856,150.0,torch-cuda-FP16-train,19.508749697845264,ina3221,2,4.0172388253267854e-05
resnet18,FP16,2,MAXN,default,inference,128,64,13.618559999999999,11.868949142857145,8.7194816,13.5792,1.1474107636728552,12.125468258303364,9.067443360310072,0.0,55.25,1.4350420272184536,17.048301883380727,0.11365534588920485,1.4342178700001114,150.0,torch-cuda-FP16,104.40796514750915,ina3221,0,
resnet18,FP16,2,MAXN,default,inference,128,64,13.871488,13.094707199999998,11.656857599999999,13.854719999999999,1.0593202114515399,8.983975644719337,5.9785636022104445,0.0,55.625,0.7310444734192563,17.716598846197527,0.11811065897465019,1.3520762010000453,150.0,torch-cuda-FP16,110.2952097318178,ina3221,1,
resnet18,FP16,2,MAXN,default,inference,128,64,13.989376,13.165750247619048,11.9218176,13.910784,1.062558208753041,6.798681996512566,5.4797995705671205,0.0,55.75,0.5752576581165711,17.732315042280902,0.11821543361520602,1.3463352790001863,150.0,torch-cuda-FP16,110.9557325661347,ina3221,2,
resnet18,FP16,2,MAXN,default,train,128,64,11.590656000000001,10.473122657807307,10.323072,11.175104,1.1067048843698604,6.847528656296127,3.3594781800938147,0.0,55.0,-0.0571167600689208,79.51383674449418,0.5300922449632945,7.592688841999916,150.0,torch-cuda-FP16-train,19.746532076715965,ina3221,0,3.5225639294367284e-05
resnet18,FP16,2,MAXN,default,train,128,64,10.520832,10.27064108429752,10.046208,10.441728,1.0243598148985062,6.719138988041235,5.8913060606066505,0.0,54.781,0.028379631076204042,78.97217698162541,0.5264811798775028,7.689816431000054,150.0,torch-cuda-FP16-train,19.501342279339337,ina3221,1,4.202039053780027e-05
resnet18,FP16,2,MAXN,default,train,128,64,10.48128,10.395277395348836,10.323072,10.441728,1.0082732380657435,6.92780393494691,3.307028665006963,0.0,54.875,0.012507707756307744,79.14020358103426,0.527601357206895,7.612827972999867,150.0,torch-cuda-FP16-train,19.686188232255446,ina3221,2,4.3748601456172764e-05
resnet18,FP16,4,15W,default,inference,128,64,13.854719999999999,12.611495638709679,9.5524608,13.81536,1.0985786616358468,9.16454664049385,6.2905217544175684,0.0,55.593,0.8954241622129923,24.85816726975516,0.16572111513170107,1.9714010730001519,150.0,torch-cuda-FP16,75.61081051551842,ina3221,0,
resnet18,FP16,4,15W,default,inference,128,64,13.81536,13.160582736842105,11.4732384,13.776,1.0497529080779147,6.704895619692231,3.2963517341655812,0.0,55.875,0.47590284415033507,25.475897709086087,0.16983931806057392,1.9356738259998565,150.0,torch-cuda-FP16,77.10042129566624,ina3221,1,
resnet18,FP16,4,15W,default,inference,128,64,13.776,13.159683240506332,11.4850848,13.776,1.0468337077899112,6.552251166471725,5.848970038300367,0.0,56.062,0.44507435282714675,25.54162445830533,0.17027749638870218,1.9428926120001506,150.0,torch-cuda-FP16,77.10777923667744,ina3221,2,
resnet18,FP16,4,15W,default,train,128,64,11.609472,11.503067212598424,11.412032,11.569984,1.0092501230702224,6.665455267020913,5.946144690491181,0.0,55.593,0.01198485988072123,92.77023006738301,0.61846820044922,8.064510312000039,150.0,torch-cuda-FP16-train,18.604933099350514,ina3221,0,0.0001474807213526219
resnet18,FP16,4,15W,default,train,128,64,11.945472,11.735930721649483,11.45152,11.866624,1.0178546792172156,6.689121842769752,3.199662632986834,0.0,55.843,0.04466004731276513,90.01228728327337,0.6000819152218224,7.668433562000018,150.0,torch-cuda-FP16-train,19.542560730318783,ina3221,1,0.00014822548837400973
resnet18,FP16,4,15W,default,train,128,64,12.063744,11.799906206896551,11.646985599999999,11.984896,1.0223593127332864,6.194781546079119,3.2310552106457173,0.0,56.0,0.02441846608919876,90.02876362876665,0.600191757525111,7.628909679000117,150.0,torch-cuda-FP16-train,19.640580223251508,ina3221,2,0.0001498943893238902
resnet18,FP16,4,25W,default,inference,128,64,15.614336,13.684174222222222,9.8009856,15.49664,1.1410506579668738,16.58876423264325,13.36767088288842,0.0,56.875,1.252296943260676,22.38145856789005,0.14920972378593367,1.6296465620000617,150.0,torch-cuda-FP16,91.59843530770739,ina3221,0,
resnet18,FP16,4,25W,default,inference,128,64,15.653568,14.654248818897642,12.2174976,15.575104,1.0681931358920063,9.271550070856103,6.1127620362289825,0.0,57.25,0.8686613187802272,24.142078973990923,0.1609471931599395,1.6472033149998424,150.0,torch-cuda-FP16,91.04092462357289,ina3221,1,
resnet18,FP16,4,25W,default,inference,128,64,15.575104,14.495557039370079,12.0598016,15.575104,1.0744743342872483,9.088204268183805,8.080217251049707,0.0,57.406,0.8808128425430852,23.871185882943884,0.1591412392196259,1.6463051440000527,150.0,torch-cuda-FP16,90.78546174325061,ina3221,2,
resnet18,FP16,4,25W,default,train,128,64,12.576255999999999,12.409211527454241,12.02432,12.497408,1.0134613284797498,9.974274111211965,6.274603944286776,0.0,56.812,0.022537189089251286,94.12483983043964,0.627498932202931,7.584986143999913,150.0,torch-cuda-FP16-train,19.75631421189761,ina3221,0,0.00017316624871455133
resnet18,FP16,4,25W,default,train,128,64,12.773376,12.45946654117647,12.3673088,12.615680000000001,1.0251944541755549,9.123719618984286,6.093304486871764,0.0,56.937,0.02864012196107677,93.9522349696975,0.6263482331313167,7.540072350999935,150.0,torch-cuda-FP16-train,19.88512443419987,ina3221,1,0.00014992387150414288
resnet18,FP16,4,25W,default,train,128,64,12.536832,12.299193844112768,11.866624,12.497408,1.0193214416244836,8.72320850515055,6.061208832600253,0.0,57.062,0.0656096027971699,93.81456382341881,0.6254304254894587,7.62763021700016,150.0,torch-cuda-FP16-train,19.65848422263681,ina3221,2,0.0001450664276489988
resnet18,FP16,4,MAXN,default,inference,128,64,17.79232,15.22821988990826,10.253055999999999,17.714112,1.168378190532366,20.430005541906638,16.48737423421457,0.0,58.218,1.7042371211441074,21.27539565385981,0.14183597102573206,1.3951249520000601,150.0,torch-cuda-FP16,106.73092205917622,ina3221,0,
resnet18,FP16,4,MAXN,default,inference,128,64,17.9584,16.895944971962617,14.4569984,17.91936,1.0628822495457009,12.586170394349582,8.97902138131659,0.0,58.593,0.999752980015429,23.179874454769294,0.15453249636512864,1.3706164669999907,150.0,torch-cuda-FP16,109.26116786841287,ina3221,1,
resnet18,FP16,4,MAXN,default,inference,128,64,17.997439999999997,16.83840299065421,14.398848,17.9584,1.0688329534569927,12.67594707107499,8.946249128613296,0.0,58.812,0.9636920994180549,23.091895663484543,0.15394597108989697,1.370205156999873,150.0,torch-cuda-FP16,108.83125118108033,ina3221,2,
resnet18,FP16,4,MAXN,default,train,128,64,14.067968,12.793652266666665,12.55584,13.714304,1.0996053126012744,8.45964485908503,6.111570907400531,0.0,57.968,-0.08807197527019499,96.47120895350422,0.6431413930233615,7.540890926999964,150.0,torch-cuda-FP16-train,19.876109522098748,ina3221,0,0.00015799938410054892
resnet18,FP16,4,MAXN,default,train,128,64,12.870719999999999,12.621681123745818,12.51648,12.75264,1.0197310385052947,9.956955225899248,6.035300556484522,0.0,57.718,0.014600127932099057,95.2820875289382,0.6352139168595881,7.548898000000008,150.0,torch-cuda-FP16-train,19.864396631347024,ina3221,1,0.00015838675608392805
resnet18,FP16,4,MAXN,default,train,128,64,12.792,12.629973794019934,12.55584,12.713280000000001,1.0128287048431392,7.1164133855544796,6.028363172999935,0.0,57.843,0.010714178766751627,95.45218605101209,0.6363479070067473,7.557309596999858,150.0,torch-cuda-FP16-train,19.842469019310744,ina3221,2,0.00015847577014937997
resnet18,FP16,8,15W,default,inference,128,64,13.50048,12.861969304721029,10.5343104,13.461120000000001,1.0496433073467686,9.85032108531131,6.139648362883424,0.0,57.562,0.39174870766352454,39.00626919339155,0.26004179462261034,3.0312572710004133,150.0,torch-cuda-FP16,49.27578185999241,ina3221,0,
resnet18,FP16,8,15W,default,inference,128,64,13.42176,13.079310832618026,11.8114304,13.42176,1.0261825085254457,6.603627019963228,3.2234376695205507,0.0,57.75,0.15175681399597252,39.659091967810326,0.2643939464520688,3.0312096019997625,150.0,torch-cuda-FP16,49.41104364877592,ina3221,1,
resnet18,FP16,8,15W,default,inference,128,64,13.461120000000001,13.090018609442062,11.7720064,13.42176,1.0283499513354593,6.933931925253304,3.283857040175936,0.0,57.843,0.17128432008976657,39.613155278225726,0.26408770185483815,3.0250867909999215,150.0,torch-cuda-FP16,49.38949677607847,ina3221,2,
resnet18,FP16,8,15W,default,train,128,64,12.9888,12.869627616438354,12.75264,12.949440000000001,1.009259971392601,6.4517638840871285,3.251514161930029,0.0,57.875,0.025300472267800075,129.84550694058504,0.8656367129372335,10.088963074000276,150.0,torch-cuda-FP16-train,14.856067284775689,ina3221,0,0.00045105890603736043
resnet18,FP16,8,15W,default,train,128,64,12.9888,12.864420014906832,12.83136,12.949440000000001,1.0096685264434029,6.7500585871289704,3.2815121767809576,0.0,57.906,0.021041437491506422,130.0587843144126,0.867058562096084,10.10978138900009,150.0,torch-cuda-FP16-train,14.826682700823977,ina3221,1,0.00042286436655558646
resnet18,FP16,8,15W,default,train,128,64,13.02816,12.866156601242233,12.792,12.9888,1.0125914368819453,6.399652441598234,3.267283813613151,0.0,58.031,0.02262208284525151,130.52332883779656,0.8701555255853104,10.144321146000038,150.0,torch-cuda-FP16-train,14.78962926227271,ina3221,2,0.00036099267890676856
resnet18,FP16,8,25W,default,inference,128,64,17.98784,16.28868033939394,11.3619968,17.98784,1.104315366573722,21.55405563278861,14.521064309477534,0.0,59.406,1.052649661681862,34.61099772796494,0.23073998485309963,2.1222592109998004,150.0,torch-cuda-FP16,70.58780326355085,ina3221,0,
resnet18,FP16,8,25W,default,inference,128,64,18.11456,17.11285385365854,14.2880256,18.07552,1.0585353065542196,14.7558610198725,8.955127219011267,0.0,59.781,0.5769989610145674,36.10958767269567,0.24073058448463777,2.1091497520001212,150.0,torch-cuda-FP16,70.98856127144103,ina3221,1,
resnet18,FP16,8,25W,default,inference,128,64,18.19264,17.13353248780488,14.2880256,18.144256000000002,1.0618148950281536,11.77847704816594,9.00354274023932,0.0,60.0,0.5524265398797793,36.113458394106004,0.24075638929404003,2.106677184000091,150.0,torch-cuda-FP16,70.82499836422407,ina3221,2,
resnet18,FP16,8,25W,default,train,128,64,15.980544,15.673505476923077,15.549695999999999,15.863040000000002,1.0195896523294672,12.219831550053867,8.817440722479,0.0,59.875,0.03880557380446741,128.69800435259447,0.8579866956839631,8.210713463000047,150.0,torch-cuda-FP16-train,18.26578228109844,ina3221,0,0.00044154206989333034
resnet18,FP16,8,25W,default,train,128,64,15.941376,15.684706461538461,15.457408,15.863040000000002,1.0163643189045926,11.918310824316716,8.8523960374463,0.0,60.187,0.057542691359800786,128.82996098790863,0.8588664065860576,8.213342855000064,150.0,torch-cuda-FP16-train,18.264270737714558,ina3221,1,0.0004680242855101824
resnet18,FP16,8,25W,default,train,128,64,16.372224,16.04354129836066,15.378943999999999,16.293888000000003,1.0204869171666562,9.317011752952062,7.913735705052623,0.0,60.562,0.09023885718423688,125.52851404686982,0.8368567603124655,7.823220072999902,150.0,torch-cuda-FP16-train,19.148931428611153,ina3221,2,0.0004537705681286752
resnet18,FP16,8,MAXN,default,inference,128,64,19.806207999999998,17.613752154838707,11.3409536,19.767295999999998,1.1244740942127427,25.20157011963568,16.78484988860652,0.0,61.375,1.3558311920615405,34.78086997464128,0.2318724664976085,1.9674338360000547,150.0,torch-cuda-FP16,75.77641917157521,ina3221,0,
resnet18,FP16,8,MAXN,default,inference,128,64,19.884031999999998,18.80829646451613,16.023628799999997,19.845119999999998,1.0571947351804751,13.213883003040415,8.74486811513571,0.0,61.687,0.6864774787195536,37.10199288250751,0.24734661921671675,1.9715745880002942,150.0,torch-cuda-FP16,75.70612560696499,ina3221,1,
resnet18,FP16,8,MAXN,default,inference,128,64,19.922944,18.940595032679735,16.207718399999997,19.884031999999998,1.0518647363308988,11.989856926480211,9.174070927265403,0.0,62.125,0.5670949930396207,37.22407785519523,0.24816051903463487,1.963382978000027,150.0,torch-cuda-FP16,76.30726601633056,ina3221,2,
resnet18,FP16,8,MAXN,default,train,128,64,16.971135999999998,16.64914294245723,16.501887999999997,16.892928,1.0193399178958122,12.833366753544627,9.044023546564214,0.0,61.531,0.025807173609531324,134.23977829676767,0.8949318553117844,8.06244034600013,150.0,torch-cuda-FP16-train,18.597277425907066,ina3221,0,0.0004539790388662368
resnet18,FP16,8,MAXN,default,train,128,64,17.010240000000003,16.709057516587677,16.528896,16.932032,1.0180251030384766,12.610898442754415,9.56189265745126,0.0,61.843,0.043943898164773475,133.20925273022073,0.8880616848681382,7.971700214999601,150.0,torch-cuda-FP16-train,18.802240280712006,ina3221,1,0.00043305280269123614
resnet18,FP16,8,MAXN,default,train,128,64,16.932032,16.648752524180967,16.489728,16.853824,1.0170150571586425,12.255768652442352,9.102294015083125,0.0,62.093,0.04000803402305803,133.6200070460588,0.8908000469737253,8.025382896999872,150.0,torch-cuda-FP16-train,18.670607001187573,ina3221,2,0.0004441170603968203
resnet18,FP16,16,15W,default,inference,128,64,14.303744,13.826995262899263,12.2332672,14.225152,1.034479561758436,8.693292422838503,3.4394601382996783,0.0,60.468,0.13928584235643907,70.86016853100199,0.47240112354001323,5.123424073000024,150.0,torch-cuda-FP16,29.258735010275647,ina3221,0,
resnet18,FP16,16,15W,default,inference,128,64,14.185856,13.924056959999998,12.984864,14.14656,1.018801922510952,6.525690214054832,3.2563677426454016,0.0,60.5,0.061594415233249024,71.23841081977423,0.4749227387984949,5.114120108999941,150.0,torch-cuda-FP16,29.29019046938828,ina3221,1,
resnet18,FP16,16,15W,default,inference,128,64,14.185856,13.914981386138615,12.9888,14.14656,1.0194664014521224,6.533350463444002,3.268549187188193,0.0,60.406,0.050018413888419384,71.1518496814353,0.47434566454290195,5.112245813999834,150.0,torch-cuda-FP16,29.306130591521267,ina3221,2,
resnet18,FP16,16,15W,default,train,128,64,13.832192,13.555399004497751,13.478528,13.714304,1.0204193912263597,9.548225756884955,3.282493940791142,0.0,60.281,-0.01626510674231421,223.64830271430853,1.4909886847620568,16.49886491199959,150.0,torch-cuda-FP16-train,9.087431005568027,ina3221,0,0.0011648009531199932
resnet18,FP16,16,15W,default,train,128,64,13.792896,13.554818062968515,13.478528,13.714304,1.0175640820795604,6.759435166621873,3.277451791172468,0.0,60.0,-0.011887104084628435,223.73161406288943,1.4915440937525963,16.506259482000132,150.0,torch-cuda-FP16-train,9.088010501905257,ina3221,1,0.0015865941531956196
resnet18,FP16,16,15W,default,train,128,64,13.792896,13.578603084337352,13.478528,13.714304,1.0157816613632245,9.762218175514905,3.2782724388531004,0.0,59.781,0.0017205559482232082,223.15123161669328,1.4876748774446218,16.43407181800012,150.0,torch-cuda-FP16-train,9.1282297420318,ina3221,2,0.0013649309985339642
resnet18,FP16,16,25W,default,inference,128,64,18.864383999999998,17.888240567375888,13.6042752,18.825408,1.0545690018505438,18.068926280687357,9.75188481193453,0.0,61.406,0.6389726145490331,64.83160265585184,0.4322106843723456,3.6226194389996635,150.0,torch-cuda-FP16,41.35733155286215,ina3221,0,
resnet18,FP16,16,25W,default,inference,128,64,18.90336,18.287493714285713,15.9746688,18.8663328,1.0336769103156649,12.234344198019944,6.455521156218947,0.0,61.718,0.30739308195919357,65.95808889676178,0.4397205926450785,3.604458302000239,150.0,torch-cuda-FP16,41.61476622142987,ina3221,1,
resnet18,FP16,16,25W,default,inference,128,64,18.864383999999998,18.28184297142857,16.0138368,18.825408,1.031864458604192,12.003953789805037,6.378120495775249,0.0,62.0,0.2886663516179371,65.78663657657385,0.438577577177159,3.596636414000386,150.0,torch-cuda-FP16,41.64404777152406,ina3221,2,
resnet18,FP16,16,25W,default,train,128,64,18.23168,17.899211580299788,17.7632,18.11456,1.0185744728592478,10.313512462715961,6.099466855744039,0.0,62.5,0.0678303799989412,208.44658598631005,1.3896439065754003,11.645602088000032,150.0,torch-cuda-FP16-train,12.88148729769843,ina3221,0,0.0015135151334106922
resnet18,FP16,16,25W,default,train,128,64,18.309759999999997,17.91667494962487,17.80224,18.153599999999997,1.0219396205758233,10.212074051438918,5.951809042971113,0.0,62.937,0.04614485379244132,208.34395145919677,1.3889596763946452,11.628466121000201,150.0,torch-cuda-FP16-train,12.889001246341778,ina3221,1,0.0011413898319005966
resnet18,FP16,16,25W,default,train,128,64,18.23168,17.924949591208794,17.7632,18.11456,1.017111925879091,9.562029338029443,5.476995351871432,0.0,63.343,0.03852776835215798,208.45151419828977,1.3896767613219319,11.629206862000046,150.0,torch-cuda-FP16-train,12.891372309932324,ina3221,2,0.0014381296932697296
resnet18,FP16,16,MAXN,default,inference,128,64,20.62336,19.38260901872659,14.574688,20.545536,1.0640136206676125,19.92100311839647,11.677627856491082,0.0,63.937,0.6614076910681651,66.82732376772302,0.4455154917848201,3.443985254999916,150.0,torch-cuda-FP16,43.478608887474884,ina3221,0,
resnet18,FP16,16,MAXN,default,inference,128,64,20.545536,19.96873862686567,17.556288,20.506624,1.0288850179228803,11.88982784096858,6.372608592983313,0.0,64.187,0.32104927969494296,68.37227123818417,0.45581514158789443,3.4238568800001303,150.0,torch-cuda-FP16,43.77387640069201,ina3221,1,
resnet18,FP16,16,MAXN,default,inference,128,64,20.62336,19.946736463768115,17.6168,20.550592,1.0339215158059027,12.137000929800108,6.55485790434456,0.0,64.5,0.28709683066320296,68.4654549930035,0.45643636662002335,3.4311519149996457,150.0,torch-cuda-FP16,43.67800205678927,ina3221,2,
resnet18,FP16,16,MAXN,default,train,128,64,19.689472000000002,19.329412431328034,19.183616,19.533824,1.0186275485585068,10.461814323641617,6.446183650947521,0.0,64.781,0.05375319116544568,212.2139531977586,1.4147596879850572,10.978707970999949,150.0,torch-cuda-FP16-train,13.654229577602164,ina3221,0,0.0015233298763632774
resnet18,FP16,16,MAXN,default,train,128,64,19.689472000000002,19.347732946772368,19.222527999999997,19.572736,1.0176630023872975,10.382581071683228,6.481510865190309,0.0,65.187,0.04880661961164052,212.43911643056356,1.4162607762037571,10.98001517800003,150.0,torch-cuda-FP16-train,13.660809328038178,ina3221,1,0.001420261338353157
resnet18,FP16,16,MAXN,default,train,128,64,19.689472000000002,19.343171353075174,19.183616,19.572736,1.0179029922551854,13.63940558593331,6.454962447423212,0.0,65.5,0.03072429515297113,212.3770999339057,1.4158473328927046,10.979529459999867,150.0,torch-cuda-FP16-train,13.655946679787611,ina3221,2,0.001240376615896821
resnet18,FP32,1,15W,default,inference,128,64,12.67392,11.233202991869915,8.525363200000001,12.634559999999999,1.1282552277540798,9.431274949875473,6.271883040782982,0.0,62.843,0.7004148971959276,17.882797955321195,0.11921865303547463,1.590020125999672,150.0,torch-cuda-FP32,94.27680197640457,ina3221,0,
resnet18,FP32,1,15W,default,inference,128,64,12.713280000000001,12.077686620689654,10.691376,12.713280000000001,1.052625423996475,6.111147737495904,5.110751267442233,0.0,62.843,0.3762169857310824,18.244061583124278,0.12162707722082852,1.5100434610003504,150.0,torch-cuda-FP32,98.5942452234823,ina3221,1,
resnet18,FP32,1,15W,default,inference,128,64,12.67392,12.051653470085467,10.7328384,12.67392,1.051633290938801,6.427605312663999,3.997521751475083,0.0,62.562,0.2929903246685814,18.28792046477137,0.12191946976514248,1.5167502660001446,150.0,torch-cuda-FP32,98.41684665884011,ina3221,2,
resnet18,FP32,1,15W,default,train,128,64,10.898688,10.760250799336648,10.701248,10.859200000000001,1.0128656109643732,6.827736677528948,6.445352930461677,0.0,61.968,-0.11011186976199944,82.67356054570911,0.5511570703047274,7.682986211000298,150.0,torch-cuda-FP32-train,19.499165740088518,ina3221,0,0.0
resnet18,FP32,1,15W,default,train,128,64,10.898688,10.746770710963457,10.622272,10.819711999999999,1.0141360873068188,10.099111340567886,6.458394035428296,0.0,61.062,-0.08426665403544284,82.5396018389833,0.5502640122598886,7.679854106000221,150.0,torch-cuda-FP32-train,19.510061448336085,ina3221,1,0.0
resnet18,FP32,1,15W,default,train,128,64,10.938176,10.757734145695364,10.661760000000001,10.859200000000001,1.0167732211877385,6.820115229370871,6.552698436520943,0.0,60.437,-0.07291371886579345,82.43969354586605,0.5495979569724403,7.663187105999896,150.0,torch-cuda-FP32-train,19.573078693696967,ina3221,2,0.0
resnet18,FP32,1,25W,default,inference,128,64,11.945472,10.738628535433076,8.343129600000001,11.945472,1.112383388678064,10.148122598342505,6.691612306693051,0.0,59.718,0.4662307602949952,17.675737482225003,0.11783824988150002,1.6398568079998768,150.0,torch-cuda-FP32,91.283269772947,ina3221,0,
resnet18,FP32,1,25W,default,inference,128,64,12.063744,11.504856949152542,10.125312,12.063744,1.0485783572379512,8.922368524736447,5.903418885012943,0.0,59.718,0.18907995990178073,17.847220311843042,0.11898146874562028,1.5502631700001075,150.0,torch-cuda-FP32,96.17329837479285,ina3221,1,
resnet18,FP32,1,25W,default,inference,128,64,12.063744,11.508882051282052,10.187904,12.063744,1.048211628744265,8.99298652716058,5.855270827609111,0.0,59.718,0.1291830784091982,17.71287146928674,0.11808580979524493,1.538014277000002,150.0,torch-cuda-FP32,96.76061279060657,ina3221,2,
resnet18,FP32,1,25W,default,train,128,64,10.977664,10.710508167504187,10.622272,10.906585599999998,1.024943338664954,6.697244213177863,6.325603421772197,0.0,59.437,-0.06907941958110757,81.59862043592025,0.543990802906135,7.618460192999919,150.0,torch-cuda-FP32-train,19.668496252086587,ina3221,0,0.0
resnet18,FP32,1,25W,default,train,128,64,10.977664,10.740397337907375,10.5867328,10.859200000000001,1.0220910506965335,12.52809267257427,6.044482568497495,0.0,58.968,-0.05954948724581082,79.7425764668419,0.5316171764456127,7.424154131999785,150.0,torch-cuda-FP32-train,20.208560255509017,ina3221,1,0.0
resnet18,FP32,1,25W,default,train,128,64,11.05664,10.680867096774195,10.582784,10.977664,1.0351818723911745,8.629984182887524,6.383388860653268,0.0,58.562,-0.06985451242996202,81.2437390685971,0.5416249271239806,7.604709912000089,150.0,torch-cuda-FP32-train,19.71156446444064,ina3221,2,0.0
resnet18,FP32,1,MAXN,default,inference,128,64,14.437376,12.005377761467887,8.6679808,14.31968,1.2025757362119653,12.21813271707606,9.16596112508272,0.0,58.906,1.4519440824002048,16.723542870978445,0.11149028580652297,1.3940357269998458,150.0,torch-cuda-FP32,107.59222969290656,ina3221,0,
resnet18,FP32,1,MAXN,default,inference,128,64,14.947392,13.845418666666665,12.275456,14.878736,1.0795911889603147,6.350789628269566,6.017070693557781,0.0,59.093,0.8653706767534264,17.16203320742725,0.11441355471618167,1.23892157399996,150.0,torch-cuda-FP32,120.26814234542336,ina3221,1,
resnet18,FP32,1,MAXN,default,inference,128,64,14.947392,13.986422666666668,12.50664,14.90816,1.0687072996602323,6.738312597054524,6.103395272124932,0.0,59.281,0.6726868328123021,17.1598148611855,0.11439876574123665,1.2255530909997105,150.0,torch-cuda-FP32,121.3505375086434,ina3221,2,
resnet18,FP32,1,MAXN,default,train,128,64,12.103168,11.028711760797343,10.819711999999999,11.787776,1.0974235488701336,10.064415692841381,6.624032398108213,0.0,58.531,-0.1189240151479382,84.08694607248275,0.5605796404832183,7.625231639000049,150.0,torch-cuda-FP32-train,19.650484882100013,ina3221,0,0.0
resnet18,FP32,1,MAXN,default,train,128,64,11.214592,10.892215629139073,10.780224,11.096128,1.0295969508718226,9.899514049383018,6.650265448590662,0.0,58.0,-0.04594910585394449,83.41217271104571,0.5560811514069715,7.657871253999929,150.0,torch-cuda-FP32-train,19.567753999242598,ina3221,1,0.0
resnet18,FP32,1,MAXN,default,train,128,64,11.214592,10.93987863349917,10.819711999999999,11.135616,1.025111189593971,11.777506299086852,6.613166174004355,0.0,57.781,-0.047099636767039314,83.4224059411481,0.5561493729409873,7.6252258109998365,150.0,torch-cuda-FP32-train,19.66673526340956,ina3221,2,0.0
resnet18,FP32,2,15W,default,inference,128,64,14.107263999999999,12.72511105882353,9.383712,14.038496,1.1086161790484408,12.31376923779004,9.143283329170696,0.0,58.0,0.841421690892562,22.357073393101324,0.14904715595400883,1.754944556999817,150.0,torch-cuda-FP32,84.94065794776851,ina3221,0,
resnet18,FP32,2,15W,default,inference,128,64,14.225152,13.417607529411764,11.699072000000001,14.185856,1.060185429393286,8.93455546915691,5.128914111760432,0.0,58.25,0.5882576692110602,23.569686021927204,0.15713124014618135,1.7565919069998017,150.0,torch-cuda-FP32,84.96219531220405,ina3221,1,
resnet18,FP32,2,15W,default,inference,128,64,14.185856,13.420451294117647,11.699072000000001,14.185856,1.057032709937097,9.062608639979409,5.897963080536798,0.0,58.25,0.4249026708105267,23.57996189933054,0.15719974599553693,1.7566279470001973,150.0,torch-cuda-FP32,84.9784389588804,ina3221,2,
resnet18,FP32,2,15W,default,train,128,64,12.379136,12.26448093108729,12.02432,12.35904,1.0093485463883016,9.467648119584748,6.169072522303188,0.0,57.937,0.022792197589247835,101.50180297559214,0.6766786865039476,8.275768565000362,150.0,torch-cuda-FP32-train,18.12967785460715,ina3221,0,1.1503616406116635e-05
resnet18,FP32,2,15W,default,train,128,64,12.41856,12.254539202435314,11.937587200000001,12.35904,1.0133844932767517,8.908563170965468,6.462955561234247,0.0,58.031,0.03645688668402088,101.71735589342973,0.6781157059561982,8.300093748999643,150.0,torch-cuda-FP32-train,18.057981780675053,ina3221,1,1.519906163593987e-05
resnet18,FP32,2,15W,default,train,128,64,12.41856,12.269810222900764,11.984896,12.379136,1.0121232337254575,7.382583896816052,6.072920886346342,0.0,58.156,0.027191757518528113,101.73652042213803,0.6782434694809202,8.29114898700027,150.0,torch-cuda-FP32-train,18.07904318221184,ina3221,2,1.3232099263404962e-05
resnet18,FP32,2,25W,default,inference,128,64,15.941376,13.543811764705882,9.2368576,15.902208,1.1770228556736135,14.88495185196749,12.231288614685848,0.0,58.781,1.2920918212822838,21.107379857759277,0.14071586571839517,1.5578709860001254,150.0,torch-cuda-FP32,95.88351168926134,ina3221,0,
resnet18,FP32,2,25W,default,inference,128,64,16.137216,14.888508660869565,12.3689664,16.098048000000002,1.083870545235489,8.939786585281162,6.22540499411017,0.0,59.031,0.9686215444508811,22.485872440660437,0.14990581627106958,1.5098030089998247,150.0,torch-cuda-FP32,99.05978913455068,ina3221,1,
resnet18,FP32,2,25W,default,inference,128,64,16.176384,14.831004939130437,12.35904,16.137216,1.090713951373577,8.934959352934946,6.263531061309022,0.0,59.187,0.9021078185825878,22.354927585882542,0.14903285057255028,1.5067540520003604,150.0,torch-cuda-FP32,99.24793015067169,ina3221,2,
resnet18,FP32,2,25W,default,train,128,64,13.635712,13.477879624161075,13.242752000000001,13.596416,1.0117104752557655,9.821421876712378,6.599699919274072,0.0,58.718,0.02251792445762816,101.3001904432623,0.675334602955082,7.515962856999977,150.0,torch-cuda-FP32-train,19.942392143257855,ina3221,0,1.2695698387688026e-05
resnet18,FP32,2,25W,default,train,128,64,13.714304,13.431988363636364,12.870719999999999,13.635712,1.021018156710732,10.287829699207013,6.69661032349661,0.0,58.968,0.05585272462228522,100.8422854871261,0.6722819032475074,7.50783351400014,150.0,torch-cuda-FP32-train,19.959988935385326,ina3221,1,1.1265210559940897e-05
resnet18,FP32,2,25W,default,train,128,64,13.635712,13.403566926174497,12.860879999999998,13.557120000000001,1.0173196489489802,9.75358077221393,6.548488115346713,0.0,58.968,0.04220066334345935,101.05363517440858,0.6736909011627239,7.539052150999851,150.0,torch-cuda-FP32-train,19.891605641436392,ina3221,2,1.4126178029982839e-05
resnet18,FP32,2,MAXN,default,inference,128,64,17.997439999999997,14.613076723809526,9.29472,17.841279999999998,1.2315982691500023,17.88744773977343,14.837980170463346,0.0,59.75,2.2518381386007382,19.94945676544169,0.13299637843627793,1.365416530999937,150.0,torch-cuda-FP32,108.87875997529653,ina3221,0,
resnet18,FP32,2,MAXN,default,inference,128,64,18.3488,17.066576161616165,14.47504,18.309759999999997,1.0751307014506892,12.344345866984607,8.93701283994883,0.0,60.125,1.0325261247048403,21.854157716752525,0.14569438477835017,1.2794412420003027,150.0,torch-cuda-FP32,116.96423464825935,ina3221,1,
resnet18,FP32,2,MAXN,default,inference,128,64,18.465919999999997,17.212879020408167,14.633536,18.42688,1.0727967110037886,12.313627773246305,8.961345355235796,0.0,60.312,0.9088954143177578,21.794219714988806,0.14529479809992538,1.2653768589998435,150.0,torch-cuda-FP32,117.67365140747793,ina3221,2,
resnet18,FP32,2,MAXN,default,train,128,64,14.751232,14.087930684745762,13.714304,14.437376,1.0470829485250415,10.148009268022475,8.949683221645502,0.0,59.468,-0.035598245625703025,104.6231916898138,0.6974879445987586,7.4260745229998975,150.0,torch-cuda-FP32-train,20.18585377176252,ina3221,0,1.3351350389712024e-05
resnet18,FP32,2,MAXN,default,train,128,64,14.107263999999999,13.794290983050848,13.557120000000001,13.989376,1.0226885903257878,9.913508239753943,8.913961636907443,0.0,59.437,0.01672716274506849,102.68641691387258,0.6845761127591505,7.443737037000119,150.0,torch-cuda-FP32-train,20.146780760012494,ina3221,1,1.293411787628429e-05
resnet18,FP32,2,MAXN,default,train,128,64,14.594304,14.183776996539793,13.478528,14.476608,1.0289434192007076,10.752811151524178,8.904303415021595,0.0,59.75,0.09966121475862853,103.5879929019639,0.690586619346426,7.303566656999919,150.0,torch-cuda-FP32-train,20.53727534540623,ina3221,2,1.037115271174116e-05
resnet18,FP32,4,15W,default,inference,128,64,13.989376,13.194718846846849,10.1938272,13.95008,1.0602253949005553,9.836633101908077,6.296402207711858,0.0,59.031,0.40626876093116,38.25468450069202,0.2550312300046135,2.895423763999588,150.0,torch-cuda-FP32,51.767858583109025,ina3221,0,
resnet18,FP32,4,15W,default,inference,128,64,14.028672,13.587129541284403,12.0972544,13.989376,1.0324971111355032,6.2853515149888,3.70874902592181,0.0,59.125,0.18889890072754056,38.85280728148693,0.2590187152099129,2.8602833679997275,150.0,torch-cuda-FP32,52.23439120256664,ina3221,1,
resnet18,FP32,4,15W,default,inference,128,64,13.989376,13.603975272727276,12.1800448,13.989376,1.0283300079238868,6.392139536138056,3.257243111014158,0.0,59.125,0.14074124314137468,39.007152506216755,0.26004768337477835,2.8665734709998105,150.0,torch-cuda-FP32,52.252977614591195,ina3221,2,
resnet18,FP32,4,15W,default,train,128,64,13.910784,13.743677101311086,13.439232,13.871488,1.012158820194704,6.3298571416249185,3.3099110758383654,0.0,59.218,0.02507098825805354,145.0035633187809,0.966690422125206,10.550593891000062,150.0,torch-cuda-FP32-train,14.215982391425358,ina3221,0,5.9960475482512265e-05
resnet18,FP32,4,15W,default,train,128,64,13.910784,13.729199025089606,13.399936,13.832192,1.0132261885473839,6.372390452828964,3.2840990264757757,0.0,59.406,0.029193080744464243,145.33500407410952,0.9689000271607301,10.58580315900008,150.0,torch-cuda-FP32-train,14.161579953185534,ina3221,1,5.400033842306584e-05
resnet18,FP32,4,15W,default,train,128,64,13.95008,13.746686837772398,13.36064,13.910784,1.0147957951343396,6.314015936225167,3.2627818019071517,0.0,59.468,0.030317357184637097,146.20987803940983,0.9747325202627322,10.634822864999933,150.0,torch-cuda-FP32-train,14.107408135683718,ina3221,2,4.9619484343566e-05
resnet18,FP32,4,25W,default,inference,128,64,18.669504,16.754607999999998,11.38368,18.591552,1.114290707368385,20.4315028045094,15.092203044932205,0.0,60.5,1.0231912929427747,33.30110664759387,0.22200737765062578,1.9851074200000767,150.0,torch-cuda-FP32,75.19954126836384,ina3221,0,
resnet18,FP32,4,25W,default,inference,128,64,18.708479999999998,17.640343157894737,14.641382400000001,18.669504,1.0605507972574348,11.88716015076474,9.160163809041489,0.0,60.875,0.6113063084692588,35.00538676644692,0.23336924510964613,1.9827596249997441,150.0,torch-cuda-FP32,75.29535650192874,ina3221,1,
resnet18,FP32,4,25W,default,inference,128,64,18.708479999999998,17.611998736842104,14.6198048,18.669504,1.0622576278559566,12.137420585918958,8.937235343393713,0.0,61.031,0.5687306760550406,34.896689669258365,0.23264459779505575,1.9803139710002142,150.0,torch-cuda-FP32,75.36516067072938,ina3221,2,
resnet18,FP32,4,25W,default,train,128,64,17.372799999999998,16.985285455098936,16.462784,17.166656,1.0228147207726044,11.925184289723934,8.987842476379495,0.0,61.187,0.0720313692685773,142.6413885836677,0.9509425905577846,8.397852564000004,150.0,torch-cuda-FP32-train,17.8479637726098,ina3221,0,5.689101089956239e-05
resnet18,FP32,4,25W,default,train,128,64,17.841279999999998,17.438345573983742,16.580096,17.7632,1.0231062301355809,12.64530575961117,8.589850322848783,0.0,61.718,0.11364369183141372,139.41125363808314,0.929408357587221,7.994754019000084,150.0,torch-cuda-FP32-train,18.76362549749116,ina3221,1,5.9692258219001815e-05
resnet18,FP32,4,25W,default,train,128,64,17.528959999999998,17.087501427258804,16.799078400000003,17.45088,1.025835174008352,11.751697604830063,8.996234760350553,0.0,62.031,0.05267065780418452,141.7103054426005,0.9447353696173366,8.29274839899972,150.0,torch-cuda-FP32-train,18.08111363978122,ina3221,2,5.328508996171877e-05
resnet18,FP32,4,MAXN,default,inference,128,64,20.4288,17.939947812080536,11.159936,20.3743232,1.1387324095917102,23.774895307328094,18.49218927840071,0.0,62.312,1.4702050517330485,33.802523083165866,0.22535015388777244,1.880872914000065,150.0,torch-cuda-FP32,79.37040511926352,ina3221,0,
resnet18,FP32,4,MAXN,default,inference,128,64,20.467712,19.351283726027397,16.424239999999998,20.432736,1.057692724150957,11.68039327110445,8.667896963210293,0.0,62.625,0.743097299619768,35.93555943448325,0.23957039622988835,1.8559687299998586,150.0,torch-cuda-FP32,80.42318314384976,ina3221,1,
resnet18,FP32,4,MAXN,default,inference,128,64,20.506624,19.366975129251703,16.537081599999997,20.467712,1.058844959687431,11.796737660986981,8.821415339490052,0.0,62.937,0.6307820838602567,35.98893955955833,0.2399262637303889,1.8585849810001491,150.0,torch-cuda-FP32,80.4162546488475,ina3221,2,
resnet18,FP32,4,MAXN,default,train,128,64,18.23168,18.002101978294576,17.72416,18.19264,1.0127528453056331,12.2265191291349,9.61859908631719,0.0,62.906,0.05907829835124301,148.33038525178978,0.9888692350119318,8.239479160999963,150.0,torch-cuda-FP32-train,18.20480491676547,ina3221,0,5.37917367182672e-05
resnet18,FP32,4,MAXN,default,train,128,64,19.09824,18.454377689034374,17.80224,18.90336,1.034889407912585,15.054934519582044,9.176996976347663,0.0,63.312,0.10388635542351445,144.87681963453224,0.9658454642302149,7.84854900900018,150.0,torch-cuda-FP32-train,19.094030399348497,ina3221,1,5.170566510059871e-05
resnet18,FP32,4,MAXN,default,train,128,64,19.059264,18.3269296516129,17.997439999999997,18.981312000000003,1.039959467423538,14.909967528815171,9.547098754647376,0.0,63.562,0.04641068972388159,146.05940529029164,0.9737293686019443,7.966350665999926,150.0,torch-cuda-FP32-train,18.82780380935605,ina3221,2,5.4477153753396124e-05
resnet18,FP32,8,15W,default,inference,128,64,14.672768,14.208141103857566,12.1110528,14.6413824,1.0327014556475855,9.785394302564862,5.907867201192187,0.0,61.906,0.15408543304542008,61.10708108771449,0.40738054058476325,4.298849654000151,150.0,torch-cuda-FP32,34.87288842167227,ina3221,0,
resnet18,FP32,8,15W,default,inference,128,64,14.672768,14.375098112759641,13.138368,14.672768,1.020707329084324,6.5055706600299805,3.2618317234379903,0.0,61.781,0.057979593877516264,61.72918094745165,0.411527872983011,4.293489316000432,150.0,torch-cuda-FP32,34.88314347629784,ina3221,1,
resnet18,FP32,8,15W,default,inference,128,64,14.594304,14.351000688427296,13.169856000000001,14.594304,1.0169537523448733,6.5221890692245035,3.2610879765677088,0.0,61.593,0.07016801439690451,61.67125782698581,0.4111417188465721,4.296299399999953,150.0,torch-cuda-FP32,34.87656836248301,ina3221,2,
resnet18,FP32,8,15W,default,train,128,64,14.633536,14.501326245847176,14.31968,14.594304,1.0091170801836615,10.177448153044052,3.292914257199039,0.0,61.5,-0.004558609440027518,215.73518149764362,1.4382345433176242,14.877031088999956,150.0,torch-cuda-FP32-train,10.07833480395519,ina3221,0,0.00020905616111122072
resnet18,FP32,8,15W,default,train,128,64,14.633536,14.499421792186201,14.358912,14.594304,1.0092496245530338,10.31216700071605,3.2999492085609248,0.0,61.281,0.0004970517600287889,215.70288384962393,1.4380192256641595,14.877055661999748,150.0,torch-cuda-FP32-train,10.077715489480191,ina3221,1,0.0001929811405716464
resnet18,FP32,8,15W,default,train,128,64,14.868928,14.533904765743072,14.31968,14.672768,1.023051151060697,6.618112139223295,3.278518641665676,0.0,61.093,-0.0011440572951000982,215.53245493612675,1.4368830329075117,14.828559840999787,150.0,torch-cuda-FP32-train,10.113346817068905,ina3221,2,0.00021604319044854492
resnet18,FP32,8,25W,default,inference,128,64,19.838784,18.461174497816597,13.557120000000001,19.799808000000002,1.074621985851785,21.136202624423955,12.28115204873481,0.0,62.187,0.7145123248017432,55.064040755056595,0.36709360503371063,2.980152864000047,150.0,torch-cuda-FP32,50.19123926213335,ina3221,0,
resnet18,FP32,8,25W,default,inference,128,64,19.689472000000002,18.911527859649127,16.321305600000002,19.572736,1.0411359751641616,11.772090091532485,8.42359598147653,0.0,62.468,0.3932039827443415,56.47682685137045,0.3765121790091363,2.9866310509996765,150.0,torch-cuda-FP32,50.18758536828227,ina3221,1,
resnet18,FP32,8,25W,default,inference,128,64,19.806207999999998,18.931718986899565,16.071807999999997,19.767295999999998,1.0461917385159565,12.309950331293338,8.444874825132693,0.0,62.718,0.3585803011797456,56.43309246203084,0.37622061641353893,2.9795747210000627,150.0,torch-cuda-FP32,50.17029315985884,ina3221,2,
resnet18,FP32,8,25W,default,train,128,64,19.378176,19.055713860465115,18.669504,19.254144,1.0169220708232767,13.04678235178707,6.350660467853625,0.0,63.406,0.0907747427048528,205.25143567077555,1.368342904471837,10.770923274000324,150.0,torch-cuda-FP32-train,13.92905633822319,ina3221,0,0.00022191288007888943
resnet18,FP32,8,25W,default,train,128,64,19.254144,19.039687748544818,18.5136,19.215168000000002,1.0112636433058926,9.877269886789312,6.325027703069916,0.0,63.843,0.08326862151038346,205.06519447582124,1.367101296505475,10.770180510000046,150.0,torch-cuda-FP32-train,13.922623062950017,ina3221,1,0.00022119807545095682
resnet18,FP32,8,25W,default,train,128,64,19.29312,19.05129934883721,18.6675552,19.215168000000002,1.0126931316722787,10.25109762559898,6.360610285089313,0.0,64.312,0.0692396181630561,205.29989576029232,1.368665971735282,10.775895882999976,150.0,torch-cuda-FP32-train,13.920773860718926,ina3221,2,0.00021671372815035284
resnet18,FP32,8,MAXN,default,inference,128,64,21.13728,19.596125090909094,13.779142400000001,21.098496,1.078645900755444,20.98356021215642,14.664546287886415,0.0,64.531,0.804232444438624,56.42566710296495,0.37617111401976633,2.876646588999847,150.0,torch-cuda-FP32,52.09331727082369,ina3221,0,
resnet18,FP32,8,MAXN,default,inference,128,64,21.098496,20.37269934545455,17.796384,21.098496,1.035625944418965,11.687996361802272,6.779886834982576,0.0,64.812,0.38552179120200647,58.26899769596736,0.3884599846397824,2.8591551999998046,150.0,torch-cuda-FP32,52.26048441729692,ina3221,1,
resnet18,FP32,8,MAXN,default,inference,128,64,21.098496,20.394221004566212,17.786624,21.059712,1.0345330667582793,12.051582873819655,6.310107108208166,0.0,64.937,0.31090216903575435,58.24667192303611,0.3883111461535741,2.855132309000055,150.0,torch-cuda-FP32,52.37106247822347,ina3221,2,
resnet18,FP32,8,MAXN,default,train,128,64,20.3952,20.194357766109786,19.845119999999998,20.356351999999998,1.0099454627978943,12.223675835704173,6.7610996167277095,0.0,65.312,0.07257016681455453,213.76102789052175,1.425073519270145,10.584958816999915,150.0,torch-cuda-FP32-train,14.161120730512263,ina3221,0,0.00021322772954590619
resnet18,FP32,8,MAXN,default,train,128,64,20.467712,20.04589992831541,18.987507200000003,20.356351999999998,1.021042311554632,20.877654984758067,8.615379839849103,0.0,65.812,0.0672579040677361,215.66148388480826,1.4377432258987217,10.776283765999779,150.0,torch-cuda-FP32-train,13.909728237664197,ina3221,1,0.00020267991931177676
resnet18,FP32,8,MAXN,default,train,128,64,20.78368,20.280960767386087,20.045568,20.58944,1.0247877424733418,11.499277336405026,8.351348628120721,0.0,66.093,0.038807276557374454,213.72225079053487,1.4248150052702324,10.537585288000173,150.0,torch-cuda-FP32-train,14.236785946530134,ina3221,2,0.00021595403086394072
resnet18,FP32,16,15W,default,inference,128,64,14.962176,14.727046306946688,13.714304,14.947392,1.015965841904252,9.85455353332586,3.277386088311766,0.0,63.812,0.019589814445518276,113.45203726643717,0.7563469151095812,7.702927169999839,150.0,torch-cuda-FP32,19.458708305355334,ina3221,0,
resnet18,FP32,16,15W,default,inference,128,64,15.001344,14.802680888888888,14.127443200000002,14.962176,1.013420752132827,6.562402357594404,3.2582360629565486,0.0,63.375,-0.005674335486266527,114.61113542765608,0.7640742361843739,7.741003139999975,150.0,torch-cuda-FP32,19.353234154259493,ina3221,1,
resnet18,FP32,16,15W,default,inference,128,64,14.986623999999999,14.762359871382637,14.162752000000001,14.947392,1.0151916177746152,6.646733694062573,3.270518351088353,0.0,63.031,-0.007156517325362464,114.42962497951999,0.7628641665301332,7.750301610999941,150.0,torch-cuda-FP32,19.342329922589357,ina3221,2,
resnet18,FP32,16,15W,default,train,128,64,15.07968,14.862573901764426,14.751232,14.986623999999999,1.0146075706449338,10.166152712947767,4.6891369501730615,0.0,62.625,-0.012807404830741966,384.72476270036805,2.564831751335787,25.885833205999916,150.0,torch-cuda-FP32-train,5.794200576878317,ina3221,0,0.0007528648711740971
resnet18,FP32,16,15W,default,train,128,64,15.025856,14.885243411089869,14.751232,14.986623999999999,1.00944644202495,9.808313048924585,5.803763447941528,0.0,62.218,-0.008559520722485503,382.73337439035174,2.5515558292690117,25.71359318299983,150.0,torch-cuda-FP32-train,5.831777057953086,ina3221,1,0.0008243840420618653
resnet18,FP32,16,15W,default,train,128,64,14.986623999999999,14.837760663837813,14.751232,14.947392,1.0100327360398118,10.364840701887362,3.4244854256352215,0.0,61.906,-0.0005402524035734708,384.069456567182,2.5604630437812133,25.885895471999902,150.0,torch-cuda-FP32-train,5.792932610042833,ina3221,2,0.000645041698589921
resnet18,FP32,16,25W,default,inference,128,64,19.845119999999998,19.25938317241379,16.4158592,19.806207999999998,1.0304130626792445,12.995058810430482,6.4726013458212535,0.0,63.281,0.357838771872422,105.66946046790261,0.7044630697860174,5.485206440000184,150.0,torch-cuda-FP32,27.305475518893992,ina3221,0,
resnet18,FP32,16,25W,default,inference,128,64,19.922944,19.52885892413793,17.985727999999998,19.884031999999998,1.020179626336231,12.614771386133368,6.302348635619974,0.0,63.781,0.1777425154666826,107.24583654369695,0.7149722436246464,5.490883602999929,150.0,torch-cuda-FP32,27.278701129724368,ina3221,1,
resnet18,FP32,16,25W,default,inference,128,64,19.922944,19.542027449541287,17.821759999999998,19.884031999999998,1.0194921714976741,12.274043121091065,6.12692928092138,0.0,64.0,0.15880248333692246,107.42684823996265,0.7161789882664177,5.4968351110001095,150.0,torch-cuda-FP32,27.23898790836188,ina3221,2,
resnet18,FP32,16,25W,default,train,128,64,20.20096,19.937492019164957,19.728384,20.078592,1.0132147002532608,9.883238497992979,6.489938517151044,0.0,65.062,0.0692061070934215,362.7224834938029,2.418149889958686,18.193764427000133,150.0,torch-cuda-FP32-train,8.240927088114255,ina3221,0,0.0007939800270833075
resnet18,FP32,16,25W,default,train,128,64,20.078592,19.88094758339006,19.728384,20.000768,1.0099413982045335,12.81615510079658,6.493482340526907,0.0,65.687,0.04546886278077153,364.53578844793856,2.4302385896529235,18.336893790999966,150.0,torch-cuda-FP32-train,8.179828467396021,ina3221,1,0.0008170376531779766
resnet18,FP32,16,25W,default,train,128,64,20.117504,19.906318424983027,19.728384,20.03968,1.0106089720112148,12.420990234699316,6.482392171733553,0.0,66.125,0.037126023822479357,365.0860818037213,2.433907212024809,18.341065555000114,150.0,torch-cuda-FP32-train,8.176662914040886,ina3221,2,0.0007749309879727662
resnet18,FP32,16,MAXN,default,inference,128,64,21.408768,20.710343492682927,17.542624,21.3312,1.033723463232941,16.071515618029494,9.081116231987535,0.0,66.343,0.35804699439835136,109.30190207182889,0.728679347145526,5.273992039999939,150.0,torch-cuda-FP32,28.43892633752566,ina3221,0,
resnet18,FP32,16,MAXN,default,inference,128,64,21.486335999999998,21.057760232445517,19.3859584,21.447551999999998,1.0203523908917025,10.12894045771471,6.148135341468812,0.0,66.656,0.1536595698255445,110.41908884457955,0.7361272589638637,5.242449010999735,150.0,torch-cuda-FP32,28.564304481546205,ina3221,1,
resnet18,FP32,16,MAXN,default,inference,128,64,21.408768,21.028890188861986,19.4404352,21.369984,1.0180645677316444,12.70836867763377,6.091392639077613,0.0,66.718,0.14641023170971748,110.79430448716079,0.7386286965810719,5.267824085000029,150.0,torch-cuda-FP32,28.43705215766159,ina3221,2,
resnet18,FP32,16,MAXN,default,train,128,64,21.525119999999998,21.34199540229885,21.214848000000003,21.486335999999998,1.008580481545855,13.644950020449398,6.437763492095165,0.0,67.468,0.050558756436276525,375.56959408577967,2.503797293905198,17.598272149999957,150.0,torch-cuda-FP32-train,8.523741064211578,ina3221,0,0.0007559035439044237
resnet18,FP32,16,MAXN,default,train,128,64,21.602687999999997,21.35337517831669,21.176064,21.486335999999998,1.0116755697683086,15.521703571358573,6.461144174267638,0.0,67.968,0.04541175710203517,375.7051281049652,2.5047008540331013,17.595232681000198,150.0,torch-cuda-FP32-train,8.522795104491234,ina3221,1,0.0007608591113239527
resnet18,FP32,16,MAXN,default,train,128,64,21.680256,21.42482116426513,21.176064,21.602687999999997,1.0119223788976552,13.555482138384056,6.423207665622736,0.0,68.25,0.031074923536009675,375.698915427683,2.5046594361845536,17.53554689900011,150.0,torch-cuda-FP32-train,8.555092711846005,ina3221,2,0.0007857263553887606
resnet50,FP16,1,15W,default,inference,128,64,10.385344,10.167412678700362,9.410329599999999,10.345856,1.0214342948581383,6.247549185252887,3.0601740097232053,0.0,63.937,-0.017828799653594515,36.77264067646959,0.2451509378431306,3.6156111000000237,150.0,torch-cuda-FP16,41.47020922246474,ina3221,0,
resnet50,FP16,1,15W,default,inference,128,64,10.464319999999999,10.297823570469799,9.526099199999999,10.464319999999999,1.0161681182815803,6.146619534224546,3.3968064716054673,0.0,63.343,-0.0365947793059108,36.89705339120505,0.245980355941367,3.5856049340000027,150.0,torch-cuda-FP16,41.819294790809906,ina3221,1,
resnet50,FP16,1,15W,default,inference,128,64,10.385344,10.198877217391304,9.532032,10.385344,1.018283069658955,3.5291991888643555,3.0618922538160875,0.0,62.843,-0.040288398418231945,36.634696749316056,0.24423131166210704,3.591479595999772,150.0,torch-cuda-FP16,41.66364810064093,ina3221,2,
resnet50,FP16,1,15W,default,train,128,64,9.714048,9.132530438316401,8.938752000000001,9.29472,1.0636754036147296,9.965476597817606,5.370821595033716,0.0,62.156,-0.11988585149033164,163.06405923706905,1.087093728247127,17.852778569999828,150.0,torch-cuda-FP16-train,8.39979738768067,ina3221,0,0.0
resnet50,FP16,1,15W,default,train,128,64,9.492479999999999,9.153517307635285,8.8992,9.334272,1.0370308681321847,8.52870679353764,5.268966342501163,0.0,59.906,-0.09151444203135066,161.65926301705775,1.0777284201137183,17.655440953999914,150.0,torch-cuda-FP16-train,8.497512457237779,ina3221,1,0.0
resnet50,FP16,1,15W,default,train,128,64,9.492479999999999,8.994273247910863,8.8704,9.215616,1.0553915517526506,9.755027592905355,5.421674350885624,0.0,58.5,-0.06888912291621696,165.2732011551614,1.1018213410344093,18.373687924000023,150.0,torch-cuda-FP16-train,8.16067163150117,ina3221,2,0.0
resnet50,FP16,1,25W,default,inference,128,64,9.571584000000001,9.402113864077668,8.770982400000001,9.571584000000001,1.0180246844882215,5.960125861288998,3.065242905874167,0.0,56.875,0.002915685892202522,37.899099108871155,0.25266066072580773,4.030141142000048,150.0,torch-cuda-FP16,37.1537529465694,ina3221,0,
resnet50,FP16,1,25W,default,inference,128,64,9.571584000000001,9.39966515942029,8.8790272,9.571584000000001,1.0182898898698978,3.4248069909192016,3.368015584359399,0.0,56.687,0.013476657297231694,38.41178370255444,0.25607855801702956,4.086888412999997,150.0,torch-cuda-FP16,36.664443170248525,ina3221,1,
resnet50,FP16,1,25W,default,inference,128,64,9.492479999999999,9.359131844155844,8.8992,9.452928,1.0142479193652372,6.887474049784188,3.015286750266959,0.0,56.656,-0.008180790492578426,38.21185361818904,0.2547456907879269,4.081709119000152,150.0,torch-cuda-FP16,36.702324407848366,ina3221,2,
resnet50,FP16,1,25W,default,train,128,64,9.532032,8.944168323175052,8.794752,9.215616,1.0657259183396341,9.466019824096513,5.295898428348861,0.0,56.5,-0.046300566143211964,163.35459933898517,1.089030662259901,18.25837994199992,150.0,torch-cuda-FP16-train,8.212101410221381,ina3221,0,0.0
resnet50,FP16,1,25W,default,train,128,64,9.492479999999999,8.893915215363512,8.794752,9.017856,1.0673004824244912,8.993640192090862,5.271724550267487,0.0,55.625,-0.03329454192226274,165.5963061445521,1.103975374297014,18.618131123999774,150.0,torch-cuda-FP16-train,8.053979196383574,ina3221,1,0.0
resnet50,FP16,1,25W,default,train,128,64,9.492479999999999,8.991281823953823,8.873984,9.09696,1.0557426833970351,9.29883055728915,4.9237107657331105,0.0,55.093,-0.015150407609290466,161.1322122523783,1.0742147483491886,17.920055648000016,150.0,torch-cuda-FP16-train,8.370706137098145,ina3221,2,0.0
resnet50,FP16,1,MAXN,default,inference,128,64,11.333056000000001,10.940321361702127,9.729792,11.293567999999999,1.0358979069547891,7.080297432527511,3.579106566562028,0.0,55.25,0.1957142957391246,34.68133352750169,0.23120889018334462,3.169151367000268,150.0,torch-cuda-FP16,47.271539182521884,ina3221,0,
resnet50,FP16,1,MAXN,default,inference,128,64,11.214592,10.959309731800769,10.046208,11.214592,1.02329364480488,7.235713823757182,3.5371487533902846,0.0,55.343,0.16376707117710726,35.24532765196107,0.2349688510130738,3.2101632300000347,150.0,torch-cuda-FP16,46.56774017117483,ina3221,1,
resnet50,FP16,1,MAXN,default,inference,128,64,11.293567999999999,11.035671566787004,10.1721088,11.293567999999999,1.0233693465460825,7.072943665948843,3.5618103835124058,0.0,55.562,0.14101141237090176,34.67318195148409,0.23115454634322727,3.1404229620002297,150.0,torch-cuda-FP16,47.703218782511804,ina3221,2,
resnet50,FP16,1,MAXN,default,train,128,64,9.769343999999998,9.067073798492117,8.953216000000001,9.255168,1.0774527942658492,12.215305884545892,5.29838702219532,0.0,55.25,-0.023821684304668495,167.81504444682102,1.1187669629788068,18.50821908199987,150.0,torch-cuda-FP16-train,8.10603299389512,ina3221,0,0.0
resnet50,FP16,1,MAXN,default,train,128,64,9.571584000000001,9.050508676753783,8.953216000000001,9.215616,1.057574147692339,10.212101660156513,5.469816142036929,0.0,54.625,-0.011935714134605589,167.3552870257507,1.1157019135050046,18.490308002999882,150.0,torch-cuda-FP16-train,8.109634389081345,ina3221,1,0.0
resnet50,FP16,1,MAXN,default,train,128,64,9.69024,9.072819076498964,8.953216000000001,9.413376,1.0680517178062463,11.98929971024536,5.661917063726611,0.0,54.5,-0.010257082642381999,167.30265401583858,1.1153510267722573,18.438953309000226,150.0,torch-cuda-FP16-train,8.13685726451028,ina3221,2,0.0
resnet50,FP16,2,15W,default,inference,128,64,12.457984,11.987732869565217,10.105535999999999,12.41856,1.039227695140644,6.632087097745363,5.770979677206216,0.0,55.093,0.33516995146835893,43.207745421853446,0.2880516361456896,3.60189379700023,150.0,torch-cuda-FP16,41.56366744219771,ina3221,0,
resnet50,FP16,2,15W,default,inference,128,64,12.398399999999999,12.041413101449272,10.691376,12.35904,1.029646595091714,9.042033963065917,3.2003749218234265,0.0,55.312,0.2094767071976935,43.15618806213031,0.28770792041420207,3.582940308000161,150.0,torch-cuda-FP16,41.8527180419036,ina3221,1,
resnet50,FP16,2,15W,default,inference,128,64,12.339711999999999,11.997309913043477,10.681504,12.300288,1.028539905148592,9.410646523613355,3.259797531898604,0.0,55.5,0.2269475367182121,43.1218532827238,0.2874790218848253,3.5928806480001185,150.0,torch-cuda-FP16,41.648599943635475,ina3221,2,
resnet50,FP16,2,15W,default,train,128,64,10.938176,10.133019434996486,10.046208,10.345856,1.0794587013445114,8.747873596378646,5.573494798663631,0.0,55.156,0.0025728704945155623,183.81826013800287,1.2254550675866858,18.138716164000016,150.0,torch-cuda-FP16-train,8.265490606596824,ina3221,0,0.0
resnet50,FP16,2,15W,default,train,128,64,10.938176,10.300427124463518,10.164864,10.503808000000001,1.0619147990496267,9.963845900896201,5.887364267264568,0.0,55.281,0.008752873772555701,183.6629343142536,1.224419562095024,17.82888485600006,150.0,torch-cuda-FP16-train,8.410582948583079,ina3221,1,6.568000389961526e-05
resnet50,FP16,2,15W,default,train,128,64,11.017152,10.24784892394366,10.148416,10.385344,1.0750697128505569,9.67048008892058,5.664859104821945,0.0,55.218,-0.0028834790110129284,185.5201633794903,1.236801089196602,18.101819193999745,150.0,torch-cuda-FP16-train,8.283878128514413,ina3221,2,9.553711424814537e-05
resnet50,FP16,2,25W,default,inference,128,64,11.43296,11.12910976,9.848448000000001,11.393536,1.027302295201732,9.04414301865764,5.837247892614003,0.0,55.375,0.17566632657136194,43.73745364104465,0.29158302427363103,3.9289308980000897,150.0,torch-cuda-FP16,38.08734152289819,ina3221,0,
resnet50,FP16,2,25W,default,inference,128,64,11.393536,11.154321435215946,10.385344,11.354111999999999,1.021445909208678,6.431997103971056,3.1801530764332147,0.0,55.468,0.11562552558559216,43.951396424638276,0.2930093094975885,3.939376974999959,150.0,torch-cuda-FP16,38.06135826654068,ina3221,1,
resnet50,FP16,2,25W,default,inference,128,64,11.45152,11.148282490066224,10.3083424,11.372544,1.0272003790901405,9.002772394950135,4.329675579678596,0.0,55.562,0.10005611832967456,43.94419582191905,0.29296130547946037,3.940991782999845,150.0,torch-cuda-FP16,38.05541152928097,ina3221,2,
resnet50,FP16,2,25W,default,train,128,64,11.293567999999999,10.124085394285713,9.967103999999999,10.464319999999999,1.1155148895103524,8.154646896577972,5.499850413528478,0.0,55.343,-0.014191201924499533,182.34477570024796,1.215631838001653,18.009153852000054,150.0,torch-cuda-FP16-train,8.326593269254277,ina3221,0,1.6510242858203128e-05
resnet50,FP16,2,25W,default,train,128,64,11.293567999999999,10.268553300374531,9.967103999999999,10.898688,1.0998207507563973,9.499468184707432,5.6067882017022805,0.0,55.375,-0.0011367569885032,178.87298181891933,1.1924865454594622,17.412988181999935,150.0,torch-cuda-FP16-train,8.615962398959995,ina3221,1,1.1920927533992653e-07
resnet50,FP16,2,25W,default,train,128,64,11.214592,10.242801924723247,9.967103999999999,10.701248,1.0948754142097705,9.018884202425006,5.75208019494277,0.0,55.281,-0.004122661950143822,177.74840164232185,1.1849893442821458,17.35135681299971,150.0,torch-cuda-FP16-train,8.640717971385458,ina3221,2,0.0
resnet50,FP16,2,MAXN,default,inference,128,64,14.185856,13.395389609958507,10.661760000000001,14.185856,1.0590103321409807,9.325632497902802,6.502936440629751,0.0,56.375,0.529322977704003,41.71236312666909,0.2780824208444606,3.1118187340002805,150.0,torch-cuda-FP16,48.09098959890063,ina3221,0,
resnet50,FP16,2,MAXN,default,inference,128,64,14.225152,13.645197121338912,11.8942208,14.185856,1.0425024917928178,9.215307296018622,6.003077608303157,0.0,56.562,0.2983357404618545,42.264958373890096,0.2817663891592673,3.0961801260000357,150.0,torch-cuda-FP16,48.38205116615186,ina3221,1,
resnet50,FP16,2,MAXN,default,inference,128,64,14.14656,13.638095999999999,11.9001344,14.107263999999999,1.037282623615496,12.31317196141928,6.045379207110928,0.0,56.812,0.3093119724575925,42.206619997028355,0.2813774666468557,3.09334439200029,150.0,torch-cuda-FP16,48.3700482669801,ina3221,2,
resnet50,FP16,2,MAXN,default,train,128,64,11.866624,10.309175083451201,10.187904,10.715068799999996,1.1510740581997576,9.397831622326377,5.505729648096438,0.0,55.937,-0.029365938044531904,185.60221966053734,1.237348131070249,18.002434958999856,150.0,torch-cuda-FP16-train,8.332656221225756,ina3221,0,0.0
resnet50,FP16,2,MAXN,default,train,128,64,11.590656000000001,10.610866925784238,10.266879999999999,10.977664,1.0923382680292495,14.513299472029654,6.1653758648933685,0.0,55.843,0.0061488329748704525,178.72681851427222,1.1915121234284816,16.840538759000083,150.0,torch-cuda-FP16-train,8.909148897985311,ina3221,1,0.0
resnet50,FP16,2,MAXN,default,train,128,64,12.51648,11.022032473221422,10.164864,12.300288,1.1355872912196014,12.086942957119946,6.041491003222846,0.0,56.343,-0.0493911118280153,173.707328388935,1.1580488559262334,15.765986268000233,150.0,torch-cuda-FP16-train,9.509070965529604,ina3221,2,0.0
resnet50,FP16,4,15W,default,inference,128,64,14.14656,13.743416152588555,12.0085504,14.107263999999999,1.0293335982069867,9.047783837347684,3.2621751255605256,0.0,56.5,0.2916373198755779,65.07955055837385,0.433863670389159,4.73424171500028,150.0,torch-cuda-FP16,31.628209003093488,ina3221,0,
resnet50,FP16,4,15W,default,inference,128,64,14.14656,13.809633656675748,12.2845184,14.107263999999999,1.0243979204445715,6.8969045630102475,3.2620537785095958,0.0,56.875,0.1984551306741042,65.40753342357931,0.4360502228238621,4.735377181999866,150.0,torch-cuda-FP16,31.667723063203553,ina3221,1,
resnet50,FP16,4,15W,default,inference,128,64,14.185856,13.825965043478263,12.2746624,14.14656,1.0260300785796863,6.399960391111704,3.286748783475025,0.0,57.093,0.19834381822624989,65.55041262401973,0.4370027508267982,4.7404435519997605,150.0,torch-cuda-FP16,31.62938960599812,ina3221,2,
resnet50,FP16,4,15W,default,train,128,64,12.870719999999999,12.296755866666667,12.02432,12.67392,1.046676061520356,8.927427064768672,6.014587795693055,0.0,56.968,0.026938696886702806,226.19997930526307,1.5079998620350872,18.39149468100004,150.0,torch-cuda-FP16-train,8.157865452266279,ina3221,0,0.0001705675240373239
resnet50,FP16,4,15W,default,train,128,64,12.55584,12.149280455593221,11.984896,12.398399999999999,1.033463672675332,9.00762646018195,6.041725795565429,0.0,57.187,0.006854742613665732,226.99451837997162,1.5132967891998108,18.682100438999896,150.0,torch-cuda-FP16-train,8.027502180083713,ina3221,1,4.869459735346027e-05
resnet50,FP16,4,15W,default,train,128,64,12.5952,12.157521698444894,12.02432,12.398399999999999,1.036000618580931,9.191976947388689,6.03147298597477,0.0,57.187,-0.0019210661697768327,228.1825075102826,1.5212167167352173,18.76670756600015,150.0,torch-cuda-FP16-train,7.9933532858763625,ina3221,2,0.00020441558444872499
resnet50,FP16,4,25W,default,inference,128,64,16.685568,15.914629242320819,12.744768,16.658304,1.0484421437622353,13.561709716821715,7.871529508246801,0.0,58.531,0.5385237154371211,60.801365466827214,0.40534243644551476,3.819669893000082,150.0,torch-cuda-FP16,39.26166732214932,ina3221,0,
resnet50,FP16,4,25W,default,inference,128,64,16.685568,16.06139002739726,13.5610496,16.658304,1.0388620145291303,13.142884846041266,6.206610588031868,0.0,58.906,0.3360008033782033,61.06894593634938,0.4071263062423292,3.800204772000143,150.0,torch-cuda-FP16,39.456099872794205,ina3221,1,
resnet50,FP16,4,25W,default,inference,128,64,16.658304,16.04200065753425,13.425478400000001,16.658304,1.038418109787092,13.29472340071046,6.315079742795154,0.0,59.187,0.3247321317769686,61.0847631591438,0.407231754394292,3.80645000100003,150.0,torch-cuda-FP16,39.28558893568971,ina3221,2,
resnet50,FP16,4,25W,default,train,128,64,15.10432,14.2809774450773,13.675008,14.90816,1.0576530953913459,11.338481728047086,8.855125675425601,0.0,59.406,0.009270968837616935,229.45450326946525,1.5296966884631016,16.05740510099986,150.0,torch-cuda-FP16-train,9.339487723340255,ina3221,0,0.0004684289451688528
resnet50,FP16,4,25W,default,train,128,64,15.025856,14.339350594417077,14.14656,14.829696,1.0478756273558307,11.670379599383548,6.365680239576853,0.0,59.531,0.012212704158693667,229.86667075142913,1.5324444716761942,16.029720661999818,150.0,torch-cuda-FP16-train,9.35574748320699,ina3221,1,0.00017333969299215823
resnet50,FP16,4,25W,default,train,128,64,15.339711999999999,14.467256399672397,13.675008,15.143552,1.06030553245378,9.946292421156409,8.895913435957086,0.0,59.937,0.025869384223361214,227.8436295721545,1.5189575304810299,15.741701250000006,150.0,torch-cuda-FP16-train,9.523794107961427,ina3221,2,0.00014577721594832838
resnet50,FP16,4,MAXN,default,inference,128,64,19.533824,18.34407384615385,13.665184,19.494912,1.0648574664398007,16.170727177088832,11.76643193826236,0.0,61.093,0.7196217715306212,58.026175710316174,0.38684117140210783,3.1709406959998887,150.0,torch-cuda-FP16,47.28751522510179,ina3221,0,
resnet50,FP16,4,MAXN,default,inference,128,64,19.410048,18.525163540983606,15.2931456,19.371072,1.0477666206324574,14.57493404093514,8.907022118359672,0.0,61.5,0.4603798480432068,58.768963461417826,0.3917930897427855,3.1709990500003187,150.0,torch-cuda-FP16,47.11654682021484,ina3221,1,
resnet50,FP16,4,MAXN,default,inference,128,64,19.410048,18.58052440816326,15.366041599999999,19.410048,1.0446447890067243,13.87518589520256,9.017105795494084,0.0,61.75,0.4005675970794486,59.09867068453633,0.39399113789690887,3.17887491700003,150.0,torch-cuda-FP16,47.14433838967806,ina3221,2,
resnet50,FP16,4,MAXN,default,train,128,64,15.980544,13.873615409158052,13.596416,14.790464,1.1518658639946984,16.382029188328634,8.933934203528406,0.0,60.906,-0.041436193900075496,239.56392485493728,1.5970928323662485,17.26418648400022,150.0,torch-cuda-FP16-train,8.690640419625591,ina3221,0,2.0711977413157e-05
resnet50,FP16,4,MAXN,default,train,128,64,15.667200000000001,14.140605367240088,13.792896,15.47136,1.1079582233655014,13.755571694679062,9.147571676063352,0.0,60.906,-0.03470888298224549,240.84943685292347,1.6056629123528232,17.02510759200004,150.0,torch-cuda-FP16-train,8.805193903808469,ina3221,1,0.00024684908566996455
resnet50,FP16,4,MAXN,default,train,128,64,15.667200000000001,14.022589404129793,13.792896,14.76104,1.117282946000391,15.336284690949041,9.043841879110499,0.0,60.687,-0.021431436857516074,241.91940951428194,1.6127960634285463,17.249755093999738,150.0,torch-cuda-FP16-train,8.691864041889039,ina3221,2,0.00011023032129742205
resnet50,FP16,8,15W,default,inference,128,64,14.067968,13.649775705521474,12.91008,13.989376,1.0306373015572237,6.355444092874398,3.2608704128299646,0.0,59.437,0.07990729002847652,114.90594421511437,0.7660396281007625,8.417455623000023,150.0,torch-cuda-FP16,17.815511724171213,ina3221,0,
resnet50,FP16,8,15W,default,inference,128,64,13.792896,13.626880786482335,13.14624,13.7536,1.0121829211041715,6.591660030470754,3.238682142534589,0.0,59.468,0.04791844693501919,114.67770921681011,0.7645180614454008,8.414775446999556,150.0,torch-cuda-FP16,17.821381141384123,ina3221,1,
resnet50,FP16,8,15W,default,inference,128,64,13.832192,13.647535157894739,13.106879999999999,13.792896,1.0135304170290738,6.307278891404886,3.2307632275870124,0.0,59.562,0.05856322373099754,114.92373813568793,0.7661582542379195,8.41960465000011,150.0,torch-cuda-FP16,17.809685153770914,ina3221,2,
resnet50,FP16,8,15W,default,train,128,64,13.792896,13.51185534082397,13.36064,13.714304,1.0207995609845606,6.808119014550265,3.276058664287583,0.0,59.562,0.004942822979639429,363.57941107589875,2.423862740505992,26.906701263000286,150.0,torch-cuda-FP16-train,5.575394135452754,ina3221,0,0.00031122867949306965
resnet50,FP16,8,15W,default,train,128,64,14.947392,13.672229562616822,13.203456000000001,14.672768,1.0932666052411657,7.20635404730328,3.3062034702351477,0.0,59.875,0.0056934647465991224,365.3124202543536,2.435416135029024,26.74143829200011,150.0,torch-cuda-FP16-train,5.609458405372867,ina3221,1,0.0002206020726589486
resnet50,FP16,8,15W,default,train,128,64,13.832192,13.426164042970575,13.242752000000001,13.7536,1.0302415459642775,6.827215215997373,3.277797331799269,0.0,59.562,-0.01133198043025196,361.27780412592085,2.408518694172806,26.907778338999833,150.0,torch-cuda-FP16-train,5.574321632378958,ina3221,2,0.00010844171629287302
resnet50,FP16,8,25W,default,inference,128,64,18.309759999999997,17.79304104803494,15.622156799999999,18.27072,1.0290405080598701,12.32283533102233,6.062293296083272,0.0,61.062,0.31069715219151123,105.71568014821767,0.7047712009881179,5.939810655000201,150.0,torch-cuda-FP16,25.217873745809708,ina3221,0,
resnet50,FP16,8,25W,default,inference,128,64,18.27072,17.855021794310726,16.0561024,18.23168,1.0232818649273074,9.368679620899941,5.921696853098005,0.0,61.437,0.21670711448212024,106.12873770455555,0.7075249180303703,5.943190723000043,150.0,torch-cuda-FP16,25.217030736478662,ina3221,1,
resnet50,FP16,8,25W,default,inference,128,64,18.38784,17.908539398692813,16.1030272,18.309759999999997,1.0267638019291607,11.297786906889836,5.919030018786238,0.0,61.875,0.18540678301316918,106.50657807752445,0.710043853850163,5.947206871000162,150.0,torch-cuda-FP16,25.20305548174669,ina3221,2,
resnet50,FP16,8,25W,default,train,128,64,17.72416,17.257345260482847,17.049344,17.64608,1.0270502057223194,14.812302254502768,6.5207032123456115,0.0,62.375,0.03368121666388968,344.8441826710788,2.298961217807192,19.981491188999826,150.0,torch-cuda-FP16-train,7.505102137297742,ina3221,0,0.0005617829156108201
resnet50,FP16,8,25W,default,train,128,64,18.309759999999997,17.1656762407767,16.736511999999998,18.153599999999997,1.0666495012008643,12.451555151000663,6.404085273959376,0.0,62.968,0.006671482219681443,339.32521828113704,2.262168121874247,19.757385242000055,150.0,torch-cuda-FP16-train,7.593152159320011,ina3221,1,0.00022575676848646253
resnet50,FP16,8,25W,default,train,128,64,17.80224,17.05924802033037,16.736511999999998,17.64608,1.043553618470414,11.983055211070813,6.468504532467948,0.0,63.343,0.010110089808737385,339.6026246058966,2.264017497372644,19.904919596000127,150.0,torch-cuda-FP16-train,7.537529293529755,ina3221,2,0.00022243449348025024
resnet50,FP16,8,MAXN,default,inference,128,64,20.03968,19.47000921658986,17.008284800000002,19.961856,1.0292588861706722,11.752536905282218,6.74759645740172,0.0,64.0,0.3049369308150724,108.84106888951985,0.7256071259301323,5.590939574999993,150.0,torch-cuda-FP16,26.7912577796823,ina3221,0,
resnet50,FP16,8,MAXN,default,inference,128,64,20.000768,19.56792033256351,17.731968,19.961856,1.0221202693020053,10.20223651129418,6.008885281036692,0.0,64.343,0.1918515224586875,109.35829146086937,0.7290552764057958,5.587165805000041,150.0,torch-cuda-FP16,26.802372553736873,ina3221,1,
resnet50,FP16,8,MAXN,default,inference,128,64,19.961856,19.560724350230416,17.749536000000003,19.961856,1.0205069936361972,9.37455876648067,5.966032308664671,0.0,64.625,0.194142216171109,109.4333128380505,0.7295554189203366,5.593740159999925,150.0,torch-cuda-FP16,26.791351434833814,ina3221,2,
resnet50,FP16,8,MAXN,default,train,128,64,18.90336,18.13114927131783,17.80224,18.786432,1.042590280247913,12.942643229966256,8.9043645632069,0.0,64.625,0.0003831681855940452,354.0122073386725,2.3600813822578166,19.523229832000197,150.0,torch-cuda-FP16-train,7.68194925030046,ina3221,0,0.0001955882180482149
resnet50,FP16,8,MAXN,default,train,128,64,18.942336,18.111169830949287,17.7632,18.786432,1.0458924617685588,12.45076225207936,8.910528410462922,0.0,64.781,-0.012494661578453106,352.15823510134146,2.347721567342276,19.44190212300009,150.0,torch-cuda-FP16-train,7.716845726659671,ina3221,1,0.00022449041716754436
resnet50,FP16,8,MAXN,default,train,128,64,18.981312000000003,18.175187050583656,17.80224,18.825408,1.044353048316521,13.008199544545597,8.813359874250468,0.0,64.906,0.00021387809804964832,353.91139616589635,2.3594093077726424,19.470624554000096,150.0,torch-cuda-FP16-train,7.702040082185069,ina3221,2,0.00021573029516730458
resnet50,FP16,16,15W,default,inference,128,64,14.476608,14.140150103653356,13.9422208,14.358912,1.0237945066976137,6.9025203735751095,3.275316245444645,0.0,62.406,-0.008393862717363292,208.21051392185518,1.388070092812368,14.724606365999989,150.0,torch-cuda-FP16,10.184585198760521,ina3221,0,
resnet50,FP16,16,15W,default,inference,128,64,14.358912,14.17471531707317,13.910784,14.31968,1.012994735965171,6.878798608511043,3.2651033315869964,0.0,61.906,-0.012247772431218986,207.66538486751264,1.384435899116751,14.649093011999867,150.0,torch-cuda-FP16,10.231185354615366,ina3221,1,
resnet50,FP16,16,15W,default,inference,128,64,14.201984,14.0950389106383,13.9382912,14.162752000000001,1.0075874277495596,6.969936109875526,3.276869381022859,0.0,61.437,-4.078146631357347e-05,207.49760937263088,1.383317395817539,14.72142478600017,150.0,torch-cuda-FP16,10.187999600830373,ina3221,2,
resnet50,FP16,16,15W,default,train,128,64,14.358912,13.950324365207996,13.832192,14.201984,1.0292887551640748,6.892811311494805,3.2881211103208807,0.0,61.187,-0.01607086820568609,634.6453724354208,4.2309691495694715,45.49219914200057,150.0,torch-cuda-FP16-train,3.2975537018128516,ina3221,0,0.0012568853562697768
resnet50,FP16,16,15W,default,train,128,64,14.437376,13.79653033009709,13.557120000000001,14.201984,1.0464497706720441,6.910003864642087,3.286446325075293,0.0,60.718,-0.008764041717907223,629.2103592475241,4.194735728316828,45.60576282800048,150.0,torch-cuda-FP16-train,3.2894122863924253,ina3221,1,0.0005388142890296876
resnet50,FP16,16,15W,default,train,128,64,14.358912,13.931495823769378,13.7536,14.241216,1.0306798481395933,6.625207417243822,3.2860697420692624,0.0,60.437,-0.0017790030849939376,629.6878098306038,4.197918732204025,45.1980746979998,150.0,torch-cuda-FP16-train,3.3182628723472956,ina3221,2,0.0005968234036117792
resnet50,FP16,16,25W,default,inference,128,64,18.669504,18.475540223048327,17.892032,18.630527999999998,1.0104984089563833,11.971478358651035,3.2121687481374828,0.0,62.281,0.17279476771618282,193.2341830418409,1.288227886945606,10.458242504000737,150.0,torch-cuda-FP16,14.337730768664393,ina3221,0,
resnet50,FP16,16,25W,default,inference,128,64,18.708479999999998,18.49536471497585,17.893984,18.669504,1.0115226322004662,10.345046525942749,3.3298269935595113,0.0,62.843,0.10795501708611897,194.00270547370815,1.293351369824721,10.48884982799973,150.0,torch-cuda-FP16,14.297244226153186,ina3221,1,
resnet50,FP16,16,25W,default,inference,128,64,18.708479999999998,18.510059805825243,17.972361600000003,18.669504,1.010719586876338,9.828919406651632,3.275750438052615,0.0,63.343,0.09709116447736765,193.65173758241758,1.2910115838827838,10.463409261000379,150.0,torch-cuda-FP16,14.334356349938833,ina3221,2,
resnet50,FP16,16,25W,default,train,128,64,18.825408,18.084214424615386,17.685119999999998,18.708479999999998,1.0409856661716936,11.597206833010764,3.2812799857811243,0.0,64.031,0.019527182271039924,585.204002505682,3.9013600167045466,32.36252510800023,150.0,torch-cuda-FP16-train,4.63464348980584,ina3221,0,0.0005153863457962871
resnet50,FP16,16,25W,default,train,128,64,18.864383999999998,18.034254541033434,17.64608,18.708479999999998,1.046030705459866,12.920384462051887,3.28932600155794,0.0,64.625,0.009972650288480604,587.9356383669583,3.919570922446389,32.60151906400006,150.0,torch-cuda-FP16-train,4.600811908332392,ina3221,1,0.0005496117519214749
resnet50,FP16,16,25W,default,train,128,64,18.942336,18.139675855938698,17.7632,18.747456,1.044248869187953,10.233284904122499,3.284209276379875,0.0,65.031,0.011983827302393647,588.4190372014716,3.9227935813431443,32.437353787000575,150.0,torch-cuda-FP16-train,4.623577862956235,ina3221,2,0.0004750007065013051
resnet50,FP16,16,MAXN,default,inference,128,64,20.084416,19.8229691577575,18.9205632,20.00672,1.0131890858610446,9.61554486684522,3.3163516035223597,0.0,65.718,0.14396831458758397,198.83611557974228,1.3255741038649484,10.028481271999226,150.0,torch-cuda-FP16,14.947462329065713,ina3221,0,
resnet50,FP16,16,MAXN,default,inference,128,64,20.084416,19.87863280808081,19.243929599999998,20.045568,1.0103519791278373,9.185070834763899,3.301287453529686,0.0,66.031,0.07660860939722505,199.3008024008929,1.3286720160059526,10.02516199100046,150.0,torch-cuda-FP16,14.951687582280282,ina3221,1,
resnet50,FP16,16,MAXN,default,inference,128,64,20.084416,19.88212864974619,19.236147199999998,20.045568,1.0101743306170787,9.74739604462821,3.33655638500334,0.0,66.187,0.07259645172988848,199.32744223362357,1.3288496148908238,10.024391705999733,150.0,torch-cuda-FP16,14.961210494449482,ina3221,2,
resnet50,FP16,16,MAXN,default,train,128,64,20.356351999999998,19.527118314089623,19.144704,20.162112,1.0424657480214092,9.92108944031136,5.741726972834192,0.0,66.406,0.006921836661712641,600.3354592344274,4.002236394896182,30.744536685999265,150.0,torch-cuda-FP16-train,4.8789474281819984,ina3221,0,0.0005453965859487653
resnet50,FP16,16,MAXN,default,train,128,64,20.356351999999998,19.48046684473049,19.027968,20.162112,1.0449622261237768,16.028986851419415,5.974107240621296,0.0,66.812,-0.0018182579053698613,602.1899291220567,4.014599527480378,30.91299229699962,150.0,torch-cuda-FP16-train,4.851603373039154,ina3221,1,0.000536259962245822
resnet50,FP16,16,MAXN,default,train,128,64,20.317504,19.51980544516129,19.144704,20.162112,1.040866111964064,12.956610629578726,3.800150526522999,0.0,66.968,0.001358966247176415,601.3108832590834,4.008739221727223,30.805970751999666,150.0,torch-cuda-FP16-train,4.8689728221302655,ina3221,2,0.0005415770574472845
resnet50,FP32,1,15W,default,inference,128,64,13.046272,12.445206249999998,10.059568,13.006976,1.0482969697669737,9.020849732018862,5.930979018604823,0.0,64.312,0.18861236859183816,41.667495717513304,0.277783304783422,3.3471710750000057,150.0,torch-cuda-FP32,44.752602952134886,ina3221,0,
resnet50,FP32,1,15W,default,inference,128,64,13.006976,12.61181394466403,11.0623744,12.983398399999999,1.031332689894554,9.13783331216882,5.427712520402159,0.0,63.968,0.06277848151628784,41.86786990928631,0.2791191327285754,3.3190865410006154,150.0,torch-cuda-FP32,45.13477643685922,ina3221,1,
resnet50,FP32,1,15W,default,inference,128,64,13.006976,12.572953196850394,10.735155200000001,13.006976,1.0345203546338129,6.189043051601121,3.8823107630718448,0.0,63.593,0.11021475475552191,41.96265246745037,0.2797510164496691,3.336383926000053,150.0,torch-cuda-FP32,44.8654472987231,ina3221,2,
resnet50,FP32,1,15W,default,train,128,64,11.275264,10.597316906377205,10.503808000000001,10.723327999999999,1.0639734660775146,13.60411568544107,8.354360774025077,0.0,62.718,-0.11065838129227375,198.55150876615028,1.3236767251076684,18.734336385999995,150.0,torch-cuda-FP32-train,8.008374890660455,ina3221,0,0.0
resnet50,FP32,1,15W,default,train,128,64,11.03872,10.562256716417911,10.503808000000001,10.683904,1.0451099889327133,13.281399053268343,9.64577382472159,0.0,60.781,-0.06972177983793974,198.09403012817685,1.320626867521179,18.753654729000118,150.0,torch-cuda-FP32-train,8.000118042914908,ina3221,1,0.0
resnet50,FP32,1,15W,default,train,128,64,10.959871999999999,10.644159099225897,10.464319999999999,10.859200000000001,1.0296606709680864,13.472822262646476,8.929803766430686,0.0,59.5,-0.05184362442112297,194.5240159633321,1.2968267730888805,18.270470651999858,150.0,torch-cuda-FP32-train,8.21087053619142,ina3221,2,0.0
resnet50,FP32,1,25W,default,inference,128,64,11.945472,11.61993172563177,10.1405184,11.945472,1.0280156787539585,10.10466765232418,4.033132819459051,0.0,58.593,0.1298379056559883,42.03151857317102,0.28021012382114013,3.6099029669994707,150.0,torch-cuda-FP32,41.46384801630301,ina3221,0,
resnet50,FP32,1,25W,default,inference,128,64,11.984896,11.677505635036496,10.647939200000001,11.984896,1.0263232897992556,8.994960607810874,3.1160377967816735,0.0,58.5,0.08666085523086937,42.338756819058,0.28225837879372,3.624790458999996,150.0,torch-cuda-FP32,41.33541213713826,ina3221,1,
resnet50,FP32,1,25W,default,inference,128,64,12.02432,11.6576850989011,10.3300608,11.9928576,1.031450060452693,8.276415394958931,3.1296010632090323,0.0,58.406,0.12615076229983868,42.21809879485032,0.2814539919656688,3.620588425999813,150.0,torch-cuda-FP32,41.38716030747059,ina3221,2,
resnet50,FP32,1,25W,default,train,128,64,11.551232,10.51062112285518,10.385344,10.906585600000001,1.0990056500925551,16.14348602540138,8.754793846189322,0.0,58.218,-0.04751627737922772,196.11154478639025,1.307410298575935,18.65719536600045,150.0,torch-cuda-FP32-train,8.041177548901555,ina3221,0,0.0
resnet50,FP32,1,25W,default,train,128,64,11.43296,10.654467251088533,10.385344,11.275264,1.0730672618879118,16.0111052711618,9.305299332591144,0.0,57.562,-0.023145525062591734,191.76388694372628,1.2784259129581752,17.994675255999937,150.0,torch-cuda-FP32-train,8.33253506999281,ina3221,1,0.0
resnet50,FP32,1,25W,default,train,128,64,11.827200000000001,10.531634540389971,10.345856,11.022544,1.1230165606906881,16.216695263008607,9.567817648383262,0.0,57.281,-0.03335031950631442,194.82526253613267,1.2988350835742177,18.494484599000316,150.0,torch-cuda-FP32-train,8.11026175348351,ina3221,2,0.0
resnet50,FP32,1,MAXN,default,inference,128,64,14.868928,13.897011547511312,10.582784,14.829696,1.0699370831754644,12.068638544499231,6.195256298669405,0.0,57.843,0.6515644651677491,40.067614613812125,0.2671174307587475,2.8807954049998443,150.0,torch-cuda-FP32,51.92551521345265,ina3221,0,
resnet50,FP32,1,MAXN,default,inference,128,64,14.790464,14.181128513761466,12.189792,14.790464,1.0429680533285648,9.494491690172879,5.992498615751441,0.0,58.093,0.405614865936022,40.35570240448898,0.26903801602992655,2.8441838409999036,150.0,torch-cuda-FP32,52.56316083757502,ina3221,1,
resnet50,FP32,1,MAXN,default,inference,128,64,14.829696,14.229095520737326,12.256704,14.829696,1.0422093223274358,9.147725888014545,5.992291307242091,0.0,58.312,0.33633789544198006,40.33477290931982,0.2688984860621321,2.833842881000237,150.0,torch-cuda-FP32,52.82154685890823,ina3221,2,
resnet50,FP32,1,MAXN,default,train,128,64,12.103168,10.728903770804912,10.582784,11.156992,1.128089901685453,16.40827757043024,9.253205998205297,0.0,57.593,-0.04614423552160009,199.78139329646277,1.3318759553097517,18.619532873000026,150.0,torch-cuda-FP32-train,8.057386956085699,ina3221,0,0.0
resnet50,FP32,1,MAXN,default,train,128,64,11.827200000000001,11.373932077821012,11.05664,11.63008,1.0398514708086621,16.047983731126617,9.409425857346145,0.0,57.125,0.0049611293679095855,192.73459687550385,1.284897312503359,16.941428661999453,150.0,torch-cuda-FP32-train,8.855659943284564,ina3221,1,0.0
resnet50,FP32,1,MAXN,default,train,128,64,11.669504000000002,10.637588495599186,10.543296,10.867097600000003,1.0970065259459627,13.897462572583093,9.644916690856615,0.0,56.718,-0.024848428705312554,199.09788515622947,1.3273192343748632,18.715401170000405,150.0,torch-cuda-FP32-train,8.01264189082963,ina3221,2,0.0
resnet50,FP32,2,15W,default,inference,128,64,15.30048,14.559923037974686,11.72864,15.222016,1.050862697563292,9.14104826360118,5.916380304116641,0.0,57.437,0.4269011657867583,60.22829132030851,0.40152194213539005,4.1348764979993575,150.0,torch-cuda-FP32,36.22118313934586,ina3221,0,
resnet50,FP32,2,15W,default,inference,128,64,15.10432,14.652271392405064,12.4968,15.10432,1.030851776867118,8.793720079908999,5.825597626837236,0.0,57.718,0.2842310089226355,60.39545722113513,0.4026363814742342,4.121555900999738,150.0,torch-cuda-FP32,36.37628389048081,ina3221,1,
resnet50,FP32,2,15W,default,inference,128,64,15.182784,14.679868962025317,12.53616,15.143552,1.0342588233774872,9.19709054323926,5.860971310600228,0.0,58.0,0.26059250505492615,60.487023632480486,0.40324682421653657,4.11980771799972,150.0,torch-cuda-FP32,36.35556889103729,ina3221,2,
resnet50,FP32,2,15W,default,train,128,64,12.792,12.586305526838967,12.477120000000001,12.713280000000001,1.016342720484769,9.818496673631445,6.499403867177964,0.0,57.781,0.012763762089926453,242.0529848631705,1.6136865657544701,19.22926451799958,150.0,torch-cuda-FP32-train,7.798665266518768,ina3221,0,4.708744654635666e-06
resnet50,FP32,2,15W,default,train,128,64,12.792,12.576854680851062,12.43776,12.713280000000001,1.0171064486796138,10.194169225760792,6.480758164347283,0.0,57.968,0.016283044317373117,241.6495271241808,1.6109968474945386,19.211476250000487,150.0,torch-cuda-FP32-train,7.807336863777665,ina3221,1,0.0
resnet50,FP32,2,15W,default,train,128,64,12.792,12.585248998009291,12.477120000000001,12.713280000000001,1.0164280422281207,10.39333418355635,6.502190648549395,0.0,58.093,0.014586101961074856,242.0369848861235,1.6135798992408232,19.22952119799993,150.0,torch-cuda-FP32-train,7.798621463980911,ina3221,2,0.0
resnet50,FP32,2,25W,default,inference,128,64,17.088448,16.222754388059702,12.898272,17.049344,1.0533629241516143,14.719174529072742,8.913739316576498,0.0,59.343,0.5314525230472739,57.52908648891173,0.3835272432594115,3.543257712999548,150.0,torch-cuda-FP32,42.319260963460785,ina3221,0,
resnet50,FP32,2,25W,default,inference,128,64,17.205759999999998,16.36503634456929,13.3994496,17.088448,1.0513731615212514,14.034431138000237,6.315054777374658,0.0,59.562,0.39918096484484333,57.72630595073667,0.3848420396715778,3.526019040000392,150.0,torch-cuda-FP32,42.40069182597852,ina3221,1,
resnet50,FP32,2,25W,default,inference,128,64,17.166656,16.366380511278198,13.468704,17.127552,1.0488975242980771,12.67811691367328,8.806922262831844,0.0,59.906,0.38475201682011567,57.63483549009863,0.38423223660065753,3.5196520360004797,150.0,torch-cuda-FP32,42.4750115252692,ina3221,2,
resnet50,FP32,2,25W,default,train,128,64,15.025856,14.280839310344827,14.14656,14.437376,1.052168970847217,12.524121991190318,8.876103211927111,0.0,59.75,0.024263248878901106,252.79029636304477,1.6852686424202985,17.699226578999514,150.0,torch-cuda-FP32-train,8.477055795639055,ina3221,0,0.0
resnet50,FP32,2,25W,default,train,128,64,14.829696,14.284194472202167,14.123520000000001,14.473472,1.0381891697749852,13.08579548095918,8.917021171507953,0.0,60.031,0.028753994051542935,252.58136841956815,1.6838757894637877,17.680035723999936,150.0,torch-cuda-FP32-train,8.48494764800319,ina3221,1,0.0
resnet50,FP32,2,25W,default,train,128,64,14.986623999999999,14.368917333333332,14.162752000000001,14.790464,1.0429890890410858,11.535778423579242,8.88206549176536,0.0,60.218,0.0073175755684590825,250.96746046022002,1.6731164030681336,17.46419203699952,150.0,torch-cuda-FP32-train,8.589099572370024,ina3221,2,0.0
resnet50,FP32,2,MAXN,default,inference,128,64,19.728384,18.349490266094424,13.3370624,19.689472000000002,1.075146160133584,20.787873379311982,9.775122472415923,0.0,61.281,0.8199695493461047,55.765098978485426,0.3717673265232362,3.0371469729998353,150.0,torch-cuda-FP32,49.38416905763588,ina3221,0,
resnet50,FP32,2,MAXN,default,inference,128,64,19.650560000000002,18.7876990877193,15.5242368,19.611648000000002,1.0459269071881567,14.619151938814953,8.902270400010854,0.0,61.562,0.46924088674981596,56.320071216355906,0.3754671414423727,2.995641479999904,150.0,torch-cuda-FP32,50.001944775643864,ina3221,1,
resnet50,FP32,2,MAXN,default,inference,128,64,19.689472000000002,18.772303371179046,15.4400256,19.611648000000002,1.0488575435142966,14.978450151985761,8.762313105397876,0.0,61.843,0.43626421227623724,56.22978073423461,0.3748652048948974,2.9941461569997045,150.0,torch-cuda-FP32,49.9169277828948,ina3221,2,
resnet50,FP32,2,MAXN,default,train,128,64,17.45088,16.342639871772036,15.432191999999999,17.25568,1.0678127974992695,15.531849252662035,11.058566667639107,0.0,61.968,0.053593425151638216,241.44541247814433,1.6096360831876289,14.771457779999764,150.0,torch-cuda-FP32-train,10.155984356105687,ina3221,0,0.0
resnet50,FP32,2,MAXN,default,train,128,64,17.372799999999998,16.37885555244755,15.432191999999999,17.166656,1.060684609151701,14.095494818623422,10.192815824787267,0.0,62.25,0.03808821525446553,242.17356358495763,1.6144904238997175,14.775698116000058,150.0,torch-cuda-FP32-train,10.146162389580974,ina3221,1,0.0
resnet50,FP32,2,MAXN,default,train,128,64,15.863040000000002,14.949502040328603,14.358912,15.706368000000001,1.061108253452656,14.232753805184263,9.893660548332557,0.0,62.0,-0.02212977967538649,255.94953847808068,1.7063302565205378,17.111608676999822,150.0,torch-cuda-FP32-train,8.76676543378281,ina3221,2,0.0
resnet50,FP32,4,15W,default,inference,128,64,14.986623999999999,14.740324998204667,13.7064448,14.947392,1.0167091975126281,6.348753174357727,3.2593597655861233,0.0,60.968,0.09386536809752603,106.7652784543842,0.711768523029228,7.241771519999929,150.0,torch-cuda-FP32,20.696523526421235,ina3221,0,
resnet50,FP32,4,15W,default,inference,128,64,14.947392,14.750412707581226,13.8577344,14.90816,1.0133541546479938,6.432057100188793,3.24491732108587,0.0,60.937,0.05721303768908103,106.71479362885646,0.7114319575257096,7.233763375000308,150.0,torch-cuda-FP32,20.703509995569096,ina3221,1,
resnet50,FP32,4,15W,default,inference,128,64,15.025856,14.737280577617328,13.8577344,14.90816,1.019581321049214,6.370611010075123,3.2415858619628777,0.0,60.843,0.05773515917674351,106.71704234692304,0.7114469489794869,7.240490309000052,150.0,torch-cuda-FP32,20.68251283888872,ina3221,2,
resnet50,FP32,4,15W,default,train,128,64,14.51584,14.387292955465588,14.31968,14.476608,1.0089347624276725,10.43998445895627,3.3589580807930117,0.04022465211735057,60.812,0.0021991812221981467,357.6829795478139,2.384553196985426,24.860376594000627,150.0,torch-cuda-FP32-train,6.033097841178235,ina3221,0,2.056355924651143e-06
resnet50,FP32,4,15W,default,train,128,64,14.672768,14.43356007855297,14.31968,14.555072000000001,1.0165730367383492,8.673719615543211,3.2860847860960294,0.0,60.718,0.007666232791297047,359.8494364846511,2.3989962432310072,24.929599048000455,150.0,torch-cuda-FP32-train,6.0179835918814355,ina3221,1,1.6122919987537898e-05
resnet50,FP32,4,15W,default,train,128,64,14.594304,14.424544363636365,14.31968,14.51584,1.0117688040664627,8.64918252525644,3.2735449447728393,0.0,60.75,0.010254270378051853,359.30849715355816,2.395389981023721,24.908155158000227,150.0,torch-cuda-FP32-train,6.020742965907345,ina3221,2,6.437274350901134e-06
resnet50,FP32,4,25W,default,inference,128,64,19.884031999999998,19.283308041237113,16.4388096,19.884031999999998,1.0311525365605447,14.690042935218223,7.788709975502069,0.0,62.25,0.38111281594241847,98.14142587633987,0.6542761725089324,5.088391414999933,150.0,torch-cuda-FP32,29.464459239427704,ina3221,0,
resnet50,FP32,4,25W,default,inference,128,64,19.922944,19.377624349614393,16.846003200000002,19.884031999999998,1.0281417185381891,14.214953705294688,6.008909825173982,0.0,62.687,0.2727020809039394,98.71518696749158,0.6581012464499438,5.092720556000131,150.0,torch-cuda-FP32,29.432035905193963,ina3221,1,
resnet50,FP32,4,25W,default,inference,128,64,19.922944,19.40878317525773,17.0376128,19.884031999999998,1.0264911416702167,14.388951189600881,6.59444513861742,0.0,62.937,0.2297264700685742,98.84195022602292,0.6589463348401527,5.09229790200061,150.0,torch-cuda-FP32,29.45199846307011,ina3221,2,
resnet50,FP32,4,25W,default,train,128,64,18.747456,18.08718730226365,17.72416,18.589603200000003,1.0365047747171676,14.856455445190875,8.774978006012736,0.0,63.531,0.06150222575175799,345.8726772965077,2.3058178486433847,19.122089560999484,150.0,torch-cuda-FP32-train,7.842081440521482,ina3221,0,3.4033153497148305e-05
resnet50,FP32,4,25W,default,train,128,64,18.27072,17.971863826657913,17.80224,18.12384,1.0166291140543136,14.919725076315954,8.861150346101796,0.0,63.937,0.037656619536274416,349.0430312252265,2.32695354150151,19.420109480000065,150.0,torch-cuda-FP32-train,7.725010220520528,ina3221,1,7.361131793004461e-06
resnet50,FP32,4,25W,default,train,128,64,18.162816,17.90634243342037,17.72416,18.084864000000003,1.0143230571811777,12.576278536437806,8.817268179359605,0.0,64.375,0.03484185809458919,349.4113438484427,2.329408958989618,19.511891090999598,150.0,torch-cuda-FP32-train,7.689148944969075,ina3221,2,6.553225102834404e-05
resnet50,FP32,4,MAXN,default,inference,128,64,21.486335999999998,20.75165494906166,17.357183999999997,21.447551999999998,1.0354034920463806,17.445500598218,9.003697816222848,0.0,64.968,0.4141572503804726,101.12708247585374,0.674180549839025,4.870959460999984,150.0,torch-cuda-FP32,30.79226204217417,ina3221,0,
resnet50,FP32,4,MAXN,default,inference,128,64,21.525119999999998,20.953358835579515,18.435648,21.486335999999998,1.0272873274832488,12.207772918577797,6.79970182260086,0.0,65.281,0.24033533488110928,101.79708078613915,0.6786472052409277,4.857418418999259,150.0,torch-cuda-FP32,30.818778318269793,ina3221,1,
resnet50,FP32,4,MAXN,default,inference,128,64,21.486335999999998,20.957568857908846,18.614937599999998,21.447551999999998,1.0252303664454672,12.727447280491715,6.503605463158372,0.0,65.5,0.21747345126142373,101.873272456754,0.6791551497116933,4.860765612999785,150.0,torch-cuda-FP32,30.846115886812697,ina3221,2,
resnet50,FP32,4,MAXN,default,train,128,64,20.162112,19.212364482425915,18.67776,19.948448,1.0494341817449302,14.861945315793461,9.561779627244219,0.0,65.75,0.04800940701276483,356.73374906263496,2.3782249937508997,18.562205819000155,150.0,torch-cuda-FP32-train,8.080823027011398,ina3221,0,7.25658392184414e-05
resnet50,FP32,4,MAXN,default,train,128,64,19.222527999999997,18.892365994666665,18.67776,19.105792,1.0174759479795457,14.921292406699695,9.652013481594585,0.0,65.75,0.017227631420691766,361.7478984501413,2.4116526563342755,19.14652121800009,150.0,torch-cuda-FP32-train,7.834202996674239,ina3221,1,0.00013141660019755363
resnet50,FP32,4,MAXN,default,train,128,64,19.222527999999997,18.887710295605856,18.67776,19.105792,1.0177267492540922,14.891399022971914,9.681233992312674,0.0,65.875,0.02098907723926279,362.10747952173097,2.4140498634782066,19.17008039600023,150.0,torch-cuda-FP32-train,7.823504474568166,ina3221,2,3.355656372150406e-05
resnet50,FP32,8,15W,default,inference,128,64,15.118848,14.966115209726444,14.672768,15.07968,1.0102052395116066,6.937739421659765,3.264234413404809,0.0,63.75,-0.018417901851211393,186.24388450002965,1.2416258966668643,12.444092660999559,150.0,torch-cuda-FP32,12.050966819434263,ina3221,0,
resnet50,FP32,8,15W,default,inference,128,64,15.197184,14.978398984646878,14.672768,15.158016,1.0146067023302945,6.4296773736296196,3.2607479984768664,0.0,63.187,-0.010836762655992654,186.89059442557013,1.2459372961704676,12.476023524000084,150.0,torch-cuda-FP32,12.018344100486184,ina3221,1,
resnet50,FP32,8,15W,default,inference,128,64,15.040512000000001,14.920699741935485,14.633536,15.001344,1.0080299356019997,6.861318867833178,3.268700391084743,0.0,62.687,-0.008855005082056696,186.30753539535067,1.2420502359690044,12.486402689999522,150.0,torch-cuda-FP32,12.008771675654984,ina3221,2,
resnet50,FP32,8,15W,default,train,128,64,15.27552,15.101764433249372,15.001344,15.197184,1.0115056467420505,10.385420320701702,3.274210680516354,0.0,62.406,-0.008271266387081816,592.8829308466163,3.9525528723107755,39.25944628100024,150.0,torch-cuda-FP32-train,3.8205677356136185,ina3221,0,1.43944007504615e-05
resnet50,FP32,8,15W,default,train,128,64,15.314688,15.06881589476981,15.001344,15.158016,1.0163166175064577,10.29183857804086,3.282835024365709,0.0,61.937,-0.007034333883660478,593.9620364302887,3.9597469095352578,39.4166334319998,150.0,torch-cuda-FP32-train,3.805639863268248,ina3221,1,7.4058434620383196e-06
resnet50,FP32,8,15W,default,train,128,64,15.27552,15.113300908285897,15.001344,15.197184,1.0107335315228962,6.561067231882124,3.2740579060525827,0.0,61.875,0.006505573187298387,591.1770262156899,3.941180174771266,39.11691613599942,150.0,torch-cuda-FP32-train,3.833999423378268,ina3221,2,7.346245183725841e-06
resnet50,FP32,8,25W,default,inference,128,64,20.045568,19.768249119293078,18.5136,20.03968,1.0140284998956366,9.72394144893156,5.82688706149435,0.0,63.406,0.2057154111343982,172.09558212274572,1.147303880818305,8.704491745999803,150.0,torch-cuda-FP32,17.210857200317356,ina3221,0,
resnet50,FP32,8,25W,default,inference,128,64,20.045568,19.80184004719764,18.747456,20.00672,1.0123083487302915,9.280174901535071,3.3657997554862176,0.0,64.0,0.12595741457240553,172.30907212065057,1.1487271474710037,8.70084033800049,150.0,torch-cuda-FP32,17.222132603219556,ina3221,1,
resnet50,FP32,8,25W,default,inference,128,64,20.084416,19.8301275994109,18.7825344,20.045568,1.0128233365778572,10.230095514163345,3.329312679693425,0.0,64.5,0.12797126830644343,172.58436357106973,1.1505624238071315,8.702931922000062,150.0,torch-cuda-FP32,17.2231545798338,ina3221,2,
resnet50,FP32,8,25W,default,train,128,64,20.511744,20.29080145854329,20.123264,20.434047999999997,1.0108888030819347,11.649931416832398,6.389072948369871,0.0,65.75,0.055135742355261745,555.4278037316267,3.702852024877511,27.374412505999317,150.0,torch-cuda-FP32-train,5.4790672247272125,ina3221,0,1.595901085238438e-05
resnet50,FP32,8,25W,default,train,128,64,20.511744,20.266774984069183,20.123264,20.3952,1.0120872223687971,13.574848790500207,6.439264928843858,0.0,66.406,0.03431445873302725,557.3140439537468,3.7154269596916456,27.499783274999572,150.0,torch-cuda-FP32-train,5.453682908187618,ina3221,1,4.424038706929423e-05
resnet50,FP32,8,25W,default,train,128,64,20.550592,20.306858189127457,20.162112,20.472896000000002,1.0120025367096444,12.970991646464132,6.409320400999523,0.0,66.906,0.03030063406091221,557.3163963993111,3.715442642662074,27.445413991999885,150.0,torch-cuda-FP32-train,5.464615616210088,ina3221,2,7.390946848317981e-06
resnet50,FP32,8,MAXN,default,inference,128,64,21.486335999999998,21.155744000000002,19.8100992,21.447551999999998,1.0156265834942981,10.315912404291868,5.926724600811796,0.0,67.0,0.16560357021786776,178.96933997241462,1.1931289331494308,8.458704161999776,150.0,torch-cuda-FP32,17.72001908836378,ina3221,0,
resnet50,FP32,8,MAXN,default,inference,128,64,21.525119999999998,21.21763710429448,20.1271488,21.447551999999998,1.0144918538381111,11.629134243483563,5.74695000025347,0.0,67.187,0.10512661079075264,179.3517214756373,1.1956781431709154,8.452013988000544,150.0,torch-cuda-FP32,17.722348442901225,ina3221,1,
resnet50,FP32,8,MAXN,default,inference,128,64,21.563903999999997,21.238976199687986,20.084416,21.486335999999998,1.0152986564539201,9.72885108728526,5.497573501442958,0.0,67.437,0.09447694446344952,180.31816919114283,1.2021211279409523,8.486391911999817,150.0,torch-cuda-FP32,17.6714831625285,ina3221,2,
resnet50,FP32,8,MAXN,default,train,128,64,21.76064,21.491387977142857,21.3312,21.644479999999998,1.0125283682535304,12.804432953711524,5.905212594328261,0.0,68.125,0.03529490478962343,575.5714220065373,3.8371428133769157,26.78154996000012,150.0,torch-cuda-FP32-train,5.6014336449381,ina3221,0,1.031154806696577e-05
resnet50,FP32,8,MAXN,default,train,128,64,21.721919999999997,21.46849326755218,21.33472,21.602687999999997,1.011804588672781,16.240596214383167,6.077294457080016,0.0,68.718,0.027195960409962097,576.386464748296,3.842576431655307,26.84859454999969,150.0,torch-cuda-FP32-train,5.587097432164774,ina3221,1,1.0147636203328148e-05
resnet50,FP32,8,MAXN,default,train,128,64,21.721919999999997,21.4941514533205,21.369984,21.60576,1.0105967684825403,15.270594380269321,5.990890497158927,0.0,68.812,0.013225314021922037,576.1367677117701,3.840911784745134,26.804716469000596,150.0,torch-cuda-FP32-train,5.597012382700506,ina3221,2,1.0877785825869069e-05
resnet50,FP32,16,15W,default,inference,128,64,15.47136,15.32761801523616,15.236352,15.432191999999999,1.0093779727953134,10.341853058035953,3.271224122130237,0.0,66.0,-0.06620130588172345,375.790010451214,2.5052667363414267,24.517475403999924,150.0,torch-cuda-FP32,6.117805373538904,ina3221,0,
resnet50,FP32,16,15W,default,inference,128,64,15.47136,15.335439391572457,15.236352,15.432191999999999,1.0088631701353297,9.535459584785936,3.2540204979557226,0.0,64.312,-0.027795186152658604,374.95671594325245,2.499711439621683,24.45087290900028,150.0,torch-cuda-FP32,6.132054446676886,ina3221,1,
resnet50,FP32,16,15W,default,inference,128,64,15.47136,15.250938637230307,15.158016,15.330355199999994,1.0144529702736855,9.378014580158034,3.27365615381436,0.0,63.343,-0.021293632904106727,373.6445576425665,2.49096371761711,24.500764371000514,150.0,torch-cuda-FP32,6.11987717215091,ina3221,2,
resnet50,FP32,16,15W,default,train,128,64,15.876224,15.51085580786634,15.393023999999999,15.628032,1.0235556436510977,10.360822996753903,5.53837884900343,0.0,62.781,-0.002445031874404374,1098.3352832947999,7.322235221965332,70.81214711100074,150.0,torch-cuda-FP32-train,2.1181892780484173,ina3221,0,0.00019037313177250326
resnet50,FP32,16,15W,default,train,128,64,15.667200000000001,15.477270623255812,15.353856,15.588864,1.0122715032493395,13.054102803321133,5.59443588374733,0.0,62.531,-0.0010607891858015325,1100.0500507564934,7.3336670050432895,71.07831910800087,150.0,torch-cuda-FP32-train,2.1101469119384313,ina3221,1,4.661714774556458e-05
resnet50,FP32,16,15W,default,train,128,64,15.706368000000001,15.464224369209573,15.353856,15.588864,1.0156583107570887,13.091908924786667,5.643404964475652,0.0,62.281,-0.0002126366794149914,1099.798914672068,7.331992764480453,71.12233641600051,150.0,torch-cuda-FP32-train,2.109105904331785,ina3221,2,4.355513010523282e-05
resnet50,FP32,16,25W,default,inference,128,64,20.317504,20.126598520231216,19.884031999999998,20.239808,1.0094852331643067,13.441022746166297,3.304997157402348,0.0,64.312,0.11234883839020315,348.68490256578696,2.3245660171052465,17.324782265000067,150.0,torch-cuda-FP32,8.652505389897778,ina3221,0,
resnet50,FP32,16,25W,default,inference,128,64,20.3952,20.19880058916968,20.00672,20.317504,1.0097233204498106,13.647123254523416,3.259470409991612,0.0,65.25,0.07519847610940884,349.9716078181598,2.333144052121065,17.326431930999206,150.0,torch-cuda-FP32,8.652852445960978,ina3221,1,
resnet50,FP32,16,25W,default,inference,128,64,20.434047999999997,20.25963263814358,20.045568,20.3952,1.0086090091055273,9.772030325721682,3.2558247357416703,0.0,65.906,0.05846418675329414,349.30152474224445,2.328676831614963,17.241580205999526,150.0,torch-cuda-FP32,8.6980102115408,ina3221,2,
resnet50,FP32,16,25W,default,train,128,64,21.059712,20.710147088557218,20.550592,20.865792000000003,1.0168789197849746,15.549836088769823,6.420653903735145,0.0,67.281,0.032146913332166134,1039.0887656220652,6.927258437480435,50.17472985099994,150.0,torch-cuda-FP32-train,2.9895688735369568,ina3221,0,5.955067535978742e-05
resnet50,FP32,16,25W,default,train,128,64,20.982144,20.757505575727432,20.594304,20.904576000000002,1.0108220336712928,16.054208119638957,6.473237218775378,0.0,67.875,0.016824848206607162,1041.4991207056764,6.943327471371176,50.17768619399976,150.0,torch-cuda-FP32-train,2.989388566449072,ina3221,1,6.507842772407457e-05
resnet50,FP32,16,25W,default,train,128,64,21.020928,20.71791801726765,20.516736,20.904576000000002,1.0146255035124574,18.281710582456565,6.368403584246082,0.0,68.062,0.007047578611627121,1041.4117981356212,6.942745320904141,50.2690872889998,150.0,torch-cuda-FP32-train,2.983708729601569,ina3221,2,4.108163193450309e-05
resnet50,FP32,16,MAXN,default,inference,128,64,21.641472,21.463697937888195,21.267206400000003,21.602687999999997,1.008282545842112,15.351470055279568,3.299267815457684,0.0,68.062,0.061685972761905655,363.547240137854,2.423648267585693,16.93671734000054,150.0,torch-cuda-FP32,8.852347661463872,ina3221,0,
resnet50,FP32,16,MAXN,default,inference,128,64,21.644479999999998,21.466726188905547,21.292416,21.602687999999997,1.0082804340787799,12.090359727833931,3.306393899925856,0.0,68.281,0.03302450932641964,363.03850670073587,2.420256711338239,16.91145675700045,150.0,torch-cuda-FP32,8.86625066820267,ina3221,1,
resnet50,FP32,16,MAXN,default,inference,128,64,21.644479999999998,21.458104685714286,21.3312,21.60576,1.0086855440876747,10.21783624625983,3.2875922023487614,0.0,68.625,0.032681116693509926,362.26462976147513,2.4150975317431675,16.882530909999332,150.0,torch-cuda-FP32,8.881088022206951,ina3221,2,
resnet50,FP32,16,MAXN,default,train,128,64,22.14784,21.851175795628127,21.721919999999997,21.99296,1.0135765785395963,15.33158471914603,6.359797148506699,0.0,69.25,0.015435240095025204,1074.1761222928285,7.161174148618857,49.161590441000044,150.0,torch-cuda-FP32-train,3.0513319279615105,ina3221,0,5.5959681048989296e-05
resnet50,FP32,16,MAXN,default,train,128,64,22.109119999999997,21.85849179781136,21.721919999999997,21.99296,1.0114659421385024,17.437437115313305,6.41470244488547,0.0,69.781,0.014502193949117047,1074.9146267250915,7.16609751150061,49.179557714999646,150.0,torch-cuda-FP32-train,3.0497684682345345,ina3221,1,4.105928019271232e-05
resnet50,FP32,16,MAXN,default,train,128,64,22.109119999999997,21.859416824443297,21.721919999999997,21.99296,1.0114231398560223,16.595938196051105,6.429442596605521,0.0,69.625,-0.0001670692691665713,1075.106667731398,7.1673777848759865,49.18521276199954,150.0,torch-cuda-FP32-train,3.049942552553897,ina3221,2,5.8060519222635776e-05
mobilenet_v3_large,FP16,1,15W,default,inference,128,64,8.147712,8.14145197122302,8.147712,8.147712,1.0007689081504265,6.367101249616556,0.0,1.64991586241666,65.031,-0.1957839846460082,29.609993785974265,0.19739995857316175,3.636549073000424,150.0,torch-cuda-FP16,41.10273326155524,ina3221,0,
mobilenet_v3_large,FP16,1,15W,default,inference,128,64,8.226816000000001,8.145725247311828,8.10816,8.187264,1.0099550071020298,3.2331262028389034,3.0158858582026427,0.0,64.187,-0.1742635779300612,29.71671961452997,0.19811146409686647,3.647959869999795,150.0,torch-cuda-FP16,41.072008287186975,ina3221,1,
mobilenet_v3_large,FP16,1,15W,default,inference,128,64,8.266368,8.183605438943895,8.147712,8.266368,1.0101132149727376,3.439008892081638,3.3730737411226572,0.0,63.531,-0.1477281987090731,29.074023472444466,0.19382682314962976,3.552650419999736,150.0,torch-cuda-FP16,42.16174887127421,ina3221,2,
mobilenet_v3_large,FP16,1,15W,default,train,128,64,7.962816,7.649827249647391,7.566656,7.764736,1.040914486058105,3.89906446474398,3.2378514472650073,0.0,62.593,-0.14162715439511422,140.65286617962488,0.9376857745308326,18.387198458000057,150.0,torch-cuda-FP16-train,8.153622439520415,ina3221,0,0.0
mobilenet_v3_large,FP16,1,15W,default,train,128,64,7.962816,7.630018517115806,7.52704,7.843968,1.0436168643808212,3.413092486973594,3.233592411065434,0.0,59.937,-0.0966922558685371,136.22050788732804,0.9081367192488536,17.85016378599994,150.0,torch-cuda-FP16-train,8.40096290821989,ina3221,1,0.0
mobilenet_v3_large,FP16,1,15W,default,train,128,64,7.9232,7.610968296727272,7.515155200000001,7.7251199999999995,1.0410239132656731,3.65675903687833,3.23557144468938,0.0,58.156,-0.07780922636931417,135.7169220814959,0.904779480543306,17.831275377000566,150.0,torch-cuda-FP16-train,8.411803779064089,ina3221,2,0.0
mobilenet_v3_large,FP16,1,25W,default,inference,128,64,7.7251199999999995,7.669991272727273,7.45984,7.7251199999999995,1.0071875867015327,3.3568235851508432,3.0086516062691118,0.0,56.562,-0.042413658187505636,31.137628743484314,0.20758419162322875,4.059444894999615,150.0,torch-cuda-FP16,36.92112548822785,ina3221,0,
mobilenet_v3_large,FP16,1,25W,default,inference,128,64,7.764736,7.691677922077923,7.606272,7.7251199999999995,1.0094983277591973,3.172442036387133,2.996032476982762,0.0,56.281,-0.05674395714569759,31.370501466271964,0.2091366764418131,4.078421891000289,150.0,torch-cuda-FP16,36.67264570392686,ina3221,1,
mobilenet_v3_large,FP16,1,25W,default,inference,128,64,7.7251199999999995,7.693117498371336,7.685504,7.7251199999999995,1.0041598872804736,3.2532601786997875,2.98269448024248,7.393958281095411,56.031,-0.06769123568549479,31.214339698335365,0.20809559798890243,4.057366685000488,150.0,torch-cuda-FP16,36.91800705609198,ina3221,2,
mobilenet_v3_large,FP16,1,25W,default,train,128,64,7.804352,7.486327434454359,7.42016,7.5392,1.0424807181264868,3.3768517153291806,3.2275325080455843,0.0,55.781,-0.04596351822158816,140.81834289317322,0.9387889526211548,18.809231559999716,150.0,torch-cuda-FP16-train,7.97732111043971,ina3221,0,0.0
mobilenet_v3_large,FP16,1,25W,default,train,128,64,7.764736,7.494276331491713,7.42016,7.5392,1.036088830534816,3.375394840569455,3.221597854960884,0.0,54.843,-0.04591605323226347,140.51673013154232,0.9367782008769487,18.749330489000386,150.0,torch-cuda-FP16-train,7.998372008802052,ina3221,1,0.0
mobilenet_v3_large,FP16,1,25W,default,train,128,64,7.764736,7.5208434659400565,7.49952,7.61856,1.0324288805058195,3.400933165254776,3.234093908471997,0.0,53.968,-0.02179349743842929,142.6994126720657,0.9513294178137713,18.973126683000373,150.0,torch-cuda-FP16-train,7.903330720107897,ina3221,2,0.0
mobilenet_v3_large,FP16,1,MAXN,default,inference,128,64,8.71552,8.463036865306124,8.002432,8.675904000000001,1.029833632856891,6.301607374136157,3.042443518144465,0.0,53.937,0.14217176750326913,27.119517509250876,0.18079678339500585,3.203172958000323,150.0,torch-cuda-FP16,46.81554623132256,ina3221,0,
mobilenet_v3_large,FP16,1,MAXN,default,inference,128,64,8.596672,8.535711869387757,8.51744,8.557056000000001,1.0071417746457525,3.2421848051157953,3.0266302068717783,0.0,53.75,0.015070523609100793,27.26027072363863,0.18173513815759088,3.1934900039996137,150.0,torch-cuda-FP16,46.82512243562538,ina3221,1,
mobilenet_v3_large,FP16,1,MAXN,default,inference,128,64,8.596672,8.548486008163268,8.51744,8.596672,1.0056367866532994,3.3332797642440544,3.0087854679466286,0.0,53.843,-0.03497302043278201,27.309094759938475,0.18206063173292317,3.194484102000388,150.0,torch-cuda-FP16,46.86988012470736,ina3221,2,
mobilenet_v3_large,FP16,1,MAXN,default,train,128,64,8.081664,7.665897123966944,7.57888,7.843968,1.0542359060276438,3.558910051556933,3.254484418979872,0.0,53.531,-0.016166331663843757,142.39994524511695,0.9493329683007797,18.57565489099943,150.0,torch-cuda-FP16-train,8.072876531912488,ina3221,0,0.0
mobilenet_v3_large,FP16,1,MAXN,default,train,128,64,7.962816,7.662568294649064,7.57888,7.777279999999999,1.0391836906120113,3.5593598606933323,3.256204472905659,0.0,53.187,-0.017023282618251673,141.79033571065392,0.9452689047376928,18.50300333799987,150.0,torch-cuda-FP16-train,8.109751533475267,ina3221,1,0.0
mobilenet_v3_large,FP16,1,MAXN,default,train,128,64,8.042048,7.782604391912908,7.69792,7.8566400000000005,1.0333363479655584,3.721788423984175,3.1473615963490116,0.0,52.906,-0.01205617135963977,132.53452167255972,0.8835634778170648,17.02848841099967,150.0,torch-cuda-FP16-train,8.806482384189998,ina3221,2,0.0
mobilenet_v3_large,FP16,2,15W,default,inference,128,64,8.557056000000001,8.483959707641196,8.200512,8.557056000000001,1.0086158226674473,6.170858767548933,3.4172937316810064,0.0,52.656,0.033112701288520986,30.533700290775673,0.20355800193850448,3.6005645830000503,150.0,torch-cuda-FP16,41.65586518511356,ina3221,0,
mobilenet_v3_large,FP16,2,15W,default,inference,128,64,8.596672,8.533736882943144,8.438208000000001,8.596672,1.0073748602658055,6.247577281698491,3.3903628012814737,0.0,52.625,0.0012599317434845846,30.38867057660859,0.2025911371773906,3.561560543000269,150.0,torch-cuda-FP16,42.024510757235475,ina3221,1,
mobilenet_v3_large,FP16,2,15W,default,inference,128,64,8.51744,8.470325257142855,8.438208000000001,8.477824,1.005562329831126,3.3029011104137136,3.0258073248612987,0.0,52.625,-0.021766098132010143,31.076188147062197,0.20717458764708133,3.6686630889998924,150.0,torch-cuda-FP16,40.862335886323685,ina3221,2,
mobilenet_v3_large,FP16,2,15W,default,train,128,64,8.477824,7.887170225312935,7.777279999999999,8.002432,1.0748879202316988,6.000860052771701,3.2210952936786676,0.0,52.593,-0.012291456768930568,148.65510888902168,0.9910340592601445,18.845235912000135,150.0,torch-cuda-FP16-train,7.96197884014397,ina3221,0,0.0
mobilenet_v3_large,FP16,2,15W,default,train,128,64,8.240128,7.914196481824661,7.81696,8.01536,1.0411831471361441,5.459545702108214,3.2333765949919657,0.0,52.468,-0.009786622747955033,144.4760933183276,0.9631739554555173,18.2542300719997,150.0,torch-cuda-FP16-train,8.219060453700738,ina3221,1,0.0
mobilenet_v3_large,FP16,2,15W,default,train,128,64,8.12128,7.885173296011197,7.81696,7.9756800000000005,1.0299431217457504,5.395663031901289,3.2320689024114078,0.0,52.25,-0.007870853920319533,145.8959595178491,0.972639730118994,18.501323170999967,150.0,torch-cuda-FP16-train,8.110057161760393,ina3221,2,0.0
mobilenet_v3_large,FP16,2,25W,default,inference,128,64,8.160896,8.077868467532467,7.81696,8.160896,1.0102783961884558,6.530697156808584,3.029948068368027,0.0,52.093,0.016011830672146937,32.78993478598548,0.2185995652399032,4.058218354000019,150.0,torch-cuda-FP16,36.85756352704844,ina3221,0,
mobilenet_v3_large,FP16,2,25W,default,inference,128,64,8.160896,8.135678545454544,8.12128,8.160896,1.0030996129461807,3.2796526428592894,3.0242915309700322,30.01700159772407,52.125,0.009087301381607795,33.06823004579092,0.22045486697193947,4.064363310999397,150.0,torch-cuda-FP16,36.89546005592901,ina3221,1,
mobilenet_v3_large,FP16,2,25W,default,inference,128,64,8.160896,8.119936207792206,8.081664,8.160896,1.0050443490145264,3.2660165356053446,3.0045147577519886,0.0,52.125,0.0018218547980164,33.1239743462136,0.220826495641424,4.079116711000097,150.0,torch-cuda-FP16,36.7726397686529,ina3221,2,
mobilenet_v3_large,FP16,2,25W,default,train,128,64,8.240128,7.912711970523214,7.777279999999999,8.05504,1.0413784844812362,6.329609425779974,3.204157395171595,0.0,52.093,-0.0035538387796460445,140.2236400964369,0.9348242673095793,17.718546133999553,150.0,torch-cuda-FP16-train,8.46762238747446,ina3221,0,0.0
mobilenet_v3_large,FP16,2,25W,default,train,128,64,8.12128,7.919960218844984,7.777279999999999,8.01536,1.0254192919651277,5.805143228192999,3.1684055361693906,0.0,52.031,-0.0035022857020587123,138.93398789025306,0.9262265859350204,17.53929504200005,150.0,torch-cuda-FP16-train,8.553943273173997,ina3221,1,0.0
mobilenet_v3_large,FP16,2,25W,default,train,128,64,8.319360000000001,7.797607483870968,7.7376000000000005,7.9756800000000005,1.0669118722900912,6.695298916535012,3.213469636068121,0.0,52.093,-0.006790943879135455,150.47056303945328,1.0031370869296885,19.295819076000043,150.0,torch-cuda-FP16-train,7.7753457379817394,ina3221,2,0.0
mobilenet_v3_large,FP16,2,MAXN,default,inference,128,64,9.11168,8.939568130081302,8.319360000000001,9.11168,1.0192528170728459,6.210160404635029,3.0513558023632057,0.0,52.031,0.07466506240132098,28.715886541868336,0.19143924361245557,3.2112910010000633,150.0,torch-cuda-FP16,46.63613790668816,ina3221,0,
mobilenet_v3_large,FP16,2,MAXN,default,inference,128,64,9.151296,9.093965528455286,9.032448,9.11168,1.0063042323357534,3.3409280636524805,3.038316297369699,0.0,52.187,0.009515329744094208,29.168435091393782,0.1944562339426252,3.2072212229995785,150.0,torch-cuda-FP16,46.65231521813672,ina3221,1,
mobilenet_v3_large,FP16,2,MAXN,default,inference,128,64,9.151296,9.097935673469388,9.032448,9.151296,1.0058651026392962,3.4675221333307813,3.0348295748606393,0.0,52.281,0.02819980931129335,29.102447891902777,0.19401631927935184,3.1986147380002876,150.0,torch-cuda-FP16,46.744506225071945,ina3221,2,
mobilenet_v3_large,FP16,2,MAXN,default,train,128,64,8.358976,7.980295370786516,7.8566400000000005,8.12128,1.0474519565528515,6.155669561093262,3.2459743576243274,0.0,52.281,-0.006455269657175322,147.5846822755177,0.9838978818367847,18.490728705999572,150.0,torch-cuda-FP16-train,8.11189139428064,ina3221,0,0.0
mobilenet_v3_large,FP16,2,MAXN,default,train,128,64,8.477824,7.905107378486055,7.8566400000000005,8.01536,1.072448936376577,6.323493379210861,3.250077455580633,0.0,52.25,-0.006987975714558573,153.0749056682268,1.020499371121512,19.363209307000034,150.0,torch-cuda-FP16-train,7.74457035298834,ina3221,1,0.0
mobilenet_v3_large,FP16,2,MAXN,default,train,128,64,8.279744,7.877379482415394,7.81696,7.9756800000000005,1.0510784733022958,6.011306953449819,3.256384228670883,0.0,52.156,-0.008227633948855631,152.58071623320092,1.0172047748880062,19.368742394999572,150.0,torch-cuda-FP16-train,7.746025132470643,ina3221,2,0.0
mobilenet_v3_large,FP16,4,15W,default,inference,128,64,9.571584000000001,9.426762176678443,8.8383296,9.532032,1.0153628383327464,6.3678188540049945,3.057515653898443,0.0,52.125,0.061950848182067336,34.92877007343046,0.23285846715620304,3.7044225199997527,150.0,torch-cuda-FP16,40.404804879270344,ina3221,0,
mobilenet_v3_large,FP16,4,15W,default,inference,128,64,9.611136,9.491481780918726,9.255168,9.571584000000001,1.012606484618853,3.337278519889849,3.0694422524316374,0.0,52.218,0.031317151588048764,35.13338642620559,0.23422257617470393,3.7011685369998304,150.0,torch-cuda-FP16,40.488516342528186,ina3221,1,
mobilenet_v3_large,FP16,4,15W,default,inference,128,64,9.571584000000001,9.483585583038868,9.270144,9.571584000000001,1.009279023866091,3.305372107206671,3.0378373940625814,0.0,52.312,0.07163501385697293,35.20628881027067,0.23470859206847114,3.711884299999838,150.0,torch-cuda-FP16,40.36292923035911,ina3221,2,
mobilenet_v3_large,FP16,4,15W,default,train,128,64,9.215616,8.496629470437018,8.398592,8.636288,1.0846202052313343,6.762800772060295,3.3184769767591455,0.0,52.343,0.001029474832753045,169.41955838243766,1.1294637225495843,19.93804951600032,150.0,torch-cuda-FP16-train,7.520877026172415,ina3221,0,1.0430804877614719e-06
mobilenet_v3_large,FP16,4,15W,default,train,128,64,9.032448,8.642918883190884,8.438208000000001,8.834368,1.0450691626374846,6.568705909825771,3.257541524096567,0.0,52.343,-0.0019067832091104724,159.3369290212368,1.0622461934749121,18.432924476999688,150.0,torch-cuda-FP16-train,8.139395015978328,ina3221,1,5.304760634317063e-06
mobilenet_v3_large,FP16,4,15W,default,train,128,64,9.072064000000001,8.82007673545384,8.438208000000001,8.992832,1.0285697360810087,6.493014264633081,3.1865736388871864,0.0,52.5,0.004120520745973511,151.33569270535162,1.0089046180356775,17.153580078000232,150.0,torch-cuda-FP16-train,8.743402527258922,ina3221,2,6.943887910892954e-06
mobilenet_v3_large,FP16,4,25W,default,inference,128,64,9.11168,8.946326430868165,8.319360000000001,9.11168,1.018482845490782,6.423360173672314,3.0626109717488874,0.0,52.468,0.03695890819283428,36.78586738534569,0.2452391159023046,4.111844907999512,150.0,torch-cuda-FP16,36.369003829065775,ina3221,0,
mobilenet_v3_large,FP16,4,25W,default,inference,128,64,9.151296,9.038817131832799,8.794752,9.11168,1.0124439809464754,3.2575871946750765,3.0431947559148114,0.0,52.531,0.01121532022287021,37.175186152822775,0.24783457435215184,4.11276883499977,150.0,torch-cuda-FP16,36.40991868392127,ina3221,1,
mobilenet_v3_large,FP16,4,25W,default,inference,128,64,9.11168,9.03909326451613,8.834368,9.11168,1.0080303115987106,3.2130807162838306,3.037252706853532,0.0,52.562,0.020497678280737248,36.94243569397077,0.24628290462647182,4.0867106480000075,150.0,torch-cuda-FP16,36.609635175513745,ina3221,2,
mobilenet_v3_large,FP16,4,25W,default,train,128,64,9.032448,8.430345865125242,8.319360000000001,8.596672,1.0714208105465213,9.776518275436345,3.26295661735485,0.0,52.656,0.0024820039135538597,169.47142566183354,1.1298095044122236,20.10027911399993,150.0,torch-cuda-FP16-train,7.464669441103072,ina3221,0,5.930630322836805e-06
mobilenet_v3_large,FP16,4,25W,default,train,128,64,8.834368,8.547429422969188,8.477824,8.636288,1.033570160434403,6.495808452201599,3.2405190903199985,0.0,52.687,0.003777423321784175,162.0115317186657,1.080076878124438,18.953355270999964,150.0,torch-cuda-FP16-train,7.912853992664731,ina3221,1,3.4272443372174166e-06
mobilenet_v3_large,FP16,4,25W,default,train,128,64,8.953216000000001,8.425893199743097,8.319360000000001,8.557056000000001,1.0625836083791071,6.534485302340156,3.2608848962487103,0.0,52.687,-0.0030370822753428748,169.18972018729383,1.1279314679152923,20.07750587099963,150.0,torch-cuda-FP16-train,7.4691991276178245,ina3221,2,6.854525622657093e-07
mobilenet_v3_large,FP16,4,MAXN,default,inference,128,64,10.464319999999999,10.170266322580643,9.0859296,10.464319999999999,1.0289130754389864,9.22647101592229,3.3190660239192185,0.0,53.0,0.13012841832088934,32.90974235635859,0.21939828237572395,3.2347651390000465,150.0,torch-cuda-FP16,46.32210461398736,ina3221,0,
mobilenet_v3_large,FP16,4,MAXN,default,inference,128,64,10.543296,10.42521755465587,10.125312,10.503808000000001,1.0113262332152864,3.3721714517957233,3.0688503888089915,0.0,53.312,0.10815767928496846,33.61798286147844,0.22411988574318958,3.2242531739993865,150.0,torch-cuda-FP16,46.373114949925636,ina3221,1,
mobilenet_v3_large,FP16,4,MAXN,default,inference,128,64,10.503808000000001,10.432679741935484,10.164864,10.503808000000001,1.0068178320262826,3.4377430148075283,3.0625680796007386,0.0,53.468,0.08477513108411881,33.68199142373382,0.2245466094915588,3.2280686230005813,150.0,torch-cuda-FP16,46.37298676817543,ina3221,2,
mobilenet_v3_large,FP16,4,MAXN,default,train,128,64,9.413376,8.623417507246376,8.477824,9.072064000000001,1.0916061981331426,9.752202209809836,3.3455527251176824,0.0,53.312,-0.00884588527392767,168.43395886919865,1.122893059127991,19.52646852899943,150.0,torch-cuda-FP16-train,7.6834643109471426,ina3221,0,1.1473720405774657e-05
mobilenet_v3_large,FP16,4,MAXN,default,train,128,64,9.413376,8.798485135096497,8.477824,9.29472,1.069885992356883,6.605315398321131,3.3682346059520096,0.0,53.093,-0.0011603883902734518,158.89624172374025,1.0593082781582683,18.049265258999185,150.0,torch-cuda-FP16-train,8.308017300866414,ina3221,1,8.46375769469887e-06
mobilenet_v3_large,FP16,4,MAXN,default,train,128,64,9.072064000000001,8.546217423685878,8.398592,8.675904000000001,1.0615297447098335,6.75046816730755,3.3685552826232663,0.0,52.968,-0.0021191114448967817,172.73258658904555,1.1515505772603036,20.209807864999675,150.0,torch-cuda-FP16-train,7.4230456821747355,ina3221,2,7.3313085522386245e-06
mobilenet_v3_large,FP16,8,15W,default,inference,128,64,11.906048,11.587703691228072,10.1015808,11.906048,1.0274725965777771,9.077632207816782,6.020975540789885,0.0,53.781,0.26616482170341466,43.29150181402112,0.2886100120934741,3.7350977609994516,150.0,torch-cuda-FP16,40.03771186246198,ina3221,0,
mobilenet_v3_large,FP16,8,15W,default,inference,128,64,11.945472,11.796238524822694,11.293567999999999,11.945472,1.012650937403756,6.60477261152972,5.932906865721547,0.0,54.093,0.12930097807264954,43.650558201691936,0.2910037213446129,3.69976051499998,150.0,torch-cuda-FP16,40.46990151965622,ina3221,1,
mobilenet_v3_large,FP16,8,15W,default,inference,128,64,11.945472,11.785321304964539,11.25408,11.945472,1.0135889969302745,6.0527798785586,5.959655922946991,0.0,54.343,0.0941207803982207,43.527984039668596,0.2901865602644573,3.6927102140007264,150.0,torch-cuda-FP16,40.50917542465072,ina3221,2,
mobilenet_v3_large,FP16,8,15W,default,train,128,64,10.740736,9.755900474576274,9.611136,10.046208,1.100947680635959,9.459929518285207,5.9210389988506416,0.0,54.125,0.0049544133197409294,206.89974004011955,1.3793316002674636,21.20494407499973,150.0,torch-cuda-FP16-train,7.075853367307502,ina3221,0,0.0008835543994791806
mobilenet_v3_large,FP16,8,15W,default,train,128,64,10.740736,10.143872174744027,9.729792,10.543296,1.058839840937865,9.289501421028229,6.083447499025815,0.0,54.5,0.017000473037602545,195.9839741076225,1.3065598273841499,19.308590844999344,150.0,torch-cuda-FP16-train,7.768025013512304,ina3221,1,0.0010180871468037367
mobilenet_v3_large,FP16,8,15W,default,train,128,64,10.780224,10.571715162934362,10.464319999999999,10.701248,1.0197232742135065,8.09709681096184,5.817572019719304,0.0,54.75,0.015097880021954314,182.002210297471,1.2133480686498068,17.213007162000395,150.0,torch-cuda-FP16-train,8.712991535199572,ina3221,2,0.0009073206456378102
mobilenet_v3_large,FP16,8,25W,default,inference,128,64,11.175104,10.839134315789472,9.6922176,11.096128,1.0309959886483846,10.060237096700915,6.52785835148986,0.0,54.718,0.14420903504836366,44.474595472233354,0.29649730314822237,4.101732545999766,150.0,torch-cuda-FP16,36.49131783933442,ina3221,0,
mobilenet_v3_large,FP16,8,25W,default,inference,128,64,11.05664,10.918928852664576,10.622272,11.017152,1.0126121480589936,6.680084465363144,5.7620671505065255,0.0,54.843,0.008258304326463487,45.36088581624031,0.30240590544160206,4.152522308999323,150.0,torch-cuda-FP16,36.08931139398005,ina3221,1,
mobilenet_v3_large,FP16,8,25W,default,inference,128,64,11.096128,10.928504050955416,10.543296,11.05664,1.0153382336926462,8.90501616773329,5.943629203600096,0.0,54.968,0.03803091851344782,45.340127533694364,0.3022675168912958,4.148568127000544,150.0,torch-cuda-FP16,36.10022177937333,ina3221,2,
mobilenet_v3_large,FP16,8,25W,default,train,128,64,10.622272,10.146563375166888,9.927552,10.391267199999994,1.0468837188754354,9.75815875239934,6.13154999019679,0.0,55.125,0.004974585763638704,200.06350249204795,1.3337566832803196,19.71131299100034,150.0,torch-cuda-FP16-train,7.612148607453621,ina3221,0,0.00040673103649169207
mobilenet_v3_large,FP16,8,25W,default,train,128,64,10.898688,10.372297502183406,10.046208,10.701248,1.050749652881224,9.472086219924813,6.146282162787247,0.0,55.437,0.03009048314227538,189.52155602800457,1.263477040186697,18.269364877000044,150.0,torch-cuda-FP16-train,8.211568210904517,ina3221,1,0.0006375620723702013
mobilenet_v3_large,FP16,8,25W,default,train,128,64,10.859200000000001,10.407075255813954,9.927552,10.740736,1.0434439775895217,9.674542585957747,6.187392401717986,0.0,55.531,0.009233277495704165,188.95124946567435,1.259674996437829,18.150511009000184,150.0,torch-cuda-FP16-train,8.264096086214387,ina3221,2,0.0013324770843610168
mobilenet_v3_large,FP16,8,MAXN,default,inference,128,64,13.30368,12.711436403100773,10.192550399999998,13.30368,1.046591398337544,10.543375355877188,7.046965758096027,0.0,56.218,0.4224142300052669,41.75946614884448,0.27839644099229655,3.2704147939994073,150.0,torch-cuda-FP16,45.711921873319255,ina3221,0,
mobilenet_v3_large,FP16,8,MAXN,default,inference,128,64,13.596416,13.340471910780671,12.610944,13.557120000000001,1.0191855348844516,7.073472328001111,6.868574234469254,0.0,56.468,0.14774622152993194,42.350350218160436,0.2823356681210696,3.1737498530001176,150.0,torch-cuda-FP16,47.19754198423954,ina3221,1,
mobilenet_v3_large,FP16,8,MAXN,default,inference,128,64,13.461120000000001,13.25950406425703,12.650304,13.42176,1.01520539039514,8.932383490482403,5.986613994541875,0.0,56.656,0.13902814646114878,43.00931949280196,0.2867287966186797,3.2427906639995854,150.0,torch-cuda-FP16,46.11839053386753,ina3221,2,
mobilenet_v3_large,FP16,8,MAXN,default,train,128,64,11.472384,10.439504780487805,9.967103999999999,10.977664,1.0989394843175628,9.837275727104378,6.154709540498833,0.0,56.218,-0.04411113606044967,198.8352928364659,1.3255686189097726,19.040329475999897,150.0,torch-cuda-FP16-train,7.877247935442062,ina3221,0,0.0006865225732326508
mobilenet_v3_large,FP16,8,MAXN,default,train,128,64,11.827200000000001,10.289495204678362,9.967103999999999,11.05664,1.1494441432483962,13.871960189026433,6.351807592044554,0.0,56.156,-0.027918218079613363,202.95898489266455,1.3530598992844303,19.723711219000506,150.0,torch-cuda-FP16-train,7.6065738297672505,ina3221,1,0.000549923162907362
mobilenet_v3_large,FP16,8,MAXN,default,train,128,64,11.175104,10.177347607346421,9.848448000000001,10.503808000000001,1.098036976936246,10.451251006991491,6.205899758002659,0.0,55.687,-0.02325676821247442,204.35014869526367,1.3623343246350912,20.078154999000617,150.0,torch-cuda-FP16-train,7.471152066009588,ina3221,2,0.0002366038243053481
mobilenet_v3_large,FP16,16,15W,default,inference,128,64,13.3824,13.073641712941175,11.5591168,13.34304,1.0236168539599182,6.787926699985241,3.6108173486955053,0.0,56.156,0.2270856315261466,67.84205105765557,0.4522803403843704,5.186387979999381,150.0,torch-cuda-FP16,28.85627827115868,ina3221,0,
mobilenet_v3_large,FP16,16,15W,default,inference,128,64,13.3824,13.131632470588235,12.43776,13.30368,1.01909644745034,6.652939345043105,3.4750791501057248,0.0,56.406,0.12373035469148616,68.01940277266003,0.45346268515106686,5.180927096999767,150.0,torch-cuda-FP16,28.903850840529877,ina3221,1,
mobilenet_v3_large,FP16,16,15W,default,inference,128,64,13.3824,13.168776523364485,12.477120000000001,13.34304,1.016221968400519,7.085136756474897,3.560493156240938,0.0,56.718,0.12175983551950031,68.39868196800359,0.4559912131200239,5.193379740999262,150.0,torch-cuda-FP16,28.861196773685126,ina3221,2,
mobilenet_v3_large,FP16,16,15W,default,train,128,64,11.787776,11.56736738969072,11.472384,11.669504000000002,1.0190543451144913,8.974390979849789,6.401697665729515,0.0,56.531,0.0031458926126694815,283.8810146914841,1.8925400979432274,24.538696528999935,150.0,torch-cuda-FP16-train,6.112718188666718,ina3221,0,0.005116465501487255
mobilenet_v3_large,FP16,16,15W,default,train,128,64,11.906048,11.6032512,11.472384,11.787776,1.0260958583745907,9.462027964689572,6.21236312641117,0.0,56.656,0.0058389285385165805,281.97749090888016,1.8798499393925343,24.298670279999897,150.0,torch-cuda-FP16-train,6.172111573683642,ina3221,1,0.00960705615580082
mobilenet_v3_large,FP16,16,15W,default,train,128,64,11.984896,11.661809994739611,11.472384,11.906048,1.0277046192148669,9.216492902596297,6.385710763010468,0.0,56.781,0.011317260521804741,281.54712222908904,1.8769808148605935,24.140826500000003,150.0,torch-cuda-FP16-train,6.212735862485647,ina3221,2,0.004546998534351587
mobilenet_v3_large,FP16,16,25W,default,inference,128,64,15.863040000000002,15.247161725490193,12.3492,15.863040000000002,1.0403929784177592,17.748556423873865,8.848965404342438,0.0,58.062,0.45401725448775004,61.529002978145236,0.4101933531876349,4.033643761000349,150.0,torch-cuda-FP16,37.145468640523546,ina3221,0,
mobilenet_v3_large,FP16,16,25W,default,inference,128,64,15.902208,15.618283016393443,14.476608,15.863040000000002,1.0181790138716618,6.362560179971993,5.960156631699264,0.0,58.406,0.17751632385766386,62.77397300208668,0.4184931533472445,4.018574813999294,150.0,torch-cuda-FP16,37.25662584190633,ina3221,1,
mobilenet_v3_large,FP16,16,25W,default,inference,128,64,15.941376,15.610833986928103,14.486416,15.863040000000002,1.0211738856071801,8.93704992759857,5.968402482906398,0.0,58.75,0.1641585436354089,62.905785876914095,0.41937190584609396,4.028790352000215,150.0,torch-cuda-FP16,37.22599965815739,ina3221,2,
mobilenet_v3_large,FP16,16,25W,default,train,128,64,13.95008,13.32882681994135,13.14624,13.517824000000001,1.0466097420614084,10.109099959156184,8.920523178848768,0.0,58.687,0.013628860338387472,288.0527942815838,1.9203519618772251,21.607519542000773,150.0,torch-cuda-FP16-train,6.9410648113879985,ina3221,0,0.004955688025802374
mobilenet_v3_large,FP16,16,25W,default,train,128,64,14.028672,13.372640094173045,13.1856,13.596416,1.0490577702837312,11.77783277646797,8.93056016428503,0.0,59.062,0.017888050538295765,288.4802020824151,1.9232013472161005,21.56830105500012,150.0,torch-cuda-FP16-train,6.953464208446879,ina3221,1,0.004597438964992762
mobilenet_v3_large,FP16,16,25W,default,train,128,64,13.95008,13.36522023915592,13.1856,13.557120000000001,1.0437598296458013,11.736800691294913,8.99552779832475,0.0,59.218,0.010950244159797135,289.3288712289303,1.9288591415262022,21.643866304000767,150.0,torch-cuda-FP16-train,6.930073845160659,ina3221,2,0.006143675651401281
mobilenet_v3_large,FP16,16,MAXN,default,inference,128,64,17.9584,17.045307003717475,13.114752000000001,17.9584,1.0535685861265736,18.649144829165184,9.08447386206749,0.0,60.187,0.5835401773260394,59.6020192992474,0.397346795328316,3.4947277430001122,150.0,torch-cuda-FP16,42.794876153388394,ina3221,0,
mobilenet_v3_large,FP16,16,MAXN,default,inference,128,64,17.997439999999997,17.623129791044782,16.2038016,17.9584,1.0212397124343613,9.32840724616671,5.923480774495267,0.0,60.562,0.2255315928718245,61.46977141536468,0.4097984761024312,3.486991294999825,150.0,torch-cuda-FP16,42.99950721045037,ina3221,1,
mobilenet_v3_large,FP16,16,MAXN,default,inference,128,64,17.9584,17.611197620817848,16.192051199999998,17.9584,1.0197148647501253,9.275934907564684,5.888584798622351,0.0,60.906,0.23100984824897172,61.49363742741942,0.4099575828494628,3.4909627260003617,150.0,torch-cuda-FP16,42.9553665742915,ina3221,2,
mobilenet_v3_large,FP16,16,MAXN,default,train,128,64,15.222016,14.097081661464586,13.871488,14.31968,1.0797990935677493,13.01493615896082,9.258101214330276,0.0,60.343,-0.001425520200434439,298.2556840449882,1.9883712269665879,21.153806347000682,150.0,torch-cuda-FP16-train,7.0914295017811195,ina3221,0,0.004642512183636427
mobilenet_v3_large,FP16,16,MAXN,default,train,128,64,14.829696,14.092424028811525,13.871488,14.303744,1.0523169023073067,13.273558561370935,9.292877082302631,0.0,60.5,0.007732889266573287,298.1441762147593,1.9876278414317285,21.152640153999528,150.0,torch-cuda-FP16-train,7.091741740945689,ina3221,1,0.006334739737212658
mobilenet_v3_large,FP16,16,MAXN,default,train,128,64,15.706368000000001,14.77844559448276,14.241216,15.510528,1.0627889042582166,12.169904674783872,8.975767694435872,0.0,61.156,0.018861434083464745,280.2607816207689,1.8684052108051261,18.961470006000127,150.0,torch-cuda-FP16-train,7.913217926008213,ina3221,2,0.007111698389053345
mobilenet_v3_large,FP32,1,15W,default,inference,128,64,8.557056000000001,8.439552226950356,8.042048,8.557056000000001,1.0139229866573272,3.4931402066297412,3.451813713913595,0.0,58.75,-0.060774177148427,28.19637769033692,0.1879758512689128,3.3398691239999607,150.0,torch-cuda-FP32,44.86628178553358,ina3221,0,
mobilenet_v3_large,FP32,1,15W,default,inference,128,64,8.51744,8.485962170542635,8.438208000000001,8.51744,1.003709400162852,3.297653427043103,3.0311788401932205,0.0,58.25,-0.11974600674770769,28.82346093094384,0.19215640620629226,3.396397925999736,150.0,torch-cuda-FP32,44.04274563392087,ina3221,1,
mobilenet_v3_large,FP32,1,15W,default,inference,128,64,8.557056000000001,8.502392062015502,8.438208000000001,8.557056000000001,1.0064292422162828,3.3471191337184174,3.0878073087756346,0.0,57.781,-0.06669844679089412,28.797602902986064,0.19198401935324041,3.386717841999598,150.0,torch-cuda-FP32,44.14465349841119,ina3221,2,
mobilenet_v3_large,FP32,1,15W,default,train,128,64,8.51744,7.983860483775812,7.9232,8.042048,1.0668322695904429,7.067323769293239,3.2525512487318267,0.0,57.468,-0.08300305011921656,142.70159299355976,0.9513439532903983,17.873284363000494,150.0,torch-cuda-FP32-train,8.391713978383557,ina3221,0,0.0
mobilenet_v3_large,FP32,1,15W,default,train,128,64,8.200512,7.895396654140571,7.81696,7.9756800000000005,1.0386447140308546,6.859695881076494,3.2578157896683155,0.0,56.031,-0.0635833209490086,147.07038548862164,0.980469236590811,18.62544720400001,150.0,torch-cuda-FP32-train,8.050242267406617,ina3221,1,0.0
mobilenet_v3_large,FP32,1,15W,default,train,128,64,8.279744,8.014854230529595,7.81696,8.200512,1.0330498549133191,6.366153966905357,3.2453252410587776,0.0,54.875,-0.03403280401452009,135.85564272969086,0.9057042848646057,16.9445965219993,150.0,torch-cuda-FP32-train,8.853190508501996,ina3221,2,0.0
mobilenet_v3_large,FP32,1,25W,default,inference,128,64,8.200512,8.086033802816901,7.7376000000000005,8.160896,1.0141575214715548,4.998720588005229,3.0926005415572075,0.0,54.156,-0.012717484796438621,30.55158646374086,0.20367724309160573,3.7775940669998818,150.0,torch-cuda-FP32,39.70178472356604,ina3221,0,
mobilenet_v3_large,FP32,1,25W,default,inference,128,64,8.160896,8.122946028169013,8.12128,8.160896,1.0046719468157714,3.2499273368290056,2.99508035979825,14.878363671398102,54.0,-0.027889233702373728,30.575383343319807,0.20383588895546537,3.76385476500036,150.0,torch-cuda-FP32,39.83426569225117,ina3221,1,
mobilenet_v3_large,FP32,1,25W,default,inference,128,64,8.160896,8.124841543859649,8.12128,8.160896,1.004437558067529,3.2504305079663385,2.957457860128947,9.018640783543901,53.937,-0.029147951622296726,30.631475545568218,0.20420983697045478,3.76996942400001,150.0,torch-cuda-FP32,39.75987771460591,ina3221,2,
mobilenet_v3_large,FP32,1,25W,default,train,128,64,8.12128,7.879033270103092,7.81696,7.9756800000000005,1.0307457427316764,6.264429658935123,3.251834881100421,0.0,53.75,-0.031423073668483625,148.69008031636852,0.9912672021091234,18.87020547100019,150.0,torch-cuda-FP32-train,7.950229409490342,ina3221,0,0.0
mobilenet_v3_large,FP32,1,25W,default,train,128,64,8.160896,7.914537794076164,7.81696,7.9756800000000005,1.0311273017242053,6.541368468321425,3.2460730340886905,0.0,53.156,-0.021318054218110782,146.69853198685294,0.9779902132456862,18.533862219000184,150.0,torch-cuda-FP32-train,8.09585494674916,ina3221,1,0.0
mobilenet_v3_large,FP32,1,25W,default,train,128,64,8.240128,8.04774848309179,7.936,8.1344,1.023904762594457,5.682271791689136,3.1813075093946317,0.0,52.875,-0.006812582398966832,134.82173256110715,0.898811550407381,16.751942017000147,150.0,torch-cuda-FP32-train,8.952326827465935,ina3221,2,0.0
mobilenet_v3_large,FP32,1,MAXN,default,inference,128,64,9.11168,8.896511711711712,8.2024928,9.11168,1.0241856915677447,6.902502156920808,2.946190014057728,0.0,52.812,0.08370038620001181,26.628239093468302,0.17752159395645534,2.9923199389995716,150.0,torch-cuda-FP32,49.978118413598416,ina3221,0,
mobilenet_v3_large,FP32,1,MAXN,default,inference,128,64,9.151296,9.080121491525423,9.032448,9.11168,1.0078384973748429,3.5331478761779467,3.4642765437974115,0.0,52.906,-0.02820966783680036,26.951503042440592,0.17967668694960395,2.967718163000427,150.0,torch-cuda-FP32,50.543766502632764,ina3221,1,
mobilenet_v3_large,FP32,1,MAXN,default,inference,128,64,9.11168,9.082884229074889,9.032448,9.11168,1.003170333365357,6.841233004053046,3.004924675322166,0.3354426175335002,53.062,0.07746944331579272,27.07953152817523,0.18053021018783488,2.981135811999593,150.0,torch-cuda-FP32,50.25341584829548,ina3221,2,
mobilenet_v3_large,FP32,1,MAXN,default,train,128,64,8.398592,7.986471629427793,7.896319999999999,8.1344,1.0516023082150152,6.516276586641338,3.2615006745447466,0.0,52.781,-0.017564622590809528,151.14764690651688,1.0076509793767792,18.92358040199997,150.0,torch-cuda-FP32-train,7.925307033404628,ina3221,0,0.0
mobilenet_v3_large,FP32,1,MAXN,default,train,128,64,8.398592,7.988965810298103,7.936,8.1344,1.0512739945856162,6.149585410626364,3.2666202748917095,0.0,52.5,-0.008283514941396208,151.54241872688743,1.010282791512583,18.96766225400006,150.0,torch-cuda-FP32-train,7.909854489051468,ina3221,1,0.0
mobilenet_v3_large,FP32,1,MAXN,default,train,128,64,8.279744,8.064551391678622,7.936,8.200512,1.0266837667552624,7.112087730525515,3.279313715174202,0.0,52.281,-0.004873167610466812,146.3669708004138,0.9757798053360921,18.145706625999992,150.0,torch-cuda-FP32-train,8.269059134317613,ina3221,2,0.0
mobilenet_v3_large,FP32,2,15W,default,inference,128,64,9.373824,9.183585240310078,8.5114976,9.373824,1.0207150861795125,6.022129809189807,3.1276861813608257,0.0,52.156,0.05411567385180162,31.215896907664586,0.20810597938443057,3.398347243999524,150.0,torch-cuda-FP32,44.08565645780458,ina3221,0,
mobilenet_v3_large,FP32,2,15W,default,inference,128,64,9.373824,9.2996336124031,9.11168,9.373824,1.0079777753284764,3.3693418682185525,3.1261486791650244,0.0,52.25,0.021577613066796918,31.582938453286403,0.21055292302190934,3.39584403400022,150.0,torch-cuda-FP32,44.15723437009626,ina3221,1,
mobilenet_v3_large,FP32,2,15W,default,inference,128,64,9.452928,9.368526807843136,9.1790272,9.452928,1.0090090143186872,3.30296347265136,3.02524889510829,0.0,52.406,0.023853710063082487,31.50468494491029,0.2100312329660686,3.3625011829999494,150.0,torch-cuda-FP32,44.46810330683329,ina3221,2,
mobilenet_v3_large,FP32,2,15W,default,train,128,64,9.270144,8.505750471303175,8.358976,8.755136,1.0898678524929395,10.101759622266615,5.213828353128645,0.0,52.437,-0.0032957730626506044,164.0965186892276,1.0939767912615173,19.285781626000244,150.0,torch-cuda-FP32-train,7.776409660892788,ina3221,0,0.0
mobilenet_v3_large,FP32,2,15W,default,train,128,64,8.834368,8.4553059828156,8.358976,8.675904000000001,1.044831259561132,7.74162332164599,5.183625257280949,0.0,52.468,-0.003856368442375538,165.9047366010252,1.106031577340168,19.61610635499983,150.0,torch-cuda-FP32-train,7.64687269585899,ina3221,1,0.0
mobilenet_v3_large,FP32,2,15W,default,train,128,64,8.9136,8.439937167426711,8.358976,8.596672,1.0561216064974221,9.702203861491675,5.326716522207112,0.0,52.5,0.003340591012507292,166.8675048594527,1.1124500323963513,19.768702053000197,150.0,torch-cuda-FP32-train,7.587432917115085,ina3221,2,0.0
mobilenet_v3_large,FP32,2,25W,default,inference,128,64,8.992832,8.8198336227758,8.253440000000001,8.953216000000001,1.019614698487901,6.24933803555576,3.1391126382072514,0.0,52.437,0.027586566081386574,32.8415429884148,0.21894361992276534,3.722796942000059,150.0,torch-cuda-FP32,40.23801236049986,ina3221,0,
mobilenet_v3_large,FP32,2,25W,default,inference,128,64,8.953216000000001,8.900347672597865,8.755136,8.953216000000001,1.0059400294625462,3.2415624336645084,3.084106679236566,0.0,52.437,0.005430717961158043,33.08880804057294,0.22059205360381962,3.7174106429993117,150.0,torch-cuda-FP32,40.246657629987226,ina3221,1,
mobilenet_v3_large,FP32,2,25W,default,inference,128,64,8.992832,8.912613124555161,8.794752,8.953216000000001,1.0090006010946249,3.263145556605391,3.0828291767407174,0.0,52.531,0.013510932132301298,33.13138249729511,0.22087588331530073,3.717128679999405,150.0,torch-cuda-FP32,40.29527798379499,ina3221,2,
mobilenet_v3_large,FP32,2,25W,default,train,128,64,8.953216000000001,8.426604108681246,8.319360000000001,8.596672,1.0624939637043385,7.808390116597513,5.143881342809876,0.0,52.531,-0.004112475513395644,165.46259406572943,1.1030839604381961,19.63287093799954,150.0,torch-cuda-FP32-train,7.6418074018025175,ina3221,0,0.0
mobilenet_v3_large,FP32,2,25W,default,train,128,64,8.9136,8.436232468085107,8.319360000000001,8.596672,1.0565853932689515,9.791449733702292,5.170558264892921,0.0,52.406,-0.00544955882903035,164.03946501213662,1.093596433414244,19.442696072999752,150.0,torch-cuda-FP32-train,7.7172686821883225,ina3221,1,0.0
mobilenet_v3_large,FP32,2,25W,default,train,128,64,8.9136,8.420012431502318,8.319360000000001,8.596672,1.0586207648163313,7.909194924899618,5.210890735289111,0.0,52.406,-0.004671414778575152,164.3077955833472,1.0953853038889814,19.511856957999953,150.0,torch-cuda-FP32-train,7.687507329279217,ina3221,2,0.0
mobilenet_v3_large,FP32,2,MAXN,default,inference,128,64,10.283520000000001,9.930682595555554,8.683827200000001,10.275609600000001,1.0355300253582123,6.214603346741422,3.281037750353118,0.0,52.781,0.18384201927543217,29.268983377995287,0.1951265558533019,2.945491929000127,150.0,torch-cuda-FP32,50.76974700852176,ina3221,0,
mobilenet_v3_large,FP32,2,MAXN,default,inference,128,64,10.283520000000001,10.193064753363227,9.927552,10.283520000000001,1.0088741952322953,6.798659417065056,3.0555008029841626,0.0,53.0,0.07459959109641179,29.790647509705057,0.19860431673136705,2.9220798220003417,150.0,torch-cuda-FP32,51.11994783025851,ina3221,1,
mobilenet_v3_large,FP32,2,MAXN,default,inference,128,64,10.323072,10.19927246636771,9.927552,10.283520000000001,1.0121380749500046,6.282404668526292,3.0496281245405874,0.0,52.937,9.922982581961994e-05,29.90774320007801,0.19938495466718673,2.9319892130006338,150.0,torch-cuda-FP32,51.15612285157748,ina3221,2,
mobilenet_v3_large,FP32,2,MAXN,default,train,128,64,9.413376,8.813005542168675,8.477824,9.286118399999996,1.0681232361603155,9.159915627147761,5.686366712620654,0.0,52.75,0.002797885160333538,154.85169808157679,1.0323446538771786,17.563145154999802,150.0,torch-cuda-FP32-train,8.542971616153041,ina3221,0,0.0
mobilenet_v3_large,FP32,2,MAXN,default,train,128,64,9.650688,9.307834889507893,9.190912,9.492479999999999,1.0368348938890808,11.278896815570421,5.705854121572024,0.0,53.062,0.014453013591905843,134.51925025737052,0.8967950017158034,14.450594494999677,150.0,torch-cuda-FP32-train,10.377266572263403,ina3221,1,0.0
mobilenet_v3_large,FP32,2,MAXN,default,train,128,64,9.413376,9.130106308631213,8.794752,9.30976,1.0310258919001847,9.362852115315784,5.679291917069265,0.0,53.125,0.0060458025663492985,140.25748852224075,0.935049923481605,15.359571914999833,150.0,torch-cuda-FP32-train,9.768521818894968,ina3221,2,0.0
mobilenet_v3_large,FP32,4,15W,default,inference,128,64,11.708928,11.233352749999998,9.630912,11.669504000000002,1.042336002490441,9.150865470198392,5.932825072030679,0.0,53.656,0.27946820820530766,38.065866239983635,0.2537724415998909,3.3863594109998303,150.0,torch-cuda-FP32,44.264441421188984,ina3221,0,
mobilenet_v3_large,FP32,4,15W,default,inference,128,64,11.63008,11.459146500000001,11.00728,11.590656000000001,1.014916774124495,5.9947924193237245,3.218127011459025,0.0,53.968,0.1347314719946258,38.56199140495444,0.25707994269969625,3.3646361820001403,150.0,torch-cuda-FP32,44.497836521717126,ina3221,1,
mobilenet_v3_large,FP32,4,15W,default,inference,128,64,11.63008,11.4816095,10.977664,11.63008,1.012931157430498,6.18993060952035,3.210957975616784,0.0,54.125,0.097625497457432,38.65385402666553,0.2576923601777702,3.3661543329999404,150.0,torch-cuda-FP32,44.53636114659487,ina3221,2,
mobilenet_v3_large,FP32,4,15W,default,train,128,64,10.740736,9.689898024096387,9.532032,10.060051199999997,1.1084467528234496,10.293581255132418,7.680412167141848,0.0,54.062,0.004704314177337962,186.91014234065165,1.2460676156043442,19.287347401999796,150.0,torch-cuda-FP32-train,7.77875747719117,ina3221,0,2.616568781377282e-05
mobilenet_v3_large,FP32,4,15W,default,train,128,64,10.740736,10.1541723943662,9.611136,10.622272,1.0577657718278686,9.74027093382271,6.3702924007068935,0.0,54.531,0.016519114107208827,171.6393038519956,1.1442620256799707,16.893387238000287,150.0,torch-cuda-FP32-train,8.876991679514182,ina3221,1,7.808118425600696e-06
mobilenet_v3_large,FP32,4,15W,default,train,128,64,10.740736,10.23026361067504,9.729792,10.622272,1.049898263500492,11.164686476343244,6.438904955474883,0.0,54.625,0.01051355482656306,171.01135150942068,1.140075676729471,16.709034769000027,150.0,torch-cuda-FP32-train,8.977579541521845,ina3221,2,5.069109101896174e-05
mobilenet_v3_large,FP32,4,25W,default,inference,128,64,10.859200000000001,10.513517248407641,9.3995328,10.859200000000001,1.0328798387280638,10.139391897912462,6.499701409223974,0.0,54.375,0.09794819497729984,39.365712442390446,0.2624380829492696,3.7431071720002365,150.0,torch-cuda-FP32,40.0141467935202,ina3221,0,
mobilenet_v3_large,FP32,4,25W,default,inference,128,64,10.819711999999999,10.705121856655289,10.503808000000001,10.819711999999999,1.0107042353070899,9.923397586203873,3.345521937627407,0.0,54.468,0.010343479578077837,39.71824367465501,0.2647882911643667,3.7094655969995074,150.0,torch-cuda-FP32,40.35370262472218,ina3221,1,
mobilenet_v3_large,FP32,4,25W,default,inference,128,64,10.780224,10.68733919434629,10.4287808,10.780224,1.0086911067352338,5.9773291989081185,3.155979304376797,0.0,54.531,-0.004973287602158212,40.06485616334754,0.26709904108898364,3.7485356369998044,150.0,torch-cuda-FP32,39.978632806694755,ina3221,2,
mobilenet_v3_large,FP32,4,25W,default,train,128,64,10.859200000000001,10.137515054545455,9.579494400000002,10.424832,1.071189531317239,14.228753151208752,6.689406143092995,0.0,54.875,0.019953457708290843,171.69115270374095,1.1446076846916065,16.931406011000036,150.0,torch-cuda-FP32-train,8.860101384107065,ina3221,0,1.370904101349879e-06
mobilenet_v3_large,FP32,4,25W,default,train,128,64,10.740736,9.641725196765497,9.492479999999999,10.119379199999996,1.113984871048097,9.70437153862532,7.444240030536121,0.0,54.562,-0.019154809346432315,186.00075948652238,1.2400050632434825,19.286981547000323,150.0,torch-cuda-FP32-train,7.777184511157243,ina3221,1,2.6822084464583895e-07
mobilenet_v3_large,FP32,4,25W,default,train,128,64,10.345856,9.595730401062417,9.452928,9.808896,1.0781728505893131,13.42602860184385,6.403540190875802,0.0,54.281,-0.007312625596560422,188.9454585836313,1.259636390557542,19.692591885000184,150.0,torch-cuda-FP32-train,7.617966769733159,ina3221,2,4.291513505449984e-06
mobilenet_v3_large,FP32,4,MAXN,default,inference,128,64,13.02816,12.337362488888889,9.9196416,12.9888,1.055992316974819,11.996551356838404,5.966099840442972,0.0,55.062,0.44667097234151965,36.450273859786826,0.24300182573191217,2.9519947669996327,150.0,torch-cuda-FP32,50.73494373987848,ina3221,0,
mobilenet_v3_large,FP32,4,MAXN,default,inference,128,64,13.02816,12.854239135135137,12.300288,13.02816,1.0135302341147114,6.480756432663515,3.315218393932556,0.0,55.312,0.15317490013787555,37.412107844039014,0.24941405229359342,2.909908671001176,150.0,torch-cuda-FP32,51.393141959751986,ina3221,1,
mobilenet_v3_large,FP32,4,MAXN,default,inference,128,64,12.9888,12.815772986547083,12.300288,12.9888,1.0135010985006168,5.9621542946185535,3.2229715166055284,0.0,55.5,0.13864859080330538,37.53953113020571,0.25026354086803804,2.9285445740006253,150.0,torch-cuda-FP32,51.206830793505354,ina3221,2,
mobilenet_v3_large,FP32,4,MAXN,default,train,128,64,11.314688,10.442029477768795,9.650688,11.135616,1.0835717351774485,10.921694276645527,6.490458181672557,0.0,55.281,0.040017342224779255,169.88737387684822,1.1325824925123213,16.25610046499969,150.0,torch-cuda-FP32-train,9.230580269714187,ina3221,0,1.5795210401847726e-06
mobilenet_v3_large,FP32,4,MAXN,default,train,128,64,10.661760000000001,9.885929926439973,9.650688,10.345856,1.078478208861775,13.265306600842912,6.8075510816005025,0.0,55.187,-0.025457252475561812,185.2190239989278,1.2347934933261855,18.72829697099951,150.0,torch-cuda-FP32-train,8.009582112552808,ina3221,1,1.7881390590446244e-07
mobilenet_v3_large,FP32,4,MAXN,default,train,128,64,11.412032,10.663591482312338,9.729792,11.135616,1.0701865332077938,13.64852175289323,6.519662236374895,0.0,55.312,0.059494644819052776,163.66485260352883,1.0910990173568589,15.339493879999281,150.0,torch-cuda-FP32-train,9.77659473455596,ina3221,2,9.536734069115482e-07
mobilenet_v3_large,FP32,8,15W,default,inference,128,64,14.421631999999999,13.862304752941174,11.5098368,14.382335999999999,1.0403487917072485,10.826937029826022,6.786546068815281,0.0,56.093,0.3528002654393789,54.049313835324554,0.3603287589021637,3.8998172219999105,150.0,torch-cuda-FP32,38.421929324157595,ina3221,0,
mobilenet_v3_large,FP32,8,15W,default,inference,128,64,14.382335999999999,14.124562006116207,13.000608,14.382335999999999,1.0182500521978783,6.9235982444152535,3.4881972131339998,0.0,56.437,0.1752191816348175,55.063710074444515,0.3670914004962968,3.8962725769997633,150.0,torch-cuda-FP32,38.39610707461442,ina3221,1,
mobilenet_v3_large,FP32,8,15W,default,inference,128,64,14.421631999999999,14.131824741721852,13.030128,14.382335999999999,1.0205074194999417,9.570405003037566,3.251383489960212,0.0,56.656,0.15154337494537778,55.03648452487468,0.36690989683249786,3.8941882599992823,150.0,torch-cuda-FP32,38.446947559060554,ina3221,2,
mobilenet_v3_large,FP32,8,15W,default,train,128,64,12.260864,11.857551425641027,11.590656000000001,12.142592,1.0340131414894682,9.817191007681581,6.4106457870461035,0.0,56.562,0.015372649151231666,242.19108783828577,1.6146072522552384,20.418741293000494,150.0,torch-cuda-FP32-train,7.344408808457217,ina3221,0,0.0008190961088985205
mobilenet_v3_large,FP32,8,15W,default,train,128,64,12.260864,11.75488220282729,11.551232,12.063744,1.0430443953790547,10.232585583356412,6.498049070640524,0.0,56.656,-0.00017843784386562233,243.3875636304041,1.6225837575360273,20.701511010000104,150.0,torch-cuda-FP32-train,7.243722215211771,ina3221,1,0.00030081442673690617
mobilenet_v3_large,FP32,8,15W,default,train,128,64,12.260864,11.921569638366817,11.590656000000001,12.142592,1.0284605443683559,9.83029950085602,6.276290643618318,0.0,56.875,0.015394915862310175,239.78963354779177,1.5985975569852784,20.105323982999835,150.0,torch-cuda-FP32-train,7.459795704823505,ina3221,2,0.0008985298918560147
mobilenet_v3_large,FP32,8,25W,default,inference,128,64,15.339711999999999,14.611577299638988,11.7246976,15.30048,1.0498327241083685,16.52156325866779,9.672688972905886,0.0,57.687,0.4468829379820928,52.91130385762301,0.35274202571748675,3.60738081099953,150.0,torch-cuda-FP32,41.534930845678716,ina3221,0,
mobilenet_v3_large,FP32,8,25W,default,inference,128,64,15.614336,15.28376172972973,14.018848,15.588864,1.0216291169749947,10.00361230211387,6.697066538291664,0.0,58.093,0.19787942958153987,53.46061864115492,0.35640412427436613,3.4979038550009136,150.0,torch-cuda-FP32,42.753036269973805,ina3221,1,
mobilenet_v3_large,FP32,8,25W,default,inference,128,64,15.628032,15.324741154362414,14.258553599999999,15.588864,1.0197909277933381,9.996521636661184,6.687582424659297,0.0,58.437,0.14221564643159376,53.79689305308278,0.3586459536872186,3.510002971001086,150.0,torch-cuda-FP32,42.66315200566992,ina3221,2,
mobilenet_v3_large,FP32,8,25W,default,train,128,64,14.555072000000001,14.088055867403314,13.557120000000001,14.34304,1.033149792774265,12.168500411263581,9.650849422077734,0.0,58.781,0.04795148458757152,235.37554588522772,1.569170305901518,16.702163044999907,150.0,torch-cuda-FP32-train,8.978187897240835,ina3221,0,0.00028972054133191705
mobilenet_v3_large,FP32,8,25W,default,train,128,64,14.500224,14.024777365853657,13.106879999999999,14.370624,1.0339004764028497,12.980887611536355,9.515551601721812,0.0,59.218,0.030303318263573954,236.05650315229678,1.5737100210153119,16.823611967000033,150.0,torch-cuda-FP32-train,8.917009949812199,ina3221,1,0.0001810671092243865
mobilenet_v3_large,FP32,8,25W,default,train,128,64,14.185856,13.366529002135232,12.870719999999999,13.792896,1.0612969154321128,13.31227000357311,9.538876687072847,0.0,59.281,-0.007729662973118355,245.05690612581898,1.6337127075054598,18.32633557599911,150.0,torch-cuda-FP32-train,8.185533183821246,ina3221,2,0.000652180751785636
mobilenet_v3_large,FP32,8,MAXN,default,inference,128,64,18.19264,16.977314519685038,12.389644800000001,18.19264,1.071585260372352,20.26122171315809,11.982288674018594,0.0,60.187,0.7342522428522181,49.17227274749989,0.32781515164999925,2.8959314650001033,150.0,torch-cuda-FP32,51.567602641673915,ina3221,0,
mobilenet_v3_large,FP32,8,MAXN,default,inference,128,64,18.27072,17.847852521739128,16.4348928,18.23168,1.0236929052246375,10.38359310331348,6.7268249326305725,0.0,60.437,0.2727264490399704,51.14689337021949,0.3409792891347966,2.865896359000544,150.0,torch-cuda-FP32,52.19870352410225,ina3221,1,
mobilenet_v3_large,FP32,8,MAXN,default,inference,128,64,18.27072,17.836022677165356,16.384576000000003,18.23168,1.024371875428885,10.440634883285924,6.864140932633576,0.0,60.843,0.2085100779036554,51.13736586901375,0.34091577246009164,2.8666649870010588,150.0,torch-cuda-FP32,52.22392321730008,ina3221,2,
mobilenet_v3_large,FP32,8,MAXN,default,train,128,64,15.667200000000001,13.387425584594224,12.713280000000001,14.986623999999999,1.1702922194412988,12.974476012221324,9.755436000293528,0.0,60.343,-0.08569637498582515,249.07533549286725,1.6605022366191151,18.611398757000643,150.0,torch-cuda-FP32-train,8.059686626577957,ina3221,0,0.00033588166115805507
mobilenet_v3_large,FP32,8,MAXN,default,train,128,64,14.790464,13.018860242744063,12.75264,13.675008,1.1360797891845658,16.084924259313865,9.74167486484631,0.0,59.75,-0.02672336601382336,251.4435709293292,1.6762904728621948,19.311757056000715,150.0,torch-cuda-FP32-train,7.767327425649061,ina3221,1,0.0003026390040758997
mobilenet_v3_large,FP32,8,MAXN,default,train,128,64,15.510528,13.510005370551292,12.83136,14.766924799999995,1.1480771157803822,16.405525472721664,9.726197651671391,0.0,59.937,-0.036039630090064195,248.86848684568864,1.6591232456379243,18.41114473699963,150.0,torch-cuda-FP32-train,8.148948110303932,ina3221,2,0.0004974919720552862
mobilenet_v3_large,FP32,16,15W,default,inference,128,64,13.910784,13.718980682926828,12.83136,13.910784,1.013980872304301,8.970298854433217,3.2407135335534383,0.0,58.968,0.08638408127147212,104.73017584761513,0.6982011723174342,7.632453246000296,150.0,torch-cuda-FP32,19.622627168280182,ina3221,0,
mobilenet_v3_large,FP32,16,15W,default,inference,128,64,13.910784,13.80791748494983,13.3154496,13.910784,1.0074498211017187,6.387791010086196,3.3142337050732475,0.0,59.093,0.036834397645844286,104.6270512922118,0.6975136752814121,7.577084632999686,150.0,torch-cuda-FP32,19.778391399645308,ina3221,1,
mobilenet_v3_large,FP32,16,15W,default,inference,128,64,13.910784,13.786475440414506,13.321344,13.910784,1.0090167033715585,6.796000984452433,3.2868842556218647,0.0,59.281,0.035748198308608724,105.16820522884086,0.7011213681922724,7.626428745001249,150.0,torch-cuda-FP32,19.64315905938241,ina3221,2,
mobilenet_v3_large,FP32,16,15W,default,train,128,64,13.557120000000001,13.302880519350811,13.203456000000001,13.439232,1.0191116112243033,10.314621865704531,6.455573783647686,0.0,59.468,0.00810269696980972,400.7664572975343,2.671776381983562,30.12380046399994,150.0,torch-cuda-FP32-train,4.978332103738018,ina3221,0,0.004859858192503452
mobilenet_v3_large,FP32,16,15W,default,train,128,64,13.478528,13.288556842809363,13.1856,13.399936,1.0142958456240065,10.371435828675258,6.3420391240304115,0.0,59.468,0.0038440207947775147,400.2349089889115,2.6682327265927435,30.122716686000786,150.0,torch-cuda-FP32-train,4.979265687716099,ina3221,1,0.006932050921022892
mobilenet_v3_large,FP32,16,15W,default,train,128,64,13.517824000000001,13.304540136552871,13.203456000000001,13.439232,1.016030908340917,10.00442055355237,6.440032036512289,0.0,59.593,0.007283547148270841,401.1241440545466,2.674160960363644,30.146837422000317,150.0,torch-cuda-FP32-train,4.976588675200939,ina3221,2,0.003631407395005226
mobilenet_v3_large,FP32,16,25W,default,inference,128,64,17.997439999999997,17.49655621256039,15.051356799999999,17.9584,1.0286275642677634,14.275370446372111,6.0817366680788005,0.0,60.812,0.29785544128777613,95.15256676079025,0.634350445071935,5.437342078999791,150.0,torch-cuda-FP32,27.546763057623863,ina3221,0,
mobilenet_v3_large,FP32,16,25W,default,inference,128,64,18.03648,17.730675014492757,16.658304,17.997439999999997,1.01724722748893,9.879495794507564,3.294847303145771,0.0,61.218,0.1434361470707312,96.63870096996835,0.6442580064664557,5.449814101000811,150.0,torch-cuda-FP32,27.523191311177204,ina3221,1,
mobilenet_v3_large,FP32,16,25W,default,inference,128,64,17.997439999999997,17.728387683453242,16.5722752,17.9584,1.0151763556478335,8.669951844761343,3.407939962617191,0.0,61.468,0.12799149982182167,96.39005866833864,0.6426003911222576,5.436697255001491,150.0,torch-cuda-FP32,27.531755928929975,ina3221,2,
mobilenet_v3_large,FP32,16,25W,default,train,128,64,16.658304,16.37284103184026,16.189056,16.580096,1.0174351517616644,16.15900086387351,9.795766553227228,0.0,62.062,0.02690960813835749,384.1508795040525,2.56100586336035,23.45851000500079,150.0,torch-cuda-FP32-train,6.394376396754756,ina3221,0,0.00456381356343627
mobilenet_v3_large,FP32,16,25W,default,train,128,64,17.049344,16.47172122976643,16.22816,16.775616000000003,1.0350675416476656,14.751560469964323,9.798718062053574,0.0,62.531,0.02135265844989911,384.0860975664032,2.5605739837760213,23.31330014500054,150.0,torch-cuda-FP32-train,6.432790524948103,ina3221,1,0.004951083566993475
mobilenet_v3_large,FP32,16,25W,default,train,128,64,17.049344,16.49279982608696,16.267264,16.853824,1.033744675238994,15.020061447435056,9.79152370238378,0.0,62.875,0.011369713189460066,383.80810453689423,2.558720696912628,23.267502479999166,150.0,torch-cuda-FP32-train,6.446146177013275,ina3221,2,0.002173425629734993
mobilenet_v3_large,FP32,16,MAXN,default,inference,128,64,19.417088,18.825356182741118,15.992294399999999,19.378176,1.0314327023358727,14.714300211251391,8.6308137377293,0.0,63.406,0.33566273279417663,96.51405617157525,0.643427041143835,5.126201842000228,150.0,torch-cuda-FP32,29.223067872776994,ina3221,0,
mobilenet_v3_large,FP32,16,MAXN,default,inference,128,64,19.456,19.16783083495146,18.001344,19.417088,1.0150339998057099,10.17545015793958,3.5251386869132477,0.0,63.718,0.1489170374343988,98.3391434515089,0.6555942896767261,5.132086161998814,150.0,torch-cuda-FP32,29.19080978784149,ina3221,1,
mobilenet_v3_large,FP32,16,MAXN,default,inference,128,64,19.417088,19.168474152284265,18.07552,19.417088,1.0129699341606753,9.293370735889882,5.6293570639765464,0.0,64.031,0.11854657157647887,98.31101203710804,0.6554067469140537,5.127893691998906,150.0,torch-cuda-FP32,29.216658615187143,ina3221,2,
mobilenet_v3_large,FP32,16,MAXN,default,train,128,64,18.5136,17.62931333108488,17.333759999999998,18.201792,1.050160017710724,15.31697845757007,11.809412894389588,0.0,64.125,0.013909984998143539,393.7400184350272,2.6249334562335145,22.330267893999917,150.0,torch-cuda-FP32-train,6.7192787642287515,ina3221,0,0.0030442369170486927
mobilenet_v3_large,FP32,16,MAXN,default,train,128,64,17.88032,17.571683282051282,17.372799999999998,17.7632,1.0175644366561045,15.120824451111368,11.84904505460282,0.0,64.312,0.012954907993556633,395.5606075061223,2.6370707167074823,22.507947844998853,150.0,torch-cuda-FP32-train,6.66627433242377,ina3221,1,0.005215984769165516
mobilenet_v3_large,FP32,16,MAXN,default,train,128,64,17.91936,17.56322334075724,17.372799999999998,17.7632,1.0202774087838598,16.294635047758543,11.827404275979452,0.0,64.5,0.00833119957560017,396.30349865754465,2.642023324383631,22.560791384999902,150.0,torch-cuda-FP32-train,6.6504251039974465,ina3221,2,0.0044397409074008465
