t_s,power_w,temp_c,epoch
0.0003112089998467127,7.804352,59.875,-1
0.029200519998994423,7.804352,59.718,0
0.045713296998656006,7.804352,59.781,0
0.06643614199856529,7.843968,59.781,0
0.09565848700003698,7.843968,59.843,0
0.11162552099995082,7.804352,59.937,0
0.13271890399846598,7.804352,59.718,0
0.1494609040000796,7.804352,59.75,0
0.16592651099927025,7.804352,59.812,0
0.18428471500010346,7.804352,59.75,0
0.20138281999970786,7.843968,59.625,0
0.2182699759996467,7.843968,59.75,0
0.2348332819983625,7.883584,59.75,0
0.25108179499875405,7.962816,59.843,0
0.26723273799871095,8.002432,60.125,0
0.2837792119989899,8.042048,59.968,0
0.2999120749991562,8.081664,59.875,0
0.3160474329997669,8.12128,59.875,0
0.3322396569983539,8.160896,59.906,0
0.34830618199885066,8.200512,60.062,0
0.36434092899980897,8.240128,60.062,0
0.3803649569999834,8.279744,59.875,0
0.3968015069985995,8.319360000000001,59.75,0
0.41306275699935213,8.398592,60.468,0
0.4295723019986326,8.477824,60.125,0
0.4471911579985317,8.596672,60.0,0
0.4642216769989318,8.71552,60.156,0
0.4808925059987814,8.755136,60.25,0
0.4972139179990336,8.780543999999999,60.031,0
0.5133388759986701,8.820096,59.968,0
0.5294719939993229,8.859648,59.875,0
0.5479264890000195,8.8992,60.0,0
0.5641318329999194,8.938752000000001,60.218,0
0.5802615279990277,9.017856,60.625,0
0.5970212550000724,9.057407999999999,60.625,0
0.6139678359995742,9.057407999999999,60.5,0
0.6310807899990323,9.09696,60.281,0
0.6482616169996618,9.09696,60.343,0
0.6653600099998584,9.09696,60.437,0
0.6836687089999032,9.215616,60.187,0
0.7011359759999323,9.255168,60.031,0
0.7187815529996442,9.255168,59.843,0
0.7359026019985322,9.255168,59.937,0
0.7534354709987383,9.334272,60.093,0
0.7706618679985695,9.413376,60.125,0
0.7879665389991715,9.373824,59.906,0
0.8051645189989358,9.452928,59.75,0
0.8224464369995985,9.413376,59.781,0
0.8396875859998545,9.452928,59.875,0
0.8569532159999653,9.492479999999999,60.156,0
0.8741393229993264,9.650688,60.062,0
0.8911783869989449,9.808896,59.937,0
0.908265002999542,9.911487999999999,60.25,0
0.9259104839984502,10.029952,60.25,0
0.9429910199996812,10.187904,60.312,0
0.9605724349985394,10.424832,60.218,0
0.9779673159991944,10.543296,60.718,0
0.9953668059988559,10.622272,60.093,0
1.0128207599991583,10.701248,60.031,0
1.030180952999217,10.622272,59.875,0
1.0472254879987304,10.543296,59.843,0
1.0643080409990944,10.464319999999999,59.812,0
1.0814561639999738,10.345856,60.031,0
1.0984905549994437,10.266879999999999,59.781,0
1.1155399229992327,10.187904,59.843,0
1.1325880739987042,10.108928,60.0,0
1.1496787229989422,10.029952,59.937,0
1.1667507160000241,9.950976,59.812,0
1.1854736339992087,9.872,59.781,0
1.2027174389986612,9.808896,59.968,0
1.2203892879988416,9.769343999999998,59.843,0
1.2377104709994455,9.69024,60.187,0
1.2547872639988782,9.69024,59.968,0
1.271983034999721,9.729792,59.906,0
1.289381244998367,9.832512000000001,59.906,0
1.3080429449983058,10.148416,60.593,0
1.325338111999372,10.543296,60.656,0
1.3423854949996894,10.582784,60.281,0
1.359495792999951,10.859200000000001,60.75,0
1.3767327499990643,10.999296000000001,60.625,0
1.393820646999302,11.117567999999999,60.156,0
1.410867293998308,11.156992,60.187,0
1.4279330779991142,11.156992,60.093,0
1.4450099030000274,11.314688,60.281,0
1.462078662998465,11.472384,60.437,0
1.4791607359984482,11.787776,60.531,0
1.4963492110000516,11.827200000000001,60.906,0
1.5136086649999925,11.984896,60.687,0
1.5309377199992014,11.945472,60.375,0
1.547967055999834,11.827200000000001,60.531,0
1.566452142998969,11.945472,60.281,0
1.5842634519995045,11.945472,61.093,0
1.602807004999704,12.122879999999999,60.625,0
1.6203340499996557,12.28032,60.656,0
1.637446363998606,12.477120000000001,60.593,0
1.6544928829989658,12.67392,60.906,0
1.6719492379997973,13.02816,61.031,0
1.6895999349999329,13.321344,61.5,0
1.7072828239997762,13.675008,61.531,0
1.7250953489983658,14.028672,61.406,0
1.743679990999226,14.31968,61.656,0
1.7615976389988646,14.633536,61.593,0
1.7787926099990727,14.90816,61.531,0
1.7961221779987682,15.182784,61.75,0
1.8138868299993192,15.393023999999999,61.531,0
1.831947456999842,15.47136,62.062,0
1.8491502050001145,15.47136,61.875,0
1.866300567999133,15.588864,61.437,0
1.8843690679987048,15.706368000000001,61.625,0
1.9025031059991306,15.863040000000002,61.781,0
1.9215770729988435,16.098048000000002,61.875,0
1.9389562099986506,16.293888000000003,61.875,0
1.9563155379983073,16.462784,61.875,0
1.9739480259995617,16.6192,62.218,0
1.9917092219984625,16.81472,62.25,0
2.0095065779987635,17.010240000000003,61.906,0
2.02736950399958,17.244864,62.125,0
2.045548856000096,17.372799999999998,62.031,0
2.062886678999348,17.528959999999998,62.312,0
2.0805371520000335,17.685119999999998,62.343,0
2.0979275529989536,17.80224,62.281,0
2.115047321998645,17.72416,61.843,0
2.1322757029993227,17.72416,62.281,0
2.1494498100000783,17.7632,62.031,0
2.16806181299944,17.841279999999998,61.875,0
2.185892226998476,17.9584,62.031,0
2.2036365899984958,18.11456,62.0,0
2.221728193999297,18.19264,62.375,0
2.2393906349989265,18.3488,62.375,0
2.257040082999083,18.396672,62.031,0
2.274761149999904,18.552576000000002,62.281,0
2.2935818299993116,18.708479999999998,62.218,0
2.311775933998433,18.786432,62.375,0
2.3294725519990607,18.864383999999998,62.343,0
2.347210066000116,18.981312000000003,62.312,0
2.364697813998646,19.059264,62.593,0
2.3823876159985957,18.942336,62.656,0
2.399594235999757,18.90336,62.062,0
2.416958011999668,18.825408,62.062,0
2.4359225049993256,18.786432,62.218,0
2.4538748739996663,18.864383999999998,62.375,0
2.472933736999039,18.942336,62.375,0
2.490307177999057,18.981312000000003,62.093,0
2.507944177999889,19.059264,62.093,0
2.5256006979998347,19.137216,62.218,0
2.5433342769993033,19.215168000000002,62.281,0
2.5610646239983907,19.332096,62.593,0
2.579155555999023,19.449024,62.468,0
2.597096692999912,19.526975999999998,62.781,0
2.6145812399990973,19.572736,62.625,0
2.632033178999336,19.650560000000002,62.312,0
2.649197781998737,19.611648000000002,62.468,0
2.6664006899991364,19.488,62.281,0
2.6836232469995593,19.449024,62.187,0
2.702932004998729,19.410048,62.656,0
2.7206360149993998,19.410048,62.218,0
2.7399632379983814,19.456,62.093,0
2.7578433159997076,19.533824,62.375,0
2.7754952929990395,19.572736,62.343,0
2.7930884509987663,19.650560000000002,62.687,0
2.8108201420000114,19.728384,62.593,0
2.8289191069998196,19.806207999999998,62.968,0
2.847315967999748,19.884031999999998,62.843,0
2.8645996779996494,19.961856,62.375,0
2.8819953909987817,20.000768,62.437,0
2.899787275999188,20.03968,62.531,0
2.9174911899990548,20.000768,62.687,0
2.9346347039991088,19.845119999999998,62.531,0
2.9517901229992276,19.767295999999998,62.375,0
2.9703491639993445,19.728384,62.437,0
2.987900529999024,19.728384,62.843,0
3.006852381999124,19.806207999999998,62.375,0
3.0245424400000047,19.728384,62.281,0
3.0418490629999724,19.767295999999998,62.5,0
3.0593469870000263,19.767295999999998,62.5,0
3.0770165959984297,19.845119999999998,62.937,0
3.0945097519997944,19.922944,62.843,0
3.1123411569988093,20.000768,62.406,0
3.1306165429996327,20.078592,62.437,0
3.1483156559988856,20.117504,62.593,0
3.165678792998733,20.156416,62.562,0
3.1830781859989656,20.195328,62.875,0
3.200311590999263,19.961856,62.656,0
3.2175291879993893,19.884031999999998,62.468,0
3.2349842299990996,19.845119999999998,62.843,0
3.253748686000108,19.845119999999998,62.437,0
3.2715163769989886,19.884031999999998,62.375,0
3.290008920999753,19.922944,62.468,0
3.3081625750000967,19.922944,62.812,0
3.326092510998933,19.884031999999998,62.812,0
3.343675173999145,19.961856,62.687,0
3.3614262889987003,20.03968,62.593,0
3.3792523499996605,20.078592,62.593,0
3.397458101999291,20.156416,62.593,0
3.415067868998449,20.195328,62.906,0
3.4326047389986343,20.234240000000003,62.656,0
3.449795741998969,20.273152,62.75,0
3.467075003998616,20.117504,63.156,0
3.484361914999681,20.03968,62.75,0
3.501921343999129,19.922944,62.343,0
3.521220373999313,19.884031999999998,62.625,0
3.5391760709990194,19.884031999999998,62.5,0
3.558404346998941,19.922944,62.687,0
3.5760220829997706,19.961856,62.687,0
3.593285791999733,20.000768,62.437,0
3.6109625059998507,20.03968,63.093,0
3.628721396999026,20.000768,62.593,0
3.6463439969993487,20.000768,62.531,0
3.665209798999058,20.078592,62.812,0
3.682563142998333,20.156416,62.781,0
3.7001341249997495,20.156416,63.031,0
3.7173611620000884,20.234240000000003,62.937,0
3.7341414659986185,20.195328,62.968,0
3.751108590999138,20.000768,62.468,0
3.7683107949997066,19.961856,62.906,0
3.7863172139987,19.922944,62.937,0
3.8027205469988985,19.922944,62.625,0
3.8190238459992543,19.961856,62.437,0
3.835500429999229,19.961856,62.468,0
3.8524834599993483,20.000768,63.0,0
3.8692132029991626,20.000768,62.906,0
3.885561783999947,20.078592,62.781,0
3.9021006409984693,20.117504,62.656,0
3.918822703999467,20.156416,63.218,0
3.935140050998598,20.234240000000003,63.125,0
3.9514486309999484,20.273152,63.031,0
3.967114823999509,20.312064,62.875,0
3.9828563799983385,20.350976,62.875,0
3.999442726999405,20.350976,63.312,0
4.016398459998527,20.117504,63.0,0
4.033368624999639,20.03968,62.781,0
4.050547340999401,20.000768,62.656,0
4.068101969998679,19.961856,62.562,0
4.084581049999542,20.000768,63.031,0
4.101159556999846,20.03968,62.843,0
4.117861106999044,20.078592,62.625,0
4.134545728999001,20.078592,62.625,0
4.151303087999622,20.117504,63.25,0
4.168099008998979,20.195328,63.218,0
4.184566408999672,20.234240000000003,62.812,0
4.20119157299996,20.312064,62.812,0
4.217865953998626,20.350976,62.562,0
4.23386034899886,20.273152,63.093,0
4.2496353769984125,20.312064,62.968,0
4.266472994999276,20.350976,63.031,0
4.2839086139993015,20.156416,62.875,0
4.30069758999889,20.03968,62.437,0
4.316794482998375,19.961856,62.875,0
4.33432251999875,19.845119999999998,62.843,0
4.3507332149983995,19.845119999999998,62.687,0
4.367218407000109,19.884031999999998,62.625,0
4.383678445999976,19.922944,63.125,0
4.399868429998605,19.961856,63.031,0
4.416354069999215,19.961856,63.093,0
4.432787132998783,20.03968,63.062,0
4.449206786999639,20.078592,62.843,0
4.4656372259996715,20.117504,63.281,0
4.482374040999275,20.195328,63.187,0
4.498618105999412,20.234240000000003,62.968,0
4.51532048899935,20.195328,62.75,0
4.533112308999989,20.234240000000003,62.687,0
4.550165900998763,20.195328,63.281,0
4.5671911720000935,20.000768,62.625,0
4.584185402000003,19.961856,62.562,0
4.601772224999877,19.922944,63.031,0
4.619662799999787,19.884031999999998,62.843,0
4.636631684999884,19.922944,62.718,0
4.653986372999498,19.961856,62.906,0
4.671042684998611,20.000768,62.937,0
4.688186807999955,20.03968,63.312,0
4.706002148999687,20.03968,63.312,0
4.723999926998658,20.117504,62.875,0
4.741417976998491,20.156416,62.875,0
4.758518130000084,20.234240000000003,62.812,0
4.775195774998792,20.273152,62.937,0
4.7924704929992,20.273152,62.812,0
4.809594070999083,20.312064,62.812,0
4.826663022999128,20.078592,63.031,0
4.8439515979989665,19.922944,62.75,0
4.86105792699891,19.884031999999998,62.593,0
4.878035964999071,19.806207999999998,62.906,0
4.894438753999566,19.806207999999998,62.906,0
4.911187153998981,19.884031999999998,62.843,0
4.927743643998838,19.884031999999998,62.906,0
4.944112736999159,19.922944,62.843,0
4.9604867580001155,19.961856,62.843,0
4.976954285999454,20.000768,63.093,0
4.993697885000074,20.03968,63.062,0
5.00995231899833,20.117504,63.031,0
5.0270142310000665,20.195328,62.968,0
5.0430564989983395,20.234240000000003,62.843,0
5.058760612999322,20.273152,62.843,0
5.075200011999186,20.273152,62.843,0
5.091687667998485,20.195328,63.093,0
5.108701802999349,20.03968,62.843,0
5.125754530999984,19.961856,62.812,0
5.143922649998785,19.922944,63.187,0
5.16055114199844,19.884031999999998,63.062,0
5.17704823799977,19.922944,62.812,0
5.193483348999507,19.961856,62.843,0
5.20971678999922,20.000768,63.062,0
5.226085147000049,20.000768,63.031,0
5.242535617999238,20.03968,63.093,0
5.258959175998825,20.117504,63.062,0
5.275428943999941,20.156416,62.937,0
5.2929331729992555,20.234240000000003,63.125,0
5.309448316998896,20.234240000000003,62.968,0
5.325270546998581,20.234240000000003,63.0,0
5.3413681449983414,20.234240000000003,62.906,0
5.3580755189996125,20.234240000000003,63.031,0
5.375037267998778,20.000768,62.968,0
5.391983208999591,19.961856,62.875,0
5.409011647998341,19.884031999999998,62.906,0
5.426347231999898,19.845119999999998,62.906,0
5.443705855999724,19.767295999999998,63.0,0
5.460534513998937,19.806207999999998,62.843,0
5.47703279399866,19.845119999999998,62.906,0
5.493259674998626,19.884031999999998,63.187,0
5.5099872419996245,19.884031999999998,63.093,0
5.526308173999496,19.922944,63.093,0
5.542495853998844,20.000768,63.125,0
5.558710253999379,20.078592,63.062,0
5.575203926999166,20.117504,62.968,0
5.590996107999672,20.156416,62.968,0
5.607356879998406,20.195328,63.093,0
5.62382271199931,20.234240000000003,63.093,0
5.641286842999762,20.117504,63.187,0
5.658370291999745,20.000768,63.093,0
5.675331912998445,19.922944,62.937,0
5.6931628069996805,19.884031999999998,63.218,0
5.7101335159986775,19.845119999999998,63.312,0
5.726478319998932,19.922944,63.125,0
5.744983439999487,19.961856,63.218,0
5.761377333999917,20.000768,62.843,0
5.777832572999614,20.000768,63.5,0
5.794179681999594,20.03968,63.375,0
5.810594663998927,20.117504,63.343,0
5.826887690998774,20.156416,63.218,0
5.8438977929999965,20.234240000000003,63.0,0
5.860238692999701,20.273152,63.406,0
5.876654603998759,20.312064,63.281,0
5.8929869280000275,20.312064,63.25,0
5.910060167998381,20.156416,63.343,0
5.926999228999193,20.078592,62.781,0
5.943921168998713,19.961856,63.062,0
5.961879329999647,19.922944,62.968,0
5.9787454919987795,19.884031999999998,62.843,0
5.995901487000083,19.961856,62.843,0
6.012827522999942,20.000768,63.312,0
6.029296458998942,19.961856,62.843,0
6.045733137998468,19.961856,62.937,0
6.062189913000111,20.000768,62.968,0
6.078442714999255,20.03968,62.968,0
6.094874209999034,20.117504,63.468,0
6.112078205998841,20.156416,63.312,0
6.127848465999705,20.195328,63.218,0
6.143957679998493,20.234240000000003,63.031,0
6.16042389499853,20.234240000000003,63.0,0
6.177191654998751,20.156416,63.593,0
6.194168316998912,20.000768,63.25,0
6.211129937999431,19.922944,62.843,0
6.228555731999222,19.884031999999998,63.062,0
6.245530697999129,19.884031999999998,63.437,0
6.261767210999096,19.922944,62.937,0
6.2802528429983795,19.961856,62.937,0
6.296743602999413,20.000768,63.125,0
6.313611077999667,20.000768,63.125,0
6.329909064999811,20.03968,63.093,0
6.346135689998846,20.03968,63.031,0
6.362379402999068,20.117504,63.125,0
6.379532549999567,20.156416,63.062,0
6.395915018998494,20.195328,63.187,0
6.412158668999837,20.234240000000003,63.125,0
6.429388104999816,20.273152,63.093,0
6.44645782599946,20.195328,63.406,0
6.463322227999015,20.000768,63.093,0
6.480259144998854,19.922944,62.968,0
6.498052180999366,19.884031999999998,63.312,0
6.515446550998604,19.806207999999998,63.187,0
6.531889180998405,19.845119999999998,63.187,0
6.549780940998971,19.922944,62.906,0
6.566312853999989,19.961856,63.406,0
6.582812478000051,19.961856,63.343,0
6.599117985999328,20.000768,63.343,0
6.6156044579984155,20.03968,63.312,0
6.631892939998579,20.000768,63.468,0
6.650112516999798,20.03968,63.375,0
6.666907764998541,20.078592,63.406,0
6.683671908998804,20.117504,63.062,0
6.701079814998593,20.156416,63.062,0
6.717511981998541,20.156416,63.718,0
6.734593221999603,19.922944,63.062,0
6.7516487979992235,19.845119999999998,62.968,0
6.769049118998737,19.806207999999998,63.218,0
6.786532194999381,19.767295999999998,63.156,0
6.802908487999957,19.806207999999998,62.968,0
6.819472338998821,19.884031999999998,62.937,0
6.835917017999236,19.884031999999998,62.937,0
6.852373344998341,19.922944,63.0,0
6.868946859998687,19.961856,63.281,0
6.885529813998801,20.000768,63.25,0
6.901961692999976,20.078592,63.218,0
6.918696491999071,20.117504,63.156,0
6.935113937999631,20.195328,63.125,0
6.951224271999308,20.234240000000003,63.531,0
6.967388014998505,20.234240000000003,63.156,0
6.984374788999048,20.234240000000003,63.25,0
7.000830028999189,20.03968,63.187,0
7.0178532199988695,19.961856,63.062,0
7.034820248998585,19.884031999999998,63.187,0
7.0520541979985865,19.845119999999998,63.0,0
7.068507868998495,19.884031999999998,63.0,0
7.084953827999925,19.922944,63.0,0
7.101360713999384,19.961856,63.187,0
7.117840625998724,19.961856,63.187,0
7.134276696999223,20.000768,63.156,0
7.150707232000059,20.03968,63.156,0
7.167059011999299,20.117504,63.156,0
7.183597549999831,20.156416,63.25,0
7.200524066000071,20.234240000000003,63.218,0
7.216042926998853,20.273152,63.156,0
7.232345746999272,20.156416,62.906,0
7.249529357999563,20.117504,63.031,0
7.266849484998602,20.000768,63.281,0
7.284062312999595,19.884031999999998,63.0,0
7.301168610998502,19.806207999999998,63.125,0
7.320105262999277,19.767295999999998,63.218,0
7.336732282999947,19.728384,63.375,0
7.354768813998817,19.806207999999998,63.281,0
7.371356952999122,19.845119999999998,63.281,0
7.387971204998394,19.884031999999998,63.312,0
7.404541742998845,19.884031999999998,63.593,0
7.421104408998872,19.961856,63.593,0
7.437505854999472,20.000768,63.468,0
7.453632380998897,20.078592,63.406,0
7.471330182999736,20.117504,63.343,0
7.48762106599861,20.156416,63.562,0
7.50376820099882,20.156416,63.406,0
7.520820703999561,20.117504,63.375,0
7.53761531300006,20.03968,63.437,0
7.554544196998904,19.884031999999998,62.843,0
7.571526554998854,19.845119999999998,63.218,0
7.588928700999531,19.806207999999998,63.562,0
7.605321697999898,19.767295999999998,63.375,0
7.622010511999179,19.845119999999998,63.031,0
7.638464918998579,19.884031999999998,63.625,0
7.654847068999516,19.884031999999998,63.5,0
7.671160031999534,19.922944,63.531,0
7.687717033999434,19.961856,63.5,0
7.704458200998488,20.000768,63.187,0
7.720737691999602,20.03968,63.718,0
7.737113216999205,20.117504,63.593,0
7.754021972999908,20.156416,63.437,0
7.770185715999105,20.195328,63.437,0
7.786741629999597,20.195328,63.156,0
7.8041722559992195,20.078592,63.812,0
7.821262681000007,19.961856,63.375,0
7.837637213999187,19.767295999999998,63.156,0
7.853754619998654,19.728384,63.093,0
7.870935543998712,19.728384,63.093,0
7.887329309000052,19.767295999999998,63.406,0
7.90394484099852,19.806207999999998,63.343,0
7.920331309998801,19.806207999999998,63.312,0
7.936804502000086,19.845119999999998,63.156,0
7.953370688999712,19.884031999999998,63.687,0
7.969988779999767,19.961856,63.625,0
7.986587159999544,20.000768,63.562,0
8.00328522199925,20.03968,63.187,0
8.020186104999084,20.156416,63.125,0
8.036037519999809,20.156416,63.75,0
8.052444757999183,20.195328,63.562,0
8.069431051999345,20.156416,63.562,0
8.086117721999472,19.961856,63.062,0
8.10317083299924,19.884031999999998,62.968,0
8.120409933999326,19.845119999999998,63.562,0
8.13770846099942,19.806207999999998,63.343,0
8.154026480999164,19.884031999999998,63.093,0
8.170609562999744,19.884031999999998,63.0,0
8.186956640000062,19.922944,63.562,0
8.203284323999469,19.961856,63.531,0
8.21978026799843,20.000768,63.531,0
8.236386646998653,20.03968,63.218,0
8.252820222000082,20.117504,63.25,0
8.269403336998948,20.156416,63.75,0
8.286137847999271,20.195328,63.656,0
8.302231828998629,20.234240000000003,63.437,0
8.319366702999105,20.234240000000003,63.093,0
8.336762960998385,20.195328,63.156,0
8.353798759999336,19.961856,63.75,0
8.370971202999499,19.884031999999998,63.031,0
8.387927415999002,19.845119999999998,63.062,0
8.40535647499928,19.806207999999998,63.093,0
8.421838626998579,19.845119999999998,63.25,0
8.440852560999701,19.845119999999998,63.281,0
8.458118254999135,19.845119999999998,63.312,0
8.47599574099877,19.884031999999998,63.093,0
8.49377709699911,19.884031999999998,63.812,0
8.511561493000045,19.961856,63.281,0
8.529496069999368,19.961856,63.5,0
8.548668471999918,20.078592,63.468,0
8.565964086999884,20.117504,63.343,0
8.583335350998823,20.117504,63.593,0
8.600686326999494,20.117504,63.593,0
8.618152922999798,20.03968,63.343,0
8.635298612998668,19.884031999999998,63.062,0
8.652528337999684,19.845119999999998,63.093,0
8.672022604998347,19.767295999999998,63.406,0
8.689372748998721,19.767295999999998,63.406,0
8.708057585999995,19.845119999999998,63.125,0
8.725924640999438,19.845119999999998,63.656,0
8.743530727999314,19.884031999999998,63.656,0
8.761534041999766,19.922944,63.312,0
8.779527691998737,19.961856,63.468,0
8.797324695999123,20.03968,63.5,0
8.815651922999677,20.117504,63.687,0
8.833453407998604,20.156416,63.593,0
8.850812767999741,20.156416,63.187,0
8.868445223999515,20.195328,63.25,0
8.886015885998859,20.078592,63.937,0
8.90316183199866,19.922944,63.218,0
8.92038205299832,19.884031999999998,63.187,0
8.939640729999155,19.806207999999998,63.468,0
8.957095804998971,19.806207999999998,63.656,0
8.976325712999824,19.845119999999998,63.5,0
8.993697745998361,19.884031999999998,63.156,0
9.011065969998526,19.884031999999998,63.281,0
9.028786459999537,19.922944,63.312,0
9.046247360000052,19.884031999999998,63.343,0
9.063914503998603,19.922944,63.656,0
9.081898201999138,20.000768,63.25,0
9.10090522399878,20.078592,63.25,0
9.118262856000001,20.117504,63.812,0
9.13577518099919,20.156416,63.343,0
9.15308941999865,20.078592,63.375,0
9.170243333999679,19.884031999999998,63.406,0
9.187430337999103,19.845119999999998,63.187,0
9.205813502998353,19.767295999999998,63.781,0
9.223521480998897,19.767295999999998,63.625,0
9.241758656999082,19.806207999999998,63.187,0
9.259550380998917,19.884031999999998,63.156,0
9.277123891999508,19.884031999999998,63.406,0
9.294667256999674,19.922944,63.656,0
9.314244278999467,20.000768,63.531,0
9.332180646999404,19.961856,63.281,0
9.349558791998788,20.03968,63.781,0
9.367775295999309,20.078592,63.343,0
9.384478925998337,20.117504,63.406,0
9.401172443998803,20.117504,63.281,0
9.418597789999694,20.156416,63.5,0
9.435544850999577,19.922944,63.468,0
9.452590922999661,19.884031999999998,63.343,0
9.469744740999886,19.806207999999998,63.531,0
9.487329355999464,19.767295999999998,63.343,0
9.503910102999725,19.806207999999998,63.312,0
9.520703238998976,19.845119999999998,63.281,0
9.537081259999468,19.845119999999998,63.437,0
9.553519314998994,19.884031999999998,63.437,0
9.570037083998614,19.922944,63.5,0
9.586645383998984,19.961856,63.531,0
9.60291927399885,20.03968,63.437,0
9.61920756499967,20.078592,63.406,0
9.63546283100004,20.03968,63.375,0
9.652156699999978,20.03968,63.343,0
9.669160466999529,20.078592,63.343,0
9.685834399999294,20.078592,63.531,0
9.703167839999878,19.922944,63.656,0
9.720246231998317,19.845119999999998,63.281,0
9.737337264999951,19.767295999999998,63.593,0
9.754374792999442,19.728384,63.687,0
9.770660522999606,19.728384,63.562,0
9.78822091299844,19.806207999999998,63.468,0
9.804774651000116,19.806207999999998,63.375,0
9.821242914998948,19.845119999999998,63.812,0
9.837806572999398,19.884031999999998,63.781,0
9.854266516998905,19.961856,63.656,0
9.870789757998864,20.000768,63.593,0
9.887019774998407,20.117504,63.531,0
9.904358846999457,20.156416,63.843,0
9.921135855000102,20.156416,63.718,0
9.93797126499885,20.123264,63.656,0
9.955073209999682,20.162112,63.468,0
9.972193139999945,20.000768,64.0,0
9.98936836699977,19.922944,63.656,0
10.006455655999162,19.806207999999998,63.312,0
10.023266040998351,19.767295999999998,63.281,0
10.040114794999681,19.806207999999998,63.187,0
10.056636851999428,19.884031999999998,63.75,0
10.07304700199893,19.884031999999998,63.343,0
10.089781544998914,19.922944,63.343,0
10.10668534099932,19.961856,63.343,0
10.123178660998747,20.000768,63.375,0
10.13973233499928,20.078592,63.812,0
10.156006032999358,20.117504,63.468,0
10.173653657999239,20.156416,63.375,0
10.190229123998506,20.195328,63.343,0
10.206973011998343,20.195328,63.5,0
10.224190575998364,20.195328,63.562,0
10.24162424199858,19.922944,63.593,0
10.258834542999466,19.845119999999998,63.406,0
10.276438805998623,19.728384,63.25,0
10.2935194699985,19.728384,63.593,0
10.310585702998651,19.767295999999998,63.562,0
10.32803821699963,19.767295999999998,63.437,0
10.344834937999622,19.806207999999998,63.187,0
10.361442981999062,19.806207999999998,63.75,0
10.377996207998876,19.845119999999998,63.781,0
10.394474007998724,19.922944,63.718,0
10.410850844999004,20.000768,63.781,0
10.426983482999276,20.03968,63.625,0
10.444164053998975,20.078592,63.812,0
10.460719072998472,20.117504,63.812,0
10.477528721999988,20.156416,63.625,0
10.49406117899889,20.156416,63.625,0
10.511203028998352,20.000768,64.062,0
10.527946980999332,19.884031999999998,63.625,0
10.544962266998482,19.806207999999998,63.125,0
10.564038922999316,19.728384,63.375,0
10.581178277998333,19.728384,63.281,0
10.597815889999765,19.806207999999998,63.375,0
10.614777382999819,19.845119999999998,63.312,0
10.631138635999378,19.884031999999998,63.375,0
10.647344619999785,19.884031999999998,63.343,0
10.663927607000005,19.922944,63.406,0
10.680230745998415,20.000768,63.875,0
10.696341079999911,20.078592,63.468,0
10.712967267998465,20.117504,63.468,0
10.729194020999785,20.156416,63.375,0
10.745984597999268,20.195328,63.875,0
10.762578080999447,20.195328,63.437,0
10.779675033998501,20.03968,63.531,0
10.79657076500007,19.961856,63.343,0
10.813566338998498,19.884031999999998,63.343,0
10.831291853999574,19.806207999999998,63.406,0
10.849558758998683,19.728384,63.468,0
10.866405400998701,19.767295999999998,63.437,0
10.88283119999869,19.806207999999998,63.375,0
10.899174659998607,19.845119999999998,63.406,0
10.915476838999894,19.884031999999998,63.468,0
10.931751721998808,19.922944,63.375,0
10.94810196599974,20.000768,63.781,0
10.964330798999072,20.078592,63.687,0
10.981550890999642,20.117504,63.562,0
10.997796620998997,20.156416,63.468,0
11.013628834998599,20.156416,63.406,0
11.030344912998771,20.156416,63.593,0
11.047482795998803,20.078592,63.781,0
11.06447468999977,19.922944,63.343,0
11.08151365699996,19.884031999999998,63.468,0
11.099835859999075,19.806207999999998,63.781,0
11.117212948998713,19.806207999999998,63.312,0
11.13406986299924,19.884031999999998,63.812,0
11.152796365999166,19.922944,63.343,0
11.16942511399975,19.922944,63.406,0
11.18592924999939,19.961856,63.406,0
11.202498605000073,20.000768,63.5,0
11.219071862999044,20.078592,63.968,0
11.23525311099911,20.156416,63.562,0
11.252280717999383,20.195328,63.468,0
11.268749461998596,20.234240000000003,63.406,0
11.284890131999418,20.234240000000003,63.343,0
11.301197687998865,20.234240000000003,63.843,0
11.318882144998497,20.078592,63.562,0
11.335548429999108,20.000768,63.218,0
11.351700460998472,19.922944,63.125,0
11.369772897000075,19.806207999999998,63.562,0
11.386895290999746,19.806207999999998,63.437,0
11.403514951000034,19.884031999999998,63.343,0
11.421039051998378,19.922944,63.5,0
11.437773914998616,19.884031999999998,63.343,0
11.454457991998424,19.845119999999998,63.468,0
11.470939055998315,19.884031999999998,63.468,0
11.487150352999379,19.961856,63.437,0
11.503305391999675,20.03968,63.656,0
11.520906806999847,20.078592,63.562,0
11.536727244998474,20.078592,63.5,0
11.55335944899889,20.078592,63.468,0
11.570608821999485,20.117504,63.718,0
11.587731375999283,20.03968,63.812,0
11.60471686999881,19.845119999999998,63.531,0
11.621811134999007,19.806207999999998,63.593,0
11.639644236000095,19.728384,63.781,0
11.656848103999437,19.728384,63.562,0
11.673113769998963,19.767295999999998,63.843,0
11.691507334999187,19.845119999999998,63.718,0
11.707799689998865,19.845119999999998,63.718,0
11.72441266199894,19.884031999999998,63.468,0
11.740861308999229,19.922944,63.531,0
11.757252033999976,20.000768,64.062,0
11.773631782998564,20.078592,64.0,0
11.790667326999028,20.117504,63.875,0
11.806572470999527,20.156416,63.687,0
11.822074083998814,20.195328,63.687,0
11.838118335999752,20.195328,63.531,0
11.854383233998306,20.117504,63.968,0
11.87099194899929,19.961856,63.625,0
11.887856255998486,19.884031999999998,63.468,0
11.905581353999878,19.806207999999998,63.531,0
11.922589504998541,19.806207999999998,63.843,0
11.938875747999191,19.845119999999998,63.718,0
11.956504138999662,19.922944,63.531,0
11.973118166999484,19.922944,63.406,0
11.989507899999808,19.961856,64.031,0
12.005990820998704,20.000768,63.968,0
12.022217092999199,20.078592,63.875,0
12.03851789699911,20.03968,63.687,0
12.055154452998977,20.078592,63.656,0
12.071359732999554,20.117504,63.937,0
12.087565750000067,20.117504,63.812,0
12.103710323999621,20.117504,63.812,0
12.12061143199935,20.117504,63.812,0
12.137705568999081,19.884031999999998,63.687,0
12.15469112699975,19.845119999999998,63.781,0
12.17199413399976,19.806207999999998,63.843,0
12.189217969998936,19.806207999999998,63.562,0
12.205554581998513,19.845119999999998,63.343,0
12.2221113279993,19.884031999999998,63.906,0
12.238549318999503,19.884031999999998,63.812,0
12.2548836269998,19.922944,63.812,0
12.271316945998478,19.961856,63.875,0
12.287892443999226,20.000768,63.812,0
12.304292417999022,20.078592,64.062,0
12.320983631998388,20.156416,63.875,0
12.337968197998634,20.195328,63.875,0
12.354279240998949,20.156416,63.625,0
12.370461704998888,20.156416,63.656,0
12.386740842999643,20.156416,64.0,0
12.403614237999136,19.961856,63.968,0
12.420628404999661,19.922944,63.687,0
12.437819120999848,19.806207999999998,63.437,0
12.455244626999047,19.806207999999998,63.968,0
12.472001185999034,19.806207999999998,63.843,0
12.4886937759984,19.884031999999998,63.718,0
12.504995474999305,19.884031999999998,63.437,0
12.52144130599845,19.922944,63.5,0
12.537940354999591,19.922944,64.0,0
12.554167651998796,19.961856,63.906,0
12.570906898999965,20.03968,63.875,0
12.587478237999676,20.078592,63.562,0
12.60529796299852,20.156416,63.406,0
12.621642830999917,20.156416,63.937,0
12.638198616999944,20.078592,63.375,0
12.655534456998794,20.078592,63.5,0
12.672775413999261,19.922944,63.625,0
12.689795084999787,19.845119999999998,63.5,0
12.70700746500006,19.728384,63.375,0
12.724748564000038,19.689472000000002,63.781,0
12.74202062599943,19.689472000000002,63.625,0
12.758688958998391,19.767295999999998,63.531,0
12.775502287999188,19.806207999999998,63.625,0
12.792015256998639,19.845119999999998,63.562,0
12.808292762998462,19.884031999999998,63.843,0
12.82470377699974,19.922944,63.812,0
12.841201001998343,20.000768,63.75,0
12.85748455599969,20.03968,63.812,0
12.874550372998783,20.117504,63.625,0
12.891760032998718,20.117504,63.812,0
12.907981217998895,20.156416,63.687,0
12.92439123999975,20.156416,63.625,0
12.94105726899943,20.000768,63.718,0
12.958053514999847,19.922944,63.781,0
12.974927965999086,19.845119999999998,63.468,0
12.992991858000096,19.806207999999998,64.031,0
13.010193997999522,19.806207999999998,63.906,0
13.027124993999678,19.845119999999998,63.781,0
13.043358114999137,19.884031999999998,63.781,0
13.05956707599944,19.922944,63.75,0
13.07612753399917,19.922944,64.031,0
13.092765177998444,20.000768,64.0,0
13.109097117998317,20.078592,64.0,0
13.125434497998867,20.156416,63.843,0
13.142680990998997,20.195328,63.812,0
13.158709530998749,20.195328,63.593,0
13.174644211998384,20.195328,63.968,0
13.192036564998489,20.234240000000003,63.843,0
13.20908506899832,20.03968,63.968,0
13.226128675998552,19.961856,63.968,0
13.243042520000017,19.806207999999998,63.593,0
13.261452565999207,19.728384,63.5,0
13.278873655999632,19.728384,63.5,0
13.295302365999305,19.806207999999998,63.406,0
13.312071405998722,19.845119999999998,63.593,0
13.329314250999232,19.884031999999998,63.5,0
13.345911798998713,19.884031999999998,63.562,0
13.362375421998877,19.922944,63.562,0
13.37894007199975,20.000768,63.593,0
13.395076070999494,20.03968,64.062,0
13.411807189999308,20.117504,63.687,0
13.428046006998557,20.156416,63.562,0
13.443722760999663,20.156416,63.5,0
13.460131022999121,20.156416,64.125,0
13.477482734999285,20.078592,64.187,0
13.494461924999996,19.922944,63.468,0
13.511460538999017,19.884031999999998,63.5,0
13.530285219998405,19.806207999999998,63.812,0
13.54721119199894,19.767295999999998,63.625,0
13.56394909499977,19.806207999999998,63.812,0
13.581292102999214,19.845119999999998,63.812,0
13.597623306999594,19.884031999999998,63.812,0
13.614039408999815,19.922944,63.781,0
13.630336755999451,19.961856,63.687,0
13.646759290999398,20.03968,63.75,0
13.663190336999833,20.117504,63.937,0
13.680160022999189,20.156416,63.812,0
13.696955622999667,20.195328,63.781,0
13.713793368999177,20.195328,63.625,0
13.730202494998593,20.195328,63.843,0
13.747682915000041,20.078592,63.968,0
13.76470082599917,19.961856,63.562,0
13.781714736998765,19.884031999999998,63.812,0
13.8000788929985,19.845119999999998,64.062,0
13.816924382999787,19.845119999999998,63.812,0
13.833584171999973,19.922944,63.437,0
13.850577537999925,19.845119999999998,63.906,0
13.866799042998537,19.845119999999998,63.906,0
13.883209320998503,19.884031999999998,63.843,0
13.899627374999909,19.961856,63.843,0
13.916035636999368,20.000768,63.656,0
13.932354904998647,20.078592,64.062,0
13.949241547999918,20.117504,63.968,0
13.965192452998963,20.156416,63.937,0
13.98112239799957,20.156416,63.812,0
13.997479906998706,20.195328,63.781,0
14.014551418998963,20.117504,64.156,0
14.031504463999227,19.922944,63.843,0
14.04852842299988,19.884031999999998,63.75,0
14.065276469998935,19.845119999999998,63.656,0
14.082592053999178,19.806207999999998,64.125,0
14.098861720000059,19.845119999999998,63.906,0
14.11693841199849,19.922944,63.593,0
14.133139499999743,19.922944,63.562,0
14.149649940998643,19.961856,63.562,0
14.16612866899959,20.000768,64.187,0
14.182554658998924,20.03968,64.093,0
14.198818468999889,20.117504,64.031,0
14.215918718999092,20.195328,63.562,0
14.233373729999585,20.195328,63.5,0
14.249683460999222,20.234240000000003,64.031,0
14.266175148999537,20.234240000000003,64.0,0
14.28308092899897,20.117504,63.718,0
14.30010914400009,20.000768,63.468,0
14.317101646000083,19.922944,63.343,0
14.33546013799969,19.884031999999998,63.75,0
14.352896237000095,19.806207999999998,63.593,0
14.369288881998727,19.845119999999998,63.656,0
14.386154404999616,19.884031999999998,63.656,0
14.4027128789985,19.922944,63.687,0
14.419454365999627,19.961856,63.687,0
14.436113194999052,20.000768,63.937,0
14.452490575999036,19.961856,63.75,0
14.468817267999839,20.000768,63.812,0
14.485081557999365,20.078592,63.718,0
14.50261874699936,20.156416,63.937,0
14.51934426599837,20.156416,63.875,0
14.536656776999735,20.156416,63.781,0
14.553334997999627,20.117504,63.843,0
14.570397998999397,19.922944,63.906,0
14.587720909999916,19.845119999999998,63.781,0
14.6048317829991,19.806207999999998,63.812,0
14.621949248999954,19.767295999999998,63.468,0
14.638273572998514,19.845119999999998,64.0,0
14.65499819499928,19.884031999999998,63.906,0
14.672881985999993,19.922944,63.562,0
14.69046727299974,19.961856,63.625,0
14.707862601999295,19.961856,63.812,0
14.725339597998754,20.03968,63.812,0
14.742881938998835,20.117504,64.031,0
14.761130155999126,20.156416,63.875,0
14.778234404999239,20.195328,64.156,0
14.79574589799995,20.234240000000003,64.031,0
14.812940292998974,20.20096,64.062,0
14.830082303999006,20.078592,63.812,0
14.84710008699949,20.000768,63.437,0
14.86410692499885,19.884031999999998,63.968,0
14.881326761998935,19.884031999999998,64.093,0
14.897656524999547,19.884031999999998,63.656,0
14.915469849998772,19.922944,63.5,0
14.931817630998921,19.961856,63.562,0
14.94809024099959,20.000768,64.125,0
14.964594568999019,20.03968,63.812,0
14.981057872999372,20.078592,63.812,0
14.99756002599861,20.156416,63.781,0
15.01409430700005,20.195328,64.281,0
15.031074264999916,20.234240000000003,64.187,0
15.047147957999186,20.156416,63.906,0
15.06284090400004,20.156416,63.906,0
15.078960453998661,20.156416,63.625,0
15.095838584999,20.078592,64.312,0
15.112788462000026,19.922944,63.937,0
15.129801412998859,19.884031999999998,63.468,0
15.148016731998723,19.806207999999998,63.812,0
15.164382912998917,19.806207999999998,63.656,0
15.180974251999942,19.845119999999998,63.656,0
15.198900796000089,19.884031999999998,63.593,0
15.216642790999686,19.922944,63.968,0
15.234524053999849,19.961856,63.875,0
15.252238495999336,20.000768,64.187,0
15.269869863999702,20.078592,64.093,0
15.287410220998936,20.117504,63.781,0
15.305241722999199,20.195328,63.781,0
15.32286233800005,20.195328,63.875,0
15.341406178999023,20.234240000000003,64.031,0
15.359462262998932,20.156416,64.031,0
15.377000571999815,19.961856,63.968,0
15.394504543999574,19.845119999999998,63.531,0
15.411872160999337,19.806207999999998,63.812,0
15.430560677999893,19.767295999999998,63.718,0
15.448547287998736,19.845119999999998,63.75,0
15.466754479999508,19.884031999999998,63.812,0
15.484265683999183,19.884031999999998,64.156,0
15.501683925998805,19.922944,64.093,0
15.520407515999977,20.000768,63.843,0
15.538687253998432,20.03968,63.906,0
15.556447712999216,20.078592,63.906,0
15.574783932999708,20.156416,64.187,0
15.592066362998594,20.156416,64.0,0
15.609471195999504,20.156416,63.937,0
15.627121956998963,20.156416,63.812,0
15.644785228998444,19.922944,64.187,0
15.66245262999837,19.806207999999998,63.593,0
15.679888441000003,19.728384,63.875,0
15.698141329999999,19.689472000000002,63.843,0
15.715978046999226,19.728384,64.031,0
15.734891882999364,19.806207999999998,63.906,0
15.752724663998379,19.845119999999998,63.562,0
15.77051539599961,19.845119999999998,63.687,0
15.788041864998377,19.922944,63.968,0
15.805777779998607,19.961856,63.875,0
15.823369050998735,20.03968,64.062,0
15.841116773999602,20.117504,64.0,0
15.858596872998532,20.156416,63.718,0
15.876159247000032,20.156416,64.156,0
15.893367434999163,20.195328,64.125,0
15.910841102999257,20.000768,63.875,0
15.928086156000063,19.922944,63.625,0
15.945362377999118,19.806207999999998,63.718,0
15.96401089399842,19.806207999999998,63.906,0
15.981785913998465,19.845119999999998,63.906,0
16.000302617998386,19.884031999999998,63.593,0
16.018018531998678,19.884031999999998,63.593,0
16.035633451998365,19.922944,63.875,0
16.052887112999088,19.961856,63.812,0
16.070597650999844,20.000768,64.093,0
16.08836195099866,20.078592,64.062,0
16.106698809999216,20.156416,64.218,0
16.124653354998372,20.123264,64.125,0
16.14231016299891,20.162112,63.812,0
16.15958587299974,20.162112,63.75,0
16.176969425998323,20.03968,63.906,0
16.194164461998298,19.961856,63.75,0
16.2114062189994,19.884031999999998,63.968,0
16.230435225999827,19.845119999999998,63.937,0
16.248127202999967,19.806207999999998,63.468,0
16.267401719998816,19.806207999999998,64.031,0
16.28501980799956,19.845119999999998,63.625,0
16.30258698199941,19.884031999999998,63.718,0
16.32035467300011,19.922944,64.031,0
16.33858388199951,20.000768,64.125,0
16.3563594139996,20.03968,64.125,0
16.37473857799887,20.078592,63.75,0
16.39183591499932,20.078592,63.781,0
16.40926010899966,20.078592,63.687,0
16.42677704199923,20.117504,63.843,0
16.444121009999435,20.078592,63.968,0
16.461258923998685,19.884031999999998,63.906,0
16.4784562320001,19.806207999999998,63.718,0
16.49666287999935,19.806207999999998,64.312,0
16.514283847000115,19.767295999999998,64.125,0
16.53253785599918,19.806207999999998,63.656,0
16.54987231999985,19.845119999999998,63.593,0
16.566254468998522,19.884031999999998,64.25,0
16.582674347999273,19.922944,64.187,0
16.599256853998668,19.961856,64.156,0
16.615637403998335,20.03968,64.156,0
16.631803962998674,20.078592,63.906,0
16.648653132999243,20.156416,64.281,0
16.664941391998582,20.195328,64.156,0
16.68087364099847,20.195328,64.093,0
16.69731486299861,20.195328,64.062,0
16.713920506999784,20.117504,63.937,0
16.730954961998577,19.961856,64.125,0
16.747962568999355,19.922944,64.0,0
16.765672434999942,19.845119999999998,63.937,0
16.782308414998624,19.845119999999998,63.75,0
16.79888468199897,19.884031999999998,64.218,0
16.815333456999724,19.922944,64.125,0
16.831782104000013,19.961856,64.0,0
16.848339617999954,19.884031999999998,63.656,0
16.86498587099959,19.922944,63.687,0
16.882132456999898,19.961856,64.25,0
16.898379434998787,20.000768,64.25,0
16.914671724998698,20.078592,63.875,0
16.93159657799879,20.156416,63.812,0
16.94813220299875,20.156416,63.781,0
16.9652841979987,20.195328,64.187,0
16.982588004999343,20.117504,63.968,0
16.99951999299992,19.922944,63.687,0
17.01654452799994,19.845119999999998,63.687,0
17.036226896998414,19.767295999999998,63.906,0
17.05308470699856,19.767295999999998,64.093,0
17.0696923029991,19.806207999999998,64.062,0
17.08649881599922,19.845119999999998,63.843,0
17.103094026999315,19.884031999999998,63.906,0
17.119912699999986,19.922944,64.218,0
17.13666519599974,19.961856,64.187,0
17.15300116799881,20.000768,64.125,0
17.169409845999326,20.078592,64.062,0
17.18644071699964,20.117504,64.031,0
17.20238214999881,20.156416,63.937,0
17.218081911998524,20.156416,63.968,0
17.23462188999838,20.162112,64.062,0
17.25129915099933,20.117504,64.093,0
17.268396423998638,19.961856,63.812,0
17.284805197999958,19.884031999999998,63.781,0
17.301164851000067,19.845119999999998,64.187,0
17.318664950998937,19.806207999999998,64.031,0
17.33519686499858,19.884031999999998,63.625,0
17.354473461999078,19.922944,64.093,0
17.371128002998375,19.922944,64.062,0
17.38777070299875,19.922944,63.968,0
17.40446297299968,19.961856,63.812,0
17.42146827599936,20.000768,64.375,0
17.438931414999388,20.078592,64.312,0
17.455459359998713,20.117504,63.812,0
17.473686264998832,20.117504,63.875,0
17.49021584199909,20.117504,63.906,0
17.507283001999895,20.117504,63.906,0
17.524494421999407,20.078592,64.031,0
17.541531213999406,19.884031999999998,63.875,0
17.557844368999213,19.845119999999998,63.843,0
17.574132467998425,19.728384,63.843,0
17.591004166999483,19.728384,63.812,0
17.607587824999428,19.767295999999998,63.781,0
17.62447984499886,19.806207999999998,63.875,0
17.64098583699888,19.845119999999998,63.906,0
17.65749976599909,19.884031999999998,64.0,0
17.673757399999886,19.922944,63.937,0
17.690249376999418,19.961856,63.906,0
17.70648393800002,20.03968,63.937,0
17.722883046999414,20.078592,64.062,0
17.739654518998577,20.117504,63.937,0
17.755488621998666,20.117504,63.843,0
17.77127625799949,20.156416,63.843,0
17.787575044998448,20.156416,63.843,0
17.804291091999403,20.000768,64.031,0
17.821384076998584,19.922944,63.843,0
17.838405859998602,19.845119999999998,63.718,0
17.85721463599839,19.806207999999998,64.0,0
17.873812886999076,19.845119999999998,63.906,0
17.890544421999948,19.884031999999998,63.875,0
17.906933131998812,19.884031999999998,63.843,0
17.92349717399884,19.922944,63.843,0
17.939977501999238,19.961856,64.125,0
17.956554984999457,20.03968,64.093,0
17.972851724000066,20.078592,64.0,0
17.98928392199923,20.156416,64.0,0
18.00599363299989,20.234240000000003,63.843,0
18.0221147509983,20.234240000000003,63.906,0
18.038441121998403,20.20096,64.031,0
18.05527512399931,20.156416,63.812,0
18.07285068300007,20.000768,63.875,0
18.089851953000107,19.884031999999998,63.843,0
18.1068499590001,19.845119999999998,63.718,0
18.12486722599897,19.767295999999998,64.25,0
18.141984786998364,19.767295999999998,64.156,0
18.158485500000097,19.845119999999998,63.968,0
18.175735096998324,19.845119999999998,63.875,0
18.192300803999387,19.884031999999998,63.781,0
18.208836844998586,19.922944,64.281,0
18.225217265999163,19.961856,64.218,0
18.241744315999313,20.000768,64.218,0
18.25805836699874,20.078592,64.125,0
18.274818926998705,20.156416,64.437,0
18.29158492699935,20.195328,64.25,0
18.308343277998574,20.162112,64.156,0
18.325144350999835,20.20096,64.156,0
18.342288920999636,20.03968,63.937,0
18.359626200999628,19.961856,64.156,0
18.3759074519985,19.884031999999998,63.906,0
18.39357318799921,19.806207999999998,63.875,0
18.41051356099888,19.806207999999998,63.781,0
18.42738049199943,19.884031999999998,63.781,0
18.44428985599916,19.922944,64.281,0
18.46075847099928,19.922944,63.875,0
18.47727143999873,19.961856,63.875,0
18.49371391099885,20.000768,63.906,0
18.510172510999837,20.078592,64.531,0
18.526577411999824,20.156416,64.406,0
18.543263057999866,20.20096,63.968,0
18.560163493999426,20.20096,63.843,0
18.576852690999658,20.20096,63.812,0
18.59410257699892,20.239808,64.062,0
18.61114269599966,20.078592,64.062,0
18.62818038399928,20.000768,63.781,0
18.645188885999232,19.884031999999998,63.812,0
18.66526064199934,19.767295999999998,64.281,0
18.683675774998846,19.806207999999998,63.812,0
18.701476907999677,19.845119999999998,63.781,0
18.718843435999588,19.884031999999998,63.781,0
18.736201611998695,19.884031999999998,63.968,0
18.753760593999687,19.922944,64.0,0
18.77127397499862,20.000768,64.25,0
18.788853564999954,20.03968,64.156,0
18.80696574600006,20.156416,63.937,0
18.82486377799978,20.162112,64.312,0
18.842056540999693,20.162112,63.968,0
18.859057652000047,20.162112,63.937,0
18.876394706998326,20.117504,64.093,0
18.893318823998925,19.961856,63.875,0
18.910327645999132,19.884031999999998,63.781,0
18.927778016999582,19.845119999999998,64.0,0
18.94436026799849,19.845119999999998,63.843,0
18.960830931999226,19.884031999999998,63.968,0
18.9773750689983,19.922944,63.968,0
18.993550812998365,19.961856,63.906,0
19.010039492999567,19.961856,63.937,0
19.02650548499878,20.03968,64.031,0
19.042762766999658,20.078592,64.0,0
19.059082129999297,20.123264,64.187,0
19.07600416599962,20.20096,64.0,0
19.09217472599994,20.239808,63.937,0
19.107945433999703,20.239808,64.0,0
19.123958676998882,20.239808,63.843,0
19.140668354999434,20.162112,64.5,0
19.15733579299922,20.000768,64.218,0
19.174210946999665,19.961856,63.75,0
19.19286375199954,19.884031999999998,64.25,0
19.211965591999615,19.884031999999998,64.25,0
19.231220780999138,19.922944,64.093,0
19.249218207000013,19.884031999999998,63.718,0
19.266797828999188,19.884031999999998,63.781,0
19.28433130599842,19.884031999999998,64.062,0
19.30213448699942,19.922944,64.093,0
19.319896801998766,20.000768,64.312,0
19.338068248998752,20.078592,63.937,0
19.357811098998354,20.084416,64.0,0
19.375451330999567,20.117504,63.906,0
19.391931594998823,20.078592,63.875,0
19.40930343599939,20.084416,63.875,0
19.426253440999062,19.922944,64.125,0
19.44333813799858,19.845119999999998,63.968,0
19.460300814998845,19.767295999999998,63.843,0
19.477355302999058,19.728384,64.093,0
19.493698730999313,19.806207999999998,63.968,0
19.51073750699834,19.845119999999998,63.937,0
19.527176808998775,19.845119999999998,63.906,0
19.544103102000008,19.884031999999998,64.218,0
19.56084442899919,19.922944,64.25,0
19.577396726999723,19.961856,64.218,0
19.59391279999909,20.000768,64.125,0
19.61025501199947,20.078592,64.156,0
19.627345596998566,20.117504,64.281,0
19.64342280999881,20.123264,64.093,0
19.659224846998768,20.162112,64.156,0
19.675356204999844,20.162112,64.031,0
19.69183557299948,20.03968,64.218,0
19.708815722999134,19.961856,63.875,0
19.72580851299972,19.845119999999998,63.937,0
19.743711024999357,19.767295999999998,64.125,0
19.76119758799905,19.806207999999998,64.25,0
19.777898946998903,19.845119999999998,64.187,0
19.79416970099919,19.922944,64.156,0
19.810410181999032,19.922944,64.125,0
19.82694750399969,19.961856,64.125,0
19.84313451199887,20.000768,64.125,0
19.85962725599893,19.961856,64.218,0
19.875953979999395,20.000768,64.187,0
19.892994514999373,20.078592,64.156,0
19.908957100999032,20.117504,64.031,0
19.925000008999632,20.084416,64.031,0
19.94114122299834,20.123264,63.968,0
19.957500811999125,20.078592,64.312,0
19.97448377799992,19.884031999999998,64.0,0
19.991502488999686,19.845119999999998,63.906,0
20.008448364998912,19.767295999999998,64.343,0
20.025361888998304,19.767295999999998,64.218,0
20.041547328999513,19.806207999999998,64.031,0
20.059979390998706,19.884031999999998,63.968,0
20.076389316998757,19.884031999999998,64.312,0
20.092902925998715,19.961856,64.25,0
20.109519065999848,20.000768,64.281,0
20.126013985998725,20.03968,64.281,0
20.14240890399924,20.117504,64.156,0
20.15911237399996,20.195328,64.156,0
20.175067247999323,20.234240000000003,64.343,0
20.190875972999493,20.234240000000003,64.218,0
20.20697795399974,20.20096,64.156,0
20.22337139999945,20.156416,64.25,0
20.240428831999452,20.000768,63.937,0
20.257412789998853,19.922944,64.0,0
20.27478504699866,19.845119999999998,64.25,0
20.292077972999323,19.845119999999998,64.125,0
20.308381687998917,19.884031999999998,64.25,0
20.326436620000095,19.922944,64.25,0
20.342620618999717,19.961856,64.062,0
20.359670914998787,19.961856,64.156,0
20.376071880999007,19.961856,64.375,0
20.392532111998662,20.000768,64.375,0
20.408808338999734,20.078592,64.343,0
20.425446526998712,20.156416,64.281,0
20.44134981499883,20.162112,64.187,0
20.457163308999952,20.117504,63.968,0
20.47329287499997,20.078592,63.968,0
20.490074362998712,20.117504,64.25,0
20.50732040799994,19.922944,64.312,0
20.524391536999246,19.845119999999998,64.031,0
20.541372550998858,19.767295999999998,64.375,0
20.558309946998634,19.728384,64.187,0
20.575102379998498,19.728384,64.156,0
20.591753304999656,19.767295999999998,64.0,0
20.60851869599901,19.806207999999998,64.343,0
20.62505192199933,19.845119999999998,64.312,0
20.641578011000092,19.884031999999998,64.281,0
20.658111524999185,19.922944,64.25,0
20.67465934199936,20.000768,64.312,0
20.690873486999408,20.03968,64.406,0
20.70775280199996,20.117504,64.437,0
20.723460532999525,20.084416,64.281,0
20.73951547299839,20.123264,64.125,0
20.756180189999213,20.123264,64.125,0
20.773232661998918,20.000768,64.656,0
20.79032430299958,19.922944,64.187,0
20.807314148998557,19.845119999999998,64.093,0
20.824892682998325,19.806207999999998,63.937,0
20.842042629999924,19.806207999999998,64.375,0
20.858470411998496,19.845119999999998,64.218,0
20.87506789500003,19.884031999999998,64.25,0
20.891545182999835,19.922944,64.218,0
20.90795933299887,19.961856,64.031,0
20.924388587998692,19.961856,64.531,0
20.940628908998406,20.03968,64.437,0
20.95690977599952,20.078592,64.312,0
20.97389187799854,20.156416,64.25,0
20.989892640000107,20.195328,64.218,0
21.006091584999012,20.195328,64.156,0
21.022402403999877,20.162112,64.343,0
21.039644480999414,20.078592,64.406,0
21.055907459000082,19.884031999999998,64.0,0
21.07338970299861,19.806207999999998,64.187,0
21.090698757998325,19.728384,64.312,0
21.108101126999827,19.728384,64.187,0
21.12440298599904,19.767295999999998,63.968,0
21.143047853998723,19.806207999999998,63.937,0
21.159462579998944,19.845119999999998,64.375,0
21.17578107999907,19.884031999999998,64.093,0
21.19228115199985,19.922944,64.187,0
21.208601188000102,20.000768,64.125,0
21.224966408999535,20.03968,64.656,0
21.241695734999666,20.117504,64.5,0
21.257564397999886,20.156416,64.312,0
21.273282784999537,20.156416,64.281,0
21.289664038999035,20.195328,64.218,0
21.30638888499925,20.078592,64.687,0
21.323351690998607,19.922944,64.312,0
21.34069812300004,19.884031999999998,63.781,0
21.359902365999005,19.806207999999998,64.218,0
21.379149298998527,19.728384,64.375,0
21.397802582998338,19.767295999999998,64.25,0
21.41658322999865,19.845119999999998,64.062,0
21.43433236099918,19.845119999999998,64.0,0
21.452303898999162,19.884031999999998,64.312,0
21.470660309998493,19.922944,64.437,0
21.488632040000084,20.000768,64.468,0
21.506019944999935,20.078592,64.062,0
21.52422291199946,20.123264,64.125,0
21.542057709999426,20.123264,64.125,0
21.55959713899938,20.162112,64.062,0
21.576964371999566,20.117504,64.468,0
21.59416231999967,19.922944,64.062,0
21.61136007499954,19.845119999999998,64.031,0
21.629686405998655,19.806207999999998,64.531,0
21.647450161999586,19.767295999999998,63.875,0
21.6685991309987,19.728384,64.031,0
21.68531821799843,19.767295999999998,64.062,0
21.70185313899856,19.806207999999998,64.031,0
21.718333626999083,19.845119999999998,64.156,0
21.734849380000014,19.884031999999998,64.125,0
21.750989186999504,19.961856,64.062,0
21.767213699999047,20.000768,64.281,0
21.783916465999937,20.078592,64.25,0
21.799750855998354,20.117504,64.125,0
21.815490074999616,20.084416,64.125,0
21.831903648999287,20.123264,64.031,0
21.84809033700003,20.117504,64.718,0
21.86488862599981,19.922944,64.468,0
21.88193984999998,19.845119999999998,64.0,0
21.89992863599946,19.806207999999998,64.437,0
21.917335196998465,19.806207999999998,64.187,0
21.933705473998998,19.845119999999998,64.062,0
21.950550867999482,19.884031999999998,64.093,0
21.967217600998993,19.884031999999998,64.062,0
21.98385201399833,19.922944,64.343,0
22.000384694998502,19.961856,64.312,0
22.016511668998646,20.00672,64.281,0
22.032885337999687,20.084416,64.25,0
22.048970422998536,20.123264,64.093,0
22.064929168998788,20.20096,64.031,0
22.081002061999243,20.20096,64.718,0
22.097483669998837,20.20096,64.531,0
22.113598738998917,20.123264,64.281,0
22.13058071299929,20.000768,64.093,0
22.147611680999034,19.922944,63.937,0
22.165436205999868,19.884031999999998,64.312,0
22.182359905998965,19.884031999999998,64.25,0
22.19877933599855,19.922944,64.0,0
22.215284816998974,19.961856,64.062,0
22.2320394569997,20.000768,64.156,0
22.248371587998918,20.000768,64.156,0
22.2650841149989,19.922944,64.031,0
22.28170543899978,19.961856,64.093,0
22.29812150899852,20.03968,64.312,0
22.315489444999912,20.045568,64.312,0
22.331739014998675,20.123264,64.25,0
22.347485018999578,20.123264,64.125,0
22.36418346499886,20.162112,64.125,0
22.381220735998795,20.162112,64.218,0
22.39835650599889,19.961856,64.25,0
22.415265357998578,19.884031999999998,63.968,0
22.43222061099914,19.767295999999998,64.218,0
22.44967990999976,19.767295999999998,64.187,0
22.465939623998565,19.767295999999998,64.156,0
22.483586831998764,19.806207999999998,64.125,0
22.500192859999515,19.845119999999998,64.281,0
22.516536159999305,19.884031999999998,64.281,0
22.53325559899895,19.922944,64.343,0
22.549840825999127,19.961856,64.312,0
22.56630601699908,20.000768,64.312,0
22.58280084099897,20.03968,64.437,0
22.59968412499984,20.078592,64.312,0
22.6157786499989,20.117504,64.281,0
22.631854998999188,20.123264,64.218,0
22.64800024499891,20.123264,64.281,0
22.665247858998555,20.03968,64.437,0
22.682280937999167,19.922944,64.156,0
22.6994996859994,19.845119999999998,63.906,0
22.717164174999198,19.806207999999998,64.437,0
22.73358824599927,19.806207999999998,64.343,0
22.75077841699931,19.884031999999998,64.218,0
22.767298585999015,19.922944,64.156,0
22.783875908999107,19.922944,64.593,0
22.800257033999515,19.961856,64.531,0
22.816563660999236,20.000768,64.437,0
22.83308565399966,20.03968,64.468,0
22.849425050999344,20.117504,64.375,0
22.866705144999287,20.078592,64.125,0
22.882442635998814,20.117504,64.156,0
22.89818038299927,20.084416,64.375,0
22.91455613299877,20.123264,64.343,0
22.931880355999965,20.03968,64.468,0
22.948863577999873,19.884031999999998,64.375,0
22.965812654998444,19.845119999999998,64.218,0
22.983118861999174,19.494912,63.656,0
22.999603669999487,19.105792,63.343,0
23.015932344998873,18.747456,63.218,0
23.032271293999656,18.357696,63.281,0
23.048628801998348,18.006912,63.125,0
23.064852002999032,17.685119999999998,63.0,0
23.081370731999414,17.333759999999998,62.843,0
23.09750205799901,16.982400000000002,62.875,0
23.113566502999674,16.697408,62.781,0
23.130838244998813,16.345472,62.843,0
23.14785327499885,16.03264,62.75,0
23.16559123799925,15.432191999999999,62.531,1
23.221575794999808,14.962176,62.625,1
23.239739945998735,14.727167999999999,62.687,1
23.257304559998374,14.555072000000001,62.75,1
23.274483563000103,14.358912,62.718,1
23.291610276999563,14.162752000000001,62.531,1
23.30924142099866,13.966592,62.437,1
23.325471725998796,13.809664000000001,62.718,1
23.341598379998686,13.675008,62.562,1
23.357795243999135,13.517824000000001,62.812,1
23.374107407998963,13.399936,62.718,1
23.390273358998456,13.282048000000001,62.406,1
23.408720748999258,13.203456000000001,62.656,1
23.42894662099934,13.321344,62.687,1
23.446259323998675,13.517824000000001,62.875,1
23.46411860199987,13.675008,62.843,1
23.48074878999978,13.848896,62.968,1
23.497154939999746,14.162752000000001,63.468,1
23.513470206999045,14.437376,63.531,1
23.529719200998443,14.712,63.562,1
23.54616071199962,14.962176,63.593,1
23.56343783000011,15.236352,63.562,1
23.580578143999446,15.47136,63.812,1
23.5981211899998,15.745536,63.781,1
23.614301732999593,15.954432,63.718,1
23.630608999999822,16.149952,63.75,1
23.647129201999633,16.384576000000003,64.093,1
23.66330145699976,16.501887999999997,64.062,1
23.679380781999498,16.501887999999997,63.812,1
23.695804723998663,16.6192,63.687,1
23.71253318699928,16.736511999999998,63.812,1
23.729662268999164,16.853824,63.937,1
23.746295432998522,16.982400000000002,63.968,1
23.762479656999858,17.138560000000002,63.906,1
23.779576961998828,17.29472,63.843,1
23.796795774998827,17.41184,64.156,1
23.814384164999865,17.568,64.187,1
23.831939690999207,17.72416,63.812,1
23.84913037499973,17.88032,63.812,1
23.86784042799991,18.03648,63.968,1
23.885181483999986,18.162816,63.812,1
23.902242051999565,18.279743999999997,63.875,1
23.919353949999277,18.357696,64.0,1
23.937088743999993,18.279743999999997,64.187,1
23.954078717999437,18.240768,64.125,1
23.971054579998963,18.279743999999997,63.906,1
23.988697307999246,18.279743999999997,64.218,1
24.004947485998855,18.318720000000003,64.031,1
24.022986288999164,18.435648,64.281,1
24.03944930399848,18.552576000000002,64.218,1
24.055761915999028,18.591552,64.031,1
24.07239123999898,18.591552,64.093,1
24.088866927999334,18.708479999999998,63.906,1
24.105222675998448,18.825408,64.375,1
24.121458772999176,18.942336,64.312,1
24.13855233399954,19.059264,64.281,1
24.154162877999624,19.137216,64.125,1
24.170091318999766,19.144704,64.125,1
24.18647116399916,19.183616,64.343,1
24.203536467999584,19.144704,64.375,1
24.220544170999347,19.059264,64.156,1
24.237511775998428,19.059264,63.656,1
24.255685078998795,19.020288,64.593,1
24.27236717300002,19.020288,64.312,1
24.288936654998906,19.06688,64.125,1
24.305407606998415,19.144704,63.937,1
24.321733050999683,19.222527999999997,63.906,1
24.338123423998695,19.26144,64.437,1
24.35486807899906,19.339264,64.343,1
24.371811971999705,19.417088,64.312,1
24.388352237998333,19.494912,64.062,1
24.404435946999,19.533824,64.437,1
24.42132156599837,19.611648000000002,64.343,1
24.437815173998388,19.611648000000002,64.312,1
24.45505142699949,19.650560000000002,63.968,1
24.472139067998796,19.611648000000002,64.093,1
24.489114801999676,19.456,64.375,1
24.506080134999138,19.417088,63.906,1
24.523903891998998,19.378176,64.156,1
24.54059664199849,19.378176,63.937,1
24.5568103709993,19.456,63.906,1
24.573201063998567,19.494912,64.312,1
24.58951405999869,19.494912,63.906,1
24.60620383300011,19.572736,64.0,1
24.62261935999959,19.611648000000002,64.093,1
24.63927361199967,19.689472000000002,64.625,1
24.65538308199939,19.767295999999998,64.156,1
24.6728499009987,19.728384,64.062,1
24.68900186799874,19.767295999999998,64.031,1
24.704919204999896,19.806207999999998,64.0,1
24.72125165699981,19.845119999999998,64.562,1
24.737868180000078,19.884031999999998,64.437,1
24.754879562999122,19.689472000000002,64.218,1
24.77190176199838,19.611648000000002,63.937,1
24.788843670999995,19.533824,63.875,1
24.80614962099935,19.533824,64.0,1
24.822887012998763,19.572736,64.0,1
24.840154593999614,19.611648000000002,63.937,1
24.85667505099991,19.650560000000002,64.187,1
24.87339049000002,19.689472000000002,64.093,1
24.89011972099979,19.767295999999998,64.156,1
24.90683000699937,19.806207999999998,64.25,1
24.92336918499859,19.845119999999998,64.187,1
24.939711461000115,19.922944,64.312,1
24.956433235998702,20.000768,64.312,1
24.973418441999456,20.03968,64.093,1
24.98977236599967,20.03968,64.187,1
25.00697044199842,20.03968,64.437,1
25.023843708999266,19.845119999999998,64.312,1
25.040870611999708,19.767295999999998,64.156,1
25.05780567199872,19.728384,64.375,1
25.075020516998848,19.689472000000002,64.281,1
25.091528108998318,19.728384,64.187,1
25.108153432998733,19.806207999999998,64.125,1
25.124555134998445,19.806207999999998,64.125,1
25.14109968899902,19.845119999999998,64.343,1
25.157408428000053,19.845119999999998,64.343,1
25.17389531599838,19.922944,64.281,1
25.190293625999402,19.961856,64.281,1
25.20699565599898,20.03968,64.25,1
25.223845113998323,20.078592,64.437,1
25.24027520099844,20.117504,64.312,1
25.256846794998637,20.117504,64.156,1
25.274580213999798,20.03968,64.5,1
25.29172814499907,19.845119999999998,64.468,1
25.308774983999683,19.806207999999998,64.187,1
25.325836959998924,19.689472000000002,63.906,1
25.343157342998893,19.689472000000002,64.593,1
25.359599718000027,19.689472000000002,64.031,1
25.378554418999556,19.728384,63.968,1
25.394939223999245,19.767295999999998,63.875,1
25.411289340998337,19.767295999999998,64.031,1
25.42786746299862,19.767295999999998,64.468,1
25.44432795099965,19.845119999999998,64.156,1
25.460689394998553,19.922944,64.187,1
25.476853651000056,20.000768,64.25,1
25.493592193999575,20.03968,64.718,1
25.51027889499892,20.117504,64.5,1
25.526783031999003,20.117504,64.437,1
25.542896213999484,20.084416,64.156,1
25.56010040199908,20.000768,64.312,1
25.577156137998827,19.884031999999998,64.5,1
25.594002331999945,19.806207999999998,63.875,1
25.612059406999833,19.728384,64.187,1
25.62832798599993,19.728384,64.156,1
25.645047775999046,19.767295999999998,63.968,1
25.661362435999763,19.806207999999998,64.156,1
25.677524867000102,19.845119999999998,64.156,1
25.69369708999875,19.884031999999998,64.125,1
25.71011549600007,19.922944,64.218,1
25.72647034900001,19.961856,64.75,1
25.742786671999056,20.03968,64.656,1
25.75986416899832,20.117504,64.187,1
25.77636331299982,20.117504,64.187,1
25.792024514999866,20.123264,64.125,1
25.808813490999455,20.123264,64.656,1
25.825816841999767,20.078592,64.718,1
25.842805536000014,19.922944,64.156,1
25.859753908998755,19.806207999999998,63.937,1
25.87594728499971,19.728384,64.312,1
25.89461493699855,19.728384,64.187,1
25.912236737000057,19.767295999999998,64.312,1
25.930244658999072,19.806207999999998,64.218,1
25.94763822799905,19.845119999999998,64.281,1
25.964859248999346,19.884031999999998,64.625,1
25.982670653998866,19.922944,64.687,1
26.000399271999413,20.000768,64.312,1
26.01757113899839,20.03968,64.25,1
26.03599699299957,20.117504,64.343,1
26.053791244999957,20.195328,64.312,1
26.071018281998477,20.195328,64.468,1
26.088534734999484,20.195328,64.531,1
26.1055669819998,20.000768,64.5,1
26.12270950399943,19.922944,64.468,1
26.139718198999617,19.845119999999998,64.468,1
26.15699691699956,19.845119999999998,64.375,1
26.173394170999018,19.845119999999998,64.156,1
26.19032100699951,19.922944,64.562,1
26.20640631599963,19.961856,64.468,1
26.224467135998566,19.961856,64.281,1
26.242125735998343,20.000768,64.343,1
26.26003768800001,20.03968,64.437,1
26.277816867999718,20.117504,64.406,1
26.296373380999285,20.156416,64.562,1
26.31369203599934,20.195328,64.5,1
26.330901343999358,20.195328,64.218,1
26.34860944999855,20.20096,64.781,1
26.36623320199942,20.078592,64.437,1
26.38393257200005,19.961856,64.031,1
26.40172531999997,19.884031999999998,63.75,1
26.42464022599961,19.650560000000002,64.281,1
26.44807674599906,19.689472000000002,64.062,1
26.46640294899953,19.650560000000002,63.937,1
26.48294257499947,19.650560000000002,64.031,1
26.49951823399897,19.689472000000002,64.062,1
26.515975680998963,19.728384,64.593,1
26.532443080999656,19.806207999999998,64.281,1
26.549128501999803,19.845119999999998,64.312,1
26.567275211999004,19.961856,64.281,1
26.58342637899841,19.961856,64.312,1
26.599793263998436,20.000768,64.187,1
26.616416924000077,20.000768,64.218,1
26.63354069399975,20.03968,64.5,1
26.650991032998718,19.845119999999998,64.468,1
26.668267158998788,19.767295999999998,64.25,1
26.68548382699919,19.689472000000002,64.437,1
26.70396952199917,19.650560000000002,64.406,1
26.721755422999195,19.689472000000002,64.062,1
26.73978072099999,19.767295999999998,64.562,1
26.75725685299949,19.806207999999998,64.218,1
26.774904924999646,19.845119999999998,64.5,1
26.79292436799915,19.884031999999998,64.5,1
26.810352177999448,19.961856,64.468,1
26.827955992999705,20.000768,64.718,1
26.845957194998846,20.045568,64.531,1
26.86344119899877,20.084416,64.218,1
26.8809951559997,20.084416,64.156,1
26.89814171099897,20.123264,64.375,1
26.915486574998795,20.000768,64.468,1
26.93273639600011,19.922944,64.031,1
26.949900198998876,19.806207999999998,64.312,1
26.967478828999447,19.806207999999998,64.656,1
26.989192773999093,19.806207999999998,64.218,1
27.006433602999095,19.884031999999998,64.156,1
27.02392925499953,19.884031999999998,64.312,1
27.041439659999014,19.922944,64.343,1
27.05884874899857,19.961856,64.312,1
27.0760892899998,19.922944,64.5,1
27.093836692998593,20.000768,64.468,1
27.111238935000074,20.045568,64.281,1
27.12950459199965,20.084416,64.718,1
27.14607938699919,20.084416,64.687,1
27.163243797998803,20.123264,64.312,1
27.180231243999515,20.045568,64.281,1
27.19720284899995,19.884031999999998,64.125,1
27.214101972998833,19.845119999999998,63.968,1
27.231583543998568,19.767295999999998,64.375,1
27.24804911999854,19.767295999999998,64.218,1
27.26421955099977,19.806207999999998,64.156,1
27.28067043899864,19.845119999999998,64.656,1
27.29707914899882,19.884031999999998,64.312,1
27.313406031998966,19.922944,64.312,1
27.3296143209991,19.961856,64.343,1
27.346070743999007,20.03968,64.312,1
27.362573184998837,20.045568,64.781,1
27.380209832999753,20.123264,64.343,1
27.396461769998496,20.084416,64.218,1
27.41248992599867,20.123264,64.25,1
27.428669572998842,20.123264,64.312,1
27.445513590999326,20.123264,64.812,1
27.461715383999035,19.961856,64.281,1
27.478970516998743,19.884031999999998,64.187,1
27.496069037999405,19.806207999999998,64.468,1
27.515043258999867,19.767295999999998,64.218,1
27.532228790998488,19.845119999999998,64.25,1
27.54919623599926,19.884031999999998,64.437,1
27.566669967998678,19.922944,64.375,1
27.584198676999222,19.922944,64.718,1
27.60234765899986,19.961856,64.75,1
27.62045004799984,20.000768,64.406,1
27.637993444999665,20.078592,64.281,1
27.655766320998737,20.123264,64.531,1
27.674199022998437,20.03968,64.531,1
27.691625681000005,20.03968,64.562,1
27.70880269999907,20.078592,64.468,1
27.72581744299896,20.000768,64.375,1
27.74288357899968,19.845119999999998,64.687,1
27.75975274999837,19.767295999999998,64.468,1
27.776829221998923,19.728384,64.656,1
27.793314189999364,19.728384,64.281,1
27.81012063899834,19.767295999999998,64.125,1
27.826879950998773,19.845119999999998,64.593,1
27.843372086999807,19.845119999999998,64.656,1
27.859795037998992,19.884031999999998,64.625,1
27.87645597899973,19.922944,64.406,1
27.89279860699935,20.000768,64.312,1
27.909259925998413,20.03968,64.781,1
27.926187146998927,20.117504,64.75,1
27.942295079999894,20.123264,64.531,1
27.958165951999035,20.123264,64.5,1
27.974621415,20.162112,64.875,1
27.991326260998903,20.084416,64.875,1
28.008371852998607,19.961856,64.5,1
28.025462533998507,19.884031999999998,64.093,1
28.043041515998993,19.845119999999998,64.312,1
28.061648462999074,19.845119999999998,64.312,1
28.081571637998422,19.884031999999998,64.5,1
28.099363585999527,19.922944,64.468,1
28.11679798899968,19.961856,64.281,1
28.13433418599925,20.000768,64.843,1
28.151735210998595,20.03968,64.375,1
28.169044585998563,20.078592,64.375,1
28.186648496999624,20.123264,64.5,1
28.205540699998892,20.162112,64.468,1
28.222884411999985,20.20096,64.75,1
28.24011397599861,20.239808,64.687,1
28.257336148999457,20.162112,64.718,1
28.274684725000043,19.922944,64.281,1
28.292138071999943,19.845119999999998,64.593,1
28.309200815998338,19.806207999999998,64.468,1
28.32605712199984,19.767295999999998,64.187,1
28.342435302998638,19.806207999999998,64.218,1
28.35933349900006,19.884031999999998,64.25,1
28.375702047998857,19.922944,64.75,1
28.39263713999935,19.922944,64.25,1
28.409143324999604,19.884031999999998,64.343,1
28.42545369599975,19.961856,64.343,1
28.441922471998623,20.000768,64.906,1
28.458408431999487,20.078592,64.75,1
28.47457748799934,20.156416,64.718,1
28.49015225399853,20.156416,64.625,1
28.50652713999989,20.195328,64.468,1
28.523067052999977,20.195328,64.812,1
28.540073699999994,20.03968,64.906,1
28.557091258999208,19.961856,64.468,1
28.574093520999668,19.884031999999998,64.062,1
28.592925241999183,19.806207999999998,64.312,1
28.610780551998687,19.806207999999998,64.343,1
28.628377486998943,19.845119999999998,64.5,1
28.646004438998716,19.884031999999998,64.468,1
28.663513082999998,19.922944,64.437,1
28.68108531299913,19.961856,64.843,1
28.69881735599847,20.000768,64.437,1
28.71654622999995,20.078592,64.437,1
28.73496709199935,20.156416,64.593,1
28.752648828998645,20.195328,64.406,1
28.77026234099867,20.234240000000003,64.687,1
28.787346364999394,20.234240000000003,64.625,1
28.804664475999743,20.117504,64.781,1
28.82172949300002,20.000768,64.125,1
28.83846617999916,19.961856,64.437,1
28.856497429998853,19.845119999999998,64.718,1
28.87340743399909,19.728384,64.218,1
28.889798639998844,19.806207999999998,64.125,1
28.907354229999328,19.845119999999998,64.75,1
28.923653272999218,19.884031999999998,64.687,1
28.94022198699895,19.922944,64.406,1
28.956845230999534,19.961856,64.375,1
28.97338549699998,20.000768,64.406,1
28.989733468999475,20.078592,64.906,1
29.0065264449986,20.156416,64.906,1
29.022507399999085,20.156416,64.781,1
29.03850646599858,20.156416,64.562,1
29.054653696999594,20.195328,64.312,1
29.071802075999585,20.156416,64.968,1
29.08893695000006,19.961856,64.718,1
29.106057166998653,19.884031999999998,64.25,1
29.123248298999897,19.845119999999998,64.375,1
29.141458178999528,19.845119999999998,64.5,1
29.157821094999235,19.884031999999998,64.343,1
29.174429362999945,19.922944,64.218,1
29.19085356100004,19.961856,64.312,1
29.207151611999507,20.000768,64.312,1
29.223398077998354,20.03968,64.906,1
29.23960860599982,20.117504,64.843,1
29.25588870499996,20.156416,64.812,1
29.271904283999902,20.20096,64.406,1
29.287841620998734,20.239808,64.375,1
29.30387988899929,20.239808,64.812,1
29.32106049199865,20.278655999999998,64.75,1
29.337925662999623,20.20096,64.812,1
29.354922516999068,20.03968,64.281,1
29.371841640999264,20.000768,64.781,1
29.39005827299843,19.961856,64.5,1
29.40724610899997,19.884031999999998,64.281,1
29.423652577999746,19.884031999999998,64.406,1
29.441619444000025,19.961856,64.343,1
29.457882165999763,19.961856,64.343,1
29.47442179099926,19.922944,64.312,1
29.49109892499837,19.922944,64.312,1
29.507758777999697,20.000768,64.406,1
29.523926008998387,20.03968,64.562,1
29.54123525599971,20.117504,64.5,1
29.557603100998676,20.156416,64.468,1
29.57380098899921,20.195328,64.406,1
29.589829751999787,20.156416,64.312,1
29.606566022999687,20.156416,64.5,1
29.62357878199873,20.000768,64.593,1
29.64094249399932,19.922944,64.5,1
29.65817234699898,19.806207999999998,64.531,1
29.675359830998786,19.806207999999998,64.531,1
29.692229577000035,19.806207999999998,64.375,1
29.70903922599973,19.884031999999998,64.625,1
29.725383230999796,19.884031999999998,64.562,1
29.74176358799923,19.922944,64.562,1
29.758309101998748,19.961856,64.625,1
29.775103133999437,20.000768,64.593,1
29.791585349999878,20.03968,64.843,1
29.80784176799898,20.117504,64.656,1
29.825290474998837,20.162112,64.687,1
29.842075066999314,20.20096,64.5,1
29.858302075999745,20.20096,64.781,1
29.87592425999901,20.20096,64.781,1
29.89305164599864,20.03968,64.781,1
29.91017138299867,19.961856,64.281,1
29.926433336999253,19.884031999999998,64.781,1
29.943074085998887,19.845119999999998,64.656,1
29.959659696998642,19.884031999999998,64.687,1
29.97624140299922,19.922944,64.406,1
29.99252578999949,19.961856,64.812,1
30.009039526999914,19.961856,64.781,1
30.025367274998644,20.000768,64.781,1
30.041903091998392,20.00672,64.781,1
30.058006289998957,20.084416,64.687,1
30.07432274099847,20.00672,64.375,1
30.091231432999848,20.045568,64.781,1
30.108112507999977,20.084416,64.781,1
30.125306295998598,20.123264,64.625,1
30.142341262999253,20.123264,64.375,1
30.159348293998846,20.000768,65.031,1
30.176371260999076,19.922944,64.593,1
30.193450132999715,19.806207999999998,64.25,1
30.210672369999884,19.806207999999998,64.312,1
30.226775278999412,19.806207999999998,64.843,1
30.244913060998442,19.845119999999998,64.718,1
30.261157477998495,19.884031999999998,64.312,1
30.277571212998737,19.922944,64.406,1
30.294144406998385,19.890176,64.5,1
30.310609982998358,19.967872,65.0,1
30.32696272299836,20.045568,64.937,1
30.343321351998384,20.123264,64.531,1
30.360104951998437,20.162112,64.437,1
30.376228501998412,20.20096,64.343,1
30.393545140999777,20.20096,64.781,1
30.410299140999996,20.162112,64.437,1
30.427086036999754,20.00672,64.468,1
30.444092843999897,19.922944,64.25,1
30.461078369999086,19.845119999999998,64.187,1
30.478995505000057,19.806207999999998,64.468,1
30.49605386499934,19.767295999999998,64.375,1
30.513651247998496,19.845119999999998,64.531,1
30.530393823999475,19.884031999999998,64.468,1
30.546804837998934,19.922944,64.531,1
30.563247788999433,19.961856,64.562,1
30.579520686998876,20.000768,64.5,1
30.59595125299893,20.03968,64.656,1
30.612311353999758,20.03968,64.625,1
30.629458419998628,20.084416,64.593,1
30.645906011999614,20.123264,64.468,1
30.662840592000066,20.123264,64.656,1
30.67986320699856,20.078592,64.562,1
30.69686249299957,20.000768,64.593,1
30.71387835599853,19.806207999999998,64.718,1
30.730867497999498,19.767295999999998,64.375,1
30.747985731999506,19.728384,64.656,1
30.765028954998343,19.728384,64.468,1
30.781362014999104,19.767295999999998,64.781,1
30.79978505299914,19.845119999999998,64.656,1
30.816025117999743,19.845119999999998,64.593,1
30.8324693809991,19.884031999999998,64.343,1
30.849060495998856,19.922944,64.968,1
30.86547026199878,20.000768,64.875,1
30.883035707998715,20.078592,64.531,1
30.9000762759988,20.117504,64.468,1
30.916100847000052,20.156416,64.406,1
30.931770657000015,20.195328,64.937,1
30.947428529998433,20.162112,64.843,1
30.963955034998435,20.117504,64.937,1
30.980535045999204,19.961856,64.625,1
30.99744114599889,19.884031999999998,64.218,1
31.014764376999665,19.845119999999998,64.906,1
31.031942739999067,19.806207999999998,64.718,1
31.0482513199986,19.845119999999998,64.312,1
31.0669332439993,19.922944,64.343,1
31.08329062499979,19.922944,64.937,1
31.099592803999258,19.922944,64.875,1
31.116137101998902,20.000768,64.531,1
31.132574676999866,20.078592,64.531,1
31.14885583099931,20.117504,64.375,1
31.16588292599954,20.162112,65.062,1
31.182566779998524,20.20096,64.875,1
31.19907923699975,20.20096,64.468,1
31.216150460999415,20.20096,64.406,1
31.233587007000096,20.117504,64.843,1
31.25062552700001,20.000768,64.406,1
31.267696878998322,19.961856,64.281,1
31.286136269000053,19.884031999999998,64.718,1
31.302592628999264,19.845119999999998,64.593,1
31.32112178099851,19.884031999999998,64.812,1
31.33771939199869,19.922944,64.718,1
31.354228360998604,19.922944,64.687,1
31.370788402999096,19.961856,64.656,1
31.38746633699884,20.000768,65.062,1
31.404662044998986,20.078592,64.906,1
31.420938974999444,20.078592,64.75,1
31.43685227899914,20.117504,64.75,1
31.453256956998302,20.156416,64.656,1
31.469773893999445,20.162112,64.562,1
31.486902367998482,20.162112,64.843,1
31.503818163999313,20.117504,64.937,1
31.52081850600007,19.961856,64.562,1
31.537785887998325,19.884031999999998,64.156,1
31.554553615998884,19.806207999999998,65.0,1
31.57149958899936,19.806207999999998,64.75,1
31.58777859899965,19.845119999999998,64.375,1
31.606501516998833,19.922944,64.312,1
31.622970933000033,19.884031999999998,64.906,1
31.639898888999596,19.922944,64.812,1
31.65638164899974,19.961856,64.593,1
31.67263019499842,20.03968,64.656,1
31.689093241999217,20.078592,64.5,1
31.706030414999987,20.123264,65.0,1
31.722503222999876,20.162112,64.812,1
31.738721558998805,20.162112,64.5,1
31.755861072999323,20.20096,64.531,1
31.77323838599841,20.084416,64.625,1
31.79022919199997,19.961856,64.406,1
31.807165532998624,19.922944,64.25,1
31.825432469999214,19.845119999999998,64.781,1
31.842386667000028,19.806207999999998,64.562,1
31.859099929999502,19.884031999999998,64.843,1
31.87721723100003,19.806207999999998,64.718,1
31.893937853999887,19.806207999999998,64.687,1
31.910684172999026,19.845119999999998,64.656,1
31.927218262999304,19.884031999999998,64.687,1
31.943743551999432,19.922944,65.031,1
31.960304233998613,20.000768,64.906,1
31.976807731000008,20.045568,64.875,1
31.993392508999023,20.084416,64.718,1
32.00942984899848,20.084416,65.0,1
32.02735012099947,20.123264,64.812,1
32.044552420999025,20.045568,64.906,1
32.06173548799961,19.922944,64.375,1
32.078893018999224,19.845119999999998,64.218,1
32.09786615199846,19.767295999999998,64.718,1
32.11679009999898,19.767295999999998,64.781,1
32.13526129899947,19.845119999999998,64.343,1
32.15435232299933,19.884031999999998,64.406,1
32.1721251989984,19.922944,64.593,1
32.18960776199856,19.929024000000002,64.531,1
32.20746508799857,20.00672,64.906,1
32.22522183599904,20.045568,64.531,1
32.24445286399896,20.123264,65.031,1
32.26221466700008,20.162112,64.656,1
32.27949898499901,20.162112,64.562,1
32.296929131998695,20.20096,64.5,1
32.31471397599853,20.084416,64.843,1
32.331919539999944,20.000768,64.5,1
32.34919467399959,19.922944,64.593,1
32.368729613999676,19.845119999999998,64.531,1
32.38886914699833,19.884031999999998,64.5,1
32.40758022499904,19.884031999999998,64.781,1
32.4258090809999,19.884031999999998,64.75,1
32.44355318799899,19.884031999999998,64.437,1
32.4616914499984,19.961856,64.5,1
32.479713740998704,19.961856,64.5,1
32.49706977299866,19.922944,64.562,1
32.51463515499927,20.000768,64.875,1
32.53306670499842,20.045568,64.75,1
32.55063803899975,20.084416,64.5,1
32.56774199999927,20.084416,64.875,1
32.585234451998986,20.117504,64.968,1
32.60236612599874,19.884031999999998,64.343,1
32.61988744299924,19.806207999999998,64.312,1
32.637066957999195,19.767295999999998,64.656,1
32.65554353399966,19.728384,64.875,1
32.67372778099889,19.806207999999998,64.375,1
32.69578743099919,19.845119999999998,64.656,1
32.71373314399898,19.884031999999998,64.593,1
32.73149561899845,19.922944,64.875,1
32.74931940799979,19.961856,64.875,1
32.767173309999635,20.000768,64.562,1
32.78515351999886,20.117504,64.531,1
32.80305404699902,20.123264,64.718,1
32.82058265999876,20.123264,64.593,1
32.83867077600007,20.162112,64.75,1
32.85593845399853,20.117504,64.875,1
32.87322389199835,19.961856,64.843,1
32.89050193799994,19.884031999999998,64.687,1
32.90985396199903,19.806207999999998,64.562,1
32.92941786299889,19.806207999999998,64.625,1
32.94791747899944,19.884031999999998,64.875,1
32.9677458999995,19.884031999999998,64.5,1
32.985667450999244,19.922944,64.562,1
33.003943701000026,19.961856,64.718,1
33.02227275199948,20.000768,64.718,1
33.03958855899873,20.078592,64.968,1
33.05752559999928,20.123264,64.875,1
33.075456399999894,20.084416,64.375,1
33.09282276799968,20.117504,64.437,1
33.110390101999656,20.117504,64.593,1
33.127616882999064,20.03968,64.625,1
33.14503118899847,19.845119999999998,64.687,1
33.162265232998834,19.806207999999998,64.5,1
33.179549552000026,19.728384,65.031,1
33.19851839599869,19.728384,64.843,1
33.21693346599932,19.767295999999998,64.593,1
33.23738833599964,19.845119999999998,64.625,1
33.255084729999,19.884031999999998,65.0,1
33.27264745499997,19.922944,64.906,1
33.29029395999896,19.961856,64.937,1
33.308064690998435,20.03968,64.656,1
33.3261156869994,20.078592,64.687,1
33.3438756659998,20.123264,64.593,1
33.36156630000005,20.156416,64.937,1
33.379098849,20.162112,64.781,1
33.39639452699885,20.156416,64.937,1
33.41371743899981,19.961856,64.875,1
33.43103894199885,19.884031999999998,64.75,1
33.44847545599987,19.806207999999998,64.625,1
33.46762360199864,19.806207999999998,64.687,1
33.4857680719997,19.845119999999998,64.937,1
33.507543394000095,19.884031999999998,64.5,1
33.525364079998326,19.922944,64.562,1
33.54321858899857,19.961856,64.843,1
33.561384787999486,20.000768,64.781,1
33.579383173999304,20.078592,65.062,1
33.597528059999604,20.123264,64.937,1
33.61531552799897,20.123264,64.406,1
33.632829516998754,20.162112,64.593,1
33.65042545999859,20.20096,64.656,1
33.66797791299905,20.123264,64.812,1
33.68521778200011,19.884031999999998,64.593,1
33.70247464399836,19.806207999999998,64.5,1
33.719889845999205,19.728384,64.968,1
33.73864818899892,19.689472000000002,64.781,1
33.756939990998944,19.767295999999998,64.437,1
33.77672376999908,19.806207999999998,64.718,1
33.79431350499908,19.845119999999998,64.625,1
33.811917031998746,19.884031999999998,64.937,1
33.82971941199867,19.922944,64.937,1
33.847330044000046,20.000768,64.718,1
33.86520845799896,20.078592,64.562,1
33.8834846439986,20.123264,64.781,1
33.901309904998925,20.123264,64.687,1
33.91868056199928,20.123264,64.812,1
33.93614104500011,20.123264,64.875,1
33.95353870999861,19.961856,65.0,1
33.97083067599851,19.884031999999998,64.843,1
33.98829762399873,19.806207999999998,64.625,1
34.007519723998485,19.806207999999998,64.781,1
34.025816549999945,19.845119999999998,64.937,1
34.04641407999952,19.922944,64.937,1
34.0630011309986,19.922944,64.843,1
34.07951496399983,19.922944,64.812,1
34.096014267999635,20.000768,64.625,1
34.11230927899851,20.078592,65.093,1
34.12852457599911,20.084416,65.0,1
34.14465906999976,20.162112,64.906,1
34.161248968999644,20.162112,64.843,1
34.17705218999981,20.20096,64.812,1
34.193370369999684,20.20096,64.75,1
34.210307190000094,20.084416,65.031,1
34.2275297469987,20.000768,64.75,1
34.24459377099993,19.961856,64.375,1
34.262045869998474,19.884031999999998,65.062,1
34.278666745998635,19.845119999999998,64.843,1
34.29497030099992,19.806207999999998,64.687,1
34.31267751099949,19.845119999999998,64.5,1
34.329178542999216,19.884031999999998,64.437,1
34.34581884399995,19.922944,65.031,1
34.36214559899963,19.961856,64.968,1
34.37839392099886,20.000768,64.875,1
34.39477194199935,20.03968,64.656,1
34.412105605999386,20.084416,64.625,1
34.4286975849991,20.084416,65.0,1
34.445800265999424,20.078592,64.656,1
34.46314000899838,20.084416,64.531,1
34.48042992799856,20.045568,64.687,1
34.497589218999565,19.884031999999998,64.656,1
34.51469039599942,19.806207999999998,64.531,1
34.53211833399837,19.767295999999998,64.968,1
34.549630689998594,19.767295999999998,64.781,1
34.5662111169986,19.806207999999998,64.687,1
34.584531208000044,19.884031999999998,64.875,1
34.601379738000105,19.884031999999998,64.937,1
34.618205579999994,19.922944,64.843,1
34.63496994799971,19.922944,64.781,1
34.65133657599836,19.961856,65.156,1
34.66774086999976,20.03968,65.0,1
34.68405815400001,20.045568,64.968,1
34.700829593999515,20.084416,64.875,1
34.717885361998924,20.123264,64.812,1
34.73436453799877,20.162112,65.0,1
34.751347278999674,20.084416,65.062,1
34.76838080699963,19.922944,64.843,1
34.78541017399948,19.884031999999998,64.312,1
34.803502321999986,19.806207999999998,64.812,1
34.822723909999695,19.806207999999998,64.968,1
34.84116662899942,19.884031999999998,64.781,1
34.86088426199967,19.922944,64.5,1
34.878666065998914,19.884031999999998,64.781,1
34.89636649199929,19.884031999999998,64.718,1
34.91380950199891,19.922944,64.906,1
34.93209029599893,19.961856,64.875,1
34.951454735999505,20.03968,64.656,1
34.969781610998325,20.045568,64.781,1
34.98728388699965,20.084416,64.781,1
35.00527798499934,20.123264,64.906,1
35.0226240969987,20.078592,64.937,1
35.03991558300004,19.922944,64.687,1
35.057313600998896,19.845119999999998,64.781,1
35.076501011999426,19.767295999999998,64.781,1
35.094241662998684,19.767295999999998,64.531,1
35.112683292998554,19.806207999999998,64.687,1
35.13087141199867,19.884031999999998,64.656,1
35.14845160999903,19.884031999999998,64.906,1
35.16620893399886,19.922944,64.875,1
35.1843487319984,19.961856,64.75,1
35.20209904699914,20.03968,64.781,1
35.22032412699991,20.084416,64.812,1
35.23818548499912,20.123264,64.906,1
35.255344616,20.162112,64.812,1
35.27363785799935,20.162112,65.156,1
35.29090441599874,20.084416,65.187,1
35.30814092499895,19.961856,64.812,1
35.325361080998846,19.884031999999998,64.312,1
35.343967739998334,19.845119999999998,64.812,1
35.36178416899929,19.845119999999998,64.718,1
35.38012563599841,19.884031999999998,64.812,1
35.398144918999606,19.922944,64.812,1
35.41566348299966,19.961856,64.625,1
35.433017723999,19.961856,65.062,1
35.4504007329997,20.000768,64.781,1
35.468211272998815,20.03968,64.75,1
35.48602754199965,20.078592,64.75,1
35.50352764199852,20.078592,64.781,1
35.521269380999,20.078592,65.0,1
35.5389462539988,20.078592,64.906,1
35.55622509999921,20.117504,64.781,1
35.57396290299948,19.922944,64.718,1
35.59119176399872,19.845119999999998,64.968,1
35.60838081499969,19.767295999999998,64.656,1
35.62679230100002,19.728384,64.562,1
35.64461192999988,19.728384,64.781,1
35.66354477399909,19.806207999999998,65.0,1
35.6813567549998,19.845119999999998,64.937,1
35.69888914399962,19.884031999999998,64.656,1
35.716573856998366,19.922944,64.687,1
35.73449694499868,19.961856,64.843,1
35.75261379799849,20.000768,65.062,1
35.77162523599873,20.078592,64.906,1
35.78951542699906,20.117504,64.625,1
35.807006215,20.123264,64.625,1
35.8245362359994,20.123264,65.125,1
35.84208840199972,20.000768,64.781,1
35.85929047799982,19.922944,64.593,1
35.87675182499879,19.806207999999998,64.781,1
35.89525179199882,19.767295999999998,64.843,1
35.912921080998785,19.806207999999998,64.906,1
35.93169568099984,19.884031999999998,64.531,1
35.94931283999904,19.884031999999998,64.625,1
35.96687182200003,19.922944,64.843,1
35.98453480699936,20.000768,64.781,1
36.00219164699956,20.03968,65.0,1
36.020036812999024,20.078592,65.031,1
36.03798412600008,20.123264,64.718,1
36.0555848039985,20.162112,65.156,1
36.07318122699871,20.162112,65.0,1
36.090501130998746,20.084416,64.625,1
36.10794183699909,20.000768,64.75,1
36.12533729399911,19.845119999999998,64.593,1
36.142529834000015,19.806207999999998,64.718,1
36.1622736119989,19.728384,64.937,1
36.179992310999296,19.728384,64.531,1
36.19893257900003,19.767295999999998,64.718,1
36.21676395199938,19.806207999999998,64.656,1
36.23442460099977,19.845119999999998,64.687,1
36.252179939998314,19.922944,64.875,1
36.27029720899918,19.961856,64.718,1
36.28789596799834,20.000768,65.125,1
36.305724012998326,20.078592,64.781,1
36.32358409099834,20.084416,64.687,1
36.34129069299888,20.123264,64.875,1
36.358703718999095,20.123264,64.875,1
36.37609472799886,20.078592,64.875,1
36.393225857998914,19.922944,64.812,1
36.410449727000014,19.884031999999998,64.375,1
36.43057409099856,19.728384,64.812,1
36.44955228099934,19.689472000000002,64.656,1
36.46840467399852,19.767295999999998,64.875,1
36.4867871030001,19.806207999999998,64.781,1
36.504317699998865,19.806207999999998,64.593,1
36.52204026999971,19.845119999999998,65.156,1
36.5400842250001,19.922944,64.781,1
36.55785066899989,19.961856,64.968,1
36.576300970999,20.00672,64.812,1
36.593796654999096,20.084416,65.156,1
36.61095178599862,20.084416,65.093,1
36.6286189629991,20.045568,64.906,1
36.64601925199895,20.045568,64.781,1
36.66318196699831,19.884031999999998,64.593,1
36.680417675999706,19.806207999999998,64.437,1
36.6981167899994,19.650560000000002,64.593,1
36.71712454799854,19.611648000000002,64.781,1
36.736195186998884,19.689472000000002,64.5,1
36.75462024099943,19.728384,64.656,1
36.77259142599905,19.767295999999998,64.687,1
36.79016311199848,19.806207999999998,64.75,1
36.807817424998575,19.845119999999998,64.937,1
36.82587005200003,19.922944,65.156,1
36.843479948000095,20.000768,65.156,1
36.861974730998554,20.03968,64.781,1
36.87935345199912,20.084416,64.687,1
36.89693941099904,20.084416,64.875,1
36.91462364399922,20.084416,64.843,1
36.93187455299994,19.884031999999998,64.875,1
36.94911656599834,19.806207999999998,64.781,1
36.96939395899972,19.767295999999998,64.718,1
36.98654944199916,19.767295999999998,65.062,1
37.00431745300011,19.806207999999998,64.687,1
37.02214287499919,19.845119999999998,64.625,1
37.039757857999575,19.884031999999998,64.843,1
37.05701337499886,19.922944,64.812,1
37.07448838699929,19.961856,65.187,1
37.09223950199885,20.03968,65.093,1
37.11001740199936,20.084416,64.812,1
37.129049128998304,20.162112,64.781,1
37.14536090799993,20.162112,65.062,1
37.161816786998315,20.20096,64.718,1
37.17915301099856,20.20096,64.781,1
37.196355566999046,20.03968,64.843,1
37.21359831599875,19.961856,64.75,1
37.23073347799982,19.884031999999998,64.781,1
37.24930445599966,19.884031999999998,64.906,1
37.26712898099868,19.922944,64.593,1
37.28548632099955,19.884031999999998,64.468,1
37.302916018999895,19.884031999999998,65.0,1
37.32053624999935,19.922944,64.656,1
37.3382625969989,19.961856,65.0,1
37.35608408199914,20.000768,64.968,1
37.373884413998894,20.078592,65.156,1
37.39283489099944,20.156416,65.156,1
37.410521747999155,20.162112,64.781,1
37.428313343998525,20.162112,64.687,1
37.445594525999695,20.156416,64.781,1
37.46306310599903,20.03968,64.906,1
37.48024908499974,19.884031999999998,64.593,1
37.4974173039991,19.845119999999998,64.625,1
37.516904530999454,19.767295999999998,64.75,1
37.53450127399992,19.767295999999998,64.687,1
37.553694476999226,19.845119999999998,64.656,1
37.57112551999853,19.884031999999998,64.875,1
37.5887245670001,19.922944,64.781,1
37.60649440199995,19.961856,65.187,1
37.62450139599969,20.000768,65.125,1
37.64191941399986,20.03968,64.812,1
37.660950692999904,20.078592,64.75,1
37.67841191199841,20.117504,64.812,1
37.69586199500009,20.156416,64.875,1
37.71358040499945,20.123264,65.0,1
37.73080184099854,20.078592,65.062,1
37.74802596599875,19.922944,64.843,1
37.76517936899836,19.884031999999998,64.906,1
37.784373083999526,19.806207999999998,64.781,1
37.80188217599971,19.806207999999998,64.656,1
37.82100052899841,19.884031999999998,64.781,1
37.83862549699916,19.922944,64.812,1
37.8559152229991,19.922944,65.031,1
37.873551966999,19.961856,65.062,1
37.89128055299989,19.922944,64.656,1
37.908962994999456,19.961856,65.281,1
37.92691897899931,20.03968,64.875,1
37.94596753799851,20.078592,65.0,1
37.96348552699965,20.084416,64.906,1
37.98075842099934,20.123264,64.906,1
37.9982761859992,20.117504,65.281,1
38.015448596999704,19.922944,65.0,1
38.03276475599887,19.845119999999998,64.531,1
38.050946954999745,19.806207999999998,64.75,1
38.06889490799949,19.806207999999998,64.843,1
38.08666989499943,19.845119999999998,64.687,1
38.10448945999997,19.884031999999998,64.906,1
38.12188078999861,19.922944,64.937,1
38.13948892499866,19.922944,64.656,1
38.157172773999264,20.000768,65.187,1
38.17518354399908,20.03968,64.875,1
38.19302320599854,20.084416,64.781,1
38.210854578999715,20.162112,64.906,1
38.22865897599877,20.162112,64.843,1
38.24586610799997,20.20096,65.093,1
38.26326082899868,20.162112,65.156,1
38.28047560899904,19.961856,65.0,1
38.29771733399866,19.922944,65.062,1
38.31513512799938,19.845119999999998,64.968,1
38.33641840499877,19.845119999999998,64.968,1
38.354421654999896,19.884031999999998,64.875,1
38.37237434399867,19.961856,64.75,1
38.38992318199962,20.000768,65.156,1
38.40763442399839,20.000768,64.843,1
38.425638281998545,20.045568,64.781,1
38.44322302399996,20.045568,64.906,1
38.460898584999086,20.084416,65.25,1
38.48017649499889,20.162112,65.187,1
38.49809996699878,20.117504,64.625,1
38.51560665899888,20.117504,64.718,1
38.53312083899982,20.156416,64.937,1
38.550539112999104,19.961856,64.906,1
38.56773491700005,19.884031999999998,64.718,1
38.58498003399836,19.806207999999998,64.906,1
38.603586084998824,19.806207999999998,64.625,1
38.62135832099921,19.806207999999998,65.031,1
38.639326401998915,19.845119999999998,64.687,1
38.656933480999214,19.884031999999998,64.656,1
38.67448887899991,19.884031999999998,64.937,1
38.692151542998545,19.961856,64.937,1
38.70962089099885,20.03968,64.875,1
38.727209696999125,20.078592,65.031,1
38.745221075998415,20.156416,64.968,1
38.76272040799995,20.156416,65.281,1
38.78033804699953,20.195328,65.093,1
38.79756143599843,20.195328,64.781,1
38.8148617859988,20.078592,64.937,1
38.8321194479995,19.961856,64.625,1
38.849283154999284,19.884031999999998,64.781,1
38.86782734799999,19.845119999999998,65.031,1
38.886673916998916,19.884031999999998,64.937,1
38.903498158999355,19.961856,64.687,1
38.920525253999585,20.000768,65.187,1
38.93790407099914,20.03968,65.093,1
38.95546286099852,20.078592,64.812,1
38.97310002099948,20.156416,64.812,1
38.990880351999294,20.162112,65.031,1
39.00953097999991,20.239808,64.875,1
39.02684557199973,20.278655999999998,65.093,1
39.04427414999918,20.278655999999998,65.031,1
39.06153977899885,20.317504,64.781,1
39.0784003739991,20.20096,65.406,1
39.09557387299901,20.000768,64.906,1
39.11282740599927,19.922944,64.562,1
39.129838180999286,19.884031999999998,64.781,1
39.14708633800001,19.845119999999998,64.656,1
39.163390788999095,19.884031999999998,65.125,1
39.17991262199939,19.922944,64.718,1
39.196343540999806,19.961856,64.625,1
39.212671256998874,20.000768,64.781,1
39.2291550409991,20.03968,65.343,1
39.24562500100001,20.078592,65.218,1
39.261975116998656,20.117504,65.25,1
39.27843259599831,20.162112,65.093,1
39.294636340999205,20.20096,64.781,1
39.310854068999106,20.20096,65.281,1
39.32695790699836,20.239808,65.187,1
39.343748866998794,20.20096,65.156,1
39.36073500099883,20.03968,65.125,1
39.377698062999116,19.961856,64.656,1
39.394699172999026,19.884031999999998,65.218,1
39.413368329998775,19.845119999999998,64.781,1
39.43070941699989,19.961856,64.625,1
39.44818138899973,19.922944,64.781,1
39.46565899199959,19.922944,64.781,1
39.48304372899838,19.961856,65.093,1
39.50065304799864,20.000768,65.062,1
39.51839129899963,20.078592,64.812,1
39.53634603599858,20.117504,64.781,1
39.55400306899901,20.195328,64.906,1
39.571076404999985,20.20096,64.781,1
39.58815124499961,20.20096,64.843,1
39.6053238479999,20.20096,64.906,1
39.62264691999917,20.117504,65.093,1
39.63963586999853,20.000768,64.781,1
39.656560241999614,19.884031999999998,64.406,1
39.67767320999883,19.728384,64.781,1
39.69429770199895,19.650560000000002,65.0,1
39.71070874799989,19.650560000000002,65.031,1
39.7271456189992,19.689472000000002,64.968,1
39.74361605899867,19.728384,64.937,1
39.75989484499951,19.767295999999998,64.781,1
39.77644327099915,19.806207999999998,65.281,1
39.792941710999,19.884031999999998,65.156,1
39.80954575499891,19.922944,65.187,1
39.82682696899974,20.000768,64.875,1
39.84265908699854,20.03968,64.781,1
39.85848979699949,20.078592,65.281,1
39.8748722979999,20.078592,65.218,1
39.89185123199968,20.078592,65.187,1
39.90888562299915,19.884031999999998,64.625,1
39.92593499099894,19.806207999999998,65.187,1
39.94298301499839,19.767295999999998,65.218,1
39.960738705998665,19.728384,64.812,1
39.97837240999979,19.806207999999998,64.781,1
39.9960623070001,19.845119999999998,64.906,1
40.01358096799959,19.884031999999998,64.781,1
40.03113809399838,19.884031999999998,65.25,1
40.048756053000034,19.922944,65.187,1
40.066371611999784,19.967872,64.906,1
40.083633113999895,20.045568,65.312,1
40.102713545998995,20.123264,64.937,1
40.120682394999676,20.162112,64.812,1
40.1378086929999,20.162112,65.125,1
40.15512638799919,20.20096,65.031,1
40.17237905699949,19.967872,65.093,1
40.18947245799973,19.961856,65.062,1
40.20654464299878,19.884031999999998,64.968,1
40.22355064899966,19.845119999999998,64.906,1
40.23997321499883,19.884031999999998,65.218,1
40.25696203699954,19.922944,65.125,1
40.274799106999126,19.961856,64.875,1
40.29239069799951,19.922944,64.75,1
40.30972093699893,19.922944,64.875,1
40.32781830199929,19.961856,64.968,1
40.34572199699869,20.03968,65.281,1
40.36346607199994,20.084416,65.125,1
40.38108812799874,20.123264,64.843,1
40.39870138299921,20.123264,65.281,1
40.41666709599849,20.162112,65.187,1
40.434145147999516,20.084416,64.937,1
40.45184845299991,19.922944,64.75,1
40.469365513999946,19.806207999999998,64.781,1
40.48780215199986,19.728384,65.281,1
40.509414397998626,19.767295999999998,64.781,1
40.5271294159993,19.806207999999998,64.937,1
40.545059831998515,19.884031999999998,64.937,1
40.56262431799951,19.884031999999998,65.218,1
40.580387082000016,19.922944,65.187,1
40.59831269799906,19.961856,64.906,1
40.616149510999094,20.03968,64.875,1
40.63355412099918,20.084416,64.968,1
40.65337447699858,20.084416,64.937,1
40.67016806199899,20.123264,65.062,1
40.68675892099964,20.123264,65.0,1
40.70433070299987,20.084416,65.062,1
40.72153447499841,19.922944,65.093,1
40.738727302999905,19.845119999999998,65.062,1
40.756084422999265,19.806207999999998,64.937,1
40.77435948799939,19.806207999999998,64.781,1
40.79195770299884,19.845119999999998,64.812,1
40.809886198998356,19.884031999999998,64.781,1
40.82718728599866,19.922944,65.093,1
40.844591639999635,19.961856,65.031,1
40.86224060799941,20.000768,65.406,1
40.88019390499903,20.03968,65.312,1
40.89779058299973,20.000768,64.781,1
40.91560240399849,20.03968,64.843,1
40.9329962289994,20.078592,64.968,1
40.95055402699836,20.084416,65.0,1
40.96770480599844,20.084416,64.937,1
40.98524097099835,19.961856,65.187,1
41.002429894999295,19.884031999999998,64.906,1
41.02026952399865,19.767295999999998,65.187,1
41.03814384299949,19.767295999999998,65.187,1
41.056604608998896,19.806207999999998,64.781,1
41.0734655239994,19.845119999999998,64.781,1
41.09127718499985,19.884031999999998,64.875,1
41.108546813999055,19.922944,64.968,1
41.126673363998634,19.961856,65.218,1
41.14441257499857,20.03968,65.093,1
41.161973252999815,20.078592,65.062,1
41.1792670750001,20.156416,65.312,1
41.197641822998776,20.195328,65.0,1
41.2147348719991,20.162112,64.843,1
41.23173774299903,20.20096,64.812,1
41.249086062998686,20.117504,65.093,1
41.26604781199967,20.000768,64.843,1
41.282986264999636,19.922944,64.625,1
41.30064806499831,19.884031999999998,65.125,1
41.3168936029997,19.884031999999998,65.0,1
41.333713267998974,19.922944,64.968,1
41.35004280799876,19.961856,64.843,1
41.36622322399853,20.000768,64.812,1
41.38252492299944,20.03968,64.906,1
41.39883986999848,20.078592,65.093,1
41.41525309200006,20.117504,65.062,1
41.43161415299983,20.195328,64.937,1
41.44906026799981,20.234240000000003,64.843,1
41.46542980799859,20.234240000000003,64.781,1
41.48179710899967,20.195328,64.937,1
41.49930652199873,20.156416,64.812,1
41.516578583999944,20.117504,64.875,1
41.5330967689988,19.884031999999998,65.062,1
41.5500892709988,19.806207999999998,64.843,1
41.567123853999874,19.767295999999998,65.218,1
41.58537379900008,19.728384,64.968,1
41.60320801999842,19.806207999999998,64.687,1
41.62106736199894,19.845119999999998,64.75,1
41.638326463998965,19.884031999999998,64.968,1
41.65615054099908,19.845119999999998,64.843,1
41.673901015999945,19.922944,65.187,1
41.69164051499865,19.961856,65.125,1
41.70938852600011,20.03968,65.406,1
41.72768618400005,20.117504,65.281,1
41.745595991998925,20.123264,64.968,1
41.763110267998854,20.123264,64.906,1
41.78012440299972,20.162112,64.875,1
41.797184234999804,20.03968,65.093,1
41.8141538889995,19.961856,64.812,1
41.83112562199858,19.884031999999998,64.781,1
41.84834325099837,19.845119999999998,65.0,1
41.86460318799982,19.845119999999998,64.937,1
41.882348798999374,19.922944,64.875,1
41.89907556599974,19.922944,64.968,1
41.915505908998966,19.961856,65.093,1
41.93208332699942,20.000768,65.156,1
41.948369025998545,20.078592,65.156,1
41.964924651998444,20.117504,65.093,1
41.981541847999324,20.162112,65.218,1
41.99855015799949,20.20096,65.187,1
42.014235392000046,20.20096,65.062,1
42.030444033000094,20.239808,65.062,1
42.04658476699842,20.239808,65.0,1
42.06355685299968,20.084416,65.125,1
42.08071883199955,20.03968,65.031,1
42.09780957699877,19.884031999999998,64.75,1
42.11638109799969,19.806207999999998,65.281,1
42.13522254799864,19.845119999999998,64.875,1
42.1543615089995,19.922944,64.968,1
42.172242579999875,20.000768,64.968,1
42.18906618099936,20.078592,65.0,1
42.20674977499948,20.117504,65.218,1
42.22482464299901,20.156416,65.25,1
42.242766258999836,20.20096,65.0,1
42.267907530998855,20.317504,65.0,1
42.28755447399999,20.434047999999997,64.875,1
42.30519172999993,20.472896000000002,65.031,1
42.32264082099937,20.550592,65.062,1
42.33922342400001,20.472896000000002,65.156,1
42.356485788999635,20.434047999999997,65.125,1
42.37512297699868,20.3952,64.781,1
42.39742948200001,20.356351999999998,64.937,1
42.41587789699952,20.434047999999997,64.937,1
42.43870591999985,20.550592,65.093,1
42.45761149899954,20.550592,65.031,1
42.47507722999944,20.550592,64.843,1
42.492252521999035,20.628288,65.375,1
42.508784050998656,20.705984,65.312,1
42.52545087999897,20.744832,65.25,1
42.54245570300009,20.822528,64.968,1
42.558851899999354,20.861376,64.937,1
42.575583594998534,20.861376,65.437,1
42.59316984199904,20.861376,65.25,1
42.60933038499934,20.822528,65.156,1
42.625752534999265,20.58944,64.875,1
42.642832464000094,20.550592,64.687,1
42.66008119699836,20.3952,65.062,1
42.67874043299889,20.356351999999998,64.812,1
42.69508933399993,20.317504,64.75,1
42.711788707998494,20.317504,64.937,1
42.72837028599861,20.356351999999998,65.062,1
42.74499074599953,20.356351999999998,65.031,1
42.76136259099985,20.434047999999997,65.0,1
42.77794912999889,20.472896000000002,65.093,1
42.79427972599842,20.472896000000002,65.187,1
42.81068462799885,20.550592,65.125,1
42.828098549998685,20.58944,65.125,1
42.843991020999965,20.58944,65.0,1
42.860174157000074,20.58944,65.0,1
42.87682226600009,20.628288,65.093,1
42.89407048699832,20.434047999999997,65.25,1
42.91108039699975,20.356351999999998,65.0,1
42.928531343999566,20.20096,64.968,1
42.947815365998395,20.162112,64.812,1
42.965250311999625,20.20096,65.281,1
42.98315983199973,20.278655999999998,64.968,1
43.0008350729986,20.278655999999998,64.937,1
43.01753694299987,20.317504,65.125,1
43.03531090599972,20.356351999999998,65.093,1
43.05311591099962,20.3952,65.343,1
43.07085489800011,20.434047999999997,65.312,1
43.08965938599977,20.511744,65.031,1
43.106345159998455,20.550592,64.937,1
43.12329337299889,20.550592,65.343,1
43.14063446,20.550592,65.062,1
43.1581201279987,20.434047999999997,65.187,1
43.175375581999106,20.317504,64.843,1
43.192346098998314,20.239808,64.812,1
43.21052730599877,20.162112,65.125,1
43.227349467999375,20.123264,65.156,1
43.244311600999936,20.20096,65.062,1
43.2611958439993,20.239808,65.062,1
43.27937215499878,20.239808,65.343,1
43.297610803998396,20.278655999999998,65.0,1
43.31610504299897,20.278655999999998,64.968,1
43.334220839999034,20.317504,65.187,1
43.352014901000075,20.3952,65.031,1
43.36871200299902,20.434047999999997,65.312,1
43.386032545999115,20.472896000000002,65.25,1
43.40327919899937,20.472896000000002,65.187,1
43.42086064599971,20.472896000000002,65.625,1
43.43796575899978,20.239808,65.437,1
43.45496510900011,20.20096,65.187,1
43.47230197299905,20.045568,64.875,1
43.490024190999975,20.00672,64.937,1
43.508011664998776,20.045568,64.906,1
43.526268969999364,20.084416,64.906,1
43.54269278399988,20.123264,65.093,1
43.55926533899947,20.162112,65.125,1
43.57609831599984,20.20096,65.125,1
43.59299689599902,20.239808,65.406,1
43.61124524099978,20.278655999999998,65.062,1
43.63093333799952,20.356351999999998,65.093,1
43.64959020599963,20.3952,65.031,1
43.667040896998515,20.356351999999998,65.0,1
43.68436527999984,20.3952,65.281,1
43.70148200899894,20.278655999999998,65.343,1
43.71864641999855,20.123264,64.968,1
43.73559847299839,20.084416,65.093,1
43.75452715699976,20.00672,65.156,1
43.77244509299999,20.00672,64.968,1
43.7904401830001,20.084416,65.062,1
43.808068157999514,20.123264,65.0,1
43.82577344799938,20.123264,65.312,1
43.84342939299859,20.162112,65.312,1
43.86115845899985,20.239808,65.312,1
43.87897255200005,20.278655999999998,65.062,1
43.89677086899974,20.317504,65.343,1
43.91354093299924,20.317504,65.031,1
43.92995335499836,20.317504,65.062,1
43.94709914099985,20.317504,64.968,1
43.96428143999947,20.356351999999998,65.187,1
43.981516892999934,20.162112,65.25,1
43.99853358799919,20.123264,64.906,1
44.01593045299887,20.03968,65.031,1
44.03397130399935,20.000768,64.875,1
44.05255869899884,20.00672,65.343,1
44.07058255699849,20.084416,64.968,1
44.08800470299866,20.084416,64.968,1
44.10577137099972,20.123264,65.031,1
44.12261142099851,20.20096,65.156,1
44.139322986999105,20.239808,65.156,1
44.15710101500008,20.278655999999998,65.406,1
44.1753648799986,20.356351999999998,65.031,1
44.194715751998956,20.3952,65.0,1
44.21220253999854,20.3952,65.406,1
44.2286336499983,20.434047999999997,65.093,1
44.24613883899838,20.278655999999998,65.187,1
44.263089226999,20.20096,64.843,1
44.28010944199923,20.123264,64.781,1
44.29977773099927,20.045568,65.281,1
44.31737988199893,20.045568,65.187,1
44.335781190999114,20.084416,64.968,1
44.35324730599859,20.123264,65.375,1
44.370890193999,20.162112,65.125,1
44.387836998999774,20.20096,65.093,1
44.40579858399906,20.239808,65.281,1
44.422500805998425,20.317504,65.281,1
44.4404353179998,20.3952,65.437,1
44.45893806999993,20.434047999999997,65.25,1
44.47565069199845,20.434047999999997,65.187,1
44.492910338,20.3952,64.906,1
44.50956417499947,20.356351999999998,65.343,1
44.52678103499966,20.123264,65.437,1
44.54385427499983,20.117504,65.031,1
44.561333702999036,20.000768,64.875,1
44.57890074899842,20.000768,64.968,1
44.59545301499929,20.03968,65.0,1
44.61304655799904,20.078592,64.968,1
44.62991262399919,20.084416,64.937,1
44.64664326299862,20.123264,65.156,1
44.663381645999834,20.162112,65.156,1
44.679879286999494,20.20096,65.156,1
44.696486593999,20.239808,65.187,1
44.712929512999835,20.317504,65.031,1
44.729987136999625,20.356351999999998,65.187,1
44.7459679629992,20.3952,65.156,1
44.76224380599888,20.3952,65.125,1
44.779291604998434,20.434047999999997,65.093,1
44.796403726999415,20.239808,65.312,1
44.81390299499981,20.195328,65.187,1
44.8309852909988,20.078592,65.375,1
44.84936103199834,20.078592,65.25,1
44.86728719199891,20.117504,64.937,1
44.88442212999871,20.195328,64.906,1
44.90127766799924,20.162112,65.375,1
44.917775468999025,20.162112,65.156,1
44.93556508099937,20.239808,65.187,1
44.95352388199899,20.278655999999998,65.312,1
44.97127902899956,20.317504,65.281,1
44.9895438859985,20.3952,65.468,1
45.0071609179995,20.434047999999997,65.25,1
45.024665529999766,20.434047999999997,65.125,1
45.04181525199965,20.472896000000002,65.031,1
45.05927106299896,20.317504,65.687,1
45.07617681099873,20.20096,64.937,1
45.093258883998715,20.162112,64.781,1
45.110775943998306,19.806207999999998,64.312,1
45.12699936899844,19.417088,64.093,1
45.14319216900003,18.989056,64.375,1
45.15928419800002,18.669504,63.937,1
45.175386147999234,18.279743999999997,63.812,1
45.19264537699928,17.91936,63.718,1
45.209804348000034,17.568,63.781,1
45.22765575399899,17.216639999999998,63.625,1
45.24521265599833,16.86528,63.843,1
45.2622597519985,16.540992,63.781,1
45.27920258799895,16.22816,63.968,1
45.30618071099889,15.628032,63.406,2
45.34173001399904,15.353856,63.343,2
45.359601900998314,15.118848,63.531,2
45.377593373999844,14.88384,63.468,2
45.39489465299994,14.688,63.531,2
45.41224953299934,14.476608,63.375,2
45.42967273499926,14.31968,63.343,2
45.44583897499979,14.162752000000001,63.406,2
45.46225248499832,14.005824,63.25,2
45.47850080599892,13.848896,63.375,2
45.494746311998824,13.731200000000001,63.281,2
45.51079709199985,13.574272,63.218,2
45.52809344199886,13.517824000000001,63.406,2
45.55368195799929,13.652736,63.906,2
45.57082342499962,13.848896,63.843,2
45.588407462999385,14.084288,63.812,2
45.60519567099982,14.437376,64.406,2
45.62201463299971,14.712,64.406,2
45.63855745899855,14.962176,64.531,2
45.65515097399839,15.236352,64.5,2
45.67181111499849,15.510528,64.843,2
45.690129764998346,15.823872,64.812,2
45.70659831699959,15.954432,64.312,2
45.72412712199912,16.22816,64.343,2
45.74056472899974,16.42368,64.375,2
45.7573853219983,16.658304,64.906,2
45.77449901199907,16.853824,64.531,2
45.79186441999991,16.892928,64.656,2
45.808956764998584,16.971135999999998,64.625,2
45.82602488499833,17.06048,64.343,2
45.844839421999495,17.177599999999998,64.906,2
45.86244067699954,17.29472,64.562,2
45.8822349839993,17.489919999999998,64.562,2
45.89989928099931,17.60704,64.75,2
45.91736280399891,17.7632,64.781,2
45.9351361279987,17.91936,65.062,2
45.95309044899841,18.07552,64.968,2
45.970931741998356,18.201792,64.656,2
45.988950864999424,18.357696,65.187,2
46.00663983399863,18.474624,64.781,2
46.02422649699838,18.552576000000002,64.718,2
46.041925386,18.630527999999998,64.937,2
46.059527472998525,18.591552,65.031,2
46.07669220399839,18.552576000000002,64.968,2
46.09385879099864,18.552576000000002,64.812,2
46.11291615099981,18.552576000000002,64.781,2
46.13055654299933,18.669504,64.812,2
46.14995989499948,18.786432,64.75,2
46.16771101099948,18.864383999999998,65.031,2
46.18535700299981,18.942336,65.0,2
46.203101045999574,19.059264,64.906,2
46.220997540998724,19.144704,65.281,2
46.238726926998424,19.222527999999997,64.937,2
46.257709948999036,19.339264,65.125,2
46.275749423999514,19.456,65.093,2
46.2935806689984,19.494912,65.281,2
46.31102809599906,19.456,65.062,2
46.328510306999306,19.378176,65.25,2
46.345780480998656,19.26144,64.718,2
46.36295177200009,19.222527999999997,64.625,2
46.38198497099984,19.222527999999997,65.0,2
46.399685204998605,19.222527999999997,65.093,2
46.41833429699909,19.339264,65.0,2
46.436243943999216,19.378176,64.75,2
46.45416268000008,19.456,65.343,2
46.47211607200006,19.494912,64.812,2
46.48957098699975,19.494912,65.187,2
46.50773699399906,19.611648000000002,65.125,2
46.52543037999931,19.728384,65.343,2
46.54337605999899,19.806207999999998,65.281,2
46.56125361099839,19.845119999999998,65.125,2
46.57864490799875,19.884031999999998,64.875,2
46.59612481499971,19.884031999999998,65.031,2
46.61330913099846,19.689472000000002,64.906,2
46.630516326998986,19.650560000000002,64.781,2
46.64772547499888,19.611648000000002,65.187,2
46.666202849999536,19.611648000000002,64.937,2
46.6841228659996,19.650560000000002,65.218,2
46.702146980998805,19.728384,65.125,2
46.71997816199837,19.767295999999998,64.812,2
46.73759256899939,19.806207999999998,64.937,2
46.755227104998994,19.884031999999998,65.125,2
46.773155120999945,19.961856,65.062,2
46.79040545499993,20.03968,65.312,2
46.808627590999095,20.117504,65.187,2
46.82639947399912,20.156416,64.937,2
46.843911062998814,20.156416,65.343,2
46.8614950049996,20.162112,65.093,2
46.87874236299831,20.000768,65.156,2
46.89607093799896,19.961856,64.875,2
46.91353391699886,19.806207999999998,64.812,2
46.932041628999286,19.767295999999998,65.218,2
46.949564737999026,19.767295999999998,64.843,2
46.96893266599909,19.845119999999998,64.843,2
46.98644722999961,19.884031999999998,65.031,2
47.00418039299984,19.922944,65.0,2
47.0221523780001,20.000768,65.312,2
47.04032763299983,20.078592,65.218,2
47.05809209299878,20.117504,64.968,2
47.07697946299959,20.162112,65.093,2
47.09558202599874,20.20096,65.062,2
47.11337301399908,20.239808,65.218,2
47.13056817799952,20.278655999999998,65.125,2
47.14790628999981,20.123264,65.218,2
47.16509630099972,20.078592,65.281,2
47.182244039999205,20.000768,64.937,2
47.20091892399978,19.922944,65.0,2
47.21974136499921,19.961856,64.968,2
47.23825525299981,20.000768,64.968,2
47.25575928899889,20.03968,65.187,2
47.27277598399996,20.078592,65.218,2
47.289460221998525,20.084416,65.187,2
47.30626388699966,20.123264,65.187,2
47.323293637999086,20.20096,65.343,2
47.34004469299907,20.278655999999998,65.25,2
47.35650690900002,20.317504,65.281,2
47.372207246999096,20.317504,65.125,2
47.38898278299894,20.356351999999998,65.187,2
47.40575131099831,20.356351999999998,65.437,2
47.42279818299903,20.162112,65.375,2
47.43993145700006,20.084416,65.156,2
47.457404867998775,20.00672,65.406,2
47.47711987799994,19.961856,64.937,2
47.49633746499967,20.000768,64.781,2
47.51717058599934,19.961856,64.656,2
47.53496320599879,20.000768,65.0,2
47.55285157299841,20.03968,65.062,2
47.57084730299903,20.045568,65.312,2
47.58859931400002,20.084416,65.343,2
47.60655523499918,20.162112,65.0,2
47.624480146998394,20.239808,65.468,2
47.642316063998805,20.278655999999998,65.0,2
47.66015697399962,20.278655999999998,64.968,2
47.67794767399937,20.239808,65.156,2
47.69540009299999,20.123264,65.25,2
47.71272719599983,20.03968,65.25,2
47.73050960799992,19.961856,64.968,2
47.749425203999635,19.922944,64.968,2
47.76859869399959,19.961856,65.062,2
47.786978466998335,20.03968,65.281,2
47.80526463699971,20.078592,65.125,2
47.82305015299971,20.078592,64.968,2
47.84083122099946,20.123264,65.0,2
47.85868793899863,20.162112,65.156,2
47.87658907399964,20.239808,65.093,2
47.89464112499991,20.278655999999998,65.312,2
47.91225037999902,20.317504,65.218,2
47.92994651799927,20.356351999999998,65.468,2
47.94718408299923,20.356351999999998,65.375,2
47.9651909489985,20.20096,65.218,2
47.98248739599876,20.123264,64.968,2
48.00015902099949,20.078592,65.031,2
48.019041174999074,20.03968,65.218,2
48.03876642499927,20.045568,64.937,2
48.05693428699851,20.084416,65.0,2
48.07523370599847,20.162112,65.125,2
48.09296030799851,20.162112,65.093,2
48.11089350799921,20.123264,65.281,2
48.12888155799919,20.123264,65.25,2
48.146667521999916,20.20096,65.093,2
48.16527341299843,20.278655999999998,65.125,2
48.18287725999835,20.317504,65.125,2
48.20010826499856,20.317504,65.125,2
48.21787358799884,20.317504,65.281,2
48.2356393279988,20.20096,65.312,2
48.252811002999806,20.123264,65.281,2
48.27010168899869,20.078592,64.812,2
48.29011997099951,20.000768,65.187,2
48.31199545599884,19.967872,65.437,2
48.32915839499947,20.045568,65.343,2
48.345664675998705,20.084416,65.281,2
48.36187401999996,20.123264,65.25,2
48.37843399799931,20.162112,65.281,2
48.39488366899968,20.20096,65.562,2
48.41183866599931,20.239808,65.531,2
48.42883670499941,20.317504,65.375,2
48.445287047999955,20.356351999999998,65.312,2
48.461651532999895,20.3952,65.218,2
48.47799128099905,20.356351999999998,65.406,2
48.494117358999574,20.356351999999998,65.281,2
48.510705401999076,20.20096,65.468,2
48.52735152599962,20.123264,65.062,2
48.54437612499896,20.045568,65.343,2
48.56199754099907,20.000768,65.531,2
48.579071196998484,20.000768,65.281,2
48.596501504000116,20.045568,64.937,2
48.61350568599846,20.084416,64.937,2
48.62989397899946,20.123264,65.437,2
48.646152669,20.162112,65.468,2
48.66256541099938,20.20096,65.406,2
48.67883597299988,20.239808,65.187,2
48.69528199599881,20.278655999999998,65.125,2
48.713094392998755,20.278655999999998,65.406,2
48.72924879199854,20.317504,65.281,2
48.745691230999,20.356351999999998,65.0,2
48.76254347299982,20.3952,65.0,2
48.77964026599875,20.356351999999998,65.687,2
48.79677318799986,20.162112,65.0,2
48.81381916399914,20.123264,64.875,2
48.83172461899994,20.084416,65.312,2
48.84927403299844,20.045568,65.218,2
48.86556737999854,20.084416,65.375,2
48.88432588299838,20.162112,65.312,2
48.901336880999224,20.20096,65.25,2
48.91845175499839,20.20096,65.281,2
48.9355040349983,20.239808,65.656,2
48.95294730099886,20.317504,65.5,2
48.96991439499834,20.356351999999998,65.187,2
48.98728117899918,20.3952,65.156,2
49.00349276399902,20.434047999999997,65.125,2
49.02002077299949,20.472896000000002,65.562,2
49.03639840999858,20.472896000000002,65.5,2
49.05330290999882,20.317504,65.218,2
49.07036667799912,20.20096,65.031,2
49.08776194299935,20.162112,64.968,2
49.10557715599862,20.084416,65.343,2
49.125129888998345,20.123264,65.281,2
49.142033332998835,20.162112,65.281,2
49.158649951999905,20.239808,65.156,2
49.175194153998746,20.239808,65.437,2
49.191972857999644,20.278655999999998,65.406,2
49.208712328998445,20.317504,65.437,2
49.2255688919995,20.356351999999998,65.281,2
49.242050915998334,20.434047999999997,65.625,2
49.259638730000006,20.511744,65.593,2
49.27584727499925,20.550592,65.406,2
49.292224655999235,20.58944,65.343,2
49.30894806299875,20.511744,65.062,2
49.326234300999204,20.356351999999998,65.656,2
49.343165233000036,20.239808,65.218,2
49.36091135599963,20.20096,64.875,2
49.379080146998604,20.162112,65.281,2
49.39708995699948,20.162112,65.25,2
49.41497089999939,20.20096,65.375,2
49.43263228499927,20.239808,65.25,2
49.450499946999116,20.278655999999998,65.0,2
49.46932523599935,20.356351999999998,65.125,2
49.48692866700003,20.434047999999997,65.218,2
49.50468307799929,20.434047999999997,65.187,2
49.521385267998994,20.511744,65.343,2
49.53844548399866,20.550592,65.281,2
49.55435318799937,20.58944,65.187,2
49.570861229,20.58944,65.281,2
49.58782124999925,20.628288,65.218,2
49.60443412599852,20.434047999999997,65.406,2
49.62115836399971,20.356351999999998,65.281,2
49.638339415998416,20.239808,65.156,2
49.65595891099838,20.20096,65.281,2
49.67348803599998,20.20096,65.281,2
49.69051916299941,20.239808,65.156,2
49.70774719199835,20.278655999999998,65.5,2
49.725147288998414,20.317504,65.5,2
49.74194599399925,20.317504,65.531,2
49.75848648399915,20.356351999999998,65.218,2
49.77502818999892,20.434047999999997,65.25,2
49.79206693299966,20.472896000000002,65.656,2
49.80938395599878,20.511744,65.625,2
49.8255408189998,20.550592,65.437,2
49.84173454699885,20.550592,65.156,2
49.858674343999155,20.550592,65.281,2
49.87570147099905,20.356351999999998,65.75,2
49.8922837859991,20.278655999999998,65.031,2
49.909419363999405,20.123264,64.968,2
49.92713770999944,20.084416,65.156,2
49.94423981499858,20.084416,65.093,2
49.961449442998855,20.123264,65.093,2
49.97824552399834,20.162112,65.093,2
49.99470821899922,20.20096,65.312,2
50.011458186998425,20.20096,65.343,2
50.028154584999356,20.278655999999998,65.281,2
50.04496234599901,20.317504,65.312,2
50.06184617299914,20.434047999999997,65.468,2
50.078996822998306,20.434047999999997,65.375,2
50.09476842799995,20.472896000000002,65.343,2
50.111531482998544,20.472896000000002,65.312,2
50.12846222400003,20.511744,65.625,2
50.146202330999586,20.278655999999998,65.531,2
50.163683549999405,20.20096,65.25,2
50.18092517900004,20.123264,65.593,2
50.198470208999424,20.084416,65.5,2
50.21495831299944,20.123264,65.343,2
50.232008704999316,20.20096,65.093,2
50.24866161299906,20.239808,65.062,2
50.26538255599917,20.239808,65.625,2
50.28223393400003,20.239808,65.531,2
50.29916752299869,20.317504,65.281,2
50.31592907399863,20.356351999999998,65.25,2
50.33290378399943,20.3952,65.781,2
50.3500778589987,20.472896000000002,65.281,2
50.3661407999989,20.511744,65.312,2
50.382489219999115,20.511744,65.218,2
50.39924949199849,20.511744,65.312,2
50.41654856199966,20.278655999999998,65.312,2
50.43307177099996,20.20096,65.125,2
50.45021538199944,20.123264,65.187,2
50.46760319099849,20.123264,65.281,2
50.485296895998545,20.123264,65.187,2
50.50229963899983,20.123264,65.343,2
50.51969458399981,20.084416,65.156,2
50.53671431899966,20.045568,65.281,2
50.55371168499914,20.084416,65.437,2
50.57019409299937,20.162112,65.718,2
50.586761430999104,20.20096,65.593,2
50.60313106799913,20.278655999999998,65.531,2
50.61951625799884,20.317504,65.375,2
50.635209043999566,20.356351999999998,65.312,2
50.65224231499997,20.3952,65.187,2
50.66877451599976,20.434047999999997,65.437,2
50.68645929400009,20.278655999999998,65.531,2
50.70289750899974,20.162112,65.218,2
50.72015795399966,20.123264,65.343,2
50.73770010299995,20.084416,65.656,2
50.75498314199831,20.084416,65.468,2
50.77169185999992,20.162112,65.25,2
50.79207808799947,20.20096,65.25,2
50.810060280999096,20.239808,65.562,2
50.828162926000005,20.317504,65.593,2
50.846324612999524,20.356351999999998,65.25,2
50.864222483998674,20.3952,65.281,2
50.88217229199836,20.472896000000002,65.343,2
50.90058832199975,20.550592,65.5,2
50.919138210998426,20.550592,65.406,2
50.93597602099908,20.58944,65.375,2
50.95327797199934,20.511744,65.812,2
50.970694902000105,20.356351999999998,65.468,2
50.9878676649987,20.317504,65.0,2
51.00634123199961,20.239808,65.281,2
51.02371329599919,20.20096,65.281,2
51.040570786999524,20.278655999999998,65.531,2
51.059917433998635,20.356351999999998,65.437,2
51.077383324998664,20.356351999999998,65.437,2
51.09426497599998,20.434047999999997,65.25,2
51.11113152299913,20.472896000000002,65.75,2
51.1280787759988,20.511744,65.718,2
51.14463363399955,20.550592,65.562,2
51.162165382998865,20.628288,65.156,2
51.178223650998916,20.628288,65.25,2
51.1942584949993,20.628288,65.593,2
51.210644995999246,20.628288,65.593,2
51.22717332599859,20.511744,65.656,2
51.243993630998375,20.3952,65.281,2
51.260958068000036,20.317504,65.343,2
51.27870934299972,20.239808,65.718,2
51.29624826100007,20.239808,65.25,2
51.315564826998525,20.317504,65.343,2
51.33430332899843,20.356351999999998,65.656,2
51.35224625799856,20.3952,65.687,2
51.37034170199877,20.434047999999997,65.281,2
51.388570366998465,20.511744,65.468,2
51.406695667999884,20.550592,65.437,2
51.42431666799894,20.628288,65.343,2
51.441741437998644,20.667136,65.562,2
51.459201632998884,20.667136,65.531,2
51.47707236699898,20.705984,65.187,2
51.49524272599956,20.550592,65.843,2
51.51251469199997,20.356351999999998,65.093,2
51.53008343399961,20.278655999999998,65.218,2
51.54884398499962,20.239808,65.5,2
51.56800973099962,20.239808,65.781,2
51.586723720998634,20.317504,65.125,2
51.60707263599943,20.356351999999998,65.437,2
51.62502401299935,20.356351999999998,65.437,2
51.642785911999454,20.434047999999997,65.218,2
51.66082346699841,20.472896000000002,65.75,2
51.67861839099896,20.511744,65.312,2
51.69647549399997,20.550592,65.281,2
51.71397169000011,20.628288,65.406,2
51.73126823199891,20.628288,65.343,2
51.749436446998516,20.667136,65.625,2
51.76667506800004,20.58944,65.687,2
51.784012058999,20.3952,65.156,2
51.80176899899925,20.356351999999998,65.125,2
51.82197986199935,20.278655999999998,65.593,2
51.84117405699908,20.278655999999998,65.437,2
51.86039113199877,20.317504,65.187,2
51.87895116599975,20.356351999999998,65.25,2
51.897371131999535,20.3952,65.656,2
51.91504025999893,20.434047999999997,65.656,2
51.933091863998925,20.472896000000002,65.312,2
51.951148554999236,20.511744,65.281,2
51.968797043999075,20.58944,65.312,2
51.986356409999644,20.628288,65.218,2
52.00488767399838,20.667136,65.437,2
52.02246755299893,20.667136,65.437,2
52.04027905299881,20.550592,65.843,2
52.057603309000115,20.434047999999997,65.468,2
52.075010861999544,20.3952,65.031,2
52.09461370899953,20.317504,65.406,2
52.113742589999674,20.317504,65.718,2
52.13268839400007,20.3952,65.562,2
52.15125143599835,20.3952,65.25,2
52.16912200999832,20.472896000000002,65.218,2
52.18713860399839,20.511744,65.468,2
52.205595530998835,20.550592,65.718,2
52.223395256,20.58944,65.437,2
52.24242138199952,20.667136,65.25,2
52.260472440999365,20.705984,65.468,2
52.278627535999476,20.705984,65.343,2
52.29602929699831,20.744832,65.687,2
52.31361944799937,20.58944,65.718,2
52.33108783499847,20.472896000000002,65.312,2
52.34873481899922,20.3952,65.625,2
52.36762065399853,20.356351999999998,65.25,2
52.386854561998916,20.3952,65.312,2
52.4050743939988,20.434047999999997,65.343,2
52.42289719099972,20.472896000000002,65.75,2
52.441000667999106,20.511744,65.656,2
52.458811368998795,20.550592,65.437,2
52.476903613000104,20.628288,65.562,2
52.49482842899852,20.667136,65.468,2
52.5135681799984,20.667136,65.75,2
52.531168026998785,20.667136,65.5,2
52.54825275499934,20.667136,65.5,2
52.565366797000024,20.667136,65.281,2
52.583200185999885,20.550592,65.906,2
52.59959065599833,20.472896000000002,65.218,2
52.616910078999354,20.3952,65.031,2
52.63602007899863,20.317504,65.468,2
52.65300714099976,20.317504,65.375,2
52.6695654239993,20.3952,65.5,2
52.68811627299874,20.434047999999997,65.437,2
52.70469564299856,20.3952,65.468,2
52.72155319800004,20.434047999999997,65.437,2
52.73818207399927,20.472896000000002,65.812,2
52.75507150099838,20.511744,65.718,2
52.77137284799937,20.58944,65.656,2
52.78996728299899,20.667136,65.281,2
52.806115600998965,20.667136,65.281,2
52.82390572599979,20.667136,65.656,2
52.84057162699901,20.705984,65.343,2
52.85754755199923,20.550592,65.437,2
52.87487644799876,20.472896000000002,65.125,2
52.89127062899934,20.3952,65.281,2
52.90889895699911,20.356351999999998,65.343,2
52.9264059369998,20.356351999999998,65.281,2
52.94305938999969,20.3952,65.375,2
52.960456223998335,20.434047999999997,65.375,2
52.97702141799891,20.472896000000002,65.312,2
52.993525425999906,20.472896000000002,65.312,2
53.009988601999794,20.550592,65.625,2
53.026964783999574,20.58944,65.562,2
53.0432519219994,20.667136,65.5,2
53.060475246998976,20.705984,65.437,2
53.07704879299854,20.744832,65.75,2
53.093802696999774,20.744832,65.625,2
53.11064386699945,20.744832,65.437,2
53.12732944799973,20.58944,66.0,2
53.144944815998315,20.511744,65.718,2
53.16217844399944,20.356351999999998,65.468,2
53.17898281299858,20.317504,65.187,2
53.196869963998324,20.317504,65.281,2
53.21454968499893,20.3952,65.343,2
53.23220137399949,20.3952,65.312,2
53.249123697998584,20.3952,65.406,2
53.265473429999474,20.434047999999997,65.625,2
53.28262808099862,20.472896000000002,65.5,2
53.29904386299859,20.511744,65.468,2
53.315966475000096,20.550592,65.656,2
53.33402086299975,20.628288,65.562,2
53.352200277999145,20.58944,65.906,2
53.37055246499949,20.628288,65.75,2
53.38785038399874,20.550592,65.531,2
53.40522235299977,20.356351999999998,65.25,2
53.42274603699843,20.317504,65.281,2
53.44198397799846,20.20096,65.75,2
53.46122182199906,20.20096,65.562,2
53.48001987799944,20.239808,65.468,2
53.49997118200008,20.278655999999998,65.375,2
53.51777506699909,20.317504,65.75,2
53.53569968999909,20.317504,65.656,2
53.55363237899837,20.356351999999998,65.406,2
53.57251347700003,20.434047999999997,65.562,2
53.59185228399838,20.511744,65.406,2
53.60937548899892,20.550592,65.75,2
53.62697411999943,20.58944,65.656,2
53.64473406699835,20.58944,65.312,2
53.66254547199969,20.511744,65.531,2
53.68022567299886,20.356351999999998,65.25,2
53.698502018998624,20.317504,65.281,2
53.71897202499895,20.20096,65.25,2
53.73815969199859,20.20096,65.375,2
53.75727414099856,20.278655999999998,65.312,2
53.77560095199988,20.317504,65.593,2
53.793290592999256,20.317504,65.281,2
53.81124715399892,20.3952,65.312,2
53.8293633029989,20.472896000000002,65.468,2
53.84748607699839,20.511744,65.75,2
53.867007704999196,20.58944,65.656,2
53.88558607499908,20.628288,65.312,2
53.903716719998556,20.667136,65.375,2
53.92182688499997,20.667136,65.375,2
53.93994901899896,20.511744,65.781,2
53.95776170299905,20.3952,65.437,2
53.975914813998315,20.317504,65.843,2
53.995736674,20.278655999999998,65.312,2
54.01528806299939,20.356351999999998,65.531,2
54.0353157849986,20.3952,65.25,2
54.05305019599837,20.3952,65.75,2
54.0710575739995,20.3952,65.437,2
54.089097048999975,20.472896000000002,65.718,2
54.10717326099984,20.511744,65.687,2
54.12508338899897,20.550592,65.343,2
54.14350543399996,20.58944,65.75,2
54.16159195099863,20.628288,65.343,2
54.17920350999884,20.628288,65.5,2
54.19699552199927,20.58944,65.687,2
54.21485790399856,20.356351999999998,65.437,2
54.23218635199919,20.317504,65.468,2
54.25084104399866,20.239808,65.406,2
54.26997606899931,20.20096,65.531,2
54.28854992699962,20.278655999999998,65.781,2
54.30909023899949,20.317504,65.656,2
54.32660672399834,20.317504,65.281,2
54.34442635300002,20.356351999999998,65.406,2
54.36233878499843,20.3952,65.562,2
54.38073260599958,20.434047999999997,65.75,2
54.39860765999947,20.511744,65.687,2
54.41595796399997,20.550592,65.312,2
54.43383125899891,20.550592,65.375,2
54.451825387999634,20.58944,65.5,2
54.46932952099996,20.511744,65.593,2
54.48670820999905,20.317504,65.468,2
54.50467155499973,20.278655999999998,65.0,2
54.52499906099911,20.162112,65.781,2
54.54407386099956,20.123264,65.312,2
54.564101390998985,20.162112,65.5,2
54.58241341699977,20.20096,65.281,2
54.60017269299897,20.20096,65.812,2
54.61803251499987,20.239808,65.468,2
54.635804814999574,20.278655999999998,65.437,2
54.65368850899904,20.356351999999998,65.593,2
54.67248093299895,20.3952,65.875,2
54.6900795319998,20.434047999999997,65.718,2
54.7074456449991,20.434047999999997,65.593,2
54.72521656799836,20.3952,65.312,2
54.74244005299988,20.278655999999998,65.656,2
54.76147062699965,20.162112,65.312,2
54.779090698999426,20.123264,65.312,2
54.79922264800007,20.045568,65.375,2
54.81828762299847,20.045568,65.375,2
54.8366120339997,20.084416,65.375,2
54.85352162199888,20.123264,65.312,2
54.870259876999626,20.162112,65.343,2
54.88662922599906,20.20096,65.625,2
54.90329995899992,20.239808,65.625,2
54.91994349199922,20.317504,65.531,2
54.93701257199973,20.3952,65.75,2
54.9551475699991,20.434047999999997,65.687,2
54.97214023199922,20.434047999999997,65.562,2
54.9891917749992,20.434047999999997,65.843,2
55.007373622998784,20.3952,65.843,2
55.02451345699956,20.20096,65.281,2
55.04188552099913,20.123264,65.25,2
55.060188011999344,20.084416,65.562,2
55.079672455000036,20.084416,65.75,2
55.098396812998544,20.162112,65.625,2
55.120213095999134,20.162112,65.562,2
55.13797621199956,20.20096,65.875,2
55.156293006999476,20.239808,65.812,2
55.17462893799893,20.317504,65.437,2
55.1925974349997,20.356351999999998,65.687,2
55.21020246599983,20.3952,65.625,2
55.228502811998624,20.472896000000002,65.562,2
55.245153768999444,20.472896000000002,65.75,2
55.261931096998524,20.472896000000002,65.687,2
55.278618822998396,20.3952,65.843,2
55.29595005400006,20.239808,65.75,2
55.313011901998834,20.162112,65.593,2
55.330024340999444,20.084416,65.687,2
55.34729528299977,20.084416,65.5,2
55.363630774998455,20.123264,65.281,2
55.38167594599872,20.20096,65.75,2
55.397939275999306,20.20096,65.687,2
55.41461852199973,20.20096,65.343,2
55.43119347599895,20.239808,65.375,2
55.44861741399836,20.317504,65.343,2
55.46511575899967,20.356351999999998,65.875,2
55.481924799998524,20.3952,65.406,2
55.49795762699978,20.434047999999997,65.312,2
55.51481121299912,20.3952,65.343,2
55.531105359999856,20.356351999999998,65.75,2
55.54736161799883,20.356351999999998,65.593,2
55.565732205999666,20.123264,65.25,2
55.58333890099857,20.045568,65.343,2
55.60163543999988,20.00672,65.625,2
55.61969209899871,20.00672,65.781,2
55.637195014998724,20.045568,65.593,2
55.65473649299929,20.123264,65.25,2
55.67148786799953,20.123264,65.281,2
55.68846491399927,20.162112,65.843,2
55.70568292600001,20.20096,65.812,2
55.721971792998374,20.20096,65.531,2
55.73835403799967,20.278655999999998,65.437,2
55.75513274199875,20.317504,65.312,2
55.771472937998624,20.356351999999998,65.843,2
55.78745587699996,20.3952,65.75,2
55.80467449699972,20.3952,65.375,2
55.82169602399881,20.317504,65.5,2
55.838808304999475,20.162112,65.781,2
55.85575334999885,20.084416,65.281,2
55.87294284999916,20.045568,65.531,2
55.89033821099838,20.045568,65.343,2
55.90649945799851,20.084416,65.437,2
55.923248080998746,20.123264,65.375,2
55.93974124199849,20.123264,65.437,2
55.95649719299945,20.123264,65.437,2
55.97317957499945,20.20096,65.468,2
55.99013453999942,20.278655999999998,65.656,2
56.00671301500006,20.317504,65.5,2
56.02383847999954,20.3952,65.468,2
56.04014337999979,20.434047999999997,65.343,2
56.0563206909992,20.434047999999997,65.375,2
56.07302982500005,20.472896000000002,65.593,2
56.089609515998745,20.356351999999998,65.687,2
56.10684788099934,20.20096,65.312,2
56.12389062500006,20.123264,65.406,2
56.141296033998515,20.045568,65.625,2
56.158374138998624,20.045568,65.562,2
56.17517777099965,20.084416,65.687,2
56.19375182099975,20.123264,65.593,2
56.2100840489984,20.162112,65.593,2
56.22639790899848,20.20096,65.875,2
56.243007807999675,20.239808,65.843,2
56.2599932059984,20.278655999999998,65.781,2
56.27669712399984,20.356351999999998,65.406,2
56.29498956599855,20.434047999999997,65.406,2
56.31351001499934,20.472896000000002,65.531,2
56.33157928199944,20.472896000000002,65.75,2
56.349083350998626,20.472896000000002,65.75,2
56.36699299799875,20.278655999999998,65.781,2
56.384433416998945,20.20096,65.812,2
56.40193985299993,20.084416,65.531,2
56.4212084819992,20.084416,65.343,2
56.439586462998705,20.123264,65.5,2
56.45815455999946,20.162112,65.843,2
56.476396024998394,20.20096,65.781,2
56.49418739699831,20.239808,65.5,2
56.512036018999424,20.278655999999998,65.437,2
56.5301341839986,20.278655999999998,65.625,2
56.54796766899926,20.317504,65.843,2
56.56863342499855,20.356351999999998,65.437,2
56.58691626699874,20.3952,65.406,2
56.60474587999852,20.3952,65.593,2
56.62316718999864,20.3952,66.031,2
56.640984482999556,20.20096,65.75,2
56.65876923099859,20.123264,65.593,2
56.67618676899838,20.045568,65.406,2
56.69527868899968,20.045568,65.5,2
56.71581730499929,20.045568,65.343,2
56.73639896199893,20.084416,65.312,2
56.75414194899895,20.123264,65.562,2
56.77182048599934,20.123264,65.531,2
56.78970782899887,20.20096,65.843,2
56.807827434999126,20.239808,65.781,2
56.82557736599847,20.317504,65.531,2
56.84354711099877,20.356351999999998,65.468,2
56.861321682999915,20.3952,65.562,2
56.87861550499838,20.3952,65.593,2
56.896249944999,20.3952,65.843,2
56.91347755700008,20.162112,65.562,2
56.93080034099876,20.123264,65.75,2
56.948448477000056,20.045568,65.812,2
56.96734471199852,20.045568,65.437,2
56.98553219099995,20.084416,65.531,2
57.00468542499948,20.123264,65.468,2
57.02164547799839,20.162112,65.531,2
57.03802596300011,20.20096,65.75,2
57.05471256899909,20.239808,65.687,2
57.07161002799876,20.317504,65.781,2
57.08790497499831,20.356351999999998,65.687,2
57.10501687299984,20.3952,65.812,2
57.12190351599929,20.434047999999997,65.75,2
57.13917324199974,20.434047999999997,65.625,2
57.15657084299892,20.472896000000002,65.906,2
57.174335493999024,20.278655999999998,66.125,2
57.19160419599939,20.20096,65.468,2
57.20911450499989,20.123264,65.343,2
57.22752099799982,20.084416,65.562,2
57.245166317999974,20.123264,65.437,2
57.2624669249999,20.20096,65.75,2
57.27922636399853,20.239808,65.625,2
57.29597057199862,20.239808,65.687,2
57.312908575999245,20.278655999999998,65.625,2
57.32968734399947,20.317504,65.937,2
57.34631369199997,20.356351999999998,65.906,2
57.363381460998426,20.434047999999997,65.75,2
57.38033341799928,20.472896000000002,65.75,2
57.397253117998844,20.511744,65.937,2
57.413604961999226,20.511744,65.875,2
57.431036835998384,20.472896000000002,65.968,2
57.44831168199926,20.278655999999998,65.437,2
57.46541625200007,20.20096,65.281,2
57.48173894299907,20.123264,65.843,2
57.49913971299975,20.123264,65.468,2
57.516421694999735,20.162112,65.375,2
57.53332376199978,20.20096,65.5,2
57.55125933099953,20.20096,65.375,2
57.568602561999796,20.20096,65.531,2
57.58521870199911,20.239808,65.781,2
57.60235760799878,20.278655999999998,65.75,2
57.61906584600001,20.356351999999998,65.656,2
57.635927560999335,20.3952,65.625,2
57.6533801079986,20.434047999999997,65.781,2
57.66983041899948,20.472896000000002,65.75,2
57.686619746998986,20.472896000000002,65.687,2
57.703616666000016,20.472896000000002,66.125,2
57.721197759999995,20.239808,65.781,2
57.7378916939997,20.20096,65.625,2
57.75439711099898,20.123264,65.531,2
57.772121377000076,20.084416,65.281,2
57.7891391919984,20.123264,65.75,2
57.80590941599985,20.20096,65.718,2
57.82265669499975,20.20096,65.468,2
57.83953092199954,20.239808,65.5,2
57.856245943999966,20.278655999999998,66.0,2
57.87356319099854,20.317504,65.968,2
57.88985362599851,20.3952,65.625,2
57.90635213099995,20.434047999999997,65.593,2
57.92384026199943,20.511744,65.437,2
57.94022506799956,20.511744,65.968,2
57.95740695099994,20.550592,65.562,2
57.97608717999901,20.511744,65.906,2
57.993913976999465,20.356351999999998,65.625,2
58.01120789599918,20.278655999999998,65.781,2
58.030326120999234,20.239808,65.656,2
58.04954217199884,20.239808,65.687,2
58.06873947099848,20.278655999999998,65.531,2
58.08734113799983,20.317504,66.0,2
58.10518076699918,20.356351999999998,65.562,2
58.123012716998346,20.3952,65.593,2
58.141137089998665,20.472896000000002,65.812,2
58.15898491199914,20.511744,65.718,2
58.17736654100008,20.58944,65.968,2
58.195195577998675,20.628288,65.843,2
58.21314874699965,20.628288,65.5,2
58.230651054998816,20.667136,65.5,2
58.248233780999726,20.58944,65.75,2
58.26561262999894,20.434047999999997,65.437,2
58.28354128599858,20.3952,65.468,2
58.30292159799865,20.278655999999998,65.468,2
58.322121296998375,20.317504,65.531,2
58.34110441499979,20.3952,65.75,2
58.35963199899925,20.434047999999997,65.718,2
58.3770463689998,20.434047999999997,65.656,2
58.394789963998846,20.472896000000002,65.593,2
58.412776156999826,20.511744,65.593,2
58.43069751699841,20.550592,65.656,2
58.44873683199876,20.628288,65.843,2
58.46690399099862,20.667136,65.687,2
58.48438882699884,20.667136,65.937,2
58.50205549099883,20.705984,65.531,2
58.521007375999034,20.58944,65.656,2
58.539244296000106,20.434047999999997,65.562,2
58.55717115999869,20.356351999999998,65.75,2
58.576986300999124,20.278655999999998,65.906,2
58.59598957799972,20.317504,65.343,2
58.615082010999686,20.356351999999998,65.562,2
58.63355608999882,20.3952,65.906,2
58.65140045499902,20.434047999999997,65.906,2
58.669614494998314,20.472896000000002,65.593,2
58.687308680999195,20.511744,65.562,2
58.70525528899998,20.58944,65.687,2
58.72288748899882,20.628288,65.625,2
58.740727662998324,20.628288,65.812,2
58.75994569799877,20.667136,65.5,2
58.77914824599975,20.705984,65.5,2
58.79623258999891,20.58944,65.75,2
58.81359201499981,20.472896000000002,65.468,2
58.8303796149994,20.3952,65.625,2
58.84949956799937,20.356351999999998,65.687,2
58.86649987799865,20.356351999999998,65.906,2
58.88349410799856,20.3952,65.812,2
58.90072172100008,20.434047999999997,65.687,2
58.91713766299836,20.472896000000002,65.687,2
58.93376343499949,20.511744,65.406,2
58.95048684199901,20.550592,66.0,2
58.96696723399873,20.58944,65.937,2
58.98364564699841,20.628288,65.75,2
59.00063488499836,20.705984,65.781,2
59.01720001600006,20.705984,65.5,2
59.03386646099898,20.705984,66.0,2
59.05142000199885,20.744832,65.875,2
59.06862953399832,20.550592,65.687,2
59.0849872029994,20.472896000000002,65.375,2
59.102307265999116,20.3952,65.593,2
59.12312988999838,20.356351999999998,65.75,2
59.14339566699891,20.434047999999997,65.312,2
59.16197525299867,20.472896000000002,65.656,2
59.17918840099992,20.511744,65.531,2
59.19700143799855,20.550592,65.656,2
59.21430348499962,20.58944,65.875,2
59.232155178999164,20.628288,65.781,2
59.24975614599862,20.667136,65.562,2
59.26887869099846,20.744832,65.656,2
59.2866964320001,20.78368,65.562,2
59.30427870999847,20.78368,65.812,2
59.32230592899941,20.78368,65.75,2
59.339532676998715,20.58944,65.875,2
59.35644184899866,20.511744,65.75,2
59.37350808099836,20.434047999999997,65.531,2
59.39300871699925,20.3952,65.468,2
59.40985529499994,20.472896000000002,66.031,2
59.426353990998905,20.472896000000002,65.906,2
59.44297864299915,20.511744,65.468,2
59.460003113999846,20.550592,65.5,2
59.47694447899994,20.550592,65.531,2
59.49371361499834,20.628288,65.75,2
59.51122680299886,20.667136,65.656,2
59.52839153399873,20.705984,65.75,2
59.546623878999526,20.744832,65.75,2
59.56322756999907,20.705984,65.625,2
59.57983734199843,20.744832,65.937,2
59.59716258899971,20.744832,65.937,2
59.614371384999686,20.511744,65.843,2
59.63192764699852,20.434047999999997,65.312,2
59.64856660299847,20.3952,65.937,2
59.666380151998965,20.356351999999998,65.625,2
59.68414909199964,20.3952,65.468,2
59.701936143999774,20.472896000000002,65.375,2
59.71852725899953,20.511744,65.531,2
59.73547630399844,20.472896000000002,65.531,2
59.752702891999434,20.511744,65.843,2
59.77076985599888,20.58944,65.875,2
59.78729354499956,20.628288,65.781,2
59.80426035099845,20.705984,65.937,2
59.821575005998966,20.744832,65.875,2
59.83803110899862,20.744832,65.75,2
59.854645424999035,20.744832,65.812,2
59.8715451879998,20.744832,66.125,2
59.88903575199947,20.511744,65.875,2
59.90547595099997,20.472896000000002,65.75,2
59.92268641099872,20.356351999999998,65.531,2
59.941236203998415,20.317504,65.312,2
59.957766324998374,20.356351999999998,65.906,2
59.974376000998745,20.434047999999997,65.5,2
59.9911623529988,20.472896000000002,65.406,2
60.007635096999365,20.472896000000002,65.5,2
60.024385896998865,20.511744,65.562,2
60.041735720998986,20.550592,65.75,2
60.05872819099932,20.628288,65.718,2
60.07562232199962,20.667136,65.562,2
60.092836173998876,20.705984,65.562,2
60.10863798799983,20.744832,65.75,2
60.12526507199982,20.744832,65.687,2
60.14184133799972,20.705984,65.75,2
60.15810178799984,20.511744,65.656,2
60.17522459799875,20.472896000000002,65.562,2
60.194699119998404,20.356351999999998,65.875,2
60.213230800998645,20.356351999999998,65.531,2
60.23426683899925,20.3952,65.75,2
60.25123050899856,20.434047999999997,65.562,2
60.26767083499908,20.434047999999997,65.593,2
60.28417119599908,20.472896000000002,65.718,2
60.30050691199904,20.511744,65.687,2
60.31714129200009,20.58944,65.875,2
60.333878394998465,20.628288,65.75,2
60.35147401799986,20.705984,65.75,2
60.36850373699963,20.744832,65.875,2
60.38496575999852,20.78368,65.875,2
60.40189096499853,20.822528,65.75,2
60.41893412399986,20.744832,65.781,2
60.435962882998865,20.58944,65.781,2
60.45311961399966,20.511744,65.687,2
60.47123627499968,20.434047999999997,65.687,2
60.48810883799888,20.3952,65.562,2
60.50467294400005,20.434047999999997,65.875,2
60.521678182998585,20.472896000000002,65.75,2
60.53809070099851,20.434047999999997,65.75,2
60.554653782999594,20.3952,65.531,2
60.57125238599838,20.434047999999997,65.562,2
60.58796859299946,20.472896000000002,66.062,2
60.60447004099842,20.511744,65.937,2
60.621410253999784,20.550592,65.656,2
60.63805448999847,20.58944,65.562,2
60.654108918999555,20.58944,66.062,2
60.67064147199926,20.58944,65.906,2
60.68730401299945,20.511744,66.031,2
60.70426230599878,20.317504,65.531,2
60.7212890489991,20.239808,65.312,2
60.737294739999925,20.162112,65.937,2
60.75474088699957,20.123264,65.531,2
60.77288842899907,20.162112,65.562,2
60.7910837799991,20.162112,65.718,2
60.80889950499841,20.20096,65.687,2
60.82639598899914,20.20096,65.968,2
60.84398089199931,20.239808,66.0,2
60.86167494899928,20.278655999999998,65.718,2
60.879120199999306,20.356351999999998,65.625,2
60.89692293199914,20.3952,65.75,2
60.914323829998466,20.3952,65.718,2
60.93170495099912,20.3952,65.812,2
60.949235963998944,20.434047999999997,65.843,2
60.96646456799863,20.20096,65.812,2
60.98374005400001,20.123264,65.781,2
61.0010317010001,20.045568,65.75,2
61.01941355300005,20.00672,65.468,2
61.03737779399853,20.045568,65.593,2
61.05553762499949,20.084416,65.593,2
61.07326064299923,20.123264,65.75,2
61.09099441399849,20.123264,65.781,2
61.10865035799907,20.162112,65.593,2
61.12655152499974,20.239808,66.125,2
61.14405844199973,20.278655999999998,65.687,2
61.16207167599896,20.317504,65.625,2
61.17939301899969,20.3952,65.625,2
61.196800124998845,20.3952,65.75,2
61.21411058800004,20.434047999999997,65.687,2
61.23179549299857,20.239808,66.0,2
61.24906217899843,20.123264,65.687,2
61.26627295899925,20.045568,65.5,2
61.28511962399898,19.967872,65.843,2
61.3037853249989,20.00672,65.5,2
61.32239147099972,20.084416,65.656,2
61.34007490499971,20.084416,65.625,2
61.3577670099985,20.123264,65.968,2
61.37538775399844,20.162112,66.062,2
61.3931882779998,20.20096,65.718,2
61.410437234999335,20.239808,65.687,2
61.4284568059993,20.317504,65.75,2
61.44610791800005,20.317504,65.718,2
61.46350465499927,20.356351999999998,65.906,2
61.48073361199931,20.356351999999998,65.812,2
61.498212271999364,20.162112,66.031,2
61.51543585199943,20.084416,65.937,2
61.53287707099844,19.967872,65.687,2
61.551978686999064,19.922944,65.437,2
61.57033900299939,19.929024000000002,65.625,2
61.589365992998864,19.967872,65.937,2
61.60695307199967,20.00672,65.906,2
61.62430167999992,20.045568,65.875,2
61.642049690999556,20.084416,65.687,2
61.65981719099909,20.123264,66.093,2
61.67759540999941,20.162112,65.812,2
61.69602811199911,20.239808,66.0,2
61.71331118299895,20.278655999999998,65.75,2
61.73056381999959,20.278655999999998,65.75,2
61.74823982899943,20.239808,66.0,2
61.76582908399905,20.162112,66.031,2
61.78299598999911,20.00672,65.437,2
61.80031653399965,19.967872,65.281,2
61.81952752899997,19.922944,65.75,2
61.83855768799913,19.922944,65.781,2
61.85815406999973,19.929024000000002,65.593,2
61.875871967999046,19.967872,65.5,2
61.89317535899863,19.967872,65.75,2
61.91065142599837,20.00672,65.718,2
61.928469230999326,20.084416,65.937,2
61.94634041399877,20.123264,65.875,2
61.964678904998436,20.20096,65.625,2
61.981954550999944,20.239808,65.968,2
61.999157266998736,20.278655999999998,65.906,2
62.016699575999155,20.278655999999998,65.718,2
62.0341672909999,20.123264,65.75,2
62.05131080599858,20.045568,65.687,2
62.068461615999695,19.967872,65.375,2
62.0877273649985,19.922944,65.812,2
62.10651399699964,19.890176,65.437,2
62.126384146999044,19.967872,65.593,2
62.14416105399869,19.967872,65.593,2
62.161757348998435,20.00672,65.843,2
62.179464782999275,20.045568,65.875,2
62.19723929099928,20.084416,65.625,2
62.21510935299921,20.162112,66.031,2
62.2334247079998,20.239808,65.718,2
62.25118244699843,20.239808,65.687,2
62.26892280999891,20.278655999999998,65.75,2
62.2862061679989,20.278655999999998,65.812,2
62.303985827998986,20.123264,66.125,2
62.32135798899981,20.045568,65.781,2
62.33862576299907,19.961856,65.562,2
62.357593678998455,19.922944,65.656,2
62.375949066999965,19.922944,65.625,2
62.39484072599953,19.967872,65.812,2
62.412436252998305,19.967872,65.75,2
62.430391436999344,20.00672,65.625,2
62.448131959999955,20.045568,66.093,2
62.4659785979984,20.123264,65.75,2
62.48325661199851,20.162112,65.625,2
62.50150178900003,20.239808,65.843,2
62.51986956099972,20.278655999999998,66.031,2
62.537492703999305,20.278655999999998,65.937,2
62.555080582998926,20.239808,65.906,2
62.57259229899864,20.084416,65.687,2
62.589828872,19.967872,65.375,2
62.60705094900004,19.922944,65.437,2
62.626823943999625,19.884031999999998,65.843,2
62.64587458299866,19.884031999999998,65.5,2
62.66454844399959,19.961856,66.031,2
62.68685315699986,20.000768,65.875,2
62.70472593899831,20.00672,65.937,2
62.72124130799966,20.045568,65.656,2
62.739233197999056,20.045568,65.656,2
62.756190466998305,20.123264,65.75,2
62.77552463399843,20.162112,65.937,2
62.79391051799939,20.20096,65.843,2
62.81102910399932,20.20096,65.75,2
62.82798464499865,20.239808,66.156,2
62.8450564449995,20.084416,66.125,2
62.862095892998695,20.00672,65.843,2
62.879115211999306,19.922944,65.468,2
62.89630119100002,19.884031999999998,65.562,2
62.913112631998956,19.961856,65.906,2
62.93127377499877,19.967872,65.593,2
62.94775365499845,20.00672,65.625,2
62.964236894998976,20.045568,65.562,2
62.98054310599946,20.084416,66.093,2
62.99705447499946,20.123264,66.093,2
63.01328148399989,20.20096,65.781,2
63.02968488099941,20.239808,65.687,2
63.046711335999134,20.317504,65.75,2
63.06303556399871,20.317504,66.187,2
63.07976316299937,20.317504,65.781,2
63.097439875999044,20.356351999999998,65.718,2
63.11438287300007,20.123264,65.812,2
63.13158715699865,20.045568,65.718,2
63.14857543499966,20.000768,65.687,2
63.16605242999867,19.961856,65.687,2
63.188206770999386,20.00672,65.562,2
63.20645591599896,20.084416,65.656,2
63.22396747199855,20.084416,65.687,2
63.24151573399831,20.123264,65.968,2
63.25920499099993,20.162112,66.0,2
63.27698737099854,20.239808,65.781,2
63.29476843900011,20.317504,66.156,2
63.313075313999434,20.356351999999998,65.812,2
63.33068783299859,20.3952,65.75,2
63.34819858899937,20.3952,65.812,2
63.365773988,20.356351999999998,65.937,2
63.38305747399863,20.162112,66.0,2
63.40036729699932,20.084416,65.75,2
63.41772326499995,20.03968,65.687,2
63.43708927299849,20.000768,65.562,2
63.45462633399984,20.00672,65.75,2
63.47248794799998,20.084416,65.593,2
63.48990337399846,20.084416,65.875,2
63.50734110399935,20.123264,65.843,2
63.52491029399971,20.162112,66.187,2
63.54258412699892,20.20096,66.093,2
63.55987532600011,20.239808,65.687,2
63.57783505399857,20.239808,65.687,2
63.595970467998995,20.278655999999998,65.75,2
63.61372615899927,20.278655999999998,65.812,2
63.63091025099857,20.317504,66.093,2
63.64888076399984,20.123264,66.031,2
63.66608255199935,20.045568,65.718,2
63.68370406299982,19.961856,65.968,2
63.70231465799952,19.922944,65.687,2
63.72040760699929,19.961856,65.625,2
63.738633902999936,20.00672,65.656,2
63.75614021099864,20.00672,65.656,2
63.773925055998916,20.00672,65.968,2
63.79152518999945,20.084416,65.968,2
63.80932517099973,20.123264,65.812,2
63.826975322999715,20.162112,65.718,2
63.84496542099987,20.239808,65.781,2
63.86276268099937,20.278655999999998,65.75,2
63.8802423649995,20.278655999999998,66.0,2
63.89743874499982,20.278655999999998,65.843,2
63.9148064889996,20.162112,66.031,2
63.9320681829995,20.045568,65.968,2
63.94923451399882,19.967872,65.656,2
63.967975159999696,19.961856,65.625,2
63.98715620299845,19.929024000000002,65.75,2
64.0063777589985,20.00672,65.906,2
64.02413008999974,20.00672,65.937,2
64.04168292699978,20.00672,65.687,2
64.05907976099843,20.084416,65.718,2
64.07679647499936,20.123264,65.843,2
64.09438643299836,20.20096,65.75,2
64.11260757699893,20.239808,65.968,2
64.13071009399937,20.278655999999998,65.906,2
64.1486431659996,20.317504,66.125,2
64.16608902499866,20.317504,66.0,2
64.18369652000001,20.162112,65.812,2
64.20086016299865,20.045568,65.562,2
64.21805801499977,19.967872,65.718,2
64.23674697999923,19.890176,65.718,2
64.25476856599926,19.929024000000002,65.937,2
64.27368214599846,19.967872,65.531,2
64.29119670999899,20.00672,65.625,2
64.30875799599926,20.045568,66.031,2
64.32627867299925,20.084416,65.812,2
64.34402207599851,20.123264,65.812,2
64.36177735099955,20.162112,65.843,2
64.37998774299922,20.239808,66.187,2
64.39824149599917,20.278655999999998,66.062,2
64.41586191899842,20.278655999999998,65.75,2
64.43311695699958,20.317504,65.656,2
64.45040117899953,20.162112,65.75,2
64.46759128599842,20.045568,65.687,2
64.4847967859987,19.929024000000002,65.468,2
64.50376694299848,19.890176,65.875,2
64.52225564699984,19.929024000000002,65.5,2
64.54143716899853,20.00672,65.937,2
64.55905442499898,20.00672,65.687,2
64.5765871019994,19.967872,65.593,2
64.59416429199882,20.00672,65.968,2
64.61208542799977,20.084416,65.937,2
64.62967048999963,20.123264,66.093,2
64.64764740399914,20.20096,66.0,2
64.66519924899876,20.239808,65.656,2
64.68242695799927,20.239808,65.718,2
64.6998425439997,20.278655999999998,65.75,2
64.71733630800009,20.162112,65.875,2
64.73453300799883,20.00672,65.562,2
64.75222802499957,20.000768,65.5,2
64.77093772699845,19.884031999999998,66.25,2
64.78957539399926,19.884031999999998,65.937,2
64.80739847899895,19.961856,65.531,2
64.82553600499887,19.961856,65.875,2
64.84296880799957,20.000768,65.75,2
64.8605010049996,20.03968,66.062,2
64.8787389809986,20.078592,66.125,2
64.89644347099966,20.156416,65.75,2
64.91460310899856,20.162112,65.75,2
64.9323741929984,20.20096,65.812,2
64.94972190499902,20.239808,65.812,2
64.96726136599864,20.239808,65.656,2
64.98448552299851,20.162112,65.968,2
65.00167095799952,20.03968,65.75,2
65.01887732199975,19.961856,65.75,2
65.0376473139986,19.884031999999998,65.781,2
65.05664527899899,19.884031999999998,65.593,2
65.07485762299984,19.922944,65.718,2
65.0927181169991,19.961856,65.75,2
65.11014743099986,19.961856,65.968,2
65.12774871799957,19.967872,65.968,2
65.14570284699948,20.045568,65.75,2
65.16338083999835,20.084416,66.156,2
65.18170745899988,20.162112,65.75,2
65.20000438099851,20.239808,65.906,2
65.21745737599849,20.239808,65.906,2
65.23540136099837,20.278655999999998,65.75,2
65.2525613229991,20.20096,66.156,2
65.26986839399979,20.00672,65.906,2
65.28701427599844,20.000768,65.375,2
65.30594484799985,19.922944,65.875,2
65.32463394099977,19.884031999999998,65.656,2
65.3426792729988,19.961856,65.812,2
65.36065900199901,20.000768,65.843,2
65.37824240000009,20.000768,65.718,2
65.3963355729993,20.00672,66.218,2
65.41439844099841,20.084416,65.781,2
65.4323062959993,20.162112,66.0,2
65.45049707099861,20.20096,66.0,2
65.46838393399958,20.278655999999998,66.156,2
65.48575123099909,20.278655999999998,66.031,2
65.50347716099895,20.317504,65.937,2
65.52086640999914,20.239808,65.843,2
65.53831284499938,20.045568,65.531,2
65.55568049299836,19.961856,65.562,2
65.57424043099854,19.884031999999998,66.062,2
65.59358739799973,19.884031999999998,65.625,2
65.61211363899929,19.922944,65.531,2
65.63006786299957,19.929024000000002,65.656,2
65.64745618399866,19.967872,65.75,2
65.66507161599839,19.967872,65.937,2
65.68263197399938,20.045568,66.031,2
65.69958799499909,20.084416,65.937,2
65.71622925499832,20.162112,66.125,2
65.73348093200002,20.239808,66.031,2
65.74991284299904,20.239808,65.843,2
65.76678559799984,20.239808,65.781,2
65.7837580989999,20.278655999999998,66.156,2
65.80118366899842,20.084416,66.187,2
65.81819780399928,20.00672,65.875,2
65.83544749699831,19.922944,65.531,2
65.85253756999919,19.884031999999998,66.187,2
65.86945685399951,19.922944,65.718,2
65.88795048599968,19.961856,65.625,2
65.90441007699883,19.967872,65.625,2
65.92093478999959,20.00672,65.625,2
65.93730154699915,20.045568,66.156,2
65.95383109299837,20.084416,65.843,2
65.97021557799962,20.123264,65.781,2
65.98663897599909,20.20096,65.843,2
66.00421478999851,20.239808,65.718,2
66.02120687699971,20.278655999999998,65.75,2
66.03771834100007,20.278655999999998,65.718,2
66.05507187699914,20.278655999999998,65.843,2
66.07229260999884,20.084416,65.875,2
66.08956870399925,20.03968,65.75,2
66.10672165799951,19.961856,66.062,2
66.1238293639999,19.922944,65.875,2
66.14035734099889,19.961856,65.843,2
66.1572285279999,20.00672,65.75,2
66.17383445899941,20.00672,65.75,2
66.1900692119998,20.00672,66.031,2
66.20671728899833,20.045568,66.062,2
66.22326328300005,20.084416,65.937,2
66.2398702699993,20.123264,65.968,2
66.25646100099948,20.20096,65.937,2
66.27301489899946,20.239808,66.031,2
66.28956447699966,20.278655999999998,65.968,2
66.305914433,20.278655999999998,65.937,2
66.32348125499993,20.239808,66.281,2
66.34047209299933,20.045568,65.968,2
66.35774098699949,19.967872,65.906,2
66.37514188399837,19.890176,65.75,2
66.39257161499881,19.890176,65.531,2
66.40904675799902,19.929024000000002,66.093,2
66.42560142399998,19.967872,65.968,2
66.44197182899916,20.00672,65.843,2
66.45857561699995,20.045568,65.718,2
66.47518276399933,20.084416,66.281,2
66.49187944999903,20.123264,66.156,2
66.50812956399932,20.162112,66.125,2
66.52441023799838,20.239808,65.781,2
66.54155624799932,20.317504,65.718,2
66.55853745399872,20.278655999999998,66.093,2
66.5750696239993,20.20096,66.0,2
66.59186285599935,20.239808,65.843,2
66.60906157199861,20.045568,65.75,2
66.6261657569994,19.967872,65.531,2
66.64315009899838,19.922944,65.75,2
66.660107144,19.884031999999998,65.656,2
66.67690911299906,19.890176,65.875,2
66.69503063799857,19.967872,65.843,2
66.71151317399926,20.00672,65.75,2
66.72795634899921,20.00672,65.75,2
66.744568488999,20.045568,65.781,2
66.76155075099996,20.084416,66.062,2
66.77803639099875,20.123264,65.906,2
66.79445153300003,20.20096,65.812,2
66.81122332499945,20.239808,65.843,2
66.82752390399946,20.239808,65.718,2
66.84453525499885,20.278655999999998,65.875,2
66.86183278899989,20.278655999999998,65.968,2
66.87883722799961,20.045568,65.937,2
66.89578742499907,19.967872,65.906,2
66.91275992599913,19.961856,65.906,2
66.92975789999946,19.922944,65.781,2
66.94673433799835,19.961856,66.0,2
66.96346801699838,19.967872,65.875,2
66.98005890799868,20.00672,65.812,2
66.99632543799999,20.00672,65.875,2
67.0127900539992,20.045568,65.906,2
67.02925898899957,20.084416,65.906,2
67.0457135559991,20.162112,66.187,2
67.06207535299836,20.20096,65.968,2
67.07919822699841,20.239808,66.0,2
67.09604896499877,20.278655999999998,65.875,2
67.1124205219985,20.278655999999998,66.156,2
67.1294732819988,20.278655999999998,66.093,2
67.14642392699898,20.084416,65.968,2
67.16336388299896,20.00672,65.625,2
67.18034899299892,19.845119999999998,65.625,2
67.19682189699961,19.456,65.187,2
67.21304516199962,19.027968,64.968,2
67.22924320999846,18.669504,64.781,2
67.24536458399962,18.318720000000003,64.718,2
67.26139529899956,17.92896,64.593,2
67.27756630699878,17.60704,64.531,2
67.2936687679994,17.29472,64.343,2
67.30969682799878,16.982400000000002,64.5,2
67.32713868599967,16.6192,64.375,2
67.34444002899909,16.306368,64.531,2
67.36125226999866,15.993536,64.625,-1
67.42100457899869,15.118848,64.5,3
67.43818306999856,14.88384,64.25,3
67.4550612969997,14.648832,64.312,3
67.47150475999842,14.476608,63.875,3
67.48811997199846,14.280448,64.312,3
67.50436106099914,14.123520000000001,64.156,3
67.52064586399865,13.92736,64.093,3
67.5369317859986,13.770432000000001,64.031,3
67.55331105499863,13.652736,64.062,3
67.56955012899925,13.517824000000001,64.187,3
67.58576756899856,13.439232,64.0,3
67.60184538999965,13.36064,64.031,3
67.62228112399862,13.282048000000001,64.031,3
67.640226644,13.164159999999999,64.187,3
67.66548791899913,13.321344,64.312,3
67.68432888799907,13.574272,64.531,3
67.70247223799925,13.848896,64.593,3
67.71987211099986,14.201984,64.937,3
67.74033978199986,14.594304,65.031,3
67.76157662500009,14.923008,64.843,3
67.77975523999885,15.27552,64.937,3
67.79776111399951,15.588864,65.156,3
67.81487605199982,15.876224,65.093,3
67.83285450099902,16.149952,65.375,3
67.85215141899971,16.42368,65.218,3
67.86932642200009,16.658304,65.5,3
67.88591292899946,16.86528,65.468,3
67.90398680499857,16.982400000000002,65.625,3
67.92061574499894,17.02144,65.062,3
67.93826455299859,17.216639999999998,65.187,3
67.9596292089991,17.372799999999998,65.281,3
67.98833790699973,17.568,65.062,3
68.00454965099925,17.72416,65.093,3
68.0207217469997,17.841279999999998,65.125,3
68.0374257609983,17.9584,65.718,3
68.05390512899976,18.045887999999998,65.75,3
68.07050011599858,18.201792,65.343,3
68.08679359099915,18.318720000000003,65.375,3
68.10312197799976,18.435648,65.875,3
68.12021864300004,18.591552,65.812,3
68.13622871799998,18.669504,65.781,3
68.15229457099849,18.747456,65.687,3
68.1687656819995,18.786432,65.562,3
68.18522015399867,18.669504,65.875,3
68.20225563299937,18.630527999999998,65.656,3
68.21924243899957,18.630527999999998,65.437,3
68.23650025999996,18.669504,65.281,3
68.25431556900003,18.786432,65.281,3
68.2708294339991,18.864383999999998,65.812,3
68.2873284189991,18.90336,65.343,3
68.30361510900002,18.981312000000003,65.531,3
68.32018049499857,19.027968,65.5,3
68.3368856299985,19.144704,66.0,3
68.3533391410001,19.222527999999997,65.968,3
68.36975924299986,19.339264,65.593,3
68.38694432599914,19.456,65.562,3
68.40319187999921,19.494912,65.437,3
68.41949233099876,19.533824,65.968,3
68.43661974899987,19.533824,65.75,3
68.4536767009995,19.339264,65.437,3
68.47084155999983,19.300352,65.343,3
68.48879975199998,19.183616,65.625,3
68.50619648999964,19.222527999999997,65.843,3
68.52408856900001,19.26144,65.656,3
68.54056425599993,19.339264,65.687,3
68.55733483199947,19.378176,65.593,3
68.5739458199987,19.417088,65.906,3
68.59103858099843,19.378176,65.843,3
68.60739442499835,19.378176,65.718,3
68.62377948699941,19.494912,65.812,3
68.64098354699854,19.572736,65.75,3
68.6569581650001,19.611648000000002,65.593,3
68.67310885099869,19.689472000000002,65.875,3
68.68981280199841,19.728384,65.718,3
68.70643738899889,19.767295999999998,65.75,3
68.72351322199938,19.611648000000002,65.781,3
68.74056492599993,19.572736,65.812,3
68.7574846259995,19.494912,65.468,3
68.77464202800002,19.456,65.843,3
68.79113950899955,19.456,65.687,3
68.8075900119984,19.533824,65.937,3
68.82424605699998,19.572736,65.812,3
68.84065291099978,19.611648000000002,65.875,3
68.85744035099924,19.689472000000002,65.75,3
68.87408721199972,19.728384,65.75,3
68.890415631,19.806207999999998,66.0,3
68.90648218799834,19.884031999999998,65.906,3
68.9233797429988,19.922944,65.875,3
68.94029918699925,20.000768,65.75,3
68.95701219399962,20.03968,66.031,3
68.97405890499977,20.00672,65.937,3
68.99138671299988,19.922944,66.031,3
69.0084818739997,19.845119999999998,65.562,3
69.02555863399903,19.728384,65.281,3
69.04253843199876,19.728384,66.031,3
69.0591305709986,19.728384,65.562,3
69.07666881599835,19.767295999999998,65.5,3
69.09421512599874,19.806207999999998,65.625,3
69.11140571299984,19.845119999999998,65.75,3
69.12897426299969,19.884031999999998,65.968,3
69.14690323899958,19.922944,65.937,3
69.16445729299994,20.000768,65.625,3
69.1827120379985,20.03968,65.531,3
69.20078594599909,20.03968,65.656,3
69.2183180789998,20.078592,65.625,3
69.23572873699959,20.045568,65.625,3
69.25305267199838,20.045568,65.875,3
69.27014264899844,19.884031999999998,65.75,3
69.28711802999896,19.806207999999998,65.593,3
69.30413206899902,19.767295999999998,65.812,3
69.32141139499981,19.728384,65.687,3
69.33896954499869,19.806207999999998,65.468,3
69.35563742999875,19.845119999999998,65.843,3
69.37198632999934,19.884031999999998,65.843,3
69.38831391799977,19.922944,65.875,3
69.40478656599953,19.961856,65.812,3
69.42132731099991,20.000768,65.843,3
69.43736711499878,20.045568,65.781,3
69.4535098339984,20.123264,66.0,3
69.47045094199893,20.162112,65.75,3
69.48684912399949,20.162112,65.812,3
69.50358974699884,20.20096,65.781,3
69.52041661299882,20.162112,66.156,3
69.5374382359987,19.967872,65.875,3
69.55464165599915,19.961856,65.718,3
69.57175729699884,19.884031999999998,65.5,3
69.58902964699882,19.845119999999998,65.843,3
69.60626861999845,19.845119999999998,65.531,3
69.62397387799865,19.884031999999998,65.5,3
69.64146178599913,19.922944,65.5,3
69.6590728329993,19.961856,65.781,3
69.67668848799985,20.000768,65.781,3
69.69390573199962,20.045568,65.968,3
69.71148301899848,20.084416,65.875,3
69.72897313499925,20.162112,66.125,3
69.74764398699881,20.20096,65.968,3
69.76557865899849,20.239808,65.593,3
69.78268274899892,20.20096,65.687,3
69.80009791799966,20.078592,65.75,3
69.8169053269994,19.884031999999998,65.593,3
69.83391722199849,19.806207999999998,65.437,3
69.85095260499838,19.767295999999998,65.937,3
69.86813925699971,19.806207999999998,65.812,3
69.88558793099946,19.845119999999998,65.593,3
69.90203452999958,19.884031999999998,65.625,3
69.91851143399981,19.922944,65.843,3
69.934989202,19.922944,65.843,3
69.95128949299942,20.000768,65.875,3
69.9678114219987,20.03968,65.812,3
69.98429712599864,20.045568,65.875,3
70.00030812899968,20.123264,66.0,3
70.01758636699924,20.162112,65.781,3
70.03395715599981,20.20096,65.875,3
70.05084034299944,20.20096,65.75,3
70.06776231499862,20.162112,66.125,3
70.08477772999868,19.967872,65.781,3
70.10178642499886,19.922944,65.75,3
70.11956080399978,19.884031999999998,66.187,3
70.13681312199878,19.922944,66.031,3
70.153165669999,19.922944,65.812,3
70.16991615000006,19.967872,65.812,3
70.18651811299969,19.967872,65.562,3
70.20294819899937,20.00672,66.125,3
70.21917280799971,20.00672,66.062,3
70.23557828599951,20.084416,66.062,3
70.25166516299942,20.162112,65.875,3
70.2686584969997,20.20096,65.843,3
70.28495875599947,20.239808,65.875,3
70.30123427899889,20.278655999999998,65.968,3
70.31844605099832,20.317504,65.875,3
70.33536431099856,20.239808,66.0,3
70.35254644999986,20.045568,66.093,3
70.36984635299996,20.000768,65.875,3
70.38734267699874,19.922944,65.562,3
70.40410442099892,19.845119999999998,65.437,3
70.42186497599869,19.922944,65.531,3
70.43826405399886,19.961856,65.937,3
70.45470661999934,19.961856,65.656,3
70.47103871999934,20.000768,65.687,3
70.48758692199954,20.03968,65.687,3
70.50407931399968,20.078592,65.718,3
70.52051564099929,20.156416,66.156,3
70.53698640099901,20.162112,66.125,3
70.5532046089993,20.239808,65.718,3
70.56956723799885,20.20096,65.656,3
70.58569597199858,20.20096,66.125,3
70.60199088699846,20.162112,66.0,3
70.61901810999916,20.03968,66.093,3
70.63593355400008,19.961856,65.625,3
70.65293738499895,19.884031999999998,65.375,3
70.67120675399929,19.806207999999998,65.718,3
70.6885248009985,19.845119999999998,65.625,3
70.70721523799875,19.884031999999998,65.843,3
70.72352471299928,19.922944,65.812,3
70.73980401199879,19.961856,65.781,3
70.75630254799944,20.000768,65.781,3
70.77283644599993,20.03968,65.75,3
70.78952212299919,20.078592,65.75,3
70.8057879809985,20.084416,65.875,3
70.82294871199883,20.162112,65.875,3
70.83931351699903,20.162112,65.781,3
70.85615814299854,20.20096,65.937,3
70.87320459799957,20.239808,65.906,3
70.89029092700002,20.045568,65.937,3
70.9072883889985,20.000768,65.968,3
70.92496734199995,19.884031999999998,65.875,3
70.94195584399858,19.845119999999998,65.906,3
70.95875800499925,19.884031999999998,65.562,3
70.97737099999904,19.922944,66.062,3
70.99387129699971,19.884031999999998,65.937,3
71.01030931999958,19.884031999999998,65.593,3
71.02681601599943,19.922944,65.687,3
71.04314200399858,19.961856,65.687,3
71.059444343,20.00672,66.25,3
71.07549633899907,20.084416,66.062,3
71.09210447799887,20.123264,66.031,3
71.1081744589992,20.123264,65.875,3
71.12430034499994,20.162112,65.843,3
71.14050172099996,20.162112,66.156,3
71.15776098300012,20.045568,66.218,3
71.17482462299995,19.929024000000002,65.781,3
71.1919272719988,19.922944,65.375,3
71.20957518399882,19.845119999999998,66.218,3
71.22659456699876,19.845119999999998,66.031,3
71.2444652059985,19.922944,65.625,3
71.26132880799923,19.929024000000002,65.625,3
71.2778106400001,19.929024000000002,65.687,3
71.29426927099848,19.967872,65.843,3
71.31069471799856,20.00672,65.843,3
71.32704448199911,20.084416,65.843,3
71.34332486899984,20.123264,65.75,3
71.35986606199913,20.20096,65.75,3
71.37646882599984,20.239808,66.156,3
71.3931349509985,20.278655999999998,65.781,3
71.4100723470001,20.278655999999998,65.75,3
71.42701787199985,20.123264,65.906,3
71.44388694699956,20.00672,65.75,3
71.4608806010001,19.961856,65.562,3
71.47907774399937,19.922944,65.906,3
71.49622202699902,19.929024000000002,65.875,3
71.51454784599991,19.967872,65.843,3
71.53089261799869,20.00672,66.062,3
71.54738360199917,20.045568,66.062,3
71.56562042699989,20.084416,65.906,3
71.58230184799868,20.045568,65.687,3
71.59843339799954,20.00672,66.062,3
71.61457560499912,20.045568,66.093,3
71.63174545599941,20.123264,65.968,3
71.64822187999926,20.162112,65.875,3
71.66432190899832,20.162112,65.937,3
71.68073487499896,20.20096,66.25,3
71.697757938,20.084416,66.25,3
71.71473274399978,20.000768,65.875,3
71.73184630499964,19.922944,65.437,3
71.75022924599944,19.845119999999998,66.25,3
71.76724357300009,19.845119999999998,65.75,3
71.78437572599978,19.845119999999998,65.593,3
71.80089186299847,19.922944,65.625,3
71.81724306799879,19.922944,65.656,3
71.83367772999918,19.961856,66.187,3
71.85038478499882,20.000768,65.75,3
71.86695647499982,20.00672,65.781,3
71.88317986799848,20.084416,65.812,3
71.8994710070001,20.162112,65.718,3
71.91658303199983,20.20096,66.218,3
71.93271518999973,20.239808,65.781,3
71.94954794399928,20.239808,65.843,3
71.9669793059984,20.123264,65.875,3
71.98386476499945,20.00672,65.718,3
72.00079182599984,19.929024000000002,65.5,3
72.01894525599891,19.884031999999998,66.093,3
72.03584217099888,19.884031999999998,65.906,3
72.05262058799963,19.929024000000002,65.812,3
72.06938095499936,19.967872,65.718,3
72.0856844459995,19.967872,65.75,3
72.10195404799924,20.00672,65.75,3
72.11836807100008,20.045568,66.0,3
72.1349630579989,20.084416,65.937,3
72.15107364699907,20.162112,65.937,3
72.16810784699919,20.239808,65.906,3
72.1851700469997,20.278655999999998,65.875,3
72.2016568709987,20.20096,65.906,3
72.21896019799897,20.162112,65.781,3
72.23576498199873,20.084416,66.156,3
72.25277124499917,19.929024000000002,65.75,3
72.2698079719994,19.922944,65.75,3
72.28736855399984,19.845119999999998,65.75,3
72.30459645499832,19.806207999999998,66.125,3
72.32128824399842,19.884031999999998,65.875,3
72.33800025899836,19.922944,65.906,3
72.35456126099962,19.961856,65.687,3
72.37118623300012,19.967872,66.25,3
72.38773037099963,20.00672,66.218,3
72.4039786279991,20.084416,66.187,3
72.42051054100011,20.123264,65.75,3
72.43769652099945,20.20096,65.843,3
72.45398209199993,20.20096,66.156,3
72.46996058199875,20.239808,66.156,3
72.48611254799835,20.239808,66.062,3
72.5026479499993,20.20096,66.125,3
72.51964352399955,20.00672,65.687,3
72.53663522599891,19.929024000000002,66.0,3
72.55425017699963,19.922944,66.093,3
72.57165456299845,19.851328000000002,65.656,3
72.58832107199851,19.890176,65.531,3
72.60471003699968,19.890176,66.062,3
72.62117468499855,19.929024000000002,66.062,3
72.63736578899989,19.929024000000002,66.031,3
72.65381168399836,19.967872,66.062,3
72.67027674699966,20.045568,65.843,3
72.68689419899965,20.084416,66.281,3
72.7029196659987,20.162112,66.125,3
72.7200584129987,20.20096,66.062,3
72.73688460599988,20.239808,65.781,3
72.75401407199934,20.239808,65.718,3
72.77107185599925,20.20096,66.25,3
72.78746997399867,20.00672,65.75,3
72.80451911699856,19.922944,65.5,3
72.82128876499883,19.806207999999998,65.468,3
72.83818952099864,19.767295999999998,66.312,3
72.85474799499934,19.806207999999998,65.75,3
72.87127670799964,19.884031999999998,65.656,3
72.88782762999836,19.890176,65.625,3
72.90416856199954,19.929024000000002,65.75,3
72.92064351399858,19.929024000000002,66.187,3
72.93708412899832,20.00672,66.218,3
72.95335840299958,20.084416,66.156,3
72.9695986279985,20.123264,65.875,3
72.98639528499916,20.20096,65.75,3
73.00240404799843,20.239808,66.218,3
73.01842055499947,20.239808,66.093,3
73.03483198499998,20.278655999999998,66.031,3
73.05172813199897,20.123264,65.937,3
73.0687167619999,20.00672,66.062,3
73.08573441699991,19.967872,65.937,3
73.10310734599989,19.929024000000002,65.812,3
73.11979955199968,19.929024000000002,65.781,3
73.13630531999843,19.967872,65.625,3
73.15287121899928,20.00672,66.156,3
73.1691693649991,20.00672,66.093,3
73.18570883099892,20.045568,66.125,3
73.20221715999833,20.084416,65.843,3
73.218659406999,20.162112,65.875,3
73.23497275399859,20.162112,66.25,3
73.25166799999897,20.239808,66.187,3
73.26786694399925,20.278655999999998,65.968,3
73.28399353399982,20.317504,65.968,3
73.30048678999992,20.317504,66.375,3
73.31738380199931,20.20096,66.406,3
73.33430241399947,20.084416,65.968,3
73.35134413299966,20.00672,65.5,3
73.36869315699914,20.000768,65.812,3
73.3853140329993,20.000768,66.187,3
73.40233863199865,19.922944,65.718,3
73.41995611199854,19.929024000000002,65.625,3
73.43743390700001,19.967872,65.843,3
73.45470136099902,20.00672,65.906,3
73.4722029329987,20.045568,65.968,3
73.48973151399878,20.084416,66.187,3
73.50672948799911,20.162112,66.062,3
73.52444962599839,20.239808,65.937,3
73.54119284199987,20.278655999999998,66.25,3
73.5583686129994,20.278655999999998,66.093,3
73.57618027399985,20.317504,65.843,3
73.59294588899866,20.162112,65.781,3
73.61010236399852,20.03968,65.5,3
73.62603192499955,19.961856,65.906,3
73.6432091359984,19.922944,65.843,3
73.65997366400006,19.922944,65.687,3
73.67723650900007,19.961856,65.843,3
73.69556091999948,20.000768,65.75,3
73.71308729299926,20.03968,66.125,3
73.73063289899983,20.00672,66.062,3
73.74831697199988,20.084416,66.093,3
73.76602712599924,20.162112,66.375,3
73.78391162099979,20.162112,65.875,3
73.8016739679988,20.239808,65.875,3
73.81895911799984,20.239808,65.75,3
73.83635073499863,20.278655999999998,65.906,3
73.8536692939997,20.239808,66.093,3
73.87091863599926,20.00672,66.062,3
73.88965672199993,20.000768,65.875,3
73.90799358099866,19.922944,65.75,3
73.92630730399833,19.922944,65.843,3
73.94348553899908,19.961856,65.75,3
73.96022555399941,19.967872,65.75,3
73.97757822599851,20.00672,65.968,3
73.9950791909996,20.000768,65.906,3
74.01211082999907,20.000768,65.875,3
74.02968309199969,20.045568,66.031,3
74.04756656299833,20.084416,65.843,3
74.06628048799939,20.162112,65.781,3
74.08443516699845,20.20096,65.875,3
74.1018925139997,20.20096,65.812,3
74.11897148199932,20.239808,65.812,3
74.13595870399877,20.084416,66.187,3
74.15296045399919,19.967872,65.875,3
74.17024195699923,19.922944,66.125,3
74.18770669599871,19.922944,66.093,3
74.20450504799919,19.929024000000002,65.937,3
74.22314754799845,19.967872,65.656,3
74.24069619399961,20.00672,66.218,3
74.25844740499997,20.00672,65.875,3
74.27639938899847,20.045568,66.031,3
74.29462594199867,20.123264,66.093,3
74.3123324799999,20.162112,66.281,3
74.32978281799842,20.239808,66.25,3
74.348777616,20.278655999999998,65.875,3
74.36618536099922,20.317504,65.812,3
74.3836025469991,20.317504,65.937,3
74.40100235699902,20.162112,66.031,3
74.41815975899954,20.045568,65.718,3
74.43543636499999,19.967872,65.875,3
74.45452793299955,19.929024000000002,65.718,3
74.47182934000011,19.929024000000002,66.218,3
74.48954611799854,19.967872,65.968,3
74.50699668099878,20.00672,65.75,3
74.52456961499956,20.045568,65.875,3
74.54225557599966,20.045568,65.968,3
74.55991894499857,20.123264,65.906,3
74.57778337499985,20.162112,66.125,3
74.59538770199833,20.20096,66.0,3
74.61323776399877,20.123264,65.656,3
74.63062861299841,20.123264,66.187,3
74.64822209199883,20.162112,65.875,3
74.66582289899998,20.162112,65.906,3
74.68297914999857,20.000768,65.906,3
74.70034692599984,19.922944,65.812,3
74.71763290799936,19.845119999999998,66.125,3
74.73594291900008,19.806207999999998,66.031,3
74.7546993420001,19.884031999999998,65.656,3
74.77258137299941,19.929024000000002,65.593,3
74.7903169989986,19.929024000000002,65.75,3
74.80794235099893,19.929024000000002,65.812,3
74.8255610139986,20.00672,66.156,3
74.84332275399902,20.084416,66.031,3
74.86056694299987,20.123264,66.281,3
74.87878971899954,20.20096,66.25,3
74.89672871099901,20.239808,65.875,3
74.91504400199847,20.278655999999998,66.031,3
74.93272685899865,20.278655999999998,66.156,3
74.94993645499926,20.084416,66.062,3
74.96714822699869,20.00672,66.0,3
74.9843482870001,19.961856,66.0,3
75.00279874999978,19.961856,65.75,3
75.0211853059991,19.967872,66.187,3
75.03879401699851,20.00672,65.75,3
75.05634554299832,20.00672,65.843,3
75.07395806199929,20.00672,65.968,3
75.0915335239988,20.084416,66.031,3
75.10936556999877,20.123264,66.218,3
75.12658738999926,20.162112,66.125,3
75.14443511599893,20.239808,65.843,3
75.16214527000011,20.278655999999998,65.875,3
75.17955314399842,20.278655999999998,66.156,3
75.19677080399924,20.20096,65.781,3
75.21436559499853,20.045568,65.906,3
75.23163583199857,19.929024000000002,65.75,3
75.24882424399948,19.884031999999998,66.0,3
75.26810016899981,19.845119999999998,66.093,3
75.2852645160001,19.845119999999998,66.031,3
75.30258105899884,19.922944,65.687,3
75.32025757999872,19.890176,66.218,3
75.33784651499991,19.929024000000002,65.875,3
75.3559427909986,19.967872,65.937,3
75.37396367399924,20.045568,66.125,3
75.39194365899857,20.084416,65.843,3
75.40996713399909,20.162112,66.312,3
75.42881018299886,20.20096,65.968,3
75.44640999799958,20.239808,65.812,3
75.4641138479983,20.239808,66.031,3
75.48161244399853,20.123264,66.156,3
75.49877298299907,20.00672,66.062,3
75.5159704509988,19.961856,65.875,3
75.53423933999875,19.922944,66.125,3
75.55148704899875,19.890176,66.25,3
75.56891226699918,19.967872,66.062,3
75.58668450299956,20.00672,65.75,3
75.60417637899991,20.00672,65.75,3
75.62195597499885,20.03968,66.0,3
75.63960971099914,20.045568,66.093,3
75.65715902899865,20.123264,66.25,3
75.6749137279985,20.20096,66.156,3
75.69281127899922,20.239808,65.781,3
75.71004535599968,20.278655999999998,66.25,3
75.72737732299902,20.278655999999998,65.906,3
75.74493035299929,20.239808,66.031,3
75.76214647699999,20.045568,65.812,3
75.77943159499955,20.000768,65.812,3
75.79724751199865,19.922944,65.906,3
75.81530541999928,19.806207999999998,65.875,3
75.83322761199997,19.806207999999998,65.937,3
75.85071308699844,19.884031999999998,65.75,3
75.86826829299935,19.922944,66.25,3
75.88586398000007,19.961856,65.906,3
75.90348433899999,19.967872,65.968,3
75.92036547799944,20.045568,65.906,3
75.93680529299854,20.084416,66.062,3
75.95389235799848,20.162112,65.968,3
75.97018087299875,20.20096,65.906,3
75.98658174199954,20.20096,65.906,3
76.00388673299858,20.239808,66.062,3
76.0208511059991,20.162112,66.156,3
76.03784668099979,19.967872,65.843,3
76.05482974199913,19.929024000000002,65.843,3
76.07230740999876,19.922944,66.156,3
76.08921885399832,19.884031999999998,66.0,3
76.10580286499862,19.890176,65.843,3
76.12245343699942,19.967872,65.968,3
76.1388337619992,19.967872,66.062,3
76.15540545299882,20.00672,66.031,3
76.17195224699935,20.045568,66.062,3
76.18821813699833,20.084416,66.031,3
76.20461436599908,20.123264,65.906,3
76.22101344399925,20.20096,66.125,3
76.23733107899898,20.239808,65.968,3
76.25353463200008,20.278655999999998,66.031,3
76.27048716499849,20.278655999999998,65.875,3
76.28712800899848,20.239808,66.031,3
76.30414255999858,20.045568,65.968,3
76.32117138299873,19.967872,65.812,3
76.33908339799927,19.929024000000002,66.343,3
76.35549326,19.929024000000002,66.156,3
76.37172897299934,19.967872,66.0,3
76.38830354399943,20.00672,65.937,3
76.40492720399925,19.961856,65.875,3
76.42158664099952,19.961856,65.75,3
76.43775009599995,19.967872,66.125,3
76.45404977899852,20.00672,66.125,3
76.47033042099974,20.084416,66.062,3
76.48643845099832,20.123264,66.031,3
76.50252459199874,20.20096,66.031,3
76.51868369499971,20.239808,65.843,3
76.53490779200001,20.239808,65.875,3
76.55210334000003,20.239808,66.093,3
76.56902947199887,20.045568,66.156,3
76.58656486899963,19.967872,66.031,3
76.60412106699914,19.884031999999998,65.937,3
76.62165723199905,19.845119999999998,66.031,3
76.63811839099981,19.884031999999998,66.25,3
76.65500560999863,19.922944,66.093,3
76.67161288599891,19.961856,66.031,3
76.6881286709995,19.967872,66.156,3
76.70480516399948,20.00672,66.062,3
76.72148837799978,20.045568,66.312,3
76.73786694299997,20.123264,66.25,3
76.75437082299868,20.162112,66.25,3
76.77095764999831,20.20096,66.093,3
76.78693082799873,20.239808,66.031,3
76.80360005699913,20.239808,66.281,3
76.8205547339985,20.239808,66.156,3
76.83693454700006,20.084416,66.25,3
76.8540828619989,20.03968,65.843,3
76.87126752899894,19.961856,66.156,3
76.88846890099921,19.922944,66.25,3
76.90486497099846,19.922944,66.062,3
76.92215815300005,20.000768,66.0,3
76.93863246499859,20.000768,65.75,3
76.95502744699843,20.03968,66.25,3
76.97165325099922,20.078592,66.218,3
76.98795859799975,20.084416,66.25,3
77.00459652999962,20.078592,66.031,3
77.02116642799956,20.084416,65.937,3
77.0380528149999,20.123264,66.218,3
77.0540960749986,20.162112,66.093,3
77.07074856799954,20.20096,66.125,3
77.08793518799939,20.20096,65.812,3
77.10527957099839,20.123264,66.5,3
77.12233652299983,20.000768,66.156,3
77.13929715199993,19.961856,65.625,3
77.15711681299945,19.884031999999998,65.968,3
77.17368936799903,19.884031999999998,65.875,3
77.19021376099954,19.922944,66.093,3
77.20669972099859,19.929024000000002,65.875,3
77.22306711799865,19.967872,65.843,3
77.23945835499944,19.967872,65.906,3
77.25610195199988,20.045568,65.906,3
77.2725454149986,20.084416,66.312,3
77.28909348899833,20.123264,66.0,3
77.30587779300004,20.20096,65.937,3
77.32286171899977,20.239808,65.812,3
77.33897051599888,20.239808,66.375,3
77.35606113299946,20.239808,66.062,3
77.37304448299983,20.162112,66.093,3
77.38970980799968,20.00672,65.843,3
77.4066702129985,19.967872,65.75,3
77.42452849899928,19.922944,66.062,3
77.440921849,19.922944,65.937,3
77.4573269429984,19.890176,65.812,3
77.47374643699914,19.967872,65.781,3
77.48994749299891,19.967872,65.937,3
77.50641124499998,20.00672,65.968,3
77.52292379799837,20.045568,66.031,3
77.53932373899988,20.123264,65.968,3
77.55571616099951,20.162112,65.968,3
77.57220173699898,20.239808,66.031,3
77.58983496099972,20.239808,65.937,3
77.60633669699928,20.162112,65.781,3
77.62331057499978,20.123264,66.0,3
77.64055437999923,20.123264,66.0,3
77.65757081899937,19.929024000000002,66.031,3
77.67496877199846,19.884031999999998,66.0,3
77.69205177299955,19.767295999999998,65.875,3
77.71047656999872,19.806207999999998,65.75,3
77.72828042299989,19.884031999999998,66.187,3
77.74604910599919,19.929024000000002,65.781,3
77.76453860999936,20.00672,66.031,3
77.78276941799959,20.084416,66.031,3
77.80163352399904,20.162112,66.343,3
77.81885387299917,20.239808,66.25,3
77.83531963999849,20.278655999999998,66.25,3
77.85187942599987,20.356351999999998,65.875,3
77.87033907299883,20.472896000000002,65.812,3
77.8869085869992,20.511744,66.0,3
77.9050666259991,20.550592,65.906,3
77.92136979699899,20.550592,66.093,3
77.93803157000002,20.356351999999998,65.75,3
77.95457698700011,20.317504,65.906,3
77.97138193199862,20.278655999999998,65.968,3
77.99147711199839,20.278655999999998,66.218,3
78.01093198599847,20.356351999999998,65.812,3
78.0294231859989,20.434047999999997,65.937,3
78.0482241539994,20.472896000000002,66.25,3
78.06662171899916,20.511744,66.25,3
78.08523871399848,20.550592,66.093,3
78.10301946199979,20.58944,66.125,3
78.12129571199875,20.628288,66.125,3
78.13976387099865,20.667136,66.187,3
78.1576866059986,20.667136,66.156,3
78.17573200199877,20.667136,65.937,3
78.19303539199973,20.58944,66.5,3
78.21027337299893,20.317504,66.25,3
78.22750482599986,20.239808,65.75,3
78.24474847099918,20.162112,66.093,3
78.26356671999929,20.123264,65.937,3
78.2816739409991,20.162112,66.187,3
78.30167087799964,20.20096,65.843,3
78.31914512099866,20.20096,65.875,3
78.33684727499895,20.239808,66.125,3
78.35459278999951,20.278655999999998,66.093,3
78.37251107799966,20.317504,66.281,3
78.3902644969985,20.3952,66.218,3
78.40819753699907,20.434047999999997,66.0,3
78.42550127999857,20.434047999999997,66.406,3
78.44254591099889,20.434047999999997,66.343,3
78.45997372099919,20.434047999999997,66.093,3
78.47741324399976,20.20096,65.937,3
78.49456418199952,20.123264,65.937,3
78.51175752199924,20.045568,66.031,3
78.53046559099857,20.045568,66.156,3
78.54858161299853,20.084416,65.75,3
78.56859102999988,20.123264,66.031,3
78.5863590099998,20.162112,65.968,3
78.60372745799941,20.123264,65.968,3
78.62138881099963,20.123264,66.125,3
78.63944194999931,20.162112,66.156,3
78.65672357999938,20.239808,66.437,3
78.67444829499982,20.278655999999998,66.281,3
78.692249619,20.317504,65.937,3
78.70972139900005,20.317504,65.906,3
78.72756659599872,20.317504,66.187,3
78.7449760699983,20.123264,66.062,3
78.7622269149997,20.045568,66.093,3
78.7794028139997,19.967872,65.968,3
78.79830320899964,19.890176,65.687,3
78.81663933199889,19.773632000000003,66.187,3
78.83495052699982,19.851328000000002,65.843,3
78.85289118299988,19.890176,66.062,3
78.87059023299844,19.929024000000002,66.093,3
78.88833830799922,19.929024000000002,66.406,3
78.90674748899983,20.00672,66.343,3
78.92458903899933,20.045568,65.937,3
78.94230981699911,20.123264,66.031,3
78.95952958999987,20.162112,66.031,3
78.97735766699952,20.162112,66.093,3
78.99472144299943,20.20096,66.218,3
79.01282725599958,20.084416,66.281,3
79.03007653299937,19.967872,66.0,3
79.04736117099856,19.890176,66.125,3
79.06619317999866,19.851328000000002,65.968,3
79.08396634399833,19.851328000000002,66.062,3
79.10376935599925,19.890176,66.062,3
79.12148232599975,19.929024000000002,66.281,3
79.13894159299889,19.967872,66.218,3
79.15697946799992,20.00672,66.031,3
79.17509382499884,20.084416,66.0,3
79.19283021999945,20.123264,66.156,3
79.2114710879996,20.20096,66.281,3
79.2289604990001,20.239808,66.25,3
79.24629643499975,20.278655999999998,66.125,3
79.26392562699948,20.278655999999998,65.906,3
79.28136185299991,20.162112,66.5,3
79.29855644099916,20.045568,65.875,3
79.31598812299853,19.967872,66.031,3
79.33528644899889,19.890176,66.125,3
79.3532620499991,19.929024000000002,66.375,3
79.37229224099974,19.967872,66.218,3
79.38996949799912,20.00672,65.843,3
79.40725327199834,19.929024000000002,65.781,3
79.42519869599892,19.967872,66.0,3
79.44327103599971,20.045568,66.312,3
79.46137006499885,20.084416,66.312,3
79.47975095799848,20.162112,66.0,3
79.4971859039997,20.20096,65.906,3
79.51435969099839,20.239808,66.406,3
79.53172253899902,20.239808,66.031,3
79.54894215199965,20.162112,66.125,3
79.56620070899953,20.00672,66.0,3
79.5833757119999,19.929024000000002,65.75,3
79.60298044699994,19.922944,66.406,3
79.62079114699918,19.884031999999998,65.812,3
79.63885020699854,19.884031999999998,65.75,3
79.65658896999958,19.961856,65.75,3
79.67399741899862,19.929024000000002,65.937,3
79.6914155329996,19.967872,66.0,3
79.70917775299858,20.045568,66.25,3
79.72691059499994,20.084416,66.25,3
79.74474801699944,20.162112,66.437,3
79.76278601999911,20.239808,66.281,3
79.78046410899879,20.239808,65.906,3
79.79772224999942,20.239808,65.843,3
79.81539278699893,20.239808,66.187,3
79.83260567899924,20.00672,66.093,3
79.84987799699957,19.961856,65.843,3
79.86705331999838,19.922944,66.125,3
79.88547853399905,19.884031999999998,65.875,3
79.90326792199994,19.922944,66.281,3
79.92132467800002,19.929024000000002,65.875,3
79.9389109879994,19.967872,65.937,3
79.95658616499895,19.967872,66.156,3
79.97434070399868,20.045568,66.25,3
79.99215911699866,20.123264,66.343,3
80.00960551999924,20.084416,66.25,3
80.02716994199909,20.123264,65.843,3
80.04481110199958,20.162112,65.843,3
80.06201048999901,20.162112,66.406,3
80.07949769399966,20.20096,65.968,3
80.09717895099857,20.084416,66.062,3
80.11430406399995,19.967872,66.093,3
80.13147909999861,19.922944,65.75,3
80.15023168199878,19.884031999999998,66.218,3
80.16796193299888,19.884031999999998,65.906,3
80.1872484509986,19.929024000000002,65.781,3
80.20494957999836,19.967872,66.031,3
80.22245454399854,20.00672,66.0,3
80.24045193799975,20.045568,66.312,3
80.25807946599889,20.084416,66.218,3
80.27612031699937,20.162112,66.0,3
80.2947794569991,20.20096,66.437,3
80.31239722499959,20.239808,66.031,3
80.32992350199856,20.278655999999998,65.906,3
80.34727137399932,20.278655999999998,66.125,3
80.3647029599997,20.123264,66.25,3
80.38190074799968,20.045568,65.812,3
80.39904554199893,20.000768,66.031,3
80.41752186099984,19.961856,65.875,3
80.43528372799847,19.929024000000002,65.968,3
80.45450982799957,19.967872,66.0,3
80.47224001499853,20.045568,65.875,3
80.48963179199927,20.045568,66.156,3
80.50732015299945,20.084416,66.156,3
80.52523181699871,20.162112,66.437,3
80.5430585819995,20.20096,66.125,3
80.56154709399925,20.239808,66.031,3
80.57890283799861,20.278655999999998,65.906,3
80.59675504400002,20.317504,66.093,3
80.6152836199999,20.317504,66.093,3
80.63307995200012,20.084416,66.218,3
80.65023985099833,19.922944,65.812,3
80.66750356099874,19.884031999999998,65.656,3
80.6856471989995,19.806207999999998,66.156,3
80.70318557199971,19.806207999999998,66.031,3
80.72115435699925,19.884031999999998,66.062,3
80.73891196799923,19.922944,65.968,3
80.75628729699929,19.929024000000002,66.312,3
80.77388848800001,19.967872,66.343,3
80.79130836199874,20.00672,66.312,3
80.80912335099856,20.045568,66.031,3
80.8269663079991,20.084416,66.156,3
80.84620386499955,20.162112,66.062,3
80.86443505699935,20.20096,66.25,3
80.88214911499927,20.239808,66.093,3
80.89997443999891,20.162112,66.031,3
80.91713776299912,19.967872,66.281,3
80.93431650999992,19.961856,65.75,3
80.95255272699978,19.884031999999998,66.062,3
80.97021212699838,19.884031999999998,66.093,3
80.98837416599963,19.922944,65.937,3
81.00619491499856,19.929024000000002,66.25,3
81.02353625799879,19.967872,66.093,3
81.0411153369987,20.00672,66.0,3
81.05992494499878,20.045568,66.187,3
81.07800144499924,20.123264,66.125,3
81.09568401399883,20.162112,66.281,3
81.11384326899861,20.239808,66.187,3
81.1313992739997,20.239808,66.031,3
81.14855933299987,20.278655999999998,66.406,3
81.16592390999904,20.239808,66.5,3
81.18303340700004,20.045568,65.875,3
81.20023365899942,19.967872,65.687,3
81.21857493399875,19.845119999999998,66.031,3
81.23702251699979,19.806207999999998,66.25,3
81.25462725999932,19.884031999999998,66.187,3
81.27260270099941,19.922944,66.062,3
81.29021774799912,19.929024000000002,65.812,3
81.30800623999858,19.967872,66.312,3
81.325647656,20.00672,66.125,3
81.34333457799949,20.045568,66.062,3
81.3608361179995,20.123264,66.218,3
81.37890800999958,20.162112,66.437,3
81.39697807799894,20.239808,66.25,3
81.41445616099918,20.239808,66.218,3
81.43169506999948,20.278655999999998,66.031,3
81.449134176999,20.084416,66.093,3
81.46641337499932,20.00672,65.937,3
81.48364028299875,19.922944,65.968,3
81.5019239889989,19.922944,66.062,3
81.5197718749987,19.961856,66.031,3
81.53798649099917,19.967872,66.25,3
81.55547980699885,20.00672,66.218,3
81.57312010299938,20.045568,65.968,3
81.59052835999864,20.084416,66.031,3
81.6082858439986,20.123264,66.156,3
81.62585589799892,20.162112,66.031,3
81.64384241099833,20.20096,66.25,3
81.66119325899854,20.20096,66.156,3
81.67838122299872,20.239808,66.187,3
81.69602993499939,20.239808,66.375,3
81.71349236999959,20.123264,66.468,3
81.73068628599867,20.00672,65.781,3
81.74782723999851,19.929024000000002,65.843,3
81.76923855199857,19.884031999999998,66.281,3
81.78676831699886,19.884031999999998,66.25,3
81.80620085499868,19.890176,65.812,3
81.82372258799842,19.845119999999998,65.781,3
81.84126012899833,19.845119999999998,66.0,3
81.85878381399925,19.884031999999998,66.062,3
81.87622899999951,19.922944,66.343,3
81.89437823799926,19.967872,66.0,3
81.9136616199994,20.045568,65.968,3
81.93122588199913,20.084416,66.062,3
81.94883708899943,20.123264,66.062,3
81.96633638899948,20.162112,66.218,3
81.98420238699873,20.084416,66.281,3
82.00144839999848,19.922944,65.968,3
82.01862250799968,19.884031999999998,66.125,3
82.03686102799838,19.806207999999998,66.25,3
82.05464484799995,19.806207999999998,65.906,3
82.07289005699931,19.851328000000002,66.031,3
82.09121405199949,19.890176,66.0,3
82.108796393999,19.929024000000002,66.25,3
82.1263809129996,19.967872,66.187,3
82.14408911499959,20.00672,65.968,3
82.16202465099923,20.084416,66.406,3
82.17975794099948,20.162112,65.937,3
82.19724562499869,20.20096,66.0,3
82.21463004199904,20.239808,65.906,3
82.23212975799834,20.239808,66.093,3
82.24944610899911,20.20096,66.125,3
82.26666223399843,20.00672,66.093,3
82.28383781299999,19.929024000000002,65.906,3
82.30209764599931,19.961856,66.562,3
82.31960952199915,19.922944,66.406,3
82.33772992800004,19.929024000000002,65.875,3
82.35538948799876,19.967872,65.906,3
82.37276257699887,20.00672,66.093,3
82.39030693399945,20.045568,66.156,3
82.40796684699853,20.00672,66.25,3
82.42573501799961,20.045568,66.281,3
82.44293386199934,20.084416,65.937,3
82.46163210699888,20.162112,66.437,3
82.47921169799884,20.20096,66.093,3
82.4967006299994,20.20096,65.968,3
82.51420831399992,20.20096,65.937,3
82.53140130199972,20.00672,66.25,3
82.5485856489995,19.967872,66.0,3
82.56578001299931,19.884031999999998,66.218,3
82.58419172199865,19.884031999999998,66.093,3
82.60201771899847,19.890176,65.875,3
82.62077686199882,19.961856,65.875,3
82.63843389499925,19.961856,65.875,3
82.65605607799989,19.961856,66.218,3
82.67365880499892,20.00672,66.187,3
82.69163427799867,20.045568,66.437,3
82.70945701099845,20.084416,66.375,3
82.72841318399878,20.162112,66.062,3
82.7468000609988,20.20096,65.968,3
82.76395768699876,20.20096,66.156,3
82.78156204599873,20.239808,66.031,3
82.79899654499968,20.084416,66.375,3
82.81686206299855,19.967872,66.062,3
82.83409178699912,19.922944,65.718,3
82.85301896700003,19.884031999999998,66.5,3
82.87082006799938,19.884031999999998,66.218,3
82.89018841100005,19.929024000000002,66.093,3
82.90709281499949,19.929024000000002,66.125,3
82.92378294099944,19.967872,66.125,3
82.94039229599912,20.00672,66.187,3
82.95692596999834,20.045568,66.25,3
82.97325410099984,20.084416,66.25,3
82.98936488299842,20.162112,66.25,3
83.00640634699994,20.20096,66.062,3
83.02283480099868,20.123264,66.031,3
83.03952294299961,20.162112,66.25,3
83.05651349299842,20.162112,66.187,3
83.07370132799952,20.00672,66.218,3
83.09067837399925,19.961856,66.25,3
83.10791907499879,19.884031999999998,66.031,3
83.12544768799853,19.884031999999998,66.375,3
83.14167008899858,19.884031999999998,65.937,3
83.1590974189985,19.922944,66.406,3
83.17578696799865,19.961856,66.25,3
83.19228758499958,20.000768,66.25,3
83.2087270159991,20.03968,66.218,3
83.22497114499856,20.045568,66.062,3
83.24136823899971,20.123264,66.5,3
83.25766776199998,20.162112,66.437,3
83.27469184899928,20.20096,66.281,3
83.29116295999847,20.239808,66.187,3
83.30721998099943,20.278655999999998,65.968,3
83.3242192990001,20.278655999999998,66.437,3
83.34147363199918,20.123264,66.5,3
83.35843339699932,20.045568,65.906,3
83.37540756299859,19.961856,65.812,3
83.3925527729989,19.961856,66.593,3
83.40873667699998,19.961856,66.343,3
83.42594953699881,20.000768,65.906,3
83.44242429699989,20.00672,65.906,3
83.45878638199974,20.045568,65.968,3
83.47521681999933,20.084416,66.5,3
83.49146866199953,20.084416,66.437,3
83.50769515899992,20.162112,66.343,3
83.52382094899986,20.20096,66.093,3
83.54099003199917,20.239808,65.937,3
83.55728561899923,20.278655999999998,66.468,3
83.57389052599865,20.317504,66.312,3
83.59051552999881,20.317504,66.031,3
83.60808299199925,20.162112,66.093,3
83.62497910699858,20.000768,66.312,3
83.64240141299888,19.884031999999998,65.75,3
83.66005303800011,19.845119999999998,66.0,3
83.6766904899996,19.845119999999998,65.937,3
83.69289615399975,19.884031999999998,65.843,3
83.70958170399899,19.922944,65.968,3
83.72618309099926,19.961856,66.062,3
83.7424284689987,20.000768,65.968,3
83.75875413599897,20.00672,66.031,3
83.77539712499856,20.084416,65.968,3
83.7917928099996,20.123264,66.562,3
83.80806122799913,20.20096,66.093,3
83.82502720199955,20.162112,66.031,3
83.84157738699832,20.20096,65.968,3
83.85818693500005,20.239808,66.531,3
83.87520769399998,20.20096,66.218,3
83.89216006700008,20.03968,66.0,3
83.9090908069993,19.961856,65.843,3
83.92611751799996,19.884031999999998,66.156,3
83.94339812399994,19.884031999999998,66.031,3
83.95991246899939,19.922944,66.031,3
83.97656576199915,19.961856,65.937,3
83.99293744699935,19.967872,66.125,3
84.00953176199982,19.967872,66.093,3
84.0260174340001,20.00672,66.218,3
84.04238751899902,20.084416,66.093,3
84.05890538399944,20.123264,66.125,3
84.075396111999,20.20096,66.031,3
84.09149191699908,20.239808,66.562,3
84.1081161209986,20.278655999999998,66.187,3
84.12531099699845,20.317504,66.062,3
84.1425739389997,20.239808,66.281,3
84.1594036839997,20.045568,66.093,3
84.17632703199888,20.03968,66.031,3
84.193585686,20.000768,66.406,3
84.21049629799927,19.922944,65.968,3
84.22712162199969,19.884031999999998,66.031,3
84.24373334499978,19.922944,66.031,3
84.26026583399835,19.961856,66.031,3
84.27686190999884,20.000768,66.25,3
84.29337647799912,20.03968,66.187,3
84.30993520899938,20.078592,66.25,3
84.32634001399856,20.123264,66.218,3
84.34312889499961,20.20096,66.156,3
84.35931439899832,20.239808,66.125,3
84.37570998799856,20.278655999999998,66.25,3
84.3920919129996,20.278655999999998,66.218,3
84.40967828799876,20.278655999999998,66.281,3
84.42668474199854,20.084416,66.312,3
84.44376524699874,20.03968,66.187,3
84.46075413299877,19.961856,66.187,3
84.47811678899961,19.961856,66.375,3
84.4946283499994,20.000768,66.25,3
84.51174239200009,20.00672,66.281,3
84.52827225699912,20.045568,66.187,3
84.54453872299928,20.045568,66.187,3
84.56112740599929,20.084416,66.531,3
84.57764232699992,20.162112,66.437,3
84.5943012509997,20.20096,66.343,3
84.61123791199861,20.239808,66.218,3
84.62812644299993,20.239808,66.125,3
84.64421072799996,20.239808,66.312,3
84.66106818699882,20.239808,66.312,3
84.67839705000006,20.278655999999998,66.25,3
84.69545998600006,20.084416,66.093,3
84.71253748199888,20.03968,66.406,3
84.72949455999878,19.961856,66.25,3
84.74643717199979,19.961856,65.937,3
84.76291941999989,19.961856,65.937,3
84.78047795399834,20.000768,65.875,3
84.79701284299881,20.00672,66.0,3
84.81368463299987,20.000768,65.937,3
84.83032925299995,20.000768,66.0,3
84.84686865499862,20.03968,66.0,3
84.86329486899922,20.084416,65.968,3
84.87944021199837,20.123264,66.437,3
84.89614028999858,20.20096,66.312,3
84.91190962199835,20.20096,66.281,3
84.92772269999841,20.239808,65.937,3
84.94382487299845,20.239808,66.531,3
84.9604103239999,20.162112,66.562,3
84.9773720409994,20.00672,66.187,3
84.99434675099837,20.000768,65.75,3
85.01211828199848,19.922944,66.093,3
85.02956785300012,19.922944,66.125,3
85.04882182599977,19.961856,66.218,3
85.06663470300009,20.000768,66.125,3
85.08403351999914,20.00672,66.0,3
85.10172600899932,20.045568,66.531,3
85.11949152499983,20.084416,66.125,3
85.13745502999882,20.162112,66.375,3
85.15900714599957,20.239808,66.093,3
85.1770968619985,20.278655999999998,66.468,3
85.19457027399949,20.317504,66.125,3
85.21251425799892,20.317504,66.125,3
85.22998856599952,20.20096,66.375,3
85.24715089599886,20.084416,66.031,3
85.26455128199996,20.03968,66.281,3
85.28362800200011,19.961856,66.312,3
85.30132551499992,20.000768,66.0,3
85.32070873900011,20.00672,66.156,3
85.3384624149985,20.045568,66.093,3
85.3565078419997,20.045568,66.281,3
85.37430682999911,20.123264,66.343,3
85.39214911599993,20.162112,66.125,3
85.40995677599858,20.20096,66.5,3
85.42824867499985,20.162112,66.093,3
85.44578557599925,20.162112,65.968,3
85.46322676199998,20.20096,66.25,3
85.48062180299894,20.20096,66.093,3
85.4979440749994,20.123264,66.312,3
85.51507446899996,19.967872,66.187,3
85.53226054399966,19.890176,65.75,3
85.55121799599874,19.884031999999998,66.062,3
85.56880926699887,19.884031999999998,66.093,3
85.58775775899994,19.922944,66.0,3
85.60555159599971,19.929024000000002,66.156,3
85.62304497599871,19.967872,66.125,3
85.64123088699853,19.967872,66.406,3
85.65921096799866,20.00672,66.062,3
85.6770698299988,20.084416,66.093,3
85.69589435099988,20.123264,66.343,3
85.71324315099992,20.162112,66.187,3
85.7304916919984,20.20096,66.468,3
85.74771379999947,20.20096,66.281,3
85.76543934699839,20.20096,66.468,3
85.78266007899947,20.00672,65.906,3
85.7998826359999,19.929024000000002,66.25,3
85.81730727799913,19.922944,66.156,3
85.8355044209984,19.884031999999998,65.937,3
85.8524052089997,19.890176,65.937,3
85.86908246999883,19.890176,66.0,3
85.88563832,19.929024000000002,66.031,3
85.9023045089998,19.929024000000002,66.156,3
85.91871014699973,20.00672,66.093,3
85.93527527699916,20.045568,66.093,3
85.95181995899839,20.084416,66.25,3
85.96870061799927,20.162112,66.156,3
85.9847889349985,20.20096,66.156,3
86.00114714799929,20.20096,66.156,3
86.01760837099937,20.123264,65.875,3
86.03447754199988,20.123264,66.125,3
86.05149622099998,19.929024000000002,66.25,3
86.06869691999964,19.884031999999998,66.0,3
86.0857542879985,19.806207999999998,66.218,3
86.10288490599851,19.806207999999998,66.125,3
86.11934910599848,19.845119999999998,66.031,3
86.13629590999881,19.884031999999998,66.0,3
86.15270087599856,19.922944,66.218,3
86.16932203999932,19.929024000000002,66.187,3
86.18596054799855,19.967872,66.187,3
86.20239396299985,20.00672,66.25,3
86.21873348699955,20.084416,66.187,3
86.23491079899941,20.162112,66.125,3
86.25187331599955,20.20096,66.031,3
86.26739243299926,20.239808,66.593,3
86.28317037399938,20.239808,66.343,3
86.29951005799921,20.239808,66.125,3
86.31617119099974,20.084416,66.25,3
86.33319934199972,20.00672,65.968,3
86.35024211699965,19.890176,66.093,3
86.36713637699904,19.890176,66.062,3
86.3835218539989,19.890176,65.968,3
86.4009177909993,19.967872,65.968,3
86.41721907399915,20.00672,66.125,3
86.43366973699995,20.045568,66.125,3
86.45015246499861,20.045568,66.156,3
86.46666312999878,20.084416,66.187,3
86.48306726400006,20.123264,66.156,3
86.4995084229995,20.20096,66.25,3
86.516585854999,20.239808,66.156,3
86.53244174999963,20.278655999999998,66.156,3
86.54823729099917,20.278655999999998,66.125,3
86.56435044099999,20.317504,66.0,3
86.58100178099994,20.162112,66.687,3
86.5980391159992,20.045568,66.0,3
86.61501648199919,19.967872,65.75,3
86.63337970999964,19.890176,66.218,3
86.65011393299937,19.890176,66.062,3
86.6666765029986,19.890176,66.0,3
86.6830764769984,19.967872,66.062,3
86.69939593699928,19.967872,66.062,3
86.71592394599975,20.00672,66.031,3
86.7324391229995,20.045568,66.187,3
86.74900012499893,20.084416,66.187,3
86.76558291999936,20.162112,66.156,3
86.78255666899895,20.20096,66.125,3
86.79853560699848,20.239808,66.093,3
86.81450904099984,20.278655999999998,66.562,3
86.83118530999855,20.278655999999998,66.062,3
86.8483277689993,20.162112,66.187,3
86.86536376000004,20.00672,66.0,3
86.88236787799906,19.929024000000002,65.937,3
86.90056713400008,19.851328000000002,66.187,3
86.91748792199905,19.851328000000002,66.062,3
86.93373717199938,19.890176,66.156,3
86.95017608999842,19.929024000000002,66.125,3
86.96668099499948,19.967872,66.093,3
86.9830565839984,20.00672,66.156,3
86.99943482899835,20.045568,66.125,3
87.0156130689993,20.123264,66.125,3
87.03201140999954,20.162112,66.281,3
87.04832197299947,20.239808,66.25,3
87.06458904699866,20.278655999999998,66.156,3
87.08049623999977,20.278655999999998,66.187,3
87.09684113999901,20.317504,66.156,3
87.1132938189985,20.278655999999998,66.156,3
87.13022462299887,20.045568,66.062,3
87.14712960299948,20.00672,66.0,3
87.16415224999946,19.967872,66.125,3
87.18146648899892,19.929024000000002,65.906,3
87.19770623399927,20.00672,66.062,3
87.21426653199887,20.045568,65.937,3
87.23072906800007,19.929024000000002,65.937,3
87.24699633399905,19.967872,66.031,3
87.26347262999843,20.00672,66.093,3
87.2799173079984,20.045568,66.656,3
87.29636470699916,20.123264,66.25,3
87.31278640999881,20.20096,66.218,3
87.32891277599992,20.20096,66.125,3
87.3449290589997,20.239808,66.156,3
87.36082889099998,20.278655999999998,66.531,3
87.37767943699873,20.278655999999998,66.406,3
87.39463043399883,20.123264,66.218,3
87.41163445599886,20.045568,65.937,3
87.42869611199967,19.929024000000002,66.343,3
87.4459495179999,19.890176,66.125,3
87.46222852799838,19.929024000000002,66.093,3
87.47988444099974,19.967872,65.937,3
87.49646288299846,20.00672,65.968,3
87.51281875999848,20.00672,66.156,3
87.52942507499938,20.045568,66.218,3
87.54574046999915,20.123264,66.187,3
87.56224982299864,20.162112,66.187,3
87.57884548199945,20.20096,66.156,3
87.5965201149993,20.278655999999998,66.218,3
87.61309407799854,20.317504,66.156,3
87.6301041480001,20.317504,66.0,3
87.64659100399876,20.278655999999998,66.218,3
87.66366299699985,20.123264,66.375,3
87.68068516399944,20.00672,65.968,3
87.69768492999901,19.929024000000002,66.156,3
87.71546977399885,19.890176,66.343,3
87.73172289600006,19.890176,66.218,3
87.74826472899986,19.929024000000002,66.093,3
87.7647028479987,20.00672,66.093,3
87.78095977799967,20.00672,66.312,3
87.79714755399982,20.00672,66.281,3
87.81356647199937,20.084416,66.25,3
87.8298118169987,20.045568,66.156,3
87.84618564599987,20.045568,66.156,3
87.86300902399853,20.123264,66.062,3
87.87904671499928,20.162112,66.031,3
87.89497445199959,20.20096,66.562,3
87.91120610100006,20.20096,66.156,3
87.92834478299847,20.162112,66.218,3
87.94530973199835,19.967872,66.093,3
87.96228882600008,19.929024000000002,66.093,3
87.97938264299955,19.890176,66.25,3
87.99662907199854,19.890176,66.125,3
88.01298091599892,19.929024000000002,66.093,3
88.02944524399936,19.967872,66.187,3
88.04578406399924,20.00672,66.156,3
88.06230692099962,20.045568,66.156,3
88.0788849799992,20.084416,66.156,3
88.09547014300006,20.123264,66.125,3
88.11190762099977,20.20096,66.312,3
88.12837761299852,20.278655999999998,66.25,3
88.14503743399837,20.317504,66.156,3
88.16116258399961,20.317504,66.187,3
88.17798858499918,20.356351999999998,66.187,3
88.19446232099835,20.317504,66.375,3
88.21139894999942,20.123264,66.25,3
88.22838844399848,20.084416,66.093,3
88.24543854699914,20.045568,66.406,3
88.26279541199983,20.00672,66.25,3
88.27908645399839,20.045568,66.156,3
88.29546729100002,20.084416,66.031,3
88.31190636999963,20.123264,66.093,3
88.32818746099838,20.123264,66.125,3
88.34457604199997,20.162112,66.281,3
88.36104465799872,20.20096,66.312,3
88.3774935929996,20.278655999999998,66.281,3
88.3942614159987,20.317504,66.25,3
88.41094344599878,20.3952,66.218,3
88.42727096999988,20.278655999999998,66.218,3
88.44363257399891,20.278655999999998,66.187,3
88.46023789799983,20.317504,66.25,3
88.47678027499933,20.123264,66.25,3
88.49372234399925,20.045568,66.218,3
88.51065122799992,19.929024000000002,66.125,3
88.52767819499968,19.929024000000002,66.156,3
88.54393576499933,19.929024000000002,66.125,3
88.56115105699973,19.967872,66.25,3
88.57748088500011,20.00672,66.281,3
88.59378347999882,20.045568,66.187,3
88.61001727299845,20.045568,66.218,3
88.62700407899865,20.123264,66.25,3
88.64399280499856,20.162112,66.312,3
88.66035552999892,20.20096,66.25,3
88.67736841699843,20.20096,66.25,3
88.69371315699937,20.239808,66.218,3
88.70992941299846,20.239808,66.125,3
88.72582121300002,20.239808,66.0,3
88.7430316409991,20.162112,66.406,3
88.75989165899955,20.00672,66.062,3
88.77687472099933,19.967872,66.187,3
88.79472743899896,19.890176,66.375,3
88.81095348799863,19.890176,66.25,3
88.82752930700008,19.929024000000002,66.187,3
88.84390956799871,19.929024000000002,66.031,3
88.86013561699838,19.929024000000002,66.031,3
88.87657610399947,19.967872,66.343,3
88.89303310299874,20.045568,66.312,3
88.90920596599972,20.084416,66.25,3
88.92554030599968,20.123264,66.25,3
88.94225926499894,20.20096,66.25,3
88.95815413599848,20.239808,66.156,3
88.97403060799843,20.239808,66.125,3
88.9903876039989,20.278655999999998,66.531,3
89.00651339399883,20.239808,66.312,3
89.0235177049999,19.967872,66.062,3
89.03959843699886,19.890176,65.937,3
89.05666316599854,19.845119999999998,65.906,3
89.07373640599872,19.845119999999998,66.125,3
89.09003717699852,19.884031999999998,66.093,3
89.10730943099952,19.890176,66.0,3
89.12373100500008,19.929024000000002,66.093,3
89.14025386199864,19.929024000000002,66.5,3
89.15656592899904,20.00672,66.125,3
89.17299959999946,20.045568,66.218,3
89.18919383999855,20.084416,66.125,3
89.20561253399865,20.162112,66.093,3
89.22258004399919,20.20096,66.593,3
89.2383898249991,20.239808,66.531,3
89.25420847099849,20.278655999999998,66.312,3
89.27031054799954,20.278655999999998,66.281,3
89.28669007299868,20.123264,66.218,3
89.30299026799912,20.045568,66.375,3
89.32005115599895,19.929024000000002,66.093,3
89.33643842499987,19.572736,65.718,3
89.35267186700003,19.222527999999997,65.375,3
89.36893410799894,18.833408,65.25,3
89.38510143599888,18.474624,65.375,3
89.40124418599953,18.084864000000003,65.125,3
89.41737087199908,17.734080000000002,65.0,3
89.4334633819999,17.41184,64.968,3
89.44941899099831,17.099520000000002,64.843,3
89.46537424799862,16.787200000000002,64.812,3
89.48262109399911,16.462784,64.937,3
89.49991059599961,16.110848,64.781,3
89.5168725049989,15.588864,64.781,4
89.56945725599871,15.118848,64.812,4
89.58603307399972,14.88384,64.343,4
89.60249484199994,14.688,64.843,4
89.61898982599996,14.51584,64.375,4
89.64027934299884,14.31968,64.656,4
89.65840397200009,14.162752000000001,64.625,4
89.67582861499977,13.966592,64.75,4
89.69324602399865,13.770432000000001,64.781,4
89.7108842079997,13.613504,64.531,4
89.72848923899983,13.478528,64.218,4
89.74596578699857,13.36064,64.25,4
89.7625784060001,13.242752000000001,64.656,4
89.77920801799883,13.164159999999999,64.25,4
89.7979873539989,13.321344,64.718,4
89.81494443099837,13.456575999999998,64.906,4
89.8325024529986,13.691968000000001,64.875,4
89.84928336499979,13.92736,64.937,4
89.86570957999902,14.241216,65.437,4
89.8822256200001,14.51584,65.468,4
89.898574457,14.766335999999999,65.406,4
89.91629149099936,15.07968,65.937,4
89.93409524699928,15.353856,65.843,4
89.95102057999975,15.628032,65.75,4
89.9678200519993,15.83712,65.531,4
89.98490948499966,16.071744,65.5,4
90.00199594199876,16.306368,65.968,4
90.01939693499844,16.501887999999997,65.75,4
90.03638399699958,16.501887999999997,65.687,4
90.05351640699882,16.6192,65.562,4
90.070930296999,16.736511999999998,65.718,4
90.08809934799865,16.826240000000002,65.625,4
90.1045280899998,16.982400000000002,65.656,4
90.12123940099991,17.138560000000002,65.656,4
90.13759985299839,17.25568,65.718,4
90.15401553899937,17.41184,65.843,4
90.17049295499965,17.568,65.75,4
90.18700323599842,17.72416,65.843,4
90.20331498299856,17.841279999999998,65.75,4
90.21967799599952,17.967936,65.75,4
90.23687719199916,18.006912,65.812,4
90.25303264699869,18.084864000000003,65.781,4
90.26914358799877,18.201792,65.781,4
90.28560647599988,18.318720000000003,65.75,4
90.30278058299882,18.279743999999997,66.437,4
90.31959253599962,18.201792,65.75,4
90.33658487799948,18.240768,65.562,4
90.35400318399843,18.240768,65.906,4
90.37053455299974,18.279743999999997,65.968,4
90.38719008599946,18.435648,65.781,4
90.40362929299954,18.5136,65.843,4
90.41997310499937,18.591552,65.812,4
90.43639426299887,18.708479999999998,66.031,4
90.4543066949991,18.786432,66.093,4
90.47251007799969,18.90336,66.343,4
90.4903038829998,19.027968,66.218,4
90.50726102399858,19.144704,66.156,4
90.5245751349994,19.222527999999997,65.843,4
90.54175260199918,19.26144,66.281,4
90.55930816,19.300352,66.062,4
90.57635163899977,19.144704,65.968,4
90.59343457599971,19.105792,65.781,4
90.61046698299833,19.06688,66.031,4
90.62798404399837,19.06688,65.812,4
90.6445232850001,19.144704,66.093,4
90.66392497400011,19.183616,66.0,4
90.68215939799848,19.26144,65.781,4
90.69984587199906,19.300352,66.25,4
90.71775241499927,19.378176,66.062,4
90.73563582199859,19.456,66.187,4
90.7533188389989,19.533824,66.125,4
90.77160536099836,19.650560000000002,66.406,4
90.78970419699908,19.689472000000002,66.281,4
90.80719860099998,19.728384,65.937,4
90.82441651799854,19.767295999999998,65.875,4
90.84214801599956,19.572736,65.906,4
90.85948961599934,19.378176,65.812,4
90.87688030499885,19.339264,65.968,4
90.89608493199921,19.339264,66.187,4
90.91353427899958,19.339264,65.812,4
90.9315511299992,19.417088,66.343,4
90.9494632729984,19.494912,65.906,4
90.96703083099965,19.533824,65.906,4
90.98499103999893,19.572736,66.187,4
91.00259872700008,19.650560000000002,66.187,4
91.01994663099867,19.728384,66.343,4
91.0374485229986,19.806207999999998,66.343,4
91.05631358899882,19.884031999999998,66.0,4
91.07417366699883,19.890176,65.937,4
91.09233653799856,19.929024000000002,66.093,4
91.10958466299962,19.922944,66.25,4
91.12686021299851,19.728384,66.093,4
91.14414251499875,19.689472000000002,66.0,4
91.16320540999914,19.650560000000002,66.468,4
91.18085405799866,19.650560000000002,65.968,4
91.19919619799839,19.689472000000002,65.937,4
91.21719141599897,19.767295999999998,66.031,4
91.23468127599881,19.806207999999998,66.093,4
91.25256794599954,19.845119999999998,66.312,4
91.27036123899961,19.922944,66.312,4
91.2882203249992,19.961856,66.0,4
91.30666131499856,20.00672,66.187,4
91.32561086299938,20.084416,66.125,4
91.34331167299933,20.123264,66.25,4
91.36133594700004,20.162112,66.218,4
91.37868759499906,20.084416,66.125,4
91.39586759099984,19.922944,66.343,4
91.41301891299918,19.884031999999998,65.781,4
91.43224488499982,19.767295999999998,65.937,4
91.45000483199874,19.728384,66.062,4
91.46892068399939,19.806207999999998,66.281,4
91.48639198299861,19.845119999999998,66.281,4
91.5038491059986,19.884031999999998,66.156,4
91.52158245999999,19.922944,66.062,4
91.53916461099834,19.961856,66.031,4
91.55696756699945,20.03968,66.187,4
91.57477285999994,20.084416,66.375,4
91.5940746419983,20.123264,66.312,4
91.61167532099898,20.162112,66.093,4
91.62923164699896,20.20096,66.437,4
91.64716231899911,20.162112,66.187,4
91.66447486199831,19.961856,65.968,4
91.68168784999943,19.884031999999998,65.812,4
91.69889030999911,19.806207999999998,66.125,4
91.71779144099855,19.806207999999998,66.281,4
91.73600685599922,19.845119999999998,66.25,4
91.75433465899914,19.922944,65.937,4
91.7718229509992,19.922944,65.937,4
91.7893897089998,19.929024000000002,66.125,4
91.80696456299847,19.967872,66.156,4
91.82478121599888,20.045568,66.343,4
91.84235376600009,20.084416,66.25,4
91.86076592399877,20.123264,66.437,4
91.87840285999846,20.162112,66.312,4
91.89623861699874,20.162112,66.062,4
91.91377212599946,20.20096,66.062,4
91.9309510009989,20.00672,66.156,4
91.94820757499838,19.929024000000002,65.937,4
91.96545390799838,19.884031999999998,66.343,4
91.98433122999995,19.884031999999998,66.062,4
92.0023754089998,19.890176,65.906,4
92.02077738999833,19.929024000000002,65.937,4
92.03839099799916,19.922944,65.937,4
92.05570174899913,19.922944,66.0,4
92.0735155530001,19.929024000000002,66.25,4
92.09136222300003,20.00672,66.5,4
92.10917061999862,20.045568,66.468,4
92.12784972899863,20.084416,66.0,4
92.14556785099921,20.123264,66.031,4
92.16319173000011,20.162112,66.125,4
92.18059454799914,20.162112,66.156,4
92.19799726899873,20.045568,66.25,4
92.21510538999974,19.929024000000002,66.125,4
92.23239994899996,19.922944,65.937,4
92.25109646599958,19.884031999999998,66.468,4
92.26868383299916,19.884031999999998,65.968,4
92.28808411299906,19.929024000000002,65.906,4
92.3057189049996,19.929024000000002,66.125,4
92.32607313199878,19.967872,66.437,4
92.34357425599956,20.00672,66.5,4
92.36109269299959,20.084416,66.156,4
92.37871308499962,20.123264,66.312,4
92.39674516699961,20.20096,66.218,4
92.41472528099985,20.239808,66.375,4
92.43257214299956,20.278655999999998,66.281,4
92.44979911499831,20.278655999999998,66.281,4
92.46713629899932,20.123264,66.187,4
92.4843394949985,20.045568,66.312,4
92.50152777799849,19.961856,66.062,4
92.51976287499929,19.961856,66.031,4
92.53757475899874,19.961856,66.187,4
92.55608445500002,20.00672,66.062,4
92.57388408399856,20.00672,66.312,4
92.59147023399964,20.045568,66.406,4
92.60916723599985,20.084416,66.125,4
92.62667703199986,20.084416,66.0,4
92.64450789399962,20.084416,66.093,4
92.66377783499956,20.123264,66.25,4
92.68155301399929,20.123264,66.156,4
92.69894133599882,20.162112,66.031,4
92.71648815699882,20.20096,66.437,4
92.73423111199918,20.123264,66.531,4
92.75150851799845,19.961856,65.937,4
92.76873737799906,19.884031999999998,66.031,4
92.78708210999866,19.845119999999998,66.281,4
92.80466349199924,19.845119999999998,66.312,4
92.822869403999,19.884031999999998,66.218,4
92.84079393199863,19.961856,65.937,4
92.85847317299886,20.000768,65.968,4
92.87612204499965,20.000768,66.156,4
92.89375776499946,20.000768,66.187,4
92.91156683400004,20.078592,66.375,4
92.92959424399851,20.123264,66.25,4
92.9477215299994,20.20096,66.562,4
92.96592731399869,20.239808,66.343,4
92.98308983599964,20.239808,66.156,4
93.00047870099843,20.20096,66.25,4
93.01771389799978,20.00672,66.593,4
93.03497616799905,19.961856,66.0,4
93.0522949189999,19.922944,66.125,4
93.07055494399901,19.884031999999998,66.281,4
93.08833293999851,19.890176,66.031,4
93.10631583699978,19.967872,66.375,4
93.12373900700004,19.967872,66.312,4
93.1409819799992,19.967872,66.062,4
93.15882541799874,20.045568,66.187,4
93.17665135099924,20.084416,66.312,4
93.19432873599908,20.162112,66.5,4
93.21322077900004,20.20096,66.343,4
93.2307183189987,20.162112,65.968,4
93.24860748599895,20.162112,66.562,4
93.26580047299831,20.162112,66.468,4
93.28316322599858,20.00672,66.218,4
93.3003407569995,19.929024000000002,65.968,4
93.31754056099999,19.884031999999998,66.125,4
93.33601335999992,19.884031999999998,66.187,4
93.35417619799955,19.890176,66.25,4
93.37308350499916,19.929024000000002,65.937,4
93.3905550290001,19.967872,65.968,4
93.4080896259984,19.967872,66.156,4
93.4257244499986,20.045568,66.25,4
93.44351156599987,20.084416,66.437,4
93.46109934800006,20.162112,66.375,4
93.48048327600009,20.20096,66.656,4
93.49849129499853,20.239808,66.406,4
93.51644743899851,20.239808,66.125,4
93.5337929749985,20.278655999999998,66.093,4
93.55147720799869,20.084416,66.375,4
93.56876319099865,20.00672,66.187,4
93.5860160839984,19.929024000000002,66.281,4
93.60448635499961,19.890176,66.281,4
93.62246131599932,19.929024000000002,65.968,4
93.64093440299985,19.967872,66.125,4
93.65860797999994,20.00672,65.968,4
93.67612190499858,20.00672,66.281,4
93.6935831239989,20.045568,66.281,4
93.71149357099966,20.084416,66.718,4
93.7292923999994,20.162112,66.562,4
93.74778209499891,20.239808,66.218,4
93.76549602499836,20.278655999999998,66.125,4
93.78285586499987,20.278655999999998,66.187,4
93.80036610999923,20.278655999999998,66.25,4
93.81801354199888,20.162112,66.312,4
93.8351930889985,20.00672,66.093,4
93.85286945000007,19.884031999999998,66.062,4
93.87170875499942,19.806207999999998,66.5,4
93.8894804470001,19.806207999999998,66.218,4
93.90740465499948,19.845119999999998,66.031,4
93.92515052199997,19.922944,66.218,4
93.9424253039997,19.961856,66.218,4
93.95999414199832,19.961856,66.468,4
93.97827531999974,19.967872,66.406,4
93.9963038499991,20.045568,66.062,4
94.01409733499895,20.123264,66.156,4
94.03226218899908,20.20096,66.25,4
94.05007797799954,20.20096,66.156,4
94.06730450199939,20.239808,66.343,4
94.08466635900004,20.20096,66.468,4
94.1018782909996,20.00672,66.375,4
94.11904660599976,19.961856,66.312,4
94.13634615599949,19.922944,66.218,4
94.15511867599889,19.884031999999998,66.062,4
94.17303581099986,19.922944,66.25,4
94.19089953799994,19.967872,66.156,4
94.20819911999934,19.967872,66.343,4
94.22567246799917,20.00672,66.343,4
94.24319595999987,20.045568,66.375,4
94.26100282099833,20.123264,66.687,4
94.27853488999972,20.162112,66.593,4
94.29675856199901,20.278655999999998,66.156,4
94.31441072999951,20.278655999999998,66.312,4
94.3355494589996,20.3952,66.593,4
94.35499399699984,20.3952,66.375,4
94.37296863799929,20.239808,66.093,4
94.3895946019984,20.162112,66.062,4
94.40747100099907,20.123264,66.281,4
94.42412461399908,20.084416,66.093,4
94.44094447099997,20.045568,66.0,4
94.45758009899873,20.045568,66.156,4
94.47415127799832,20.084416,66.187,4
94.49045985699922,20.084416,66.218,4
94.50706652400004,20.123264,66.218,4
94.52352451499974,20.20096,66.25,4
94.54018990499935,20.239808,66.5,4
94.55766830799985,20.317504,66.25,4
94.57380107399877,20.317504,66.25,4
94.5898840789996,20.356351999999998,66.125,4
94.60604023799897,20.356351999999998,66.25,4
94.62260034399878,20.356351999999998,66.5,4
94.6394803309995,20.123264,66.25,4
94.6568992449993,20.084416,66.031,4
94.67345791099979,20.00672,66.156,4
94.69028714499836,19.967872,66.25,4
94.70662506899862,19.929024000000002,66.25,4
94.72390141899996,19.967872,66.093,4
94.74051253399921,20.00672,66.062,4
94.75683596199997,20.045568,66.062,4
94.7734032039989,20.084416,66.343,4
94.78994970999884,20.123264,66.375,4
94.80639400499967,20.162112,66.343,4
94.82284876399899,20.239808,66.25,4
94.8402086999995,20.278655999999998,66.531,4
94.8568501209993,20.317504,66.281,4
94.87357800799873,20.278655999999998,66.218,4
94.89058212599957,20.278655999999998,66.593,4
94.90763021399835,20.123264,66.593,4
94.92457224999998,20.045568,66.25,4
94.94149073399967,19.929024000000002,65.968,4
94.95921676099897,19.890176,66.656,4
94.97566246399947,19.929024000000002,66.5,4
94.99306156899911,19.967872,66.25,4
95.00966625199908,20.00672,66.093,4
95.02606907399968,20.00672,65.906,4
95.04313383399858,19.967872,66.5,4
95.05967777999831,20.00672,66.531,4
95.07624582199969,20.045568,66.406,4
95.09238658899994,20.123264,66.156,4
95.10920433399951,20.20096,66.156,4
95.12522903299941,20.20096,66.625,4
95.14129264599978,20.239808,66.437,4
95.1574270759993,20.239808,66.406,4
95.1736128679986,20.162112,66.5,4
95.19018772599884,20.00672,66.468,4
95.20714269099881,19.967872,66.25,4
95.22456963699915,19.890176,66.5,4
95.24120779399891,19.890176,66.281,4
95.25735595199876,19.929024000000002,66.25,4
95.2740207329989,19.967872,66.468,4
95.29044995599907,20.00672,66.437,4
95.30687140199916,20.00672,66.312,4
95.32313114799945,20.045568,66.312,4
95.3394046859994,20.123264,66.343,4
95.3560413389987,20.162112,66.281,4
95.37212347899913,20.239808,66.5,4
95.39106726699902,20.317504,66.468,4
95.40813861999959,20.317504,66.156,4
95.42514168199887,20.317504,66.656,4
95.44257915699927,20.20096,66.375,4
95.45969783799956,20.084416,66.093,4
95.47683552799936,20.00672,65.906,4
95.49413885499962,19.929024000000002,66.343,4
95.51052151599833,19.929024000000002,66.218,4
95.52740883099978,19.967872,66.125,4
95.54378457999883,20.00672,66.125,4
95.56004470999869,20.045568,66.125,4
95.57627063099972,20.084416,66.187,4
95.59271169399835,20.123264,66.343,4
95.60920098199858,20.162112,66.25,4
95.62562777199855,20.239808,66.125,4
95.64286808899851,20.20096,66.031,4
95.65993192099995,20.20096,66.25,4
95.676339095,20.239808,66.156,4
95.69262671399883,20.20096,66.093,4
95.70928403899961,20.20096,66.156,4
95.72587515399937,20.00672,66.187,4
95.74289936899913,19.929024000000002,66.187,4
95.75983935699878,19.851328000000002,66.125,4
95.77700773600009,19.81248,66.125,4
95.7934423029983,19.851328000000002,66.218,4
95.8107158369985,19.890176,66.187,4
95.82715469199866,19.929024000000002,66.218,4
95.8437315659994,19.967872,66.187,4
95.86007272200004,20.00672,66.375,4
95.87784060599915,20.045568,66.312,4
95.89554496799974,20.084416,66.656,4
95.91348623199883,20.162112,66.593,4
95.9318620999984,20.20096,66.156,4
95.94925912500003,20.20096,66.156,4
95.96658427699913,20.239808,66.25,4
95.983634188,20.162112,66.437,4
96.00063952299934,20.00672,66.093,4
96.01762693699857,19.929024000000002,66.125,4
96.03701592099969,19.81248,66.312,4
96.05361132399958,19.81248,66.125,4
96.06986550199872,19.851328000000002,66.281,4
96.08669527999882,19.890176,66.25,4
96.10329346699837,19.929024000000002,66.312,4
96.11992016699878,19.967872,66.25,4
96.13643950400001,20.00672,66.656,4
96.15281042099923,20.045568,66.531,4
96.16937103899909,20.123264,66.437,4
96.18687091499851,20.20096,66.312,4
96.20287874999849,20.239808,66.281,4
96.21862600099848,20.239808,66.312,4
96.23501026299891,20.162112,66.281,4
96.25168982799914,20.162112,66.343,4
96.2681395949985,19.967872,66.406,4
96.28533859899835,19.890176,66.125,4
96.30237420599951,19.81248,66.343,4
96.319788159999,19.81248,66.312,4
96.3362231430001,19.81248,66.093,4
96.35465376399952,19.890176,66.531,4
96.37113325999962,19.929024000000002,66.406,4
96.38740590199995,19.967872,66.562,4
96.40387550999912,19.967872,66.406,4
96.42088794899973,20.045568,66.187,4
96.43741653399957,20.084416,66.718,4
96.45364888699987,20.162112,66.625,4
96.4695587669994,20.20096,66.531,4
96.48605208699882,20.239808,66.406,4
96.5026382420001,20.239808,66.156,4
96.51988671899926,20.239808,66.718,4
96.53695925600005,20.045568,66.5,4
96.55396439799915,19.967872,66.0,4
96.57106285499867,19.890176,66.156,4
96.58819891299936,19.851328000000002,66.531,4
96.60472295399995,19.890176,66.437,4
96.6214451449996,19.967872,66.125,4
96.63791366499936,20.00672,66.187,4
96.6542313639984,20.00672,66.187,4
96.67131855699881,20.045568,66.656,4
96.688510168,20.045568,66.218,4
96.7068138429986,20.084416,66.281,4
96.72346777499843,20.162112,66.312,4
96.7418332749985,20.20096,66.343,4
96.75938009699894,20.239808,66.5,4
96.77707975499834,20.239808,66.468,4
96.79425687000003,20.20096,66.562,4
96.81122079499983,20.00672,66.062,4
96.82827963499949,19.967872,66.375,4
96.84572738199859,19.806207999999998,66.062,4
96.86296388999835,19.767295999999998,66.031,4
96.87975334699877,19.767295999999998,66.0,4
96.89641966399904,19.845119999999998,65.968,4
96.91288863199952,19.884031999999998,66.375,4
96.92937119999988,19.884031999999998,66.156,4
96.94591805699929,19.890176,66.281,4
96.96242577799967,19.967872,66.25,4
96.97891234599956,20.045568,66.718,4
96.99519218799833,20.084416,66.562,4
97.01092315200003,20.162112,66.562,4
97.02729336399898,20.20096,66.187,4
97.04370140199899,20.20096,66.125,4
97.060924247,20.239808,66.625,4
97.07820341299885,20.045568,66.437,4
97.09532362999926,19.967872,66.187,4
97.11263111699918,19.922944,66.062,4
97.12983456899929,19.884031999999998,66.156,4
97.14621822199842,19.890176,66.187,4
97.16317693199926,19.929024000000002,66.156,4
97.17965466699934,19.967872,66.125,4
97.19605611299994,20.00672,66.125,4
97.21270428599928,20.045568,66.312,4
97.22950324599879,20.084416,66.281,4
97.2460892729996,20.123264,66.312,4
97.26254979299847,20.20096,66.218,4
97.27956261500003,20.239808,66.156,4
97.29552724899986,20.239808,66.656,4
97.31149162699876,20.278655999999998,66.25,4
97.32784862299923,20.278655999999998,66.156,4
97.34481197199966,20.123264,66.343,4
97.36191190099998,20.045568,66.25,4
97.37895541299986,19.929024000000002,66.187,4
97.39617147299941,19.890176,66.187,4
97.41251723699861,19.929024000000002,66.312,4
97.4301925740001,19.967872,66.093,4
97.44713793899973,19.929024000000002,66.156,4
97.46352741699957,19.929024000000002,66.156,4
97.47977871399962,19.929024000000002,66.218,4
97.49603599599868,20.00672,66.218,4
97.51241436899909,20.045568,66.437,4
97.5286527699991,20.084416,66.406,4
97.54501191099916,20.162112,66.25,4
97.5612878489992,20.20096,66.187,4
97.57781515399984,20.239808,66.218,4
97.59432866699899,20.239808,66.312,4
97.61160511299931,20.162112,66.468,4
97.6285651019989,20.00672,66.125,4
97.64555949199894,19.967872,66.125,4
97.66370482599996,19.890176,66.375,4
97.68108991499867,19.851328000000002,66.187,4
97.69760374799989,19.851328000000002,66.312,4
97.715721433,19.890176,66.281,4
97.73315637999985,19.929024000000002,66.125,4
97.75041167299969,19.967872,66.687,4
97.76807744199868,20.045568,66.281,4
97.78604417899987,20.084416,66.25,4
97.8034561479999,20.123264,66.468,4
97.82244672199886,20.20096,66.375,4
97.83967190199837,20.278655999999998,66.562,4
97.85630554599993,20.278655999999998,66.593,4
97.87372733999837,20.278655999999998,66.468,4
97.89085158999842,20.084416,66.281,4
97.90784082799837,20.00672,66.562,4
97.92489672400006,19.890176,66.343,4
97.94196509999892,19.890176,66.156,4
97.95838292999906,19.890176,66.156,4
97.9762750409991,19.929024000000002,66.031,4
97.99256576399966,19.967872,66.562,4
98.00898416999917,19.967872,66.187,4
98.02547960299853,20.045568,66.25,4
98.04217129599965,19.967872,66.156,4
98.05873482599964,20.00672,66.125,4
98.07491146599932,20.084416,66.625,4
98.0909118769996,20.123264,66.468,4
98.1073455149999,20.162112,66.187,4
98.12451869399956,20.20096,66.156,4
98.141526333,20.20096,66.843,4
98.15878124199844,20.084416,66.406,4
98.17581275299926,19.967872,66.062,4
98.19280733499909,19.890176,66.25,4
98.2102737389996,19.851328000000002,66.25,4
98.2266079509991,19.851328000000002,66.25,4
98.2438996289984,19.929024000000002,66.187,4
98.26069599799848,19.929024000000002,66.312,4
98.2771927419999,19.967872,66.281,4
98.29342643899872,20.00672,66.343,4
98.30967607299863,20.045568,66.343,4
98.32612865599913,20.084416,66.343,4
98.34220276399901,20.162112,66.281,4
98.35889957799918,20.20096,66.25,4
98.37528950399974,20.239808,66.781,4
98.39157270599935,20.278655999999998,66.281,4
98.40858754500005,20.278655999999998,66.25,4
98.42565243299941,20.123264,66.375,4
98.44262387799972,20.045568,66.25,4
98.4596637099985,19.929024000000002,65.968,4
98.47691340299934,19.929024000000002,66.25,4
98.49332896099986,19.890176,66.375,4
98.5105152289998,19.967872,66.25,4
98.52723802699984,20.00672,66.25,4
98.54376190799849,20.00672,66.218,4
98.56016680999892,20.045568,66.312,4
98.57640290699965,20.084416,66.562,4
98.59299162199932,20.162112,66.437,4
98.60914314099864,20.20096,66.406,4
98.62597093499971,20.239808,66.281,4
98.6419990259983,20.162112,66.156,4
98.65874464099943,20.162112,66.375,4
98.67605315199944,20.20096,66.281,4
98.69248874299956,20.123264,66.343,4
98.71059145199979,19.890176,66.281,4
98.7279738519992,19.851328000000002,66.25,4
98.74531311600003,19.845119999999998,66.218,4
98.76248559099986,19.845119999999998,66.625,4
98.77882866699838,19.851328000000002,66.437,4
98.79534074000003,19.890176,66.406,4
98.81184970899994,19.890176,66.437,4
98.82846655199864,19.929024000000002,66.187,4
98.8449761289994,19.967872,66.718,4
98.8618371399989,20.045568,66.656,4
98.87815765499909,20.084416,66.468,4
98.89482019599927,20.123264,66.218,4
98.91198956699918,20.123264,66.156,4
98.92863818799924,20.162112,66.593,4
98.94567933100006,20.20096,66.468,4
98.96262808799838,20.162112,66.312,4
98.97996203899856,19.967872,66.093,4
98.99686839499918,19.890176,66.562,4
99.01393769899914,19.851328000000002,66.343,4
99.03302033899854,19.884031999999998,66.437,4
99.0528693999986,19.890176,66.25,4
99.06936345699978,19.929024000000002,66.687,4
99.08649529099966,19.967872,66.625,4
99.10395231799885,20.00672,66.25,4
99.12149030699948,20.045568,66.312,4
99.13911492199986,20.123264,66.437,4
99.15669844900003,20.20096,66.375,4
99.17421915699924,20.278655999999998,66.312,4
99.19129786999838,20.278655999999998,66.531,4
99.20839178299866,20.278655999999998,66.5,4
99.22580234399902,20.278655999999998,66.406,4
99.24278300599872,20.045568,66.656,4
99.26004354799989,19.929024000000002,66.25,4
99.27754358399943,19.884031999999998,66.0,4
99.29499091399884,19.845119999999998,66.156,4
99.31134173499959,19.845119999999998,66.656,4
99.32890228499855,19.922944,66.156,4
99.3454450779991,19.961856,66.218,4
99.36159109299842,19.929024000000002,66.218,4
99.37798383399968,19.967872,66.187,4
99.3943249899985,20.045568,66.718,4
99.41060252899842,20.084416,66.656,4
99.42698867799845,20.162112,66.312,4
99.44398316399929,20.239808,66.25,4
99.4603694089983,20.239808,66.75,4
99.47672723799951,20.239808,66.625,4
99.49322791799932,20.278655999999998,66.531,4
99.51048244399863,20.123264,66.281,4
99.5274973789983,20.045568,66.187,4
99.54447884000001,19.929024000000002,66.406,4
99.56211398399864,19.929024000000002,66.25,4
99.578611465,19.929024000000002,66.218,4
99.59636875599972,19.967872,66.125,4
99.61296959899846,20.00672,66.218,4
99.62936579699999,20.045568,66.312,4
99.64595185500002,20.084416,66.343,4
99.66246098400006,20.123264,66.281,4
99.67884882999897,20.20096,66.312,4
99.69545440899856,20.239808,66.718,4
99.71181940599854,20.239808,66.218,4
99.72820917099853,20.278655999999998,66.25,4
99.74536465399979,20.278655999999998,66.218,4
99.76194050399863,20.317504,66.312,4
99.77907684999991,20.162112,66.5,4
99.79597738199845,20.045568,66.125,4
99.81354964399907,19.967872,66.281,4
99.8309526209996,19.929024000000002,66.468,4
99.84737848399891,19.922944,66.093,4
99.86520908899911,19.884031999999998,66.437,4
99.88175959499858,19.890176,66.25,4
99.89847919299973,19.922944,66.281,4
99.91492332799862,19.890176,66.25,4
99.93146628199975,19.929024000000002,66.656,4
99.94872845600003,19.967872,66.593,4
99.96605511099915,20.045568,66.531,4
99.9832734749998,20.084416,66.187,4
100.00034533899998,20.123264,66.718,4
100.01735889799966,20.162112,66.656,4
100.03430183099954,20.162112,66.25,4
100.05168397599846,20.045568,66.375,4
100.06870380699911,19.929024000000002,66.093,4
100.0856935569991,19.890176,66.125,4
100.10276138900008,19.851328000000002,66.312,4
100.11892973999966,19.851328000000002,66.187,4
100.13577804599845,19.890176,66.125,4
100.1521251539998,19.929024000000002,66.031,4
100.16841174899855,19.967872,66.562,4
100.18468256699998,20.00672,66.25,4
100.20095412099909,20.045568,66.312,4
100.21720637899853,20.084416,66.343,4
100.23362769699997,20.162112,66.781,4
100.25008130399874,20.239808,66.781,4
100.26638383499994,20.278655999999998,66.562,4
100.28258764299972,20.317504,66.25,4
100.29939540399937,20.317504,66.218,4
100.31655683899953,20.239808,66.906,4
100.33356697399904,20.084416,66.437,4
100.35058946099889,20.00672,66.031,4
100.36783838599877,19.967872,66.312,4
100.38423602299918,19.929024000000002,66.218,4
100.40077718499924,19.967872,66.25,4
100.41747771099836,20.045568,66.25,4
100.4340361529994,20.045568,66.218,4
100.45089437899878,19.929024000000002,66.125,4
100.46747995799888,19.967872,66.781,4
100.48385049099852,20.045568,66.281,4
100.50019993499882,20.084416,66.343,4
100.51729195999906,20.162112,66.343,4
100.5340064389984,20.20096,66.281,4
100.55027876099848,20.20096,66.343,4
100.56786503900003,20.239808,66.343,4
100.58494019999853,20.162112,66.5,4
100.60192172499956,19.967872,66.343,4
100.61888001899933,19.929024000000002,66.218,4
100.63701597599902,19.851328000000002,66.718,4
100.6538503619995,19.851328000000002,66.593,4
100.67025251199993,19.890176,66.406,4
100.68888025899832,19.967872,66.125,4
100.70714204399883,19.929024000000002,66.25,4
100.72514513399983,19.967872,66.312,4
100.74280405499849,20.00672,66.531,4
100.7607010619995,20.045568,66.5,4
100.77859298099975,20.123264,66.437,4
100.79505986799995,20.20096,66.75,4
100.81147177799903,20.239808,66.5,4
100.82846578499993,20.239808,66.437,4
100.84549755199987,20.278655999999998,66.437,4
100.86271649199989,20.123264,66.843,4
100.87974409899834,20.045568,66.437,4
100.89617300200007,19.967872,66.031,4
100.91517829499935,19.851328000000002,66.25,4
100.93137653599842,19.851328000000002,66.093,4
100.94802393999998,19.929024000000002,66.5,4
100.96453505299905,19.967872,66.406,4
100.98076500599927,19.967872,66.25,4
100.99700491099975,20.00672,66.25,4
101.01345336599843,20.084416,66.718,4
101.02971170399906,20.123264,66.75,4
101.04585003799912,20.084416,66.531,4
101.06244067299849,20.123264,66.468,4
101.0790226680001,20.162112,66.437,4
101.09498029299903,20.162112,66.625,4
101.11226182799874,20.20096,66.625,4
101.12925756199911,20.123264,66.593,4
101.14622311899984,19.929024000000002,66.187,4
101.16310652999891,19.922944,66.062,4
101.18020969099962,19.845119999999998,66.593,4
101.1972371060001,19.845119999999998,66.5,4
101.21351323699855,19.884031999999998,66.093,4
101.22999618899848,19.922944,66.156,4
101.24620102099834,19.929024000000002,66.718,4
101.26246851099859,19.929024000000002,66.625,4
101.27907706599945,19.967872,66.562,4
101.29573874299967,20.045568,66.312,4
101.31211890799932,20.084416,66.25,4
101.32849036900006,20.162112,66.75,4
101.34444181899926,20.20096,66.687,4
101.3606773399988,20.239808,66.531,4
101.3775132289993,20.278655999999998,66.593,4
101.39458525400005,20.239808,66.375,4
101.41153266699985,20.045568,66.593,4
101.42847659099971,19.967872,66.468,4
101.44545674099936,19.929024000000002,66.281,4
101.46264422499917,19.922944,66.156,4
101.47887532999994,19.929024000000002,66.718,4
101.49527799099997,20.00672,66.593,4
101.51171729399903,20.00672,66.5,4
101.5279842079999,20.00672,66.406,4
101.54432539599838,20.084416,66.343,4
101.56077231499876,20.123264,66.75,4
101.57735738199881,20.162112,66.718,4
101.59372836299917,20.239808,66.656,4
101.6099421229992,20.278655999999998,66.5,4
101.62640229099998,20.317504,66.468,4
101.6426402119996,20.278655999999998,66.187,4
101.6588586129983,20.20096,66.531,4
101.67617349200009,20.045568,66.656,4
101.69355189199996,19.967872,66.156,4
101.71040483899924,19.851328000000002,66.375,4
101.72872707299939,19.806207999999998,66.625,4
101.74562914099988,19.806207999999998,66.187,4
101.76230323399977,19.845119999999998,66.125,4
101.77991530599866,19.890176,66.125,4
101.79611341799864,19.890176,66.625,4
101.81239581999944,19.929024000000002,66.281,4
101.82871054299903,20.00672,66.281,4
101.8452431609985,20.045568,66.25,4
101.86129662899839,20.084416,66.343,4
101.8798719589995,20.162112,66.312,4
101.8962573079989,20.20096,66.312,4
101.91261087999919,20.20096,66.187,4
101.9293279829999,20.20096,66.25,4
101.94656276399837,20.084416,66.468,4
101.96363478799867,19.967872,66.156,4
101.98072860499997,19.890176,66.312,4
101.99799410599917,19.851328000000002,66.5,4
102.0142510679998,19.851328000000002,66.375,4
102.03083818300001,19.890176,66.25,4
102.04736247999972,19.929024000000002,66.25,4
102.06362164999882,19.967872,66.25,4
102.0799022279989,20.00672,66.312,4
102.09610683699975,20.045568,66.437,4
102.1125318989998,20.084416,66.437,4
102.12893033699947,20.123264,66.343,4
102.14575566599888,20.20096,66.25,4
102.16250748999846,20.239808,66.187,4
102.17844680999951,20.239808,66.812,4
102.19490960199983,20.239808,66.343,4
102.21197288999974,20.162112,66.5,4
102.22919909399934,20.00672,66.312,4
102.24632641599965,19.851328000000002,66.062,4
102.26276322299964,19.773632000000003,66.25,4
102.28017852099947,19.773632000000003,66.093,4
102.29667222499847,19.81248,66.312,4
102.31322993100002,19.851328000000002,66.25,4
102.32985087099951,19.890176,66.25,4
102.34627743700003,19.929024000000002,66.312,4
102.36276730200007,19.967872,66.343,4
102.37937374499961,20.00672,66.656,4
102.39595535599983,20.084416,66.562,4
102.41256611899917,20.162112,66.5,4
102.42983581299995,20.20096,66.406,4
102.44609642299838,20.239808,66.281,4
102.46267720099968,20.239808,66.406,4
102.4797440099992,20.239808,66.625,4
102.49681081800009,20.00672,66.312,4
102.51386050499968,19.967872,66.406,4
102.5309336499995,19.929024000000002,66.593,4
102.5481526859985,19.890176,66.406,4
102.56492825399982,19.967872,66.593,4
102.5816132279997,19.967872,66.531,4
102.5980176489993,20.045568,66.5,4
102.61451954599943,20.045568,66.437,4
102.63107497999954,20.084416,66.5,4
102.64770286399835,20.162112,66.812,4
102.66390382399914,20.20096,66.656,4
102.68033384699993,20.278655999999998,66.593,4
102.69676140499905,20.317504,66.5,4
102.71312908999971,20.317504,66.343,4
102.7299254269983,20.278655999999998,66.625,4
102.74715844699858,20.317504,66.656,4
102.76417376599966,20.084416,66.687,4
102.78130230399984,20.00672,66.187,4
102.79858534199957,20.000768,66.687,4
102.81568015099947,19.961856,66.625,4
102.83225484899958,20.000768,66.5,4
102.84900632099925,20.00672,66.093,4
102.86558210699877,20.000768,66.062,4
102.88217779799925,20.000768,66.656,4
102.89864190199842,20.000768,66.5,4
102.91510654899866,20.03968,66.437,4
102.93166310299966,20.045568,66.281,4
102.94778076500006,20.123264,66.281,4
102.96490392699889,20.162112,66.718,4
102.98172298399913,20.20096,66.625,4
102.99852405699858,20.20096,66.281,4
103.0155003029995,20.239808,66.281,4
103.03270065099969,20.084416,66.937,4
103.04977417899863,20.00672,66.25,4
103.06715360399903,19.961856,66.031,4
103.08465015199909,19.922944,66.312,4
103.10105841399854,19.890176,66.343,4
103.11851495999872,19.967872,66.281,4
103.13685738799904,19.967872,66.562,4
103.15457448599955,20.00672,66.531,4
103.172525734999,20.045568,66.312,4
103.19031835499845,20.123264,66.75,4
103.20805980599835,20.162112,66.375,4
103.22559862699927,20.239808,66.375,4
103.2429873000001,20.278655999999998,66.468,4
103.26048538399846,20.317504,66.437,4
103.27819985799943,20.317504,66.75,4
103.29570072599927,20.239808,66.75,4
103.31291899399912,20.084416,66.406,4
103.33011473399893,20.00672,66.062,4
103.3494720059989,19.929024000000002,66.406,4
103.36729886699868,19.929024000000002,66.531,4
103.38653229499869,20.00672,66.375,4
103.40395232899937,20.00672,66.187,4
103.4215501919989,20.045568,66.812,4
103.43897336199916,20.084416,66.343,4
103.45666642699871,20.00672,66.281,4
103.47458333899885,20.045568,66.531,4
103.49290666199886,20.123264,66.843,4
103.51223404399934,20.162112,66.718,4
103.52973228799965,20.20096,66.281,4
103.54771592199904,20.239808,66.281,4
103.56494305399974,20.162112,66.406,4
103.58222093999939,20.00672,66.25,4
103.59949856999992,19.929024000000002,66.125,4
103.61851413599834,19.851328000000002,66.531,4
103.63605737399848,19.851328000000002,66.25,4
103.65402321500005,19.890176,66.656,4
103.67197302299974,19.967872,66.25,4
103.68947622799897,20.00672,66.25,4
103.7068940529989,20.00672,66.437,4
103.72455089399955,20.00672,66.343,4
103.74216715699913,20.084416,66.375,4
103.75992300799953,20.123264,66.656,4
103.7791232189993,20.20096,66.25,4
103.797226056,20.239808,66.218,4
103.81478042999879,20.278655999999998,66.281,4
103.83243477399992,20.239808,66.468,4
103.84965886699865,20.045568,66.437,4
103.86686609499884,19.967872,66.312,4
103.88428904099965,19.929024000000002,66.812,4
103.90316780299872,19.890176,66.5,4
103.92093779899915,19.929024000000002,66.125,4
103.93882846999986,19.967872,66.156,4
103.95635215399852,20.00672,66.375,4
103.97396441799901,20.045568,66.375,4
103.99154739999904,20.084416,66.656,4
104.0094993849998,20.162112,66.593,4
104.02690690599957,20.20096,66.281,4
104.04633336400002,20.239808,66.343,4
104.06467419099863,20.162112,66.187,4
104.08240076099901,20.20096,66.437,4
104.0999934399988,20.20096,66.468,4
104.1174933479997,20.045568,66.843,4
104.13466931099902,19.967872,66.5,4
104.15186242699929,19.845119999999998,66.093,4
104.1716301739998,19.806207999999998,66.25,4
104.19176999499905,19.806207999999998,66.656,4
104.21044628799973,19.884031999999998,66.531,4
104.22847068999909,19.922944,66.093,4
104.246245549999,19.929024000000002,66.25,4
104.2637572019994,19.967872,66.468,4
104.28159071999835,20.045568,66.468,4
104.29925191199982,20.084416,66.593,4
104.31639280199852,20.162112,66.531,4
104.33278653599882,20.20096,66.562,4
104.34960856899852,20.239808,66.406,4
104.36598649400003,20.239808,66.718,4
104.38303906199872,20.123264,66.718,4
104.39993060099914,20.00672,66.406,4
104.41696432099889,19.967872,65.906,4
104.4350437969988,19.890176,66.718,4
104.45185494999896,19.851328000000002,66.625,4
104.4684859379995,19.929024000000002,66.156,4
104.48659907899855,19.967872,66.218,4
104.50305854199905,20.00672,66.75,4
104.51962716099843,20.00672,66.406,4
104.53620147499896,20.084416,66.343,4
104.55269636399862,20.123264,66.406,4
104.568857930999,20.20096,66.312,4
104.5853630269994,20.239808,66.843,4
104.60185410699887,20.317504,66.468,4
104.61923394799851,20.317504,66.312,4
104.63636882199899,20.356351999999998,66.281,4
104.65345454299859,20.123264,66.406,4
104.67057466400001,19.967872,66.25,4
104.68772681900009,19.961856,66.25,4
104.70827189899865,19.845119999999998,66.343,4
104.72842752899851,19.806207999999998,66.312,4
104.74692788099856,19.884031999999998,66.531,4
104.76593768699968,19.922944,66.531,4
104.78349983599946,19.922944,66.218,4
104.80141690799974,19.961856,66.25,4
104.81920776799961,20.03968,66.468,4
104.8373162049993,20.078592,66.406,4
104.85513704999903,20.162112,66.656,4
104.87392518599881,20.20096,66.25,4
104.8918882429989,20.239808,66.812,4
104.90943205599979,20.20096,66.312,4
104.92664801999854,20.123264,66.468,4
104.94379959899925,20.000768,66.187,4
104.9609749859992,19.961856,66.218,4
104.9799198619985,19.884031999999998,66.75,4
104.99766377699962,19.884031999999998,66.562,4
105.0156650429999,19.922944,66.218,4
105.03371984599835,19.961856,66.187,4
105.05112819999886,19.929024000000002,66.75,4
105.06846131999919,19.967872,66.437,4
105.08605998199891,20.045568,66.406,4
105.10358024299967,20.084416,66.5,4
105.12112248799895,20.162112,66.875,4
105.14050449699971,20.239808,66.75,4
105.15824450699984,20.239808,66.375,4
105.17621671599954,20.278655999999998,66.343,4
105.19336263099831,20.20096,66.593,4
105.21051369699853,20.045568,66.25,4
105.22769606099973,19.967872,66.343,4
105.24674692400004,19.890176,66.468,4
105.26525722799852,19.81248,66.25,4
105.28261095599919,19.81248,66.718,4
105.30022568299864,19.890176,66.281,4
105.31766322099975,19.890176,66.187,4
105.3349430269991,19.967872,66.593,4
105.35225880199869,20.00672,66.5,4
105.36985749699852,20.045568,66.468,4
105.38735247699879,20.084416,66.687,4
105.40493081999921,20.162112,66.562,4
105.42269582299923,20.20096,66.25,4
105.439886922999,20.239808,66.781,4
105.45700944399869,20.278655999999998,66.75,4
105.47409414100002,20.084416,66.406,4
105.49107755499972,20.00672,66.25,4
105.50807780099967,19.922944,66.343,4
105.52603148199887,19.922944,66.312,4
105.54237724599989,19.929024000000002,66.312,4
105.55972662199929,19.967872,66.25,4
105.57614931599892,19.967872,66.468,4
105.59262388399839,20.00672,66.343,4
105.6089599199986,20.045568,66.375,4
105.62569417499981,20.123264,66.406,4
105.64206160399954,20.162112,66.375,4
105.65852669899868,20.20096,66.312,4
105.67483716599963,20.278655999999998,66.843,4
105.69098321299862,20.317504,66.343,4
105.70805510899845,20.317504,66.281,4
105.72503263499857,20.278655999999998,66.531,4
105.74233490499864,20.123264,66.562,4
105.75961317499969,20.00672,66.125,4
105.77680856299958,19.961856,66.375,4
105.79436460099896,19.922944,66.562,4
105.8107455979989,19.922944,66.25,4
105.83130047099985,19.967872,66.625,4
105.84789056199952,19.967872,66.156,4
105.86490706399854,19.961856,66.218,4
105.88227279300008,19.961856,66.5,4
105.8998911359995,20.03968,66.437,4
105.91701727399959,20.045568,66.468,4
105.93351155399978,20.084416,66.593,4
105.95156642199981,20.162112,66.562,4
105.96837799099922,20.20096,66.468,4
105.98559552299957,20.20096,66.781,4
106.00294777899944,20.239808,66.718,4
106.01993612099977,20.045568,66.781,4
106.03707851499894,19.967872,66.218,4
106.05434587299897,19.922944,66.718,4
106.07169656099904,19.884031999999998,66.687,4
106.08822869799951,19.890176,66.312,4
106.10543870999936,19.967872,66.156,4
106.12190118199942,19.967872,66.25,4
106.13842061499963,20.00672,66.718,4
106.15497304099881,20.045568,66.75,4
106.17148290499972,20.084416,66.437,4
106.18791417600005,20.162112,66.406,4
106.20424579599967,20.20096,66.343,4
106.2209430899984,20.278655999999998,66.843,4
106.2372705809994,20.317504,66.656,4
106.25371922799968,20.317504,66.343,4
106.27119289599977,20.317504,66.343,4
106.2883287299992,20.084416,67.0,4
106.30542126699947,20.045568,66.281,4
106.3225423799995,19.929024000000002,66.25,4
106.34080579699912,19.961856,66.437,4
106.35845092599993,19.967872,66.375,4
106.37633321199974,20.00672,66.656,4
106.39385216099981,20.045568,66.656,4
106.41146810399914,20.045568,66.343,4
106.42902522999975,20.123264,66.312,4
106.44649092899999,20.162112,66.812,4
106.46284293299868,20.123264,66.312,4
106.4801464839984,20.162112,66.312,4
106.49784236599953,20.20096,66.437,4
106.51495387899922,20.239808,66.531,4
106.53256668599897,20.239808,66.437,4
106.54992774299899,20.162112,66.75,4
106.56698680599948,20.00672,66.406,4
106.58394049099843,19.929024000000002,66.031,4
106.60155566699905,19.922944,66.906,4
106.61792539999988,19.922944,66.687,4
106.63438569499885,19.929024000000002,66.468,4
106.65081082100005,19.967872,66.468,4
106.66725447599856,20.00672,66.375,4
106.68390575299964,20.00672,66.781,4
106.70044268999845,20.084416,66.718,4
106.71747631399921,20.123264,66.593,4
106.73379289299919,20.123264,66.25,4
106.75168394799948,20.162112,66.312,4
106.76737033399877,20.239808,66.75,4
106.78361260699967,20.239808,66.656,4
106.80071970399877,20.278655999999998,66.593,4
106.81710316599856,20.239808,66.656,4
106.83412891699845,20.00672,66.75,4
106.85107648899975,19.967872,66.593,4
106.86912646099881,19.961856,66.406,4
106.8874700719989,19.922944,66.437,4
106.90537283899903,19.929024000000002,66.343,4
106.9231804359988,19.967872,66.687,4
106.94054837299882,19.967872,66.5,4
106.95796194200011,20.00672,66.562,4
106.97581686800004,20.045568,66.375,4
106.99363451299905,20.123264,66.875,4
107.0112350319996,20.20096,66.468,4
107.03035405699848,20.239808,66.687,4
107.04836933899969,20.278655999999998,66.562,4
107.06606397299947,20.162112,66.718,4
107.0836601079991,20.20096,66.718,4
107.1009097369988,20.00672,66.406,4
107.11816765399999,19.929024000000002,66.187,4
107.13534108899876,19.81248,66.468,4
107.15375302299981,19.845119999999998,66.25,4
107.17235225699915,19.890176,66.562,4
107.19049522299974,19.929024000000002,66.468,4
107.20817097599866,19.967872,66.25,4
107.22574077399986,20.00672,66.718,4
107.24334766099855,20.045568,66.531,4
107.26099090099888,20.084416,66.375,4
107.27843007199954,20.162112,66.562,4
107.29798437299905,20.20096,66.875,4
107.31632951999927,20.278655999999998,66.75,4
107.33411276399966,20.278655999999998,66.406,4
107.35184317399944,20.317504,66.5,4
107.36900870499994,20.084416,66.468,4
107.38626854299946,20.00672,66.281,4
107.40345730599984,19.929024000000002,66.718,4
107.42187448799996,19.890176,66.5,4
107.43956550499934,19.929024000000002,66.25,4
107.45756152299873,19.967872,66.718,4
107.47516008999992,20.00672,66.343,4
107.49277244899895,20.045568,66.375,4
107.51043776999904,20.084416,66.656,4
107.52833874499993,20.162112,66.625,4
107.54582790099994,20.20096,66.781,4
107.56397576299969,20.278655999999998,66.718,4
107.58136171599836,20.317504,66.625,4
107.59864616199957,20.317504,66.437,4
107.6161298779989,20.317504,66.843,4
107.63334001799922,20.123264,66.562,4
107.65059047899922,20.045568,66.187,4
107.66798823999852,19.890176,66.25,4
107.6866398279999,19.851328000000002,66.437,4
107.70601773999988,19.890176,66.593,4
107.72503368999969,19.929024000000002,66.25,4
107.74284439099938,19.929024000000002,66.406,4
107.76050503999977,19.929024000000002,66.375,4
107.7782686669998,19.967872,66.781,4
107.79600016599943,20.045568,66.718,4
107.81374647999837,20.084416,66.437,4
107.83253007199892,20.162112,66.343,4
107.84996610599956,20.239808,66.406,4
107.86719567099863,20.239808,66.375,4
107.88457400799962,20.239808,66.687,4
107.90240042099867,20.162112,66.718,4
107.91966758699891,20.00672,66.25,4
107.93730336999943,19.929024000000002,66.375,4
107.95683379899856,19.851328000000002,66.406,4
107.97450721599853,19.851328000000002,66.468,4
107.99389133599834,19.890176,66.312,4
108.01122995999867,19.929024000000002,66.687,4
108.02885214299931,20.00672,66.656,4
108.04659576999984,20.00672,66.437,4
108.06485957099903,20.045568,66.437,4
108.08271433699883,20.123264,66.5,4
108.10096274599891,20.20096,66.375,4
108.1184052439985,20.239808,66.593,4
108.13556415099993,20.239808,66.468,4
108.15296645699891,20.278655999999998,66.812,4
108.17031311199935,20.20096,66.843,4
108.18748085099833,20.00672,66.531,4
108.2048007859994,19.967872,66.031,4
108.22334510699875,19.890176,66.437,4
108.24076149299981,19.890176,66.375,4
108.25973584199892,19.851328000000002,66.406,4
108.27728333599953,19.890176,66.468,4
108.29456394199951,19.890176,66.375,4
108.31229835199883,19.929024000000002,66.812,4
108.33000898599857,19.967872,66.5,4
108.34808913399866,20.045568,66.437,4
108.36606998399839,20.123264,66.562,4
108.38408024199998,20.162112,66.531,4
108.40187471799982,20.20096,66.718,4
108.41910130699944,20.20096,66.656,4
108.43649068400009,20.20096,66.718,4
108.45369621600003,20.00672,66.25,4
108.47100229499847,19.929024000000002,66.75,4
108.48840568800006,19.851328000000002,66.437,4
108.50685842199891,19.851328000000002,66.25,4
108.524676387,19.890176,66.437,4
108.54264043599869,19.967872,66.406,4
108.55993470699832,19.967872,66.718,4
108.57736702900002,20.00672,66.656,4
108.59489768999993,20.045568,66.468,4
108.61302619099843,20.123264,66.406,4
108.63088070099911,20.20096,66.625,4
108.64855216599972,20.278655999999998,66.531,4
108.6659310469986,20.317504,66.718,4
108.68347165999876,20.317504,66.593,4
108.70091835099993,20.317504,66.906,4
108.71838372999991,20.123264,66.781,4
108.73630208199938,20.00672,66.562,4
108.75351289399987,19.890176,66.187,4
108.77210723200005,19.851328000000002,66.343,4
108.78985863499838,19.890176,66.531,4
108.80875080599981,19.967872,66.531,4
108.82611851799993,19.967872,66.5,4
108.84369519699976,20.00672,66.343,4
108.86097129099835,20.00672,66.75,4
108.87837813999977,19.967872,66.375,4
108.89626353099993,20.045568,66.625,4
108.9156973479985,20.123264,66.593,4
108.93416473899924,20.123264,66.781,4
108.9522218789989,20.162112,66.687,4
108.96981884599882,20.162112,66.406,4
108.98749159099862,20.045568,66.531,4
109.0047462120001,19.929024000000002,66.375,4
109.02213526899868,19.890176,66.187,4
109.04102747199977,19.81248,66.687,4
109.05843243299933,19.81248,66.218,4
109.07784375399933,19.890176,66.218,4
109.0953694869986,19.929024000000002,66.406,4
109.11293435699918,19.967872,66.468,4
109.13093130299967,20.00672,66.593,4
109.14914546999898,20.045568,66.625,4
109.16688464899926,20.084416,66.875,4
109.18681745699905,20.162112,66.406,4
109.20556946299985,20.20096,66.656,4
109.2235242959996,20.239808,66.531,4
109.2410725259997,20.239808,66.906,4
109.25836023599913,20.084416,66.937,4
109.27554957499888,20.00672,66.562,4
109.29298084099901,19.929024000000002,66.218,4
109.3116362059991,19.890176,66.375,4
109.32935813599943,19.929024000000002,66.343,4
109.34785471099894,19.967872,66.593,4
109.36536309999974,20.00672,66.468,4
109.38295427399862,20.00672,66.312,4
109.40075211099975,20.084416,66.906,4
109.41849407399968,20.123264,66.5,4
109.43602268699942,20.20096,66.5,4
109.45484560699879,20.239808,66.468,4
109.47352375599985,20.20096,66.75,4
109.49096753499907,20.20096,66.75,4
109.5085533649999,20.20096,66.406,4
109.52623241399851,20.084416,66.531,4
109.54336747999878,19.967872,66.187,4
109.56057227599922,19.929024000000002,66.218,4
109.57953027199983,19.890176,66.625,4
109.59702669199942,19.890176,66.25,4
109.61675334999927,19.929024000000002,66.25,4
109.6343710860001,19.967872,66.812,4
109.65190830699976,19.967872,66.437,4
109.67014961099994,20.00672,66.687,4
109.6881476769995,20.045568,66.562,4
109.70585904699874,20.123264,66.812,4
109.72650118599995,20.162112,66.437,4
109.74501472199881,20.162112,66.593,4
109.7628056149988,20.162112,66.531,4
109.78013812599966,20.162112,66.5,4
109.79764177799916,20.084416,66.843,4
109.81484138999986,19.929024000000002,66.5,4
109.8321154360001,19.890176,66.156,4
109.85132831899864,19.851328000000002,66.5,4
109.86880304299848,19.851328000000002,66.437,4
109.88841670500005,19.929024000000002,66.625,4
109.90603748099966,19.929024000000002,66.562,4
109.92352561299958,19.967872,66.25,4
109.94117323699902,20.00672,66.812,4
109.95892857599938,20.045568,66.562,4
109.97660420099965,20.123264,66.468,4
109.99470450999979,20.20096,66.656,4
110.0130712579994,20.239808,66.906,4
110.03037733699966,20.239808,66.781,4
110.04841485999896,20.278655999999998,66.718,4
110.06606030799958,20.123264,66.468,4
110.08324081499995,19.890176,66.25,4
110.10044817099879,19.851328000000002,66.218,4
110.1202824159991,19.806207999999998,66.781,4
110.13776747499833,19.806207999999998,66.656,4
110.15578966999965,19.845119999999998,66.25,4
110.17353470499984,19.851328000000002,66.781,4
110.19082068699936,19.890176,66.375,4
110.20860613900004,19.929024000000002,66.343,4
110.22663770999861,20.00672,66.687,4
110.2444830989989,20.045568,66.562,4
110.26219286899868,20.123264,66.843,4
110.28102673399917,20.20096,66.437,4
110.29884197899992,20.239808,66.406,4
110.3165088679998,20.278655999999998,66.531,4
110.3338686119987,20.20096,66.718,4
110.3510182709997,20.00672,66.375,4
110.36832578899885,19.929024000000002,66.468,4
110.38671493799848,19.929024000000002,66.625,4
110.4042514549983,19.890176,66.843,4
110.4223414600001,19.929024000000002,66.718,4
110.44004335699901,19.967872,66.343,4
110.45731273099955,20.00672,66.375,4
110.47486630499952,20.045568,66.687,4
110.4922453449999,20.084416,66.562,4
110.51002714899914,20.162112,66.812,4
110.52777128799971,20.20096,66.781,4
110.54623234299834,20.278655999999998,66.375,4
110.56464289999894,20.317504,66.843,4
110.58205682199878,20.356351999999998,66.437,4
110.59953295299965,20.278655999999998,66.593,4
110.6166895239985,20.084416,66.5,4
110.63388094399852,20.00672,66.375,4
110.65195728399885,19.967872,66.75,4
110.66998920599872,19.922944,66.562,4
110.6877326089998,19.961856,66.218,4
110.70556206299989,19.967872,66.25,4
110.72335794699939,20.00672,66.343,4
110.74155406599857,20.00672,66.375,4
110.75926722799886,20.00672,66.625,4
110.77698819799843,20.084416,66.656,4
110.79473144099939,20.123264,66.843,4
110.81240620199969,20.20096,66.718,4
110.83019325399982,20.239808,66.343,4
110.84769360999962,20.239808,66.343,4
110.8649695439999,20.278655999999998,66.562,4
110.88234237699908,20.123264,66.656,4
110.89954006900007,20.00672,66.187,4
110.91672841599939,19.929024000000002,66.468,4
110.93554400899848,19.890176,66.187,4
110.95326885099894,19.851328000000002,66.75,4
110.97255450400007,19.890176,66.343,4
110.99010369399912,19.929024000000002,66.375,4
111.00768821199927,19.967872,66.531,4
111.02585277899925,20.00672,66.843,4
111.04394982399936,20.045568,66.875,4
111.0617235310001,20.123264,66.468,4
111.07980870399842,20.162112,66.406,4
111.0984275869996,20.239808,66.593,4
111.1160714029993,20.278655999999998,66.531,4
111.1335918549994,20.278655999999998,66.687,4
111.15101790500012,20.123264,66.812,4
111.16831521599852,20.045568,66.281,4
111.18549540299864,19.929024000000002,66.5,4
111.20394612199925,19.890176,66.375,4
111.22152382399872,19.890176,66.593,4
111.2408267259998,19.967872,66.5,4
111.25840692399834,20.00672,66.656,4
111.27591019200008,19.929024000000002,66.593,4
111.29348594299881,19.929024000000002,66.687,4
111.31117103999895,20.00672,66.437,4
111.3288107599983,20.045568,66.593,4
111.34752097299861,20.123264,66.531,4
111.36522021499877,20.162112,66.781,4
111.382603095999,20.20096,66.656,4
111.40016412599834,20.239808,66.562,4
111.41741714699856,20.162112,67.031,4
111.43461970299904,19.967872,66.718,4
111.4518322749991,19.890176,66.218,4
111.47070943699873,19.611648000000002,65.75,4
111.48789999299879,19.222527999999997,65.593,4
111.50501348999933,18.794496,65.375,4
111.52226577500005,18.396672,65.343,4
111.53930525499891,18.006912,65.312,4
111.55637478299832,17.656128,65.281,4
111.57346859999961,17.333759999999998,65.187,4
111.59055067199915,16.982400000000002,65.281,4
111.6081016219996,16.631040000000002,65.125,4
111.62601206899853,16.306368,64.875,4
111.64343424699837,15.954432,65.125,4
111.69775037399995,15.236352,65.0,5
111.71434628899988,15.001344,64.937,5
111.73269655699914,14.805504,65.062,5
111.74902436799857,14.648832,64.968,5
111.76538571699894,14.452992,64.937,5
111.7817241849989,14.280448,64.812,5
111.79804204399989,14.123520000000001,64.75,5
111.81434451099994,13.92736,64.687,5
111.83063385799869,13.770432000000001,64.562,5
111.84689402000004,13.574272,64.75,5
111.86308086799909,13.456575999999998,64.562,5
111.87947636099852,13.36064,64.562,5
111.89658640199923,13.282048000000001,64.781,5
111.91652506599894,13.378112,65.25,5
111.93372918999921,13.574272,65.0,5
111.95240375499998,13.848896,65.156,5
111.96918338699834,14.162752000000001,65.375,5
111.98575302899917,14.437376,65.437,5
112.00250488499842,14.688,65.656,5
112.01878760699947,15.001344,65.656,5
112.03517311599899,15.27552,66.25,5
112.05175488699933,15.510528,65.875,5
112.0690332209997,15.798016,65.812,5
112.08652663299836,16.071744,65.812,5
112.10266163899905,16.267264,65.812,5
112.11847714899886,16.462784,66.187,5
112.13480918499954,16.697408,65.937,5
112.15102755299995,16.697408,66.062,5
112.1679384529998,16.74816,65.75,5
112.18501402899892,16.86528,65.906,5
112.2029951989989,17.02144,66.031,5
112.21930124999926,17.138560000000002,65.937,5
112.23576125699947,17.333759999999998,65.812,5
112.25258213899906,17.45088,66.031,5
112.26900720099911,17.568,66.093,5
112.28559652399963,17.72416,66.125,5
112.30180221999944,17.812032,66.187,5
112.31809707100001,17.967936,66.187,5
112.33424929399916,18.12384,66.125,5
112.35118227399835,18.240768,66.218,5
112.36795832200005,18.357696,66.125,5
112.38452137199965,18.474624,66.156,5
112.40124461899904,18.552576000000002,66.187,5
112.41842326999904,18.474624,66.375,5
112.43554425599905,18.435648,66.062,5
112.45246293199853,18.435648,66.281,5
112.47044118899976,18.435648,66.312,5
112.48682897099934,18.435648,66.281,5
112.50472514600006,18.552576000000002,66.468,5
112.52123632199982,18.630527999999998,66.375,5
112.5376273039983,18.708479999999998,66.375,5
112.55404359799832,18.825408,66.437,5
112.5704635080001,18.90336,66.312,5
112.5868895629992,18.950144,66.312,5
112.60340189099952,19.06688,66.531,5
112.61995828499857,19.183616,66.437,5
112.63625473599859,19.26144,66.312,5
112.65226193099988,19.300352,66.312,5
112.66834995999852,19.378176,66.25,5
112.68542614499893,19.339264,66.281,5
112.70194746599918,19.183616,66.343,5
112.7190142419986,19.183616,66.218,5
112.7371716079997,19.144704,66.625,5
112.75445634199968,19.144704,66.437,5
112.77112832300008,19.183616,66.25,5
112.78764839599899,19.26144,66.187,5
112.80460041699916,19.300352,66.093,5
112.82149893299902,19.339264,66.656,5
112.83809721599937,19.417088,66.593,5
112.85478954999962,19.494912,66.562,5
112.87128885399943,19.572736,66.468,5
112.88785510399975,19.650560000000002,66.75,5
112.90431091999926,19.728384,66.593,5
112.91989611899953,19.767295999999998,66.593,5
112.93609503099833,19.806207999999998,66.531,5
112.95299562599939,19.806207999999998,66.375,5
112.97018566999941,19.650560000000002,66.812,5
112.98724345399933,19.572736,66.531,5
113.00425793999966,19.494912,66.406,5
113.02138522999849,19.494912,66.062,5
113.03790203899916,19.533824,66.125,5
113.05441423999946,19.611648000000002,66.593,5
113.0710997899987,19.572736,66.406,5
113.08762344699971,19.611648000000002,66.406,5
113.10416569599874,19.650560000000002,66.218,5
113.12079085999903,19.728384,66.75,5
113.13721477099898,19.806207999999998,66.718,5
113.15359330399951,19.845119999999998,66.625,5
113.17055799699847,19.890176,66.562,5
113.18659888899856,19.929024000000002,66.406,5
113.20264246799888,19.967872,66.437,5
113.21857474899844,20.00672,66.718,5
113.23504416499964,19.890176,66.718,5
113.25129955899865,19.806207999999998,66.375,5
113.26829769299911,19.767295999999998,66.0,5
113.28657550999924,19.689472000000002,66.718,5
113.30383246800011,19.689472000000002,66.531,5
113.32066906199907,19.767295999999998,66.218,5
113.33937277899895,19.806207999999998,66.187,5
113.35602469599871,19.845119999999998,66.812,5
113.37242041299942,19.851328000000002,66.375,5
113.38878499399834,19.890176,66.437,5
113.405356715999,19.967872,66.437,5
113.4218521169987,20.00672,66.343,5
113.43880810599876,20.084416,66.468,5
113.45545131799918,20.123264,66.312,5
113.47254132699891,20.162112,66.312,5
113.4891398339987,20.162112,66.312,5
113.5061775209997,20.00672,66.625,5
113.52325236199977,19.929024000000002,66.187,5
113.54022259099838,19.851328000000002,66.125,5
113.5577132189992,19.81248,66.562,5
113.57485782099866,19.81248,66.406,5
113.59151562599982,19.851328000000002,66.343,5
113.6086870449999,19.890176,66.593,5
113.62513453999964,19.929024000000002,66.593,5
113.64131895599894,19.967872,66.531,5
113.6575922059983,20.00672,66.5,5
113.67452691399922,20.00672,66.406,5
113.69077462799942,20.00672,66.312,5
113.70736881499943,20.084416,66.5,5
113.72351143699962,20.123264,66.468,5
113.73996504499883,20.123264,66.375,5
113.75674205299947,20.123264,66.312,5
113.7731231459984,20.084416,66.437,5
113.7901814099987,19.851328000000002,66.406,5
113.80712373499955,19.845119999999998,66.312,5
113.82457679299841,19.728384,66.718,5
113.84328991899929,19.689472000000002,66.437,5
113.86112452399902,19.767295999999998,66.187,5
113.8779688300001,19.806207999999998,66.125,5
113.89541750499848,19.851328000000002,66.343,5
113.9134147069999,19.890176,66.437,5
113.93112575699888,19.929024000000002,66.687,5
113.94834303299831,19.967872,66.625,5
113.9662404239989,20.00672,66.281,5
113.98415547999866,20.084416,66.75,5
114.00210637599957,20.123264,66.406,5
114.01946282499921,20.162112,66.343,5
114.03647017499861,20.20096,66.312,5
114.05385987199952,20.045568,66.656,5
114.07129187399914,19.967872,66.343,5
114.0882850479993,19.922944,66.125,5
114.1053051989984,19.851328000000002,66.5,5
114.12164901100004,19.851328000000002,66.437,5
114.13896011399993,19.929024000000002,66.343,5
114.15554143699956,19.929024000000002,66.312,5
114.17207136599973,19.967872,66.406,5
114.18830189499931,20.00672,66.593,5
114.20463581900003,20.045568,66.593,5
114.22104587299873,20.084416,66.468,5
114.23728929799836,20.162112,66.437,5
114.25403680199997,20.20096,66.375,5
114.27029200299876,20.162112,66.218,5
114.28607327200007,20.162112,66.781,5
114.30211653199876,20.20096,66.718,5
114.3184445349998,20.123264,66.5,5
114.33549959899938,19.967872,66.187,5
114.35252720599965,19.890176,66.25,5
114.37041243699969,19.851328000000002,66.531,5
114.38714349199836,19.81248,66.375,5
114.40349495199916,19.890176,66.281,5
114.42035202599982,19.929024000000002,66.437,5
114.43704557599995,19.929024000000002,66.406,5
114.45360020999942,19.967872,66.406,5
114.46995771899856,20.00672,66.531,5
114.48640799799978,20.084416,66.437,5
114.50323873499838,20.123264,66.593,5
114.52061911999954,20.20096,66.531,5
114.53749075499945,20.239808,66.437,5
114.5539941549996,20.278655999999998,66.656,5
114.57110710899906,20.278655999999998,66.593,5
114.58831308899971,20.20096,66.687,5
114.60532971999965,20.045568,66.593,5
114.62239511999906,19.967872,66.406,5
114.63989144399966,19.929024000000002,66.75,5
114.65640591699957,19.890176,66.5,5
114.6731014500001,19.929024000000002,66.781,5
114.6895907069993,20.00672,66.625,5
114.70591208599944,20.00672,66.687,5
114.72259833999851,20.045568,66.656,5
114.74011063199941,20.084416,66.312,5
114.75657444799981,20.123264,66.937,5
114.7730015899997,20.123264,66.718,5
114.78905460999886,20.20096,66.625,5
114.80551103299877,20.239808,66.625,5
114.82177618700007,20.278655999999998,66.531,5
114.83846320900011,20.317504,66.718,5
114.8559240759987,20.239808,66.781,5
114.87317476099997,20.00672,66.593,5
114.89004037999985,19.890176,66.156,5
114.90717512599986,19.81248,66.625,5
114.924273102999,19.773632000000003,66.687,5
114.94080834399938,19.81248,66.187,5
114.9576202649987,19.851328000000002,66.25,5
114.97405979199903,19.851328000000002,66.218,5
114.99025073599842,19.890176,66.718,5
115.00675179999962,19.929024000000002,66.718,5
115.02313110099931,19.967872,66.625,5
115.03952438699889,20.045568,66.375,5
115.05584621399976,20.123264,66.468,5
115.07358190499872,20.162112,66.812,5
115.090172188,20.20096,66.718,5
115.10621266399903,20.239808,66.656,5
115.12236360599854,20.239808,66.406,5
115.13927242599857,20.084416,67.0,5
115.15624495999873,20.00672,66.625,5
115.17330632799894,19.929024000000002,66.343,5
115.19105088299875,19.890176,66.281,5
115.20757828399837,19.929024000000002,66.468,5
115.22584448499947,19.967872,66.406,5
115.24236276599913,20.00672,66.343,5
115.25907103600002,20.045568,66.437,5
115.2757070159987,20.084416,66.562,5
115.29241541499869,20.123264,66.656,5
115.30882975699933,20.162112,66.625,5
115.32525472299858,20.239808,66.5,5
115.342055187999,20.317504,66.437,5
115.35848629799875,20.356351999999998,66.562,5
115.37475801299843,20.356351999999998,66.562,5
115.39212044499982,20.356351999999998,66.593,5
115.40876999299871,20.162112,66.593,5
115.42584304199954,20.084416,66.468,5
115.44279343099879,20.00672,66.5,5
115.45989000000009,20.00672,66.437,5
115.47741227599909,20.000768,66.562,5
115.4938637389987,19.967872,66.531,5
115.51021622400003,20.00672,66.5,5
115.52657792399987,20.00672,66.562,5
115.54299127400009,20.045568,66.5,5
115.55917140199927,20.084416,66.5,5
115.57555310299904,20.162112,66.687,5
115.59164455599966,20.20096,66.625,5
115.60884423199968,20.239808,66.562,5
115.62548088399853,20.278655999999998,66.5,5
115.64192610699865,20.317504,66.625,5
115.65891662499962,20.317504,66.718,5
115.6761122049993,20.162112,66.718,5
115.69307644999935,20.084416,66.75,5
115.71011964199897,19.967872,66.531,5
115.72753973999897,19.929024000000002,66.687,5
115.74435063700003,19.929024000000002,66.281,5
115.76189614599934,20.00672,66.656,5
115.77836168999966,20.00672,66.625,5
115.79445291899901,20.00672,66.593,5
115.81075944999975,20.045568,66.562,5
115.82703868399949,20.084416,66.593,5
115.84332396699938,20.123264,66.937,5
115.85969520399885,20.20096,66.812,5
115.87661832799859,20.239808,66.687,5
115.89332522199948,20.317504,66.531,5
115.9096838179994,20.317504,66.906,5
115.9268649659989,20.317504,66.781,5
115.94420602099854,20.20096,66.875,5
115.96128038200004,20.084416,66.218,5
115.97826123499908,19.967872,66.125,5
115.99651188399912,19.929024000000002,66.625,5
116.01359168499948,19.929024000000002,66.312,5
116.0305298809999,19.967872,66.25,5
116.04702464199909,20.00672,66.312,5
116.06330157199955,20.045568,66.437,5
116.08226398399893,19.929024000000002,66.375,5
116.09866194200004,19.967872,66.343,5
116.11482933299885,20.045568,66.406,5
116.1312588439996,20.084416,66.593,5
116.14871516699895,20.162112,66.593,5
116.16470104899963,20.20096,66.468,5
116.18071477199919,20.20096,66.5,5
116.19736313699832,20.239808,66.375,5
116.21355068799858,20.162112,66.718,5
116.23056408699995,19.967872,66.406,5
116.24758606199975,19.929024000000002,66.343,5
116.26545705199896,19.851328000000002,66.781,5
116.28245800299919,19.851328000000002,66.593,5
116.29881202299839,19.890176,66.375,5
116.31702103899988,19.967872,66.718,5
116.3333612030001,19.967872,66.656,5
116.34989986799883,19.967872,66.656,5
116.3663681959988,20.045568,66.687,5
116.3825328669991,20.084416,66.656,5
116.39898020199871,20.162112,66.781,5
116.41529754899966,20.20096,66.75,5
116.43163940899831,20.239808,66.656,5
116.44822140399992,20.278655999999998,66.593,5
116.46547989699866,20.278655999999998,66.812,5
116.48245908699937,20.20096,66.781,5
116.49946589399951,20.045568,66.468,5
116.516478395999,19.967872,66.062,5
116.53373215399915,19.890176,66.906,5
116.5506445889987,19.890176,66.781,5
116.5668489740001,19.929024000000002,66.687,5
116.58493548999832,20.00672,66.312,5
116.60136330399837,20.00672,66.312,5
116.61792625899943,20.045568,66.906,5
116.63442194699928,20.084416,66.843,5
116.65077599899996,20.162112,66.781,5
116.6671203879996,20.20096,66.343,5
116.68442275399866,20.162112,66.25,5
116.7004405409989,20.162112,66.875,5
116.71650712999872,20.20096,66.75,5
116.73261599099897,20.239808,66.687,5
116.74954708399855,20.239808,66.468,5
116.76639875000001,20.00672,66.937,5
116.78361839399986,19.929024000000002,66.625,5
116.80168782199871,19.845119999999998,66.25,5
116.81895585199891,19.845119999999998,66.343,5
116.83606179699927,19.81248,66.312,5
116.85269601699838,19.851328000000002,66.375,5
116.86903992499902,19.890176,66.437,5
116.88526469399949,19.929024000000002,66.437,5
116.90301811299832,20.00672,66.468,5
116.91984965099982,20.045568,66.562,5
116.93620437499885,20.084416,66.562,5
116.95268451099946,20.162112,66.5,5
116.97001887899933,20.20096,66.437,5
116.98629180899843,20.239808,66.406,5
117.00240358299925,20.239808,66.531,5
117.01879021199966,20.278655999999998,66.468,5
117.0355129139989,20.084416,66.656,5
117.05248019999999,20.00672,66.25,5
117.06945138899937,19.929024000000002,66.437,5
117.08669311399899,19.890176,66.562,5
117.10399058499934,19.890176,66.468,5
117.1206353969992,19.929024000000002,66.593,5
117.13699280999936,20.00672,66.562,5
117.15331178899942,20.045568,66.531,5
117.16979592499956,20.045568,66.531,5
117.1864214090001,20.123264,66.531,5
117.20318033699914,20.162112,66.718,5
117.21968226499848,20.239808,66.718,5
117.23680587499985,20.278655999999998,66.562,5
117.25262820099852,20.317504,66.593,5
117.26844204599911,20.317504,66.437,5
117.28494064599909,20.239808,66.343,5
117.3013652289992,20.123264,66.687,5
117.31821990299977,19.967872,66.406,5
117.33520600499833,19.929024000000002,66.375,5
117.35362078599974,19.851328000000002,66.718,5
117.37145030399915,19.851328000000002,66.593,5
117.38822334399993,19.890176,66.843,5
117.40628573100003,19.967872,66.718,5
117.42294375999882,19.967872,66.718,5
117.43933598999865,20.00672,66.625,5
117.45582662199922,20.084416,66.531,5
117.47239885599993,20.123264,66.906,5
117.48849290099861,20.162112,66.812,5
117.50482048899903,20.239808,66.75,5
117.52183392000006,20.278655999999998,66.687,5
117.53852318099962,20.278655999999998,66.312,5
117.55571626499841,20.317504,66.812,5
117.57310077799957,20.162112,66.687,5
117.59018733099947,20.045568,66.312,5
117.60715701599838,19.967872,66.156,5
117.6249812850001,19.929024000000002,66.5,5
117.64205727699846,19.890176,66.437,5
117.6591320539992,19.967872,66.312,5
117.67584854799861,20.00672,66.468,5
117.69229725900004,20.045568,66.531,5
117.70861668699945,20.084416,66.593,5
117.72491489799904,20.123264,66.562,5
117.74140232999889,20.162112,66.562,5
117.75832330999947,20.20096,66.687,5
117.77576311999837,20.239808,66.562,5
117.79203540999879,20.239808,66.531,5
117.80874688099902,20.239808,66.406,5
117.82572834199891,20.278655999999998,66.718,5
117.8430388050001,20.162112,66.718,5
117.85991392799951,20.00672,66.375,5
117.8769398709992,19.967872,66.5,5
117.89591601199936,19.81248,66.437,5
117.9133830869996,19.773632000000003,66.375,5
117.93072254299841,19.81248,66.75,5
117.94793639499949,19.890176,66.687,5
117.96431828799905,19.890176,66.25,5
117.98097910099932,19.890176,66.406,5
117.99733891399956,19.929024000000002,66.468,5
118.01357469100003,20.00672,66.906,5
118.03003351400002,20.00672,66.812,5
118.04676264899899,20.084416,66.593,5
118.06301180199989,20.123264,66.5,5
118.0794279369984,20.123264,66.5,5
118.09601969100004,20.162112,66.875,5
118.11303958600001,20.123264,66.906,5
118.13000610399831,19.929024000000002,66.312,5
118.14697412499845,19.851328000000002,66.281,5
118.1639814759983,19.851328000000002,66.687,5
118.18138970099972,19.851328000000002,66.531,5
118.19788647699897,19.890176,66.281,5
118.21443736699985,19.929024000000002,66.281,5
118.2310071060001,19.967872,66.25,5
118.24744695199843,20.00672,66.562,5
118.26392379199933,20.045568,66.625,5
118.28049148299942,20.084416,66.562,5
118.29673948399977,20.162112,66.468,5
118.3129751969991,20.20096,66.437,5
118.32933580999998,20.239808,66.937,5
118.34495220999997,20.278655999999998,66.75,5
118.36065593999956,20.278655999999998,66.75,5
118.37736273799965,20.278655999999998,66.781,5
118.39390965999883,20.084416,66.968,5
118.41101198899923,20.00672,66.718,5
118.42791853699964,19.967872,66.718,5
118.4449869129985,19.929024000000002,66.343,5
118.46154151499832,19.967872,66.406,5
118.47814638999989,20.00672,66.812,5
118.49456217199986,20.045568,66.75,5
118.51089337599842,20.084416,66.718,5
118.52746279499843,20.084416,66.437,5
118.54400888399869,20.123264,66.5,5
118.56035304799843,20.20096,66.968,5
118.5769882609984,20.239808,66.875,5
118.59389995999845,20.317504,66.75,5
118.61053536500003,20.317504,66.468,5
118.62651180699868,20.356351999999998,66.937,5
118.64364648899937,20.356351999999998,66.968,5
118.66008419099853,20.162112,66.968,5
118.67714085499938,20.084416,66.343,5
118.69412586899853,19.967872,66.437,5
118.71103571299864,19.967872,66.875,5
118.72761831599928,20.00672,66.812,5
118.74430581699926,20.045568,66.406,5
118.76133035199928,20.084416,66.406,5
118.77837312799966,20.123264,66.406,5
118.79482535899842,20.123264,66.968,5
118.81141045699951,20.123264,66.531,5
118.82791824199921,20.162112,66.531,5
118.84417849999954,20.20096,66.562,5
118.8611426489988,20.278655999999998,66.468,5
118.87695364699903,20.278655999999998,66.875,5
118.89321857699906,20.317504,66.75,5
118.90962933499941,20.317504,66.437,5
118.92692088500007,20.162112,66.656,5
118.9440771669997,20.084416,66.75,5
118.9611862490001,20.00672,66.281,5
118.97921925999981,19.929024000000002,66.562,5
118.99669932699908,19.929024000000002,66.562,5
119.01322768799946,20.00672,66.468,5
119.0300821389992,20.00672,66.468,5
119.04653363399848,20.045568,66.437,5
119.06301188199905,20.084416,66.562,5
119.07944599999973,20.123264,66.718,5
119.09588088700002,20.162112,66.718,5
119.11203528599981,20.20096,66.593,5
119.1293157,20.239808,66.468,5
119.14577346699843,20.317504,66.5,5
119.16202649299885,20.317504,66.656,5
119.17830998299905,20.317504,66.687,5
119.1953077649996,20.20096,66.718,5
119.21230807599932,20.084416,66.312,5
119.22954551199837,20.00672,66.343,5
119.2475998359987,19.929024000000002,66.875,5
119.26499135699851,19.929024000000002,66.812,5
119.28217685599884,19.967872,66.718,5
119.29922900800011,20.00672,66.656,5
119.31548881799972,20.045568,66.625,5
119.33163544099989,20.084416,66.937,5
119.34810325599938,20.123264,66.906,5
119.3645939199996,20.162112,66.781,5
119.38093046799986,20.239808,66.781,5
119.39787224899919,20.278655999999998,66.656,5
119.41374337599882,20.317504,66.656,5
119.42979674799972,20.317504,66.531,5
119.44591889000003,20.356351999999998,66.718,5
119.46225178999885,20.20096,66.843,5
119.47874312599924,20.084416,66.468,5
119.49573012399924,20.00672,66.656,5
119.51378147099967,19.929024000000002,66.937,5
119.53073976399901,19.929024000000002,66.687,5
119.54746928299937,20.00672,66.343,5
119.56494570299947,20.045568,66.906,5
119.58153982599833,20.084416,66.812,5
119.5980365059986,20.084416,66.75,5
119.61460387599982,20.123264,66.843,5
119.63099501799843,20.20096,66.718,5
119.64715757699923,20.239808,67.031,5
119.66435136399923,20.317504,66.812,5
119.68061082199893,20.356351999999998,66.75,5
119.6968883289992,20.356351999999998,66.75,5
119.71330503899844,20.356351999999998,66.937,5
119.73024211499978,20.239808,67.0,5
119.74724063299982,20.123264,66.718,5
119.76546958600011,20.045568,66.281,5
119.78440623799906,19.967872,66.531,5
119.80335268199997,19.929024000000002,66.75,5
119.82215960199937,19.967872,66.625,5
119.84032099999968,20.00672,66.343,5
119.85805256299864,20.045568,66.375,5
119.87590259299941,20.084416,66.625,5
119.89376795099997,20.123264,66.906,5
119.91148156099916,20.20096,66.781,5
119.9301787179993,20.278655999999998,66.468,5
119.94762208099928,20.317504,67.0,5
119.96513312499883,20.317504,66.562,5
119.98268407499927,20.317504,66.531,5
119.99992829599978,20.20096,66.562,5
120.01716761999887,20.045568,66.468,5
120.03447187499842,19.967872,66.625,5
120.05381352999939,19.890176,66.906,5
120.07276711099985,19.890176,66.375,5
120.09158596699854,19.967872,66.593,5
120.10989984999833,20.00672,66.5,5
120.12762513999951,20.045568,66.781,5
120.14536508699894,20.045568,66.75,5
120.16307213699838,20.123264,66.531,5
120.18088510899906,20.162112,67.062,5
120.19850332499846,20.239808,66.5,5
120.21596585599946,20.317504,66.5,5
120.23326415799966,20.317504,66.718,5
120.2506118379988,20.317504,66.718,5
120.26809328199852,20.239808,66.718,5
120.28529193399845,20.084416,66.656,5
120.30247042499832,20.00672,66.531,5
120.32185572899834,19.929024000000002,66.531,5
120.34040488199935,19.929024000000002,66.5,5
120.35959862899836,19.967872,66.75,5
120.37780745300006,20.00672,66.656,5
120.3955167109998,20.084416,66.468,5
120.41321415999846,20.084416,67.062,5
120.43096005899861,20.162112,66.625,5
120.44867907699881,20.20096,66.593,5
120.46648248199926,20.278655999999998,66.718,5
120.48386808299983,20.317504,66.625,5
120.50114513699918,20.317504,66.937,5
120.5192362609996,20.317504,66.843,5
120.53684938799961,20.239808,66.687,5
120.5540265999989,20.084416,66.343,5
120.571282212999,20.045568,66.25,5
120.59051413699854,19.929024000000002,66.875,5
120.60939923499973,19.929024000000002,66.718,5
120.62827646199912,19.967872,66.375,5
120.64665044199864,20.00672,66.875,5
120.66435198799991,20.045568,66.562,5
120.68200524399981,20.084416,66.812,5
120.6999323,20.123264,66.75,5
120.71767973499846,20.20096,66.718,5
120.73522009199951,20.239808,66.937,5
120.75472213600005,20.317504,66.593,5
120.77209611999933,20.317504,66.593,5
120.78967138999906,20.278655999999998,66.625,5
120.80678213600004,20.20096,66.687,5
120.823848688,20.00672,66.406,5
120.84092586399856,19.967872,66.468,5
120.85885896799846,19.890176,66.75,5
120.87559600699933,19.890176,66.406,5
120.89430410899877,19.929024000000002,66.75,5
120.91172315099902,19.967872,66.468,5
120.92896439600008,20.00672,66.5,5
120.94630919499832,20.045568,66.468,5
120.9628090440001,20.084416,66.687,5
120.98089312799857,20.123264,66.625,5
120.99799280099978,20.162112,66.75,5
121.01528601599966,20.20096,66.718,5
121.03344414999992,20.239808,67.0,5
121.05072798799847,20.239808,66.843,5
121.06782014099917,20.278655999999998,66.75,5
121.08503664899945,20.084416,66.656,5
121.10213286599901,20.00672,66.343,5
121.11915292099911,19.890176,66.625,5
121.13660569199965,19.851328000000002,66.562,5
121.15427267599989,19.851328000000002,66.468,5
121.17208859299899,19.890176,66.531,5
121.18931178999992,19.929024000000002,66.656,5
121.20670779099964,19.967872,66.843,5
121.22442079299981,20.00672,66.875,5
121.24215603499943,20.084416,66.562,5
121.25965392699982,20.162112,66.468,5
121.27710612199917,20.20096,67.0,5
121.29412672099897,20.278655999999998,66.5,5
121.31107422999958,20.278655999999998,66.562,5
121.32918900299956,20.278655999999998,66.781,5
121.3462450269999,20.20096,66.875,5
121.3632587129996,20.045568,66.468,5
121.38025220799864,19.967872,66.5,5
121.39762555199923,19.929024000000002,66.812,5
121.41432953399999,19.929024000000002,66.687,5
121.43070665899904,19.967872,66.468,5
121.4474059690001,20.00672,66.531,5
121.46405266999864,20.00672,66.687,5
121.48070372199982,20.045568,66.781,5
121.49731659799909,20.084416,66.718,5
121.51361125699987,20.162112,66.625,5
121.53026390899868,20.20096,66.625,5
121.5465852569996,20.239808,66.656,5
121.56255853099901,20.278655999999998,66.468,5
121.57815470599962,20.278655999999998,66.406,5
121.59421514999849,20.317504,66.593,5
121.6107056869987,20.278655999999998,66.718,5
121.6275506009988,20.084416,66.5,5
121.64451052599907,20.00672,66.562,5
121.66155720499955,19.967872,66.625,5
121.67871374399874,19.967872,66.531,5
121.69511432599938,20.00672,66.437,5
121.71144498499962,20.045568,66.375,5
121.72779986999922,20.084416,66.593,5
121.74420381199889,20.084416,66.656,5
121.76084251199973,20.162112,66.593,5
121.77814388599836,20.20096,66.531,5
121.79468786399957,20.239808,66.718,5
121.81109340599869,20.239808,66.718,5
121.82730063799863,20.317504,66.562,5
121.84357443199951,20.356351999999998,66.468,5
121.86049531699973,20.356351999999998,66.531,5
121.87798133599972,20.356351999999998,66.687,5
121.8949443019992,20.123264,66.718,5
121.91196342799958,20.045568,66.437,5
121.92910172599841,19.967872,66.718,5
121.94617400700008,19.967872,66.656,5
121.96266003099845,19.967872,66.562,5
121.97990901999947,20.045568,66.75,5
121.9963674269984,20.00672,66.687,5
122.01337999399948,20.084416,66.625,5
122.03013952899892,20.084416,66.656,5
122.04652391899981,20.123264,66.718,5
122.06284990599852,20.20096,66.906,5
122.07929100099864,20.278655999999998,66.843,5
122.09615751599995,20.317504,66.75,5
122.11173634699844,20.356351999999998,66.718,5
122.12758216099974,20.356351999999998,66.593,5
122.14407791299891,20.356351999999998,66.593,5
122.16076359099861,20.20096,66.906,5
122.17766885899982,20.084416,66.656,5
122.19463844799975,20.00672,66.5,5
122.21152691499992,20.00672,66.656,5
122.2279462489987,20.00672,66.718,5
122.24569032399995,20.045568,66.718,5
122.26212556299834,20.084416,66.625,5
122.27862096299941,20.084416,66.531,5
122.2951539329988,20.123264,66.937,5
122.31204601599893,20.20096,66.906,5
122.32845622999957,20.239808,66.843,5
122.34493905399904,20.278655999999998,66.812,5
122.36124580899923,20.356351999999998,66.687,5
122.37760376499864,20.3952,66.625,5
122.3941873599997,20.3952,66.812,5
122.41133154599993,20.434047999999997,66.812,5
122.42834382499859,20.20096,66.843,5
122.44548020299953,20.123264,66.812,5
122.4625024979996,20.045568,66.781,5
122.479622715,20.045568,66.718,5
122.49609542699909,20.045568,66.437,5
122.51399128199955,20.084416,66.875,5
122.53045048999957,20.123264,66.843,5
122.54695225799878,20.162112,66.75,5
122.5634632429992,20.162112,66.562,5
122.58004488499864,20.20096,66.531,5
122.59649660499963,20.239808,67.062,5
122.61268751599891,20.317504,66.843,5
122.6295964639994,20.356351999999998,66.843,5
122.6451675190001,20.356351999999998,66.718,5
122.66130162899935,20.356351999999998,66.656,5
122.67727970299893,20.3952,66.687,5
122.69324718499956,20.239808,67.0,5
122.71018742999877,20.123264,66.687,5
122.72712757799854,20.045568,66.468,5
122.74414491299831,20.00672,66.718,5
122.76044049999837,20.00672,66.812,5
122.77913800899842,20.084416,66.687,5
122.7958932879992,20.084416,66.343,5
122.813511888,20.045568,66.406,5
122.83110747899991,20.084416,66.562,5
122.8478499899993,20.123264,66.687,5
122.8658309349994,20.162112,66.812,5
122.88353955299863,20.239808,66.718,5
122.9013221569985,20.278655999999998,66.718,5
122.91827200199987,20.317504,66.875,5
122.93527083999834,20.317504,66.875,5
122.95268060199851,20.317504,66.812,5
122.96960481399947,20.123264,66.531,5
122.98699332699834,20.045568,66.812,5
123.00300570599939,19.929024000000002,66.687,5
123.02026432699859,19.929024000000002,66.468,5
123.03695010099909,19.967872,66.437,5
123.05415339299907,19.967872,66.937,5
123.07058837499972,20.00672,66.75,5
123.08707190299901,20.045568,66.781,5
123.10392100899844,20.084416,66.625,5
123.12052838099953,20.162112,66.593,5
123.13692217799871,20.20096,67.125,5
123.15350718099944,20.239808,66.906,5
123.17035356699853,20.317504,66.75,5
123.18613144399933,20.317504,66.781,5
123.20194487299887,20.356351999999998,66.531,5
123.21828346899929,20.356351999999998,67.0,5
123.23513238299893,20.20096,67.062,5
123.25211704499998,20.084416,66.625,5
123.26909671499925,20.00672,66.406,5
123.28640621699924,19.967872,67.031,5
123.3026907959993,19.967872,66.812,5
123.32059055499849,20.00672,66.562,5
123.33707456299999,20.045568,66.437,5
123.35328771599961,20.084416,66.437,5
123.36982695699953,20.084416,67.031,5
123.38629010099976,20.162112,66.968,5
123.40283247799925,20.20096,66.937,5
123.41913360099898,20.239808,66.687,5
123.43596561899903,20.317504,66.5,5
123.4524045369999,20.356351999999998,67.031,5
123.46947585799899,20.356351999999998,66.843,5
123.48602207499971,20.3952,66.593,5
123.50301220899928,20.20096,66.718,5
123.51990538099926,20.123264,66.968,5
123.53756590099874,20.00672,66.531,5
123.55468960699909,20.00672,66.562,5
123.57114698999976,20.00672,66.687,5
123.58869579599923,20.045568,66.656,5
123.60515791499893,20.084416,66.593,5
123.62177386299845,20.084416,66.531,5
123.63841534699895,20.123264,66.656,5
123.65518553899892,20.162112,66.843,5
123.67138941099984,20.239808,66.781,5
123.68778148099955,20.317504,66.75,5
123.70474918199943,20.356351999999998,66.718,5
123.72044452799855,20.3952,66.562,5
123.73623069299902,20.3952,66.562,5
123.75291873899914,20.3952,66.812,5
123.77017361599974,20.20096,66.781,5
123.78781592799896,20.123264,66.375,5
123.80537718199957,20.00672,66.625,5
123.82309866399919,20.00672,66.687,5
123.83967534699877,20.00672,66.843,5
123.85745810999833,20.045568,66.75,5
123.87383389099887,20.084416,66.75,5
123.89063960399835,20.123264,66.781,5
123.90713961299844,20.162112,67.062,5
123.92373997599861,20.20096,66.968,5
123.94011134099856,20.239808,66.906,5
123.95686764399943,20.317504,66.875,5
123.97330361899913,20.317504,66.781,5
123.9896812879997,20.356351999999998,66.656,5
124.00623601799998,20.356351999999998,66.937,5
124.02263640799902,20.356351999999998,66.812,5
124.03984910799954,20.20096,66.875,5
124.05684970599941,20.123264,66.406,5
124.07407811899975,20.045568,66.843,5
124.09166055700007,20.00672,66.875,5
124.10794478399839,20.00672,66.468,5
124.1251739319996,20.045568,66.406,5
124.14166754100006,20.084416,66.906,5
124.1581140749986,20.123264,66.843,5
124.17567516899908,20.162112,66.718,5
124.19221533899872,20.20096,66.718,5
124.20872817999953,20.239808,66.625,5
124.22538620799969,20.317504,67.0,5
124.24243167199893,20.356351999999998,67.0,5
124.25829307099957,20.3952,66.875,5
124.27412582899888,20.3952,66.656,5
124.29050804199869,20.3952,66.531,5
124.30740498899831,20.239808,67.062,5
124.32438920299865,20.162112,66.718,5
124.34138055299991,20.045568,66.437,5
124.35823557899857,20.045568,66.5,5
124.37449375699907,20.00672,66.968,5
124.39202908999869,20.084416,66.531,5
124.4086283329998,20.084416,66.468,5
124.42535951599893,20.123264,66.562,5
124.44163084599859,20.123264,66.468,5
124.45822525699987,20.162112,67.0,5
124.4747475059994,20.239808,66.968,5
124.49112274299841,20.278655999999998,66.656,5
124.50811431699913,20.356351999999998,66.625,5
124.52482591599983,20.356351999999998,66.593,5
124.54200194299847,20.3952,66.718,5
124.55901383799937,20.434047999999997,66.656,5
124.57619012099894,20.239808,66.75,5
124.59323862399833,20.123264,66.75,5
124.61023186199964,20.045568,66.531,5
124.62722583599862,20.045568,66.625,5
124.64364949099945,20.045568,66.75,5
124.66119023200008,20.084416,66.687,5
124.67761481399975,20.123264,66.718,5
124.6939374099984,20.123264,66.625,5
124.71037866499864,20.162112,66.718,5
124.72684193599889,20.20096,66.625,5
124.74306136099949,20.278655999999998,66.812,5
124.76033086299867,20.317504,66.781,5
124.77765143799843,20.3952,66.656,5
124.79388654299873,20.356351999999998,66.5,5
124.81006820599941,20.356351999999998,66.718,5
124.82621252499848,20.356351999999998,66.75,5
124.84325088399964,20.239808,66.843,5
124.86025746699852,20.123264,66.531,5
124.87742562199855,20.045568,66.593,5
124.89474696499929,20.00672,66.781,5
124.9112404769985,19.967872,66.718,5
124.92858684499879,20.045568,66.875,5
124.94538004599963,20.084416,66.781,5
124.96196117599902,20.084416,66.812,5
124.97848579299898,20.123264,66.718,5
124.99527364999994,20.123264,67.093,5
125.01189970999985,20.162112,66.968,5
125.0282680979999,20.20096,66.812,5
125.0459174509997,20.239808,66.812,5
125.06222926199916,20.278655999999998,66.531,5
125.07886591399983,20.317504,67.0,5
125.09631062099834,20.317504,66.937,5
125.11371958199925,20.20096,66.687,5
125.13067384299939,20.084416,66.406,5
125.1477813249985,20.00672,66.531,5
125.16629684500003,19.929024000000002,66.656,5
125.18381310499899,19.967872,66.812,5
125.20065088299998,20.00672,66.718,5
125.21722590199897,20.045568,66.656,5
125.23460218999935,20.045568,66.687,5
125.25127740399876,20.084416,66.906,5
125.26928193399908,20.123264,66.906,5
125.28595001099893,20.20096,66.687,5
125.30362822799907,20.278655999999998,67.125,5
125.32243594799911,20.317504,66.593,5
125.33912514599979,20.317504,66.625,5
125.35686192399953,20.356351999999998,66.531,5
125.3740841609997,20.317504,66.812,5
125.39115733699873,20.123264,66.625,5
125.4083297799989,20.045568,66.718,5
125.4260965759986,20.00672,66.843,5
125.44280846199945,19.967872,66.75,5
125.45906017499874,20.045568,66.593,5
125.4755038939984,20.045568,66.531,5
125.49191810799857,20.084416,66.812,5
125.5083419549992,20.123264,66.75,5
125.52469757499966,20.162112,66.718,5
125.54115412600004,20.20096,66.843,5
125.55732471800002,20.239808,66.718,5
125.57366705799905,20.317504,66.687,5
125.58961124300004,20.356351999999998,66.656,5
125.60582705099841,20.3952,66.531,5
125.6223094909983,20.3952,66.718,5
125.63867759200002,20.3952,66.718,5
125.65561841299859,20.162112,66.687,5
125.67266358799861,20.084416,66.625,5
125.68992572999923,20.045568,66.718,5
125.70717449499898,20.00672,66.593,5
125.72347827399972,20.084416,66.562,5
125.7399294809984,20.084416,66.718,5
125.75765669099928,20.123264,66.687,5
125.77538402999926,20.162112,67.0,5
125.79270358099893,20.20096,66.875,5
125.80998489099875,20.20096,66.531,5
125.82809128000008,20.20096,66.531,5
125.8458574669985,20.239808,66.718,5
125.86421099899962,20.317504,66.687,5
125.88176466899858,20.317504,66.812,5
125.898942935999,20.356351999999998,66.968,5
125.91612411499955,20.239808,66.843,5
125.93311853699925,20.084416,66.906,5
125.95013951999863,20.045568,66.718,5
125.96789988299861,19.967872,66.625,5
125.98574319299951,19.967872,66.5,5
126.00339308899856,20.00672,66.5,5
126.02080873899831,20.00672,66.593,5
126.03800034999949,20.045568,66.656,5
126.05548816199916,20.084416,66.812,5
126.07305984799859,20.123264,66.812,5
126.09096834399861,20.162112,67.093,5
126.10843525899872,20.239808,66.906,5
126.12561480599834,20.278655999999998,66.875,5
126.14282331399954,20.317504,66.562,5
126.16030430999854,20.317504,67.093,5
126.17746187199918,20.317504,66.75,5
126.1944286779999,20.123264,66.593,5
126.21150655800011,20.045568,66.468,5
126.22864923999987,19.890176,66.562,5
126.24559783699988,19.890176,66.562,5
126.26196382599846,19.929024000000002,66.562,5
126.27940385999864,19.967872,66.406,5
126.2956765989984,20.00672,66.343,5
126.31190863199845,20.00672,66.656,5
126.32832838200011,20.045568,66.781,5
126.34481562199835,20.123264,66.718,5
126.36102272599965,20.162112,66.718,5
126.377466988999,20.239808,66.531,5
126.39430095899843,20.278655999999998,67.125,5
126.41041724499883,20.317504,66.687,5
126.42702695199841,20.317504,66.718,5
126.44421117099955,20.356351999999998,66.625,5
126.46123836199877,20.162112,66.843,5
126.4782828339994,20.084416,66.656,5
126.49515808499928,20.00672,66.531,5
126.51230175899946,19.967872,66.656,5
126.5286965489995,20.00672,66.687,5
126.54635668499941,20.045568,66.687,5
126.56272872199952,20.084416,66.625,5
126.57925183499901,20.084416,66.656,5
126.59554114999992,20.123264,66.843,5
126.61198512499868,20.162112,66.781,5
126.6281798129985,20.20096,66.781,5
126.64466468499995,20.278655999999998,66.75,5
126.66124197499994,20.356351999999998,66.687,5
126.67771347099915,20.356351999999998,66.718,5
126.69429463300003,20.3952,66.75,5
126.7115514950001,20.3952,66.75,5
126.72854316499979,20.20096,66.843,5
126.74560958899929,20.123264,66.75,5
126.76258381799926,20.045568,66.656,5
126.77987399299855,20.00672,66.968,5
126.7972036559986,20.00672,66.812,5
126.81430313700002,20.045568,66.75,5
126.83071399099936,20.045568,66.718,5
126.84703681099927,20.045568,66.75,5
126.86348081799952,20.084416,67.0,5
126.88008047699986,20.123264,66.937,5
126.89663421499972,20.20096,66.968,5
126.91337944599945,20.278655999999998,66.906,5
126.93051105599989,20.317504,66.593,5
126.94679816200005,20.317504,67.031,5
126.96371395799906,20.356351999999998,66.937,5
126.9810504699999,20.356351999999998,66.875,5
126.99801375499919,20.162112,66.718,5
127.0151105799996,20.045568,66.906,5
127.0321365869986,19.967872,66.531,5
127.04948967499877,19.967872,66.593,5
127.06576775699978,19.967872,66.468,5
127.08362354699966,20.00672,66.437,5
127.10003292900001,20.045568,66.687,5
127.11620448099893,20.084416,66.593,5
127.1327849069985,20.084416,66.718,5
127.14948652099883,20.162112,66.656,5
127.16588607899939,20.20096,66.625,5
127.18272497699945,20.239808,67.062,5
127.19885572699968,20.317504,66.718,5
127.21504292699865,20.317504,66.718,5
127.23188742499951,20.356351999999998,66.593,5
127.24830000699876,20.356351999999998,67.062,5
127.26522901899989,20.20096,66.843,5
127.28219524799897,20.123264,66.531,5
127.2991699260001,20.00672,66.375,5
127.31644598799903,20.00672,66.75,5
127.33287268200002,20.00672,66.625,5
127.3508722839997,20.045568,66.562,5
127.36724956899889,20.084416,66.5,5
127.38365674299894,20.084416,66.75,5
127.4002547379987,20.123264,66.781,5
127.41672591399947,20.20096,66.75,5
127.43301301999963,20.239808,66.718,5
127.44948733199999,20.278655999999998,66.656,5
127.46626731600008,20.317504,66.843,5
127.48270399499961,20.356351999999998,66.718,5
127.49936525599878,20.356351999999998,66.625,5
127.51638732699939,20.3952,66.687,5
127.53366137299963,20.20096,66.937,5
127.55075794199911,20.123264,66.718,5
127.56792308799959,20.00672,66.593,5
127.58484262799902,20.00672,66.812,5
127.60120490499867,20.00672,66.781,5
127.61867335599891,20.045568,66.718,5
127.63494762999835,20.084416,66.656,5
127.65116577499975,20.084416,66.718,5
127.6676707759998,20.123264,66.875,5
127.68413878299907,20.162112,66.906,5
127.70061459899989,20.239808,66.812,5
127.71715483299886,20.317504,66.812,5
127.73369893800009,20.317504,66.687,5
127.74980488799883,20.356351999999998,66.937,5
127.76648704499894,20.356351999999998,66.812,5
127.78305505599928,20.3952,66.843,5
127.80027249199884,20.239808,66.812,5
127.8173252839988,20.084416,66.718,5
127.83483354399868,20.00672,66.593,5
127.85294934099875,19.967872,66.562,5
127.86943984499885,19.929024000000002,66.937,5
127.88684634299898,20.00672,66.843,5
127.90385378899919,20.045568,66.531,5
127.92054557899974,20.045568,66.562,5
127.93710162099887,20.084416,66.625,5
127.95362793399909,20.123264,67.031,5
127.97017632799907,20.20096,67.031,5
127.98655962900011,20.239808,66.687,5
128.00379178599906,20.278655999999998,66.593,5
128.02059980299964,20.317504,67.031,5
128.03746074899937,20.317504,67.0,5
128.0540346479993,20.317504,66.656,5
128.07128530099908,20.20096,66.812,5
128.08828993099996,20.084416,66.437,5
128.1052234559993,20.00672,66.562,5
128.1227123230001,19.967872,66.75,5
128.13903447099983,19.967872,66.531,5
128.15655015499942,20.045568,66.718,5
128.17327500200008,20.084416,66.656,5
128.18966524699863,20.084416,66.687,5
128.20610998999837,20.123264,66.718,5
128.2226490719986,20.162112,66.687,5
128.23911039099949,20.239808,66.937,5
128.25546028399913,20.278655999999998,66.781,5
128.27190176199838,20.317504,66.75,5
128.28810083399912,20.356351999999998,66.718,5
128.3053599039995,20.356351999999998,66.625,5
128.32208782299858,20.356351999999998,66.718,5
128.33908125299968,20.20096,66.906,5
128.3561227479986,20.123264,66.5,5
128.37305604899848,20.00672,66.718,5
128.39060456599873,19.967872,66.781,5
128.40693800999907,19.967872,66.718,5
128.42477091899855,20.00672,66.906,5
128.4413796989993,20.084416,66.843,5
128.4577143259994,20.084416,66.812,5
128.47569946399926,20.123264,66.625,5
128.49362251999992,20.162112,67.218,5
128.51101637699867,20.239808,66.718,5
128.527639300999,20.278655999999998,66.718,5
128.5446783319985,20.356351999999998,66.687,5
128.56207122899832,20.356351999999998,66.781,5
128.579058067,20.3952,66.718,5
128.59618289299942,20.356351999999998,66.843,5
128.61322137999923,20.162112,66.718,5
128.63015112899848,20.084416,66.625,5
128.64708836499995,20.045568,66.687,5
128.66439725999953,20.00672,66.906,5
128.68109029799962,20.045568,66.812,5
128.69764973199926,20.084416,66.718,5
128.71416442899863,20.123264,66.687,5
128.730679925,20.123264,66.718,5
128.74722348699834,20.162112,67.031,5
128.76388647599924,20.20096,66.875,5
128.78040299699933,20.239808,66.812,5
128.79712473899963,20.317504,66.781,5
128.81354621799983,20.317504,66.687,5
128.83011877199897,20.317504,66.906,5
128.84665270199912,20.317504,66.875,5
128.86396908499955,20.356351999999998,66.781,5
128.88107637399844,20.162112,67.156,5
128.89811946899863,20.084416,66.875,5
128.91521901399938,20.00672,66.687,5
128.93268368899953,19.967872,66.531,5
128.94926907599984,20.00672,66.531,5
128.96620336899832,20.045568,66.906,5
128.98270548899927,20.084416,66.812,5
128.99933967699872,20.084416,66.812,5
129.01592739999978,20.084416,66.656,5
129.03260181299993,20.123264,67.187,5
129.04914355099936,20.162112,67.093,5
129.06570650499998,20.239808,66.937,5
129.0820045879991,20.278655999999998,66.843,5
129.09816333899835,20.317504,66.625,5
129.11486396100008,20.356351999999998,67.062,5
129.1312272619998,20.356351999999998,66.968,5
129.14760291499988,20.20096,67.062,5
129.16479596599856,20.123264,66.468,5
129.18193403999976,20.045568,66.312,5
129.19970803599972,20.00672,67.125,5
129.21609760899992,19.967872,66.656,5
129.23282162399846,20.00672,66.593,5
129.24948160499844,20.084416,66.468,5
129.26571002199853,20.084416,67.031,5
129.2820079129997,20.123264,67.062,5
129.2983616450001,20.162112,66.968,5
129.3145627009999,20.20096,66.968,5
129.33080004599833,20.239808,66.656,5
129.3484674149986,20.278655999999998,67.125,5
129.36399440499918,20.356351999999998,67.0,5
129.38048503699974,20.356351999999998,66.875,5
129.3970470309996,20.356351999999998,66.687,5
129.41437662999851,20.278655999999998,66.718,5
129.43133722699895,20.123264,66.968,5
129.44831996899848,20.045568,66.312,5
129.46803165099846,19.967872,66.718,5
129.4843645819983,19.929024000000002,66.718,5
129.5012614979987,19.967872,66.687,5
129.5177842590001,20.00672,66.625,5
129.53428708299907,20.045568,66.593,5
129.55072382599974,20.084416,66.687,5
129.5671936259987,20.123264,66.843,5
129.58365497699924,20.162112,66.843,5
129.59994793999977,20.20096,66.718,5
129.6168072219989,20.278655999999998,66.687,5
129.63282932899892,20.317504,66.625,5
129.64930716099843,20.317504,66.656,5
129.66610743399906,20.317504,66.812,5
129.6834323289986,20.239808,66.843,5
129.70057779499984,20.084416,66.718,5
129.7176032899988,20.045568,66.562,5
129.73532323699874,20.00672,66.906,5
129.75151766899944,19.967872,66.718,5
129.76822920299855,20.045568,66.812,5
129.78461912799867,20.045568,66.781,5
129.80092252299983,20.084416,66.75,5
129.817771308999,20.123264,66.718,5
129.83411931299997,20.123264,66.75,5
129.8507855989992,20.123264,66.937,5
129.8671355229999,20.162112,66.812,5
129.88425615599954,20.20096,66.812,5
129.90048457299963,20.278655999999998,66.718,5
129.91730436699982,20.278655999999998,66.937,5
129.9348823249984,20.317504,66.875,5
129.9521321459997,20.20096,66.937,5
129.96919703399908,20.045568,66.906,5
129.9862615059992,20.00672,66.718,5
130.00407182299932,19.967872,66.906,5
130.02060152800004,19.929024000000002,66.562,5
130.03700626999853,19.967872,66.937,5
130.05373620499995,20.00672,66.937,5
130.070430329999,20.00672,66.906,5
130.08705747799831,20.045568,66.843,5
130.1037310920001,20.084416,66.687,5
130.1204992359999,20.162112,67.187,5
130.13700218799931,20.20096,67.093,5
130.15337371299938,20.239808,66.968,5
130.16942334099986,20.278655999999998,66.812,5
130.18587077199845,20.317504,66.593,5
130.2028213529993,20.356351999999998,67.031,5
130.21993596999891,20.278655999999998,67.156,5
130.2369070959994,20.084416,66.562,5
130.25385722899955,20.00672,66.468,5
130.2730406390001,19.929024000000002,66.875,5
130.28964794700005,19.890176,66.656,5
130.3059308289994,19.929024000000002,66.562,5
130.32277833499938,20.00672,66.593,5
130.33939041099984,20.00672,66.718,5
130.35598446999938,20.045568,66.75,5
130.37260694499855,20.084416,66.843,5
130.38897459799955,20.123264,66.75,5
130.40529540199896,20.20096,66.718,5
130.42267012199954,20.239808,66.781,5
130.4387550149986,20.317504,66.812,5
130.455058825999,20.317504,66.718,5
130.47205276799832,20.356351999999998,66.718,5
130.48923465199914,20.278655999999998,67.0,5
130.50623732999884,20.084416,66.687,5
130.523257801,20.045568,66.531,5
130.54082929499964,20.00672,67.0,5
130.55729742999938,19.967872,66.843,5
130.57385843299926,20.00672,66.656,5
130.59052727800008,20.084416,66.656,5
130.60680014399986,20.084416,66.625,5
130.62335797800006,20.123264,66.968,5
130.6399335719998,20.162112,66.968,5
130.65639885999917,20.239808,66.875,5
130.67307170499953,20.278655999999998,66.781,5
130.6906852159991,20.317504,66.75,5
130.70636129800005,20.3952,67.0,5
130.72282552899924,20.3952,66.781,5
130.73900802499884,20.3952,66.75,5
130.75551459399867,20.317504,66.968,5
130.77264226699845,20.162112,66.843,5
130.78967630699844,20.084416,66.656,5
130.80826814899956,20.045568,66.625,5
130.82543697599976,20.00672,67.0,5
130.84168552099982,20.045568,66.781,5
130.85829826899862,20.045568,66.75,5
130.87506436500007,20.084416,66.718,5
130.8915154440001,20.084416,67.156,5
130.9078911609995,20.162112,67.125,5
130.9243271669984,20.20096,66.937,5
130.9407538939995,20.239808,66.968,5
130.9568933800001,20.317504,66.875,5
130.97336257200004,20.356351999999998,66.812,5
130.98945712899877,20.356351999999998,67.062,5
131.00681348099897,20.3952,66.843,5
131.02426513199862,20.317504,66.812,5
131.0411892159991,20.123264,66.562,5
131.05812965299992,20.045568,66.937,5
131.07513284299966,20.00672,67.0,5
131.0925267319999,19.967872,66.625,5
131.10910031099957,20.00672,66.468,5
131.12572509099846,20.045568,66.968,5
131.14218970599904,20.084416,66.968,5
131.15874104399882,20.123264,66.906,5
131.17528838199905,20.162112,66.687,5
131.19212625499858,20.20096,66.625,5
131.2084727879992,20.239808,67.125,5
131.2250996799994,20.317504,67.031,5
131.24124351799946,20.356351999999998,67.062,5
131.25762630699865,20.3952,66.875,5
131.27387024499876,20.3952,66.656,5
131.2908446019992,20.356351999999998,67.156,5
131.30775652599914,20.162112,66.968,5
131.32478749299844,20.084416,66.531,5
131.3418031959991,20.045568,66.718,5
131.35880964999888,20.00672,67.0,5
131.37515000599888,20.084416,66.968,5
131.3915106509994,20.123264,66.875,5
131.40780431799976,20.123264,66.562,5
131.42422579599952,20.123264,66.625,5
131.44035600200004,20.162112,67.125,5
131.45692734099975,20.239808,67.031,5
131.47358917699967,20.239808,67.0,5
131.49028429499958,20.317504,67.0,5
131.50618671899974,20.356351999999998,66.593,5
131.52278036200005,20.3952,67.062,5
131.53984393799874,20.3952,67.031,5
131.55696297199938,20.3952,66.968,5
131.57399681899915,20.162112,66.656,5
131.59104884299995,20.084416,67.0,5
131.60829216799902,20.00672,66.812,5
131.62538915299956,20.00672,66.625,5
131.6417165160001,20.045568,66.531,5
131.65813837899987,20.084416,66.468,5
131.67467617999864,20.123264,67.062,5
131.6910474489996,20.123264,66.937,5
131.70765763599957,20.162112,66.718,5
131.72434184199847,20.239808,66.718,5
131.7409035159999,20.278655999999998,66.718,5
131.75757130499915,20.356351999999998,67.125,5
131.77360499699898,20.3952,67.062,5
131.78979994099973,20.434047999999997,66.906,5
131.80595891599842,20.434047999999997,66.656,5
131.82396011799938,20.434047999999997,67.187,5
131.8412581959983,20.20096,66.687,5
131.8584195989988,20.084416,66.562,5
131.875472103,20.00672,66.5,5
131.8930540929996,19.967872,66.718,5
131.90965426399998,20.00672,66.687,5
131.92661626900008,20.045568,66.687,5
131.942975345999,20.084416,66.656,5
131.95958044500003,20.084416,66.843,5
131.97587247999945,20.123264,66.843,5
131.99233223099873,20.162112,66.812,5
132.00865661899843,20.239808,66.75,5
132.02511323399995,20.278655999999998,66.718,5
132.04123527999946,20.317504,66.718,5
132.05753781099884,20.356351999999998,67.125,5
132.07373489899874,20.356351999999998,66.718,5
132.0910179049988,20.3952,66.843,5
132.10806941699957,20.20096,66.812,5
132.1251017279992,20.123264,66.75,5
132.14203989299858,20.045568,66.687,5
132.15904477899858,20.00672,66.718,5
132.1755615559996,20.045568,66.906,5
132.1928309299983,20.084416,66.75,5
132.20922450299986,20.084416,66.687,5
132.22575244799918,20.123264,66.75,5
132.2420317469987,20.162112,66.812,5
132.2588682759997,20.239808,66.718,5
132.27506309199998,20.278655999999998,66.875,5
132.29149813899858,20.317504,66.812,5
132.30892847699943,20.3952,66.812,5
132.3258333929989,20.3952,66.718,5
132.3418973889984,20.3952,66.906,5
132.35869314999945,20.3952,67.0,5
132.37564718699832,20.20096,66.937,5
132.39269261799927,20.123264,66.843,5
132.40973190599834,20.00672,66.812,5
132.42678130499917,19.967872,66.75,5
132.44312470099976,20.00672,66.718,5
132.46022197399907,20.084416,66.937,5
132.4766393559985,20.084416,66.937,5
132.49316019699836,20.123264,66.906,5
132.5094898970001,20.162112,66.937,5
132.52578269999867,20.20096,66.937,5
132.5419995960001,20.239808,66.75,5
132.55840088199875,20.317504,66.968,5
132.57536711099965,20.356351999999998,66.937,5
132.591827758999,20.356351999999998,66.843,5
132.60844034599904,20.356351999999998,66.781,5
132.62530986899947,20.3952,67.093,5
132.64212790199963,20.20096,67.062,5
132.6591713179987,20.123264,66.781,5
132.6762580300001,20.00672,67.125,5
132.69353386799958,19.967872,67.093,5
132.70994312199946,20.00672,66.906,5
132.72747896699912,20.045568,66.812,5
132.7438728929992,20.084416,66.656,5
132.76062426799945,20.123264,67.125,5
132.7772563439994,20.162112,67.031,5
132.79382284999883,20.20096,66.968,5
132.8102859619994,20.239808,66.937,5
132.82673518499905,20.317504,66.656,5
132.8441121779997,20.278655999999998,67.093,5
132.8600393379984,20.317504,66.968,5
132.8771190110001,20.278655999999998,66.875,5
132.89418738699896,20.317504,66.687,5
132.9112348660001,20.162112,67.312,5
132.9282848419989,20.045568,66.843,5
132.94524966299832,19.967872,66.562,5
132.9624404749993,19.929024000000002,66.718,5
132.97899606899955,19.929024000000002,66.781,5
132.99678632099858,19.967872,66.718,5
133.0132453039987,20.00672,66.656,5
133.0296314219995,20.00672,66.625,5
133.04612195799928,20.00672,66.687,5
133.06234128599863,20.084416,66.718,5
133.0785253819995,20.123264,67.187,5
133.0945368649991,20.162112,66.75,5
133.11124385499897,20.239808,66.718,5
133.12821552499918,20.278655999999998,66.687,5
133.1447823189992,20.278655999999998,67.125,5
133.1611716999996,20.317504,66.781,5
133.17824570899938,20.162112,66.843,5
133.19516265699895,20.045568,66.562,5
133.21214373399926,20.00672,66.687,5
133.2297480289999,19.967872,66.75,5
133.24603689600008,19.967872,66.718,5
133.2624947589993,20.00672,66.625,5
133.27929205599867,20.045568,66.687,5
133.2959056669988,20.084416,66.75,5
133.3126988999993,20.084416,66.781,5
133.3293856649998,20.162112,66.812,5
133.34579018299883,20.20096,66.781,5
133.36194621399954,20.239808,66.968,5
133.37924864499837,20.278655999999998,66.781,5
133.3962389069984,20.317504,66.843,5
133.41324024099958,20.356351999999998,66.937,5
133.4302621199986,20.356351999999998,66.906,5
133.44723999799862,20.20096,66.968,5
133.4642316999998,20.123264,66.718,5
133.48127681099868,20.00672,66.656,5
133.49758366199967,19.650560000000002,66.156,5
133.51381915099955,19.26144,65.906,5
133.53018795599928,18.87232,65.75,5
133.54667500399955,18.5136,65.625,5
133.56273820099887,18.12384,65.5,5
133.5788505820001,17.773056,65.437,5
133.59503042199867,17.45088,65.281,5
133.61098247900009,17.138560000000002,65.843,5
133.6269745059999,16.826240000000002,65.312,5
133.64440068399927,16.462784,65.25,5
133.66172410699983,16.149952,65.187,5
133.6888755459986,15.706368000000001,65.375,6
133.72987671199917,15.158016,65.281,6
133.7467308739997,14.923008,65.187,6
133.7631367999984,14.727167999999999,65.093,6
133.7794043219983,14.531328,64.968,6
133.7956327389984,14.358912,65.375,6
133.81201783199867,14.201984,65.093,6
133.829372967999,14.045056,65.0,6
133.84572660499907,13.888128,65.093,6
133.86194116499973,13.731200000000001,65.156,6
133.87817121399894,13.574272,65.031,6
133.8942319789985,13.439232,64.812,6
133.91063988799942,13.321344,65.0,6
133.92815150899878,13.242752000000001,65.125,6
133.94535803299914,13.124863999999999,65.312,6
133.9646855430001,13.242752000000001,65.406,6
133.98155903399856,13.399936,65.156,6
134.00084532799883,13.652736,65.593,6
134.0178197489986,14.005824,65.656,6
134.03508838699963,14.280448,65.75,6
134.05175636799868,14.594304,65.781,6
134.06850278299862,14.844672000000001,66.062,6
134.08558162400004,15.118848,66.5,6
134.10419919499873,15.432191999999999,66.406,6
134.12173248,15.706368000000001,66.312,6
134.1382182159996,15.915327999999999,66.312,6
134.15543846799847,16.149952,66.593,6
134.17285475799872,16.42368,66.468,6
134.1899133099996,16.540992,66.312,6
134.2068952519985,16.540992,66.093,6
134.2238680089995,16.658304,65.968,6
134.24152017699998,16.787200000000002,66.375,6
134.25874023799952,16.90432,66.187,6
134.27523931799988,17.06048,66.156,6
134.29206327099928,17.138560000000002,66.0,6
134.3089687949996,17.25568,66.25,6
134.32548240399956,17.372799999999998,66.281,6
134.34191991499938,17.528959999999998,66.281,6
134.35855090299992,17.685119999999998,66.281,6
134.3749643809988,17.841279999999998,66.406,6
134.3911605409994,17.967936,66.468,6
134.40839333699842,18.084864000000003,66.437,6
134.42490012999951,18.201792,66.281,6
134.44188031199883,18.318720000000003,66.562,6
134.4591429969987,18.396672,66.531,6
134.47620023699892,18.240768,66.5,6
134.49323744399953,18.240768,66.468,6
134.5101979459996,18.240768,66.5,6
134.52722657699996,18.279743999999997,66.468,6
134.54389452599935,18.357696,66.406,6
134.56045895199895,18.5136,66.406,6
134.5771410769994,18.591552,66.5,6
134.59341343199958,18.669504,66.593,6
134.60984326199832,18.747456,66.625,6
134.62629539699992,18.864383999999998,66.562,6
134.64265044199965,18.911232,66.562,6
134.65895764499874,19.027968,66.718,6
134.67597046699848,19.144704,66.687,6
134.69172607099972,19.222527999999997,66.593,6
134.70755777299928,19.26144,66.593,6
134.72415516,19.339264,66.531,6
134.74073875499926,19.183616,66.562,6
134.75735831899874,19.144704,66.562,6
134.774358020999,19.06688,66.406,6
134.79132255399963,19.105792,66.406,6
134.8085603749987,19.144704,66.375,6
134.82542528999875,19.222527999999997,66.593,6
134.8420370449985,19.26144,66.531,6
134.85863836799945,19.300352,66.5,6
134.87480607999896,19.300352,66.468,6
134.8911613479995,19.378176,66.593,6
134.90791611499844,19.378176,66.5,6
134.92439797899897,19.456,66.625,6
134.94194841699937,19.533824,66.625,6
134.95786988100008,19.611648000000002,66.531,6
134.9740508089999,19.650560000000002,66.468,6
134.99091994799892,19.689472000000002,66.687,6
135.007710332,19.650560000000002,66.75,6
135.02470472200002,19.494912,66.5,6
135.04170397599955,19.456,66.562,6
135.05843435899988,19.378176,66.718,6
135.0766533269998,19.378176,66.562,6
135.0929020650001,19.456,66.718,6
135.10932114299976,19.494912,66.718,6
135.125603864999,19.572736,66.625,6
135.142057183999,19.611648000000002,66.687,6
135.15846525399866,19.650560000000002,66.718,6
135.17495198199867,19.728384,66.625,6
135.1911179339986,19.806207999999998,66.812,6
135.20761720599876,19.845119999999998,66.781,6
135.2244313029987,19.961856,66.718,6
135.24019580299864,20.000768,66.625,6
135.25605310599894,20.00672,66.593,6
135.2723913819991,20.00672,66.718,6
135.28936609099947,19.845119999999998,66.718,6
135.30631308800002,19.767295999999998,66.562,6
135.32340536899937,19.728384,66.593,6
135.34059230799903,19.728384,66.562,6
135.35691384799975,19.767295999999998,66.781,6
135.37339398399854,19.806207999999998,66.593,6
135.38976896499844,19.845119999999998,66.625,6
135.40629268599878,19.884031999999998,66.562,6
135.42266155499965,19.922944,66.656,6
135.4391572429995,19.961856,66.593,6
135.45550710299904,20.00672,66.843,6
135.47196672599966,20.045568,66.718,6
135.4894296099992,20.123264,66.718,6
135.50554307899984,20.045568,66.562,6
135.52187652299835,20.045568,66.5,6
135.5383071219985,20.084416,66.687,6
135.55539652199877,19.929024000000002,66.75,6
135.57247405099952,19.884031999999998,66.437,6
135.58946255299998,19.806207999999998,66.687,6
135.606747894999,19.767295999999998,66.718,6
135.6239669309998,19.767295999999998,66.625,6
135.640405017999,19.845119999999998,66.781,6
135.6572642359988,19.845119999999998,66.718,6
135.6737563079987,19.884031999999998,66.75,6
135.6900111899995,19.890176,66.718,6
135.7062771439996,19.929024000000002,66.687,6
135.72273471900007,20.00672,66.718,6
135.73879657199905,20.084416,66.656,6
135.75546756099902,20.123264,66.812,6
135.77193313599855,20.162112,66.718,6
135.78823128299882,20.20096,66.687,6
135.80443294699944,20.239808,66.687,6
135.82212386899846,20.084416,66.968,6
135.83953094199933,20.00672,66.687,6
135.85680543599847,19.922944,66.781,6
135.87472609199904,19.845119999999998,67.0,6
135.89171004999844,19.845119999999998,66.843,6
135.90822810600002,19.884031999999998,66.406,6
135.92594568499953,19.890176,66.5,6
135.94214402099897,19.929024000000002,66.906,6
135.95836498099925,19.967872,66.875,6
135.97453016500003,20.00672,66.968,6
135.990846744,20.045568,66.812,6
136.00727087799896,20.084416,66.656,6
136.02446280999902,20.162112,67.0,6
136.04136910099987,20.20096,66.875,6
136.05794466399857,20.20096,66.812,6
136.07500542399976,20.20096,66.562,6
136.091965444999,20.123264,66.937,6
136.1084735179993,19.890176,66.968,6
136.12523100499857,19.845119999999998,66.406,6
136.14222257899928,19.767295999999998,66.5,6
136.16023389399925,19.767295999999998,66.656,6
136.17948271399837,19.845119999999998,66.875,6
136.1975066369996,19.851328000000002,66.781,6
136.21493057499902,19.851328000000002,66.75,6
136.23265948099834,19.890176,66.531,6
136.25007285899846,19.967872,67.125,6
136.2679049999988,20.00672,66.718,6
136.28496329599875,20.084416,66.718,6
136.30247312399842,20.123264,66.75,6
136.3201584769995,20.162112,66.75,6
136.33735690499998,20.20096,67.0,6
136.35503838599834,20.239808,66.937,6
136.3721939649986,20.045568,66.937,6
136.38927232499918,19.967872,66.406,6
136.40640460699979,19.851328000000002,66.937,6
136.42365785199945,19.851328000000002,66.843,6
136.44010710699877,19.851328000000002,66.531,6
136.45915662599873,19.929024000000002,66.406,6
136.47687308499917,19.929024000000002,66.687,6
136.49453872499907,19.967872,66.687,6
136.51231755299887,20.00672,66.906,6
136.53024742499838,20.084416,66.718,6
136.54854517899912,20.162112,66.687,6
136.56656906999888,20.239808,66.718,6
136.58431772099902,20.278655999999998,66.75,6
136.6018903029999,20.278655999999998,66.843,6
136.61910642699877,20.317504,66.781,6
136.63653942099882,20.162112,66.843,6
136.65377064999848,20.045568,66.906,6
136.6711080899986,19.929024000000002,66.718,6
136.68869132799955,19.929024000000002,66.562,6
136.70865703199888,19.890176,66.562,6
136.7262917279986,19.890176,66.5,6
136.7439959939984,19.929024000000002,66.812,6
136.7615422709987,19.967872,66.75,6
136.77913296599945,20.00672,66.593,6
136.79727305199958,20.084416,67.062,6
136.8149833970001,20.123264,66.718,6
136.8328172349993,20.20096,66.812,6
136.85173881399896,20.239808,66.718,6
136.86940781499834,20.20096,67.031,6
136.8872059389996,20.239808,66.906,6
136.9043193409998,20.162112,66.968,6
136.9214385339983,19.967872,66.437,6
136.9384702369989,19.929024000000002,66.406,6
136.95653627299907,19.851328000000002,66.781,6
136.97367313099858,19.851328000000002,66.625,6
136.989971342,19.890176,66.5,6
137.00667055599843,19.929024000000002,66.437,6
137.02326205499958,19.967872,66.437,6
137.03988632299843,20.00672,66.687,6
137.05650742299986,20.00672,66.687,6
137.07317082699956,20.045568,66.625,6
137.08932420199926,20.123264,66.687,6
137.10584609899888,20.162112,67.093,6
137.12222379999912,20.20096,66.968,6
137.13863586999832,20.239808,66.843,6
137.1548197739994,20.239808,66.656,6
137.1718988069988,20.239808,66.687,6
137.1888855799989,20.00672,67.125,6
137.20601926999916,19.967872,66.531,6
137.22313295999993,19.890176,66.593,6
137.24106449600004,19.890176,66.718,6
137.25868680699932,19.967872,66.562,6
137.27641664199837,19.967872,66.843,6
137.29379331399832,20.00672,66.75,6
137.31061390799914,19.967872,66.75,6
137.3271406369986,20.00672,66.593,6
137.34502605999842,20.084416,67.062,6
137.3623903159987,20.123264,66.75,6
137.38094394899963,20.20096,66.656,6
137.39852350699948,20.278655999999998,66.718,6
137.4157030869992,20.278655999999998,66.718,6
137.4327401339997,20.278655999999998,66.75,6
137.45038094199845,20.20096,67.062,6
137.46734909099905,20.045568,66.718,6
137.48434517799978,20.00672,66.531,6
137.50149457999942,20.000768,67.031,6
137.5178913209984,19.961856,66.937,6
137.53494184099873,19.967872,66.718,6
137.55175622599927,20.045568,66.625,6
137.56898079899838,20.045568,67.093,6
137.58631234999848,20.045568,66.968,6
137.60376112099948,20.084416,66.718,6
137.62129430999994,20.162112,66.75,6
137.63903803299945,20.239808,66.875,6
137.6582879409998,20.278655999999998,67.031,6
137.67647647599915,20.356351999999998,66.906,6
137.69357080499867,20.356351999999998,66.875,6
137.71056468299867,20.317504,66.75,6
137.72755555299955,20.123264,67.031,6
137.7445576559985,20.045568,66.781,6
137.76153079699907,20.00672,66.718,6
137.77917771699867,19.967872,66.531,6
137.7968745269991,20.045568,66.625,6
137.8147535169992,20.045568,66.593,6
137.83232414699887,20.084416,66.812,6
137.8500433579993,20.084416,66.843,6
137.86783588199978,20.123264,66.625,6
137.88536721499986,20.123264,66.937,6
137.90344569899935,20.162112,66.718,6
137.92147429299985,20.123264,66.5,6
137.93876901199837,20.162112,66.718,6
137.95651638299933,20.162112,66.687,6
137.9738827509991,20.20096,66.937,6
137.9908730449988,20.123264,67.0,6
138.00774311199893,20.000768,66.75,6
138.02478342299946,19.922944,66.281,6
138.042455847999,19.884031999999998,67.0,6
138.0595706899985,19.845119999999998,66.843,6
138.07609239499834,19.884031999999998,66.75,6
138.0926001150001,19.922944,66.5,6
138.10903237799903,19.929024000000002,67.125,6
138.12552425799913,19.929024000000002,67.031,6
138.14195776899942,20.00672,67.0,6
138.158415599999,20.045568,66.968,6
138.17466212899853,20.123264,66.937,6
138.19107013499888,20.20096,67.125,6
138.20738322599937,20.239808,66.968,6
138.22392857999876,20.239808,67.0,6
138.24197976699907,20.278655999999998,66.687,6
138.25934664799934,20.20096,66.718,6
138.27658286899896,20.045568,66.968,6
138.29381348899915,19.967872,66.531,6
138.31216922899875,19.890176,66.906,6
138.3304993999991,19.890176,66.531,6
138.34963829699882,19.967872,66.968,6
138.36777198299933,20.00672,66.625,6
138.38508782200006,20.045568,66.656,6
138.40228634599953,20.084416,66.625,6
138.41973181999856,20.123264,66.875,6
138.43746219899913,20.162112,66.812,6
138.45517596899845,20.239808,66.906,6
138.47322325200003,20.278655999999998,66.937,6
138.48995049899895,20.317504,66.625,6
138.50699263399838,20.278655999999998,67.031,6
138.5241834139997,20.239808,66.906,6
138.54155186199932,20.045568,66.687,6
138.55903868199857,19.967872,66.5,6
138.57639893799933,19.890176,66.75,6
138.59475752599974,19.851328000000002,66.562,6
138.61247782399914,19.890176,66.75,6
138.6305038269984,19.929024000000002,66.656,6
138.64808034499947,19.967872,66.531,6
138.66591414999857,20.00672,67.0,6
138.683507533,20.045568,66.843,6
138.70116987799884,20.084416,66.718,6
138.7186544569995,20.162112,66.843,6
138.73676686199906,20.20096,66.75,6
138.75468758199895,20.239808,66.937,6
138.7725957570001,20.278655999999998,66.875,6
138.78978807299973,20.278655999999998,66.687,6
138.80722404299922,20.084416,67.218,6
138.82443101499848,20.00672,66.937,6
138.8419599159988,19.890176,66.531,6
138.86144055099976,19.890176,66.687,6
138.87860137799908,19.890176,66.656,6
138.8963753729986,19.890176,66.906,6
138.9137503819984,19.929024000000002,66.906,6
138.9313457169992,19.967872,66.625,6
138.94877112699942,19.967872,66.625,6
138.9667162629994,20.045568,66.75,6
138.98445313799857,20.123264,66.75,6
139.00285409499884,20.20096,66.937,6
139.02029627299999,20.239808,66.875,6
139.03787970399935,20.239808,66.531,6
139.05524616799994,20.278655999999998,67.062,6
139.07245125199915,20.162112,66.968,6
139.08955857299952,19.967872,66.531,6
139.10655453099935,19.851328000000002,66.312,6
139.123869346,19.773632000000003,66.875,6
139.14130666099845,19.773632000000003,66.531,6
139.15767479399983,19.81248,66.562,6
139.17461378999906,19.890176,66.531,6
139.19115962399883,19.929024000000002,66.437,6
139.20748772299885,19.929024000000002,66.687,6
139.22403726899938,19.967872,66.781,6
139.24071299499883,20.045568,66.718,6
139.25722916299856,20.084416,66.718,6
139.27401481199922,20.162112,66.75,6
139.2910886919999,20.20096,66.718,6
139.3079722629991,20.239808,66.656,6
139.3249961900001,20.239808,66.718,6
139.34204018199853,20.20096,66.968,6
139.35908314900007,20.00672,66.718,6
139.37606557099934,19.929024000000002,66.562,6
139.39309023399983,19.890176,66.906,6
139.41077193899946,19.851328000000002,66.781,6
139.42822186099875,19.929024000000002,67.0,6
139.44633481099845,19.967872,66.906,6
139.4638082859983,20.00672,66.656,6
139.48136307499954,20.00672,66.656,6
139.4986628179995,20.045568,66.843,6
139.51599504099977,20.123264,66.812,6
139.53324902299937,20.162112,67.125,6
139.5513012020001,20.239808,67.0,6
139.56938182999875,20.278655999999998,66.781,6
139.5865679059989,20.317504,67.218,6
139.60361954499967,20.317504,67.031,6
139.6205827349986,20.162112,67.156,6
139.63759667699924,20.045568,66.593,6
139.65457257099843,19.967872,66.406,6
139.67150996700002,19.929024000000002,67.093,6
139.68787480399988,19.967872,66.593,6
139.7057736029983,19.929024000000002,66.468,6
139.72264485399864,19.929024000000002,66.531,6
139.73889253499874,19.929024000000002,66.531,6
139.7551057519995,19.967872,66.968,6
139.77150786999846,20.00672,66.718,6
139.7878831379985,20.045568,66.718,6
139.80433716199877,20.123264,66.687,6
139.82132220699896,20.162112,67.093,6
139.83772838899858,20.20096,67.0,6
139.8549902750001,20.239808,66.687,6
139.8720504269986,20.239808,66.562,6
139.8888061539983,20.123264,66.718,6
139.90531777899923,19.967872,66.687,6
139.92243402799977,19.890176,66.5,6
139.94056921799893,19.851328000000002,66.843,6
139.95837502299946,19.851328000000002,66.562,6
139.9777522309996,19.890176,66.968,6
139.9954595679992,19.967872,66.593,6
140.01289013099995,19.967872,66.562,6
140.0305299470001,20.00672,66.656,6
140.04790402699837,20.084416,66.843,6
140.0649734589988,20.123264,66.718,6
140.08242933399924,20.123264,67.031,6
140.10105928999837,20.20096,66.875,6
140.11891882399868,20.239808,66.625,6
140.136190661,20.278655999999998,67.125,6
140.15341398599958,20.278655999999998,66.843,6
140.17055029999938,20.084416,66.718,6
140.18808611299937,20.00672,66.5,6
140.20530482899994,19.967872,66.781,6
140.2226240279997,19.929024000000002,66.562,6
140.23921843899916,19.967872,66.562,6
140.2556765270001,20.045568,66.75,6
140.27226946599876,20.045568,66.75,6
140.28915908499948,20.084416,66.718,6
140.30568101399876,20.00672,66.687,6
140.32262602699848,20.045568,66.656,6
140.33901790399977,20.084416,66.843,6
140.35560735499894,20.162112,66.843,6
140.37286924,20.20096,66.812,6
140.38925423799992,20.239808,66.75,6
140.40611694399922,20.239808,66.906,6
140.423767287999,20.278655999999998,66.906,6
140.44076574299834,20.084416,67.187,6
140.45801245999974,20.00672,66.906,6
140.47505641899988,19.929024000000002,66.843,6
140.49314856799901,19.890176,66.531,6
140.510310226,19.929024000000002,66.531,6
140.52787442399858,19.967872,66.656,6
140.54527912999947,20.00672,66.625,6
140.5626654989992,20.045568,66.875,6
140.58033299499948,20.084416,66.843,6
140.5979510829984,20.123264,67.156,6
140.61575631099913,20.162112,67.031,6
140.63396305499919,20.239808,66.75,6
140.65253486499932,20.278655999999998,66.687,6
140.66994126600002,20.317504,66.781,6
140.68689587900008,20.317504,66.781,6
140.7040803539985,20.20096,66.875,6
140.72103896799854,20.084416,66.843,6
140.73798650799836,20.00672,66.656,6
140.75543278299847,19.967872,66.843,6
140.77166907199899,19.929024000000002,66.656,6
140.7887759770001,20.00672,66.812,6
140.80556613799854,20.045568,66.781,6
140.8219391349994,20.045568,66.875,6
140.83826297799897,20.084416,66.781,6
140.85535068299941,20.162112,67.062,6
140.87200263199884,20.162112,66.906,6
140.88834977199986,20.20096,66.812,6
140.90561728899957,20.239808,66.718,6
140.92237333699995,20.162112,66.968,6
140.9389028179994,20.20096,66.968,6
140.95636582899897,20.239808,66.812,6
140.97348031899855,20.162112,66.812,6
140.99048485299863,19.967872,66.968,6
141.00744932199996,19.929024000000002,66.437,6
141.0257903419988,19.851328000000002,66.718,6
141.0438155439988,19.851328000000002,66.781,6
141.06194887799938,19.890176,66.625,6
141.0793430549984,19.929024000000002,66.875,6
141.09668801499902,19.929024000000002,66.875,6
141.11392513200008,19.967872,66.843,6
141.13152254599845,20.00672,66.687,6
141.14951078800004,20.084416,67.125,6
141.16686682,20.162112,66.781,6
141.18597304499963,20.20096,66.937,6
141.20369948699954,20.239808,66.843,6
141.2207588709989,20.278655999999998,66.812,6
141.23793163399932,20.278655999999998,67.156,6
141.25488951099942,20.045568,67.0,6
141.27189097299924,19.967872,66.781,6
141.28891701199973,19.929024000000002,66.625,6
141.30599630100005,19.890176,66.968,6
141.32237051399898,19.929024000000002,66.937,6
141.33886236199942,20.00672,66.906,6
141.35597496299852,20.00672,66.625,6
141.37404378299834,20.045568,67.093,6
141.39173028799996,20.084416,66.75,6
141.4089899339997,20.162112,66.812,6
141.42673583299984,20.20096,66.968,6
141.444178619,20.278655999999998,67.218,6
141.463241129999,20.317504,67.062,6
141.48136422399875,20.356351999999998,66.968,6
141.49837397400006,20.356351999999998,66.625,6
141.516020957999,20.162112,66.625,6
141.53313503199934,20.00672,66.625,6
141.55014782199942,19.929024000000002,66.437,6
141.56748766199962,19.890176,66.937,6
141.58567350900012,19.890176,66.75,6
141.60433338499934,19.929024000000002,67.031,6
141.62225938499978,19.967872,66.906,6
141.63965996299885,20.00672,66.718,6
141.65707343599934,20.00672,66.718,6
141.67460508899967,20.084416,66.906,6
141.69217469499927,20.162112,66.843,6
141.7093995239993,20.20096,67.062,6
141.72729483500007,20.239808,66.875,6
141.74498665200008,20.278655999999998,66.812,6
141.76222501699885,20.317504,67.031,6
141.7793310899997,20.278655999999998,67.218,6
141.7962735429992,20.084416,66.937,6
141.81323849199907,20.00672,66.531,6
141.83035810199908,19.967872,66.656,6
141.84750756799986,19.967872,67.031,6
141.86450986199998,20.00672,66.593,6
141.88264585199977,20.045568,66.75,6
141.90055815599953,20.045568,66.687,6
141.9184932119988,20.045568,67.156,6
141.9360879699998,20.084416,67.062,6
141.953828108999,20.123264,66.812,6
141.9714816529995,20.162112,66.718,6
141.98949437599913,20.239808,66.906,6
142.0070930389993,20.278655999999998,66.781,6
142.02480079199995,20.278655999999998,66.781,6
142.04206155799875,20.317504,66.875,6
142.05980352099868,20.123264,66.906,6
142.07705382199856,20.045568,67.031,6
142.09421355999984,19.929024000000002,66.875,6
142.11342369199883,19.851328000000002,66.687,6
142.1307420590001,19.851328000000002,66.531,6
142.14739554399966,19.890176,66.656,6
142.16551588499897,19.929024000000002,66.718,6
142.1829177740001,19.967872,66.937,6
142.1996535649996,20.00672,66.937,6
142.21631696999975,20.045568,66.875,6
142.23427321099916,20.123264,67.156,6
142.25217645799967,20.20096,67.062,6
142.27073809099966,20.239808,66.718,6
142.28826094399847,20.239808,66.718,6
142.30563489699853,20.278655999999998,66.75,6
142.3230354419993,20.20096,66.906,6
142.33995847000006,20.045568,66.687,6
142.35689257099875,19.967872,66.718,6
142.3747665689989,19.851328000000002,66.781,6
142.39202877499883,19.851328000000002,66.687,6
142.40836977099934,19.890176,66.875,6
142.42497362199902,19.929024000000002,66.812,6
142.44147401400005,19.967872,66.812,6
142.45800320799935,19.967872,66.812,6
142.4742692259988,20.045568,66.781,6
142.4907529459997,20.084416,67.125,6
142.50739407799847,20.123264,66.937,6
142.52448101499976,20.20096,66.906,6
142.54048097699888,20.239808,66.906,6
142.5564566189987,20.278655999999998,66.812,6
142.57290190599997,20.278655999999998,66.718,6
142.58906363299866,20.278655999999998,66.843,6
142.60512791699875,20.045568,66.781,6
142.62207808199855,20.00672,66.625,6
142.63904671199998,19.929024000000002,67.031,6
142.65760028099976,19.890176,66.843,6
142.67529529799867,19.967872,66.562,6
142.6932492349988,20.00672,67.062,6
142.7106943259987,19.929024000000002,66.906,6
142.727869585,19.967872,66.718,6
142.7455221049986,20.00672,66.718,6
142.76299061999998,20.045568,66.812,6
142.78051446499921,20.123264,66.812,6
142.7985880849992,20.162112,67.0,6
142.81593851699836,20.239808,66.843,6
142.83298881299925,20.239808,66.843,6
142.85015527099858,20.239808,67.218,6
142.86798642099893,20.162112,67.156,6
142.88448764499844,20.00672,66.812,6
142.9009002269995,19.890176,66.468,6
142.91797196299922,19.851328000000002,66.687,6
142.9350127229991,19.81248,67.031,6
142.95132770199962,19.851328000000002,66.906,6
142.9676731139989,19.890176,66.781,6
142.98396991699883,19.929024000000002,66.562,6
143.0004355559995,19.967872,67.156,6
143.0171652029985,20.00672,67.187,6
143.03373388599903,20.084416,67.0,6
143.05011171499973,20.123264,67.125,6
143.06671550200008,20.239808,66.718,6
143.08542235499954,20.239808,66.718,6
143.1028769179993,20.239808,66.75,6
143.12094845799948,20.239808,67.0,6
143.13815763799903,20.162112,67.062,6
143.15531683299923,20.00672,66.718,6
143.17258998299985,19.929024000000002,66.812,6
143.1895949969985,19.890176,67.031,6
143.20941836099882,19.890176,66.781,6
143.22857114699946,19.967872,66.718,6
143.24640315999932,20.00672,66.687,6
143.26282876699952,20.00672,66.968,6
143.27989311099918,20.045568,66.906,6
143.29706964999968,20.084416,66.875,6
143.31541630099855,20.084416,67.062,6
143.3341669319998,20.123264,66.781,6
143.35303090999878,20.20096,66.875,6
143.3706917499985,20.20096,66.906,6
143.38768089199948,20.239808,66.843,6
143.4047554129993,20.20096,67.218,6
143.42170583400002,20.00672,66.906,6
143.43866934299876,19.929024000000002,66.75,6
143.4558397059991,19.851328000000002,66.718,6
143.4732223309984,19.851328000000002,66.906,6
143.4897761329994,19.851328000000002,66.937,6
143.50618685900008,19.929024000000002,66.812,6
143.52319875299872,19.967872,66.75,6
143.5397449709999,20.00672,66.687,6
143.5562496829989,20.045568,67.218,6
143.57298684999841,20.084416,67.125,6
143.5894333209999,20.162112,67.0,6
143.60598917099924,20.20096,66.718,6
143.62277289999838,20.239808,67.218,6
143.6391808089993,20.278655999999998,67.062,6
143.65601593099927,20.317504,67.0,6
143.67306107500008,20.278655999999998,66.906,6
143.69001821599886,20.084416,66.687,6
143.7069565719994,20.00672,67.031,6
143.7240148359997,19.967872,66.843,6
143.74235729499924,19.967872,66.718,6
143.75884415199835,20.00672,66.593,6
143.7752837099997,20.045568,66.625,6
143.79159961799996,20.084416,66.75,6
143.80829271899893,20.084416,66.75,6
143.82475787899966,20.123264,66.718,6
143.84125689499888,20.162112,66.75,6
143.85769274199993,20.239808,67.312,6
143.87462773799962,20.278655999999998,66.812,6
143.89191439299975,20.278655999999998,66.718,6
143.90771626999958,20.239808,66.593,6
143.92424392699832,20.123264,66.5,6
143.9408888989983,20.123264,66.812,6
143.95834781399935,20.00672,66.843,6
143.97545983999953,19.890176,66.562,6
143.99252072699892,19.851328000000002,66.531,6
144.01053149799918,19.734784,66.812,6
144.0277691909996,19.734784,67.0,6
144.04528484299954,19.81248,66.875,6
144.06210079599987,19.851328000000002,66.812,6
144.0788257389995,19.890176,66.812,6
144.09542997399876,19.890176,67.093,6
144.1128066149995,19.929024000000002,66.968,6
144.13088452299962,20.00672,66.75,6
144.14886325999942,20.084416,66.687,6
144.1667025379993,20.123264,66.906,6
144.18452162299945,20.162112,67.031,6
144.20204053899943,20.20096,67.0,6
144.21916261299884,20.20096,67.031,6
144.23613450599987,20.00672,66.937,6
144.25311683199834,19.929024000000002,67.0,6
144.27008600499903,19.851328000000002,67.031,6
144.28835211099977,19.851328000000002,66.687,6
144.30761401999916,19.890176,66.718,6
144.3251401999987,19.929024000000002,66.656,6
144.3424943760001,19.967872,66.968,6
144.35996909999994,20.00672,66.968,6
144.37745953599915,20.045568,67.062,6
144.39506936699945,20.123264,67.25,6
144.41132373599976,20.162112,67.156,6
144.42894899199928,20.239808,66.75,6
144.4465693509992,20.317504,66.687,6
144.4637122899985,20.317504,66.625,6
144.48069912699975,20.317504,66.906,6
144.49783294499866,20.162112,66.906,6
144.51483271199868,20.00672,66.5,6
144.53210192499864,19.890176,66.593,6
144.54987579299996,19.851328000000002,66.812,6
144.5662919589995,19.884031999999998,66.812,6
144.58287344199925,19.890176,66.625,6
144.59933172099954,19.929024000000002,66.687,6
144.61559009099983,19.967872,66.812,6
144.632170036999,19.967872,66.843,6
144.6487154869992,20.00672,66.875,6
144.66499664099865,20.084416,66.781,6
144.68153511499986,20.162112,67.031,6
144.70105831099863,20.20096,66.906,6
144.7180298839994,20.278655999999998,67.187,6
144.73540761299955,20.278655999999998,67.031,6
144.7523434099985,20.317504,66.937,6
144.76936452099835,20.123264,66.781,6
144.78633295799955,20.045568,67.0,6
144.80327726699943,19.967872,66.812,6
144.82080613499966,19.929024000000002,66.75,6
144.83729059100006,19.890176,66.687,6
144.8549705689984,19.967872,66.625,6
144.8717651449988,20.00672,66.718,6
144.88840150899887,20.045568,66.75,6
144.90481937099867,20.045568,66.687,6
144.92143704699993,20.045568,66.718,6
144.93799833699995,20.123264,66.75,6
144.9541418559984,20.162112,67.093,6
144.9703902409983,20.20096,66.718,6
144.98673267699996,20.239808,66.718,6
145.00218865699935,20.278655999999998,66.718,6
145.0186178469994,20.278655999999998,67.218,6
145.03500604500005,20.239808,67.218,6
145.0517538039985,20.045568,66.875,6
145.0687419859987,19.967872,66.406,6
145.08647687599841,19.890176,66.875,6
145.10523592299978,19.890176,66.718,6
145.12353700599851,19.845119999999998,66.781,6
145.1415664319993,19.851328000000002,66.812,6
145.1581485229999,19.890176,66.625,6
145.17604271399978,19.929024000000002,67.187,6
145.19353810999928,20.00672,66.843,6
145.21114986099929,20.045568,66.843,6
145.22875677999946,20.123264,67.031,6
145.247366607,20.162112,66.906,6
145.26513673099907,20.239808,67.093,6
145.2822833809987,20.239808,66.968,6
145.2992462179991,20.278655999999998,66.968,6
145.31637597199915,20.084416,66.781,6
145.33337922600003,20.00672,67.062,6
145.35040596899853,19.890176,66.75,6
145.36969853499977,19.890176,66.687,6
145.3868229769996,19.929024000000002,66.812,6
145.40461799699915,19.967872,66.718,6
145.42228686999988,20.00672,66.718,6
145.43990380499963,20.00672,67.031,6
145.45751267599917,20.084416,67.0,6
145.47508442599974,20.123264,66.812,6
145.49261937499978,20.20096,67.187,6
145.50906645399846,20.239808,66.75,6
145.52648290399884,20.278655999999998,66.687,6
145.54393938699832,20.317504,66.687,6
145.56105877199843,20.317504,66.843,6
145.57855323999866,20.239808,66.906,6
145.5956265449986,20.084416,66.656,6
145.6127217689991,20.00672,66.593,6
145.63054546199965,19.967872,67.0,6
145.64681336799913,19.929024000000002,66.812,6
145.6635033019993,20.00672,66.968,6
145.67995604499993,20.045568,66.937,6
145.6963773309999,20.045568,66.937,6
145.71282703399993,20.045568,66.718,6
145.7295480089997,20.00672,66.843,6
145.74582692299919,20.084416,66.75,6
145.76224529699903,20.123264,67.0,6
145.77949351899952,20.20096,66.906,6
145.79625033399861,20.239808,66.843,6
145.81297738899957,20.239808,67.031,6
145.83034724499885,20.278655999999998,67.125,6
145.8474442939987,20.20096,67.062,6
145.86453356699894,20.045568,66.593,6
145.88153413299915,19.967872,66.968,6
145.90002827699936,19.929024000000002,66.75,6
145.91726113799996,19.851328000000002,66.625,6
145.93371717699847,19.890176,66.562,6
145.95022147300006,19.929024000000002,67.031,6
145.9666295749994,19.967872,67.0,6
145.98307450999891,19.967872,66.718,6
145.9996285999987,20.00672,66.781,6
146.0161944020001,20.084416,66.781,6
146.03271489100007,20.123264,67.218,6
146.0496178229987,20.20096,67.125,6
146.0660068519992,20.239808,66.75,6
146.08263614399948,20.239808,66.718,6
146.09942351999962,20.278655999999998,66.781,6
146.11592980099886,20.239808,67.187,6
146.13302140999986,20.045568,66.843,6
146.15010997899844,19.967872,66.625,6
146.16715643399948,19.890176,66.531,6
146.18431198100006,19.890176,66.718,6
146.2007779079995,19.929024000000002,66.718,6
146.21808043499914,19.967872,66.718,6
146.23456773899852,20.00672,66.656,6
146.2510260179988,20.00672,66.906,6
146.26766359799876,20.045568,66.875,6
146.28428476199952,20.084416,66.875,6
146.30069638399982,20.162112,66.781,6
146.3178064249987,20.162112,66.843,6
146.33528758099965,20.162112,66.875,6
146.352784961,20.239808,66.968,6
146.36998511699858,20.239808,67.031,6
146.38732293999965,20.278655999999998,67.0,6
146.40465074799977,20.045568,66.75,6
146.42176370099878,19.967872,67.062,6
146.43872720999934,19.890176,66.937,6
146.45597171899863,19.851328000000002,66.656,6
146.4729547809984,19.890176,66.656,6
146.48976170999958,19.967872,66.531,6
146.50604532799844,19.967872,67.0,6
146.52255752899873,20.00672,67.031,6
146.5390880019986,20.045568,66.812,6
146.55560068299928,20.084416,66.781,6
146.57203419399957,20.162112,67.25,6
146.58831349199863,20.239808,67.187,6
146.60580696799843,20.278655999999998,67.0,6
146.62140397499934,20.317504,67.0,6
146.63716511499842,20.317504,66.937,6
146.65342198100006,20.356351999999998,67.218,6
146.6696015969992,20.162112,67.218,6
146.6866128189995,20.084416,66.875,6
146.7036734509984,19.967872,66.5,6
146.72234599999865,19.890176,66.718,6
146.74050010199971,19.929024000000002,66.656,6
146.75823860899982,19.967872,66.718,6
146.77539268299915,19.967872,66.812,6
146.79284836599982,20.00672,66.812,6
146.81055099999867,20.045568,67.218,6
146.82808322899837,20.123264,67.062,6
146.84579776699866,20.162112,66.781,6
146.86538694799856,20.239808,66.937,6
146.88270637200003,20.278655999999998,66.843,6
146.90062609899906,20.278655999999998,67.031,6
146.91766593099965,20.239808,66.937,6
146.9345402529998,20.123264,66.875,6
146.95072735699978,19.929024000000002,66.812,6
146.96776987699923,19.851328000000002,66.937,6
146.9850623229995,19.767295999999998,66.843,6
147.00223233399993,19.767295999999998,66.937,6
147.01856888199836,19.773632000000003,66.562,6
147.0363417569988,19.81248,67.093,6
147.05288791099883,19.851328000000002,67.0,6
147.0695223549992,19.890176,67.0,6
147.08616262399846,19.929024000000002,67.031,6
147.10283921299924,20.00672,66.687,6
147.11926033899908,20.00672,67.218,6
147.13583129299877,20.045568,67.125,6
147.15261153399842,20.123264,66.968,6
147.16905256399878,20.162112,66.906,6
147.1856618239999,20.20096,66.75,6
147.20271883999885,20.20096,67.062,6
147.21971802999906,20.045568,66.968,6
147.23715044799974,19.967872,66.718,6
147.2545674739995,19.890176,66.843,6
147.27342137099913,19.851328000000002,66.718,6
147.29146078199847,19.890176,67.0,6
147.3097161349997,19.967872,66.875,6
147.32726993299912,19.967872,66.625,6
147.3449430619985,20.00672,66.75,6
147.36235320699961,20.045568,66.875,6
147.37979058599922,20.123264,66.781,6
147.39751728400006,20.162112,67.031,6
147.41588127999967,20.239808,66.843,6
147.43366186799904,20.239808,67.125,6
147.45114532799926,20.278655999999998,67.093,6
147.46836849200008,20.317504,66.75,6
147.4857325239991,20.162112,66.906,6
147.50289703099952,20.045568,67.0,6
147.5200774419991,19.929024000000002,66.437,6
147.5394540419984,19.851328000000002,66.968,6
147.55708956999842,19.81248,66.843,6
147.57607668699893,19.890176,66.593,6
147.5938852119998,19.929024000000002,67.031,6
147.61150742799873,19.967872,66.718,6
147.62970607499847,20.00672,66.968,6
147.64763927499916,20.084416,66.968,6
147.66544024699942,20.162112,67.25,6
147.6833031419992,20.239808,67.062,6
147.70063834099892,20.278655999999998,67.0,6
147.71774495799946,20.278655999999998,66.718,6
147.73518851299923,20.317504,67.218,6
147.75234300299962,20.20096,67.031,6
147.76950491799835,20.045568,66.718,6
147.7866478879987,19.967872,66.718,6
147.80509719899965,19.929024000000002,66.937,6
147.82278709599996,19.929024000000002,67.031,6
147.84100423999917,19.967872,67.0,6
147.8588756779991,20.00672,66.687,6
147.8763222409998,20.00672,66.656,6
147.89475830299853,20.084416,66.875,6
147.91348102899974,20.084416,67.093,6
147.93181734399877,20.123264,67.0,6
147.9505949509985,20.20096,66.718,6
147.9685646959988,20.239808,67.312,6
147.98584827800005,20.278655999999998,66.812,6
148.00311512400003,20.317504,66.875,6
148.02070796299995,20.278655999999998,67.062,6
148.03787704599927,20.084416,66.812,6
148.05504968099922,20.00672,66.968,6
148.0733263459988,19.967872,67.031,6
148.0908483989988,19.929024000000002,66.781,6
148.1106698429994,19.967872,66.75,6
148.1274943089993,20.00672,66.656,6
148.1441395689999,19.929024000000002,66.656,6
148.1607350359991,19.929024000000002,66.718,6
148.17737213599867,20.00672,66.718,6
148.19388132899985,20.045568,66.875,6
148.21025317399835,20.123264,66.937,6
148.22720465099883,20.20096,66.781,6
148.24327885499952,20.239808,66.781,6
148.25900136999917,20.239808,66.718,6
148.27482865599995,20.278655999999998,66.718,6
148.29179053299958,20.278655999999998,67.281,6
148.30850021199876,20.084416,66.75,6
148.3255722039994,20.00672,66.656,6
148.3425339209989,19.961856,66.687,6
148.3599941479988,19.961856,66.812,6
148.37645300299846,19.967872,66.781,6
148.39305262999915,20.00672,66.718,6
148.40960211199854,20.045568,66.656,6
148.4259005469994,20.045568,66.718,6
148.44238580299861,20.084416,66.906,6
148.45878088099926,20.162112,66.937,6
148.47541298899887,20.20096,66.875,6
148.49198439099928,20.278655999999998,66.781,6
148.50864520399955,20.317504,66.875,6
148.52569197899902,20.356351999999998,66.937,6
148.54183284200008,20.356351999999998,66.812,6
148.55874793399926,20.356351999999998,66.875,6
148.57585771899903,20.162112,66.875,6
148.5928548289994,20.045568,66.781,6
148.60986227600006,20.00672,66.906,6
148.6272979259993,19.967872,67.0,6
148.64396945899898,20.045568,66.906,6
148.66050998099854,20.084416,66.843,6
148.6768976659987,20.084416,66.843,6
148.69346170799872,20.123264,66.75,6
148.7099229639989,20.162112,67.0,6
148.7265911049999,20.084416,66.875,6
148.74321223599873,20.162112,66.875,6
148.75966293199963,20.20096,66.906,6
148.77621196499967,20.278655999999998,66.812,6
148.79187681499934,20.278655999999998,66.75,6
148.80764592299965,20.317504,66.718,6
148.823377237999,20.317504,67.25,6
148.8403959169991,20.162112,66.968,6
148.85741251499894,20.084416,66.718,6
148.87440383299872,19.967872,66.468,6
148.89194873499946,19.967872,66.906,6
148.90879492899876,19.890176,66.718,6
148.9269123260001,19.929024000000002,66.968,6
148.94337722899945,19.967872,66.875,6
148.95976593899832,20.00672,66.843,6
148.976094742,20.00672,66.843,6
148.9923872569998,20.084416,66.937,6
149.0086687949988,20.123264,66.906,6
149.0251016659986,20.162112,67.0,6
149.04195909199916,20.239808,66.875,6
149.05791438199958,20.278655999999998,66.843,6
149.07397152999874,20.278655999999998,66.843,6
149.0899551399998,20.317504,66.75,6
149.10648145300001,20.239808,66.812,6
149.12383044499984,20.045568,66.781,6
149.14087206799923,19.967872,66.812,6
149.16012434499862,19.890176,67.062,6
149.17671773199982,19.890176,67.0,6
149.19291645199883,19.929024000000002,66.718,6
149.21071038399896,19.967872,67.125,6
149.2286151999997,20.00672,67.093,6
149.24616083699948,20.045568,66.781,6
149.2638529099986,20.084416,66.75,6
149.28164863499842,20.123264,66.937,6
149.29919462399994,20.20096,66.875,6
149.3170743189985,20.278655999999998,67.0,6
149.33473285499895,20.162112,66.937,6
149.35250310699848,20.20096,66.656,6
149.3698106569991,20.239808,67.218,6
149.38717203399938,20.084416,67.25,6
149.40435609299857,19.967872,66.687,6
149.42154290399958,19.890176,66.812,6
149.44038073699994,19.851328000000002,66.843,6
149.45831902600003,19.890176,67.031,6
149.47758951099968,19.929024000000002,66.968,6
149.49530097699972,19.967872,66.718,6
149.51281870899948,20.00672,66.718,6
149.53065808299834,20.045568,66.906,6
149.54858533099832,20.084416,67.125,6
149.5664723209993,20.162112,67.031,6
149.5848216609993,20.20096,66.75,6
149.60227926399966,20.239808,67.25,6
149.61987898299958,20.278655999999998,67.062,6
149.63716784499957,20.278655999999998,66.781,6
149.65461594299995,20.162112,66.968,6
149.6718244199983,20.045568,66.843,6
149.6891428509989,19.967872,66.687,6
149.70643945699885,19.929024000000002,66.781,6
149.72300823499972,19.929024000000002,67.0,6
149.7404323009996,20.00672,66.875,6
149.75685345999955,20.00672,66.812,6
149.7732916419991,20.045568,66.781,6
149.78984739599946,20.084416,66.843,6
149.80619411999942,20.123264,67.125,6
149.82274129799953,20.20096,67.0,6
149.8391158309987,20.239808,66.937,6
149.8561987999983,20.317504,66.843,6
149.8723019329991,20.356351999999998,66.843,6
149.88869528299983,20.356351999999998,67.0,6
149.90501512599985,20.3952,66.781,6
149.92298883900003,20.20096,66.875,6
149.94025501299984,19.967872,66.843,6
149.95723615399947,19.890176,66.718,6
149.97433681999973,19.81248,66.875,6
149.99172722099865,19.81248,67.125,6
150.00837075299933,19.890176,66.968,6
150.02582707599868,19.929024000000002,66.656,6
150.0436787059989,19.929024000000002,66.687,6
150.06116878899957,20.00672,66.937,6
150.0789041600001,20.00672,66.875,6
150.0967140929988,20.084416,67.125,6
150.11398381799881,20.123264,66.968,6
150.13331081699835,20.162112,66.718,6
150.15049100399847,20.20096,67.156,6
150.16831610499867,20.239808,66.812,6
150.18562055199982,20.278655999999998,66.75,6
150.20266867200007,20.084416,66.843,6
150.21968955800003,20.00672,66.781,6
150.2369377799987,19.890176,66.718,6
150.25406346899945,19.890176,66.781,6
150.27055240499976,19.929024000000002,66.875,6
150.28898097899946,19.967872,66.812,6
150.30690925099952,20.00672,67.062,6
150.32433168499847,20.045568,67.031,6
150.34224318799897,20.084416,66.843,6
150.3601165149994,20.162112,66.812,6
150.37785226899905,20.20096,66.937,6
150.39719459599837,20.239808,67.125,6
150.4148194999998,20.278655999999998,67.062,6
150.432201100999,20.317504,66.718,6
150.44961316599984,20.317504,67.312,6
150.46700987199984,20.20096,67.25,6
150.48435495899867,20.084416,66.718,6
150.50180705799903,19.967872,66.781,6
150.52096208399962,19.929024000000002,66.812,6
150.5389312849984,19.851328000000002,67.0,6
150.5579250589999,19.890176,66.718,6
150.5755507619997,19.929024000000002,66.593,6
150.59282845599955,19.967872,66.718,6
150.61043268699905,20.00672,66.843,6
150.6282371799989,20.045568,67.125,6
150.64625217399953,20.123264,67.156,6
150.66470769199987,20.20096,66.875,6
150.6822961149992,20.239808,67.25,6
150.69976318999943,20.239808,67.218,6
150.71717695199914,20.278655999999998,66.875,6
150.73441121999895,20.20096,67.0,6
150.75159332799922,20.045568,66.843,6
150.7687703470001,19.967872,66.656,6
150.7873136119997,19.890176,67.187,6
150.8048310239992,19.890176,66.968,6
150.823082633,19.929024000000002,66.718,6
150.8410384259987,20.00672,67.156,6
150.85847634799939,20.045568,66.843,6
150.8762294149983,20.045568,66.843,6
150.8940572369993,20.123264,67.125,6
150.91189651399873,20.162112,67.375,6
150.9302733099994,20.20096,67.156,6
150.9482702239984,20.239808,67.093,6
150.96577918799994,20.278655999999998,66.75,6
150.98291038199932,20.278655999999998,66.75,6
151.00034737699934,20.278655999999998,67.093,6
151.0175529729986,20.045568,66.875,6
151.0347460239991,19.967872,66.718,6
151.05197792499894,19.929024000000002,66.968,6
151.07046489999993,19.890176,67.218,6
151.08904259799965,19.967872,67.062,6
151.10689829199873,20.00672,66.781,6
151.12435551099952,20.00672,66.531,6
151.1420448959998,19.929024000000002,66.781,6
151.1594073289998,19.967872,66.875,6
151.17738145799922,20.045568,67.062,6
151.1956238499988,20.084416,66.968,6
151.21347800799958,20.162112,66.718,6
151.23057588899974,20.20096,67.25,6
151.24794302599912,20.20096,66.875,6
151.26543595699877,20.239808,66.843,6
151.28300559499985,20.123264,66.906,6
151.30026684099903,20.00672,66.656,6
151.31741761899866,19.929024000000002,67.0,6
151.33616780199918,19.890176,67.031,6
151.3539498299997,19.890176,66.625,6
151.37387998099985,19.967872,66.781,6
151.39152888499848,20.00672,66.75,6
151.40886232499906,20.045568,67.062,6
151.42659820799963,20.084416,67.093,6
151.44449479899959,20.123264,66.812,6
151.46219090399973,20.20096,67.218,6
151.48125786299897,20.239808,66.875,6
151.49885623799855,20.278655999999998,66.843,6
151.51603197699842,20.317504,66.968,6
151.53345396299846,20.317504,66.968,6
151.5510052009995,20.20096,67.093,6
151.56825780599866,20.084416,66.906,6
151.58542295299958,20.00672,66.781,6
151.6039508569993,19.967872,66.75,6
151.62152990399954,19.967872,66.843,6
151.64112388600006,20.045568,66.843,6
151.65867480299858,20.045568,66.968,6
151.67628386599972,20.084416,67.031,6
151.69384979200004,20.123264,67.343,6
151.7114932559998,20.20096,67.281,6
151.73007626599974,20.123264,66.812,6
151.74912530499932,20.20096,66.968,6
151.76649234599972,20.239808,66.843,6
151.78387602599832,20.239808,67.156,6
151.8016733509994,20.278655999999998,67.093,6
151.8190625039988,20.162112,67.187,6
151.83649908199914,20.00672,66.625,6
151.8537075259992,19.967872,66.562,6
151.87357239599987,19.890176,66.906,6
151.89114116999917,19.890176,66.968,6
151.9105618349986,19.929024000000002,66.687,6
151.92852517999927,19.929024000000002,67.093,6
151.94599609499892,19.929024000000002,66.75,6
151.96381383599874,19.967872,66.812,6
151.98145825999927,20.045568,67.0,6
151.99894133499947,20.084416,67.062,6
152.0167316520001,20.123264,67.218,6
152.03450497499944,20.20096,67.125,6
152.0517323639997,20.20096,67.031,6
152.06892803899973,20.239808,66.781,6
152.08644090799862,20.239808,67.343,6
152.10369751299913,20.00672,66.781,6
152.12091648499882,19.929024000000002,66.687,6
152.13835383199876,19.851328000000002,66.937,6
152.15684675899865,19.851328000000002,66.843,6
152.17471013299837,19.890176,67.031,6
152.19305854499908,19.929024000000002,66.968,6
152.21066344799874,19.967872,66.718,6
152.22826483099925,20.00672,66.718,6
152.24602266599868,20.084416,66.906,6
152.263752724999,20.123264,66.875,6
152.28129570599958,20.20096,67.125,6
152.29919524099932,20.239808,67.0,6
152.31657601000006,20.278655999999998,67.218,6
152.3339547939995,20.20096,67.031,6
152.35123834499973,20.20096,66.812,6
152.36891454499892,20.084416,66.937,6
152.38616420699873,19.967872,66.656,6
152.40331674499976,19.929024000000002,66.656,6
152.422633406999,19.851328000000002,67.062,6
152.44018406899886,19.851328000000002,66.75,6
152.4599208389991,19.929024000000002,66.75,6
152.47761931199966,19.967872,66.843,6
152.49496795199957,19.967872,66.812,6
152.5125543589984,20.00672,67.093,6
152.5304114289993,20.084416,66.937,6
152.5481363989984,20.123264,67.343,6
152.56791803399938,20.20096,66.875,6
152.58549890499853,20.20096,66.906,6
152.602741142,20.239808,66.812,6
152.62021519299924,20.239808,66.937,6
152.63768098799846,20.123264,67.031,6
152.654834166,20.00672,67.031,6
152.67233458699957,19.929024000000002,66.781,6
152.6914020259992,19.890176,66.656,6
152.70890103799866,19.890176,66.781,6
152.72837437699854,19.967872,66.812,6
152.74642418799885,20.00672,66.937,6
152.76383586999873,20.00672,66.937,6
152.7814562929998,20.045568,67.281,6
152.79925147299946,20.123264,67.218,6
152.8171282559997,20.162112,66.937,6
152.8359904099998,20.239808,67.062,6
152.85347281299983,20.278655999999998,66.968,6
152.8709983539993,20.317504,66.875,6
152.88838001899967,20.317504,67.093,6
152.9061211169992,20.20096,67.156,6
152.9236511379986,20.084416,66.5,6
152.94151540899838,19.890176,66.937,6
152.95975341699886,19.81248,66.843,6
152.97743115399862,19.81248,66.968,6
152.995448484,19.851328000000002,66.812,6
153.01323294399845,19.929024000000002,66.812,6
153.03065128199887,19.929024000000002,67.093,6
153.04820799199842,19.967872,67.093,6
153.06559912899866,20.045568,66.875,6
153.08339862899993,20.084416,66.812,6
153.1010972949989,20.162112,66.937,6
153.11884693799948,20.20096,66.875,6
153.13616578499932,20.162112,67.0,6
153.15404999199927,20.20096,67.0,6
153.17167921500004,20.20096,67.312,6
153.18885408999995,20.00672,67.218,6
153.20612640799845,19.929024000000002,66.968,6
153.22337018100006,19.890176,66.843,6
153.24162626999896,19.851328000000002,66.875,6
153.25930077499834,19.890176,66.781,6
153.2773191289998,19.929024000000002,66.968,6
153.29523143299957,19.967872,66.937,6
153.31287102499846,20.00672,66.781,6
153.3304210139995,20.045568,67.281,6
153.34844045699901,20.123264,66.906,6
153.36598401399897,20.162112,66.875,6
153.38389516499956,20.20096,66.968,6
153.4012925749994,20.239808,66.875,6
153.41904631399848,20.278655999999998,66.875,6
153.43653262099906,20.317504,67.187,6
153.4539295509985,20.123264,67.187,6
153.4711881079984,20.045568,66.718,6
153.48851233099958,19.929024000000002,67.187,6
153.50696736999998,19.929024000000002,66.75,6
153.52476930199919,19.929024000000002,66.781,6
153.54347561199938,19.929024000000002,66.843,6
153.56112640399988,19.929024000000002,67.125,6
153.5788377099998,19.929024000000002,67.125,6
153.59678450999854,20.00672,66.906,6
153.61519554799997,20.045568,66.812,6
153.63303834499857,20.084416,66.937,6
153.6513867249996,20.162112,66.875,6
153.66858159999902,20.20096,67.125,6
153.68585481399896,20.239808,67.031,6
153.70363431399892,20.239808,66.812,6
153.72157135399902,20.123264,67.343,6
153.73884946399994,20.00672,66.812,6
153.75637999699939,19.929024000000002,66.906,6
153.7761587519999,19.890176,66.906,6
153.79406673499943,19.929024000000002,67.062,6
153.81303669999943,19.967872,67.093,6
153.83066528399831,20.00672,66.781,6
153.8480083559989,20.00672,66.875,6
153.86573367799974,20.045568,67.031,6
153.8836264929996,20.123264,66.875,6
153.90136416699897,20.162112,67.093,6
153.9208842909993,20.278655999999998,66.75,6
153.93893679099892,20.239808,66.718,6
153.9566094719994,20.239808,66.906,6
153.9740571859984,20.278655999999998,66.781,6
153.9913132799993,20.162112,67.218,6
154.00854623599844,20.00672,66.843,6
154.02581756199834,19.967872,66.937,6
154.04482000799908,19.890176,67.25,6
154.06230247499843,19.890176,66.781,6
154.0819410339991,19.967872,66.906,6
154.10014643399882,19.967872,66.843,6
154.1178683959988,20.00672,67.156,6
154.13576757899864,20.00672,66.906,6
154.1533840029988,19.929024000000002,66.718,6
154.17106660399986,20.045568,66.781,6
154.18984542699945,20.084416,66.843,6
154.2076709439989,20.123264,67.156,6
154.22544788399864,20.162112,67.031,6
154.2428290049993,20.162112,66.968,6
154.26029319999907,20.162112,67.406,6
154.27746477899927,19.967872,67.187,6
154.2946066609984,19.890176,66.906,6
154.31179206499837,19.81248,66.875,6
154.33012367599986,19.81248,66.875,6
154.3482635370001,19.890176,66.75,6
154.36649268199835,19.929024000000002,67.031,6
154.38394413999958,19.929024000000002,67.0,6
154.40145473699886,19.967872,66.718,6
154.41904783099926,20.00672,67.281,6
154.4367815379992,20.045568,66.968,6
154.4543732889997,20.123264,66.875,6
154.4722629349999,20.20096,66.968,6
154.48952421299873,20.239808,66.968,6
154.50690901399867,20.239808,67.218,6
154.52479177999885,20.278655999999998,67.156,6
154.54193545499948,20.084416,67.187,6
154.5591357379999,20.00672,66.718,6
154.57634283799962,19.929024000000002,67.187,6
154.59469003399863,19.929024000000002,66.781,6
154.6123441539985,19.967872,66.75,6
154.63025988199843,20.00672,66.875,6
154.6477429890001,20.045568,66.843,6
154.66521768099847,20.045568,67.218,6
154.6828414319989,20.084416,67.156,6
154.7005588819993,20.162112,66.968,6
154.71828449299937,20.239808,67.343,6
154.73701384299966,20.20096,66.843,6
154.7545501679997,20.20096,66.75,6
154.77203775599992,20.239808,66.906,6
154.78948370999933,20.239808,67.0,6
154.80657439099923,20.162112,67.062,6
154.8237412339986,20.00672,66.968,6
154.84074279199922,19.967872,66.906,6
154.85872770599963,19.890176,66.843,6
154.87528358799864,19.890176,67.218,6
154.89191623999977,19.929024000000002,67.093,6
154.908906405999,19.967872,67.0,6
154.92549335999865,20.00672,66.968,6
154.94189378199917,20.045568,66.687,6
154.95853971499855,20.045568,67.281,6
154.9748167409998,20.084416,67.218,6
154.99121293799908,20.084416,67.125,6
155.00802617099907,20.20096,67.062,6
155.02409298399834,20.239808,66.937,6
155.03983521099872,20.239808,66.968,6
155.05604237999978,20.278655999999998,67.062,6
155.07276648999868,20.239808,67.218,6
155.0897605279988,20.045568,67.0,6
155.1066646119998,19.967872,67.125,6
155.1238918399995,19.929024000000002,67.125,6
155.141538984999,19.851328000000002,66.875,6
155.15795156700005,19.890176,67.0,6
155.17435518799903,19.967872,66.718,6
155.19089142199846,20.00672,67.187,6
155.2072361619994,20.00672,67.125,6
155.22381393199976,20.045568,67.093,6
155.24044341599983,20.123264,67.156,6
155.25689958399926,20.162112,66.906,6
155.27363031799905,20.20096,67.281,6
155.28978894099964,20.239808,67.187,6
155.30554041699907,20.278655999999998,67.031,6
155.32135909499993,20.278655999999998,67.031,6
155.33887861899893,20.20096,67.281,6
155.35633874999985,20.045568,67.281,6
155.37346866400003,19.967872,66.875,6
155.39045902199905,19.851328000000002,66.625,6
155.407832719,19.81248,66.812,6
155.42420369899992,19.81248,67.187,6
155.44214832399848,19.890176,66.875,6
155.45874311899934,19.929024000000002,66.75,6
155.4750832509999,19.967872,66.812,6
155.49126981099835,19.967872,66.718,6
155.50754053299897,20.045568,67.312,6
155.52398738800002,20.084416,67.343,6
155.54029043099945,20.162112,66.937,6
155.5571352169991,20.20096,66.843,6
155.57307431299887,20.239808,67.343,6
155.58921562399883,20.278655999999998,67.218,6
155.60580459499943,20.278655999999998,67.125,6
155.62311390600007,20.123264,67.0,6
155.6401747939999,20.045568,66.718,6
155.65738995799984,19.929024000000002,66.937,6
155.6738548609992,19.611648000000002,66.531,6
155.6903263889999,19.222527999999997,66.156,6
155.70650789199863,18.794496,65.781,6
155.72273630899872,18.435648,65.593,6
155.7388741959985,18.084864000000003,66.031,6
155.75497441699918,17.734080000000002,65.781,6
155.77132546099892,17.41184,65.75,6
155.78737822499897,17.099520000000002,65.593,6
155.80372504599836,16.787200000000002,65.531,6
155.82069303499884,16.462784,65.718,6
155.83782566899936,16.149952,65.187,6
155.89698388099896,15.27552,65.656,7
155.91371291999894,15.040512000000001,65.406,7
155.93098261399973,14.88384,65.093,7
155.94779968699913,14.688,65.062,7
155.96436459299912,14.49216,65.593,7
155.9807035089998,14.358912,65.406,7
155.9969328219995,14.162752000000001,65.281,7
156.01318930399975,13.966592,65.156,7
156.02946332200008,13.809664000000001,65.062,7
156.04566824999893,13.613504,65.437,7
156.061772088,13.495808,65.187,7
156.07804332199885,13.36064,65.187,7
156.0951224499986,13.282048000000001,65.0,7
156.11163727499843,13.164159999999999,65.281,7
156.128676721999,13.085567999999999,65.281,7
156.14766988799965,13.282048000000001,65.5,7
156.1643760779989,13.456575999999998,65.468,7
156.18094671199833,13.731200000000001,65.593,7
156.1978380269993,14.045056,66.156,7
156.2142388329994,14.31968,66.187,7
156.2307763459994,14.609664,66.0,7
156.24729942699923,14.88384,66.031,7
156.26492321099977,15.197184,66.218,7
156.28223156199965,15.510528,66.281,7
156.2987110260001,15.719808,66.25,7
156.31450864699946,15.954432,66.281,7
156.3309641099986,16.189056,66.218,7
156.34686336599952,16.384576000000003,66.218,7
156.36298550799984,16.580096,66.781,7
156.37994098499985,16.580096,66.312,7
156.39699835200008,16.697408,66.156,7
156.41426049399888,16.787200000000002,66.218,7
156.43135690300005,16.90432,66.312,7
156.4492077649993,17.06048,66.406,7
156.4658524489987,17.25568,66.312,7
156.48243044399896,17.372799999999998,66.375,7
156.4987891359997,17.489919999999998,66.468,7
156.51538921099927,17.64608,66.625,7
156.53210071299873,17.7632,66.312,7
156.54872485299893,17.812032,66.437,7
156.5649862629998,17.92896,66.687,7
156.582098416,18.084864000000003,66.5,7
156.59781030699924,18.201792,66.593,7
156.6138110060001,18.279743999999997,66.5,7
156.6300404149988,18.396672,66.531,7
156.6466668590001,18.318720000000003,66.625,7
156.66376745999878,18.279743999999997,66.468,7
156.680733752999,18.279743999999997,66.312,7
156.69874935499865,18.318720000000003,66.625,7
156.71543346499857,18.396672,66.625,7
156.73204413199892,18.5136,66.562,7
156.74865089599916,18.591552,66.562,7
156.7651639279993,18.669504,66.625,7
156.78182742899844,18.747456,66.531,7
156.79829895699913,18.864383999999998,66.875,7
156.81472817899885,18.950144,66.781,7
156.83121957999901,19.027968,66.718,7
156.84855423499903,19.183616,66.625,7
156.8652595929998,19.26144,66.843,7
156.8820109039989,19.300352,66.718,7
156.89897783800006,19.378176,66.781,7
156.91604493399973,19.222527999999997,67.093,7
156.93324636999932,19.183616,66.718,7
156.94986247699853,19.144704,66.468,7
156.96792848099903,19.06688,67.062,7
156.98445056999844,19.105792,66.843,7
157.00085476799904,19.183616,66.718,7
157.01720385999943,19.26144,66.718,7
157.03353135199905,19.300352,66.687,7
157.04982930699953,19.378176,66.781,7
157.06616355000006,19.417088,67.0,7
157.08254493200002,19.494912,67.0,7
157.0988746949988,19.611648000000002,66.968,7
157.1158758699985,19.689472000000002,66.843,7
157.13230541199846,19.767295999999998,66.718,7
157.14802424699883,19.689472000000002,66.625,7
157.1645138549993,19.689472000000002,66.781,7
157.18071670299832,19.689472000000002,66.937,7
157.1978436089994,19.494912,66.843,7
157.21485246299926,19.456,66.625,7
157.23198660099843,19.417088,66.937,7
157.24892153399924,19.417088,66.781,7
157.26628521399834,19.494912,66.75,7
157.28258435299904,19.572736,66.687,7
157.2989465339997,19.611648000000002,67.0,7
157.3152410319999,19.650560000000002,66.937,7
157.3319169819988,19.689472000000002,66.906,7
157.3483479639999,19.767295999999998,66.812,7
157.36467423999966,19.845119999999998,66.812,7
157.38127706699925,19.922944,67.062,7
157.39753457299958,19.967872,67.031,7
157.41374129299948,20.00672,66.843,7
157.43055004599955,20.045568,66.875,7
157.44734570999935,20.045568,66.812,7
157.4643307239985,19.922944,66.968,7
157.48155104099897,19.845119999999998,66.75,7
157.4987696929984,19.806207999999998,66.781,7
157.51586162199965,19.767295999999998,67.031,7
157.53263312599847,19.806207999999998,66.937,7
157.54905476399836,19.884031999999998,66.937,7
157.5655287239988,19.922944,66.843,7
157.58180859799904,19.922944,66.875,7
157.5982745249985,19.967872,67.156,7
157.61474416499914,19.967872,67.031,7
157.6311046489991,20.045568,66.968,7
157.64751201499894,20.123264,66.937,7
157.66482926199933,20.162112,66.75,7
157.68163292699865,20.20096,67.093,7
157.6982893559998,20.239808,67.093,7
157.71530672299923,20.239808,67.093,7
157.7323114489991,20.045568,66.656,7
157.74946837199968,19.890176,66.968,7
157.76550500699886,19.845119999999998,66.781,7
157.78290142399965,19.806207999999998,66.968,7
157.79949586699877,19.806207999999998,66.593,7
157.81737748199885,19.884031999999998,66.593,7
157.8339571409997,19.890176,67.031,7
157.85052627099867,19.929024000000002,66.718,7
157.86720977199911,19.967872,66.718,7
157.88374459799888,20.00672,66.781,7
157.90043968399914,20.045568,66.812,7
157.91664851599853,20.123264,66.843,7
157.93477784899915,20.20096,66.75,7
157.9516464119988,20.162112,66.656,7
157.96863366599973,20.162112,66.75,7
157.9853839849984,20.162112,66.812,7
158.00273112099967,20.045568,66.937,7
158.01974000799964,19.967872,66.75,7
158.0368336319989,19.922944,66.593,7
158.05428601899985,19.884031999999998,66.875,7
158.0704984999993,19.845119999999998,66.781,7
158.08791018099873,19.890176,66.843,7
158.1061408939986,19.929024000000002,66.656,7
158.12370297899906,19.967872,66.656,7
158.14148871899852,20.00672,66.875,7
158.15962726899852,20.00672,66.843,7
158.1776021659989,20.084416,67.0,7
158.19504572099868,20.162112,67.0,7
158.21298282499993,20.20096,67.218,7
158.23058558399862,20.239808,67.093,7
158.24823141599882,20.239808,66.781,7
158.2655346470001,20.20096,66.906,7
158.28269144099977,20.00672,66.656,7
158.2998915649987,19.967872,66.718,7
158.31817927099837,19.890176,67.125,7
158.33598139499918,19.890176,66.75,7
158.35368607700002,19.81248,66.718,7
158.37162375699882,19.851328000000002,67.0,7
158.3893285669983,19.929024000000002,66.656,7
158.40684457099997,19.929024000000002,66.75,7
158.42439721699884,20.00672,66.781,7
158.4420960110001,20.045568,66.937,7
158.45951329199852,20.084416,67.187,7
158.47793120999995,20.162112,67.125,7
158.49599862200012,20.20096,66.781,7
158.51330789999884,20.20096,66.781,7
158.53082499299853,20.239808,67.187,7
158.54818912099836,20.045568,66.968,7
158.5653626200001,19.967872,66.75,7
158.58261544999914,19.890176,66.843,7
158.6008827709993,19.851328000000002,66.781,7
158.6185428109984,19.890176,67.031,7
158.6375109519995,19.967872,66.875,7
158.65498433099856,20.00672,66.656,7
158.67299468599958,20.00672,66.875,7
158.69061638899984,20.045568,66.937,7
158.70833982299882,20.123264,67.156,7
158.72611301899997,20.162112,67.0,7
158.74467263599945,20.239808,66.718,7
158.7625062499992,20.278655999999998,67.218,7
158.78043394499946,20.317504,66.843,7
158.79762651700003,20.317504,66.781,7
158.81537542399928,20.162112,67.125,7
158.83260415699988,20.045568,66.781,7
158.84987458599971,19.967872,67.062,7
158.8684134669984,19.929024000000002,66.687,7
158.88850547899892,20.00672,66.781,7
158.9088962829992,20.045568,66.812,7
158.92661779699847,20.084416,67.062,7
158.94468069699906,20.084416,66.781,7
158.96275450899884,20.045568,66.656,7
158.98065583599964,20.084416,66.937,7
158.99883944299836,20.123264,66.875,7
159.01759288999892,20.20096,67.093,7
159.03509846199995,20.239808,67.093,7
159.05268227599845,20.278655999999998,66.75,7
159.06991468899832,20.278655999999998,67.125,7
159.08732326599966,20.162112,66.968,7
159.1044839649985,20.045568,66.75,7
159.12179990000004,20.000768,66.781,7
159.14143609099847,19.922944,66.687,7
159.16476223999962,19.890176,66.75,7
159.18329977699977,19.929024000000002,66.843,7
159.20151832899865,19.967872,66.718,7
159.21914812899922,20.00672,66.781,7
159.23686164299943,20.045568,67.0,7
159.25456347599902,20.084416,66.843,7
159.2719858779983,20.162112,66.906,7
159.28984224399937,20.239808,66.968,7
159.30745927599855,20.239808,67.218,7
159.3253807309993,20.278655999999998,67.125,7
159.34273922799912,20.278655999999998,67.062,7
159.36034057799952,20.123264,66.843,7
159.37760755199997,20.045568,67.218,7
159.394800348,19.929024000000002,66.75,7
159.41373299899897,19.890176,66.968,7
159.43239060299857,19.929024000000002,66.812,7
159.45053430499865,20.00672,66.593,7
159.46869554399927,20.045568,67.093,7
159.48661437499868,20.084416,66.875,7
159.50432811299834,20.123264,67.093,7
159.52229094599898,20.162112,67.062,7
159.5398829529986,20.162112,67.156,7
159.55861249499867,20.162112,67.062,7
159.57628600799944,20.20096,66.718,7
159.59358510999846,20.239808,66.75,7
159.61107685799834,20.239808,66.812,7
159.62891159099854,20.123264,66.968,7
159.6461297959995,20.00672,66.718,7
159.66367725700002,19.929024000000002,66.75,7
159.6824615209989,19.890176,66.625,7
159.70265673499853,19.890176,66.781,7
159.72058603099867,19.967872,66.781,7
159.73878480699932,20.00672,66.937,7
159.75650408099864,20.045568,66.968,7
159.77437369499967,20.084416,67.25,7
159.7923022549985,20.123264,66.937,7
159.8105141829983,20.20096,66.812,7
159.82878079999864,20.278655999999998,67.0,7
159.8471207629991,20.317504,66.812,7
159.8647775399986,20.317504,67.187,7
159.8820464649998,20.356351999999998,67.062,7
159.90017487099976,20.20096,66.906,7
159.91749461399922,20.084416,66.593,7
159.93555268199998,20.00672,66.687,7
159.9547140759987,19.929024000000002,66.968,7
159.9732488919999,19.890176,66.656,7
159.99210381400007,19.929024000000002,66.593,7
160.0104868819999,20.00672,66.781,7
160.02837601699866,20.045568,67.125,7
160.04637606699907,20.084416,67.093,7
160.06432168299943,20.123264,66.875,7
160.0825681719998,20.162112,67.25,7
160.10105105099865,20.239808,66.906,7
160.11888872899908,20.278655999999998,66.875,7
160.13653705699835,20.317504,66.968,7
160.15384047999942,20.278655999999998,66.781,7
160.17110543699891,20.084416,67.156,7
160.18838277899886,19.890176,66.906,7
160.20557320699845,19.851328000000002,66.781,7
160.2238987699984,19.773632000000003,66.812,7
160.24315539799863,19.806207999999998,66.781,7
160.26180628199836,19.851328000000002,66.906,7
160.28157486099917,19.890176,66.75,7
160.29906030499842,19.929024000000002,66.718,7
160.3168498849991,19.967872,66.875,7
160.3346359449988,20.00672,66.906,7
160.352867616999,20.045568,67.093,7
160.37068388599982,20.123264,66.968,7
160.3885349079992,20.20096,67.281,7
160.40594553299889,20.20096,67.156,7
160.42414693299907,20.239808,66.812,7
160.44138587299858,20.162112,66.906,7
160.45859882999866,20.00672,66.812,7
160.47586263499943,19.929024000000002,66.625,7
160.495243587,19.890176,67.156,7
160.51419687999987,19.851328000000002,66.718,7
160.533334112999,19.929024000000002,66.812,7
160.55206487099895,19.967872,66.812,7
160.5698745159989,20.00672,67.062,7
160.58777510699838,20.045568,67.0,7
160.60573573199872,20.084416,66.875,7
160.62355916899833,20.123264,67.312,7
160.6408782719991,20.20096,66.843,7
160.6586746999983,20.278655999999998,66.812,7
160.6763275079993,20.278655999999998,66.906,7
160.69366043599985,20.278655999999998,66.937,7
160.71111515899975,20.20096,67.312,7
160.72832549099985,20.045568,66.937,7
160.74553518299945,19.890176,66.781,7
160.7630474109992,19.81248,66.687,7
160.78208752199862,19.81248,66.812,7
160.8005835849999,19.851328000000002,66.968,7
160.82137411199983,19.929024000000002,66.75,7
160.83903482499954,19.929024000000002,66.718,7
160.8566812329991,19.967872,66.906,7
160.87463228999877,20.045568,66.875,7
160.89230394599872,20.084416,67.062,7
160.91026997900008,20.162112,67.031,7
160.92828359799933,20.239808,67.218,7
160.9460821699995,20.239808,67.125,7
160.9635435809996,20.239808,66.75,7
160.98090210899863,20.20096,66.843,7
160.9980922169998,20.00672,66.812,7
161.0152755399995,19.929024000000002,66.718,7
161.03250171199943,19.884031999999998,66.781,7
161.0513969549993,19.884031999999998,66.937,7
161.0695942909988,19.890176,66.562,7
161.0893038919985,19.967872,66.781,7
161.10690293900007,19.967872,66.781,7
161.12478621699847,20.00672,66.968,7
161.14255774899902,20.045568,67.0,7
161.1605578309991,20.045568,67.281,7
161.17814746899967,20.123264,67.218,7
161.19693925299907,20.20096,66.906,7
161.21362854699873,20.239808,66.781,7
161.22988905999955,20.239808,66.812,7
161.24663253199833,20.278655999999998,67.281,7
161.26363620199845,20.084416,67.0,7
161.28066198499982,20.00672,66.718,7
161.2976876399989,19.890176,66.812,7
161.31630866699925,19.851328000000002,66.906,7
161.33318490999955,19.890176,66.75,7
161.35066840099898,19.851328000000002,66.875,7
161.36753238799974,19.890176,66.937,7
161.38499795899952,19.890176,66.656,7
161.4030334979998,19.929024000000002,67.218,7
161.4208499589986,20.00672,66.968,7
161.43860299399967,20.084416,66.875,7
161.45725067799867,20.162112,67.0,7
161.47504403399944,20.20096,67.0,7
161.49258279099922,20.239808,67.156,7
161.51069327599907,20.239808,67.062,7
161.5279772419999,20.20096,66.937,7
161.54524837600002,20.00672,66.718,7
161.5625128849988,19.967872,66.593,7
161.58171725600005,19.851328000000002,67.125,7
161.60055668999848,19.851328000000002,66.968,7
161.61880298599863,19.929024000000002,66.687,7
161.6385427319983,19.967872,66.843,7
161.65632875999836,20.00672,67.031,7
161.67426048800007,20.045568,67.093,7
161.69212843899913,20.084416,66.843,7
161.70991539499846,20.162112,67.25,7
161.72775143999934,20.239808,66.906,7
161.74551433099987,20.278655999999998,66.812,7
161.7628471629996,20.317504,66.875,7
161.78040659199905,20.317504,66.968,7
161.79798560699965,20.20096,67.062,7
161.8152412519994,20.084416,66.937,7
161.8326487409995,20.00672,66.5,7
161.85232864599857,19.929024000000002,66.843,7
161.87130433899983,19.890176,66.781,7
161.8902177259988,19.967872,67.0,7
161.908286418,20.00672,66.968,7
161.926127454999,20.045568,66.812,7
161.9445547489995,20.084416,67.218,7
161.96150222599863,20.084416,66.812,7
161.9777429629994,20.084416,66.781,7
161.99413138399905,20.123264,66.781,7
162.01077130099839,20.162112,66.718,7
162.0268964829993,20.20096,67.218,7
162.04373102799946,20.239808,66.812,7
162.06075053899986,20.239808,66.781,7
162.07787283699872,20.084416,66.937,7
162.09483493799962,20.00672,66.875,7
162.11173390099975,19.890176,66.656,7
162.1300772249997,19.851328000000002,67.0,7
162.1472058269992,19.890176,66.906,7
162.16369261899854,19.890176,66.781,7
162.18083114099863,19.967872,66.843,7
162.19733220499984,20.00672,67.0,7
162.21398040999884,20.045568,67.0,7
162.23025804399913,20.084416,67.156,7
162.24657273499906,20.123264,67.0,7
162.26279113599958,20.162112,66.937,7
162.27985023199835,20.20096,66.812,7
162.29670660199918,20.239808,67.093,7
162.31301793300008,20.278655999999998,67.0,7
162.32948379699883,20.317504,67.0,7
162.34653338799944,20.162112,67.031,7
162.36349737699857,20.045568,66.937,7
162.38075651100007,19.967872,66.718,7
162.3987837609984,19.890176,66.781,7
162.41621451599894,19.890176,67.156,7
162.4332549869996,19.967872,66.968,7
162.4503579559987,20.00672,66.718,7
162.46676522599955,20.00672,66.75,7
162.48302199599857,20.045568,67.281,7
162.49958936599978,20.084416,67.343,7
162.51619817699975,20.162112,67.187,7
162.53268951299833,20.20096,66.843,7
162.5495328909983,20.162112,66.625,7
162.5661824079998,20.20096,67.156,7
162.58235427899854,20.20096,67.125,7
162.5995146259993,20.239808,66.875,7
162.61688604999836,20.123264,66.937,7
162.63393429799908,20.00672,66.718,7
162.65093131199865,19.929024000000002,66.625,7
162.66860882499896,19.922944,66.875,7
162.68544596299944,19.884031999999998,66.812,7
162.70206402299846,19.890176,66.937,7
162.719917892,19.967872,66.843,7
162.7362388879992,20.00672,66.812,7
162.75252461799937,20.045568,66.937,7
162.76878637999835,20.084416,66.906,7
162.78516904099888,20.123264,67.0,7
162.80153090199929,20.20096,67.031,7
162.81773010199868,20.239808,66.875,7
162.83450349399936,20.278655999999998,66.843,7
162.85054108999975,20.317504,66.843,7
162.86720628699914,20.317504,66.937,7
162.88406422499975,20.239808,67.093,7
162.90101106199836,20.084416,66.781,7
162.9179834030001,20.00672,66.718,7
162.93705401099942,19.929024000000002,66.906,7
162.9602571159994,19.967872,66.812,7
162.9772780029998,19.967872,66.781,7
162.99393417600004,19.967872,66.937,7
163.0103533499987,20.00672,66.937,7
163.02690177599834,20.00672,66.968,7
163.04361606199927,20.084416,66.937,7
163.0601002939984,20.123264,66.875,7
163.07651162799993,20.162112,67.031,7
163.0934543049989,20.239808,66.968,7
163.1098842629999,20.278655999999998,66.968,7
163.12669416799872,20.317504,66.906,7
163.14366698999947,20.317504,67.093,7
163.16080839200004,20.162112,67.0,7
163.17813824699988,19.967872,66.781,7
163.19514643000002,19.890176,66.906,7
163.2120312169991,19.851328000000002,67.156,7
163.2286863979989,19.851328000000002,66.968,7
163.24497212799906,19.890176,66.75,7
163.26174667199848,19.929024000000002,67.062,7
163.27824392799994,19.967872,67.125,7
163.29475196899875,19.967872,67.125,7
163.31105171599847,20.00672,67.125,7
163.32724963599867,20.084416,67.062,7
163.34370977099934,20.162112,67.0,7
163.35977389599975,20.20096,67.031,7
163.37695987499865,20.278655999999998,67.093,7
163.3935726539985,20.278655999999998,67.031,7
163.4108130349996,20.317504,66.968,7
163.42793168499884,20.20096,67.375,7
163.4450133729988,20.045568,67.031,7
163.46207653300007,20.00672,66.562,7
163.47916183799862,19.929024000000002,66.937,7
163.49564088599982,19.929024000000002,67.218,7
163.51188456699856,19.967872,67.062,7
163.5285626599998,20.00672,66.968,7
163.545072556999,20.045568,66.937,7
163.56145198599916,20.084416,66.812,7
163.57779071000004,20.084416,67.375,7
163.59431231899907,20.162112,67.218,7
163.6106362269984,20.20096,67.093,7
163.62753701399924,20.278655999999998,67.031,7
163.6441250889984,20.317504,67.375,7
163.66045194099934,20.317504,67.218,7
163.6773640880001,20.356351999999998,67.156,7
163.6943287819995,20.278655999999998,67.187,7
163.71128467499875,20.084416,66.687,7
163.72818872599964,20.045568,67.187,7
163.74610410199966,19.929024000000002,66.812,7
163.76404414999888,19.851328000000002,66.687,7
163.78048639699955,19.890176,66.718,7
163.7969905329992,19.967872,66.718,7
163.81357038399983,20.00672,66.812,7
163.83016236299954,20.00672,66.875,7
163.8465326079986,20.045568,66.968,7
163.86301754399938,20.084416,66.875,7
163.8792715290001,20.162112,67.437,7
163.8953154289993,20.20096,67.312,7
163.911394241999,20.239808,67.156,7
163.92777293499967,20.317504,66.906,7
163.9444258759995,20.317504,66.812,7
163.96236134799983,20.356351999999998,67.437,7
163.97919803699915,20.123264,67.0,7
163.99663605599926,20.00672,66.75,7
164.0140029999984,19.929024000000002,66.937,7
164.03320679499848,19.890176,67.125,7
164.05124105399955,19.929024000000002,67.062,7
164.06980511999973,20.00672,66.812,7
164.08715017599934,20.045568,66.75,7
164.1053685349998,20.084416,67.0,7
164.12317878799877,20.123264,67.0,7
164.14092795099896,20.162112,67.187,7
164.15834904099938,20.239808,67.093,7
164.17662247399858,20.278655999999998,66.843,7
164.19441227899915,20.317504,67.281,7
164.21239533599874,20.356351999999998,66.812,7
164.22970455099858,20.356351999999998,66.875,7
164.2471025679988,20.20096,67.187,7
164.26437213399913,20.084416,67.0,7
164.2816980209991,20.00672,67.156,7
164.3004196589991,19.967872,67.062,7
164.31835177099856,20.00672,66.718,7
164.33719801999905,20.045568,66.812,7
164.35473696899862,19.967872,66.718,7
164.37285465399873,20.00672,67.031,7
164.39055738399838,20.045568,67.062,7
164.4083592529987,20.084416,66.781,7
164.42607699099972,20.162112,67.031,7
164.44582262499898,20.20096,66.937,7
164.46406284099976,20.278655999999998,67.093,7
164.4816472319999,20.317504,66.968,7
164.4989606709987,20.317504,67.375,7
164.51642019399878,20.162112,67.312,7
164.53359577299852,20.084416,66.968,7
164.55086725799993,20.00672,66.656,7
164.56983450299958,19.929024000000002,66.937,7
164.58730861799995,19.929024000000002,67.125,7
164.6069562979992,20.00672,67.062,7
164.62471576499956,20.00672,67.0,7
164.64198811499955,20.045568,66.812,7
164.6597560299997,20.084416,67.062,7
164.6776877579996,20.123264,66.906,7
164.69537461599975,20.20096,67.125,7
164.71460615599972,20.239808,67.031,7
164.73212187199897,20.278655999999998,67.375,7
164.74936702099876,20.317504,67.187,7
164.76675022199925,20.317504,66.875,7
164.78436856499866,20.20096,67.0,7
164.80154263999975,20.084416,66.656,7
164.818846062999,20.00672,66.718,7
164.83775813799912,19.929024000000002,67.093,7
164.85538000199995,19.929024000000002,66.75,7
164.87478005799858,20.00672,66.718,7
164.8923298239988,20.00672,67.218,7
164.90970809600003,20.045568,66.875,7
164.92771896299928,20.084416,67.125,7
164.94576576599866,20.123264,67.0,7
164.96461716699923,20.084416,67.281,7
164.98284429499836,20.162112,67.218,7
165.0006015229992,20.162112,66.906,7
165.01797768299912,20.20096,66.812,7
165.0360780559986,20.239808,66.968,7
165.05353770699912,20.162112,67.031,7
165.07068976499977,20.00672,66.937,7
165.08789971299848,19.929024000000002,66.906,7
165.10675693899975,19.890176,66.968,7
165.12437483399844,19.851328000000002,66.843,7
165.14273508599945,19.929024000000002,66.75,7
165.1605235779989,19.967872,67.0,7
165.1782365479994,19.967872,66.937,7
165.19582145099957,19.967872,67.343,7
165.21336014400003,20.045568,67.218,7
165.23158167199836,20.084416,66.875,7
165.24921582399838,20.162112,66.906,7
165.26718444899961,20.239808,67.031,7
165.28477373499845,20.239808,66.937,7
165.30194985799972,20.278655999999998,67.0,7
165.3192413759989,20.278655999999998,67.218,7
165.33637852299944,20.045568,67.0,7
165.35357883799952,19.967872,66.875,7
165.37082273899978,19.890176,67.218,7
165.3893941009992,19.890176,66.875,7
165.40714412799935,19.929024000000002,66.718,7
165.4256376639987,20.00672,66.906,7
165.44351028599885,20.00672,66.843,7
165.46102481799971,20.045568,67.062,7
165.4786385539992,20.084416,67.156,7
165.49663105099899,20.162112,66.906,7
165.5143550619996,20.20096,67.406,7
165.53240736899897,20.239808,66.906,7
165.5498960449986,20.20096,66.781,7
165.56733259099929,20.20096,66.906,7
165.584532810999,20.239808,66.906,7
165.60189437899862,20.084416,67.062,7
165.61902358899897,20.00672,66.937,7
165.6363842289993,19.890176,66.937,7
165.6549839749987,19.890176,66.718,7
165.6728360849993,19.890176,66.812,7
165.69175350499972,19.967872,66.781,7
165.70929910999985,19.967872,67.031,7
165.72698049499922,20.00672,67.031,7
165.74453762099984,20.045568,67.375,7
165.762401218999,20.084416,67.25,7
165.78021412699854,20.123264,66.968,7
165.7989182929996,20.20096,66.906,7
165.81650316299965,20.278655999999998,67.062,7
165.8341908530001,20.278655999999998,67.0,7
165.85147955499997,20.317504,67.156,7
165.8688881959988,20.162112,67.218,7
165.88611888099877,20.084416,66.75,7
165.9033314849985,19.967872,67.156,7
165.92262753899922,19.967872,66.781,7
165.94063104499946,19.967872,66.968,7
165.95891458999904,20.045568,66.875,7
165.97755491399948,20.084416,67.218,7
165.99503712599835,20.045568,67.093,7
166.0130770809992,20.045568,66.812,7
166.03093255099884,20.123264,66.875,7
166.04889391100005,20.20096,67.031,7
166.06695604299966,20.278655999999998,67.218,7
166.08453236899913,20.317504,67.031,7
166.10176244600007,20.317504,67.031,7
166.11905789999946,20.317504,66.843,7
166.136989052,20.239808,67.5,7
166.15416322300007,20.045568,66.656,7
166.17133713799922,19.929024000000002,66.593,7
166.1887051069989,19.81248,67.031,7
166.20676931799971,19.81248,66.875,7
166.22466840599918,19.851328000000002,67.031,7
166.24276544999884,19.890176,66.937,7
166.2604470589995,19.929024000000002,66.812,7
166.2778981979991,19.967872,66.75,7
166.29539320999902,20.00672,66.875,7
166.313215750999,20.084416,67.031,7
166.3307438519987,20.123264,66.906,7
166.34845678999955,20.162112,67.062,7
166.36590488799993,20.20096,67.031,7
166.3834734059983,20.20096,67.187,7
166.4009690899984,20.239808,67.187,7
166.4181340769992,20.045568,67.187,7
166.43533932099854,20.00672,66.75,7
166.4525741339985,19.890176,67.187,7
166.4706767459993,19.890176,66.781,7
166.48838910799896,19.890176,66.968,7
166.50674391999928,19.967872,66.937,7
166.52428901299936,20.00672,67.218,7
166.54218976399898,20.00672,67.187,7
166.5598431169983,20.045568,67.031,7
166.57748114099923,20.123264,66.937,7
166.5950642509997,20.20096,66.968,7
166.61369244599882,20.239808,66.968,7
166.63129014900005,20.278655999999998,67.156,7
166.64927061399976,20.317504,67.031,7
166.66678377099925,20.356351999999998,66.937,7
166.68442867499834,20.123264,67.468,7
166.70163599899934,20.045568,67.093,7
166.71877324099842,19.967872,66.812,7
166.7370698750001,19.967872,66.937,7
166.7551267259987,19.890176,66.75,7
166.77336022300005,19.929024000000002,67.031,7
166.79066034899915,19.967872,67.031,7
166.80823696399966,19.967872,66.875,7
166.8259354369984,20.00672,67.406,7
166.84382892399844,20.084416,67.0,7
166.86153613399983,20.123264,66.968,7
166.87959666499955,20.20096,67.125,7
166.89670763499998,20.239808,67.031,7
166.91403150599945,20.278655999999998,67.0,7
166.9313101279986,20.278655999999998,67.25,7
166.94862702299906,20.20096,67.281,7
166.96583738699883,20.045568,66.718,7
166.98404493099952,19.967872,66.687,7
167.00358697499905,19.929024000000002,66.937,7
167.02143258899923,19.851328000000002,67.093,7
167.04064201599977,19.929024000000002,66.781,7
167.05857153599936,19.967872,67.25,7
167.07637455699842,20.00672,66.937,7
167.09450004999962,20.045568,66.937,7
167.11270730599972,20.084416,67.062,7
167.13086380799905,20.162112,67.093,7
167.1487373259988,20.239808,67.375,7
167.1665012099984,20.278655999999998,66.875,7
167.18463915099892,20.278655999999998,66.968,7
167.2020621289994,20.278655999999998,66.875,7
167.21924727699843,20.20096,67.093,7
167.23645895299887,20.045568,66.843,7
167.25369405299898,19.967872,66.875,7
167.27284184699965,19.890176,67.125,7
167.2904413419983,19.890176,66.75,7
167.30846814399956,19.967872,66.875,7
167.32654544399884,20.00672,66.906,7
167.34405399299976,20.00672,67.031,7
167.36174824199952,19.967872,66.875,7
167.3795214699985,20.00672,67.375,7
167.39708326799882,20.084416,67.218,7
167.41461773699848,20.123264,67.125,7
167.43195517599997,20.20096,66.875,7
167.4492368379997,20.239808,67.375,7
167.46658371800004,20.239808,66.937,7
167.4841327469985,20.278655999999998,67.0,7
167.50132195900005,20.045568,66.968,7
167.51855744399836,19.967872,66.906,7
167.5357762879994,19.890176,66.968,7
167.55407999399904,19.890176,67.125,7
167.57176499499838,19.929024000000002,67.062,7
167.58978789399953,19.967872,66.75,7
167.60744777499895,20.00672,67.156,7
167.6251927129997,20.00672,66.968,7
167.642776495999,20.084416,67.0,7
167.66047285700006,20.123264,67.125,7
167.67781554499925,20.20096,67.5,7
167.69706929399945,20.278655999999998,67.312,7
167.71469214899844,20.317504,67.218,7
167.732113303,20.317504,66.937,7
167.74968242899922,20.356351999999998,67.0,7
167.7670776299983,20.162112,67.031,7
167.78441135699904,20.084416,66.843,7
167.80178415799855,20.00672,67.093,7
167.820067224,19.967872,66.937,7
167.83809216999907,20.00672,67.187,7
167.8562085429985,20.045568,66.875,7
167.874091149999,20.084416,66.875,7
167.89179957599845,20.084416,67.031,7
167.90938598199864,20.123264,67.093,7
167.9270451909997,20.20096,67.093,7
167.94459066799936,20.239808,67.281,7
167.96253369299848,20.239808,66.906,7
167.98125696199895,20.20096,66.718,7
167.99860707399966,20.20096,66.906,7
168.01613773499957,20.20096,66.906,7
168.0334071090001,20.123264,67.031,7
168.05055043099856,19.967872,66.906,7
168.0677156419988,19.890176,66.781,7
168.08681805800006,19.81248,67.312,7
168.10498409699903,19.81248,66.812,7
168.12323452199962,19.890176,66.781,7
168.14140958399912,19.929024000000002,67.0,7
168.1588927239991,19.967872,66.906,7
168.17664575899835,20.00672,67.187,7
168.19457281499854,20.00672,67.093,7
168.21256764899954,20.045568,66.906,7
168.230588851,20.123264,66.968,7
168.24869920799938,20.162112,67.031,7
168.2663126869993,20.20096,66.875,7
168.2834715299996,20.239808,67.031,7
168.30078074499943,20.20096,67.156,7
168.31792816300003,20.00672,67.156,7
168.33507823699983,19.929024000000002,67.031,7
168.35239215599904,19.890176,67.0,7
168.3706097159993,19.890176,66.75,7
168.38840083200012,19.929024000000002,66.843,7
168.4063280479986,20.00672,66.843,7
168.4236823839983,20.00672,66.843,7
168.44115851599963,20.045568,67.156,7
168.45869285699882,20.084416,67.0,7
168.47669745099847,20.162112,67.312,7
168.49453935199926,20.20096,67.218,7
168.5122719389983,20.278655999999998,66.906,7
168.52969670899984,20.317504,66.875,7
168.54715680799927,20.317504,66.937,7
168.56495381199966,20.239808,66.875,7
168.58243387899893,20.084416,67.156,7
168.59955707299923,19.967872,66.875,7
168.61672954799906,19.890176,67.187,7
168.6354943869992,19.851328000000002,67.125,7
168.65316453999912,19.890176,66.781,7
168.6716303309986,19.967872,66.75,7
168.6893249959994,19.967872,66.843,7
168.7068818659991,20.00672,66.937,7
168.72476636099964,20.084416,67.218,7
168.74275130599926,20.123264,67.093,7
168.76069807399836,20.20096,66.906,7
168.77938342299967,20.278655999999998,66.968,7
168.79733620799925,20.317504,67.0,7
168.81538582699977,20.356351999999998,67.125,7
168.83256118200006,20.356351999999998,67.093,7
168.85007350699925,20.20096,67.468,7
168.86726226999963,20.084416,67.156,7
168.88446146599927,20.00672,66.937,7
168.9029678019997,19.967872,66.781,7
168.92066553899895,20.00672,66.937,7
168.93927229399924,20.084416,66.843,7
168.95675613799904,20.084416,67.0,7
168.97442708999915,20.123264,66.968,7
168.9924887419984,20.123264,66.843,7
169.01052501699996,20.162112,67.218,7
169.02821318599854,20.20096,66.937,7
169.0463551599987,20.278655999999998,66.906,7
169.06365848699897,20.317504,67.031,7
169.081212699999,20.317504,67.062,7
169.09870662399953,20.317504,67.281,7
169.11737648399867,20.239808,67.281,7
169.13470781199976,20.084416,66.656,7
169.1519149759988,20.045568,66.843,7
169.17196378599874,19.929024000000002,66.968,7
169.18965934799962,19.890176,66.968,7
169.20694197000012,19.890176,66.968,7
169.22336171999996,19.929024000000002,66.875,7
169.2396408579989,19.967872,66.937,7
169.25622922099865,20.00672,67.187,7
169.27306610300002,20.045568,67.218,7
169.28956457499953,20.123264,67.187,7
169.30602487099895,20.162112,67.125,7
169.32220714199866,20.239808,67.062,7
169.33836051699836,20.278655999999998,66.875,7
169.35533429899988,20.278655999999998,67.093,7
169.37259365599857,20.317504,67.062,7
169.38996514499922,20.20096,67.562,7
169.40701726399857,20.084416,67.031,7
169.42416186599985,20.00672,66.906,7
169.4412498269994,19.967872,67.187,7
169.4577184109985,19.967872,66.75,7
169.4743780709996,20.00672,67.25,7
169.49081062199912,20.045568,67.125,7
169.50708508799835,20.045568,67.093,7
169.52353040699927,20.084416,67.093,7
169.53996039799858,20.123264,67.156,7
169.5565732089999,20.162112,67.343,7
169.57293628599837,20.239808,67.312,7
169.5898480169999,20.278655999999998,67.093,7
169.60632773699945,20.317504,67.062,7
169.6221632149991,20.317504,67.062,7
169.63867519199994,20.356351999999998,67.343,7
169.6553610939991,20.278655999999998,67.406,7
169.6724704949993,20.123264,66.937,7
169.68952219899984,20.045568,66.843,7
169.70627498199974,20.00672,67.406,7
169.72297285199966,20.00672,67.218,7
169.73950505299945,20.00672,67.031,7
169.75676527499854,20.045568,66.718,7
169.7744492519996,20.045568,66.718,7
169.79181469200012,20.00672,67.218,7
169.80916265999986,20.045568,66.968,7
169.82655235699895,20.123264,67.031,7
169.8443278249997,20.20096,67.125,7
169.8611349769999,20.239808,67.0,7
169.87841196699992,20.278655999999998,66.906,7
169.89546984699882,20.278655999999998,67.125,7
169.91285848799998,20.317504,67.125,7
169.93023352899945,20.20096,67.468,7
169.94731438499912,20.084416,67.187,7
169.96441687399965,20.00672,66.812,7
169.9829544109998,20.00672,66.968,7
169.9994822919998,19.929024000000002,66.781,7
170.0169863279989,19.929024000000002,66.875,7
170.03371184699972,20.00672,66.781,7
170.05028420899907,20.045568,66.812,7
170.06682767499842,20.084416,66.937,7
170.08353056899978,20.123264,66.906,7
170.10007813099946,20.162112,67.031,7
170.11668572599956,20.239808,66.968,7
170.13370690099873,20.278655999999998,66.937,7
170.1505030139997,20.317504,66.875,7
170.1673309029993,20.356351999999998,67.0,7
170.18491810999876,20.356351999999998,67.031,7
170.20299185799922,20.20096,67.218,7
170.2201615799986,20.084416,66.906,7
170.23736631199972,20.00672,66.531,7
170.25532549699892,19.967872,67.375,7
170.27180873699945,19.929024000000002,67.218,7
170.2886837319984,20.00672,66.968,7
170.3052889269984,20.045568,66.812,7
170.32173616599903,20.045568,67.437,7
170.33815786800005,20.084416,67.312,7
170.35468126899832,20.162112,67.281,7
170.37141574799898,20.123264,67.125,7
170.38801150299878,20.123264,66.843,7
170.40426411299995,20.20096,67.375,7
170.42015776799963,20.239808,67.218,7
170.43661531199905,20.278655999999998,67.218,7
170.453512226999,20.317504,67.156,7
170.4705504579997,20.278655999999998,67.062,7
170.48759428999983,20.084416,67.218,7
170.50451965399952,20.00672,67.093,7
170.5216480959989,19.967872,67.0,7
170.53859221199855,19.967872,66.843,7
170.55488930299907,20.00672,67.25,7
170.57175364199975,20.045568,67.187,7
170.58832417999838,20.084416,67.156,7
170.60484982099842,20.084416,66.875,7
170.62124985899936,20.123264,66.968,7
170.6379431209989,20.162112,67.406,7
170.65418219399908,20.239808,67.437,7
170.67074997999953,20.317504,67.218,7
170.68745159399987,20.356351999999998,67.156,7
170.70375754899942,20.356351999999998,66.937,7
170.7213378109991,20.3952,67.343,7
170.73869537899918,20.317504,67.125,7
170.75592423999842,20.123264,66.843,7
170.77410391099875,20.045568,66.937,7
170.7931374609998,20.00672,67.375,7
170.81120695299978,19.967872,67.187,7
170.8294844510001,20.045568,66.906,7
170.84776069999862,20.084416,66.968,7
170.8656272749995,20.084416,66.968,7
170.88323886599937,20.123264,67.312,7
170.90124096399995,20.162112,67.218,7
170.91893626899946,20.20096,67.0,7
170.93683868399967,20.278655999999998,66.937,7
170.95571984699927,20.317504,66.906,7
170.97372780099977,20.278655999999998,67.156,7
170.9922816899998,20.278655999999998,67.0,7
171.01031809300002,20.20096,66.875,7
171.02766884499943,20.00672,67.437,7
171.04514334399937,19.929024000000002,67.156,7
171.0623469559996,19.851328000000002,66.781,7
171.08156351899925,19.81248,66.968,7
171.09985775399946,19.890176,67.25,7
171.1181578759988,19.929024000000002,67.125,7
171.1365378399987,19.967872,66.875,7
171.1546345329989,20.00672,66.843,7
171.17248990699954,20.045568,67.093,7
171.18900713099902,20.084416,67.031,7
171.20527689399933,20.123264,66.968,7
171.22221115399952,20.20096,66.968,7
171.2384192819991,20.239808,66.812,7
171.25485509699865,20.239808,67.062,7
171.27194750599847,20.278655999999998,67.0,7
171.28896509599872,20.20096,67.125,7
171.30593769400002,20.045568,66.875,7
171.3229568529987,19.967872,66.781,7
171.33951731099842,19.890176,67.031,7
171.357021283,19.890176,66.875,7
171.37354705199868,19.929024000000002,67.0,7
171.39212798199878,20.00672,66.937,7
171.40838801599966,20.00672,67.375,7
171.42485141499856,20.045568,67.343,7
171.44118940299995,20.123264,67.281,7
171.45756742399863,20.162112,67.218,7
171.47398717399847,20.20096,67.093,7
171.4904355009985,20.239808,67.062,7
171.50675761699858,20.278655999999998,66.968,7
171.5230462269992,20.317504,67.187,7
171.5397219839997,20.356351999999998,67.062,7
171.55676149600004,20.239808,67.25,7
171.57316834999983,20.00672,66.906,7
171.59020779699858,19.929024000000002,66.968,7
171.60716285799936,19.851328000000002,67.031,7
171.62450205799905,19.851328000000002,66.937,7
171.64105150699834,19.851328000000002,67.25,7
171.65789606899853,19.929024000000002,67.062,7
171.6744265749985,19.967872,67.093,7
171.6907241129993,20.00672,67.093,7
171.70722760999888,20.00672,67.125,7
171.7238094759996,20.084416,67.468,7
171.740490193999,20.123264,67.437,7
171.75687807099894,20.20096,67.25,7
171.7731485690001,20.278655999999998,67.218,7
171.78950793399963,20.317504,67.093,7
171.80572930999915,20.317504,67.0,7
171.82296188299915,20.317504,67.375,7
171.83985850999852,20.123264,67.187,7
171.85680941099963,20.045568,66.968,7
171.87390997999864,19.967872,67.343,7
171.89111928799866,19.929024000000002,67.156,7
171.9075842559996,19.967872,67.093,7
171.92401693399916,20.045568,67.062,7
171.940413196,20.045568,66.968,7
171.95695243699993,20.084416,67.343,7
171.9735591689987,20.123264,67.218,7
171.990196621,20.162112,67.218,7
172.0064899680001,20.162112,67.218,7
172.02277534599853,20.20096,67.093,7
172.03922095300004,20.239808,67.375,7
172.05558249399837,20.278655999999998,67.25,7
172.073189540999,20.317504,67.093,7
172.09023442799844,20.356351999999998,66.968,7
172.10733573299876,20.162112,67.625,7
172.12441502199908,20.084416,67.156,7
172.14166157899854,19.967872,66.843,7
172.1599357799987,19.929024000000002,66.937,7
172.1771098549998,19.851328000000002,66.843,7
172.19378455599872,19.851328000000002,66.718,7
172.21024961999865,19.890176,66.812,7
172.22677769299844,19.929024000000002,66.843,7
172.2430900799991,19.967872,66.906,7
172.25963351399878,20.00672,66.875,7
172.27613028999986,20.084416,67.062,7
172.2925639289988,20.123264,66.968,7
172.30970286699994,20.20096,66.906,7
172.32589758699942,20.239808,66.937,7
172.34250185399833,20.239808,67.031,7
172.35982348499965,20.278655999999998,67.093,7
172.37713087599877,20.162112,67.125,7
172.39409518499997,20.045568,67.031,7
172.41110138299882,19.967872,66.812,7
172.42948473999968,19.890176,67.375,7
172.44679968299897,19.851328000000002,67.25,7
172.46337841399873,19.929024000000002,66.812,7
172.48149174699938,20.00672,66.843,7
172.4979091289988,20.00672,67.343,7
172.51451886799987,20.045568,67.25,7
172.53109055799905,20.084416,67.187,7
172.54747113999838,20.162112,67.125,7
172.56355868899846,20.20096,66.968,7
172.5804234749994,20.278655999999998,67.406,7
172.5972749169996,20.317504,67.25,7
172.6137374209993,20.317504,67.218,7
172.6307504669985,20.356351999999998,66.906,7
172.64783004399942,20.20096,67.656,7
172.664775792,20.123264,67.125,7
172.68185357699986,20.00672,66.718,7
172.69965925299948,19.967872,66.906,7
172.71687806499904,19.929024000000002,67.0,7
172.73346405999837,20.00672,66.968,7
172.7517289489988,20.045568,67.218,7
172.76944335899861,20.00672,67.125,7
172.78733108599954,20.00672,66.906,7
172.80495394199897,20.084416,67.5,7
172.82299488899844,20.123264,67.0,7
172.84213368999917,20.20096,67.0,7
172.85939157599933,20.239808,67.156,7
172.87685996299842,20.278655999999998,67.093,7
172.89437014299983,20.278655999999998,67.375,7
172.91181696199965,20.239808,67.406,7
172.92902028499884,20.045568,67.125,7
172.94622063299903,19.967872,66.718,7
172.9645228679983,19.929024000000002,67.093,7
172.98328389800008,19.890176,67.156,7
173.0020210570001,19.967872,67.062,7
173.02068560499902,20.00672,66.843,7
173.03718490899882,20.00672,67.343,7
173.0537068699996,20.00672,67.312,7
173.07024556799843,20.084416,67.343,7
173.0866824069999,20.123264,67.218,7
173.10320103899903,20.20096,66.906,7
173.12011577900012,20.239808,67.375,7
173.1369649169992,20.278655999999998,67.312,7
173.1536674909985,20.278655999999998,67.218,7
173.17097372999888,20.317504,66.937,7
173.18828940899948,20.239808,66.968,7
173.20566195399988,20.123264,66.843,7
173.22236465599963,20.045568,66.718,7
173.24070989899883,19.929024000000002,67.187,7
173.2577463059988,19.929024000000002,67.0,7
173.27467986299962,19.967872,66.906,7
173.29237916799866,20.00672,66.875,7
173.30861904099947,20.045568,67.218,7
173.32484464199842,20.045568,67.093,7
173.34111267599837,20.123264,67.156,7
173.3573083559986,20.162112,67.218,7
173.3739114709988,20.123264,67.031,7
173.39069391999874,20.162112,66.968,7
173.40700064299926,20.20096,67.031,7
173.4240711629991,20.239808,67.093,7
173.44152703799955,20.278655999999998,66.968,7
173.4585135239995,20.20096,67.343,7
173.47560423599862,20.00672,67.0,7
173.4926748529997,19.967872,66.718,7
173.51032631699854,19.890176,67.5,7
173.52750871199896,19.890176,67.125,7
173.54379140199853,19.929024000000002,66.906,7
173.56217738299893,19.967872,66.781,7
173.57840592799948,20.00672,66.812,7
173.5946730659998,20.00672,67.25,7
173.6111763379995,20.045568,67.25,7
173.6275395749999,20.084416,67.218,7
173.64426928600005,20.162112,66.937,7
173.66383949099873,20.20096,67.093,7
173.68191317499986,20.239808,67.25,7
173.69968131399946,20.278655999999998,67.187,7
173.71668920899901,20.278655999999998,67.156,7
173.73386069199842,20.123264,67.593,7
173.7507943439996,20.045568,67.125,7
173.7677848939984,19.967872,66.968,7
173.7851393259989,19.890176,66.906,7
173.80278816600003,19.890176,66.843,7
173.81941316999837,19.967872,67.25,7
173.83641872899898,20.00672,66.968,7
173.85288910399868,20.00672,66.968,7
173.86930155799928,20.045568,66.968,7
173.88574866899944,20.084416,66.906,7
173.9020257909997,20.162112,67.5,7
173.91851283999858,20.20096,67.25,7
173.9354883169999,20.278655999999998,66.968,7
173.95157634599855,20.317504,66.968,7
173.9679407349995,20.278655999999998,67.312,7
173.98430989199915,20.20096,67.218,7
174.0009304790001,20.162112,67.25,7
174.0183977459983,19.929024000000002,66.718,7
174.03540682499988,19.851328000000002,66.687,7
174.0525206099992,19.81248,66.937,7
174.0698159049989,19.773632000000003,66.875,7
174.08613945999969,19.851328000000002,66.875,7
174.10259508299896,19.890176,66.843,7
174.11906027499936,19.929024000000002,66.781,7
174.13568028699956,19.967872,67.312,7
174.15228420199855,20.00672,66.968,7
174.1688666760001,20.045568,66.968,7
174.1853064269999,20.123264,67.0,7
174.20176928299952,20.162112,67.5,7
174.2192453179996,20.162112,67.0,7
174.23635107099835,20.20096,66.937,7
174.2526346579998,20.239808,66.968,7
174.26931179099847,20.239808,67.0,7
174.28587202499875,20.045568,67.0,7
174.30288574399856,19.967872,66.843,7
174.3197695709987,19.890176,66.937,7
174.33721450099983,19.890176,67.0,7
174.3536323949993,19.890176,67.0,7
174.36993588599944,19.967872,67.031,7
174.38628881899967,20.00672,66.875,7
174.40275148199908,20.045568,66.875,7
174.41922950599837,20.084416,67.031,7
174.43572423399928,20.123264,67.093,7
174.45207223799844,20.162112,67.125,7
174.46839720199932,20.239808,67.031,7
174.48551594699893,20.278655999999998,67.0,7
174.50160586399943,20.317504,66.875,7
174.51843458599978,20.317504,67.093,7
174.53570936799952,20.356351999999998,67.156,7
174.55268103699927,20.123264,67.125,7
174.56970845199976,20.00672,66.937,7
174.5866977859987,19.890176,66.75,7
174.604816654999,19.851328000000002,67.156,7
174.6222630579996,19.851328000000002,67.156,7
174.63891903799959,19.929024000000002,67.031,7
174.65566734200002,19.967872,66.968,7
174.67192782299935,19.967872,67.062,7
174.68831250099902,20.00672,67.312,7
174.7049934739989,20.084416,67.281,7
174.72147549799956,20.123264,67.187,7
174.7378880159995,20.20096,67.156,7
174.75418881899895,20.239808,67.062,7
174.77076482899975,20.278655999999998,67.218,7
174.78774603499915,20.317504,67.218,7
174.80495646300005,20.317504,67.125,7
174.82193638899844,20.162112,67.656,7
174.83897884399994,20.084416,67.218,7
174.8558981919996,19.967872,66.812,7
174.8740728069988,19.929024000000002,66.875,7
174.89126038599898,19.929024000000002,66.781,7
174.90784756499852,19.967872,67.25,7
174.92419416099983,20.00672,67.218,7
174.94050337999943,20.045568,67.0,7
174.9566702919983,20.084416,66.937,7
174.9729519579996,20.123264,67.031,7
174.98940639699867,20.20096,67.437,7
175.00625742299962,20.239808,67.0,7
175.02471527799935,20.239808,66.937,7
175.04221105799843,20.239808,67.093,7
175.05973304599866,20.278655999999998,66.968,7
175.07699985999898,20.278655999999998,67.281,7
175.09458661799908,20.123264,67.281,7
175.11174750899954,20.045568,67.031,7
175.1290860049994,19.929024000000002,67.312,7
175.14774210499854,19.890176,66.812,7
175.1660066739987,19.929024000000002,66.812,7
175.18388777699874,19.967872,66.968,7
175.20182014499915,19.890176,66.906,7
175.21930667599918,19.929024000000002,67.218,7
175.23689717899833,19.929024000000002,67.187,7
175.25460157299858,20.00672,67.0,7
175.2723663199995,20.084416,66.937,7
175.29176032799842,20.162112,67.125,7
175.3102529359985,20.20096,67.187,7
175.32793208099974,20.239808,67.218,7
175.3456958679999,20.239808,66.968,7
175.36289800799932,20.162112,67.062,7
175.3800892039999,20.00672,67.218,7
175.39722938999876,19.967872,66.718,7
175.4166290939993,19.890176,67.062,7
175.434329583999,19.890176,67.031,7
175.45330306899996,19.967872,67.218,7
175.4710313029991,20.00672,67.156,7
175.48833021399878,20.00672,66.906,7
175.50596804499946,20.084416,67.0,7
175.52388857299957,20.084416,67.062,7
175.5419145119995,20.162112,67.406,7
175.5599161299997,20.239808,67.25,7
175.5787228579993,20.278655999999998,66.937,7
175.59653455099942,20.317504,66.906,7
175.61400242599848,20.317504,67.0,7
175.63150748599946,20.239808,67.093,7
175.64871452199986,20.084416,66.906,7
175.6659065169988,20.00672,66.812,7
175.68507082399992,19.929024000000002,67.468,7
175.7024766809991,19.929024000000002,67.218,7
175.7210697390001,20.00672,66.812,7
175.73866177799937,20.045568,66.875,7
175.7561321489993,20.045568,66.968,7
175.7741883609997,20.045568,66.906,7
175.79164890799984,20.045568,67.187,7
175.80972710399874,20.084416,67.062,7
175.82761386999846,20.162112,66.843,7
175.84674662399993,20.20096,67.062,7
175.86478401899876,20.239808,67.0,7
175.88204622400008,20.278655999999998,67.187,7
175.89955387599912,20.239808,67.218,7
175.9167274069987,20.045568,67.281,7
175.93399905299884,19.967872,67.125,7
175.9512479139994,19.929024000000002,67.281,7
175.96946963399932,19.929024000000002,66.906,7
175.98710976999973,19.967872,66.968,7
176.0053236499989,20.045568,66.843,7
176.02271859499888,20.00672,66.968,7
176.04030442599833,19.967872,67.093,7
176.05784116699942,20.045568,67.125,7
176.07567250799912,20.123264,67.375,7
176.09337959000004,20.162112,67.031,7
176.11307872699945,20.239808,67.125,7
176.130937205,20.317504,67.093,7
176.14851106700007,20.317504,67.062,7
176.1660854089987,20.356351999999998,67.406,7
176.18328594899867,20.162112,67.375,7
176.2005494979985,20.045568,66.781,7
176.21806358199865,19.967872,67.312,7
176.23645132299862,19.929024000000002,66.937,7
176.25483707999956,19.967872,66.906,7
176.27261894799994,20.00672,67.093,7
176.29007581399856,20.084416,66.937,7
176.30771457399896,20.084416,67.343,7
176.3254482809989,20.123264,67.343,7
176.34317680299864,20.20096,66.968,7
176.36085466799886,20.239808,66.968,7
176.37853346099837,20.239808,66.937,7
176.39730405999944,20.239808,67.218,7
176.414757438999,20.278655999999998,67.062,7
176.43250506599907,20.278655999999998,67.156,7
176.45017320299849,20.162112,67.656,7
176.4673447819987,20.045568,67.187,7
176.48454448899975,20.00672,66.718,7
176.5039047049995,19.929024000000002,67.062,7
176.52167089199975,19.929024000000002,66.718,7
176.54126461799933,20.00672,67.218,7
176.5589272829984,20.045568,67.156,7
176.5763204679988,20.045568,66.968,7
176.59389250599997,20.084416,67.0,7
176.6117431120001,20.123264,67.125,7
176.62944990599863,20.20096,67.312,7
176.64877635999983,20.278655999999998,67.343,7
176.6664918259994,20.317504,66.906,7
176.6839989659984,20.317504,67.5,7
176.70157212499907,20.356351999999998,66.937,7
176.71906515199953,20.20096,67.156,7
176.73627817299894,20.084416,66.781,7
176.7534987449999,20.00672,66.843,7
176.7725660879987,19.967872,67.343,7
176.79032145899873,19.967872,66.906,7
176.8096646819995,20.045568,66.906,7
176.82721579200006,20.045568,66.968,7
176.84477157399851,20.084416,67.031,7
176.86241554999833,20.162112,67.312,7
176.88025693899908,20.20096,67.218,7
176.8983873929992,20.239808,67.031,7
176.9180704649989,20.278655999999998,67.156,7
176.9370072449983,20.356351999999998,66.968,7
176.9545135849985,20.356351999999998,67.156,7
176.97189774599974,20.3952,67.062,7
176.99012234599832,20.123264,67.0,7
177.00736922299984,20.00672,67.187,7
177.02502375899894,19.967872,66.75,7
177.04392639399885,19.851328000000002,67.125,7
177.06151193699952,19.851328000000002,66.968,7
177.08079803799956,19.890176,67.156,7
177.0984574389986,19.929024000000002,67.156,7
177.11593030599943,19.967872,67.0,7
177.13359841099918,20.00672,67.0,7
177.15134491799836,20.045568,67.093,7
177.169327014999,20.123264,67.437,7
177.18762393699944,20.20096,67.281,7
177.20658558200012,20.278655999999998,66.906,7
177.22432629600007,20.278655999999998,66.968,7
177.24174028199923,20.278655999999998,67.062,7
177.25900872799866,20.20096,67.125,7
177.27616536200003,20.045568,66.875,7
177.29332225299913,19.967872,66.843,7
177.31254406399967,19.929024000000002,67.375,7
177.33017277599902,19.890176,67.218,7
177.34878865099927,19.967872,66.906,7
177.36685171099998,20.00672,66.843,7
177.38416450899967,20.00672,67.062,7
177.4017380839996,20.045568,67.031,7
177.41946843000005,20.123264,67.25,7
177.43702241999927,20.162112,67.218,7
177.45516320899878,20.239808,66.968,7
177.47414942999967,20.278655999999998,66.968,7
177.49204704599833,20.317504,67.0,7
177.50958109899875,20.356351999999998,67.187,7
177.52680503099873,20.278655999999998,67.281,7
177.5441114619989,20.084416,67.031,7
177.56125638399863,20.045568,67.031,7
177.58054101299967,19.890176,66.906,7
177.59972179999932,19.851328000000002,67.0,7
177.61877691900008,19.890176,66.968,7
177.63671664699905,19.967872,67.218,7
177.65473932199893,19.967872,66.968,7
177.6726942819987,20.00672,66.968,7
177.6903133299984,20.084416,67.093,7
177.7077539080001,20.123264,67.062,7
177.72616996899887,20.239808,67.281,7
177.74516825499995,20.278655999999998,67.156,7
177.76242447599907,20.278655999999998,67.031,7
177.78009789299904,20.317504,67.406,7
177.79726780799865,20.239808,67.156,7
177.81453593399965,20.084416,66.937,7
177.83170722499926,20.00672,66.875,7
177.8506874300001,19.689472000000002,66.437,7
177.86829994899927,19.26144,66.343,7
177.88575838399993,18.87232,66.125,7
177.9032627079996,18.474624,66.031,7
177.92046638399916,18.084864000000003,65.656,7
177.93756135299918,17.734080000000002,66.125,7
177.95465120099834,17.372799999999998,65.906,7
177.97170156099855,17.02144,65.562,7
177.98925951899946,16.670080000000002,65.437,7
178.00666924799953,16.345472,65.593,7
178.0247635729993,16.03264,65.437,7
178.05430931799856,15.549695999999999,65.437,8
178.09219334199952,15.07968,65.437,8
178.10882128999947,14.88384,65.656,8
178.12533387499934,14.688,65.437,8
178.14158046800003,14.49216,65.281,8
178.15780606899898,14.31968,65.281,8
178.17402005299846,14.123520000000001,65.218,8
178.19032837599843,13.966592,65.093,8
178.20651602399994,13.809664000000001,65.312,8
178.22277656999904,13.691968000000001,65.25,8
178.23907305299872,13.53504,65.437,8
178.25510930399832,13.399936,65.031,8
178.2711487559991,13.282048000000001,65.468,8
178.28786502599905,13.203456000000001,65.5,8
178.30792590099918,13.399936,65.468,8
178.3267139089985,13.613504,65.968,8
178.34361047199855,13.848896,66.062,8
178.36007492799945,14.162752000000001,66.125,8
178.3764160519986,14.437376,66.156,8
178.39304399999855,14.688,66.687,8
178.40945286899841,15.001344,66.656,8
178.42605780899976,15.27552,66.281,8
178.44684071999836,15.628032,66.531,8
178.46509674499976,15.876224,66.468,8
178.4817288209997,16.110848,66.281,8
178.49816162699972,16.306368,66.375,8
178.51441721299852,16.540992,66.437,8
178.5309305339997,16.658304,66.656,8
178.5469854419989,16.658304,66.5,8
178.56304873399858,16.74816,66.437,8
178.57931155199913,16.86528,66.531,8
178.59769756399874,17.02144,66.687,8
178.61413584299953,17.177599999999998,66.562,8
178.6309655569985,17.333759999999998,66.437,8
178.64735784999903,17.45088,66.5,8
178.66400342999987,17.60704,66.656,8
178.6805677609991,17.72416,66.875,8
178.69720028499978,17.851008,66.812,8
178.71345126199958,18.006912,66.781,8
178.73024379099843,18.162816,66.718,8
178.74713820999932,18.279743999999997,66.781,8
178.76372017299946,18.396672,66.875,8
178.78143551099856,18.435648,66.687,8
178.79892725799982,18.474624,67.0,8
178.81584001400006,18.357696,66.937,8
178.83286694899834,18.357696,66.718,8
178.8499114849983,18.357696,66.625,8
178.86713688899908,18.396672,66.906,8
178.8835662399997,18.474624,66.906,8
178.90000765399964,18.591552,66.812,8
178.9163834029987,18.669504,66.781,8
178.9327944809993,18.747456,67.125,8
178.94898702499995,18.825408,66.968,8
178.96541291999893,18.87232,67.093,8
178.98177061999922,18.989056,67.0,8
178.9981621449988,19.105792,66.875,8
179.01523074499892,19.183616,66.812,8
179.03128290099994,19.26144,66.75,8
179.04733966599997,19.26144,66.906,8
179.0634741599988,19.300352,66.843,8
179.08092206699985,19.183616,66.968,8
179.09790183199948,19.144704,67.0,8
179.11523799199858,19.06688,66.593,8
179.13491411999894,19.06688,66.718,8
179.15289314499933,19.144704,66.75,8
179.1717442270001,19.222527999999997,67.031,8
179.1895308309995,19.300352,66.968,8
179.2072029359988,19.339264,67.0,8
179.2250243239996,19.417088,66.75,8
179.24285489799877,19.456,66.937,8
179.26060185299866,19.533824,66.843,8
179.27888779799832,19.650560000000002,67.062,8
179.296266071,19.689472000000002,66.968,8
179.31362015099876,19.728384,66.968,8
179.33108386599997,19.767295999999998,67.218,8
179.3486227509984,19.689472000000002,67.25,8
179.36593634999917,19.611648000000002,66.562,8
179.38310668099984,19.456,66.406,8
179.40136433799853,19.417088,66.937,8
179.41879937999875,19.417088,66.812,8
179.43672237200008,19.456,66.906,8
179.45439089299907,19.533824,66.812,8
179.4716890669988,19.572736,66.906,8
179.48919483200007,19.611648000000002,67.187,8
179.50686700000006,19.689472000000002,67.125,8
179.52460553899982,19.767295999999998,66.843,8
179.54238916699978,19.884031999999998,66.875,8
179.56019317899882,19.929024000000002,66.937,8
179.5776545259996,19.929024000000002,66.843,8
179.59487596299914,19.967872,67.031,8
179.61241881599926,20.00672,67.093,8
179.6296296599994,19.806207999999998,67.093,8
179.6469358989998,19.767295999999998,66.968,8
179.66411173399865,19.689472000000002,67.0,8
179.6824977139986,19.650560000000002,66.687,8
179.70048678799867,19.728384,66.812,8
179.71838568299972,19.767295999999998,66.812,8
179.73594133699953,19.806207999999998,67.062,8
179.75352540699896,19.845119999999998,67.062,8
179.77115271099865,19.890176,66.875,8
179.78920738599845,19.967872,67.406,8
179.80659343499974,20.00672,67.312,8
179.82412867199855,20.084416,66.968,8
179.8416491249991,20.123264,66.843,8
179.8592489069997,20.162112,66.968,8
179.87645155899918,20.162112,66.937,8
179.89435963899996,20.00672,67.343,8
179.911603732,19.929024000000002,67.0,8
179.928873457,19.81248,66.781,8
179.947763356,19.773632000000003,67.218,8
179.9649206619997,19.81248,66.843,8
179.9817535759994,19.81248,66.562,8
180.00061601800007,19.81248,66.843,8
180.01724991799892,19.851328000000002,66.875,8
180.03573420499924,19.851328000000002,67.187,8
180.05423900499954,19.890176,67.125,8
180.07233297699895,19.967872,66.843,8
180.09212840500004,20.045568,66.968,8
180.10936584199953,20.084416,66.937,8
180.12664455999948,20.123264,67.125,8
180.1438815799993,20.162112,66.968,8
180.16101930199875,20.123264,67.093,8
180.17833616499956,19.929024000000002,67.187,8
180.1954566709992,19.884031999999998,67.0,8
180.21337972699985,19.884031999999998,66.968,8
180.22999986600007,19.845119999999998,66.687,8
180.24653219599895,19.884031999999998,66.687,8
180.26305790099832,19.922944,67.125,8
180.27936436799973,19.922944,67.062,8
180.29590856999857,19.929024000000002,67.062,8
180.312433314999,20.00672,66.812,8
180.32912798399957,20.045568,66.875,8
180.34537326600002,20.123264,67.406,8
180.36228957399908,20.162112,67.187,8
180.37878894200003,20.20096,67.218,8
180.39536197599955,20.239808,66.843,8
180.41271371999937,20.278655999999998,67.281,8
180.42985886699898,20.239808,67.062,8
180.44699018899883,20.00672,66.75,8
180.4639435529989,19.967872,66.718,8
180.48100060099932,19.929024000000002,67.062,8
180.4984462679986,19.890176,66.906,8
180.5147773439985,19.967872,66.781,8
180.5315948009993,19.967872,66.812,8
180.547946708999,20.00672,66.812,8
180.56442252499983,20.045568,66.968,8
180.58094672599873,20.084416,66.843,8
180.59750836799867,20.045568,66.843,8
180.6140017839989,20.084416,66.875,8
180.63095758099917,20.162112,67.062,8
180.64814391299842,20.239808,67.031,8
180.66471953899963,20.278655999999998,66.937,8
180.68159587799892,20.278655999999998,67.187,8
180.69918618799966,20.278655999999998,67.187,8
180.716186018999,20.084416,67.125,8
180.733132759,20.00672,66.875,8
180.75013396599934,19.967872,67.187,8
180.76722339799926,19.929024000000002,67.0,8
180.7845048679992,19.967872,67.031,8
180.80107729499832,20.00672,67.187,8
180.8175866469992,20.045568,67.156,8
180.8339905569992,20.045568,67.093,8
180.85061562499868,20.123264,67.093,8
180.86734741599867,20.162112,67.093,8
180.88387814499947,20.20096,67.375,8
180.90039924199846,20.278655999999998,67.25,8
180.91758314099934,20.317504,67.218,8
180.93394317799903,20.356351999999998,67.125,8
180.95113251699877,20.356351999999998,67.375,8
180.9681843169983,20.317504,67.406,8
180.98516667500007,20.123264,67.156,8
181.00210807099938,20.045568,66.687,8
181.0194260219996,20.00672,67.031,8
181.03817364499992,19.967872,66.812,8
181.05510016099834,19.967872,66.75,8
181.07158692099983,20.00672,66.781,8
181.08808244899956,20.045568,66.812,8
181.1045136879984,20.045568,67.031,8
181.12110880299952,20.084416,67.0,8
181.137616779999,20.123264,66.968,8
181.15421938299914,20.20096,67.093,8
181.1718799350001,20.278655999999998,67.187,8
181.18847040999935,20.278655999999998,66.875,8
181.2046067279989,20.20096,66.843,8
181.22132783099914,20.239808,66.875,8
181.23779401399952,20.20096,67.0,8
181.25492283999847,20.084416,67.156,8
181.27180977099852,19.967872,66.875,8
181.28879276899897,19.890176,66.937,8
181.306949111,19.851328000000002,67.062,8
181.32314152699837,19.851328000000002,67.031,8
181.340493366999,19.929024000000002,66.906,8
181.35696723099863,19.967872,67.187,8
181.37338573299894,19.967872,67.125,8
181.3897295129991,20.00672,67.156,8
181.4061570069989,20.084416,67.218,8
181.422726073999,20.123264,67.156,8
181.43894328999886,20.20096,67.312,8
181.4557485869991,20.239808,67.218,8
181.4726545909998,20.278655999999998,67.093,8
181.4898076089994,20.317504,67.031,8
181.50689896199947,20.317504,67.281,8
181.5240012589984,20.162112,67.406,8
181.54098096099915,20.084416,66.968,8
181.5579063569985,19.967872,66.718,8
181.5756669120001,19.929024000000002,67.437,8
181.591955554999,19.929024000000002,66.843,8
181.60981998499847,20.00672,66.781,8
181.6261313799987,20.00672,66.75,8
181.64239922199886,20.045568,66.812,8
181.65872018499977,20.084416,67.343,8
181.6750989100001,20.123264,67.281,8
181.69193393599926,20.162112,67.0,8
181.70830680499967,20.239808,66.968,8
181.72543598299853,20.278655999999998,66.875,8
181.74124496399963,20.317504,67.406,8
181.7576617699997,20.317504,67.218,8
181.7737013499991,20.356351999999998,67.218,8
181.7907032919993,20.162112,67.0,8
181.8075381259987,20.00672,67.156,8
181.82455075599864,19.929024000000002,67.093,8
181.84116740799982,19.890176,66.968,8
181.8576811769999,19.890176,66.906,8
181.87387071299963,19.929024000000002,66.687,8
181.89034265599912,19.967872,67.218,8
181.9067329009995,20.00672,67.25,8
181.92301226399832,20.045568,67.125,8
181.93921677599974,20.084416,67.125,8
181.95538282300004,20.162112,67.156,8
181.97164468099982,20.20096,67.406,8
181.98829288499837,20.239808,67.312,8
182.00434260899965,20.278655999999998,67.187,8
182.01992105599857,20.317504,67.156,8
182.03655460399932,20.278655999999998,67.0,8
182.053744679999,20.278655999999998,66.968,8
182.0696706559993,20.084416,67.312,8
182.0866765669998,20.00672,67.031,8
182.10372462199848,19.929024000000002,66.937,8
182.1207588540001,19.929024000000002,67.062,8
182.13717533999989,19.929024000000002,67.062,8
182.1544814179997,19.967872,67.031,8
182.17079886200008,20.00672,67.062,8
182.1871708339986,20.045568,66.968,8
182.20370818799893,20.084416,67.062,8
182.22011446599936,20.123264,67.343,8
182.23667930800002,20.162112,67.218,8
182.25292823699965,20.162112,67.125,8
182.26992592399984,20.239808,67.062,8
182.28583372399953,20.278655999999998,67.0,8
182.30232045199955,20.278655999999998,67.0,8
182.3185745969986,20.317504,67.062,8
182.33501821999926,20.162112,67.25,8
182.35171704999993,20.084416,66.812,8
182.36875441699885,20.00672,67.031,8
182.38609544099927,19.929024000000002,67.093,8
182.40392860599968,19.922944,66.968,8
182.42051079299927,19.890176,66.687,8
182.43809860699912,19.967872,67.156,8
182.45520432800004,19.967872,67.187,8
182.47251027899983,20.00672,66.937,8
182.49024664199897,20.045568,66.937,8
182.50813647999894,20.084416,67.125,8
182.52547647999927,20.162112,67.062,8
182.5429653479987,20.20096,67.218,8
182.56002639599865,20.239808,67.093,8
182.57731260199944,20.278655999999998,67.031,8
182.59480386999894,20.317504,67.437,8
182.61188738199962,20.123264,67.375,8
182.62897150299978,20.045568,66.968,8
182.64599568599988,19.967872,66.75,8
182.66293512999982,19.929024000000002,67.343,8
182.67962887199974,19.967872,67.218,8
182.69676262599933,20.00672,66.843,8
182.71312170199963,20.045568,66.812,8
182.72959550199994,20.084416,66.875,8
182.74582609499885,20.123264,67.437,8
182.76218952399904,20.162112,67.312,8
182.77840533199924,20.162112,67.25,8
182.79477525699986,20.239808,66.968,8
182.8117464779989,20.278655999999998,66.906,8
182.82758986099907,20.317504,67.312,8
182.843442682999,20.356351999999998,67.218,8
182.85930606599868,20.356351999999998,67.156,8
182.87639786699947,20.20096,67.281,8
182.8933624959991,20.123264,67.281,8
182.9106255329989,20.00672,67.093,8
182.92790194699955,20.00672,67.156,8
182.94418822199987,20.00672,67.062,8
182.96146809199854,20.045568,66.718,8
182.9777813749988,20.084416,67.218,8
182.9941131229989,20.045568,67.062,8
183.01045635899936,20.00672,67.0,8
183.02692993399978,20.084416,67.031,8
183.04392045199893,20.084416,66.812,8
183.06017894999968,20.084416,67.281,8
183.07757315899835,20.162112,67.218,8
183.093790343999,20.162112,67.125,8
183.11004336899896,20.20096,67.062,8
183.12683109799946,20.239808,67.312,8
183.14392689899978,20.20096,67.375,8
183.16091184799916,20.00672,66.812,8
183.1783302499989,19.967872,66.718,8
183.19613919099902,19.929024000000002,66.875,8
183.21329646499908,19.929024000000002,66.968,8
183.22967282199897,19.967872,66.875,8
183.24616396700003,20.00672,66.843,8
183.26279207399966,20.00672,66.75,8
183.27933707599914,20.045568,66.843,8
183.29573052199885,20.084416,67.031,8
183.31215817599877,20.123264,66.968,8
183.32851145999848,20.162112,66.968,8
183.34508990299946,20.239808,66.906,8
183.36136488099874,20.278655999999998,67.468,8
183.37756859299952,20.317504,67.375,8
183.39368980699874,20.317504,67.187,8
183.4105253130001,20.317504,67.0,8
183.42748450199906,20.123264,66.875,8
183.4444768759986,20.045568,67.218,8
183.4618076909992,20.00672,66.906,8
183.4792187969997,19.967872,66.812,8
183.4957914789993,20.00672,66.75,8
183.5122336939985,20.045568,66.812,8
183.5286542119993,20.084416,66.968,8
183.544854243999,20.084416,66.968,8
183.56137591699917,20.123264,66.968,8
183.57789544599837,20.162112,66.906,8
183.59449113699884,20.162112,67.343,8
183.61117700699833,20.162112,66.906,8
183.62842797999838,20.239808,66.906,8
183.64516274699963,20.278655999999998,66.906,8
183.66193057099917,20.278655999999998,67.187,8
183.6791910159991,20.317504,67.125,8
183.69616636599858,20.123264,67.125,8
183.71319736499936,20.045568,67.0,8
183.7302277559993,19.967872,67.031,8
183.7471491519991,19.967872,67.031,8
183.76354131699918,19.967872,66.906,8
183.7809854799998,20.00672,67.031,8
183.79761185999996,20.045568,67.031,8
183.81414489300005,20.084416,67.0,8
183.83060013199974,20.123264,67.062,8
183.84730619399852,20.162112,67.0,8
183.8637023279989,20.20096,67.25,8
183.88025056199876,20.278655999999998,67.125,8
183.89749529499932,20.356351999999998,67.125,8
183.9135253379991,20.356351999999998,67.031,8
183.9297812119985,20.356351999999998,67.25,8
183.94667243099866,20.3952,67.343,8
183.96314603799874,20.20096,67.281,8
183.98017214099855,20.123264,67.031,8
183.99720166799852,20.045568,67.218,8
184.01407394299895,20.00672,67.125,8
184.0303167279999,20.045568,66.843,8
184.0491571219991,20.084416,66.875,8
184.06558944799872,20.045568,67.125,8
184.08192788399901,20.045568,67.156,8
184.0983612029995,20.084416,67.187,8
184.11476923999908,20.123264,67.156,8
184.1310863639992,20.162112,67.156,8
184.14725180299865,20.239808,67.343,8
184.16457775399977,20.278655999999998,67.281,8
184.18144382099854,20.317504,67.187,8
184.19846845199936,20.20096,66.812,8
184.2151502889992,20.20096,67.406,8
184.23155471099926,20.123264,67.437,8
184.24859607799954,19.967872,67.093,8
184.2654657289986,19.851328000000002,66.687,8
184.28256664999935,19.81248,66.781,8
184.29964363399995,19.81248,67.281,8
184.31595330099844,19.851328000000002,67.218,8
184.3323723149988,19.890176,67.031,8
184.34861513299984,19.929024000000002,66.75,8
184.3650863719995,19.967872,66.812,8
184.3816378699994,20.00672,67.406,8
184.3980659079989,20.045568,67.218,8
184.41420401899995,20.123264,67.281,8
184.4307752929999,20.162112,67.156,8
184.44702348699866,20.239808,67.468,8
184.46325107099983,20.239808,67.375,8
184.4808218929993,20.278655999999998,67.218,8
184.49755473999903,20.239808,67.281,8
184.51379470899883,20.045568,66.843,8
184.53077671499886,19.967872,67.218,8
184.54780796999876,19.929024000000002,67.25,8
184.56491340299908,19.890176,66.875,8
184.58129280100002,19.967872,66.812,8
184.59774135099906,20.00672,66.781,8
184.61414894099835,20.045568,67.25,8
184.63075458499952,20.045568,67.25,8
184.64728160199957,20.123264,67.187,8
184.6638697089984,20.162112,66.937,8
184.68033985999864,20.20096,67.468,8
184.69689446199845,20.239808,67.343,8
184.7133588529996,20.278655999999998,67.218,8
184.72974516299837,20.317504,67.093,8
184.74570758799928,20.317504,67.125,8
184.76257359099873,20.317504,67.5,8
184.7795399480001,20.123264,67.343,8
184.79652697799975,20.045568,67.093,8
184.813499382999,20.00672,66.937,8
184.8305556309988,19.967872,66.75,8
184.8468257129989,20.00672,67.25,8
184.86338828299995,20.045568,67.156,8
184.87989126799948,20.084416,67.0,8
184.89611914099987,20.123264,66.937,8
184.91262394899968,20.162112,67.468,8
184.92903726699842,20.20096,67.437,8
184.9455098189992,20.239808,67.312,8
184.9618979199986,20.317504,67.281,8
184.9787852669997,20.356351999999998,67.125,8
184.9943914589985,20.356351999999998,67.125,8
185.01036438099982,20.356351999999998,67.25,8
185.02677769899856,20.3952,67.281,8
185.0438096580001,20.239808,67.187,8
185.06122777199926,20.123264,66.781,8
185.07869641499929,20.00672,66.937,8
185.09647264999876,19.967872,67.218,8
185.11280974199872,19.967872,66.812,8
185.13013530999888,20.00672,66.875,8
185.14686063599947,20.045568,67.437,8
185.1636863499989,20.084416,67.25,8
185.1800987079987,20.123264,66.906,8
185.19653653799833,20.123264,66.968,8
185.21461882999938,20.20096,67.125,8
185.23251231699942,20.278655999999998,67.125,8
185.2512053779992,20.317504,67.281,8
185.26773060300002,20.317504,67.125,8
185.28510078,20.317504,67.125,8
185.30235488899962,20.356351999999998,67.625,8
185.31929292599852,20.162112,67.437,8
185.3364061989996,20.084416,67.093,8
185.35339850899982,19.967872,66.812,8
185.37043203599933,19.967872,66.812,8
185.38673805500002,19.967872,67.218,8
185.40370786899985,20.045568,67.125,8
185.4202129009991,20.045568,66.875,8
185.43671770999936,20.084416,66.968,8
185.45330095200006,20.123264,66.875,8
185.46989251499872,20.162112,67.406,8
185.48635482699865,20.20096,67.343,8
185.50290834099906,20.278655999999998,67.062,8
185.52046114599943,20.317504,67.031,8
185.53709734999939,20.317504,67.437,8
185.5538706139996,20.356351999999998,67.0,8
185.57115797199913,20.356351999999998,67.125,8
185.58817057099986,20.123264,67.062,8
185.60518160099855,20.084416,66.968,8
185.62221205700007,20.00672,67.062,8
185.63943918899895,19.967872,66.906,8
185.65603900799942,20.00672,66.843,8
185.6725367449999,20.084416,66.968,8
185.68917608499942,20.084416,67.0,8
185.7054821999991,20.084416,66.968,8
185.72199209599967,20.123264,67.093,8
185.73858829899837,20.162112,66.968,8
185.75492603099883,20.239808,67.218,8
185.77173916799984,20.278655999999998,67.156,8
185.7892881659991,20.317504,67.0,8
185.80576881399975,20.356351999999998,66.968,8
185.82262223999896,20.3952,67.156,8
185.83968834400002,20.356351999999998,67.218,8
185.8567477279994,20.162112,67.093,8
185.87386826500006,20.084416,67.093,8
185.89092083299875,20.045568,67.156,8
185.90819481499966,20.00672,67.031,8
185.92461434100005,20.045568,67.218,8
185.94097072899967,20.084416,67.156,8
185.95736555099938,20.123264,67.125,8
185.97361140799876,20.123264,67.187,8
185.99005666299854,20.162112,67.125,8
186.006438204,20.239808,67.125,8
186.02294051699937,20.278655999999998,67.406,8
186.03949147099956,20.356351999999998,67.281,8
186.05709579699942,20.356351999999998,67.031,8
186.07364454299932,20.356351999999998,66.937,8
186.08967826699882,20.356351999999998,66.968,8
186.10572469499857,20.3952,67.25,8
186.12288852899837,20.20096,67.281,8
186.1397581479996,20.123264,67.031,8
186.1567390979999,20.045568,67.25,8
186.17404923999857,20.00672,67.281,8
186.1906743719992,20.045568,67.125,8
186.20822202599993,20.045568,66.843,8
186.22478581199903,20.084416,66.843,8
186.2410859749998,20.123264,67.343,8
186.2577736359999,20.123264,67.218,8
186.27441147199897,20.20096,67.25,8
186.29103865199977,20.239808,67.0,8
186.3077575469997,20.317504,67.5,8
186.3252823519997,20.356351999999998,67.406,8
186.3416608209991,20.356351999999998,67.218,8
186.3583949469994,20.356351999999998,67.031,8
186.3758131249997,20.3952,67.062,8
186.39286886099944,20.20096,67.625,8
186.40992318899953,20.123264,66.875,8
186.42699860499852,20.00672,66.906,8
186.44390969699998,20.00672,66.906,8
186.46022851599992,20.045568,66.937,8
186.47759930099892,20.045568,67.031,8
186.49383648599905,20.084416,66.937,8
186.5103765269996,20.084416,66.968,8
186.52706505300011,20.162112,67.062,8
186.54374682599882,20.20096,67.125,8
186.5600953739995,20.239808,67.125,8
186.5763409759984,20.317504,66.968,8
186.59355095599858,20.356351999999998,67.093,8
186.60969735399885,20.3952,66.968,8
186.62618907499927,20.3952,67.062,8
186.64352513799895,20.3952,67.093,8
186.6604943759994,20.20096,67.187,8
186.67762003299868,20.123264,67.062,8
186.69461487099943,20.00672,67.031,8
186.71159457299837,20.00672,67.031,8
186.72822783299853,20.00672,67.218,8
186.74538584399852,20.084416,67.031,8
186.76166869400004,20.084416,67.062,8
186.77805410699875,20.123264,67.0,8
186.79472333599915,20.162112,67.062,8
186.8112663539996,20.20096,67.312,8
186.8277036089985,20.239808,67.281,8
186.84418966499834,20.317504,67.187,8
186.86150137499862,20.356351999999998,67.156,8
186.87803533699844,20.3952,67.312,8
186.89494393199857,20.3952,67.218,8
186.9120571099993,20.3952,67.312,8
186.92908103699847,20.20096,67.375,8
186.94613782799934,20.123264,67.218,8
186.96323638099966,20.045568,67.218,8
186.98027131699928,20.00672,67.093,8
186.99666575399897,20.045568,66.812,8
187.01321155599908,20.123264,67.218,8
187.02972529199906,20.123264,67.187,8
187.0465880949996,20.162112,67.218,8
187.06410070699894,20.162112,66.875,8
187.08235609199983,20.162112,67.0,8
187.09902343299837,20.239808,67.187,8
187.11712306999834,20.317504,67.031,8
187.13461280199954,20.356351999999998,67.125,8
187.15252824099844,20.356351999999998,67.156,8
187.17000664499938,20.3952,67.375,8
187.1869530969998,20.317504,67.406,8
187.203958271999,20.123264,67.156,8
187.22089182799937,20.084416,66.718,8
187.23863795099896,20.00672,67.562,8
187.25548673699996,20.00672,67.218,8
187.27191596000011,20.00672,67.187,8
187.2885492839996,20.045568,66.781,8
187.30509626899948,20.084416,66.812,8
187.3216328869985,20.084416,67.406,8
187.33810284599895,20.162112,67.375,8
187.35484020500007,20.20096,67.312,8
187.37127307599985,20.239808,67.031,8
187.38852904099986,20.317504,67.0,8
187.40505397800007,20.317504,67.437,8
187.42160089999925,20.356351999999998,67.312,8
187.43889609799953,20.3952,67.031,8
187.45521286999974,20.356351999999998,67.093,8
187.47228450999864,20.123264,66.906,8
187.48926904399923,20.084416,66.843,8
187.5063539319999,20.045568,67.031,8
187.5235817369994,20.00672,66.937,8
187.53995706999922,20.045568,66.812,8
187.556657051,20.084416,66.968,8
187.57317728399903,20.123264,66.937,8
187.58978459199898,20.123264,67.031,8
187.606264344,20.162112,67.062,8
187.62279465699976,20.239808,67.0,8
187.63928605699948,20.278655999999998,67.093,8
187.65599333499995,20.317504,67.093,8
187.6721470299999,20.356351999999998,67.031,8
187.68769331599833,20.3952,67.0,8
187.70373417599876,20.3952,66.937,8
187.72029309799836,20.3952,67.562,8
187.73692104599832,20.20096,67.0,8
187.75423371599936,20.084416,66.843,8
187.77124580300006,20.045568,66.968,8
187.7886138349986,20.00672,67.281,8
187.80497358399953,20.045568,67.0,8
187.8212953789989,20.084416,66.937,8
187.83931936599947,20.123264,67.156,8
187.85727102999954,20.162112,67.093,8
187.87502489799954,20.162112,67.406,8
187.89258631099983,20.239808,67.312,8
187.91043090099993,20.278655999999998,67.0,8
187.92864420499973,20.356351999999998,66.937,8
187.94641992799916,20.3952,67.062,8
187.96446036299858,20.3952,67.093,8
187.98174544899848,20.434047999999997,67.218,8
187.99933937599963,20.239808,67.406,8
188.01655933999973,20.162112,67.312,8
188.03443877899917,20.084416,67.25,8
188.05277000599926,20.084416,66.843,8
188.0694352669998,20.084416,66.812,8
188.08682067599875,20.084416,66.812,8
188.1034067669989,20.123264,67.281,8
188.11986088599951,20.162112,67.218,8
188.13619628199922,20.162112,67.0,8
188.1526517129987,20.239808,67.031,8
188.16900931700002,20.278655999999998,66.968,8
188.18552058999921,20.356351999999998,67.468,8
188.20265303199994,20.3952,67.312,8
188.2187950459993,20.3952,67.031,8
188.23582658899977,20.434047999999997,66.968,8
188.25301080899953,20.434047999999997,67.593,8
188.27038005699978,20.239808,67.156,8
188.28748193799947,20.162112,66.875,8
188.30451658499987,20.084416,67.031,8
188.32152975999998,20.045568,67.0,8
188.33783686700008,20.045568,66.968,8
188.35529942999892,20.084416,66.937,8
188.37172001199906,20.123264,66.968,8
188.38806868799838,20.162112,67.031,8
188.4043630269989,20.162112,67.062,8
188.42057013099839,20.20096,67.125,8
188.4371152929998,20.278655999999998,67.031,8
188.45344387299883,20.317504,67.031,8
188.46998410599917,20.356351999999998,66.937,8
188.48611488799907,20.356351999999998,67.531,8
188.50184268299927,20.3952,67.281,8
188.51818444699893,20.3952,67.031,8
188.53509477099942,20.278655999999998,67.156,8
188.55166793399985,20.162112,66.812,8
188.568722901,20.123264,66.75,8
188.5868879159989,20.045568,67.062,8
188.60322055899996,20.00672,66.968,8
188.61995074999868,20.045568,66.875,8
188.6364276539989,20.084416,67.0,8
188.65272637699854,20.123264,67.062,8
188.66907930899833,20.162112,67.0,8
188.6853825119997,20.20096,67.093,8
188.7017924060001,20.239808,67.0,8
188.71838288099934,20.278655999999998,67.531,8
188.73512068799937,20.317504,67.031,8
188.75210525399962,20.356351999999998,67.0,8
188.7684817069985,20.3952,66.937,8
188.78511000699837,20.3952,66.968,8
188.80204058699928,20.278655999999998,67.218,8
188.81900124799904,20.123264,66.937,8
188.8358711869987,20.084416,66.75,8
188.85312727999917,20.00672,67.312,8
188.86952728599863,20.00672,67.093,8
188.88601263799865,20.045568,66.906,8
188.90226323099887,20.084416,66.843,8
188.91862640399995,20.123264,66.968,8
188.93497591199957,20.123264,66.937,8
188.95122084099967,20.162112,67.531,8
188.96734807099892,20.20096,67.156,8
188.98380574199837,20.278655999999998,67.062,8
189.00105853999958,20.317504,66.968,8
189.01698864399987,20.356351999999998,66.906,8
189.0325954759992,20.3952,67.562,8
189.0485546689997,20.434047999999997,67.406,8
189.06593738999982,20.3952,67.125,8
189.0829202599998,20.162112,66.843,8
189.09997711599863,20.045568,66.75,8
189.11696091399972,20.00672,67.0,8
189.13434004999908,19.967872,66.906,8
189.15070219900008,20.00672,66.906,8
189.16733728299914,20.045568,66.781,8
189.1837865059988,20.084416,67.375,8
189.20024225699854,20.084416,67.125,8
189.21687833299984,20.123264,67.031,8
189.23357351499908,20.162112,67.093,8
189.25003620999996,20.239808,67.062,8
189.26651093799956,20.278655999999998,67.125,8
189.28350571199917,20.317504,67.062,8
189.29963236599906,20.317504,67.062,8
189.31594798599872,20.356351999999998,66.906,8
189.3327185929993,20.356351999999998,66.937,8
189.3493400769985,20.20096,67.156,8
189.3663484839999,20.123264,66.906,8
189.3833162489991,20.00672,66.875,8
189.4003732329984,20.00672,66.937,8
189.41658276899943,20.00672,66.906,8
189.43339049799943,20.045568,66.968,8
189.4498193999989,20.084416,66.875,8
189.46610170699932,20.084416,66.906,8
189.4826110269987,20.123264,66.937,8
189.49909061899962,20.162112,67.406,8
189.51559872399957,20.239808,67.218,8
189.5323378109988,20.278655999999998,67.031,8
189.54914611599997,20.317504,66.906,8
189.56496373699883,20.356351999999998,67.0,8
189.58083716799956,20.3952,67.406,8
189.59774797199861,20.3952,67.437,8
189.61396752499968,20.239808,67.218,8
189.63090085699878,20.162112,66.875,8
189.64775645899863,20.045568,67.187,8
189.66479411499859,20.045568,67.437,8
189.68101549099993,20.00672,66.968,8
189.69805810699836,20.084416,66.906,8
189.71465158999854,20.084416,66.968,8
189.73101284199947,20.123264,67.375,8
189.7473174529987,20.123264,67.312,8
189.76363553699957,20.162112,67.062,8
189.77991809899868,20.20096,67.031,8
189.7960399529984,20.278655999999998,67.0,8
189.81277023999974,20.317504,67.437,8
189.82956257599835,20.356351999999998,67.281,8
189.84638156899928,20.356351999999998,67.0,8
189.8633588069988,20.3952,66.968,8
189.8804995369992,20.239808,67.687,8
189.89751853599955,20.123264,66.937,8
189.9146589459997,20.045568,66.75,8
189.93214326899943,20.00672,66.968,8
189.94841591199838,20.00672,66.968,8
189.96574912699907,20.084416,66.937,8
189.98215988499942,20.084416,66.937,8
189.99849560099938,20.123264,66.968,8
190.01492687099926,20.162112,66.937,8
190.03120191299968,20.162112,66.968,8
190.04756534199987,20.239808,67.156,8
190.06461160599974,20.278655999999998,67.093,8
190.08186107499932,20.317504,66.906,8
190.09781041199858,20.278655999999998,66.875,8
190.11372166799993,20.317504,67.5,8
190.12993241999902,20.317504,67.062,8
190.14698818799843,20.239808,67.218,8
190.16393176099882,20.084416,66.812,8
190.18101575299988,20.00672,66.843,8
190.19854238199878,19.967872,67.156,8
190.21513132099972,19.967872,67.0,8
190.23140393099857,19.967872,66.812,8
190.2481180249997,20.045568,66.968,8
190.26466635499855,20.045568,67.031,8
190.2812402849995,20.045568,67.031,8
190.2975387839997,20.123264,67.062,8
190.31397610299973,20.162112,67.062,8
190.33066421299918,20.20096,67.093,8
190.34749395799918,20.278655999999998,67.031,8
190.3644959639987,20.317504,67.093,8
190.38141348799945,20.317504,67.281,8
190.39879137699972,20.356351999999998,67.218,8
190.41596509999908,20.278655999999998,67.218,8
190.43321552899943,20.084416,67.218,8
190.45034016299905,20.045568,67.125,8
190.46775024399903,19.967872,67.218,8
190.48425873299857,19.967872,67.187,8
190.50050010999985,20.00672,67.312,8
190.51719925999896,20.045568,67.25,8
190.53377642299893,20.045568,67.218,8
190.55027214299844,20.084416,67.125,8
190.5665771699987,20.123264,67.187,8
190.5829620709992,20.162112,67.593,8
190.59950992099948,20.239808,67.5,8
190.61680550299934,20.317504,67.218,8
190.6328581709986,20.356351999999998,67.156,8
190.64894635999917,20.356351999999998,67.125,8
190.66595415899974,20.3952,67.031,8
190.6820885569996,20.317504,67.437,8
190.69891298999937,20.123264,67.125,8
190.7158789319983,20.045568,66.968,8
190.73559582899907,19.967872,67.406,8
190.75255047399878,19.967872,67.218,8
190.76885377299914,20.00672,66.781,8
190.78537093399973,20.045568,66.781,8
190.80196262499885,20.084416,66.906,8
190.81819113799975,20.084416,67.437,8
190.83450179699867,20.162112,67.281,8
190.85099588499907,20.20096,67.281,8
190.86733800099864,20.239808,67.0,8
190.88419859499845,20.317504,67.0,8
190.90037149099953,20.317504,67.406,8
190.9163674529991,20.356351999999998,67.281,8
190.93281549199855,20.356351999999998,67.218,8
190.9493623499984,20.356351999999998,67.375,8
190.96605785099928,20.123264,67.375,8
190.98301236799853,20.045568,67.062,8
191.00017876299898,20.00672,67.218,8
191.01723273899916,20.00672,66.906,8
191.03366093699879,20.045568,66.875,8
191.05009540799983,20.084416,67.312,8
191.06686252799955,20.123264,67.25,8
191.08327990999896,20.123264,67.218,8
191.09972737299904,20.123264,66.906,8
191.1165968309997,20.162112,67.031,8
191.1330095409994,20.20096,67.531,8
191.14951658999962,20.278655999999998,67.312,8
191.1661577219984,20.356351999999998,67.281,8
191.18187892499918,20.356351999999998,67.25,8
191.1980174829987,20.3952,67.562,8
191.21450030699998,20.3952,67.406,8
191.2318767559991,20.20096,67.437,8
191.24894109999877,20.123264,66.875,8
191.26613274400006,20.00672,66.781,8
191.28325225699882,19.967872,67.343,8
191.2996201979986,19.967872,66.906,8
191.3172140279985,20.00672,66.812,8
191.33371157299916,20.045568,66.812,8
191.3502462059987,20.084416,66.812,8
191.3665473609999,20.123264,67.437,8
191.38282480299858,20.123264,67.437,8
191.39928977099953,20.20096,67.281,8
191.41561662200002,20.239808,67.093,8
191.43267610199837,20.278655999999998,67.468,8
191.44857199799844,20.317504,67.406,8
191.46489955299876,20.356351999999998,67.218,8
191.48142650699992,20.356351999999998,67.218,8
191.49817394599995,20.239808,67.125,8
191.51491012099905,20.123264,67.218,8
191.531765275,20.084416,67.093,8
191.54917401199964,20.00672,67.0,8
191.5654475829997,20.00672,66.906,8
191.58253723899907,20.045568,66.812,8
191.59918627599836,20.084416,67.281,8
191.615534311999,20.084416,67.312,8
191.63217528399946,20.084416,67.031,8
191.648873954,20.162112,66.968,8
191.66513785999996,20.239808,67.656,8
191.68156074599938,20.278655999999998,67.437,8
191.69867443599833,20.317504,67.312,8
191.71472124699903,20.356351999999998,67.0,8
191.73092259199984,20.356351999999998,66.937,8
191.74757345199941,20.3952,67.468,8
191.76413518999834,20.239808,67.5,8
191.7812639199983,20.123264,66.906,8
191.798394473999,20.045568,66.718,8
191.81568215199877,20.00672,67.031,8
191.8320757249985,20.00672,67.281,8
191.84924019999926,20.084416,66.875,8
191.8658188669997,20.084416,66.937,8
191.8825255369993,20.084416,66.875,8
191.89898547999837,20.123264,67.531,8
191.9153794699996,20.162112,67.437,8
191.93189390999942,20.20096,67.062,8
191.9482476109988,20.278655999999998,67.062,8
191.9652333289996,20.317504,66.968,8
191.98151246699854,20.317504,67.437,8
191.99786664699968,20.356351999999998,67.343,8
192.01409749599952,20.3952,67.031,8
192.03092468199975,20.239808,67.093,8
192.04760799099859,20.123264,66.781,8
192.06508175399904,20.084416,66.781,8
192.0835114799993,20.00672,67.0,8
192.09994665499835,19.929024000000002,66.906,8
192.11655684199832,19.967872,67.0,8
192.13308542699997,20.045568,66.968,8
192.14936347799994,20.045568,66.937,8
192.16603133099852,20.084416,67.062,8
192.18261812499986,20.123264,67.031,8
192.19909928499874,20.20096,67.218,8
192.2154777859996,20.239808,67.125,8
192.23263976499948,20.317504,67.125,8
192.24857783799962,20.356351999999998,66.906,8
192.26466052299838,20.356351999999998,66.937,8
192.2813587769997,20.356351999999998,66.906,8
192.29781641599948,20.317504,67.156,8
192.31452759799868,20.084416,66.937,8
192.33161891899908,20.00672,66.812,8
192.3487649609997,19.967872,67.218,8
192.3658788419998,19.929024000000002,67.062,8
192.38227033599833,19.967872,66.937,8
192.3987796879992,20.00672,66.812,8
192.41504871399957,20.045568,66.843,8
192.4317419759991,20.084416,67.031,8
192.44822758400005,20.123264,67.125,8
192.46494218999942,20.162112,67.062,8
192.48124200099846,20.20096,67.062,8
192.49761003799904,20.278655999999998,67.062,8
192.51386968799852,20.317504,67.031,8
192.52953501699994,20.356351999999998,67.375,8
192.54533238199838,20.356351999999998,67.343,8
192.56160070399892,20.356351999999998,67.312,8
192.57836100799977,20.162112,67.0,8
192.59535155799858,20.084416,67.437,8
192.61240780499975,20.00672,67.25,8
192.62921204599843,19.967872,66.875,8
192.64554670599864,20.00672,66.843,8
192.66194075899875,20.084416,66.843,8
192.67840943899864,20.084416,67.312,8
192.69489066299866,20.123264,67.375,8
192.71125341900006,20.162112,67.25,8
192.72777544399833,20.20096,67.0,8
192.7441544889989,20.239808,67.062,8
192.76070313899982,20.317504,67.468,8
192.77768917699905,20.356351999999998,67.281,8
192.79329127299934,20.3952,67.25,8
192.80943495099928,20.3952,67.187,8
192.82571581699995,20.3952,67.125,8
192.84212430299885,20.239808,67.593,8
192.85848798799998,20.162112,67.125,8
192.87549223399947,20.045568,66.968,8
192.89303889599978,20.00672,66.843,8
192.9101043599985,20.00672,67.375,8
192.92698312999892,20.045568,67.218,8
192.94357501299964,20.084416,67.218,8
192.959921321999,20.084416,67.031,8
192.97608535299878,20.162112,67.0,8
192.9922630479996,20.162112,67.437,8
193.00871310299954,20.239808,67.375,8
193.02505646699865,20.278655999999998,67.218,8
193.04209738600002,20.317504,67.187,8
193.05797779399836,20.356351999999998,67.062,8
193.07460618999903,20.3952,67.312,8
193.0911901999989,20.356351999999998,67.218,8
193.1073690159992,20.239808,67.312,8
193.1245229619999,20.084416,66.937,8
193.1415025999995,20.00672,67.093,8
193.1587232039983,19.967872,67.437,8
193.1759968339993,19.967872,66.906,8
193.19324009499906,20.00672,66.843,8
193.21131867499935,20.045568,66.718,8
193.2274278249988,20.084416,67.312,8
193.24362248099897,20.123264,67.062,8
193.26005512699885,20.162112,67.062,8
193.27644895699996,20.20096,67.062,8
193.2929659249985,20.239808,67.5,8
193.3098013029994,20.278655999999998,67.375,8
193.32596402199852,20.317504,67.312,8
193.34179089200006,20.317504,67.218,8
193.35826577999978,20.356351999999998,66.906,8
193.3750288029987,20.278655999999998,67.562,8
193.3921422049989,20.084416,67.25,8
193.40921378099847,20.045568,66.781,8
193.42710970000007,19.967872,67.0,8
193.444046487999,19.967872,66.843,8
193.46036985199862,20.00672,66.937,8
193.47873989599975,20.045568,66.875,8
193.49503570699926,20.045568,66.906,8
193.51158915699853,20.084416,67.218,8
193.52810698899884,20.123264,67.218,8
193.54438811199907,20.162112,67.125,8
193.56098345099963,20.20096,67.093,8
193.57789953499923,20.278655999999998,66.968,8
193.5937685179997,20.317504,66.968,8
193.60988461099987,20.317504,67.406,8
193.62632970599952,20.356351999999998,67.062,8
193.64274103999924,20.278655999999998,67.218,8
193.65970640499836,20.084416,66.843,8
193.67683363099968,20.00672,66.937,8
193.69512124099856,19.967872,67.093,8
193.7121695529986,19.929024000000002,66.937,8
193.72850737999943,19.967872,67.0,8
193.74642147599843,20.045568,67.031,8
193.7628860269997,20.045568,67.0,8
193.77931364999858,20.045568,67.125,8
193.79572376799842,20.084416,67.343,8
193.8124537019994,20.162112,67.218,8
193.82946860499942,20.20096,67.125,8
193.84713453399854,20.239808,67.468,8
193.86525055499988,20.278655999999998,67.312,8
193.8823119869994,20.317504,67.0,8
193.89857304399993,20.317504,66.937,8
193.9159365329997,20.239808,67.687,8
193.93296305199874,20.084416,67.218,8
193.9499741139989,20.00672,66.718,8
193.9684148159995,19.967872,67.218,8
193.98559039499924,19.929024000000002,67.031,8
194.00239367599897,20.00672,66.968,8
194.02017992799847,20.045568,67.218,8
194.03674316999968,20.084416,67.187,8
194.0533013559998,20.123264,67.187,8
194.06968056099868,20.162112,67.156,8
194.0862442509988,20.239808,67.125,8
194.10253058999842,20.239808,67.343,8
194.1193712159984,20.278655999999998,67.156,8
194.13582459899953,20.317504,67.093,8
194.15269636099947,20.317504,67.062,8
194.1691141279989,20.356351999999998,67.343,8
194.186573777999,20.239808,67.406,8
194.2037252609989,20.084416,67.0,8
194.22090416799983,20.045568,66.656,8
194.2392667239983,19.967872,67.468,8
194.256375388999,19.929024000000002,66.937,8
194.27313274900007,20.00672,66.875,8
194.29084085499926,20.045568,66.812,8
194.30707163899933,20.045568,67.25,8
194.32346070099993,20.084416,67.343,8
194.33970300599867,20.123264,67.062,8
194.35629117699864,20.162112,67.0,8
194.37241581499984,20.20096,66.968,8
194.38933740299944,20.278655999999998,67.468,8
194.40609882699937,20.317504,67.312,8
194.4225768819997,20.356351999999998,67.031,8
194.43932246499935,20.356351999999998,66.968,8
194.4566636489999,20.239808,67.031,8
194.47374626599958,20.123264,67.0,8
194.49079835299926,20.045568,66.718,8
194.50819592299922,19.967872,67.218,8
194.5252386659995,19.929024000000002,67.062,8
194.54181009999957,20.00672,66.968,8
194.55938092199904,20.045568,66.937,8
194.5756604449998,20.045568,66.937,8
194.5918775329992,20.084416,67.25,8
194.60842115899868,20.123264,67.156,8
194.6250036649999,20.20096,67.187,8
194.64126616299836,20.239808,67.093,8
194.6576522159994,20.317504,66.968,8
194.67417856199972,20.356351999999998,66.906,8
194.69042374699893,20.356351999999998,67.093,8
194.7071394729992,20.356351999999998,67.031,8
194.7248565709997,20.278655999999998,67.093,8
194.7418802100001,20.123264,67.062,8
194.75889994499994,20.084416,66.906,8
194.77697314899888,19.967872,67.468,8
194.79393848199834,19.967872,67.25,8
194.8103650159992,20.00672,67.156,8
194.82822410199879,20.045568,66.875,8
194.84453005699834,20.084416,67.5,8
194.86097159999917,20.084416,67.437,8
194.87770838299912,20.123264,67.375,8
194.89415338199979,20.162112,67.218,8
194.91017600099985,20.239808,67.187,8
194.92715026299993,20.317504,67.531,8
194.94414238099853,20.317504,67.406,8
194.96084514699942,20.356351999999998,67.312,8
194.97802386199874,20.3952,67.062,8
194.99514462299885,20.239808,67.093,8
195.01209507599924,20.123264,67.312,8
195.02921999799946,20.045568,66.781,8
195.04664262400001,19.967872,66.937,8
195.06457819199932,19.967872,67.031,8
195.08374819399978,20.045568,67.312,8
195.10154007799974,20.045568,67.187,8
195.11833033499897,20.045568,67.156,8
195.13572419199954,20.045568,67.031,8
195.15329910999935,20.123264,67.062,8
195.1711145149984,20.162112,67.187,8
195.18835259099978,20.239808,67.093,8
195.20596450299854,20.278655999999998,67.093,8
195.2230863199984,20.317504,67.187,8
195.24012995999874,20.356351999999998,67.187,8
195.2573684199997,20.317504,67.468,8
195.27443849299925,20.123264,67.25,8
195.29121991699867,20.00672,67.031,8
195.3082595879987,19.929024000000002,67.468,8
195.3256437809996,19.929024000000002,67.187,8
195.34219652699903,19.967872,67.218,8
195.35864213399873,20.00672,67.125,8
195.37523721699836,20.045568,67.125,8
195.39176375399984,20.045568,67.406,8
195.40840677399865,20.084416,67.312,8
195.4252029829986,20.162112,67.343,8
195.44182046599963,20.20096,67.25,8
195.458324154999,20.239808,66.968,8
195.47519767799895,20.317504,67.375,8
195.49220528399928,20.356351999999998,67.375,8
195.50859360899994,20.356351999999998,67.218,8
195.52588426399961,20.356351999999998,67.093,8
195.54287033299988,20.162112,66.906,8
195.55971838299956,20.084416,67.218,8
195.57679431199904,20.045568,67.093,8
195.59384643099838,20.00672,66.875,8
195.6101152329993,20.00672,66.812,8
195.627982607999,20.084416,66.937,8
195.6454148339999,20.084416,66.906,8
195.6626184459983,20.123264,66.937,8
195.67989706699882,20.162112,67.218,8
195.69751288299994,20.20096,67.187,8
195.71517698699972,20.239808,67.406,8
195.73285417999978,20.317504,67.343,8
195.7512921939997,20.356351999999998,66.968,8
195.76907777399902,20.3952,66.937,8
195.78628592999848,20.3952,67.031,8
195.80348512599994,20.239808,67.187,8
195.82049317999918,20.123264,66.812,8
195.83790892599973,20.045568,66.968,8
195.85505467999974,20.045568,67.125,8
195.87128968899924,20.00672,66.968,8
195.88841803499963,20.084416,67.187,8
195.90505721499903,20.123264,67.156,8
195.92143702799876,20.123264,67.093,8
195.94012983299945,20.162112,67.531,8
195.95790146099898,20.20096,67.375,8
195.97576819499955,20.278655999999998,67.093,8
195.99357844799852,20.317504,67.187,8
196.01150169599896,20.356351999999998,67.093,8
196.02913856699888,20.3952,67.062,8
196.04651187999843,20.434047999999997,67.25,8
196.0638588239999,20.356351999999998,67.343,8
196.08104473899948,20.162112,66.812,8
196.09911336699952,20.084416,67.218,8
196.11662754699864,20.00672,67.062,8
196.13506575299834,20.00672,67.187,8
196.15361314599977,20.045568,66.968,8
196.17189406799844,20.084416,67.312,8
196.1892692049987,20.123264,67.218,8
196.20679551299872,20.123264,66.968,8
196.22447414599992,20.20096,67.062,8
196.2424732999989,20.239808,67.125,8
196.26037206699948,20.317504,67.031,8
196.2783864539997,20.356351999999998,67.312,8
196.29618265799945,20.356351999999998,67.125,8
196.31373783099843,20.356351999999998,66.937,8
196.3312677879985,20.3952,67.468,8
196.34845690399925,20.162112,67.343,8
196.36574131799898,20.084416,66.875,8
196.382987555,20.00672,67.156,8
196.4015412839999,19.967872,66.906,8
196.41941694599882,20.00672,67.218,8
196.43772942099895,20.045568,67.218,8
196.45533253199937,20.084416,66.968,8
196.4729259779997,20.123264,66.937,8
196.49051299299936,20.162112,67.093,8
196.50822615499965,20.20096,67.0,8
196.52572689499902,20.278655999999998,67.187,8
196.54366467099862,20.317504,67.187,8
196.5612121639988,20.356351999999998,67.406,8
196.57905313799893,20.356351999999998,67.343,8
196.5962624779986,20.3952,67.187,8
196.61376827399909,20.20096,67.125,8
196.6309564610001,20.123264,67.406,8
196.64812071199958,20.045568,67.0,8
196.66631718399913,20.00672,66.906,8
196.68412119599998,20.00672,67.093,8
196.7022321609984,20.084416,67.0,8
196.71974525299993,20.084416,67.343,8
196.73749774399948,20.123264,67.218,8
196.75499720399966,20.162112,67.031,8
196.7738344929985,20.239808,67.062,8
196.79024752299847,20.317504,67.531,8
196.80711090199839,20.356351999999998,67.0,8
196.82338504799918,20.3952,66.968,8
196.83942725199995,20.3952,66.968,8
196.856107616999,20.434047999999997,66.906,8
196.87266871499924,20.356351999999998,67.531,8
196.88972941099928,20.162112,66.906,8
196.90673448899906,20.084416,66.812,8
196.92438832199878,20.045568,66.968,8
196.94097982099993,20.045568,67.156,8
196.95717255699856,20.045568,66.906,8
196.97415088199887,20.123264,66.937,8
196.99077946999932,20.123264,66.875,8
197.00729045499975,20.162112,66.937,8
197.0238908499996,20.162112,67.187,8
197.04013894699892,20.239808,67.125,8
197.05648567099888,20.278655999999998,67.0,8
197.073551391999,20.356351999999998,67.062,8
197.0909926739987,20.3952,67.031,8
197.10772872099915,20.356351999999998,67.062,8
197.12513304200002,20.356351999999998,66.968,8
197.14219255399985,20.317504,67.25,8
197.15927261099932,20.084416,67.062,8
197.17629877699983,20.045568,66.937,8
197.19340609899882,19.967872,67.312,8
197.21049412299908,19.967872,67.156,8
197.22675748499933,20.00672,67.125,8
197.2429494529988,20.00672,66.968,8
197.2591291969984,20.045568,66.968,8
197.27551057799974,20.084416,67.312,8
197.29202354599875,20.123264,67.218,8
197.30854969999928,20.123264,67.187,8
197.32494247299837,20.162112,67.156,8
197.34137147099864,20.239808,67.0,8
197.35855754699878,20.278655999999998,67.281,8
197.375224727999,20.317504,67.156,8
197.39207373799945,20.317504,67.156,8
197.409239781,20.317504,67.625,8
197.42624799499936,20.123264,67.281,8
197.4432298089996,20.045568,67.125,8
197.46039201099848,19.967872,66.937,8
197.4774770919994,19.967872,66.781,8
197.4942668679996,20.00672,67.312,8
197.5105334939999,20.045568,67.218,8
197.52692885999932,20.084416,67.093,8
197.5431379799993,20.084416,67.093,8
197.55961584399847,20.123264,67.031,8
197.576073835,20.20096,67.437,8
197.59246648099906,20.239808,67.375,8
197.60891419899963,20.317504,67.218,8
197.6257550169994,20.356351999999998,67.218,8
197.64193028099908,20.3952,67.062,8
197.65789260999918,20.3952,67.468,8
197.67542874299943,20.3952,67.375,8
197.69253555199975,20.20096,67.343,8
197.70952594199844,20.123264,66.843,8
197.72649697199995,20.045568,67.312,8
197.74346764899929,20.045568,67.25,8
197.7597772199988,20.045568,67.156,8
197.7765928209992,20.084416,66.875,8
197.79305426899919,20.123264,66.812,8
197.80973069799984,20.162112,67.343,8
197.82625809899946,20.20096,67.281,8
197.84283199799938,20.239808,67.25,8
197.85924688399973,20.278655999999998,67.062,8
197.87556515899996,20.317504,67.531,8
197.89287750999938,20.3952,67.375,8
197.9094520159997,20.3952,67.218,8
197.92583966999882,20.434047999999997,67.0,8
197.94305560199973,20.434047999999997,67.093,8
197.95993338099834,20.239808,67.562,8
197.9771539529993,20.123264,66.906,8
197.99420709699916,20.084416,66.875,8
198.01156482499937,20.045568,66.875,8
198.02796476599906,20.045568,66.812,8
198.04453133599964,20.123264,66.906,8
198.06081450700003,20.162112,66.937,8
198.0772221929983,20.162112,66.906,8
198.09427885699915,20.20096,66.937,8
198.11085019499842,20.239808,67.5,8
198.12734069899852,20.278655999999998,67.0,8
198.1438011219998,20.278655999999998,66.968,8
198.16148199499912,20.356351999999998,67.0,8
198.17809711099835,20.356351999999998,67.156,8
198.19521691199952,20.3952,67.062,8
198.2130796779984,20.3952,67.406,8
198.2302693699985,20.20096,67.281,8
198.24748994199945,20.123264,67.031,8
198.26462385599916,20.045568,67.406,8
198.2818912779985,20.045568,67.218,8
198.29817521599944,20.045568,67.0,8
198.3151770939985,20.045568,67.031,8
198.33152349899865,20.084416,66.906,8
198.34795300899896,20.123264,67.218,8
198.3643150299995,20.123264,67.281,8
198.38086012699932,20.20096,67.187,8
198.39724544399905,20.239808,67.25,8
198.41380990299876,20.278655999999998,67.093,8
198.43090560699966,20.317504,67.375,8
198.4473752469985,20.356351999999998,67.281,8
198.46360059199833,20.356351999999998,67.218,8
198.48072045699882,20.3952,67.125,8
198.49783117099832,20.20096,67.625,8
198.51486405799915,20.123264,67.25,8
198.53183540699865,20.045568,67.062,8
198.54883872499886,20.00672,66.843,8
198.5652092579985,20.045568,66.843,8
198.58236771699922,20.084416,67.312,8
198.598806091999,20.084416,67.218,8
198.61530795599901,20.123264,67.218,8
198.63181081199946,20.162112,67.062,8
198.64821052999832,20.239808,67.625,8
198.66466336899975,20.278655999999998,67.5,8
198.68120990699936,20.356351999999998,67.375,8
198.69844811199982,20.3952,67.031,8
198.7150494669986,20.434047999999997,67.062,8
198.73198411099838,20.434047999999997,67.468,8
198.74954523699853,20.434047999999997,67.218,8
198.76658749999842,20.239808,67.0,8
198.78370490199995,20.162112,66.812,8
198.80071042799864,20.084416,67.031,8
198.8181938559992,20.084416,66.906,8
198.8345102429994,20.084416,67.0,8
198.85138101399934,20.162112,66.906,8
198.8677714509995,20.162112,66.906,8
198.88402799699907,20.20096,67.093,8
198.90044771499925,20.239808,67.093,8
198.91726862799987,20.278655999999998,67.0,8
198.93356885499998,20.317504,67.031,8
198.9499884449997,20.3952,67.031,8
198.9665563589988,20.434047999999997,67.468,8
198.98207922099937,20.472896000000002,67.375,8
198.99791383499905,20.472896000000002,67.25,8
199.0143291689983,20.472896000000002,67.062,8
199.03046878299938,20.317504,67.156,8
199.04748058199948,20.20096,67.312,8
199.06464291199882,20.084416,66.968,8
199.08191785399868,20.084416,66.968,8
199.0987706399992,20.123264,67.0,8
199.11687344499842,20.123264,66.968,8
199.1332094169993,20.162112,66.937,8
199.14956532499855,20.123264,66.937,8
199.16584420799882,20.162112,67.0,8
199.18223851699986,20.20096,66.968,8
199.19850127099926,20.239808,67.5,8
199.21464594099962,20.278655999999998,67.062,8
199.2320851759996,20.356351999999998,67.031,8
199.24902618799933,20.3952,66.937,8
199.26545294700009,20.3952,66.937,8
199.28170155599946,20.3952,67.093,8
199.29867917799857,20.278655999999998,67.187,8
199.31460252999932,20.162112,66.781,8
199.33152274199892,20.045568,66.718,8
199.34906274700006,20.00672,67.218,8
199.36544041599882,20.00672,66.937,8
199.38200077799956,20.045568,66.875,8
199.3982648759993,20.084416,66.812,8
199.41439466599877,20.084416,66.906,8
199.4307327819988,20.123264,67.5,8
199.4470748019994,20.162112,67.406,8
199.46336286899896,20.20096,67.031,8
199.47975631400004,20.239808,67.031,8
199.49696094999854,20.317504,66.906,8
199.5129623849989,20.356351999999998,67.406,8
199.52907268599847,20.356351999999998,67.343,8
199.54546114000004,20.3952,67.218,8
199.56165093099844,20.317504,67.093,8
199.5782484149986,20.123264,66.812,8
199.5952306119998,20.045568,67.156,8
199.61330800799988,20.00672,67.031,8
199.62999205399865,20.00672,66.968,8
199.64618334999977,20.045568,66.781,8
199.66265036499863,20.084416,67.312,8
199.6791338289986,20.084416,67.25,8
199.6957164639989,20.123264,67.218,8
199.71204123499956,20.162112,67.031,8
199.72853295499954,20.239808,67.0,8
199.74501555499955,20.278655999999998,67.5,8
199.76122297899929,20.317504,67.375,8
199.77784497499852,20.356351999999998,67.25,8
199.7941604989992,20.356351999999998,66.968,8
199.81146276899926,20.3952,66.937,8
199.8285361369999,20.356351999999998,67.593,8
199.8456506269995,20.162112,66.875,8
199.862678649999,20.084416,66.843,8
199.88122415499856,19.845119999999998,66.437,8
199.89758390299903,19.456,66.218,8
199.91365717999906,19.027968,66.031,8
199.92975656899944,18.669504,65.843,8
199.94582754199837,18.318720000000003,65.687,8
199.9619344829989,17.92896,65.656,8
199.97804465699846,17.60704,66.093,8
199.9939621529993,17.29472,65.875,8
200.0099141139999,16.943360000000002,65.843,8
200.02722259299844,16.592,65.437,8
200.04446303799887,16.306368,65.343,8
200.07232169599956,15.758912,65.343,9
200.11111380900002,15.353856,65.25,9
200.12773772499895,15.118848,65.75,9
200.14437514499878,14.923008,65.625,9
200.16094926799997,14.727167999999999,65.125,9
200.17738082599863,14.49216,65.125,9
200.193770079999,14.358912,65.062,9
200.21017034099896,14.162752000000001,65.531,9
200.22650621699904,13.966592,65.437,9
200.24290103899875,13.809664000000001,65.343,9
200.25923860999865,13.652736,65.156,9
200.275457619,13.495808,65.25,9
200.29188296899883,13.399936,65.437,9
200.3094101739989,13.321344,65.593,9
200.34214643999985,13.574272,65.406,9
200.35953972099924,13.848896,66.25,9
200.37662409699988,14.162752000000001,66.156,9
200.393381201,14.437376,66.062,9
200.40980431099888,14.688,66.093,9
200.42649875699863,14.962176,66.187,9
200.44297258799998,15.27552,66.781,9
200.45983487899866,15.549695999999999,66.687,9
200.47662545499952,15.758912,66.312,9
200.49353590699866,16.03264,66.312,9
200.51027096199869,16.267264,66.281,9
200.5272720719986,16.501887999999997,66.468,9
200.54450662899944,16.697408,66.468,9
200.56193133499983,16.736511999999998,66.531,9
200.57841604699934,16.787200000000002,66.281,9
200.59436637599902,16.90432,66.281,9
200.61360444399907,17.02144,66.812,9
200.63149661899843,17.177599999999998,66.625,9
200.64812827899914,17.333759999999998,66.562,9
200.6658576969985,17.489919999999998,66.937,9
200.68269998699907,17.528959999999998,66.75,9
200.6993551359992,17.64608,66.812,9
200.7158574799996,17.80224,66.843,9
200.73249432400007,17.889984000000002,66.656,9
200.74871992499902,18.045887999999998,67.156,9
200.76511641099933,18.162816,66.875,9
200.78188100199986,18.318720000000003,66.843,9
200.7980502499995,18.435648,66.906,9
200.81458917099917,18.5136,66.656,9
200.832150233,18.474624,67.187,9
200.8490006510001,18.435648,66.843,9
200.86628263300008,18.435648,66.406,9
200.88458857899968,18.435648,66.718,9
200.9018558409989,18.5136,66.687,9
200.9197911529991,18.630527999999998,66.656,9
200.9377561299989,18.708479999999998,66.812,9
200.95546628400007,18.786432,66.843,9
200.9729461909992,18.833408,66.718,9
200.99071279499913,18.950144,67.187,9
201.00840086799872,19.06688,66.718,9
201.02569465799934,19.183616,66.718,9
201.04423737899924,19.26144,66.875,9
201.0617464070001,19.339264,66.875,9
201.07917488899875,19.417088,66.968,9
201.09623254500002,19.417088,67.156,9
201.11312584499865,19.222527999999997,66.937,9
201.13085167899953,19.183616,67.031,9
201.14828294499966,19.105792,67.0,9
201.16689197199958,19.144704,66.718,9
201.18512025199925,19.222527999999997,66.75,9
201.20314068599873,19.300352,66.781,9
201.22110070300005,19.378176,67.125,9
201.238699558,19.456,67.062,9
201.256424367999,19.494912,66.781,9
201.27464442399832,19.572736,66.812,9
201.29216689299938,19.572736,66.843,9
201.31056336999973,19.650560000000002,67.062,9
201.32851186599873,19.689472000000002,66.906,9
201.3460641269994,19.728384,66.656,9
201.36379626599955,19.767295999999998,67.218,9
201.38122826799918,19.650560000000002,67.312,9
201.39836160599953,19.572736,66.718,9
201.41552672099897,19.494912,66.781,9
201.43459684799927,19.456,66.812,9
201.45872173899988,19.533824,66.718,9
201.47677283099983,19.572736,66.875,9
201.49352046199965,19.611648000000002,66.843,9
201.51147756699902,19.689472000000002,66.875,9
201.5281114669997,19.728384,66.875,9
201.5445166569989,19.806207999999998,67.093,9
201.5624999699994,19.884031999999998,67.093,9
201.58048443499865,19.929024000000002,66.781,9
201.59841981099999,19.967872,66.875,9
201.61620433499957,20.045568,66.781,9
201.63331405699864,20.084416,66.812,9
201.65050995599995,19.929024000000002,67.093,9
201.6675218829987,19.851328000000002,66.781,9
201.68459477099896,19.806207999999998,66.593,9
201.70148010199955,19.728384,67.0,9
201.7175971559991,19.728384,66.937,9
201.73418843099898,19.806207999999998,66.906,9
201.75054558699958,19.851328000000002,66.875,9
201.76673160299833,19.851328000000002,66.843,9
201.78305304599962,19.890176,66.906,9
201.79920494899852,19.967872,66.843,9
201.8156893409996,20.00672,66.843,9
201.83189186899835,20.045568,67.0,9
201.84834483599843,20.123264,66.906,9
201.86452694799846,20.162112,66.875,9
201.8803315770001,20.123264,66.718,9
201.89727799799948,20.084416,66.75,9
201.9138328879999,20.084416,67.375,9
201.93081434899977,19.890176,66.718,9
201.94787181299944,19.81248,66.687,9
201.9649931189997,19.734784,67.031,9
201.98283268399973,19.734784,66.843,9
201.9994588720001,19.81248,66.781,9
202.01635156299926,19.851328000000002,66.937,9
202.03406866099976,19.851328000000002,66.937,9
202.0517802229988,19.890176,67.0,9
202.06837831399935,19.929024000000002,67.375,9
202.08527145399967,20.00672,67.218,9
202.1035753519991,20.084416,66.906,9
202.1232511599992,20.084416,66.875,9
202.14144843099893,20.123264,66.875,9
202.15817289400002,20.123264,67.093,9
202.1754062029995,20.162112,67.031,9
202.19256818099893,20.084416,67.156,9
202.20959562799908,19.929024000000002,66.906,9
202.22660496299977,19.890176,66.968,9
202.24397488299837,19.81248,67.218,9
202.26053230099933,19.81248,66.968,9
202.27694296299887,19.851328000000002,66.906,9
202.29360444799931,19.929024000000002,66.625,9
202.31005927099977,19.929024000000002,67.187,9
202.3267200199989,19.967872,67.062,9
202.34307583199916,20.00672,67.093,9
202.35959382500005,20.045568,67.031,9
202.37600359099997,20.084416,67.312,9
202.3931658900001,20.162112,67.25,9
202.4092207019985,20.20096,67.093,9
202.42519400799938,20.20096,67.125,9
202.4415372759995,20.239808,67.031,9
202.45843217499896,20.20096,67.468,9
202.47544762199868,20.00672,67.093,9
202.491744424,19.890176,67.031,9
202.5087562230001,19.773632000000003,66.656,9
202.5273616659997,19.734784,66.781,9
202.54591600299864,19.773632000000003,66.843,9
202.56341399099983,19.851328000000002,66.781,9
202.58078355899852,19.890176,67.0,9
202.59811463000005,19.929024000000002,66.937,9
202.6157276619997,20.00672,67.343,9
202.6333868699985,20.045568,67.218,9
202.65117750599893,20.084416,67.125,9
202.66832185199928,20.162112,66.875,9
202.68624618799913,20.20096,67.312,9
202.70352916199954,20.239808,66.906,9
202.72071171700009,20.278655999999998,66.906,9
202.73808448599993,20.123264,67.218,9
202.75503231499897,20.00672,66.75,9
202.7720684979995,19.967872,66.687,9
202.7894225459986,19.890176,67.187,9
202.80622934699932,19.851328000000002,66.937,9
202.82290276799904,19.929024000000002,66.906,9
202.84087840099892,19.967872,67.25,9
202.8573624089986,20.00672,67.187,9
202.87394673999916,20.00672,67.187,9
202.8906144649991,20.045568,67.093,9
202.90699056599988,20.123264,67.125,9
202.92325511199851,20.162112,67.406,9
202.94028457499917,20.239808,67.218,9
202.95709371199882,20.239808,67.156,9
202.97406842099917,20.278655999999998,67.031,9
202.9909789049998,20.317504,66.843,9
203.00814456399894,20.162112,67.531,9
203.0251553379985,20.045568,67.0,9
203.04240871099864,19.967872,66.718,9
203.05996142099866,19.929024000000002,66.875,9
203.07718186499915,19.929024000000002,66.75,9
203.0944825359984,19.851328000000002,66.718,9
203.1117844219989,19.929024000000002,66.718,9
203.12825879799857,19.929024000000002,66.687,9
203.144795926999,19.890176,66.937,9
203.1613568649991,19.967872,66.968,9
203.17795393300003,20.045568,66.906,9
203.1945616239991,20.123264,66.937,9
203.21132704799857,20.20096,67.125,9
203.22768519599958,20.20096,66.906,9
203.24383594699975,20.239808,66.937,9
203.26055996099967,20.278655999999998,66.906,9
203.2776826749996,20.20096,67.0,9
203.29465661599897,20.00672,66.937,9
203.31162614200002,19.967872,66.906,9
203.32886812299876,19.890176,67.25,9
203.3459901319984,19.851328000000002,67.0,9
203.3621612679999,19.929024000000002,66.968,9
203.37849794299837,19.967872,66.937,9
203.39473023199935,19.967872,66.875,9
203.4110108749992,20.00672,66.937,9
203.42749443499997,20.045568,66.906,9
203.44425979399966,20.084416,67.062,9
203.46067900099843,20.162112,67.031,9
203.47769102299935,20.20096,67.312,9
203.49614743799975,20.278655999999998,67.156,9
203.51301014399905,20.278655999999998,67.125,9
203.5304916519999,20.317504,66.875,9
203.547396983,20.278655999999998,67.531,9
203.56438817299932,20.084416,67.156,9
203.5813678429986,20.00672,66.656,9
203.60057432599933,19.929024000000002,67.125,9
203.6182155179995,19.890176,67.0,9
203.6351875069995,19.929024000000002,66.875,9
203.6532504709994,20.00672,67.031,9
203.670454658999,20.00672,67.0,9
203.687967975,19.967872,66.781,9
203.70475922399964,20.00672,67.281,9
203.72234655799912,20.045568,67.218,9
203.74027918199863,20.123264,66.843,9
203.7579852079998,20.162112,67.031,9
203.77630667499943,20.239808,66.937,9
203.79373150899846,20.278655999999998,66.906,9
203.81096718499975,20.278655999999998,67.156,9
203.82810433099985,20.123264,67.218,9
203.84509395299938,20.045568,66.937,9
203.86210427999868,19.929024000000002,67.093,9
203.87977571199917,19.890176,67.156,9
203.89698994899845,19.929024000000002,66.781,9
203.91572435499984,20.00672,66.906,9
203.93416297699878,20.045568,66.937,9
203.951715014,20.084416,67.218,9
203.96964907799884,20.123264,67.187,9
203.987517956999,20.162112,66.906,9
204.0057050839987,20.20096,67.0,9
204.02474791399982,20.278655999999998,66.937,9
204.04274629999964,20.317504,67.125,9
204.0607748629991,20.317504,67.031,9
204.07812942300006,20.356351999999998,66.812,9
204.09581298400008,20.20096,67.437,9
204.1131985209995,20.123264,66.875,9
204.1305820739999,20.00672,66.718,9
204.14953296599924,19.967872,66.968,9
204.1665205399986,19.929024000000002,66.843,9
204.18434212099964,19.967872,67.125,9
204.20200625699908,20.00672,67.031,9
204.21946328400008,20.045568,66.843,9
204.23706444299933,20.084416,67.375,9
204.25501025099948,20.123264,67.25,9
204.2715453969995,20.20096,66.968,9
204.2892972159989,20.162112,66.937,9
204.30799645299885,20.20096,66.968,9
204.3262593899999,20.20096,67.281,9
204.34374796999873,20.162112,67.125,9
204.36122682099995,20.20096,67.156,9
204.3783089899989,20.00672,66.875,9
204.39540270999896,19.929024000000002,67.218,9
204.41249259100005,19.851328000000002,67.093,9
204.42940797099982,19.81248,66.781,9
204.446138194,19.851328000000002,66.781,9
204.46377928999937,19.929024000000002,66.781,9
204.48039946099925,19.967872,66.906,9
204.49699639999926,19.967872,66.812,9
204.51367401399875,20.00672,66.968,9
204.53034977099924,20.045568,66.906,9
204.54674721699848,20.123264,66.937,9
204.5632512889988,20.20096,67.0,9
204.5808063989989,20.239808,66.937,9
204.5970617919993,20.278655999999998,66.875,9
204.6135606809985,20.278655999999998,66.875,9
204.63030891999915,20.317504,67.187,9
204.64726174099997,20.084416,67.062,9
204.66429088399855,20.045568,66.812,9
204.6813261069983,19.929024000000002,66.968,9
204.69972591199985,19.890176,66.875,9
204.71725356499883,19.929024000000002,67.218,9
204.73462850899887,20.00672,67.0,9
204.75202361399897,20.045568,66.843,9
204.76949091299866,20.045568,66.718,9
204.78693878800004,20.123264,67.468,9
204.80360414499955,20.162112,67.031,9
204.82115221399908,20.20096,66.906,9
204.83912816799966,20.239808,67.093,9
204.85719845899985,20.278655999999998,66.968,9
204.874005579999,20.317504,67.25,9
204.8911171259988,20.20096,67.0,9
204.90852330300004,20.162112,67.218,9
204.9255622699984,19.967872,66.75,9
204.94245220899938,19.890176,67.093,9
204.96086151899908,19.851328000000002,67.0,9
204.97805808999874,19.851328000000002,66.812,9
204.99483964199862,19.890176,66.75,9
205.01149472699944,19.929024000000002,66.718,9
205.0281597639987,19.967872,67.187,9
205.0445939149995,19.967872,66.937,9
205.06084978799845,20.00672,66.937,9
205.07738797399907,20.084416,67.0,9
205.09377847499854,20.123264,67.468,9
205.1099658029998,20.20096,66.906,9
205.12856682899837,20.239808,66.937,9
205.14546880099988,20.239808,66.812,9
205.162144685999,20.20096,66.968,9
205.17871733599895,20.20096,67.062,9
205.19562378799856,20.00672,66.906,9
205.21258176099946,19.967872,66.75,9
205.22959349599842,19.929024000000002,67.093,9
205.24805614999968,19.890176,67.312,9
205.26566351699876,19.967872,67.093,9
205.28397733599923,20.00672,66.812,9
205.3016656009986,20.00672,66.781,9
205.31901980899966,20.045568,66.843,9
205.3361919959989,20.045568,67.0,9
205.35376937799992,20.084416,66.968,9
205.37127946299915,20.162112,67.125,9
205.38887201299985,20.239808,66.968,9
205.40659973499896,20.278655999999998,67.25,9
205.42405925799903,20.317504,67.218,9
205.4412441179993,20.317504,66.968,9
205.45892927899877,20.162112,67.062,9
205.47617084400008,20.084416,66.718,9
205.49336200699872,19.890176,66.625,9
205.51298290199884,19.81248,67.187,9
205.53181711899924,19.81248,66.687,9
205.5522921489992,19.890176,66.875,9
205.56988198,19.929024000000002,66.968,9
205.5877273369988,19.929024000000002,67.187,9
205.60555423000005,20.00672,67.218,9
205.62352525499955,20.045568,66.906,9
205.64136555699952,20.123264,67.0,9
205.66037213099844,20.20096,66.906,9
205.67804500300008,20.239808,67.156,9
205.6951805489989,20.239808,67.062,9
205.71270848999848,20.278655999999998,67.093,9
205.73033288199986,20.162112,67.437,9
205.74766168099995,20.045568,67.031,9
205.76487559699854,20.00672,66.625,9
205.78399017399897,19.929024000000002,66.968,9
205.80088728099872,19.890176,66.937,9
205.81951733200003,19.967872,66.843,9
205.83678430599866,20.00672,67.0,9
205.8541266100001,20.045568,67.093,9
205.87167003899958,20.084416,67.375,9
205.88961763899897,20.123264,67.25,9
205.90723147099925,20.162112,66.968,9
205.92512047699893,20.239808,66.843,9
205.94355391499994,20.317504,67.0,9
205.96125171699896,20.356351999999998,67.0,9
205.9786561339988,20.356351999999998,67.218,9
205.996200779,20.278655999999998,67.312,9
206.01321609799925,20.123264,66.937,9
206.0301905519991,20.045568,67.062,9
206.0484928499991,20.00672,66.937,9
206.06552861699856,19.967872,66.75,9
206.08257763299844,20.045568,66.718,9
206.0997443469987,20.00672,66.625,9
206.1163881679986,20.00672,66.906,9
206.13352800199937,20.045568,66.875,9
206.15038046799964,20.045568,66.843,9
206.1667630009997,20.084416,66.843,9
206.18344083800002,20.123264,67.0,9
206.2004904939986,20.20096,66.906,9
206.2167278709985,20.239808,66.906,9
206.23296998399928,20.278655999999998,66.875,9
206.24951527399935,20.278655999999998,67.031,9
206.2666529959988,20.278655999999998,67.062,9
206.28387718399972,20.045568,66.937,9
206.30116595099935,20.00672,66.968,9
206.3183849549987,19.967872,66.937,9
206.33610365299864,19.929024000000002,67.187,9
206.35450358599883,19.967872,67.156,9
206.37219748299867,20.00672,66.75,9
206.38956209199932,20.045568,66.75,9
206.4072050119994,20.045568,67.031,9
206.4248323469983,20.123264,67.062,9
206.44266080799935,20.162112,67.218,9
206.46017383699837,20.20096,67.125,9
206.47933219099832,20.239808,66.875,9
206.49646434399983,20.278655999999998,67.343,9
206.51363905899962,20.317504,67.218,9
206.5307533569994,20.317504,67.0,9
206.5479237519994,20.123264,67.062,9
206.56496006299858,20.084416,66.906,9
206.58207768799912,19.967872,66.812,9
206.5989292260001,19.929024000000002,67.031,9
206.6161672069993,19.967872,67.031,9
206.6345297629996,20.00672,66.937,9
206.6509939309999,20.045568,66.875,9
206.66759186199852,20.084416,66.968,9
206.6842091210001,20.084416,67.062,9
206.70094209599847,20.045568,67.062,9
206.7174269999996,20.084416,67.093,9
206.73363551199873,20.123264,67.031,9
206.7504013839989,20.20096,66.968,9
206.7663043199991,20.239808,66.875,9
206.78258169799847,20.278655999999998,67.093,9
206.79870022399882,20.278655999999998,67.062,9
206.81597215799957,20.162112,67.156,9
206.83297358799973,20.045568,67.062,9
206.8499755619996,20.00672,66.812,9
206.86740599599943,19.929024000000002,67.093,9
206.88467850599955,19.929024000000002,67.281,9
206.9026918999989,20.00672,67.156,9
206.91927571899942,20.045568,67.062,9
206.9359679249992,20.045568,66.875,9
206.95233404099963,20.084416,67.437,9
206.96870137399856,20.123264,67.375,9
206.9852145349996,20.20096,67.25,9
207.00159431599968,20.239808,67.218,9
207.01868710899907,20.317504,67.062,9
207.0348981169991,20.317504,67.437,9
207.05124144899855,20.356351999999998,67.125,9
207.06764033499894,20.356351999999998,67.281,9
207.0844921609987,20.239808,67.406,9
207.10144690199922,20.123264,66.781,9
207.11840023500008,20.045568,66.906,9
207.13798899999892,19.967872,66.906,9
207.15675198299868,19.929024000000002,67.0,9
207.1763778379991,19.967872,66.718,9
207.19398222899872,20.00672,67.281,9
207.21163388499917,20.084416,66.875,9
207.2294143449999,20.084416,66.937,9
207.24720504499965,20.162112,67.187,9
207.26495417599835,20.20096,67.406,9
207.28403627199987,20.278655999999998,67.343,9
207.30168341599892,20.20096,66.75,9
207.31917842799885,20.162112,66.875,9
207.3368537009992,20.20096,66.875,9
207.35424995799985,20.162112,67.062,9
207.371508066999,19.967872,67.0,9
207.38889776399992,19.890176,66.906,9
207.4134279789996,19.851328000000002,67.093,9
207.4306633999986,19.851328000000002,66.906,9
207.44872940299865,19.929024000000002,67.093,9
207.4665644889992,19.967872,67.031,9
207.48371481899994,19.967872,66.843,9
207.50107174699951,20.00672,67.343,9
207.51755229899936,20.084416,67.312,9
207.5353612079998,20.123264,66.937,9
207.553150148,20.20096,67.187,9
207.5722650759999,20.278655999999998,67.031,9
207.58911434199945,20.317504,67.031,9
207.60638307599947,20.356351999999998,67.218,9
207.62337468199985,20.278655999999998,67.281,9
207.64034468699901,20.084416,67.0,9
207.6575948919999,20.045568,67.187,9
207.67550338799992,19.967872,67.25,9
207.692567443999,19.929024000000002,67.0,9
207.70932365099907,20.00672,66.75,9
207.72605832199952,20.00672,66.687,9
207.74261426799967,20.045568,67.281,9
207.75892793499952,20.084416,67.25,9
207.77545779999855,20.123264,67.0,9
207.79214523799965,20.20096,66.968,9
207.808667583,20.20096,67.437,9
207.8249301449996,20.278655999999998,67.437,9
207.84118748999936,20.317504,67.218,9
207.85714050799834,20.356351999999998,67.125,9
207.87343894199876,20.356351999999998,67.187,9
207.88993555899833,20.278655999999998,67.343,9
207.90726602199902,20.084416,67.343,9
207.92452909199892,20.00672,67.0,9
207.94162341999981,19.929024000000002,66.781,9
207.95861937900008,19.890176,66.781,9
207.9753876499999,19.929024000000002,66.843,9
207.9931587659994,19.967872,66.843,9
208.00957016399843,20.00672,66.875,9
208.02620924799885,20.045568,66.906,9
208.04306456199993,20.084416,67.5,9
208.05975849599963,20.123264,67.031,9
208.0763774199986,20.162112,66.968,9
208.09294018199944,20.239808,67.031,9
208.11016526599997,20.317504,66.937,9
208.12692771399998,20.356351999999998,67.062,9
208.14393611999913,20.317504,66.843,9
208.16050281799835,20.278655999999998,66.875,9
208.17703178800002,20.123264,67.156,9
208.19397916799971,20.045568,66.937,9
208.21093682099854,19.967872,66.718,9
208.22895933600012,19.929024000000002,67.218,9
208.24622998999985,19.929024000000002,66.968,9
208.265088655,20.00672,66.718,9
208.28159205599877,20.045568,67.25,9
208.29822870799944,20.084416,67.218,9
208.3146278489985,20.123264,67.187,9
208.33181683699877,20.162112,66.937,9
208.34832788599851,20.20096,66.937,9
208.36487176699848,20.239808,67.406,9
208.38170077699942,20.317504,67.218,9
208.3974223309997,20.317504,67.156,9
208.41380748899974,20.356351999999998,67.031,9
208.4297714179993,20.356351999999998,67.093,9
208.44558532799965,20.239808,67.468,9
208.46263005499895,20.123264,67.125,9
208.47965874999863,20.045568,66.875,9
208.4973313669998,19.929024000000002,66.906,9
208.5147770329986,19.890176,66.812,9
208.53286332599964,19.929024000000002,66.812,9
208.54932838899913,19.967872,66.781,9
208.5656294799992,20.00672,66.781,9
208.5819340909984,20.045568,66.875,9
208.5981818679993,20.084416,67.343,9
208.614503503999,20.123264,67.343,9
208.63089755699912,20.20096,67.062,9
208.64770973399936,20.239808,67.031,9
208.6634727619985,20.278655999999998,67.468,9
208.67923428599897,20.317504,67.375,9
208.69615987399993,20.317504,67.218,9
208.71255658399969,20.278655999999998,67.343,9
208.728945036999,20.084416,66.718,9
208.74596384399956,20.00672,67.218,9
208.7635568099995,19.967872,67.343,9
208.78047740599868,19.929024000000002,66.968,9
208.79702775199985,19.967872,66.75,9
208.813580946,20.00672,66.812,9
208.83011241099848,20.045568,67.218,9
208.84655091399873,20.084416,67.312,9
208.86276428999918,20.123264,67.218,9
208.87929748399984,20.20096,66.937,9
208.8957225459999,20.239808,67.531,9
208.91219173799982,20.317504,67.343,9
208.92841400999896,20.356351999999998,67.218,9
208.94442094899932,20.356351999999998,67.187,9
208.96069608699872,20.3952,67.062,9
208.97744342999977,20.356351999999998,67.562,9
208.9943727310001,20.123264,67.25,9
209.01137777699842,20.084416,66.968,9
209.0286793439991,20.045568,66.937,9
209.04586417099927,20.00672,66.843,9
209.06264757899953,20.084416,67.218,9
209.07973573199888,20.084416,66.906,9
209.09653008399982,20.00672,66.718,9
209.1132983560001,20.045568,66.812,9
209.12992233599834,20.084416,67.343,9
209.14731955299976,20.123264,66.968,9
209.16413854599887,20.162112,67.0,9
209.18151771499834,20.20096,66.937,9
209.19783771799848,20.239808,66.937,9
209.21346083799835,20.278655999999998,67.312,9
209.22930098899997,20.278655999999998,67.218,9
209.2456226559989,20.317504,67.031,9
209.2628762209988,20.162112,67.093,9
209.27894233000006,20.084416,66.718,9
209.2952699489997,20.00672,67.093,9
209.312923685,19.929024000000002,66.906,9
209.33005763099936,19.929024000000002,66.843,9
209.34912049499872,19.967872,66.968,9
209.36580949999916,20.00672,66.875,9
209.38249930599886,20.045568,67.0,9
209.3992606009997,20.084416,67.218,9
209.41591846999836,20.123264,67.187,9
209.43265006899856,20.162112,67.156,9
209.4493618589986,20.239808,67.0,9
209.4663816579996,20.278655999999998,66.968,9
209.4822361129991,20.317504,67.187,9
209.498294989,20.317504,67.093,9
209.51455726199856,20.356351999999998,67.0,9
209.53078667099908,20.20096,67.125,9
209.5477431399995,20.123264,66.718,9
209.56483433299945,20.045568,66.968,9
209.5826648739985,19.967872,67.093,9
209.59982800499893,19.967872,67.25,9
209.61819529700006,20.00672,67.125,9
209.63476423499924,20.045568,67.125,9
209.65102788500008,20.084416,67.156,9
209.66758533499888,20.123264,66.937,9
209.68416956999863,20.162112,67.343,9
209.7006363929995,20.123264,67.218,9
209.7170732959985,20.123264,67.156,9
209.7343331969987,20.20096,67.125,9
209.75021168499916,20.239808,67.062,9
209.76597612099977,20.278655999999998,67.25,9
209.78229599599945,20.278655999999998,67.281,9
209.7984800919985,20.20096,67.312,9
209.8151035589999,20.045568,66.937,9
209.83216095899843,19.967872,67.125,9
209.84938332399906,19.929024000000002,67.281,9
209.86651134899876,19.929024000000002,67.156,9
209.88340231199982,19.967872,66.968,9
209.90006514099878,20.00672,66.75,9
209.91650703599953,20.045568,67.218,9
209.93319818599957,20.084416,67.218,9
209.9497316349989,20.123264,67.187,9
209.96628802899977,20.162112,67.218,9
209.9828561989998,20.239808,67.406,9
210.00012554099885,20.317504,67.312,9
210.01637072599988,20.356351999999998,67.125,9
210.03210376899915,20.356351999999998,67.218,9
210.048394043999,20.3952,67.156,9
210.06490928499989,20.317504,67.468,9
210.08179666399883,20.162112,67.218,9
210.09885143999963,20.123264,66.656,9
210.12086840099983,19.929024000000002,67.125,9
210.13922378799907,19.929024000000002,66.937,9
210.15611465499933,19.929024000000002,67.031,9
210.17264119299944,19.929024000000002,67.0,9
210.1890074369985,19.967872,67.031,9
210.20551870999952,20.00672,67.093,9
210.2219099469985,20.045568,67.031,9
210.23834294599874,20.123264,67.062,9
210.2547031739996,20.162112,67.281,9
210.2720467579984,20.239808,67.125,9
210.28887922399917,20.278655999999998,67.093,9
210.30587175799883,20.239808,66.906,9
210.32163001699882,20.20096,66.843,9
210.33787891499924,20.20096,67.125,9
210.35428474499895,20.00672,67.187,9
210.37107189699964,19.929024000000002,66.812,9
210.3881601459998,19.851328000000002,67.125,9
210.40559797199967,19.81248,67.218,9
210.42280439999922,19.81248,66.75,9
210.44103024799915,19.890176,66.781,9
210.4574965269985,19.929024000000002,67.218,9
210.47383179499957,19.967872,67.218,9
210.49041954999848,20.00672,67.218,9
210.50706756199907,20.045568,67.0,9
210.52391692499987,20.084416,67.437,9
210.54058640999938,20.162112,67.375,9
210.55766844999926,20.239808,67.218,9
210.57385075399907,20.278655999999998,67.218,9
210.58971135199863,20.317504,66.906,9
210.60617955199996,20.317504,67.375,9
210.62338457199985,20.162112,67.5,9
210.6404794129994,20.084416,66.843,9
210.65754484499848,20.00672,66.75,9
210.67490084499877,19.967872,66.812,9
210.6922152119987,19.967872,66.968,9
210.71057642300002,20.045568,66.812,9
210.72706622299847,20.045568,66.906,9
210.74374194899974,20.084416,67.062,9
210.76038576899919,20.123264,67.156,9
210.77702955699897,20.162112,67.093,9
210.79346242799875,20.20096,67.031,9
210.81010512799912,20.278655999999998,67.187,9
210.82727190699916,20.317504,67.187,9
210.8436389519993,20.356351999999998,67.031,9
210.86056057199858,20.356351999999998,67.281,9
210.87795580499915,20.3952,67.312,9
210.8948584159989,20.123264,67.031,9
210.91204202799963,20.00672,66.781,9
210.92831943799865,19.967872,66.968,9
210.94608399299977,19.890176,67.312,9
210.96304583799974,19.851328000000002,67.093,9
210.9809529260001,19.929024000000002,66.75,9
210.99746775099993,19.967872,67.218,9
211.01409185800003,20.00672,67.25,9
211.03044914299971,20.045568,67.187,9
211.04688092499964,20.084416,67.218,9
211.06324710599984,20.123264,67.031,9
211.07961885499935,20.20096,67.312,9
211.09653570699993,20.278655999999998,67.281,9
211.1125714459995,20.278655999999998,67.312,9
211.12904943799913,20.317504,67.125,9
211.1459318569996,20.317504,67.437,9
211.1625337559999,20.162112,67.375,9
211.1789012169993,20.00672,67.031,9
211.19546026699936,19.929024000000002,66.906,9
211.21264038999834,19.890176,66.968,9
211.22982185699948,19.890176,67.375,9
211.24642333999873,19.929024000000002,67.156,9
211.26320710099935,20.00672,67.093,9
211.27986711299855,20.00672,66.843,9
211.29677577299844,20.045568,66.875,9
211.31356122899888,20.084416,67.437,9
211.33017778499925,20.123264,67.312,9
211.34666160099914,20.20096,67.0,9
211.36397443199894,20.239808,66.875,9
211.38030480299858,20.278655999999998,67.312,9
211.39623145199948,20.278655999999998,67.312,9
211.41289517699988,20.317504,67.218,9
211.42922378899857,20.239808,67.0,9
211.44608076699842,20.084416,66.875,9
211.46315586299897,20.00672,67.156,9
211.48088723299952,19.967872,67.031,9
211.49820031999843,19.851328000000002,66.781,9
211.51492587099892,19.851328000000002,66.718,9
211.53144811999846,19.929024000000002,66.906,9
211.5479314559998,19.967872,66.906,9
211.56422140999894,19.967872,66.875,9
211.5807386669985,20.00672,66.937,9
211.59711303999939,20.084416,67.0,9
211.61355682299836,20.123264,67.468,9
211.63054810899848,20.20096,67.031,9
211.6465756559992,20.239808,67.25,9
211.662100309999,20.278655999999998,66.906,9
211.6783984879985,20.278655999999998,66.812,9
211.69526893900002,20.317504,67.531,9
211.71225148899975,20.084416,67.406,9
211.72928527199838,20.045568,66.812,9
211.74634775999948,19.929024000000002,66.812,9
211.7633752389993,19.890176,66.812,9
211.78029253899876,19.929024000000002,66.906,9
211.79795808299968,19.967872,66.906,9
211.81443121099983,20.00672,66.906,9
211.8308528489997,20.00672,66.875,9
211.8473806339989,20.045568,67.093,9
211.86372617399866,20.084416,67.0,9
211.88008761899982,20.162112,67.0,9
211.8963150439995,20.239808,67.062,9
211.91357900899857,20.278655999999998,66.937,9
211.9299135409983,20.317504,67.062,9
211.94681160899927,20.317504,67.062,9
211.96433705299933,20.317504,67.093,9
211.98141122199922,20.123264,67.125,9
211.99840516399854,20.045568,67.031,9
212.01539804999993,20.00672,67.375,9
212.03274230499846,19.967872,67.093,9
212.0495229929984,20.00672,67.156,9
212.06644490100007,20.045568,67.0,9
212.08290164499886,20.084416,66.937,9
212.09925652899983,20.00672,67.156,9
212.11579817099846,20.00672,67.187,9
212.13251344899982,20.045568,67.218,9
212.15018232199873,20.084416,67.093,9
212.16673193099996,20.123264,67.281,9
212.18320333099837,20.123264,67.218,9
212.19870974399964,20.20096,67.125,9
212.21451923699897,20.20096,67.093,9
212.23089789799997,20.239808,67.0,9
212.24811152599978,20.123264,67.187,9
212.26510604399846,20.00672,67.062,9
212.28219774899844,19.967872,66.812,9
212.30080008699952,19.851328000000002,66.968,9
212.31770349899853,19.851328000000002,67.312,9
212.33548047099976,19.890176,66.812,9
212.35217549199842,19.929024000000002,66.843,9
212.368446855,19.929024000000002,66.843,9
212.38493905499854,19.967872,66.875,9
212.40144559100008,20.00672,67.375,9
212.41774274599993,20.084416,67.343,9
212.43432720499914,20.162112,67.062,9
212.4513413069999,20.20096,67.0,9
212.4682122059985,20.278655999999998,67.437,9
212.48464878899904,20.278655999999998,66.968,9
212.5021915139987,20.278655999999998,67.031,9
212.5196680609988,20.20096,67.093,9
212.53666885099847,20.045568,66.875,9
212.55369812199933,20.00672,66.781,9
212.572393552,19.929024000000002,67.25,9
212.58973998299916,19.890176,67.125,9
212.60803421699893,19.967872,66.781,9
212.62464699699922,20.00672,67.281,9
212.6410689229997,20.045568,67.343,9
212.65726034699946,20.045568,67.187,9
212.67384438999943,20.084416,67.156,9
212.6902722679988,20.162112,67.187,9
212.706566543,20.123264,67.312,9
212.72396689599918,20.162112,67.218,9
212.7398675280001,20.239808,67.125,9
212.75589024299916,20.239808,67.187,9
212.77242461999958,20.278655999999998,67.093,9
212.7896723929989,20.20096,67.5,9
212.80662818999917,20.00672,67.125,9
212.8237209509989,19.967872,66.718,9
212.8420133290001,19.890176,66.968,9
212.85877718499978,19.890176,67.406,9
212.87575259799996,19.929024000000002,66.812,9
212.89220790099898,20.00672,66.843,9
212.9085308169997,20.00672,66.812,9
212.92506976999903,20.045568,66.906,9
212.94168014999923,20.084416,67.437,9
212.95807237899862,20.162112,67.437,9
212.9745640029996,20.239808,67.062,9
212.99183779299892,20.278655999999998,66.937,9
213.0085251019991,20.317504,67.437,9
213.02496763699855,20.317504,66.968,9
213.04211195099924,20.356351999999998,67.062,9
213.05937601299956,20.239808,67.125,9
213.07643568499952,20.084416,66.906,9
213.0934975329983,20.045568,66.75,9
213.11196389999895,19.929024000000002,67.25,9
213.1291920879994,19.929024000000002,67.156,9
213.14612842799943,19.967872,66.75,9
213.16499390999888,20.00672,67.281,9
213.18236824699852,20.00672,66.937,9
213.19990396399953,20.045568,67.0,9
213.21754173199952,20.084416,67.187,9
213.235319247,20.123264,67.093,9
213.25285381199865,20.162112,67.062,9
213.27031288699982,20.239808,67.312,9
213.28750696299903,20.278655999999998,67.187,9
213.30514405899885,20.20096,66.75,9
213.32292931899974,20.20096,67.375,9
213.34059841499948,20.084416,67.187,9
213.35787796499972,19.967872,66.718,9
213.375465875999,19.851328000000002,66.812,9
213.39536965799925,19.773632000000003,67.406,9
213.41393465199872,19.773632000000003,66.906,9
213.43421210899942,19.851328000000002,67.031,9
213.45178565099923,19.890176,67.093,9
213.4695093729988,19.929024000000002,67.468,9
213.4876686589996,19.967872,67.312,9
213.50583066499894,20.00672,67.031,9
213.52370901599897,20.084416,67.156,9
213.54287498599842,20.123264,67.093,9
213.5613591450001,20.20096,67.375,9
213.5787887789993,20.20096,67.218,9
213.59634548899885,20.239808,66.937,9
213.61366647999967,20.084416,67.093,9
213.63082487499923,20.00672,67.218,9
213.64809776799848,19.890176,66.812,9
213.66636768199896,19.851328000000002,67.218,9
213.68539127999975,19.890176,66.812,9
213.70503963099873,19.929024000000002,66.781,9
213.7224908979988,19.967872,66.937,9
213.74004504799996,20.00672,66.937,9
213.75790970199887,20.045568,67.187,9
213.77586245399834,20.084416,67.218,9
213.79391597799986,20.162112,67.5,9
213.81306297099945,20.20096,67.031,9
213.83135234099973,20.239808,66.937,9
213.84946752999895,20.278655999999998,67.093,9
213.8666334769987,20.317504,67.093,9
213.88409482399948,20.162112,67.468,9
213.90123993799898,19.967872,66.906,9
213.9184804789984,19.890176,66.562,9
213.93795944999874,19.81248,67.031,9
213.9567826579987,19.773632000000003,67.187,9
213.97673392999968,19.851328000000002,67.031,9
213.9943382249985,19.890176,66.843,9
214.0120959959986,19.929024000000002,66.843,9
214.0299087129988,20.00672,67.125,9
214.04765061199942,20.045568,67.093,9
214.06516872799875,20.123264,67.218,9
214.08412547699845,20.20096,67.187,9
214.1016435929996,20.239808,67.343,9
214.11924087999978,20.239808,67.218,9
214.13672270699863,20.278655999999998,66.968,9
214.15509633599868,20.162112,67.218,9
214.17330304699863,20.045568,66.906,9
214.19073680899965,19.967872,66.968,9
214.20993010799975,19.851328000000002,66.968,9
214.22951720999845,19.851328000000002,67.031,9
214.24914476099912,19.929024000000002,67.0,9
214.266668156999,19.967872,67.218,9
214.2844189519983,20.00672,67.218,9
214.30226709399903,20.045568,67.0,9
214.3202194309997,20.123264,67.0,9
214.33805006799957,20.162112,67.187,9
214.3565246269991,20.239808,67.125,9
214.37377307199858,20.278655999999998,67.156,9
214.39109009499953,20.278655999999998,67.156,9
214.40877400799945,20.317504,67.468,9
214.42604654999923,20.239808,67.5,9
214.44323544100007,20.084416,67.125,9
214.46049326199864,20.00672,66.718,9
214.47952770899974,19.967872,67.125,9
214.49854650699854,19.929024000000002,67.093,9
214.51808234300006,19.929024000000002,66.812,9
214.53590837199954,19.967872,66.843,9
214.55343141699996,20.00672,66.968,9
214.5713476889996,20.00672,67.093,9
214.5889710880001,20.084416,67.0,9
214.6063399199993,20.123264,67.156,9
214.6250165649999,20.20096,67.0,9
214.642727774999,20.239808,67.468,9
214.66000290899865,20.278655999999998,67.406,9
214.6777073659996,20.317504,66.968,9
214.6955810769996,20.239808,67.062,9
214.7127843369999,20.045568,66.875,9
214.7300348939989,20.00672,66.906,9
214.74812211399876,19.929024000000002,67.406,9
214.76686109599905,19.929024000000002,66.843,9
214.78515542599962,20.00672,66.781,9
214.80316616399978,20.045568,66.968,9
214.82063746399945,20.045568,66.968,9
214.83823398200002,20.084416,67.281,9
214.85602090599969,20.123264,67.218,9
214.87445949599896,20.162112,67.5,9
214.89247161099956,20.239808,67.125,9
214.9104835649996,20.317504,67.0,9
214.92834345099982,20.356351999999998,67.218,9
214.94615747899843,20.356351999999998,67.125,9
214.96384756899897,20.317504,67.5,9
214.98104381999838,20.123264,67.187,9
214.99828365699977,20.045568,66.968,9
215.01653404999888,20.00672,67.0,9
215.03552471900002,19.967872,67.0,9
215.05387153099946,20.045568,67.125,9
215.07184271599908,20.045568,67.125,9
215.0893371839993,20.084416,67.156,9
215.10685411599843,20.00672,67.312,9
215.1246488479992,20.045568,67.281,9
215.14252038299855,20.123264,67.093,9
215.16095554899948,20.20096,67.156,9
215.17850969799838,20.239808,67.031,9
215.19583708899881,20.278655999999998,67.25,9
215.21359181999833,20.278655999999998,67.218,9
215.23079997599962,20.317504,67.156,9
215.24810298299963,20.123264,67.062,9
215.26527648199954,20.045568,67.281,9
215.28252812699975,19.929024000000002,66.968,9
215.30103961499844,19.890176,66.843,9
215.31880509799885,19.929024000000002,66.75,9
215.34901188599906,20.123264,67.25,9
215.37506668700007,20.239808,66.906,9
215.39237442899866,20.239808,67.0,9
215.40895274399918,20.278655999999998,66.875,9
215.4252599470001,20.356351999999998,67.375,9
215.44188619899978,20.3952,66.968,9
215.45963344199845,20.434047999999997,67.0,9
215.4760247109989,20.434047999999997,67.125,9
215.49357943699943,20.472896000000002,67.093,9
215.51089786800003,20.3952,67.187,9
215.5281947939984,20.20096,67.062,9
215.54531120299907,20.123264,67.0,9
215.5632455549985,20.084416,67.031,9
215.58058798699858,20.045568,67.312,9
215.59730371299884,20.123264,67.156,9
215.61410433799938,20.162112,67.093,9
215.6309617959996,20.162112,66.937,9
215.6476260649997,20.162112,67.5,9
215.66415810699982,20.20096,67.437,9
215.68053238299944,20.278655999999998,67.437,9
215.69707863299845,20.317504,67.0,9
215.7142490919996,20.278655999999998,66.812,9
215.7304224669988,20.317504,67.406,9
215.74612949399852,20.317504,67.343,9
215.7626825919997,20.356351999999998,67.218,9
215.77986476299884,20.356351999999998,67.281,9
215.79689940999924,20.162112,66.812,9
215.8138991759988,20.084416,67.156,9
215.8309277749995,20.00672,67.0,9
215.84819692499877,19.967872,66.875,9
215.86494285999834,20.00672,66.781,9
215.88189740899907,20.084416,67.343,9
215.89831088699975,20.084416,67.218,9
215.914683084,20.084416,67.0,9
215.93130453599952,20.162112,67.062,9
215.9480114299986,20.20096,67.0,9
215.96442154799843,20.239808,67.531,9
215.9809076040001,20.317504,67.125,9
215.99783296799978,20.356351999999998,67.0,9
216.01409588099887,20.3952,67.0,9
216.03050561499913,20.3952,66.937,9
216.0474957489987,20.3952,67.562,9
216.06456095699832,20.162112,66.968,9
216.08159125199927,20.123264,66.843,9
216.09854967299907,20.045568,66.937,9
216.11571174799974,20.00672,67.031,9
216.13234971199927,20.084416,66.875,9
216.1495661559984,20.123264,66.875,9
216.16667594199862,20.162112,67.093,9
216.18400166899846,20.123264,67.125,9
216.2009478659984,20.123264,67.031,9
216.21850015899872,20.162112,67.343,9
216.23656277099872,20.239808,67.062,9
216.2544603539991,20.278655999999998,67.0,9
216.27318496799853,20.317504,67.031,9
216.2908663849994,20.356351999999998,67.062,9
216.3082276969999,20.3952,67.312,9
216.3255082709984,20.239808,67.25,9
216.34269319399937,20.00672,67.031,9
216.35987146099978,19.929024000000002,67.156,9
216.37709766599983,19.890176,67.156,9
216.39419445899875,19.851328000000002,67.062,9
216.41094052199878,19.890176,66.812,9
216.42755842099905,19.929024000000002,67.281,9
216.4441658249998,19.967872,67.218,9
216.46049161999872,20.00672,67.187,9
216.47717019399897,20.045568,67.218,9
216.4937596439995,20.084416,67.031,9
216.51035517499986,20.123264,67.406,9
216.52710187899902,20.20096,67.25,9
216.54393267999876,20.239808,67.25,9
216.56089650899958,20.278655999999998,67.0,9
216.57773012699909,20.317504,67.5,9
216.59494529099902,20.278655999999998,67.5,9
216.61187539099956,20.084416,66.968,9
216.62894543199945,20.00672,66.843,9
216.64618456399876,19.967872,66.968,9
216.66336516799856,19.929024000000002,67.0,9
216.68008902199836,20.00672,66.843,9
216.69781059999877,20.045568,66.875,9
216.7144194759985,20.084416,67.093,9
216.7322863699992,20.123264,67.062,9
216.74992032999944,20.162112,67.437,9
216.76759896299882,20.20096,67.312,9
216.78504786099984,20.239808,67.031,9
216.8028887069995,20.317504,67.0,9
216.82049840999935,20.356351999999998,67.062,9
216.8382707410001,20.356351999999998,67.031,9
216.8552450669995,20.3952,67.0,9
216.87243462999868,20.239808,67.281,9
216.889425723999,20.162112,66.968,9
216.90639819399985,20.045568,67.218,9
216.924370626999,20.00672,67.25,9
216.9411750909985,20.00672,67.125,9
216.95763913099836,20.045568,66.968,9
216.9743907939992,20.084416,67.0,9
216.9909081149999,20.084416,67.312,9
217.00749023799835,20.123264,67.281,9
217.02427924599942,20.162112,67.218,9
217.04077758999847,20.20096,67.187,9
217.0569864549998,20.278655999999998,67.468,9
217.07408811200003,20.317504,67.375,9
217.09055451899985,20.356351999999998,67.218,9
217.10691775599844,20.356351999999998,67.187,9
217.12315862099967,20.3952,67.156,9
217.14059417499993,20.239808,67.531,9
217.15760658199906,20.123264,67.187,9
217.1741303989984,20.084416,66.656,9
217.1924761219998,20.00672,66.906,9
217.20954888199958,19.967872,67.281,9
217.22596175199942,20.00672,67.125,9
217.2426387259984,20.045568,66.812,9
217.25917691099858,20.045568,66.906,9
217.27573887299877,20.084416,67.562,9
217.29220665699904,20.123264,67.375,9
217.30840595299924,20.20096,67.343,9
217.32501335599954,20.239808,67.0,9
217.34246846299902,20.317504,67.031,9
217.35878606599908,20.356351999999998,67.437,9
217.37519131999943,20.356351999999998,67.406,9
217.3921741260001,20.317504,67.031,9
217.40923002099953,20.278655999999998,67.062,9
217.4264921949998,20.084416,66.875,9
217.44354162599848,20.045568,66.843,9
217.46118924999973,20.00672,67.062,9
217.47793969799932,20.00672,66.937,9
217.49436539999988,20.00672,66.843,9
217.5108912329997,19.967872,66.843,9
217.5272588859989,19.967872,66.843,9
217.54372644499927,19.967872,66.937,9
217.5602759909998,20.00672,67.0,9
217.57722839599955,20.084416,67.0,9
217.59356171199943,20.162112,67.218,9
217.61085604599975,20.239808,67.062,9
217.6272065459998,20.278655999999998,67.062,9
217.64356264699927,20.317504,66.937,9
217.66031110999938,20.317504,67.156,9
217.67755459499858,20.317504,67.218,9
217.69454165699972,20.123264,67.156,9
217.71160104099908,20.045568,67.062,9
217.72864909599957,19.967872,67.156,9
217.74581869099893,19.967872,66.968,9
217.76321600399933,20.00672,67.281,9
217.77992664199883,20.045568,67.125,9
217.7965047009984,20.045568,67.093,9
217.8133380299987,20.084416,67.125,9
217.8299786509997,20.123264,67.5,9
217.8467258339988,20.162112,67.343,9
217.8630596619987,20.239808,67.25,9
217.8797543949986,20.278655999999998,67.218,9
217.89608281499932,20.356351999999998,67.125,9
217.91228291099833,20.356351999999998,67.062,9
217.92861571499998,20.3952,67.343,9
217.94508141799997,20.356351999999998,67.312,9
217.96147825599837,20.162112,67.218,9
217.97848950999833,20.084416,67.031,9
217.99550457299847,20.00672,67.312,9
218.01261170199905,20.00672,67.218,9
218.02894690599896,20.045568,67.125,9
218.04536678399927,20.084416,67.0,9
218.06176240599962,20.123264,67.031,9
218.0780318799989,20.123264,67.312,9
218.09461499399913,20.162112,67.25,9
218.11098719099937,20.162112,67.156,9
218.12778455199987,20.162112,67.187,9
218.14423377499952,20.20096,67.031,9
218.16094495699872,20.239808,67.25,9
218.17729302499902,20.278655999999998,67.218,9
218.1934635839989,20.278655999999998,67.093,9
218.2097153300001,20.239808,67.062,9
218.22594909100007,20.162112,67.218,9
218.2430957409997,20.00672,67.125,9
218.2601486609983,19.967872,66.843,9
218.27708087299834,19.929024000000002,67.125,9
218.29387365799994,19.929024000000002,67.062,9
218.31016751599964,19.967872,67.187,9
218.32867007599998,20.00672,67.093,9
218.34608230199956,20.045568,66.937,9
218.36369949299842,20.045568,67.531,9
218.381367598,20.084416,67.062,9
218.39899406899895,20.123264,67.062,9
218.4163190599993,20.20096,67.187,9
218.43415542599905,20.239808,67.156,9
218.45140524699855,20.278655999999998,67.093,9
218.4688902099988,20.278655999999998,67.406,9
218.48638774999927,20.317504,67.25,9
218.50363917100003,20.123264,66.968,9
218.52092009699845,20.045568,67.218,9
218.5381308449996,19.967872,67.0,9
218.55632283699924,19.967872,66.875,9
218.57454122799936,20.00672,67.031,9
218.5924838689989,20.045568,67.031,9
218.60981545199866,20.084416,67.25,9
218.627533253999,20.123264,67.218,9
218.64531364999857,20.162112,67.125,9
218.6630229399998,20.20096,67.031,9
218.6806917799986,20.278655999999998,67.125,9
218.69874811999944,20.317504,67.062,9
218.71638118400006,20.278655999999998,67.031,9
218.7336934699997,20.239808,67.156,9
218.751194561999,20.278655999999998,67.437,9
218.76870931899975,20.162112,67.562,9
218.7858603529985,20.045568,67.125,9
218.80301842799963,19.967872,66.687,9
218.82240520399864,19.929024000000002,67.093,9
218.8399514169996,19.890176,67.25,9
218.85950386199875,19.967872,67.156,9
218.87689650299944,20.00672,67.062,9
218.89457513599882,20.045568,67.0,9
218.9119744009986,20.045568,67.468,9
218.9296911149995,20.123264,67.187,9
218.94735710799978,20.20096,67.156,9
218.96537712699865,20.239808,67.187,9
218.9826985339987,20.317504,67.093,9
219.00015712799905,20.317504,67.312,9
219.01758865099873,20.356351999999998,67.281,9
219.03485568799988,20.278655999999998,67.343,9
219.0519996819985,20.084416,66.906,9
219.06917161299862,20.045568,67.218,9
219.08802839099917,20.00672,67.156,9
219.10554189899995,19.967872,67.187,9
219.1234751309985,20.045568,67.0,9
219.14125130299908,20.084416,67.0,9
219.15865408799982,20.084416,67.343,9
219.1767630689992,20.123264,67.187,9
219.19449165599872,20.123264,66.937,9
219.21217582499958,20.123264,67.125,9
219.23012268899947,20.20096,67.062,9
219.2475915879986,20.278655999999998,67.375,9
219.26519994699993,20.278655999999998,67.187,9
219.2825315309983,20.317504,67.187,9
219.30037163999987,20.317504,67.531,9
219.31758485199862,20.123264,67.406,9
219.33482904099947,19.967872,66.968,9
219.35190333699938,19.890176,66.75,9
219.37085835799917,19.851328000000002,66.937,9
219.38871078699958,19.81248,67.187,9
219.40737159199853,19.890176,67.125,9
219.42493278099937,19.929024000000002,67.062,9
219.4425998939987,19.929024000000002,66.906,9
219.4604164509983,20.00672,67.062,9
219.47853093599952,20.045568,67.093,9
219.49619811199955,20.123264,67.25,9
219.51450754699908,20.20096,67.187,9
219.53179266499865,20.239808,67.5,9
219.54910296799972,20.278655999999998,67.375,9
219.56664041299882,20.278655999999998,67.343,9
219.58416595299968,20.162112,67.093,9
219.60135794899907,20.045568,66.843,9
219.6185131429993,20.00672,66.781,9
219.63761786399846,19.929024000000002,67.062,9
219.65512999599923,19.967872,67.187,9
219.6748567499999,20.00672,66.812,9
219.69267762699928,20.045568,67.375,9
219.70996652099893,20.045568,67.031,9
219.72775194099995,20.084416,67.156,9
219.74569438899925,20.162112,67.343,9
219.76334313299958,20.20096,67.468,9
219.78203321799992,20.278655999999998,67.312,9
219.79939936299888,20.317504,67.25,9
219.81686346199967,20.317504,66.968,9
219.83446244399966,20.356351999999998,67.031,9
219.85228908099998,20.239808,67.218,9
219.86943883599997,20.084416,66.875,9
219.88655633300004,20.045568,67.031,9
219.9058773479992,19.967872,67.25,9
219.9236796319983,19.851328000000002,67.281,9
219.94261401199947,19.929024000000002,66.843,9
219.96073729699856,19.967872,66.906,9
219.97837583299952,20.00672,67.125,9
219.9961254760001,20.00672,67.125,9
220.0139753129988,20.084416,67.343,9
220.03187798499857,20.123264,67.125,9
220.0501250489997,20.20096,67.062,9
220.06767833499907,20.239808,67.031,9
220.0853190149992,20.278655999999998,67.062,9
220.10290276499836,20.278655999999998,67.218,9
220.1204545469991,20.239808,67.312,9
220.13767051099967,20.045568,67.093,9
220.15484720999848,20.00672,67.218,9
220.17386082399935,19.967872,67.093,9
220.19184445700012,19.929024000000002,66.906,9
220.20999132699944,19.929024000000002,66.906,9
220.22808331499982,19.967872,66.937,9
220.24554680599977,20.00672,67.281,9
220.26295992799896,20.045568,67.25,9
220.28055014299935,20.084416,67.031,9
220.29840532399976,20.162112,67.0,9
220.31596072199864,20.20096,67.156,9
220.33356943299987,20.278655999999998,67.062,9
220.35096604199862,20.278655999999998,67.062,9
220.36846396599867,20.317504,67.218,9
220.38602601999992,20.317504,66.968,9
220.40363188299852,20.123264,67.437,9
220.42085120699994,20.045568,67.125,9
220.4380826279994,19.929024000000002,66.843,9
220.4565311059996,19.890176,66.906,9
220.4746346469983,19.929024000000002,66.906,9
220.49333090799882,20.00672,67.156,9
220.51130154899874,20.045568,67.031,9
220.52907871299976,19.929024000000002,66.906,9
220.54719166199902,20.00672,67.437,9
220.56524720099878,20.084416,67.125,9
220.5832768199998,20.123264,66.968,9
220.60095058799925,20.20096,67.187,9
220.61881252199964,20.239808,67.062,9
220.63614407399837,20.278655999999998,67.312,9
220.653684719,20.278655999999998,67.281,9
220.67133803899924,20.162112,67.093,9
220.68858801999886,20.045568,66.718,9
220.70585038599893,20.00672,66.875,9
220.72466447399893,19.967872,67.093,9
220.7422993299988,19.967872,67.125,9
220.76111876199866,20.00672,67.031,9
220.77866094399906,20.045568,67.312,9
220.79638021799838,20.084416,67.093,9
220.81456702499963,20.123264,67.093,9
220.83263241999884,20.162112,67.218,9
220.85040529599974,20.239808,67.531,9
220.86991204399965,20.278655999999998,67.312,9
220.88761074099966,20.317504,67.062,9
220.9050993209985,20.317504,66.968,9
220.9224345519997,20.356351999999998,66.968,9
220.93983602599837,20.20096,67.25,9
220.95700619599847,20.123264,66.875,9
220.97443647099863,20.00672,67.031,9
220.99321801399856,19.967872,67.218,9
221.0107714279984,19.967872,67.343,9
221.02954500299893,20.045568,66.906,9
221.04710327999965,20.084416,66.843,9
221.06454094699984,20.084416,67.125,9
221.08257190899894,20.123264,67.218,9
221.10062514499987,20.20096,67.531,9
221.11838240399993,20.162112,67.187,9
221.13732036799956,20.239808,67.062,9
221.15477502699832,20.278655999999998,66.875,9
221.17281008499958,20.278655999999998,67.125,9
221.19095589899916,20.317504,66.937,9
221.20818933599912,20.239808,67.281,9
221.2254822619998,20.00672,67.031,9
221.2428485349992,19.929024000000002,67.125,9
221.26113879999866,19.890176,67.343,9
221.27876930399907,19.890176,67.093,9
221.29666314299902,19.929024000000002,66.843,9
221.314541972999,20.00672,67.031,9
221.33187550899856,20.00672,67.0,9
221.3501691349993,20.045568,67.312,9
221.3677967579988,20.084416,67.25,9
221.38549654399867,20.162112,66.968,9
221.40298381199864,20.162112,67.406,9
221.42076907199953,20.239808,67.0,9
221.43805063799846,20.278655999999998,66.968,9
221.45544180699835,20.278655999999998,67.156,9
221.47298971599957,20.317504,67.187,9
221.4902290409991,20.123264,67.218,9
221.5074994379993,20.045568,67.125,9
221.52493563299868,19.967872,67.125,9
221.54313175199968,19.967872,67.406,9
221.5614046089995,19.967872,66.906,9
221.5797856299996,20.045568,66.906,9
221.5974488060001,20.084416,67.125,9
221.61512996700003,20.084416,67.125,9
221.63287135399878,20.123264,67.5,9
221.650710119,20.20096,67.406,9
221.66809994399955,20.239808,67.062,9
221.68602155999906,20.317504,67.062,9
221.70389165399865,20.356351999999998,67.125,9
221.7213026319987,20.278655999999998,66.968,9
221.73886782199952,20.239808,67.218,9
221.75671634699938,20.162112,67.312,9
221.77388770199832,20.00672,67.0,9
221.7910301289994,19.967872,67.125,9
221.80965707599898,19.929024000000002,67.375,9
221.82717490399955,19.929024000000002,67.093,9
221.84683154399863,19.967872,67.031,9
221.86429173899887,20.045568,67.0,9
221.88199904499925,20.045568,67.218,9
221.89988472299956,20.084416,67.25,9
221.91804826599946,20.162112,66.968,9
221.93576462799865,20.20096,67.187,9
221.95452943499913,20.239808,67.156,9
221.9718723779988,20.278655999999998,67.218,9
221.98911135099843,20.317504,67.218,9
222.0065647299998,20.317504,67.187,9
222.02409948700006,20.20096,67.531,9
222.0412220399994,20.084416,67.218,9
222.0583600179998,20.00672,66.687,9
222.07597816999987,19.689472000000002,66.218,9
222.0930565939998,19.26144,66.5,9
222.11009264899985,18.833408,65.968,9
222.12713484899905,18.474624,65.843,9
222.14426082599857,18.084864000000003,65.75,9
222.16130945799887,17.695104,65.75,9
222.1784072749997,17.372799999999998,65.75,9
222.19619154299835,17.06048,65.968,9
222.2138797439984,16.70912,65.781,9
222.23118876699846,16.384576000000003,65.718,9
